1,-2,-1.67906303438809,2.32459989967938,0.738008075254856,0.933075622607057,2.20142395578142,0.313718080859667,0.0479741690523321,0.0750897119159957,0.096096446162353,0.160199255569788,3506.67988797854,1,1
2,-2,-1.94495099079374,2.33339629170633,0.775030779874112,0.855756518775898,2.1630174982019,0.374520508343059,0.0463334615668846,0.0725983795293434,0.100897650164133,0.16103781945959,3551.36750242678,1,1
3,-2,-2.18375467692957,2.34720211861265,0.758987653967502,1.01697495617418,1.93720048370764,0.395782169911788,0.048379992423781,0.0751161425101011,0.100032340287902,0.163789594629178,3576.68113869706,1,1
4,-2,-2.34620514570688,2.27985467446179,0.833882844242613,1.03751372047081,1.89574528074809,0.429666243567439,0.0478714060003453,0.076641963637748,0.0955573040055037,0.155842132159504,3514.35444830541,1,1
5,-2,-2.31743432835406,2.34805938516525,0.738857205083169,0.942967474012441,2.07007575774391,0.431922065733785,0.0477182089740611,0.0752915215874944,0.100071341829626,0.160757286825233,3535.75348242317,1,1
6,-2,-2.29161132414084,2.35358737505542,0.742028136732374,0.87805685905357,2.13967555997053,0.420225408570535,0.0460528517552678,0.0724311150466997,0.101927330989104,0.163533417036973,3545.78075411789,1,1
7,-2,-1.52172065756044,2.13641331382789,1.06210291599937,1.08397945052001,1.95517197899081,0.282713741076227,0.0521066138326163,0.0787761179137789,0.0963847191512674,0.156145200158734,3560.57943219977,1,1
8,-2,-2.54822241912144,2.3840831698395,0.724451720316042,0.903774854953711,2.02443373681257,0.500069020257376,0.0452553789457359,0.0712931515225614,0.100549253669986,0.159646223484023,3579.00274011094,1,1
9,-2,-3.10831701771447,2.4256912881789,0.632973537758323,1.0627335129708,1.81022374556457,0.652594081040493,0.0470976304935426,0.0748231205112641,0.0955813462730764,0.158175767133367,3571.63108585702,1,1
10,-2,-1.81366422907355,2.28195521681877,0.880865720069119,1.12181125882189,1.95432327359895,0.307815441456194,0.0508580796084216,0.0776348827149991,0.0967853334667373,0.157166219556249,3584.93588128377,1,1
11,-2,-1.60436791551616,2.32040415540642,0.729081162256174,0.84448583162155,2.23353214471501,0.292249224252593,0.0480585056344882,0.0773524267259593,0.105652491588134,0.169336276911091,3518.00362676557,1,1
12,-2,-1.65930793493562,2.39282614015602,0.727925496578726,0.994841674294308,2.07646843306769,0.304247852450577,0.0470175319163575,0.0750739535426928,0.0989193034443591,0.165670416435227,3589.18966654609,1,1
13,-2,-1.92665274246893,2.30850876654179,0.817294828249861,1.14568318896706,1.82956348251357,0.351765884943906,0.050274378157604,0.0774140099973046,0.0959349005631763,0.158238791621975,3570.57112701926,1,1
14,-2,-1.07286478039874,2.29072417387214,0.840610269265049,0.939148613511287,2.3141316701576,0.219684816445925,0.0473287320774316,0.0745293995652517,0.0988660047246349,0.168082667771763,3524.42930775516,1,1
15,-2,-2.59310933728224,2.38458615863954,0.716750750315023,1.0841695174187,1.72738753313055,0.493527674062297,0.049106281590551,0.0757227330461059,0.100453444589643,0.160136412763696,3587.54022034148,1,1
16,-2,-2.27990415533166,2.28420343325244,0.876817486730919,0.915420489180942,2.12447789910168,0.424208190978215,0.048879170067874,0.0756203454235817,0.100578973355074,0.166598199976418,3533.38201325268,1,1
17,-2,-1.90682654143497,2.28901896104124,0.81423858112448,1.00124358553565,2.1081527414265,0.336048963832883,0.0494945839821654,0.078098418717114,0.0986063393430881,0.16207315566981,3532.67383618282,1,1
18,-2,-2.61805225563454,2.30919526601012,0.794228082145082,0.990628662263255,1.92382128413135,0.510145115401466,0.0474154110380524,0.074454745440733,0.0978124047309134,0.158777318030703,3549.1958042727,1,1
19,-2,-2.44628301911385,2.23688071630354,0.847664051597158,0.994232918851706,1.9871992441672,0.461870973812434,0.0504586250416489,0.0776250418247702,0.0961028480215023,0.157007778547513,3499.04387356373,1,1
20,-2,-2.37923253841427,2.25842246203958,0.822891130106979,0.989522397016214,1.91348967605779,0.458425740895026,0.0481302930831256,0.0746732967504792,0.096460127439841,0.160550153444905,3491.65454990456,1,1
21,-2,-2.64816634326168,2.30372446430378,0.811172989367493,0.932886081488756,1.95735162416791,0.511376916894573,0.0487055215983605,0.0751877115539761,0.100105915414186,0.155209879347116,3567.2405233078,1,1
22,-2,-2.39009538230778,2.29262470127456,0.767386656494711,1.10874778504864,1.7226116918963,0.451045105411089,0.0488326723841203,0.0790828644846467,0.0945768621890754,0.152815568928499,3516.28997749728,1,1
23,-2,-1.91118196526368,2.28761283410411,0.827264652725011,1.15455467515749,1.81606609406784,0.34557238504092,0.0502817656396195,0.0778591708245811,0.0959279829156089,0.155662876524178,3559.03248769339,1,1
24,-2,-1.69769642496268,2.19433512180104,0.973750490907969,0.855273966621076,2.29332691705399,0.299052103748905,0.0495203064413856,0.0760184011551982,0.101431658297403,0.167399939158603,3480.02627980158,1,1
25,-2,-2.21521990604571,2.36145482229198,0.688347232338664,0.699947214275116,2.37949466148035,0.414955462713723,0.0453713758957802,0.070980382051433,0.105521896059988,0.168714471635836,3495.92710682214,1,1
26,-2,-1.93603229026866,2.30773603349519,0.736390411864514,1.02943808663275,2.03640497620751,0.348465278713131,0.0492078650611258,0.0777336907710445,0.0946017240005641,0.155445737521818,3498.31642416221,1,1
27,-2,-1.50412069177282,2.24860638463338,0.890338642745452,0.896299067774105,2.24152092947614,0.272859027115,0.0492231657262848,0.074463327418704,0.10179942957364,0.165795909985961,3524.69271222446,1,1
28,-2,-1.31311162103518,2.27108807838342,0.782359111359677,0.912963873544431,2.17140332903697,0.246433020244762,0.0474462900510267,0.0766118345396656,0.103523623411679,0.169661806466602,3515.81783156537,1,1
29,-2,-1.64677256955027,2.28602521926351,0.778533618761015,1.0645280418922,1.97645165876259,0.304157813537924,0.048790686886647,0.0770724631650806,0.0966942671682277,0.157185338519649,3525.03096194675,1,1
30,-2,-2.03048927961817,2.3086912113192,0.771983146020786,1.02044838261204,1.91711788171288,0.400444149452454,0.0461321542402691,0.0736102044668677,0.0972795164180915,0.160569534878873,3536.29500192866,1,1
31,-2,-1.85939145018734,2.3540170765418,0.750773154204949,0.811410111862256,2.33011720599847,0.335207875759981,0.0470850197337318,0.0730901930466453,0.102964301375868,0.168230328483443,3548.7055070602,1,1
32,-2,-1.66438174224008,2.26070454414389,0.794479112340162,0.832984207560013,2.31944076522063,0.304671555460155,0.04669339649245,0.0751992271475697,0.103220527401183,0.174948082104405,3470.62950141667,1,1
33,-2,-2.11128191037762,2.29558125460661,0.843029025993502,1.15465924244661,1.75229576318582,0.389490062016736,0.0490063434900182,0.077704874777126,0.0972551103806583,0.159419576572179,3567.55884114481,1,1
34,-2,-2.06340358792338,2.2485445057993,0.880063553437924,0.917274673092253,2.13726278632018,0.379034432700837,0.0491956821611505,0.0764573779097968,0.0993246066054018,0.160857293543173,3529.76120976784,1,1
35,-2,-1.68387040232271,2.34711152477144,0.771271281295824,1.09513910258216,1.97018978724866,0.299031166126067,0.0503144607518969,0.0775896793382249,0.0976959403136652,0.154350395201123,3612.49954806528,1,1
36,-2,-1.44616920865475,2.24783398243024,0.85615238676199,1.01378058413615,2.00105908999569,0.280967637391087,0.0500899962729591,0.0783043216961227,0.0966040655541371,0.162937741352848,3524.35841827098,1,1
37,-2,-1.77066859185472,2.37929903415222,0.64797218213192,1.04417814125116,1.97144382549182,0.323813704580218,0.0461896141222243,0.0754649917564072,0.0983901078151182,0.163556100437898,3545.37419682183,1,1
38,-2,-2.325870865824,2.30547013096226,0.779483382506621,0.902972968490555,2.12944972233287,0.411379752765737,0.0476030286327576,0.0765223443719899,0.0992421652959246,0.158642227039163,3524.78738497464,1,1
39,-2,-2.03312063486106,2.29188289507305,0.84920549196508,0.997450760091795,2.08397549757471,0.355301153576764,0.0479212531089968,0.0749274848973176,0.0951737124434527,0.15543121961948,3538.40531037035,1,1
40,-2,-2.24807732540484,2.35397280521931,0.729269075518835,0.929233059253818,2.00506159079043,0.437641990063097,0.0469417761376809,0.0730425268631966,0.099573336903484,0.161599044757868,3577.07025291884,1,1
41,-2,-1.47307160754605,2.29993121629965,0.821867534237668,1.02404221371738,2.10467570025087,0.264863327863623,0.0498770904225474,0.0783430495269423,0.0991851843726258,0.159809659203675,3586.09690329797,1,1
42,-2,-1.97615993577772,2.27087464224209,0.878894799220196,0.933796363373815,2.10347637467496,0.355553360891097,0.0467656253193901,0.0735483040001276,0.0997293144816419,0.160951522156609,3524.46406295185,1,1
43,-2,-2.0590326843927,2.29876672537022,0.803854629014333,0.902379007813021,2.06892430272672,0.402808733997324,0.0471497039441476,0.0736891148442542,0.101425798711995,0.164399621654311,3521.40251351059,1,1
44,-2,-1.73398059847132,2.28244084335977,0.8093088176562,1.04928455268077,1.98546101209375,0.313845679616487,0.0482508314704194,0.0779637705909348,0.0989188775952054,0.164513321871337,3532.39543429592,1,1
45,-2,-2.56651199028137,2.35163687611815,0.718747100262307,0.936939768010645,2.01300631054096,0.501078541148052,0.0465560980948896,0.075304556690912,0.0968900641323566,0.15492640650769,3525.11401467899,1,1
46,-2,-2.01009038466428,2.30196440780199,0.860968270767428,1.0072847735749,2.04196195786999,0.362762294091615,0.047930927434606,0.0753067702657581,0.0984795263258202,0.157972355325198,3579.99975071936,1,1
47,-2,-1.67826073323608,2.22250802204313,0.870785711254749,0.966410369924284,2.10106454827112,0.324103661696299,0.0490831561856595,0.0755233364761729,0.0974239568594921,0.165641430211088,3485.49794011135,1,1
48,-2,-2.23882407091654,2.3118413643896,0.846629136267657,0.970492553483415,1.9932686976146,0.433665648461972,0.0479939918663707,0.0749665402702948,0.0981410498774865,0.154461370682705,3612.36349800385,1,1
49,-2,-2.34919625182141,2.32390302745176,0.802870378720829,0.977449502195366,2.0577894756776,0.42987801712827,0.0480933130349672,0.0749690962517418,0.0983750959806677,0.161488050171464,3557.43533160592,1,1
50,-2,-1.73215334226165,2.32504720715288,0.78184983547961,0.805246755142947,2.40688385678624,0.313507262133788,0.0457658184519847,0.0723165401100467,0.10405351191353,0.173189627441548,3504.61341842606,1,1
51,-2,-2.4640660236909,2.31162879555805,0.826265735198184,1.24799303524559,1.47993832356167,0.484144327277798,0.0494040156985445,0.0771576217174737,0.0934088477439279,0.148068932426546,3600.5190537615,1,1
52,-2,-2.15581928916235,2.25575166245725,0.869574318029831,0.976037079979586,1.99522275372018,0.3933957536612,0.0491277657829101,0.0759720293078795,0.0981995626396769,0.160001405929187,3511.44726327178,1,1
53,-2,-1.73330597267628,2.36841642829857,0.71623418509395,0.785238267150816,2.40403198339437,0.317060867372013,0.0466039301482267,0.074427598017158,0.100152480083548,0.164143811047853,3539.16213296957,1,1
54,-2,-2.49314408444379,2.28267896264492,0.787610745039371,0.940474221122444,2.03245924682176,0.477260125417674,0.0485564341754688,0.0767134932481159,0.100213862469066,0.163139577563818,3477.4625845306,1,1
55,-2,-2.23698025646719,2.29803540000741,0.814263416825021,1.02392274773439,1.93325437416969,0.434654585295434,0.0476746775304658,0.0752392411538966,0.0937867219308249,0.151065640350883,3524.16495400971,1,1
56,-2,-1.68517774708964,2.30839366669406,0.837855198056146,0.800629378774163,2.34200613397046,0.310658891856949,0.0458140113185696,0.0717439271426563,0.102854707473766,0.171223178246821,3513.06531882605,1,1
57,-2,-2.31133112368574,2.25704904044186,0.888508232364529,1.08602089492237,1.83469762928968,0.417121944197329,0.0495586920576319,0.0753021094712312,0.0987980735832371,0.162548029032221,3549.15802698517,1,1
58,-2,-1.84842959378742,2.34018022058938,0.75634885411822,1.02724773565981,2.00138792910962,0.322930989201802,0.0490761829459055,0.0789612870250852,0.0987642720957355,0.158124869295358,3552.98549741732,1,1
59,-2,-2.74326798085474,2.26866418604127,0.846839050280071,0.905298636485949,1.95017872363006,0.517164306352086,0.0479238359685751,0.0751759297072829,0.0994677905668046,0.153030691228343,3526.79587548868,1,1
60,-2,-2.03549851827378,2.26834074379958,0.825891923403052,0.997539592712911,2.01023442851921,0.345378570657272,0.0510384816800023,0.0788779231166413,0.0986127459424603,0.152219013774345,3554.8611660183,1,1
61,-2,-1.91742545266529,2.4050144191693,0.6773417102787,1.1004053959273,1.86591636410262,0.38154774200272,0.0467251768785191,0.0745032872113243,0.0952728780843719,0.15910267602581,3598.53239316022,1,1
62,-2,-2.0830139488996,2.33106036106522,0.769924077032509,1.2849665113984,1.59100129644003,0.368418311259887,0.0527441627852073,0.0827086455424441,0.0969122640689316,0.151638434365823,3618.9911327273,1,1
63,-2,-2.2861224342327,2.30305191427559,0.800616730856651,0.886717655846094,2.12720242836251,0.413873785847985,0.0467916382049209,0.0740796902429158,0.102823760317923,0.166240610664853,3489.73052333491,1,1
64,-2,-2.06257381670252,2.34381405413325,0.77866963519251,1.20077741600865,1.56806498866215,0.418407085486865,0.0476007880754269,0.0741922186279419,0.0957322411746153,0.15354590395103,3631.85134169711,1,1
65,-2,-2.92541610407977,2.30648258960809,0.798210284400582,1.04373052897548,1.79848883322405,0.590096175949436,0.0476021379291076,0.0744223809475568,0.0921536498532781,0.147160583872014,3527.67994656552,1,1
66,-2,-2.24142175475992,2.26644360184191,0.882620600116461,0.899716794984376,2.06191312908353,0.412687604519746,0.049435623611515,0.0772662710835615,0.101133404593871,0.166399834408934,3507.33112009325,1,1
67,-2,-1.55841138275118,2.2717307064764,0.85233746099391,1.08065783749618,1.9011710651874,0.304685740957615,0.0511900761704245,0.080700424926384,0.101393892371564,0.170404567687794,3565.35856374421,1,1
68,-2,-2.42517564346062,2.37247896766394,0.711923820996318,1.0303424560604,1.99722728655219,0.42790310563319,0.0480948774088812,0.076511507116551,0.097310250348789,0.157009907881932,3537.88535179858,1,1
69,-2,-2.26656239143024,2.28378778973373,0.786358107680864,0.886908323821243,2.1689082128333,0.43153854539247,0.048623165866531,0.0771812088208757,0.0975047178717669,0.161858412901147,3490.85387354189,1,1
70,-2,-2.17981186079178,2.30277388048759,0.805760696620614,0.896838094265541,2.01398548998363,0.408858899475208,0.0462920443340327,0.0743995485816743,0.103398396996373,0.16825186977502,3554.20519285351,1,1
71,-2,-1.45843362248159,2.3228630528726,0.751912149427695,0.949931649350932,2.19697208017218,0.251885860897746,0.0495682803177631,0.0776757457832174,0.0990929971404797,0.15705022973725,3556.1949597025,1,1
72,-2,-2.14892087053805,2.31210078935828,0.804956565528336,0.932878510264173,1.9926853398352,0.397780559084199,0.0473192725253984,0.0724874564209957,0.101615559890704,0.162392383200945,3575.07013171599,1,1
73,-2,-1.4811394871635,2.28454473997821,0.854863555379388,0.964743641834053,2.20013290953696,0.265192863312515,0.0485691732902947,0.0757268899451568,0.101109414059289,0.167217264623635,3535.6056767746,1,1
74,-2,-1.75889118226294,2.34576311619807,0.761597863133521,1.03394863194282,2.01817783179708,0.332858954504474,0.0476979120884776,0.074144365174582,0.0963469356024173,0.160372974490544,3567.13156242905,1,1
75,-2,-1.87401836691839,2.34598609049685,0.759239175638716,0.858815438094561,2.24993320283777,0.338081874146764,0.0474701170401101,0.0753886122619773,0.10321850513269,0.166138549969356,3543.4508805298,1,1
76,-2,-1.77191707453283,2.25751022868557,0.919873759699388,1.03456597385132,1.94435993839732,0.32230761841045,0.0513559060200568,0.0791142149602704,0.0992252431311481,0.16151211329523,3563.43803564954,1,1
77,-2,-1.56573734733794,2.27419168399903,0.820585739057235,1.01280724516231,1.9940265989392,0.307326304430278,0.0494185452787529,0.0765074023555816,0.0976530115978201,0.162476395225025,3560.47300609648,1,1
78,-2,-2.15310640895207,2.27829909976457,0.847869760458514,1.0075349506051,1.92833613141179,0.396199273480336,0.0493228515648792,0.0766787114754634,0.0998088779501282,0.164068975831644,3539.18285740189,1,1
79,-2,-1.91456361757517,2.23995316666755,0.938307471055745,1.02901467810909,1.99182528476447,0.34937328172213,0.04999051768583,0.0756748434205552,0.0984866873338914,0.155630475069215,3592.62355423761,1,1
80,-2,-2.14559615514356,2.27681736263743,0.833630323076166,1.19220803966273,1.68572233754591,0.390754571064942,0.0508875392810567,0.0799985181445126,0.0945458370239405,0.15688760279131,3554.99142310954,1,1
81,-2,-1.69282081396444,2.30195166773708,0.787769567537807,0.922070859346051,2.12393380960974,0.313104746130303,0.0471441229005687,0.0757034859929275,0.100057667660375,0.164817150250077,3536.1211077444,1,1
82,-2,-1.82019820001071,2.37363704711057,0.651074337306031,1.0885474105258,1.96784337437926,0.332189456281622,0.0498969607123587,0.0774181747924248,0.096146613641348,0.160146748162819,3551.49328028348,1,1
83,-2,-2.07970099305559,2.38952849947195,0.667090861206664,1.01338688945244,1.88827193641266,0.393518368767525,0.0470369882799802,0.0738998098299091,0.10017720096503,0.162163872634134,3575.37189286579,1,1
84,-2,-1.83442484531993,2.37708549942122,0.714713277207633,0.796133244249135,2.31735539855105,0.342527245296876,0.0480861068097755,0.0747858944675011,0.101535556947337,0.165661626291107,3535.40271383599,1,1
85,-2,-2.19276340279415,2.39250575361107,0.737247348837887,0.94371401526881,2.10356962926326,0.416803870066733,0.0451957867373494,0.0724718770880995,0.0989496101084804,0.166077511693678,3577.3197211239,1,1
86,-2,-2.45300487494916,2.35539789668692,0.657253064996783,0.916755054932612,2.0688261260344,0.457533174379321,0.0473610490008412,0.0766895407622538,0.0997384388713723,0.159618377837916,3509.47742280553,1,1
87,-2,-2.70726980668484,2.31534123416135,0.74677889301465,0.860368271323791,2.11498716121516,0.508787932568112,0.0477778306247389,0.0760095593172172,0.100629740710187,0.162260424244202,3493.97022828291,1,1
88,-2,-2.89091954044729,2.24540302926384,0.902739903133485,1.06922671732686,1.80978837007922,0.573515195461983,0.0491044100926954,0.0766203893509907,0.0954514388730393,0.15536690632523,3554.05692015551,1,1
89,-2,-2.00123021123213,2.2923352315443,0.793091324781418,1.09371521852197,1.80119402500905,0.369683623574857,0.0493184893185525,0.0767523989988723,0.0994930366569505,0.161246710074628,3557.30946574322,1,1
90,-2,-1.69011239329568,2.31613551326779,0.780623149407036,1.0925338998396,1.92248042045031,0.309561195923643,0.0503461614911014,0.0813506668412952,0.0991499354195541,0.163127478399596,3566.77850108017,1,1
91,-2,-1.64478896689633,2.34625007363142,0.680597564019678,1.02496637031235,2.0907309237901,0.27765755406111,0.0481684834712858,0.077264890044129,0.0983067620691677,0.159449199121883,3553.80687330687,1,1
92,-2,-1.53961739821873,2.23715451364436,0.902265009951032,1.0139391512846,2.01639940991062,0.292925530486743,0.0491885032592838,0.0757974181450453,0.0985139568257878,0.161234204661319,3572.67786478558,1,1
93,-2,-1.81595230169377,2.30408764718655,0.83547801672763,0.797488929424675,2.29268283472843,0.331428577294102,0.0463366593358214,0.0723710698156011,0.104707746050801,0.169314642776614,3532.84457001002,1,1
94,-2,-1.77733208365852,2.32896309925746,0.783357053168493,1.06454987858586,2.02077125441744,0.311896833370623,0.0513946090117753,0.0804738223669272,0.101721213026085,0.167871045683965,3555.86451116066,1,1
95,-2,-2.10755887170291,2.3795237804049,0.764769852844676,1.10460094862151,1.85604554026711,0.416342576436564,0.0467692357083488,0.0743943802166077,0.0950433986835752,0.159853539122979,3593.46361345683,1,1
96,-2,-2.00358209822042,2.31279047767343,0.813273390431633,1.02364331250155,2.0119560505472,0.370428389739601,0.0469632649422464,0.0740554527830683,0.0976959323494936,0.157109704286123,3559.19096405815,1,1
97,-2,-2.57064767645713,2.26458156576067,0.804724092772393,0.987506356012871,1.91849415901528,0.507839881588262,0.047697760632974,0.0761783291331041,0.0963337089491613,0.156789126614156,3501.98122761268,1,1
98,-2,-1.70397893625549,2.23506629059697,0.965369631121225,1.11423783901118,1.87018689891777,0.328171582119533,0.049370357197419,0.0776934486221561,0.0963294318545291,0.155711124148806,3581.29067289613,1,1
99,-2,-1.57650776497763,2.2826921119819,0.852112661962672,0.7780092581678,2.39088245409213,0.299546773841948,0.0458326126626949,0.0717780068207832,0.103242144080722,0.17132561255446,3499.21027921253,1,1
100,-2,-2.08240394407492,2.29241006871311,0.790030915382226,0.793446332215167,2.26037622500697,0.387011299586133,0.0477680904310718,0.0743044994320979,0.102665608454876,0.165201171608099,3516.03204704936,1,1
101,-2,-2.71532098356536,2.28718007179666,0.811534763507371,1.17801493215272,1.66122476057896,0.490085381815235,0.0495711073017649,0.0783501001139866,0.0971023726339522,0.156004631619449,3542.52374392874,1,1
102,-2,-1.59299459277354,2.28089269609921,0.802207616708375,1.0270671228047,2.06790209680382,0.296888961163963,0.0500463059986127,0.0802354991502952,0.0985204842697952,0.162339972420164,3551.9956553906,1,1
103,-2,-1.87517260062133,2.28520607467618,0.847092417507073,1.0698969175989,1.99145305719563,0.330210125420071,0.0508833660110381,0.0786210436476569,0.0991744952291446,0.160517628663771,3576.77107185525,1,1
104,-2,-1.95389300995025,2.36144116708864,0.733073999346933,0.978945640978915,2.04554407813978,0.347538783152953,0.0466158427339658,0.0734160145551191,0.10486486220231,0.170589389488611,3546.21925052308,1,1
105,-2,-1.58917607221112,2.27593105632085,0.852302778789634,1.04917427469056,2.09886503369738,0.279852659488874,0.0514581210498865,0.0784135578056373,0.0979973901056784,0.16128916586502,3551.56185560338,1,1
106,-2,-1.6784581956755,2.32543099580471,0.776355019639448,0.888250109244571,2.21122712189446,0.30698516559128,0.0477572131927835,0.0757232388857515,0.101518588460937,0.167704694287258,3528.11029776884,1,1
107,-2,-2.332426595485,2.29773426274157,0.805882005717793,0.80345864758728,2.16800048805945,0.45588010460819,0.0457391526666205,0.0719869621946248,0.104204137528222,0.167040878902395,3531.33410303974,1,1
108,-2,-2.83211107987839,2.30057041538332,0.773175177168635,1.07307628935046,1.79130811554876,0.548141248592555,0.0484257472724059,0.0780827653003556,0.0958122452394004,0.155872384749062,3520.63134388036,1,1
109,-2,-2.38429270612423,2.30066751192469,0.855055487919018,0.848567332208823,2.09692052786319,0.472483241963846,0.0461120891435387,0.0714463640268517,0.0996553265213512,0.160166830140376,3573.87014975929,1,1
110,-2,-2.09083053058673,2.1920999584685,0.974488913523681,0.901839286665663,2.15735075945866,0.384669460930693,0.0492201092066603,0.0768784326674513,0.0979581520561928,0.158187658616756,3462.23602866705,1,1
111,-2,-2.74410878643578,2.21515303913503,0.888626351478209,0.969968580868853,1.87122557522419,0.55777899793667,0.0493238092371633,0.077991096349352,0.0974409175852761,0.157957812312377,3499.778209689,1,1
112,-2,-2.8617588364517,2.34344743662881,0.769625479386991,0.892770340156499,2.15027548331626,0.525280941280147,0.0485492404437676,0.0754317570186496,0.097366450868169,0.14992612867928,3574.89233965373,1,1
113,-2,-2.06197574854011,2.29959358795939,0.830105018975057,0.842209869207653,2.32102128870921,0.362902596983747,0.0486019942730366,0.0746964032056806,0.101832089839051,0.16033944515467,3552.15199590484,1,1
114,-2,-1.5802186887944,2.35612483062096,0.735206809342158,1.07115874959753,1.88968701686068,0.29905230723347,0.0483189189322179,0.0761831546683092,0.0986574430615715,0.161083982110654,3583.3512943184,1,1
115,-2,-1.78338955708349,2.29511462020946,0.752680066133726,0.861286902888666,2.2551834154504,0.325312183997371,0.0494688793854091,0.0774795648754439,0.0995558976982684,0.158557907756609,3526.68164972369,1,1
116,-2,-1.66850557900343,2.25858008706687,0.886489877874945,0.975998478373069,2.06584644989597,0.314488364767379,0.0480160954604805,0.0747764610013298,0.0986741585334606,0.159985419712861,3548.68728505148,1,1
117,-2,-1.95127060223799,2.34703618573163,0.717557259061314,1.11315757141555,1.80338506254581,0.368176604103187,0.0506991590910487,0.0775131548268754,0.0980818251882986,0.159539432946741,3573.25107789993,1,1
118,-2,-2.45449663608926,2.33811160723182,0.753540024830518,0.823259746821141,2.24418232779811,0.469479223023029,0.0477948629414858,0.0738972862995421,0.102193747892655,0.159243315756261,3548.68381216051,1,1
119,-2,-1.69145904126434,2.30866010475719,0.819585720507409,0.976491696160907,2.13599999009581,0.31258017809918,0.0499990671741888,0.0772916995810579,0.0990700457944993,0.163013438080811,3577.95157411549,1,1
120,-2,-1.64723057972481,2.2463561027913,0.854684570662183,0.900195314034882,2.14991189914895,0.287524386612012,0.0485120786892959,0.0758373432037392,0.104768536438576,0.171947037115744,3506.72543809674,1,1
121,-2,-1.91650367044454,2.33048988726338,0.736061563191887,0.887330598631727,2.12497422491565,0.376159314109555,0.048565993563621,0.0756381150619852,0.101794638567465,0.162657637224284,3566.37103883221,1,1
122,-2,-3.64007319871671,2.26235866412677,0.863762758433385,1.05473906211419,1.8055677838011,0.77657544653034,0.0496701969292619,0.0767423174049448,0.0933783847429943,0.150955735363836,3511.5019456873,1,1
123,-2,-1.77276429679124,2.19577236824374,0.973558605120785,1.03833424480032,1.96711218729068,0.323060962316243,0.0512870218724168,0.0788807810981352,0.0985193106132639,0.157791405689222,3556.31604737319,1,1
124,-2,-1.47305885455662,2.28662435944042,0.785041834018976,1.03761459404648,2.07028604758956,0.254984156353174,0.0495470102483785,0.0790955892977029,0.0984956713415636,0.159770344756285,3541.4555441735,1,1
125,-2,-2.2070634079223,2.3519374131551,0.7681968694299,1.0842512671816,1.92130606405627,0.404405217147583,0.048222801086915,0.0762279880027194,0.0955265985448686,0.158378246676052,3574.35995998607,1,1
126,-2,-2.04453689794164,2.30114821408182,0.790027546529789,0.911420022579556,2.11612433224658,0.398044627447364,0.0472425761897837,0.0748705734916923,0.0979958356056826,0.158776537975715,3554.0841328111,1,1
127,-2,-2.03010953021492,2.31889896748963,0.762270752271222,0.958210790736155,2.04775072563166,0.367822261605987,0.0482032846156133,0.076532897849916,0.09730428632867,0.157739665913236,3533.83321805857,1,1
128,-2,-1.94140840413185,2.2558549181022,0.8533109847111,0.892796569250325,2.1635768410713,0.372178155411239,0.0472971787545488,0.0729637936616592,0.097128036649755,0.165221848084825,3497.20832188515,1,1
129,-2,-1.62555955621011,2.29590220798014,0.83439396315637,0.92312694883665,2.29286485495773,0.278695956293519,0.0480090084103301,0.0766118116202432,0.0992925881989763,0.166288272630285,3479.62922288134,1,1
130,-2,-2.6505149289695,2.31356077499279,0.81096541998288,1.01733521250195,1.97005824243372,0.488905136449739,0.0480017689909352,0.0742610764835886,0.0955250580007701,0.155137258548134,3541.46308862353,1,1
131,-2,-1.94070054815023,2.22740107206285,0.815656608561338,0.966736524149619,1.9705367420989,0.377429494595645,0.0495316276362252,0.078773608110599,0.0998508240057156,0.163037082377864,3466.73904903175,1,1
132,-2,-2.60000120885563,2.31280737132913,0.754044323221965,0.964132362245271,1.95018373744916,0.526350836185897,0.0470615051276912,0.0734815594209683,0.0980703003903133,0.156679899019904,3546.62121335191,1,1
133,-2,-1.92155240540242,2.367767446065,0.68471595207529,0.960884617152045,1.99410385053655,0.355366199259296,0.046163201228647,0.074015921589853,0.099174654287098,0.159507017234909,3571.98257926025,1,1
134,-2,-1.86743178021279,2.25453393708985,0.859500774849716,1.08716893707735,1.76521806175464,0.345483760044789,0.0493696808847519,0.0781631375821456,0.0993252735718464,0.164542369544839,3522.8746608922,1,1
135,-2,-1.8458364090202,2.32220017789187,0.795105598989243,1.01218473541775,2.10078086651447,0.319644141437085,0.0498795693529406,0.0795964739735353,0.0976614741296769,0.155743987866202,3568.58799161083,1,1
136,-2,-1.75796584062583,2.31389333378607,0.806199120671694,0.848845190284669,2.2998036022177,0.313939793151711,0.04783112567307,0.0750452866532655,0.10055532655536,0.160248304541787,3560.00418417963,1,1
137,-2,-1.8039813063872,2.30045839830485,0.834359119346746,0.955110104535918,2.02758156137178,0.340821936011128,0.0477534555919959,0.0750105430690402,0.100728967913454,0.168399828985543,3548.55040179289,1,1
138,-2,-2.48771897155542,2.34493606016042,0.679853329878485,0.97691552859941,1.90866324043199,0.488099410698641,0.0472865366684962,0.075245306723066,0.100562812169186,0.163282302381902,3537.18442040551,1,1
139,-2,-1.81163053273597,2.35044030693925,0.744831879735098,1.08369900081409,1.88979204777617,0.331311742181208,0.0485673682856958,0.077750646734451,0.0966607163035587,0.156200989118075,3581.09942682715,1,1
140,-2,-1.8350621751832,2.35676185598249,0.687013299443036,1.01714360543544,2.09951777396754,0.32045537223234,0.0516135528712956,0.0786211122976762,0.0968681388392597,0.157730669587503,3552.15202654542,1,1
141,-2,-1.70027767555703,2.32897672676466,0.81757607095986,0.963932503807485,2.22665355705029,0.306082830673684,0.0496448630763554,0.0760411041098365,0.0981408014761392,0.159239937247557,3609.66452965149,1,1
142,-2,-2.35005047348179,2.27162047257791,0.908260766192063,1.14654966827334,1.73599577962368,0.444182709283992,0.0506089818723299,0.079357567811778,0.0955817559787577,0.152513452376173,3594.48658634848,1,1
143,-2,-2.96585814121578,2.30978681035325,0.784319948930274,1.01385398624163,1.65019609075022,0.696939340915152,0.0455922795738252,0.0728252441393713,0.0967052739840605,0.161705433962209,3529.07267558294,1,1
144,-2,-1.66151419380327,2.32595791621547,0.859383950768683,0.954629064777654,2.11430234193115,0.328575801055808,0.0455663801523063,0.0724103848167868,0.0984039138630974,0.165085198645902,3576.01561786185,1,1
145,-2,-2.16857084786228,2.26589854892064,0.826015147534769,1.03975160524298,1.95512129301515,0.389649905132255,0.0514558019157484,0.078417046786532,0.0980019414702938,0.156474796921281,3527.19650473397,1,1
146,-2,-2.1805115331057,2.24599480034423,0.921962357877802,1.11653781250421,1.82365122986243,0.406437090656097,0.0502451000790726,0.0774194803923545,0.0925752798173333,0.15598303550321,3543.73533933565,1,1
147,-2,-1.84932929162471,2.27546402712523,0.813356830375099,1.00559447092987,2.05671810163957,0.334635673319372,0.0506174046675885,0.0778332982910999,0.096581571023728,0.153853084768917,3544.32130416083,1,1
148,-2,-2.57766294489384,2.31530171482974,0.81711824526429,0.9304875350352,2.06800328223148,0.489904818294842,0.0476288954454102,0.0743985315368969,0.0995618625711517,0.15893791866422,3529.82430399709,1,1
149,-2,-2.46654207100512,2.36552939506216,0.736441353737904,0.938363448521304,2.19336395162137,0.411881874762131,0.0498543630406904,0.077673866169201,0.101449398672468,0.160183731091789,3506.44441715674,1,1
150,-2,-2.30504071567768,2.36512969522943,0.67948723191172,1.12667358719353,1.66305512426166,0.442164095533622,0.0481237361202095,0.0763863069461131,0.094952249406753,0.154700539867812,3571.84550694458,1,1
151,-2,-2.20141803456588,2.31284535853715,0.772218676224376,1.12360422022742,1.71899178524802,0.41368506787569,0.0508001706341027,0.0794699157968824,0.0969574856793959,0.156452576889664,3565.2814441735,1,1
152,-2,-1.97886748941905,2.31892719044036,0.833628017864319,1.18211235041994,1.73047042997913,0.371137585910003,0.0495570961788407,0.0778919517654326,0.0946772357656143,0.156286506766205,3596.87464151803,1,1
153,-2,-1.93722643146048,2.26374608763326,0.832248229792625,1.0009976970657,1.91721097079754,0.367278421719577,0.0473184108205609,0.0756412704904288,0.100127252605928,0.166855038815026,3512.99609247036,1,1
154,-2,-2.00139549552403,2.27190676567803,0.820309187039223,0.93898976615292,2.13275453103375,0.353165766406141,0.0497033673559958,0.0762605240655884,0.100643702059289,0.160549686777611,3540.13382075627,1,1
155,-2,-1.61044644551467,2.22024556245534,0.927439499356918,0.974038702344487,1.9468126895733,0.313479525884281,0.0487643173730744,0.0765015043525052,0.100938972765198,0.161340944994858,3553.65328532686,1,1
156,-2,-2.62945888867449,2.3308735068788,0.795298831215994,1.15206909021585,1.71462217681303,0.482936375076646,0.0484379399924297,0.0756423292199335,0.0943356182385869,0.15298158231111,3588.09276524604,1,1
157,-2,-1.96164448552782,2.2445850343825,0.926270738785441,0.980054859658443,2.07781059029568,0.34124061246643,0.0495013387712978,0.076313334216015,0.0994471549888213,0.16068485879048,3545.84525811871,1,1
158,-2,-1.898981991572,2.32634581459179,0.755603666273602,0.799752802331781,2.19358497768557,0.396419152343076,0.0450808235467434,0.0706905347257179,0.100405557695581,0.170811093048457,3537.91884923806,1,1
159,-2,-2.47941673768093,2.22554832570306,0.970157508684158,1.08138530494154,1.87504855762317,0.484134872704462,0.0503090817264964,0.0760666256729786,0.0942889054204221,0.152389477301725,3551.29146922423,1,1
160,-2,-1.68277412632147,2.26550689142514,0.847645576967274,0.963496482867263,2.12072301341425,0.293828210319347,0.0521816205598311,0.0797408589104032,0.103817431094673,0.165248735701814,3549.56982703051,1,1
161,-2,-1.9028528308714,2.30224146487665,0.807669797088422,0.911908290103664,1.97759464818501,0.374254000563027,0.046986460653195,0.0734548638355127,0.0993417260686177,0.159806101098031,3551.34603395701,1,1
162,-2,-2.46507479230606,2.34875517532781,0.747346724214764,1.01463685908162,1.97467776146552,0.444473004526883,0.0477236274250679,0.0768917715152708,0.0961494767613902,0.153386377028653,3548.74979184192,1,1
163,-2,-2.00130384976709,2.26394345426178,0.855897580298214,1.11887084992792,1.79939943765887,0.389014995249162,0.0491485806555459,0.0766510165942296,0.0928876946852766,0.151989494136839,3560.29289221847,1,1
164,-2,-2.60752865955487,2.31564989243044,0.765084152215985,1.12554179496238,1.65148459409161,0.53135303817161,0.0496480670050681,0.0788512989040903,0.0969601877978863,0.156195482387021,3558.48911450516,1,1
165,-2,-1.80308375545229,2.31526697726323,0.791143371373119,1.08368967131083,1.8712834679758,0.322176366080875,0.0491254016273699,0.0761974576594386,0.0983987788202126,0.157548786616457,3593.45564728614,1,1
166,-2,-1.84689608813049,2.19508920538268,0.894933398679961,0.93578332411824,1.95351435109476,0.363428989242011,0.0474035527109455,0.0740126583308504,0.101446238129791,0.167487630141367,3504.56101349101,1,1
167,-2,-1.78005138078669,2.27866767534178,0.773265608487262,0.92009513515474,2.13539727708708,0.331530482779217,0.0497528905082982,0.0782973558850413,0.102254687823821,0.169180371115149,3515.28281052713,1,1
168,-2,-1.68816304414706,2.33090329447672,0.718677163066715,1.05382646771493,1.98973092780812,0.29206620877766,0.0499610514681694,0.0786708062849043,0.0991973464183065,0.160245652231521,3565.81928216651,1,1
169,-2,-1.7803623131208,2.27229965002616,0.882121836337032,1.12530296472051,1.93061018300938,0.304357368613185,0.0510077657008041,0.0786590599118378,0.0993893905485997,0.166901124301062,3528.02214555073,1,1
170,-2,-1.67827844134726,2.3843320671744,0.748721561786703,0.869025994522587,2.26799215674417,0.306056761183491,0.0466006200030041,0.0727061966639198,0.10195715186048,0.164733912622179,3579.56694724752,1,1
171,-2,-2.09205550847215,2.38078126990388,0.718500968411919,0.860058752981672,2.29614167266939,0.373539456674243,0.0466973034750737,0.0743148100235594,0.100642060160837,0.165372095327086,3555.69846226904,1,1
172,-2,-2.16956636036174,2.21355085761112,0.902165056532983,0.999084072785066,1.91433530799725,0.406417859033229,0.0490972380479803,0.0780921473864377,0.0956205888404916,0.150385640580181,3511.47333186558,1,1
173,-2,-1.79883603675978,2.32769954018996,0.73503412818996,1.08707278823318,1.86509730057292,0.338618070231388,0.0500143301731224,0.078033391835079,0.0992938436629147,0.164024104974846,3575.85504009981,1,1
174,-2,-1.53485487394613,2.31488629351962,0.774229925426024,0.99469055342872,2.01625628841352,0.292907637376556,0.0482096173153882,0.0749282141623119,0.0974857617988783,0.160216264058646,3556.47428170188,1,1
175,-2,-1.49744181885647,2.37363572607473,0.636787835254503,0.800832430047958,2.35478401602552,0.277938546591491,0.045607511713811,0.0735039833811014,0.102495500107334,0.168350936376371,3499.22950735025,1,1
176,-2,-1.92080503460738,2.36332949840576,0.736303379425492,1.02482255246036,1.91531934708044,0.367304751577839,0.0483302760430695,0.0756288833460115,0.0981355065942221,0.157996169112796,3596.16887918921,1,1
177,-2,-2.2307677590722,2.28004972394021,0.785481361807951,0.976795458775681,2.07672107107074,0.397858013583285,0.0496870402463149,0.0778204492940341,0.0964402435262126,0.159064449327099,3523.99232430553,1,1
178,-2,-2.09584573443488,2.34234390424986,0.748906024784056,1.16160313729427,1.75731160703265,0.387224066103942,0.04824978556786,0.075915407056804,0.0932109451455547,0.15270454954061,3570.79299442277,1,1
179,-2,-1.92114147853587,2.34132666799241,0.765293701153118,0.94647810265238,2.15650856104551,0.327753581264959,0.0484438186233776,0.0749740239152787,0.101907429236523,0.160006499407787,3586.50805561844,1,1
180,-2,-2.06515509902635,2.25873035385775,0.830056348703264,0.846899936427887,2.17542756443261,0.377441600647092,0.0470821908957621,0.0734779098918518,0.101096543111728,0.162547412276641,3505.03802587857,1,1
181,-2,-1.69011884654762,2.33572433793741,0.767304689680642,0.98058594653854,2.09531381686444,0.311626929579613,0.0480183250450665,0.0784972183707521,0.0990075683066374,0.157243436757251,3590.5854605097,1,1
182,-2,-1.89623989189979,2.3981935880667,0.688171748250604,1.11594315528899,1.80356473329291,0.37014643404275,0.0468606610301828,0.075034187479892,0.0944382319834906,0.153989460525755,3610.18961048317,1,1
183,-2,-1.79989750980846,2.36509909528686,0.701511316768067,0.916953078862113,2.15483125720893,0.324426943102982,0.0473178883330739,0.0762080749183717,0.101749570170925,0.165607017508696,3544.23305231558,1,1
184,-2,-1.55108004053197,2.35020281359479,0.665894697728952,0.916318656897513,2.08287477479579,0.290318790535858,0.0470123504618,0.0743234387023937,0.102997440624474,0.165191460930772,3578.11863383403,1,1
185,-2,-2.01124959961183,2.1971163689041,0.910413310577255,1.00542586182696,2.03954528712006,0.35823032769085,0.0512603489446958,0.0792434049401644,0.10067399522858,0.163301713354855,3480.43055143056,1,1
186,-2,-1.58039857366386,2.4028890636232,0.668670200681088,0.858881394338347,2.35827340914826,0.271026928087681,0.0479327091015468,0.075836950819788,0.10079275800953,0.161483870332365,3548.63637520032,2,1
187,-2,-2.69452131137212,2.27531881114285,0.812217697564056,0.844554534214943,2.13519142252296,0.550762899971728,0.0476254034803277,0.0741079823533046,0.0973153464713092,0.154287681184804,3500.44916675113,1,1
188,-2,-2.4572959300935,2.36884076276572,0.732845107316242,1.14069622897817,1.7352626326628,0.491932879755514,0.0469972104542239,0.0741700032320928,0.0917102834337232,0.151853936821105,3568.51293260764,1,1
189,-2,-2.36945907994847,2.21293835983652,0.926452872069688,1.00148825856602,1.96802268986472,0.441928919600118,0.050369507890867,0.0769300926815637,0.0975752772744204,0.157262833231989,3524.85411134653,1,1
190,-2,-2.22667640878218,2.3284122238842,0.789793887635031,1.0507983215482,1.90447168499814,0.426210418544646,0.049313354644528,0.0764640271650511,0.0971977880786492,0.152548191387755,3602.61218938455,1,1
191,-2,-1.69408646731653,2.32794175089438,0.729420021252682,0.98014934688645,2.1052728774564,0.293079827050031,0.047948849158651,0.078061690732734,0.10094006915164,0.163633376518743,3528.6763906348,1,1
192,-2,-2.37210106254355,2.23264497993184,0.886071884845458,0.867054451143421,2.06485044655966,0.456388455220815,0.0490493785111173,0.0754246951404519,0.103609144691857,0.164938228857834,3526.93590915258,1,1
193,-2,-2.18604618560856,2.35178504801254,0.796974447475693,1.07074343323356,1.93441034589708,0.390044755857398,0.0493158921496524,0.0778904516207124,0.0986418846704135,0.160423777725916,3587.56029222545,1,1
194,-2,-2.09559475601603,2.36595864437455,0.683017928167723,0.879786328983461,2.17076265057149,0.376624679589656,0.0461246378976072,0.0752449366904233,0.100632804493714,0.163413374276541,3530.45666354025,1,1
195,-2,-1.87620356201528,2.30419172791511,0.722443066515674,0.869938804916089,2.23396084792593,0.363312768851227,0.0474265600113682,0.0758293007618348,0.0981117617602181,0.162901372739888,3479.91726649097,1,1
196,-2,-1.8784702826188,2.34388837309032,0.692000927602014,1.01038046088754,1.88762188079581,0.355473623432935,0.0473248854164293,0.0742084392527753,0.0969850561339086,0.156762408387619,3557.48682605107,1,1
197,-2,-2.49130874838216,2.28977813162236,0.819215584402054,0.934896664428758,1.99536514297767,0.500679850675357,0.0461120227579193,0.0720009000785055,0.0990653645390935,0.162161258957193,3527.14681246968,1,1
198,-2,-1.83604012691354,2.26722719350331,0.785265201944006,0.975701379776315,1.9411689244994,0.335358731640236,0.0478907266946606,0.0755399129288465,0.100280172337107,0.165737405924353,3506.53954278721,1,1
199,-2,-2.14608762829227,2.3572743744712,0.689772553191692,0.929010148827082,2.23448599630691,0.38206277746085,0.0476879331686201,0.076486257354667,0.0961845758547248,0.155565301939795,3509.78494332495,1,1
200,-2,-1.86723661086539,2.21468818496454,0.972151322910133,0.8736307973064,2.2927138386746,0.323979866171203,0.0500789726008206,0.0792164871146471,0.0993005323466894,0.163141776992766,3491.65326601982,1,1
201,-2,-1.81325605124158,2.26951169266868,0.826410771797465,1.17181385140153,1.7292779869579,0.323169185905111,0.0499501931326896,0.0780670846070401,0.0971134097155674,0.155229479630156,3559.06550261838,1,1
202,-2,-2.05176613061593,2.2115148967104,0.905672318294722,0.887935637915946,2.17737537480715,0.366184135612553,0.0482191977012075,0.0736997176097251,0.0990283080360201,0.160374563333823,3494.61903726101,1,1
203,-2,-1.90362582463425,2.24464077530344,0.806985968704478,0.852612529266914,2.1837511372296,0.347209572604218,0.049225407570668,0.0764157194754084,0.102740775142462,0.167695726146477,3482.07529823609,1,1
204,-2,-2.24564193460849,2.25253764185947,0.840889628374374,0.970314390226849,2.02903945645193,0.393364119794037,0.0501452086836819,0.0787077421282709,0.0985540996580107,0.156657754665734,3508.24020102758,1,1
205,-2,-2.00197274859284,2.38895809821872,0.685698275954295,1.02916848880351,1.87181869017066,0.402141582745588,0.0465000996891858,0.0735318323391827,0.0972170783207098,0.156528531794918,3597.4453815928,1,1
206,-2,-1.61935679602141,2.33298235551813,0.736077288603952,1.14603579114399,1.85296582930534,0.292800503794954,0.0494667650237344,0.0790087927699804,0.0960235266916655,0.155698275076788,3588.39655511976,1,1
207,-2,-1.90121964770847,2.26478901337988,0.854830858155745,1.06680695990438,1.88784209093953,0.364453822953273,0.0486324999303516,0.0760083497618314,0.0948769223516044,0.155769092159257,3543.80092897456,1,1
208,-2,-2.01653457589301,2.38102974355249,0.727293072856674,0.963754648570661,2.09036424143117,0.38861057684722,0.0465144564524873,0.0732251805094287,0.0971126343474611,0.157491273002391,3584.13943724672,1,1
209,-2,-2.14003650737371,2.36726938500602,0.648069019605704,0.963351153232438,1.94090182677908,0.429343936672443,0.0462308342978139,0.07474962189433,0.10027112308224,0.165783869536224,3567.11179473052,1,1
210,-2,-1.75363628734332,2.43378106261107,0.651142690117189,1.2350792605999,1.5953906798415,0.346256993668287,0.0482902561763162,0.0763748442966213,0.0949413562122466,0.154284070502146,3665.58045704543,1,1
211,-2,-2.26591716942231,2.33741295324493,0.754644826732876,1.12563799737858,1.73270183135231,0.429756296151899,0.048550420905813,0.0775406827504671,0.0958886847170692,0.156415299592866,3574.55265489093,1,1
212,-2,-1.56901733153395,2.34164038210007,0.718653421299379,1.14629029227309,1.88081200006678,0.285987590087659,0.0501971814662231,0.0793843694086494,0.0983796907969882,0.161462932726542,3577.06281107804,1,1
213,-2,-1.88208063970334,2.30955333145654,0.773777871061994,1.04896078231356,1.81801345274934,0.377131093646938,0.0483850487576388,0.0756544672584095,0.0983032838755662,0.162092709100081,3561.60010625812,1,1
214,-2,-2.84712544354385,2.23711429415005,0.888651209876983,1.11565325626246,1.6875945661589,0.546738720693006,0.0513038473928776,0.0810739498576682,0.0976646844997354,0.155891798451978,3533.7922616358,1,1
215,-2,-2.40762302154481,2.32725713889856,0.751204696237391,1.09330252674497,1.78640643444955,0.459634305199765,0.0481971888676865,0.0766859199760449,0.094248060326221,0.15293812077967,3558.6907329664,1,1
216,-2,-1.57389213868303,2.22643707363715,0.927014791612703,0.997848403715909,2.07399543749302,0.284674395982631,0.04887155933787,0.0751905997675393,0.0993192422696401,0.161009071403215,3546.09042079039,1,1
217,-2,-1.81852841997728,2.26495926261298,0.831614176982919,0.970002866130737,2.10475621638318,0.33205435069344,0.0496624044273838,0.0779487927989531,0.0981071825538889,0.156769406826137,3514.12092263582,1,1
218,-2,-1.88338744267554,2.34660529342823,0.760468562276167,0.922043128599935,2.19708494276085,0.338522841529814,0.0473871405579801,0.0757273434358414,0.100505218365029,0.16363003436948,3538.39661846883,1,1
219,-2,-1.85333925689916,2.35083984813899,0.789590443782198,1.1775403788723,1.71895519562049,0.372255555156022,0.0474219715076657,0.076544224494701,0.0927336898160508,0.155859124667866,3606.86772555844,1,1
220,-2,-1.80519801259952,2.1826055167148,1.0141729201973,0.935854415638389,2.23768724445685,0.318206968186684,0.0532964475193791,0.0801691564778825,0.0999206550622478,0.163365947769149,3561.40732657546,1,1
221,-2,-1.50657596673037,2.35970796458287,0.724313382713347,0.916912449374634,2.23518120405275,0.286797488518118,0.0466489987809384,0.0750755193003686,0.0981419375163301,0.16411706986823,3554.15227922541,1,1
222,-2,-2.34422523328387,2.32768034959943,0.834612624062314,1.02313687831282,2.00002291761428,0.405955253393035,0.0485483583921559,0.0768885416507233,0.0954163598560371,0.156499683117984,3535.1603913406,1,1
223,-2,-2.40159370807271,2.25832770281107,0.865323495341463,1.08371782457698,1.70664421078688,0.481249934516499,0.0496994217173668,0.0768092985308599,0.0986499998639427,0.162119760090549,3561.00623990234,1,1
224,-2,-1.86424334182201,2.21182346351194,0.953945322293873,1.04492112766824,1.9516797109182,0.342597158525284,0.0495361233829415,0.0771866608415651,0.100851086601889,0.168563736603523,3506.79551225263,1,1
225,-2,-1.93375954528908,2.28513851261468,0.907897618372282,0.954813925394005,2.00941275461797,0.380266639976561,0.0467756789147467,0.0742752066931524,0.0998180443239792,0.160314807530311,3565.29321503362,1,1
226,-2,-2.18489957758398,2.26246306000637,0.87831343491817,0.93621379864088,2.16158029739363,0.392530486750345,0.0503796390286047,0.0779264563971007,0.0992511382416123,0.164885157193259,3514.88916833123,1,1
227,-2,-1.64147454721352,2.27172213005018,0.810081800857964,0.872393282942041,2.1918154576015,0.29363814362829,0.0465687562791051,0.0746414679444081,0.101320899788279,0.164859620588546,3514.8285106983,1,1
228,-2,-2.19939663371284,2.23983973013986,0.905050311309692,0.84977868088613,2.02317328800017,0.446424555771453,0.0466885116928597,0.0728267562381592,0.103217937409908,0.170202638144194,3523.65733262213,1,1
229,-2,-1.677104363007,2.29293457326414,0.818675397137182,0.740557442590539,2.33028264874355,0.308464828075819,0.0454550392287286,0.0728338959127857,0.107294953630811,0.168303321098856,3542.53566318788,1,1
230,-2,-2.52217131572805,2.28736911183133,0.847247663083763,0.970179392467716,2.07146702326601,0.454074379779005,0.0494683604426024,0.080110866578177,0.0955071732438868,0.15494222026559,3509.62803362639,1,1
231,-2,-2.26483001467589,2.31711241868605,0.830028063201217,0.788963049021123,2.25404030895518,0.43154866948377,0.0452759466416966,0.0706462294914671,0.100321949897355,0.162677847980923,3508.38224805018,1,1
232,-2,-2.62648487498279,2.27454577954936,0.829355398983322,0.902777121204618,2.12730093074038,0.488069870372112,0.0494393996501574,0.0760929193872149,0.102499820553533,0.16178967393279,3536.82379775751,1,1
233,-2,-1.49570931729277,2.24568909962668,0.864496452328849,1.00096734830893,2.08439908672413,0.266785863571056,0.0514114125900694,0.0796411305390518,0.0977303307035264,0.155472420538565,3577.93246917617,1,1
234,-2,-1.4282659868342,2.30631541995297,0.795352785689304,0.845203652515654,2.35434347486291,0.258326383604566,0.0480972767628227,0.0769859256497983,0.101924886317329,0.164627531532569,3539.68042021813,1,1
235,-2,-2.19433824074063,2.30238084136573,0.873322790668695,0.994909432977211,1.96275018067122,0.398529868971971,0.0478351005000955,0.0752403938750542,0.0999126654233352,0.156794668079714,3587.67925231398,1,1
236,-2,-1.56388019946633,2.35667805751344,0.736983736704564,0.970231417034462,1.97250292932168,0.310701126877657,0.048016805762283,0.0748156882128093,0.10277160014394,0.173325833839354,3575.83523495906,1,1
237,-2,-2.48386095607133,2.28508055527262,0.822578347764617,0.994759424799217,1.88850343545271,0.478452444963332,0.0472817797748069,0.0741111931611589,0.0971951044477861,0.151862528045511,3570.54770395054,1,1
238,-2,-2.34309506084818,2.30020120826975,0.826413526285935,0.884826721845881,2.15572619629456,0.427250515332928,0.0474087260330901,0.0743729395531808,0.0980698157512993,0.156488136404383,3511.70889816608,1,1
239,-2,-2.15876045143938,2.3554001220023,0.694649950474487,1.00369058693546,1.87687157050885,0.415694092063108,0.0481594091767625,0.0769475147450413,0.101063113103951,0.161112058821307,3568.79389077126,1,1
240,-2,-3.09960157565069,2.22177292457122,0.92995927787054,1.02722553184741,1.76403119428156,0.644370913861109,0.047896050342722,0.075994730872329,0.0961586205927942,0.158422005792794,3511.50274500772,1,1
241,-2,-2.41184081122688,2.28654154368481,0.827282015941878,0.950715056609465,2.00573741074843,0.437979058951672,0.0496658273850904,0.0781732732884302,0.0985381749561032,0.161342013385835,3506.43863732339,1,1
242,-2,-2.36620755652699,2.30088375231478,0.733387025731923,0.750186979937052,2.20001525834793,0.473400240329685,0.0483152403690638,0.0755034045145659,0.104616957551627,0.165023963294088,3506.59326087164,1,1
243,-2,-3.22109829474136,2.31242300140776,0.698117317627719,1.08277160852346,1.7968547437483,0.638207092811007,0.048628200193148,0.0778676995245028,0.0917189215910273,0.152548542856012,3472.62413841323,1,1
244,-2,-2.09117083865157,2.30959095400831,0.823353044631671,0.794756170278071,2.23009005844832,0.398235377617682,0.0464062611707281,0.0722969933381312,0.102708892768653,0.167985145766092,3527.33583489294,1,1
245,-2,-1.98439975767719,2.25478164382519,0.885398305887924,0.96032727623024,2.04031068181268,0.365297438814697,0.0490612218545191,0.0765322419898996,0.0982998569473133,0.156355214177759,3550.31060300183,1,1
246,-2,-1.91893351780191,2.34990632325543,0.763252085285267,1.10907351887937,1.89455035988456,0.346105581665795,0.0489251052208239,0.0773410165134842,0.098756390658171,0.158062167147876,3598.5608662873,1,1
247,-2,-1.89411694421379,2.30221093476173,0.848509251055372,1.02615819275863,1.96819516198466,0.346925964926805,0.0491079388840217,0.0775634827882767,0.0994450328489403,0.162640502200524,3552.99851096547,1,1
248,-2,-1.56589342081628,2.32752608245688,0.796803509475977,1.04690862586165,1.97936020568786,0.298685752205042,0.0483309998691266,0.0764406121989394,0.0980548581537236,0.162800823574654,3563.68401392276,1,1
249,-2,-1.70934823640989,2.33783304887807,0.793242825304188,0.937570813867502,2.13755484161118,0.317000636077337,0.0471206176403193,0.073629234723312,0.103771049451492,0.16849102255559,3578.81732262978,1,1
250,-2,-2.15906963312633,2.30685572407346,0.819985368753553,0.998142578523817,1.99943051176779,0.39219500585466,0.0489319323424405,0.0772385233887142,0.0991545288991328,0.156222315670733,3550.42895462657,1,1
251,-2,-1.78412405783867,2.26992410552069,0.843965979461172,0.968552670031252,2.08565638962866,0.318386151051,0.0495635616229331,0.0784149190326905,0.0995908447896409,0.160300754322198,3556.34694353634,1,1
252,-2,-2.09436679318903,2.30722093644497,0.861693155954105,1.05892067799258,1.90550990553592,0.39742709114207,0.0499763135193938,0.0775615674639006,0.0982027283162822,0.158656051483815,3602.64173101556,1,1
253,-2,-2.12990426877137,2.32209598703832,0.729061714823208,1.09919047482982,1.84494918413253,0.391653614483393,0.0480543460309987,0.0771185730768518,0.0993200691978179,0.165374729444934,3552.31306652453,1,1
254,-2,-1.53906192740541,2.20517017736866,0.996372869697413,1.05539129230055,2.03003901684654,0.277532473544058,0.0508017129311991,0.0763290575476755,0.099440408538426,0.164917962641588,3531.8404370374,1,1
255,-2,-1.58719482625153,2.41227255636034,0.677575098268203,0.904521314747745,2.19815151936769,0.280758307749591,0.0471101844592472,0.0731787636417972,0.102081958632017,0.166879711219472,3575.07883802407,1,1
256,-2,-1.5808989884635,2.25835546942448,0.905253201738982,0.75186774563074,2.40254552104882,0.295450669308302,0.0482999980045931,0.0754137990590835,0.107481622847018,0.173740709466006,3543.77104371685,1,1
257,-2,-1.66584368878298,2.32753657727291,0.728125293863931,1.00606667456012,1.98654413149363,0.307537381538786,0.0486725919564248,0.0764668117790234,0.0999324027135093,0.165120412737483,3548.88093958614,1,1
258,-2,-2.41754699035353,2.28243863161732,0.806547825188544,0.871143211789751,2.19219186415693,0.433506419843878,0.0488258695655531,0.0776182880433215,0.0997327797192224,0.163278194324671,3471.64634742061,1,1
259,-2,-2.26817481084595,2.31651416791436,0.764112953316162,1.03141680718629,1.87144396217939,0.43361736585387,0.0486012427201087,0.0765433169269392,0.0969113796660417,0.163344118687811,3504.06189319237,1,1
260,-2,-2.46922259401006,2.32843583362284,0.811403057423725,1.08611666508743,1.94589085629083,0.445512623574091,0.0496100062434594,0.0760410476316327,0.0941082741694772,0.153257115849063,3570.41232825696,1,1
261,-2,-1.2744819758202,2.26612723555665,0.888518341786317,1.05941309523624,2.03495135155815,0.245778422820221,0.0500227921554176,0.0779191635247988,0.098123814078918,0.166992612483819,3563.50318587645,1,1
262,-2,-1.84390575805542,2.31668581289257,0.812811455106741,1.04454371848829,1.95575472839785,0.338477339819999,0.0483588751143033,0.0735946392369006,0.099010524632168,0.15993205763755,3611.5072374995,1,1
263,-2,-1.5303739229663,2.33631887032739,0.771579928830136,0.885303073639049,2.44679101208641,0.26360352181046,0.0495313000764323,0.0806089689225803,0.100621650983326,0.166767008096067,3527.49451133585,1,1
264,-2,-1.88116357676999,2.25652468636794,0.826149329700997,1.03580347926166,1.82286920922585,0.385377032205405,0.0487953209237318,0.0782282338616024,0.0995689970358908,0.165269487290427,3510.03224985379,1,1
265,-2,-2.46023525637674,2.27781277172423,0.834033192475126,1.05602514760748,1.84738643666057,0.473500460552899,0.0475661218428742,0.0758106014333987,0.0967760605490358,0.155758104049582,3530.81451572721,1,1
266,-2,-1.84696647198279,2.33367360614808,0.757442305898447,1.01809766332968,2.07553828797023,0.320191739433073,0.047975694049676,0.0748940028377498,0.0971330812427314,0.158158578492503,3530.27590220692,1,1
267,-2,-2.39119126318835,2.37275926539812,0.717844196406029,0.951530080912964,1.97981874941799,0.445860953554143,0.0467274120533317,0.0731819137259233,0.0988823215804019,0.156913770052721,3584.11010554235,1,1
268,-2,-2.38628874098902,2.38082583933101,0.669646096370952,1.0746566998023,1.84555528927653,0.440061708736058,0.0478464339309102,0.0772953929374227,0.0973384158860746,0.153692538983627,3594.50566600418,1,1
269,-2,-1.84048010284388,2.25898317655037,0.90037415339278,1.0514098535913,1.88073839645849,0.341290570782988,0.0495675592640287,0.0784954393018209,0.0989543252051043,0.157867451133155,3582.13155495295,1,1
270,-2,-2.19553053875549,2.31589581684927,0.759304803569007,0.855176086036489,2.21150813864934,0.416782590666899,0.0463610290473445,0.0733775027778859,0.099880251553855,0.164878010610749,3488.23078784889,1,1
271,-2,-2.08009549157434,2.2575052406312,0.864145478830658,0.971146380238508,2.05040348268946,0.392361471448367,0.0505702337028736,0.0779579909154326,0.0992024988867376,0.160676661823112,3548.22391253273,1,1
272,-2,-1.9590746124505,2.27879781643264,0.852759013145967,1.06512050657084,1.85100294621885,0.386668357798785,0.0484720459954171,0.0769605744370966,0.0968966280314247,0.155911665549476,3577.7468698318,1,1
273,-2,-2.09624655541687,2.33087986195419,0.720008804852292,1.04400580564392,1.91196321493307,0.389047456219632,0.051041532267011,0.0801041715239252,0.0986263584268436,0.160296398633148,3575.11865792979,1,1
274,-2,-2.28772428218974,2.36336217426531,0.667844949509877,0.993808685555238,2.04381835826703,0.404916213027871,0.048334762210866,0.0762265191923399,0.0982403762214269,0.16157435208682,3522.73436734134,1,1
275,-2,-2.51125775749165,2.27446500341169,0.872853694412512,1.2037759071639,1.63413272966156,0.484962682069639,0.0506829385292369,0.0795825898515999,0.0904134323362386,0.145677944837929,3572.53094367835,1,1
276,-2,-2.23728710042267,2.2699642779198,0.835593571239324,1.0529935260187,1.94429391891159,0.404772656809323,0.0510588180157871,0.077708953397313,0.095025302365729,0.156256102860606,3522.7667798054,1,1
277,-2,-1.71334671487965,2.38964888121472,0.626231603672987,0.803289216258364,2.2721654429077,0.330240770636714,0.0445730028109173,0.0727879061805147,0.101812495135481,0.164650110151249,3543.89545286307,1,1
278,-2,-2.01268412457294,2.22644328683535,0.886026841659755,0.885101108982428,2.09310843094927,0.37945888109476,0.0471507527275281,0.0747930056277304,0.102109398913279,0.167204424957609,3481.78389145801,1,1
279,-2,-1.70711947256289,2.26063108636607,0.828349009048815,0.74296380952085,2.3822355625547,0.313942361585399,0.0485221930458669,0.0746628729973068,0.106359473604198,0.170387659088768,3512.65938629774,1,1
280,-2,-1.50912286036188,2.35136396065362,0.701673486925907,1.12274289256215,1.85490311713561,0.27426335290762,0.0486038401063576,0.0798476928728585,0.0988672070805967,0.158726167750435,3585.06031612372,1,1
281,-2,-1.95505039683043,2.32723560251776,0.788259482524933,0.981390496724815,2.03449956773446,0.354341412905319,0.0476363197146004,0.0748781823042498,0.0995978516108962,0.160389749407904,3568.29357503793,1,1
282,-2,-2.19169258001903,2.33718838605003,0.759605085086139,0.880727789531785,2.08382926027825,0.428446014156912,0.0457303401838751,0.0720690483178822,0.0975092970591033,0.161219404484403,3543.12723046299,1,1
283,-2,-2.61468713963776,2.19078389128997,0.978782170332024,0.9774212544499,1.93974259905975,0.506925876687791,0.0487893190654951,0.0759916856304437,0.0946243223498534,0.151467085422246,3538.94947581579,1,1
284,-2,-2.88305196903296,2.32100643504552,0.696518826662432,0.844096027723437,2.04331328989679,0.583980801270445,0.0469879748996634,0.0729339113614689,0.0982639460863534,0.15828843694579,3494.38862202223,1,1
285,-2,-2.17791520758694,2.25118712782113,0.906952863744244,0.859197331182941,2.09976825645579,0.442459248802393,0.0477273103692711,0.0751662163516093,0.101050732158168,0.165693902988706,3531.24839285817,1,1
286,-2,-2.03635737533937,2.25793963183155,0.914009085012095,0.999120295602134,1.85473198132973,0.40974261748701,0.0468805479852686,0.0750806984871472,0.101693698736208,0.162343867921067,3581.04484832969,1,1
287,-2,-2.37812715734721,2.27048874331873,0.857176039270627,1.00682920972805,1.99752682091787,0.434791880052703,0.0481889287772951,0.0751782423904621,0.097290470703543,0.158173262285665,3541.61184043848,1,1
288,-2,-1.97631676882646,2.32675185530225,0.707372160057107,0.902589498406405,2.12407825597198,0.352506808203074,0.0475157797253126,0.0757663467259172,0.10008672793769,0.158967323708328,3521.65045399922,1,1
289,-2,-1.40689779466415,2.26098855829863,0.891079356366152,0.979546604972102,2.20764511068385,0.25216098177762,0.0498186316649671,0.0783275600672952,0.0978685409352038,0.16423792109158,3514.28153175454,1,1
290,-2,-1.98664113011918,2.32249868624157,0.807359491617854,0.952847762634373,2.08795404608135,0.361842568094656,0.0496421851572098,0.0755253220500097,0.10170550189244,0.163198781177575,3569.82597286192,1,1
291,-2,-3.29238952509251,2.39385284608933,0.669586306336743,1.16943399570013,1.68769406118994,0.673964027384743,0.0483533503089114,0.0759904748248432,0.0915434272902619,0.146449675199088,3597.398287194,1,1
292,-2,-1.92975106782705,2.22059683284443,0.952991463555497,0.969668631476526,2.04677158115812,0.34234371954195,0.0496717097365249,0.0778320877680202,0.0993525712767392,0.160981523361974,3530.46166337403,1,1
293,-2,-2.11886525253011,2.2702662848317,0.85369560540371,0.964280952755254,1.96277840240698,0.412382486670649,0.0485015655087169,0.0749439427724776,0.100539864935565,0.167201125125037,3530.23052327792,1,1
294,-2,-1.61578666688463,2.36390750475354,0.716010854099083,1.0248754480793,1.98849114537048,0.290831625512584,0.0468538476924219,0.0741241264939389,0.098993146285451,0.159775170329775,3584.98071623174,1,1
295,-2,-1.71487114264857,2.30265817954406,0.853928655775716,0.977552089379504,2.09856358996903,0.318540036150453,0.0485777455714548,0.07606056155411,0.0983327892315762,0.161971334714442,3570.83033744391,1,1
296,-2,-1.72764256242867,2.39139596520404,0.715188710520297,1.00142428167819,2.03512675876489,0.313488601170365,0.047655866217708,0.0747817555978488,0.0979258283717503,0.156760665910126,3595.10310572766,1,1
297,-2,-1.57182353157404,2.30435295632892,0.761099595210646,1.0827956212357,1.95295502741604,0.278531370599485,0.0488522106050686,0.0784004217758173,0.0981689365310828,0.159730470364623,3558.00572409147,1,1
298,-2,-2.30397399618153,2.25656451999383,0.923595495454946,0.837726799662932,2.23968316503764,0.412909627212815,0.0475488609846403,0.0748684471227768,0.102678964533835,0.164706150022432,3514.80604706291,1,1
299,-2,-2.42174044996025,2.36069784947137,0.743892219755966,1.14482632670885,1.73155056561656,0.456395945335899,0.049144286489957,0.0776837112462668,0.0954060673511512,0.15834003246776,3578.08819562035,1,1
300,-2,-1.82406658928162,2.31033036582401,0.882392116815256,0.899548691204595,2.17181828847989,0.331114136460463,0.047013551960894,0.0731403577950895,0.102168035089799,0.16302896383785,3596.88353974117,1,1
301,-2,-1.42155904464822,2.32322835310598,0.760406226510809,1.17521826033595,1.87400226413103,0.246785621284444,0.0510727634696865,0.0784189301178077,0.097674524908471,0.162486188240442,3574.90191779307,1,1
302,-2,-1.74855781869418,2.23860893536171,0.860042521106878,1.03431633240395,2.01890674932757,0.305367426788078,0.0506118384096376,0.0787704114484616,0.0986752542586342,0.162170737366497,3520.44579517612,1,1
303,-2,-2.11451541730063,2.36390336464112,0.733420590870539,1.12363710451444,1.90213990636323,0.355892013296668,0.0510962298893145,0.0790819007512957,0.0970683154438479,0.158348246459199,3573.85043047457,1,1
304,-2,-2.49559650543319,2.29364672812376,0.787679565614693,0.921339108060617,1.91989579164855,0.508737941287172,0.047855513768149,0.0754212713841604,0.100171014110125,0.163984331150232,3512.64167195304,1,1
305,-2,-2.07139858708396,2.31177767012255,0.796027123220749,1.05043603301762,1.94203137686264,0.376009589199868,0.0493061892011636,0.0754279757787213,0.0968052715415373,0.156402065828609,3557.77751697974,1,1
306,-2,-1.74963061360558,2.28791666444506,0.897817623728375,0.854822016838182,2.28587019595715,0.327409850979325,0.0469252547565489,0.0747656227221414,0.0986798123778601,0.167832736752425,3518.68080296,1,1
307,-2,-2.28333969287436,2.41640985571251,0.65112998665544,1.08213050882883,1.88648315789046,0.407732004666117,0.048679860674514,0.0779244657768083,0.100070660912097,0.168222389938031,3564.85772554103,1,1
308,-2,-1.76749456687673,2.24425100364663,0.857573499782035,0.961769677672217,2.13115415313592,0.319235740611149,0.0498594631027558,0.0789097618928344,0.0968152607370352,0.159352480924063,3509.82110462218,1,1
309,-2,-2.07702660289837,2.32271096920552,0.795679343706184,0.979661489960469,2.02250822363812,0.389745935635583,0.0466589729362122,0.0738280406586656,0.0987368772194792,0.160648557036519,3540.94377223414,1,1
310,-2,-1.94907566279233,2.354890194468,0.736422813728363,0.927715211160162,2.10470376431684,0.369069694851072,0.0450855444892237,0.0727091074154707,0.0946646551669388,0.161218654434714,3504.67633849351,1,1
311,-2,-1.85093686565738,2.32734555715438,0.798918579834376,1.00191304735976,2.05075611596113,0.330174043735608,0.0484675837779466,0.0771609774391465,0.0980160236970049,0.156740629452458,3582.398901691,1,1
312,-2,-2.98297982104339,2.2324534445299,0.909674736528285,0.959428883596232,2.06088086953018,0.553520913215281,0.0492132903444067,0.0772165229186301,0.0933844833250296,0.152028464029997,3462.5828570069,1,1
313,-2,-2.59711772038662,2.35765679919401,0.740551935061364,1.09795194392593,1.81047352343584,0.494586833507672,0.0479889115753714,0.0768782137698165,0.0937189465114773,0.152678808394326,3572.0261156055,1,1
314,-2,-1.9387485027192,2.27860538426257,0.824894053114279,0.949517627006802,2.21648524476871,0.34913704681793,0.0503201956928327,0.079204121218497,0.0986292706977646,0.165893943903591,3496.27973269019,1,1
315,-2,-1.73558915092649,2.29006828852308,0.838049704818094,0.973216338581092,2.10076801040875,0.317556974503498,0.0490357440873411,0.0780405991024191,0.0990060912742125,0.161848142130989,3549.32456464467,1,1
316,-2,-2.03792995185407,2.37267215418909,0.675959679839933,0.995767201477507,2.04807784134272,0.35145909076361,0.0500846950411396,0.0792993605664299,0.101546687707708,0.163967003089938,3514.14614319887,1,1
317,-2,-1.99159371715789,2.31385826442342,0.840250187227146,0.957674028527158,2.17684207820901,0.353613637150124,0.0479694555818522,0.074890151478595,0.10057290977627,0.169677896695859,3527.17145257457,1,1
318,-2,-2.10032265547735,2.26961810896249,0.832029439006575,0.889430838555644,2.23242006266951,0.374079569748932,0.0494404651592445,0.0786199447551079,0.101893129092738,0.163675365490577,3497.62159440953,1,1
319,-2,-1.32668278345121,2.32116005289574,0.757858971837155,0.928217586819986,2.25878390733139,0.231214868740701,0.0491000412783494,0.0773896723432481,0.105485180795719,0.171196889359451,3562.9652961812,1,1
320,-2,-1.60197833623277,2.28181511779041,0.839556467231268,1.11795678523851,1.9829166317969,0.292803754339454,0.0513555805157958,0.0772035793259126,0.0979137931393988,0.168264046944591,3563.01921083589,1,1
321,-2,-2.044251191953,2.35985369761013,0.713543222632179,0.971905232118201,2.12418197882567,0.359972297392388,0.0484168487134667,0.0756903126485652,0.0980766328125478,0.160333256780806,3528.68458634542,1,1
322,-2,-1.97945657644717,2.24035871824273,0.825329190656094,0.945795896765879,2.06489708584675,0.356872020672497,0.04892402930261,0.0760306166113657,0.100281659161939,0.164393604668854,3476.20065991607,1,1
323,-2,-2.01858708174151,2.28416719451498,0.832695785254565,1.02622231511581,1.95929781035352,0.363163427279598,0.0498041093396938,0.0766588736300686,0.0995474112874248,0.161138997845046,3549.30653356008,1,1
324,-2,-1.93529398672588,2.3776329423432,0.712753771547006,1.05515765721337,1.90082724080803,0.361056735071056,0.0476061106072952,0.0749812041514104,0.0957844341373411,0.159461080393936,3574.38109594463,1,1
325,-2,-1.69770485630335,2.308352912236,0.827810280054046,0.941541321480754,2.2201570586719,0.277374052718906,0.0508745528127122,0.0815013715944603,0.101634272518198,0.161647787614069,3542.41646068048,1,1
326,-2,-1.88744008966478,2.2360476334128,0.843604593472943,0.962459055294361,2.06794947641646,0.337957210306705,0.0509530792961625,0.0811349314599818,0.100793411732024,0.161071782274976,3520.98478915435,1,1
327,-2,-1.82453644167397,2.30121180011285,0.799885853083458,0.963501973544744,2.1241371943723,0.316898033468949,0.0479853949715078,0.0767197870056883,0.101898006076446,0.166568981880766,3540.45716265491,1,1
328,-2,-2.24190544245119,2.37003893556997,0.726534960070316,0.881463430143877,2.10371493820123,0.402282073732315,0.0463132042248608,0.0732068976220764,0.103691988075974,0.162077807327743,3575.18050913858,1,1
329,-2,-2.49014688450441,2.37710749157296,0.703411812176338,1.01795674586684,1.86832927729767,0.48901526711909,0.0462790493329359,0.0741718779514994,0.0949147354899773,0.15275943316787,3570.88823626036,1,1
330,-2,-1.88617987936829,2.40720326028993,0.690595668950454,1.13594876778933,1.96644372552266,0.312044688540141,0.050441250437518,0.0798687244910427,0.0979803735485703,0.161688125629724,3583.27798006628,1,1
331,-2,-1.50708607628336,2.27673249252964,0.809241756821905,0.863781231046152,2.25503120639005,0.297697562371458,0.0481625107517968,0.0755523943607915,0.100912580481313,0.167205584181199,3533.54373030938,1,1
332,-2,-2.7876054211039,2.30597570765113,0.855159808918019,0.995643154348119,1.90787290054191,0.556368306200351,0.0483975189751658,0.0769288396535212,0.0970635889635535,0.15745476936344,3573.11591469194,1,1
333,-2,-1.45456649384806,2.36185899868366,0.748453149707574,1.02900357339785,2.01896590405561,0.272813674266368,0.0477513832544376,0.0752365740761072,0.100750816401737,0.168178142936343,3575.13246565134,1,1
334,-2,-1.66496999749242,2.33120365332032,0.737871020748627,1.00576151700135,2.07472239700597,0.29526222489783,0.0493502272446817,0.0774411944193064,0.09727591102205,0.156094062312307,3564.20227608734,1,1
335,-2,-1.91297321968019,2.31025534788411,0.823453272044209,0.997400400152637,2.03635827245813,0.340079866337585,0.0471680752258359,0.0748658816599847,0.0992530299622927,0.162846452189591,3524.88387579645,1,1
336,-2,-2.60302769125725,2.30126204901501,0.840775929683749,0.81844912653462,2.18231712677521,0.520281502048533,0.0457030973819395,0.0707079343201375,0.0997087042126516,0.161200451540337,3526.72709325508,1,1
337,-2,-2.0168504634687,2.23654428999505,0.81067570367175,0.906542843624565,2.09939650880195,0.363780684903365,0.0488518647170022,0.0756870877730969,0.100309767018104,0.161730796660691,3469.06404300432,1,1
338,-2,-2.16396831542675,2.35540325097662,0.733912490066633,0.997617038392402,2.12576756985718,0.378376571652158,0.0491943497347914,0.0779443705304899,0.0959821847741274,0.152061927282356,3580.07587880971,1,1
339,-2,-2.10144921552059,2.23975916965791,0.920042683505698,0.787286349548815,2.26239578816742,0.394030168646058,0.0457116266021776,0.0710123759099754,0.101544454669835,0.166645358087052,3495.39934732223,1,1
340,-2,-2.40162108509925,2.30077040947107,0.769431984133526,0.998914826074363,1.91474696064155,0.423753390116931,0.0476538537646769,0.0770833235586103,0.0968987675369192,0.155788773258704,3512.7496453143,1,1
341,-2,-2.18703196698915,2.28656310294909,0.825119532298643,1.04464963993006,1.87545044155037,0.42904678534037,0.0485284646693456,0.075498175355038,0.0966880936597797,0.155347598778855,3573.79692753029,1,1
342,-2,-2.56698055234385,2.28446871129882,0.807728536204836,1.11341281697606,1.7227976774014,0.507214801288024,0.0496148596254991,0.0780948077773502,0.0961390480962597,0.159124795494822,3548.13573438819,1,1
343,-2,-1.59617306726275,2.24641530244474,0.888737573535077,1.05191448472618,1.84394266917148,0.303503029653646,0.0511653565465728,0.0788851014564514,0.0984047654237369,0.157402760617631,3583.63505413299,1,1
344,-2,-1.63021709607424,2.30188125831042,0.78782169935987,0.868649812284666,2.28494687215528,0.279749756422617,0.0471010640091781,0.0750768988664586,0.104375171901087,0.170327243055524,3512.23658309598,1,1
345,-2,-1.9452202918032,2.27751339842224,0.875002768118709,0.90164575751581,2.09360420355701,0.362877828590154,0.0469258567147696,0.0748125197956579,0.100908866372446,0.164995612484127,3519.81922344563,1,1
346,-2,-2.44761440028081,2.3030189481959,0.738624156598302,1.00291286950569,1.93697493014883,0.446309057011907,0.0489845909502081,0.0764079290811607,0.0943627876708478,0.153616871193276,3503.92386620725,1,1
347,-2,-2.12539550804778,2.22674743740512,0.916945247760304,1.26250861261143,1.62840341665154,0.374196795921546,0.0525542719837757,0.083337791868214,0.0927178440223051,0.14911949318558,3542.60245166628,1,1
348,-2,-1.94925199594254,2.35429300040988,0.679634321675599,1.06362978757143,1.99908386586881,0.332461137456104,0.0481114325181474,0.0783045776047568,0.0965960644201801,0.156768184368983,3519.24142014653,1,1
349,-2,-2.6592476221359,2.31083985939676,0.820175013508431,1.04286039638883,1.77893572757425,0.521310631062976,0.0467347160150257,0.0746017660103249,0.0972543091568733,0.156149446415945,3555.72166001254,1,1
350,-2,-2.68372513850969,2.36441771423838,0.731760891253499,1.08294391137585,1.77406077958267,0.525328822097529,0.047014487848444,0.0763106206604641,0.0947343643992011,0.151496686514111,3561.63747298271,1,1
351,-2,-1.7585723251455,2.33804303249637,0.71817669235129,0.8386535137695,2.22902649200674,0.331762497304554,0.0472842669365567,0.0749798360197142,0.103081275589748,0.166117241245531,3514.85004660146,1,1
352,-2,-1.74495232379161,2.22762019474462,0.889702482180669,1.14663946148281,1.80215384041419,0.323559497582689,0.0495190049357823,0.0774054008817892,0.0981684296265906,0.163000129722024,3514.93367988046,1,1
353,-2,-2.20250337272852,2.24872939101323,0.844031774628098,0.926762640732702,2.02359573409852,0.410757546272198,0.049280310290869,0.0757771624174337,0.101513177775084,0.164701062564889,3483.15425315681,1,1
354,-2,-1.63655574506301,2.29220018313143,0.822466362111782,0.950488642233413,2.06536926952108,0.29533268349679,0.0490213219055551,0.0754232399885181,0.102173892536271,0.166221862750389,3557.36789951155,1,1
355,-2,-2.10740827314702,2.3144409990611,0.675886181686927,1.00895484174925,1.86519337162343,0.420471075578128,0.0475946413420894,0.0755854884264097,0.0974180188045934,0.158593366662673,3534.30514584102,1,1
356,-2,-2.86083943059839,2.3113628953584,0.772975482764511,0.952817504416356,1.97211468016419,0.549296772191259,0.0471197351216158,0.0736170889017881,0.0952813901773996,0.153470827728939,3535.21350337605,1,1
357,-2,-1.61123176649564,2.34342638912747,0.733634796914113,1.04116339840229,1.93600206097383,0.311142652230713,0.0480966291571201,0.0763411973907729,0.0979049064946411,0.15715772473155,3573.75824990113,1,1
358,-2,-2.46321210132794,2.38234759546155,0.662059806747815,1.13306062274449,1.68541236968259,0.499407420205521,0.0492612586513639,0.0774796045447508,0.0929620824716386,0.150288823507267,3599.54788595662,1,1
359,-2,-2.77238955139216,2.34091495774029,0.763910055735387,0.940518837708931,2.01250962708131,0.538550884210849,0.0478130657848623,0.07446263035203,0.0990941137613087,0.162334459696066,3527.5393148704,1,1
360,-2,-1.70067224152886,2.23721520295136,0.950188078871633,1.05859593318875,2.03041200074051,0.28653475398543,0.0521618794226267,0.0795555604781626,0.10164799413049,0.163450907683802,3551.05737242245,1,1
361,-2,-2.34711715184483,2.32235627705469,0.805626184898168,0.98143313748922,1.90596747039309,0.431821210870886,0.0471828919960139,0.0744702688000841,0.101454934351461,0.160959971560234,3541.57035636641,1,1
362,-2,-2.52051951364951,2.19861400662798,0.91876017033831,1.06303852784994,1.80867138027022,0.473969419203429,0.0508692036863855,0.0793578275272249,0.0944755782845476,0.151802291692764,3507.88825178975,1,1
363,-2,-1.85458749085881,2.38637529322328,0.650293854905829,1.19603242926581,1.85897181504719,0.31056643939478,0.0496618237230526,0.0790395682886248,0.0959814500617432,0.154883558857948,3586.86969054172,1,1
364,-2,-1.84680719490491,2.30941028354405,0.765999554550643,0.911054684751487,2.06275138022374,0.354646382203757,0.0489295702588671,0.0772349799240683,0.102590144808654,0.169056838751647,3525.97378971656,1,1
365,-2,-1.88144271946613,2.26109373366739,0.882533475278865,1.28396563983604,1.63221028189109,0.35122986381014,0.0516598837804438,0.0811697191228787,0.093062456097851,0.152489330030167,3580.53790268083,1,1
366,-2,-2.16258172463652,2.27640531024083,0.804108186144669,1.02428286826717,2.06610091786411,0.371910600255778,0.0496320292529035,0.0776787176126427,0.0969063463467196,0.161073451227921,3485.750189748,1,1
367,-2,-1.85943867817076,2.19552626463296,0.914708854575861,1.0603126986589,1.84597094626394,0.35513467344253,0.0499581020448473,0.0780494653947732,0.0979337470931201,0.160876617482368,3516.39776217747,1,1
368,-2,-1.78013152628409,2.3551460436779,0.731218976017452,1.14987140340421,1.79979771692351,0.317951524003544,0.0488614926552472,0.079169245661935,0.0972215452931213,0.156834117117968,3591.04082754935,1,1
369,-2,-2.29402491126593,2.32040111884193,0.672536690921626,1.05459410995381,1.99557455827899,0.40636950760129,0.050169536106017,0.0791099856326565,0.0964973931523579,0.156977442681882,3476.16719382016,1,1
370,-2,-2.21406155518771,2.2889859812951,0.793566420669713,0.985240734047857,1.97217172394052,0.407623561016528,0.0491174865171583,0.076131030090011,0.0993737621451049,0.15934060273231,3536.75724801073,1,1
371,-2,-1.90414299842818,2.43612290399638,0.649042648120979,0.996145548168777,2.08976081160171,0.352281940399402,0.0468371479309162,0.0742930861104455,0.100322491851998,0.161268880729099,3641.11649019721,1,1
372,-2,-2.4419335178373,2.27920106219659,0.906721594065987,1.07909407141123,1.84853193589882,0.459309797025888,0.0497484834023095,0.0769548877186066,0.0952210903449305,0.157172145324208,3551.93428618796,1,1
373,-2,-2.07066639766267,2.28421436231176,0.825505544809275,0.95154563524767,2.07357228918349,0.368367550362015,0.0476973123634269,0.0743208162853796,0.100852366439785,0.161412290995312,3525.19111457423,1,1
374,-2,-1.96693471133592,2.28226751845078,0.812163388997635,0.743030252607312,2.36258494289876,0.376057141312117,0.0470511295716901,0.0736997570241051,0.102811869105197,0.162696671732836,3531.1646455453,1,1
375,-2,-2.01443228147881,2.2630131599021,0.804890649046183,0.932843867436305,2.02765620219921,0.365355349990201,0.0486159478067476,0.0757078923004298,0.0981555669664773,0.156143845872488,3533.87471524635,1,1
376,-2,-1.55909077770834,2.33442649908454,0.701955597553888,1.02004971955025,1.98364520129227,0.285348241217195,0.0498406452867313,0.0786705495685239,0.102730435440345,0.167143751268804,3552.592964051,1,1
377,-2,-1.92728381544004,2.37240145304719,0.748368897711561,1.00312995087978,1.92795502896123,0.36777427799676,0.0472631239414922,0.0733168361079127,0.0990269430068324,0.158507580078625,3605.93612842183,1,1
378,-2,-2.55203944068817,2.28593160792542,0.80939798188696,0.935172054372898,1.99619158798844,0.498611555330363,0.0488061393219565,0.0766696922523719,0.101109751451125,0.162702175647692,3509.83962760854,1,1
379,-2,-2.07294078921003,2.37740644595165,0.601888170852036,0.912684585989108,2.14288570571999,0.367614507055819,0.0447189815316105,0.0747675786476729,0.0987576014461992,0.161040350709608,3494.42668872347,1,1
380,-2,-1.9466520750354,2.25999563859357,0.790047150315544,0.971617735544795,2.04051069400511,0.358838221075792,0.0481958811764604,0.0761116323843165,0.0974510194913957,0.155583510441346,3513.38086519277,1,1
381,-2,-2.15576110906501,2.38307946838036,0.644654456219855,0.838867998002581,2.24420990285034,0.378625018456618,0.0461760637729999,0.0763304028737771,0.106305622766379,0.167774161922966,3505.85111570197,1,1
382,-2,-1.72757199045176,2.32072242417927,0.807967794070763,1.07681457469074,1.99240894772278,0.310531578474231,0.0485228614988714,0.0776718622294109,0.0981764281535277,0.158729299399031,3568.20953627895,1,1
383,-2,-1.7819757064987,2.37437254438964,0.674952065842964,0.800520991323837,2.2678104825618,0.322822704185297,0.0463246306376065,0.0724757733238307,0.104349909612049,0.164469991551809,3542.68817138393,1,1
384,-2,-1.81155340354925,2.28790868494032,0.784284097997069,0.893064432041047,2.14679583270215,0.321848135917427,0.0475439672105682,0.0755597864050724,0.101054624806377,0.165516323768934,3492.28288110522,1,1
385,-2,-2.68463570673591,2.22007069454969,1.01146205464233,0.968066294221473,1.92578540412742,0.547124210586784,0.0486607483875634,0.0745537607988962,0.0965529217749365,0.155420173597171,3534.42664497109,1,1
386,-2,-2.08208739281223,2.29551333105482,0.755876998960905,0.894407870414302,2.15682233836398,0.366914906633247,0.0476275452632842,0.0766292907352973,0.101302896490565,0.163272505559077,3482.02749347251,1,1
387,-2,-1.87179669261378,2.30532845184996,0.765783723902866,0.993212593791169,1.95517299249625,0.358413386465522,0.0487483132503346,0.075074689714454,0.100957713807582,0.168015784893338,3547.76359931132,1,1
388,-2,-2.45330158252047,2.35886471500898,0.667911557520002,0.934056633560432,2.0696851424413,0.460482593281577,0.0472574617041064,0.0748733034457599,0.0990269155251649,0.166175388197586,3516.38097894592,1,1
389,-2,-1.88483701220023,2.29457318861024,0.824722390443747,0.938526319563564,2.02857284580836,0.354975454855318,0.0501844604651728,0.0781811795671867,0.100938587877486,0.161807696935624,3546.14207445043,1,1
390,-2,-1.70382585024541,2.26572304851278,0.833361572808192,1.13896296915713,1.77192360884998,0.326065290972999,0.0494765870462496,0.076304235263886,0.096390850896467,0.159920676072241,3577.15709281565,1,1
391,-2,-1.78317167903137,2.12796737175095,0.983682201992754,1.00667656051779,1.93722361156995,0.320531121546247,0.0520912335260195,0.080591823587206,0.0963572189242474,0.155646666935051,3489.76671938924,1,1
392,-2,-1.83507196905837,2.27048977086674,0.831524724142573,0.902695359245824,2.06491638896551,0.350105096040373,0.04799319889153,0.0771642725154917,0.103510347638089,0.16415823205767,3532.47426286025,1,1
393,-2,-2.21826573311899,2.27993985399403,0.786515177038517,0.92056052023814,1.95146814606175,0.429690600043191,0.0481559024584661,0.0757806500721682,0.0994453021296075,0.15969347136567,3525.94212506445,1,1
394,-2,-1.64070781108319,2.31489107794314,0.815167430388067,1.00083956889304,1.97016783076263,0.307818932344413,0.0485450678305524,0.0754212566345177,0.102498042918379,0.164882555978447,3592.77181362116,1,1
395,-2,-2.33095173626553,2.35289251511001,0.71647619507766,0.959908846729754,1.90290917615327,0.453037726873837,0.0481737495164426,0.0757133057653578,0.101305096296124,0.161361395543553,3538.0850768746,1,1
396,-2,-1.94259620451491,2.32139614732075,0.749123798085661,0.881613788978309,2.14775142566412,0.364162882241106,0.0461992053457324,0.0748434255658832,0.103900091067553,0.167693927293701,3559.909549216,1,1
397,-2,-1.58788813280232,2.24355262163391,0.951888871125657,1.18837377822139,1.77979981860507,0.293283759011987,0.051790057987224,0.0801378757087769,0.0976134164242123,0.159666835994633,3603.85407325475,1,1
398,-2,-1.69506420179796,2.37774483308576,0.713205135680047,0.918122365077662,2.15732625337375,0.307760521847013,0.0493589395194691,0.077232176726572,0.104382789903419,0.165664205255432,3593.40308459317,1,1
399,-2,-1.96215019109803,2.24069574721669,0.877716876069868,1.08455503701916,1.99894320517449,0.331124425914736,0.0523743383751991,0.0809648317412309,0.0970327650904924,0.157735673436318,3509.5786796961,1,1
400,-2,-1.96733144044506,2.28600601405277,0.834476750676611,0.798798809312531,2.31336110523349,0.360128787376612,0.0465291325944962,0.073452071361513,0.102139653253961,0.165588512924802,3524.30207458996,1,1
401,-2,-2.30093693646362,2.34143048611692,0.763273608206037,1.02121725873234,1.92728964052825,0.451762046538289,0.0465071685278298,0.0746988492417085,0.0966419388759629,0.159795428268319,3540.00384883451,1,1
402,-2,-2.25252913271113,2.28020937386352,0.805230735231339,0.965154619198808,2.09366134530712,0.410035674370699,0.0503824261055293,0.079129220850515,0.0976509967117873,0.163337156328203,3487.51229498632,1,1
403,-2,-1.78355568968858,2.44263788765826,0.55791216666006,0.948144794825236,2.12482961130868,0.330773208481839,0.0483683661396818,0.0780354122965585,0.100450433589438,0.162211566299042,3576.95508258206,1,1
404,-2,-2.04931801967699,2.28501541618941,0.818115850161554,0.941284941195406,2.08626267198695,0.380398649356244,0.0492773899414209,0.077288646345041,0.0989031070417801,0.161783255425316,3530.69821081649,1,1
405,-2,-1.75045641061478,2.27455162665829,0.856207244621732,0.882809504562304,2.1665458381902,0.324263303862789,0.0469045557708778,0.075078712364084,0.102944690047037,0.17389571009548,3509.56769775974,1,1
406,-2,-2.66908998287131,2.2786683370986,0.880699819469397,1.00900503909785,1.85616715777124,0.501681354956942,0.0477763609529911,0.0747926472732549,0.0996350833492105,0.161486808693716,3543.78598814845,1,1
407,-2,-1.75547342753275,2.30276593018507,0.818301029023025,1.16941514977477,1.88931540745446,0.315607703462721,0.0506649199956963,0.0808947145820869,0.098240318205561,0.159476460166542,3594.54656140876,1,1
408,-2,-2.48468874658662,2.27090482477059,0.863578490995662,1.02149187706579,1.79475450631759,0.494721300067782,0.0492820599216433,0.0773213375007615,0.0979986171419519,0.157152589211936,3537.13473366261,1,1
409,-2,-1.64212965162683,2.23520914743725,0.875890843755099,1.12979505941042,1.86755821353604,0.300692419970605,0.0500472186323979,0.0782033114060902,0.0962121640744839,0.161750957702735,3528.10383792356,1,1
410,-2,-2.3394138978307,2.31564377492055,0.81304414936343,1.04176112881444,1.92161881988924,0.433644729860821,0.0483096526093145,0.07612785070775,0.0949448831269883,0.157288422158128,3538.79945493459,1,1
411,-2,-2.14365560156468,2.36865196302821,0.748876198390616,1.00498358121998,1.94745124705134,0.396395718762241,0.0466346520102404,0.0729351413291282,0.0998228966295919,0.16199296899197,3567.26267272055,1,1
412,-2,-1.40013371405751,2.304541306096,0.791530232039669,1.12114970070421,1.9328705895986,0.250472150145719,0.0501500103498386,0.0781307585707903,0.0989182881679226,0.165118092297656,3546.14340427837,1,1
413,-2,-2.06380719631481,2.42349666963589,0.575747765239913,1.03609430822939,1.87678486074528,0.406039741116339,0.0476289130768012,0.0768732480785332,0.0982212598158022,0.159142569044429,3584.5369223122,1,1
414,-2,-2.26356193891574,2.27104214517639,0.869835392137855,1.09861568428896,1.89264763529629,0.400016405943414,0.0505912012767872,0.0765854426818876,0.0974302119464501,0.156512246138525,3568.31751875594,1,1
415,-2,-2.22251307133654,2.25153198755188,0.877426735323715,1.02001719480927,1.92399006513956,0.394065172556231,0.0487252429328744,0.0770602650080978,0.0982250424337643,0.158962202337658,3536.94103534931,1,1
416,-2,-2.35193929697395,2.31817927014598,0.777957296738095,0.99729340799784,1.83771151219334,0.47986746523016,0.0471648030691657,0.0726337408343586,0.0963247010062366,0.152533586413172,3565.80374087252,1,1
417,-2,-2.00887457239261,2.28316517834861,0.812049809542999,0.96623158171725,1.96834745381042,0.367885501493733,0.0492079285915246,0.077187643883788,0.0993362303757057,0.160578522608497,3522.84318479529,1,1
418,-2,-2.65147754089202,2.3749736034129,0.726792215495175,1.13992068287242,1.71966082993871,0.568401715909957,0.0483199777786344,0.0771101634730058,0.0934503180348104,0.152817572412553,3623.96295552279,1,1
419,-2,-2.28494027524742,2.30760838312323,0.804882838323987,1.01975936447471,1.8637609079674,0.459812313036952,0.0476145580888139,0.0743003021338929,0.0960487435960621,0.159496896775787,3550.09845957485,1,1
420,-2,-2.04499475837662,2.31305943793655,0.829662057162901,1.12300303049674,1.84308152252003,0.386832192709884,0.0494243231159908,0.0777150126132852,0.0957376977547857,0.15890769003982,3579.46665900024,1,1
421,-2,-2.83856249358882,2.22935889413908,0.927213443504728,0.927790953248745,2.05576071742757,0.557030177696427,0.0484068722813449,0.0753683129376846,0.100040577012646,0.159680238466981,3538.77757280903,1,1
422,-2,-2.38287816739121,2.27364477780142,0.862796536642478,1.15546365008127,1.7608256892138,0.445414924696609,0.0509295669390555,0.0790109181320299,0.0940878614442892,0.152075691636031,3563.31154495056,1,1
423,-2,-1.99377303976945,2.31767091970903,0.822895087946427,0.803217956822781,2.23398013993146,0.375133662610934,0.0452534918295951,0.0718122948262302,0.104277893009184,0.166679496197867,3544.28975711529,1,1
424,-2,-2.21860752768622,2.38140857601351,0.660598955868605,1.05140095755666,1.75798231356606,0.44163213947084,0.0468799123310371,0.074663219798462,0.0979115378890827,0.162355688958131,3586.38197530755,1,1
425,-2,-2.41321864771416,2.25177622770579,0.857422280916284,0.955056172335812,1.90541705802037,0.476840336802677,0.0475551406531256,0.0747227950885895,0.098922698630959,0.162694672745245,3524.39759061603,1,1
426,-2,-1.97308363980497,2.35741842043945,0.77603563592815,0.976138645839493,2.04656501675502,0.364745803644193,0.0477527404694093,0.0745440291421952,0.0975450807836575,0.158087425619354,3606.81431701152,1,1
427,-2,-2.32265051914244,2.30778627227064,0.7772240441886,1.04568450323618,2.08375990900847,0.404250504338227,0.0500304346565322,0.079939710828062,0.093163138680437,0.148801950037907,3553.16689239919,1,1
428,-2,-2.35943460406966,2.33191450215479,0.762811516740175,0.913878611181993,2.11442034257034,0.431005371507697,0.0497099832413512,0.0776973672142286,0.100995641291308,0.161208450889583,3559.6424025825,1,1
429,-2,-2.1686536321829,2.29284923726384,0.859649405143859,1.06403917871216,1.87577493087744,0.408781026913989,0.0509326717622111,0.0781865633100563,0.100264377788382,0.161049975500545,3589.7796995742,1,1
430,-2,-2.31887756037608,2.34128802132063,0.733542498001486,1.08045989492097,1.80262035815062,0.453719513678057,0.0494641831224176,0.0769745761613563,0.096185429403986,0.159196748961383,3551.72583712627,1,1
431,-2,-2.66117612975609,2.29706748062204,0.808498700585609,0.989009463485949,1.99657658559849,0.489539441506003,0.0482604378055199,0.0768721203383561,0.0971276808654422,0.15796826914275,3515.17927978639,1,1
432,-2,-1.68089600781528,2.34399542892619,0.736930534830547,0.741646888881352,2.39121266484542,0.326937665892186,0.0461943295424377,0.0752212953468026,0.104413994930268,0.168658697971596,3543.20513197263,1,1
433,-2,-2.61085061438589,2.32607051391507,0.795671943133925,0.915722625937696,2.07462583145799,0.508044816989436,0.0476162880974017,0.0751311272124122,0.101777704994155,0.164852862378069,3554.4703227599,1,1
434,-2,-1.92436446037656,2.32000975719455,0.769101197110092,0.98107557178366,1.99567073332927,0.355152002761806,0.046634327760267,0.0739656273358018,0.0977821083114927,0.160784924651216,3546.7748050059,1,1
435,-2,-2.03529119768786,2.27667653462714,0.750187468990844,1.07063889972169,1.83320089295822,0.369162087386067,0.0498208916583194,0.0805058255102786,0.0947431811136322,0.15543660503724,3484.10283305114,1,1
436,-2,-2.32997451861132,2.30649804819035,0.799053045818906,0.944532898269236,2.11986885874078,0.414994598329715,0.0486649251414462,0.0740073709228321,0.0979213137588133,0.158069436094343,3516.22353743838,1,1
437,-2,-2.11382028128363,2.28074634648255,0.811671500323384,1.023817162584,1.81837572987009,0.429422366462329,0.0472974597567849,0.0751060579538255,0.0967830382965031,0.158279944381765,3544.9581959331,1,1
438,-2,-1.52765126166634,2.29492433238714,0.811301244727094,0.933084724655223,2.19886646645996,0.276089005095744,0.0493664659272417,0.0760254247417889,0.0999183631152637,0.164121713065115,3532.22857120037,1,1
439,-2,-1.73474837798033,2.33503738802354,0.797528835980735,0.932483724307415,2.23002365957716,0.296220106129969,0.047132205293498,0.0742981861695029,0.0988457758880466,0.16014197964023,3556.60691194819,1,1
440,-2,-1.63095178538846,2.30379638415038,0.77476042365627,0.808255316090487,2.35630142276322,0.295366611170537,0.0476927341318556,0.0752908509319627,0.102435142050433,0.16189778864794,3555.69706179553,1,1
441,-2,-1.80216075552826,2.34694674704667,0.743994818982049,0.996966906456726,2.09854772447474,0.315574413331478,0.0488968227659801,0.0761037125775942,0.0988508256497515,0.163440202615265,3550.40326110888,1,1
442,-2,-1.75817625803477,2.27795074860145,0.793151726210385,0.974866357916607,2.07624422058598,0.317907215520595,0.0487962931609969,0.0752951934554432,0.0989239498394787,0.167686416746955,3496.69861999201,1,1
443,-2,-1.57932485014624,2.26056099208621,0.842767449962491,0.946026279913183,2.21635124678954,0.274992748456677,0.0484830552474205,0.0760109618599764,0.0974365088308757,0.159666033744784,3511.57376033781,1,1
444,-2,-1.45495552553928,2.19442454204189,0.946137156295508,0.836613533805907,2.41932844554296,0.256864587521118,0.0507173813780897,0.0776773797345923,0.102192562394737,0.166152482279604,3516.45212580047,1,1
445,-2,-2.32118837588492,2.30758434793266,0.800530761941062,0.822338261705471,2.27805248578884,0.398321018024668,0.0472010996782625,0.0769616614437898,0.10055083260158,0.158057862085085,3527.15200256591,1,1
446,-2,-2.26571363557382,2.31544900478332,0.783451648674098,0.834556404889369,2.22911187707804,0.424381646420156,0.0465346727769948,0.074207379033905,0.0999738543721001,0.160275990696478,3523.72621888295,1,1
447,-2,-2.21172796565875,2.2244447893018,0.938695665266571,0.970248330082837,1.97713605510263,0.425042461224424,0.0481085563209333,0.0757523816506506,0.0956023556051196,0.157012108439532,3498.40529527721,1,1
448,-2,-2.00463470107889,2.27853569212067,0.871204020608828,0.955068572706506,2.117445722279,0.369007277327509,0.0494151021273756,0.0773693365709657,0.0990122440253567,0.162743010417889,3552.98369799255,1,1
449,-2,-1.43585184366,2.3235135367126,0.725297628480408,1.06380735967986,1.99005196901664,0.267468694518925,0.0486770740255281,0.0771128302176457,0.0967432353481625,0.157859531048303,3558.84590954448,1,1
450,-2,-2.485174570594,2.40070041315829,0.634878803365432,0.946981327928142,1.94366128047129,0.46704137894884,0.0456431128850218,0.0732772994247958,0.0989051842676325,0.158271247413362,3538.50281253448,1,1
451,-2,-2.30053664222831,2.27703195622145,0.8082275838054,0.95283064277739,2.14460803941515,0.421564528138298,0.050131017005749,0.0790643560213609,0.0975236389834724,0.162283436857162,3504.63873938954,1,1
452,-2,-2.07307064655162,2.31239345594369,0.755412824734802,0.853945801802889,2.17498564829495,0.384269256518575,0.0468966981501019,0.0721737128357558,0.0994721527331822,0.159647803645591,3521.42550005461,1,1
453,-2,-1.67001891195826,2.3399239740012,0.765013298678334,0.915504613049411,2.23646430248248,0.283835842932623,0.0496977275986731,0.0763054954021523,0.104629722974394,0.163786189813322,3584.83256153247,1,1
454,-2,-1.82726165292837,2.24247903381782,0.860728527923676,0.816906971261103,2.2593976237676,0.340245765820688,0.0479006243952832,0.0739755572958135,0.0985184158066626,0.158131831903998,3500.66752980265,1,1
455,-2,-2.00740693985669,2.37525273288797,0.713737335496529,0.939303412858398,2.10843718063042,0.382118402223364,0.0479904815151304,0.074481770890049,0.100572128841108,0.1688120318489,3563.45892149927,1,1
456,-2,-1.63511452887465,2.29261164713295,0.823364030444651,0.926792732746925,2.12691594946192,0.311708132798166,0.0496532284084264,0.0757357856102755,0.100756730068442,0.165639885867245,3554.29540333337,1,1
457,-2,-1.62014361284487,2.32671983590431,0.780860286185184,1.2540574287688,1.77564698523387,0.277262966428407,0.0519302725440759,0.0831252320932277,0.095810567455345,0.149556191771575,3597.79336528637,1,1
458,-2,-2.1218387010322,2.37799726118795,0.703909497104097,1.04895706605364,1.95363599175705,0.396935506821827,0.0484013683000255,0.0761912217385711,0.0968747323910738,0.159548107542551,3567.87234933605,1,1
459,-2,-1.66666939715417,2.25829974241933,0.824429191214186,0.914852238368903,2.12893488800543,0.300567452799675,0.0494785262488753,0.0745893182546822,0.100725078045611,0.16274932547039,3530.96762701983,1,1
460,-2,-1.8360307810005,2.25652112145084,0.834688768165621,0.76410268092203,2.2997457523014,0.34123863441755,0.0483739553491236,0.074045248112958,0.104658305308587,0.169274368497791,3507.46987440156,1,1
461,-2,-2.63163593080619,2.36086368647427,0.699607862836089,1.06091192785841,1.87417099594902,0.475305293192242,0.0476022706979409,0.0761709270741943,0.0937155697844111,0.15224162747178,3543.5774506123,1,1
462,-2,-1.64557205598296,2.31724322862744,0.795349687145691,0.940298537567805,2.11789973715645,0.302307533906907,0.0473558189995048,0.0752608723595949,0.103278466967713,0.167469034182857,3554.78003057081,1,1
463,-2,-1.38663031372896,2.13252183952727,1.01958403415221,1.02652855581783,2.10340876278249,0.261557126293203,0.0532852715010143,0.0800002916308524,0.0966193561330702,0.164117626407071,3497.69675129895,1,1
464,-2,-2.34980103959142,2.31877575209446,0.802187665019369,0.922021042245854,1.98679451307524,0.474889014837374,0.0471054615676342,0.0735338122736938,0.099614193008594,0.159346068220234,3573.10203948569,1,1
465,-2,-1.77746748155897,2.2693566116726,0.849796098792262,1.14302415346189,1.8245556840425,0.320015043859159,0.0500452766466873,0.0772972116338581,0.0964025913792241,0.15613477087319,3571.99808508014,1,1
466,-2,-2.19826290313267,2.22819977379161,0.942254526648046,1.08284709321275,1.82048079000838,0.43545785255909,0.0499258918102784,0.0775051450660909,0.0960403769803246,0.156714516804595,3549.08038310164,1,1
467,-2,-2.47940177941726,2.2338384097051,0.889714574737243,1.06062215162985,1.89642790325874,0.484849557900984,0.0517423822570703,0.080607449831442,0.0982939010926019,0.167053439337445,3502.80218376341,1,1
468,-2,-2.14552682382747,2.31202420129435,0.805645633202411,1.00246596601509,1.99786722462452,0.409872613863334,0.0493900837103797,0.0768790804095336,0.0958958132549507,0.156022993575653,3547.40111125648,1,1
469,-2,-1.74830114799171,2.31697566601194,0.782398993002407,0.930255126690208,2.14516106895114,0.321041879193592,0.0484109668438453,0.0772222617215846,0.0967502829598068,0.156817751834922,3538.60239536104,1,1
470,-2,-1.86437203303798,2.27808517167285,0.794698241495982,0.878346711399666,2.17123677992047,0.331647078067243,0.0485641029414272,0.0769933136888289,0.101851189871794,0.164082942127328,3506.22504856516,1,1
471,-2,-2.19475117025367,2.3532680383298,0.708696343924728,1.12485689430953,1.86006743861106,0.377923970845638,0.0502398944589624,0.0783611258902549,0.0964958020676119,0.153228845643167,3565.67184814562,1,1
472,-2,-1.6702006608775,2.2791490744113,0.8075723426487,1.086295998158,1.91650432295706,0.307518009568821,0.0507371880016962,0.0788553860777768,0.0961484420777166,0.160652539547377,3530.26963485462,1,1
473,-2,-2.54651677347783,2.33769931269671,0.736023496379739,0.977122492396352,2.11616200336831,0.439219694335755,0.0486638417738119,0.0767601052571759,0.0974276285375269,0.158094165329252,3492.55917972893,1,1
474,-2,-2.61253138479324,2.18367048170018,0.931114446266492,0.984916296823695,1.86827694370607,0.518024442600915,0.048879686898019,0.0759081880206727,0.0970618778658567,0.157273078303632,3485.81583954844,1,1
475,-2,-1.96911796755105,2.20658292270686,0.890116416171474,0.748253795013181,2.33861681682197,0.369717581697818,0.0491784062136813,0.0746060872463774,0.10443296324808,0.165023027024771,3504.97792126287,1,1
476,-2,-2.02457965917641,2.30703656947077,0.8186756505403,0.798935422367042,2.29310731094364,0.371757685866491,0.0476978631308519,0.0736093225535754,0.106727020789904,0.169318037796129,3553.55036524155,1,1
477,-2,-1.75918071413286,2.24912795130926,0.846543536208439,0.867445737783358,2.20946666620462,0.312573149285871,0.0487941109769064,0.0761659732834882,0.102603287193002,0.164465940856226,3496.43459679743,1,1
478,-2,-1.33370940479555,2.30734399166004,0.77206983745351,1.03084088228184,2.13250938111163,0.249107054495775,0.0506123798060765,0.0805979282302198,0.0994088882865819,0.15680490577827,3595.11120762004,1,1
479,-2,-1.83713698126038,2.23204738769366,0.886449310472473,0.933954203392792,2.03177736875128,0.347006309260603,0.0490924488167234,0.07705553357205,0.103401266140864,0.166838130338787,3517.68228380536,1,1
480,-2,-2.3177225874261,2.29444565958848,0.848473232031928,0.959298960235746,2.07801840342693,0.415786009556834,0.0488186246722337,0.0751984686686603,0.097344978992427,0.158450691716441,3519.73665580849,1,1
481,-2,-1.58495720909737,2.28293369098413,0.853174398819381,1.29054485795928,1.61279190089247,0.293257554885962,0.0514498245886498,0.0791836117517219,0.0964106495231893,0.160552623009091,3581.24414245902,1,1
482,-2,-2.01490155855082,2.36624764853661,0.722439664312931,0.853332633918719,2.35242128227517,0.350548987362171,0.0455795342574605,0.0722898564609241,0.0992765115498309,0.16259263602852,3515.51557036574,1,1
483,-2,-1.90219209504649,2.31046215452027,0.781702716190934,1.13144034633693,1.88715680735545,0.330569147351894,0.0504411989118036,0.0787334002045572,0.0960825198830339,0.157187916218492,3542.81541572938,1,1
484,-2,-1.36414298670722,2.37716285033491,0.676673552541422,1.14164407063431,2.05945017623115,0.236124537895999,0.0519289594806579,0.0803298025500225,0.0970304893636256,0.16423430318742,3580.34624590203,1,1
485,-2,-1.36875105427063,2.23726693212984,0.955245778546407,1.09858624200294,1.91544360720988,0.258120711153139,0.0484915043412931,0.0756405374371348,0.0962988279636393,0.15806910507062,3578.2901878761,1,1
486,-2,-2.28626391665335,2.35104984583995,0.687520135514262,1.00124757350575,1.91938515274785,0.435469384452653,0.0474543245347958,0.0744593183042975,0.096849395698105,0.157864774010072,3534.89367297581,1,1
487,-2,-1.89671152885914,2.32601166697863,0.778534755258403,0.98807770258386,1.98569740244779,0.346777587240958,0.0478784519151809,0.075625305898367,0.0993255615932899,0.159055028507447,3557.64189427116,1,1
488,-2,-2.39423700510085,2.33070884258279,0.75771215725621,1.06321521369769,1.84712990362257,0.434063078213431,0.0476121708619544,0.0741859872338525,0.0979865563313413,0.159925664486178,3533.97314940494,1,1
489,-2,-1.9370350731311,2.31875981188496,0.830790193157504,0.868530391921652,2.23150140617727,0.368960346411924,0.0460484044308144,0.0749272545173747,0.10304556627194,0.164544153099236,3575.70404787956,1,1
490,-2,-1.9332039907343,2.34726258578364,0.779847128952669,0.940449136339225,2.03799687526968,0.354661432385692,0.0481493156019459,0.0753386016866388,0.103896989024479,0.164070206674789,3565.04733176431,1,1
491,-2,-2.25291753498742,2.30719303950676,0.833853012937707,0.951014237444726,2.06382769120706,0.424850863641538,0.0473623125620131,0.075510106701436,0.0992808337428385,0.159237050093525,3546.96987357107,1,1
492,-2,-2.56706795078188,2.38136942328097,0.733507168028066,1.15459011632477,1.78543732666266,0.471385144070793,0.0484730511677994,0.0770243828113793,0.092813574828003,0.151701430772686,3578.63759872981,1,1
493,-2,-1.64031907044126,2.2583367092983,0.906987720197461,1.0067419542793,2.02410722508257,0.311715499435617,0.0494954312826519,0.0761711687157473,0.0997257573606162,0.163350607693395,3556.65043493119,1,1
494,-2,-1.65815949440697,2.23568795946998,0.915597558632874,0.983935766160304,2.11174060696973,0.302004214639409,0.0509527909893524,0.0788754298259509,0.0988348911701573,0.163907858218057,3533.50099986416,1,1
495,-2,-1.74865299635453,2.33769208537907,0.768531017252869,1.08824594119302,1.91825833397473,0.327356995408748,0.0480798729255966,0.0754889514848345,0.0995013682268058,0.157959011900401,3605.45466326536,1,1
496,-2,-1.21902158243535,2.32605659153794,0.746246670735169,0.91620780762157,2.30182214943417,0.234074858233302,0.0492231221842763,0.0768510483495885,0.102323886439181,0.163863675775149,3587.95185346583,1,1
497,-2,-1.96056324190878,2.33609312491775,0.792938686877092,0.956891022574539,2.07593178622682,0.374872121352756,0.0492738348028792,0.0767896668342826,0.101641266171731,0.16414865747528,3553.80917492132,1,1
498,-2,-2.41824882957448,2.30062403790606,0.810522960769252,0.894439370581247,1.99847036172767,0.503387573835439,0.045918778096716,0.0721540351890627,0.0986599614410726,0.159075260668014,3543.32668817969,1,1
499,-2,-2.33447012194149,2.28472524521289,0.849392747768052,0.961261899094547,2.00682671229697,0.459709788244857,0.0493209427632207,0.0758916617724683,0.0979865020305274,0.159562114191066,3549.08055696225,1,1
500,-2,-1.74029432993277,2.21354274782878,0.857914691985706,1.11690685351878,1.7426236861565,0.326803669939503,0.0501515312668316,0.0779235245938981,0.098070117981368,0.160213128634754,3530.02046732309,1,1
501,-2,-1.52863076030501,2.25448048189237,0.79722739978578,0.923746530459243,2.13996413298634,0.282820383860989,0.0502563814519411,0.0772329744861795,0.101014873320818,0.162407546435182,3512.99538408802,1,1
502,-2,-2.440670445914,2.33030910908762,0.700465338326983,0.905691637889104,1.99453441158005,0.477164877755631,0.0476915979407837,0.0763059029805728,0.102142811956776,0.16662672679736,3487.79344961827,1,1
503,-2,-1.99106974475928,2.31264872332567,0.794657658114064,1.04540750953707,1.9527330528532,0.355179099423838,0.0484579797565373,0.0764292368565385,0.0972976390378346,0.15919487809578,3549.22369075967,1,1
504,-2,-2.0291365600321,2.26632572608524,0.801186635776944,0.890878448063743,2.00114417678418,0.41935646842827,0.0470907651168497,0.0734490695716973,0.10246811427574,0.171911174768404,3521.79510549861,1,1
505,-2,-2.78418239819363,2.26804204527818,0.821182724131292,0.926949762075825,2.07903481160724,0.5321767161671,0.0490473698823078,0.0779332113604433,0.0983457288209141,0.160312654685429,3481.21903539816,1,1
506,-2,-2.02258601077111,2.29505523823371,0.804591936821915,1.17194650101237,1.56587184869412,0.418236760681653,0.0490538365924474,0.0756893109944357,0.0951857487903282,0.157029137110165,3583.30951985777,1,1
507,-2,-2.22608046436723,2.3778933198268,0.672474794613127,1.03345864967768,1.93669940698849,0.388258404201896,0.049231369926032,0.0783808705326365,0.099584681165985,0.157835153587249,3555.96316427799,1,1
508,-2,-1.75402034999478,2.35760006852672,0.719546661400135,0.994291105160386,1.98361823464108,0.353708255034074,0.0472417319899549,0.0739892222779457,0.10055478817938,0.170598876447243,3585.08074215302,1,1
509,-2,-2.77097929443628,2.4163143167211,0.623065222532593,1.06959111933399,1.82783690017719,0.519781706514019,0.0471174240205714,0.0776821423569517,0.0972338553921461,0.156419572803994,3539.3247841001,1,1
510,-2,-2.02196178566266,2.36093501380227,0.694897581877904,0.991940744152458,1.85740409932073,0.391663263750232,0.0476405929732815,0.0754743960795351,0.0986437055029048,0.16083581538873,3570.41916981361,1,1
511,-2,-2.47052446397152,2.22532278398419,0.910328713932819,0.978185029803545,1.92567145814013,0.46034411462907,0.0507292598328431,0.0796818493165875,0.0988709105407401,0.158144056510285,3525.17074933488,1,1
512,-2,-2.01184780181272,2.23856317334216,0.950616185234373,0.794498685420599,2.19282996343493,0.40738650057194,0.0466924671738282,0.0726720087131915,0.102260008920502,0.161812538022742,3554.23699663106,1,1
513,-2,-1.84781906584506,2.23377286339687,0.866654687459594,0.901397731102012,2.0982850170131,0.341066245549338,0.04858699995571,0.0779120458744439,0.10113075754466,0.160262181907142,3516.52943355266,1,1
514,-2,-2.3106848699621,2.33949349346902,0.735217512277326,1.01368811531443,1.82922817035192,0.466440904910069,0.0464248493641206,0.0738894179729609,0.0967224370898685,0.156608963582096,3552.4193917647,1,1
515,-2,-1.85254795140185,2.26614559379718,0.765425389902728,0.971561682980716,1.95988812567046,0.348832952172724,0.0496336269781084,0.0763019807407504,0.0982161304092211,0.16077929771364,3516.58164495029,1,1
516,-2,-1.72493476810863,2.3159045290261,0.821094640722752,1.22699745799384,1.66600220550248,0.315871441414564,0.0501262593387742,0.0792597265481314,0.0948304411145504,0.158118736444167,3596.87192531189,1,1
517,-2,-1.7229078168522,2.33865578387662,0.720700876610889,0.942322117056641,2.02257819109826,0.360988426748972,0.0466187604578698,0.0732445201138057,0.101588388626154,0.168438647190779,3569.68310040677,1,1
518,-2,-1.89088830832206,2.38214121668315,0.652025545908087,0.79210186429642,2.30588747372021,0.3343848801932,0.0472180269933747,0.0749987071275055,0.102917869963241,0.16594584409203,3507.15957451102,1,1
519,-2,-2.65188747859826,2.30746392573031,0.821397223150237,1.10317528184558,1.78300945742335,0.50248797033941,0.0478062092966211,0.074239428603544,0.0936816723619329,0.148896710821285,3570.36717185889,1,1
520,-2,-1.85897028806012,2.27395642093601,0.825440396507116,1.14440579061105,1.78785227742174,0.341880111046563,0.0504406463354172,0.0794216228797962,0.0946168393966278,0.154480199995373,3521.14173450109,1,1
521,-2,-2.40617066994448,2.25816602017396,0.82818859349609,0.98615220032529,2.01080097221927,0.435577849457465,0.0487168995560134,0.0767023617888907,0.100709470948337,0.163348438974721,3466.08390857872,1,1
522,-2,-1.9401474534353,2.2479883090807,0.843695244620415,1.05060108774476,2.0415923378653,0.322868594692845,0.0537532456789486,0.081649660072747,0.0982039018497117,0.158844583320692,3510.08444548723,1,1
523,-2,-2.54702187957647,2.3139226300119,0.801773332318275,0.87030543269613,2.03314279135652,0.502582689276831,0.0454826830300768,0.0735980343258647,0.102007633224673,0.163867874395126,3526.09818916084,1,1
524,-2,-2.22193880682008,2.25986576494618,0.813257474923338,1.09657543388208,1.80494131496425,0.395396863955932,0.0487774575820438,0.0770097598911479,0.0965388461569579,0.154242334332021,3543.39755450484,1,1
525,-2,-1.95748893775424,2.28610451644974,0.856203912581486,0.953339298633728,2.10666183918326,0.344972136154083,0.0484449608369159,0.0758881824969943,0.101320093105772,0.167424510904861,3507.69154922945,1,1
526,-2,-2.00184278134827,2.30833723101495,0.792027668453693,1.03195347132006,1.92252599296748,0.378429614218457,0.0466728985408357,0.0740715504784216,0.0974061438906044,0.159307383845093,3531.84282307984,1,1
527,-2,-2.07716107716591,2.31268317445277,0.816270152722859,0.97464854776966,1.91488464357658,0.427399323818662,0.0469230193455609,0.0724217090733096,0.099277255146987,0.164141911521284,3559.0934281857,1,1
528,-2,-2.04094939771297,2.4049876688667,0.642150430239101,1.08060624964153,1.88260676197519,0.376743086492782,0.0478034305675578,0.0765557991832321,0.0976456077950603,0.160666906685016,3570.30235878499,1,1
529,-2,-2.36934901275169,2.33689109613481,0.725747518379405,1.14605913046388,1.70107419002493,0.471670805774196,0.0500458838215876,0.0786485992449423,0.0967070717986486,0.156508590707961,3581.09488779614,1,1
530,-2,-1.40268840217326,2.22601807978186,0.868049884080572,0.864955654197975,2.22696277403509,0.271609043984832,0.0493030412625194,0.0764342720981329,0.104685455066548,0.1730440790648,3513.7409000247,1,1
531,-2,-1.6902045482742,2.29155308936704,0.839765589853187,0.938003415243744,2.08786340246595,0.321627167536891,0.0483048580120773,0.0758909840596288,0.101446695028909,0.16329009843852,3554.50052126843,1,1
532,-2,-2.20508459813396,2.27768557291963,0.839502741674682,1.0181650749094,1.88527128185881,0.412889188504022,0.0483641767783069,0.0753341478062631,0.0990058030361304,0.159963057252733,3549.44431217089,1,1
533,-2,-1.59004118109045,2.24961135137725,0.885053477292408,1.08743390344745,1.98910260486181,0.2778546515859,0.0503911117263727,0.0770421460713332,0.09772141683265,0.160355422951378,3541.51874728762,1,1
534,-2,-1.30541180250992,2.28003563647795,0.79115667924975,0.862820381637233,2.25356275747995,0.253285044919932,0.0483320349728144,0.0754331702589102,0.103638282914043,0.170618551334131,3527.87235858568,1,1
535,-2,-1.63487079388453,2.30286888337764,0.803088442879994,0.921892541973191,2.1683105343237,0.309463531675073,0.0485517158890381,0.0755845475381562,0.101650504956755,0.166989350473206,3548.29073657595,1,1
536,-2,-1.47933715927244,2.35967123866344,0.751155981985035,1.07854896711427,2.02385949624284,0.285584824024663,0.0489148140976885,0.0783520296988855,0.0961653499841837,0.162693010355633,3591.01909538356,1,1
537,-2,-1.87057269323225,2.33622939296624,0.755954921589519,1.03733358920646,2.02628207721742,0.344826058961984,0.0494937765017379,0.0781574491395797,0.0952805946736566,0.154391883494751,3573.552763403,1,1
538,-2,-2.65259698151255,2.29232309684488,0.791631069186147,0.866082688608456,2.1303093037087,0.491439141924801,0.0481153927128219,0.0753668998515479,0.101550469900229,0.162198572066921,3490.14752216468,1,1
539,-2,-1.90410735626891,2.36396635534741,0.705172142376882,0.996857049126861,1.8638540160672,0.355540239370778,0.0461514847547823,0.0738944075616591,0.101433094006601,0.165845896704015,3563.25504508959,1,1
540,-2,-1.7161855982483,2.26471024605874,0.826773575524297,0.93809314534691,2.16843627023874,0.29293986812643,0.0483192137952423,0.0789855321369055,0.0991342125497219,0.156271356369571,3498.50512960881,1,1
541,-2,-1.95649409830554,2.31916074110272,0.74058416586232,0.938565955161263,2.00255615405579,0.38426638117857,0.047276242740567,0.0738226384444702,0.098657394713173,0.158008814832233,3575.21564254653,1,1
542,-2,-2.06023333160253,2.38319589298841,0.697410521531912,0.915437273531563,2.16649148578016,0.359387709361533,0.0480021373513585,0.075478835998762,0.10131816654183,0.162030756322155,3580.10522049312,1,1
543,-2,-2.07159067607275,2.33478844546178,0.77184811852134,1.05114448657401,1.85734509104713,0.390522612767035,0.0473448350249487,0.0755960124937232,0.0981765007256157,0.156597361814964,3582.64245088251,1,1
544,-2,-1.50810930451113,2.26698770997062,0.819512965751857,0.906056397119999,2.24371154656111,0.278390835258675,0.0492084715293481,0.076234312664867,0.100338865281944,0.166653493272794,3520.53827798171,1,1
545,-2,-2.39342502929252,2.31786716234296,0.790933728055387,0.904487841091814,2.08641174238454,0.460993685919569,0.0470726218906757,0.0740739865916431,0.102308059286914,0.169403396069546,3511.20525163848,1,1
546,-2,-2.52405981901504,2.36460096565684,0.703174033669725,0.988927511215764,2.00877772821937,0.457674953915348,0.0479897461863297,0.0765957505139225,0.0963422836843086,0.151581389078603,3557.11113497415,1,1
547,-2,-1.95969090185099,2.28249231356029,0.781943975347433,1.08530349661207,1.87103376114693,0.358201637563099,0.0508991650207286,0.0793638770054368,0.100024651271206,0.158367022443249,3565.84532723634,1,1
548,-2,-1.80876204743721,2.27791578183293,0.84348984431935,0.947575516343778,2.0534269539816,0.347452638298671,0.0496679218758212,0.0770137251928789,0.0991140423169651,0.166029010422807,3531.10384205036,1,1
549,-2,-2.02423139489037,2.3096291981901,0.743131130716806,0.877484142435967,2.17505331134184,0.366209261595801,0.0474643777209766,0.0764384717768765,0.100728581799041,0.16487285714803,3488.60732725901,1,1
550,-2,-1.79635509996059,2.2786887617318,0.770130444416544,0.905111351702266,2.16302430328631,0.32470249800488,0.0495714456310329,0.0788572508472564,0.102412722754335,0.16482118373272,3507.00027656861,1,1
551,-2,-1.93429137570527,2.43043959322459,0.577662017201056,0.889963984775696,2.13076614915106,0.363910150721451,0.0457954206571551,0.0728608697960068,0.101140949299683,0.16380586817063,3535.06242198116,1,1
552,-2,-2.62539768306501,2.33076159519442,0.809156736277273,0.976491290772548,2.00910169072831,0.505429823049081,0.0470208247288971,0.0745751426836759,0.096342321441909,0.157687974381283,3565.2627782165,1,1
553,-2,-1.96835971252418,2.37316514747967,0.676260633952256,1.16724016623753,1.62885844080553,0.379242322438084,0.0495657471151441,0.0762819810981254,0.0975701260944715,0.156597195462727,3608.93395291516,1,1
554,-2,-1.88449505186719,2.27100059156331,0.825341787099239,1.06680046352173,1.9352017150507,0.33487743907241,0.0492377765856249,0.078162187325476,0.0970293455660018,0.155949332146394,3540.9602697355,1,1
555,-2,-1.99785058051912,2.31142092338002,0.760097829286875,0.939120024711733,2.09353036450409,0.368606353275697,0.0469931115575932,0.0742816069197766,0.0989431751168045,0.167397785232093,3510.61995460315,1,1
556,-2,-2.06172343415705,2.31433666971981,0.767200518759083,0.985645940248379,2.06211154780754,0.403086488912958,0.0491456857559437,0.0770175790462058,0.0981241608324704,0.162133750659722,3545.3172309287,1,1
557,-2,-2.0254169768598,2.3190515105254,0.795073819937188,1.1440772710704,1.77749812116368,0.37763830925073,0.0497891827970618,0.0783237176979669,0.0966456976133968,0.161189977076528,3576.69782116295,1,1
558,-2,-2.20827170708725,2.3335044098528,0.761959027231999,1.04802781821048,1.97680609677018,0.376333500810346,0.0487053385196995,0.0791645626906998,0.0999791788322124,0.158450114782473,3528.69049383893,1,1
559,-2,-1.16722617707754,2.23750590835489,0.869402609489734,1.10585483519249,1.79406363289103,0.248980300634025,0.0489721236930954,0.075853489220541,0.0982852460313069,0.163445597557323,3570.15254085091,1,1
560,-2,-2.07382820586158,2.27304961727182,0.825763770870727,0.960526506826879,2.06205052885342,0.379985516208036,0.0499317005805166,0.078441301618308,0.0985649929175027,0.161429840008523,3514.75367291848,1,1
561,-2,-3.69653476688361,2.22773334439302,0.859775354018531,1.08743384594943,1.77753718171355,0.727544673996796,0.0509981368658884,0.0787956914124397,0.095090873113507,0.1501523925207,3475.11907129512,1,1
562,-2,-2.18796508691944,2.34908780743225,0.756221734029057,0.865243464805401,2.12544611554376,0.411877941770444,0.0463709339210918,0.0741386426658444,0.101841300110465,0.166987513213454,3529.05250039559,1,1
563,-2,-2.19132134001618,2.26483782939387,0.805981038248572,1.03163554672728,1.88995616740829,0.408730503999626,0.0486200178598751,0.076668750890912,0.0956031310145264,0.155767175084162,3505.64147049092,1,1
564,-2,-1.81929436197351,2.2912648302865,0.819895802454513,1.06225222874827,2.01970442650523,0.329484301468036,0.0511270877402198,0.0789014257564053,0.0982011903786032,0.160047239893899,3539.161065861,1,1
565,-2,-2.08800491764608,2.33706509764741,0.729898567296691,0.880466662654917,2.20961233367504,0.370810781308281,0.0480254841431267,0.0748884224482272,0.101872924935141,0.162782234357352,3532.30703925418,1,1
566,-2,-1.5485235180526,2.27150581239028,0.803538014101787,0.994573754065794,2.06678528456568,0.294648107367542,0.0495301921838767,0.0789813026025325,0.0985048876281516,0.168662274824687,3508.8123376791,1,1
567,-2,-2.09045964210677,2.21760555710216,0.948817774922979,1.07833856076473,1.92964174025759,0.37301745198901,0.0512482531709088,0.0792282226754453,0.0972638609300666,0.154830731720112,3551.47199132227,1,1
568,-2,-2.42676521540018,2.32566886101405,0.765339550621332,0.923342427590718,2.14135706075407,0.427331683663871,0.0467597526815701,0.0737687765770133,0.0992027091785344,0.157928983290634,3545.29053834426,1,1
569,-2,-2.0332921247987,2.28609248951278,0.845245324056918,1.10231213025526,1.8371589923419,0.366140091276617,0.0495702720879791,0.0765313366611746,0.0982972105349019,0.160108032585719,3562.55729971957,1,1
570,-2,-2.0049227621813,2.28918652441397,0.776616032488645,1.10011903529583,1.84554036920984,0.354841102787171,0.0497846173310972,0.0798422528021871,0.0945347251097697,0.157471339624218,3506.38323587996,1,1
571,-2,-2.33956276185402,2.33994571390497,0.727063279994531,0.967517198754745,1.95544594215862,0.447911358978392,0.0465488387604326,0.0743764618023349,0.0997766673614209,0.163667954975374,3517.53119239269,1,1
572,-2,-1.60163628853723,2.24155935364769,0.86517912684072,0.98271254368856,2.07922214280797,0.289004621668844,0.0495098762158853,0.0765175840758244,0.0990726606461416,0.161361761844548,3539.63059581538,1,1
573,-2,-2.67025161280954,2.34154699758413,0.733432884971503,1.00261869691044,1.86068274783932,0.508610691608527,0.0467796789849169,0.074669401634846,0.0986827534508059,0.160054660868354,3514.70341189305,1,1
574,-2,-2.43029534834964,2.3606114717516,0.727960224312945,0.994487027646315,1.95393576358449,0.468496272357786,0.0471143560194163,0.0747162192452326,0.0980640154594681,0.158697456627095,3586.82054159434,1,1
575,-2,-2.092474526956,2.24631947919705,0.955268834234648,1.0217499730234,2.0257434914628,0.370898685987501,0.0487765643421967,0.074998917065295,0.0965716600641981,0.154989091628818,3564.44822605049,1,1
576,-2,-2.35534726658646,2.3866676257922,0.590549422439437,0.972936299337939,2.00589242726711,0.414770628145583,0.0489477188253381,0.0769413632516701,0.0997019618458744,0.159804924185711,3528.67100581365,1,1
577,-2,-2.50620459786269,2.33888630925719,0.710686117679375,1.00078370696352,1.92361374483542,0.478644276239854,0.0489325484669841,0.078011263945171,0.0970998464920902,0.158176000430709,3525.0127263888,1,1
578,-2,-1.49718373594103,2.32051835872535,0.809881828953793,1.14103193092482,1.97107833661964,0.253443627462425,0.0507354111655468,0.0797936160752645,0.097143144124024,0.154872889348383,3616.29205019713,1,1
579,-2,-1.73646483976558,2.32858314958807,0.74840755120948,0.839294593680538,2.28790515110825,0.326241218877582,0.0470218570658197,0.0741172706928366,0.102528654721756,0.16777743757839,3537.26419484177,1,1
580,-2,-2.09800882670879,2.22322904384333,0.930693732591605,1.10330779308285,1.7842834487079,0.39406274304843,0.0495130865169881,0.0767178119593731,0.0973313965266212,0.160541220953062,3544.43959752297,1,1
581,-2,-1.55692359818401,2.28252095334215,0.788307081725399,0.773764479370975,2.38528967121869,0.27666656298784,0.0483410462512119,0.0756440410028261,0.1034357148164,0.170244657013713,3489.13778806195,1,1
582,-2,-2.11793107537752,2.31871441705652,0.810287358398052,0.986993979454216,1.98628487036086,0.412467056684273,0.0473249551354517,0.0745640183785207,0.0992673772553756,0.163861019914185,3572.48629876771,1,1
583,-2,-1.74055431023794,2.25476864750349,0.856168729620264,0.865016898998667,2.23943416110076,0.327475047216429,0.0488493133953195,0.0764087892555692,0.101383695203723,0.163555149858826,3505.56497822106,1,1
584,-2,-2.3309602355983,2.36320189706522,0.708698808161844,0.915194370877436,2.12343566670568,0.408584719009833,0.0472887192897447,0.0749302457045516,0.0983451546304846,0.159684646767412,3515.77948297939,1,1
585,-2,-2.1843353927883,2.20849432754644,0.985575647112046,1.00170867435451,1.99306460583393,0.421309866432233,0.0492799511405079,0.0760394413982798,0.0971423586885427,0.161621929978052,3505.4098681846,1,1
586,-2,-2.01709422926733,2.20823178732581,1.01093533100118,0.929213078405041,2.15238062343157,0.371865151496642,0.0495948274609263,0.077646718242215,0.0992337259646527,0.160700587224104,3525.26219199633,1,1
587,-2,-2.41252801243966,2.26834512889093,0.82944166904521,1.0355265506335,1.82762804314614,0.469473284414273,0.0481906747301796,0.076338284143229,0.0967081888170746,0.152652370935171,3534.89974315392,1,1
588,-2,-1.4712264518118,2.35495261125137,0.780659066457622,1.12925890463137,1.88617653992822,0.279407367495762,0.0499027510515085,0.0769971207920823,0.0955188647498351,0.160532037912165,3596.16001566584,1,1
589,-2,-1.88956596684585,2.34687146956404,0.760266793478825,0.989772669804225,2.05188955779243,0.346275040022664,0.0482397007769017,0.0772283643989229,0.0981581167900982,0.159228404089701,3559.43842991755,1,1
590,-2,-1.45581616751942,2.30155944683339,0.834173164508942,0.982545667870683,2.13780268810092,0.259007921515668,0.048761348753173,0.07591726885615,0.100455171196712,0.162800381895966,3577.15576354477,1,1
591,-2,-2.1732398934243,2.37762801111318,0.665384546130426,0.914480699855826,2.18814175064532,0.396977451798233,0.04782356495982,0.0759013070790928,0.0999157215812572,0.163912542802603,3539.77948220586,1,1
592,-2,-1.55331767408095,2.27271260464332,0.844762848614187,0.984303462929589,2.09288876135102,0.271661352963996,0.0501816187202091,0.0789223321366836,0.101423125991006,0.160287277267353,3564.24673820801,1,1
593,-2,-1.99121008262802,2.31400985569399,0.827086130485546,0.839540949679692,2.16673471558733,0.384614818115285,0.0451331005622401,0.0707828688595418,0.101626002806187,0.165617912139267,3559.85812530435,1,1
594,-2,-2.15114650079377,2.31164498966521,0.797650307750533,1.0937980101108,1.80489656458475,0.409370011462531,0.0479605688209192,0.0762255807790485,0.0963390554757239,0.153378610326983,3586.1447832228,1,1
595,-2,-1.9440444477874,2.27554874759479,0.799284697145475,1.08230109494472,1.77561737166695,0.36462482867239,0.0502722193984555,0.0796488743136399,0.0991300503465455,0.159419128469888,3546.4127246957,1,1
596,-2,-1.7329541286448,2.32883549045614,0.704574300880339,0.984455993567741,2.07217840131365,0.306586379227729,0.0502885830218951,0.0793265916456627,0.103021800471292,0.169613161633268,3505.54169498231,1,1
597,-2,-1.72542484281895,2.36989204617808,0.697812969876655,0.902506190063465,2.32475810854303,0.3223466324662,0.0481719903435609,0.0761082522050382,0.0998246192628361,0.166691783421452,3555.09085989773,1,1
598,-2,-2.44030657131627,2.34390894327704,0.723873246033661,1.1052496043129,1.74611874907275,0.470484578308185,0.0489763708377877,0.0765803000818433,0.09756004413439,0.157939249056417,3559.62566100469,1,1
599,-2,-2.07169668554266,2.36641034986386,0.721982367221484,1.01708916715775,2.01011229729434,0.374691169315575,0.0488992164934989,0.07703080872771,0.0984033525135274,0.155760127757959,3567.51913164732,1,1
600,-2,-2.53347084042975,2.23893046722062,0.891821249749257,1.0895463034362,1.76357003961826,0.482544378976449,0.0505199682009874,0.079462364786833,0.0968563618744571,0.156129015282506,3504.6881072834,1,1
601,-2,-2.71863551276874,2.17412458768193,0.956371766505782,0.990392783907132,1.8429720585872,0.522107151186773,0.0509268601024548,0.0777579026173403,0.100082012205774,0.162081530425426,3488.7206429446,1,1
602,-2,-2.12163395459129,2.27102163608358,0.90020565239468,0.887465646772148,2.22396337930177,0.37121102001602,0.0470474639236235,0.075169568471571,0.0992376536537353,0.158922904911992,3534.10700012403,1,1
603,-2,-2.34363368244073,2.33146005776233,0.748111587679455,0.906245590286678,2.00563034096495,0.484257692543545,0.0459011707047031,0.0737814366354333,0.0994156737783943,0.161276645304139,3541.73675746463,1,1
604,-2,-1.91547339332301,2.30555197095105,0.83235288602324,0.964658094740723,2.08938711804846,0.349388402531701,0.0496677098609176,0.0770750181825947,0.100716485935895,0.157481332596375,3600.76213504686,1,1
605,-2,-2.04739628940833,2.35593944362755,0.742210755731633,1.15312997406773,1.8244258257215,0.363182147410133,0.0488033190900005,0.0756285163886194,0.0935646975969395,0.153869785673684,3591.66620376144,1,1
606,-2,-1.92985483018094,2.28452651570177,0.85068880039172,0.941982349692477,2.12131963878035,0.348641010842627,0.0487191029327896,0.074474848681572,0.0982338817134382,0.160287319990642,3553.53597437007,1,1
607,-2,-2.0769096737337,2.25162767044821,0.863339642348565,0.945056365385657,1.96645256653697,0.394519120439527,0.0479011751557523,0.0754019927468006,0.100129952310925,0.165160021244697,3514.06059758848,1,1
608,-2,-1.43828944279865,2.3488306645562,0.691304967629149,1.01298581771741,1.93916521188137,0.287746797208167,0.0476558993998046,0.0756858725340098,0.102407801946547,0.165336808518041,3575.56573016074,1,1
609,-2,-2.24818538127616,2.34728103362312,0.725431529249267,0.91370983176428,2.09185261921356,0.419622415755447,0.046112465785927,0.0751134546571485,0.0998503873493645,0.1600161883429,3534.57917858051,1,1
610,-2,-1.88877616049291,2.28828001774787,0.847123998631076,0.862761081832225,2.23844689151973,0.345779445580099,0.0467327266703086,0.0719214970368979,0.0995373060847298,0.16625237501067,3522.18203502445,1,1
611,-2,-1.87983699831748,2.33377031324654,0.760198555613278,0.983283770362257,2.06691457831474,0.357467939887385,0.0494821597849297,0.0769112746711293,0.096813566786469,0.15785539521079,3560.7320074356,1,1
612,-2,-2.66291591825101,2.31900691889559,0.78300895635443,0.904088281124663,2.05841253333689,0.508204931832946,0.0483819991599022,0.0745239165620793,0.100212399650126,0.160456983611187,3546.43031454278,1,1
613,-2,-1.70222021718538,2.29668974491099,0.806050975254036,1.02189467430112,1.96730135265819,0.331199025242524,0.0490898322283228,0.0754238857048909,0.0984894718438502,0.160890133369624,3581.32412840335,1,1
614,-2,-2.13840636374467,2.39612321434983,0.701130536983945,0.799882588771774,2.35914648476523,0.397414705138856,0.0457906622919572,0.0723307802313427,0.102060800997121,0.167075677925009,3538.16325281446,1,1
615,-2,-2.70450963113487,2.32730744682214,0.785472578801106,1.16134144121609,1.56825870047258,0.545358028597529,0.0476516052650551,0.0765212426206171,0.0944505962004749,0.149530174447121,3582.22984782415,1,1
616,-2,-1.55315288718689,2.27875195672055,0.878005720940066,0.937961754631772,2.19556778764789,0.283769308817158,0.0486759847022756,0.0760722197267332,0.102136336228838,0.166985194964764,3551.7648803961,1,1
617,-2,-2.19618070122899,2.27553302176639,0.853251127819849,0.947580070126513,2.03077119539235,0.412071178464039,0.0489206712944913,0.0750837706883427,0.0967920297796983,0.153585740529231,3557.62880153845,1,1
618,-2,-1.3387439046828,2.31130699792522,0.808009946027481,0.912208583103532,2.24086025050259,0.254530105422606,0.0479138892564849,0.0738379390264275,0.100203454174208,0.163966865957005,3584.40671097831,1,1
619,-2,-2.42191676540129,2.40439993541159,0.597930863927733,1.03931920291776,1.96384371525743,0.440374454825648,0.047705651275655,0.0762043275736069,0.0970070364164118,0.155971182121507,3542.80235568449,1,1
620,-2,-2.05278413829975,2.31732099097566,0.752815252095911,1.23051635675004,1.58603800991068,0.395895058298687,0.0510114674867199,0.0795735817877628,0.0942323917142125,0.154566267682655,3591.89236060748,1,1
621,-2,-2.36968208678383,2.44804664159083,0.605698504686485,0.962786180270639,2.10165083337537,0.447447392744968,0.0450798841319481,0.0723508534174087,0.0953915471912667,0.160397991468229,3534.7624590873,1,1
622,-2,-2.23204254512067,2.3687981817612,0.687696455293763,1.03737111347205,1.86087651201446,0.432786916722871,0.0472201647481517,0.0745615394176641,0.0972509009810346,0.157857634159399,3566.64408827123,1,1
623,-2,-1.77903418729668,2.25805996757194,0.850812682213585,0.988694754340394,2.12813080914145,0.309035605472663,0.0499773001802114,0.0771789595330465,0.0991400224308935,0.162885048128693,3515.1483816004,1,1
624,-2,-1.79005334133694,2.30142392636249,0.836291292191033,0.939302985499917,2.26342887933509,0.319951075231073,0.0486327486897945,0.0761587526765219,0.0975437591189363,0.16307874182177,3506.62661577825,1,1
625,-2,-2.07537669514885,2.35393877782455,0.731861489610417,1.09700823652466,1.83027876645865,0.383124537178959,0.0494459618485389,0.0788974575275831,0.0986702586546954,0.157580878674326,3593.49430398248,1,1
626,-2,-2.51477227917738,2.28371662777265,0.78174429996229,0.967408339408212,1.95693647223449,0.470396825703507,0.0473077826764724,0.0754238769663777,0.0990714961801079,0.157963690890874,3505.75218301671,1,1
627,-2,-2.60120318250091,2.25406432859712,0.917868232467852,1.08955128132037,1.66427306793997,0.540388097137314,0.0470124389604349,0.0738097537238636,0.0973302814200998,0.151791389808358,3577.20489702614,1,1
628,-2,-1.8414609960471,2.30075667595842,0.821774462337156,1.04723743577297,1.96232272735616,0.332041841774291,0.0492326280148598,0.0764987387631119,0.0950258427999278,0.154061503449474,3580.84552725765,1,1
629,-2,-2.06681897337027,2.27428629553275,0.853166847181382,1.12487309091882,1.80182218184947,0.4054543084958,0.0505408745249501,0.0790723073268749,0.0930760956969409,0.152399151977301,3587.71660068808,1,1
630,-2,-1.73187958980704,2.34197556148592,0.725665752086563,0.901912367479668,2.17150525016371,0.312711568057485,0.0488189919942474,0.07847823517051,0.100258431450773,0.162577625600893,3545.67495943287,1,1
631,-2,-1.96870589665997,2.2072871893356,0.941619903357403,0.960613319048267,2.1066788312271,0.349295160340954,0.0492732096897939,0.0759795462403948,0.0981216034998105,0.163877214525945,3507.90916870303,1,1
632,-2,-1.64461921393376,2.27501967093523,0.791999465553715,1.01168532823886,2.05337454128143,0.291439454529034,0.0500257992513902,0.0790084353245199,0.101078234900338,0.163131222950543,3530.11339074291,1,1
633,-2,-2.4564645818573,2.29805391441848,0.845589740908939,0.923650322931674,2.05957647575829,0.471175138810312,0.0466056446898936,0.0749675065432112,0.0990350804692291,0.155851259103164,3583.76877448204,1,1
634,-2,-1.90147376727057,2.24616989326685,0.909447066879763,0.8596232875388,2.21026058315439,0.357682326674563,0.0481672961690963,0.0753233356200156,0.101125199710214,0.163958212404324,3536.83822506102,1,1
635,-2,-2.13022438791296,2.32988294623646,0.729899952490219,0.985520294877668,2.02525773017446,0.375120505875961,0.0497364296073947,0.077168470304626,0.100959574140596,0.164009188464087,3524.46854155428,1,1
636,-2,-1.88391769911243,2.34444692506704,0.727183063595541,0.968755794663265,2.11108697781987,0.324010540403496,0.0491797383636782,0.0759897042626104,0.101302127549029,0.164972459759618,3518.86977598141,1,1
637,-2,-2.08231596265209,2.26897576464318,0.831252371168312,1.10535767634319,1.86132839126984,0.379670144153581,0.0513702401288404,0.0792998229331688,0.0976224644927751,0.161552585888416,3525.22663504275,1,1
638,-2,-1.6235948430692,2.19172665334873,0.943717128174449,1.07271365933954,2.00765561026074,0.285205800074334,0.0522937898515127,0.0812025037979733,0.0971760956826087,0.160740682760401,3493.0723274783,1,1
639,-2,-2.16693832378663,2.37127705250778,0.627363561953444,0.918044551445605,2.20484531287793,0.376549363038498,0.0474766015775145,0.0768237171986681,0.0963899873715807,0.154755821236486,3518.24796006811,1,1
640,-2,-2.64362843056651,2.33630973858976,0.78141354393435,0.997198404865011,1.9558705774608,0.518493086543503,0.0485483038702163,0.074185868318782,0.0958624050048571,0.154702461533033,3574.00615572333,1,1
641,-2,-1.79017705883068,2.18187640972909,1.01230970108713,0.989136856491317,1.97590737166734,0.335165075739091,0.048753784334971,0.0762098130574692,0.101694332313,0.160483358335684,3587.83281738941,1,1
642,-2,-2.11542115937602,2.25236930037773,0.843800408175671,0.938643132782686,2.03312684455525,0.385628252058186,0.0476415956211376,0.0754986502742408,0.101201074224788,0.161490113536969,3530.99347481826,1,1
643,-2,-1.37354642925941,2.29956675079105,0.853273040676362,1.06069684261479,2.00924336079315,0.241699892100613,0.0504575539333808,0.0782201284060866,0.0991037447688804,0.157641583695563,3602.5355288727,1,1
644,-2,-1.82351388686396,2.28739878760786,0.820643541750391,0.853063767579974,2.21759988547277,0.349262549778164,0.0496919255731182,0.0773492905395455,0.101270776935601,0.165699823545667,3516.23612427809,1,1
645,-2,-2.06153131534375,2.35659524399722,0.725832805777473,0.920466681103568,2.09155674849683,0.366202668317237,0.0473342803060327,0.0752238745160499,0.103175721727244,0.164163985937889,3562.32317583116,1,1
646,-2,-1.85877079265829,2.29061389391074,0.856368415738583,1.08253136107699,1.92164293555896,0.336042439189054,0.0498010784205496,0.0762301970376936,0.0951929115722122,0.154522376335137,3568.2340845796,1,1
647,-2,-1.42927822330589,2.28506727473668,0.796602408285012,1.08029434191013,1.9262811064242,0.274496270059769,0.0518219591684631,0.0803885232339859,0.0988297636250356,0.162167356045757,3552.34642778234,1,1
648,-2,-2.10697645775743,2.21551031707944,0.866654186817549,1.02715164941106,1.88047588098406,0.388657534085179,0.0493031983215701,0.0774350819965371,0.094247816686808,0.154766315152379,3469.99152877804,1,1
649,-2,-2.15253616463569,2.23745638902456,0.914138591147124,1.01510723507055,1.91094960094512,0.422601797088205,0.0493922185504857,0.0770030514228359,0.0955633073506785,0.152615192798966,3551.17931753994,1,1
650,-2,-2.18370033522342,2.39056032245751,0.642438707337334,1.14342385692064,1.72678660315107,0.395149800686974,0.0479188505077771,0.0760185724889182,0.0955164722508528,0.157934077644154,3564.07178496377,1,1
651,-2,-1.92774360263766,2.22031556132647,0.933622342327871,1.00330931249487,1.95246239021827,0.368942562389908,0.0497577508132002,0.0765807602409155,0.0998061612357689,0.162666928581135,3535.40814831812,1,1
652,-2,-1.99468298568592,2.29398418794074,0.804224987905641,0.920793743279277,2.13055669508983,0.371066220746445,0.0471908248902292,0.0740012381567289,0.0993449000482644,0.164093642017629,3526.47498889671,1,1
653,-2,-2.95313428735786,2.27274677432347,0.81092481672115,0.905771591542681,1.96361170942982,0.627605533098351,0.0472185911880466,0.0738001149562681,0.101075270610739,0.158551988756203,3534.13326595728,1,1
654,-2,-2.39308992979438,2.28034255723871,0.834177605347341,0.79485047521876,2.20304096083488,0.464907353153423,0.0446258876867893,0.0719655885149235,0.100675323957007,0.16154987154534,3540.90879786637,1,1
655,-2,-1.33380982146897,2.29874381155684,0.868500727768611,0.890215599023075,2.34401876090287,0.24066018680239,0.0487113982222809,0.0761619305714465,0.101227092168515,0.164103826339342,3574.19765341924,1,1
656,-2,-1.73608581217148,2.24954653273144,0.82378110845813,1.07498551268025,1.67678053691352,0.364835168817239,0.049059563864506,0.0776700644526656,0.0979059363553759,0.162195429364424,3540.29093214145,1,1
657,-2,-1.83474218562135,2.32256471057611,0.741343724797296,0.928338182758532,2.17070912625118,0.342171596859245,0.0480890602390115,0.077142707014605,0.0985657369859944,0.161378063610238,3539.14902322949,1,1
658,-2,-2.30821006318998,2.21957720129796,0.915985136449719,1.10884061285911,1.80447966069997,0.429285901710205,0.050894702986289,0.0780594522521846,0.0965304973010857,0.156643443954061,3520.45823739573,1,1
659,-2,-1.47406940461984,2.32883435984254,0.773354958665243,1.03415463788449,2.14845797744527,0.262651185399949,0.0510848529121136,0.0784129724247462,0.100909043209571,0.15795748870074,3600.90313701947,1,1
660,-2,-2.34178006580985,2.30713981407038,0.856415981138002,1.03531891223514,1.9990679911243,0.430529189772505,0.0503478194453702,0.0793697568505033,0.0980988690622087,0.160241855505627,3585.450683053,1,1
661,-2,-1.88146479768811,2.29372566172874,0.794956559262757,1.10720033976158,1.86827045048735,0.328371488191728,0.0500135744546467,0.0779787803783454,0.0955467161106213,0.152512218994982,3543.59683015459,1,1
662,-2,-1.65362800750332,2.29120963524902,0.818391206217986,0.997306955095071,2.07804288313208,0.305310051765792,0.0472926174378554,0.0757405273241893,0.098687344903287,0.163238819502092,3536.86397186297,1,1
663,-2,-1.90331966735967,2.23874898619,0.934211319179385,1.03320471688317,1.97458189728041,0.349641522719987,0.0492753028477785,0.0768749934922308,0.0954049010396582,0.162854133408706,3505.61921347138,1,1
664,-2,-1.98745370278247,2.36131533118051,0.766253318615328,0.997421844265047,2.08260362168786,0.366921087841662,0.0471350789056654,0.0739813725892084,0.0991623004309487,0.16269980144245,3562.90677006153,1,1
665,-2,-2.06777200542108,2.31326439106804,0.746277972875487,1.11428063207561,1.79489450014674,0.370290287969932,0.0498788180001299,0.0778962298270412,0.0969517026601722,0.157129656545773,3575.95759368467,1,1
666,-2,-2.16243508599204,2.31193706639055,0.779362026102642,1.00840533843876,1.95290780391618,0.394421647917126,0.0483343118925271,0.0762989165165785,0.100730125682883,0.16242478985427,3542.98045893811,1,1
667,-2,-1.80726133255684,2.27520536838728,0.79424936551987,0.913255255832821,2.0699373599149,0.354328307532413,0.0490880742666694,0.0749901845421552,0.102453477581326,0.170801690124618,3534.93336667693,1,1
668,-2,-2.17452473382733,2.3435599575824,0.727384055911223,0.862332844004999,2.08515755412721,0.424284859846866,0.0447139154155801,0.0712207067799001,0.100295490109406,0.165304457065984,3521.66485992246,1,1
669,-2,-2.01969083766608,2.35980518175283,0.634335671146815,1.00140716043937,2.0399420239896,0.355725900987011,0.0478264529498394,0.0784639076491356,0.100191681947087,0.157881641195654,3537.55933406528,1,1
670,-2,-2.40769515347253,2.26492893770196,0.830813997835966,0.795949244922248,2.29715671071155,0.454013319751042,0.0474235690317748,0.0731532463882201,0.102352023186204,0.167027302493692,3467.20175901477,1,1
671,-2,-2.00438070795503,2.25192351208398,0.909997630520552,0.870913094822468,2.13462990861858,0.383292601014381,0.0463274126402609,0.0729689786677413,0.100070087294269,0.160465860401507,3550.37150214844,1,1
672,-2,-2.64225099300766,2.23283880783143,0.880524340348787,1.1635706095339,1.63574934024986,0.501356170238514,0.0480627390605408,0.0770730471353803,0.0928804277026639,0.150728988836784,3513.52443172433,1,1
673,-2,-1.58231131630057,2.30147432943429,0.8266569014109,0.838545272941235,2.36172135230473,0.278919872601086,0.0491014936808258,0.0773592181240727,0.102716475260393,0.171146722904357,3497.80477881203,1,1
674,-2,-1.70493346503785,2.37270293164568,0.750651633496914,1.15722351650396,1.89018079520732,0.309409916263556,0.0510190781669001,0.0779820227614672,0.0997344275608968,0.164925877049422,3626.60210845442,1,1
675,-2,-1.71295118454825,2.28133155354457,0.80356847887687,1.11633769580647,1.88383045098599,0.327730782383757,0.0487189841677088,0.0777338835349886,0.09465067013881,0.161536703403025,3533.0021183576,1,1
676,-2,-1.93542281985487,2.2932828955359,0.801276713801091,0.674188797482354,2.6217047815339,0.320311827626703,0.0477838352445168,0.0749268393717547,0.107134769061737,0.171563259362667,3483.10944433175,1,1
677,-2,-1.82874736802725,2.27843878430963,0.832827740273415,0.934901097749338,2.12307180601172,0.335214488979896,0.0484937306882192,0.0749667839581965,0.102254913927972,0.162483164841246,3549.59918948009,1,1
678,-2,-2.01120051602703,2.19065225714759,0.912728900567438,1.05457181721975,1.92931177008227,0.380994186795835,0.0516067974598349,0.0807958172639823,0.0986196029908439,0.165404916719732,3508.7188165695,1,1
679,-2,-1.92566188583957,2.27005378762131,0.755269816046719,0.850335042974357,2.12475318251056,0.366480832222964,0.0482156544796694,0.0753691703898541,0.0991614247048723,0.160818432787965,3493.82682188178,1,1
680,-2,-1.67370631634788,2.25569569403555,0.856883351955902,1.00822349441399,2.10909663813606,0.299698767502889,0.0491384355861961,0.0775754463471313,0.0961649193202002,0.157854850838863,3529.0441254638,1,1
681,-2,-1.94610114828008,2.24570926364357,0.892487258884032,1.08827399981136,1.80440138977459,0.356776469270853,0.0496464901373199,0.0769856910852463,0.0995773991151839,0.157105343961406,3572.25979390126,1,1
682,-2,-1.93314888520674,2.23372266292319,0.903427038961186,0.899595039255991,2.10374836470368,0.376197188445206,0.0468706000432212,0.0732264728878979,0.100191710507035,0.167397454473459,3480.89028286866,1,1
683,-2,-2.20790929962676,2.2447964883897,0.786947568149447,0.890260910165119,2.16326556749151,0.398910044746547,0.050173110879746,0.0789687837592331,0.0993677758997124,0.15840559023958,3493.22206860133,1,1
684,-2,-2.15793237990365,2.32024742117786,0.780259824472899,1.14818631500672,1.85229898028658,0.400810286741221,0.0481712763869772,0.0771136073807311,0.0917079415507098,0.152535541808985,3563.88779441512,1,1
685,-2,-2.42125242903613,2.30586045689128,0.778952753326408,0.942485906384802,1.93912080441712,0.474496188075052,0.0472493400740316,0.0750548377852621,0.0990525688395931,0.160913294933278,3534.60701758944,1,1
686,-2,-1.83201684460959,2.27140810438931,0.82156470951914,1.03723512122784,1.97717622406234,0.322509261445539,0.050116321572399,0.0789988449472949,0.0978744539963481,0.159642645233709,3529.51077230419,1,1
687,-2,-1.84888913725091,2.34656134616962,0.748547361903865,0.893777039530473,2.17088593455033,0.336630085434104,0.0475853044097798,0.0736963871251976,0.101021309084299,0.162372815611052,3585.19977728083,1,1
688,-2,-1.86420548381956,2.32589523305589,0.782818782679834,1.17266208909157,1.66992811284107,0.354379536069356,0.0491521723648812,0.0777492888976065,0.0970355914248046,0.157646852720532,3589.48371851242,1,1
689,-2,-2.34344355849914,2.24636373863223,0.836263198193217,1.08682992159182,1.88319431374689,0.412090401341462,0.0520870597370372,0.0802906476806282,0.0949791999259154,0.156851630927392,3503.12780166904,1,1
690,-2,-2.17809545861775,2.3502633558713,0.750901469246087,1.11651254899541,1.75197735284982,0.419503756464842,0.0496613475224945,0.079598149439779,0.0975300758694899,0.155267402096944,3591.64259769038,1,1
691,-2,-1.88995151361914,2.26148607211777,0.874951346562383,0.958985412029333,2.02289674534795,0.371013557006372,0.0477704031378022,0.0732594099658722,0.0974236871257686,0.16197348771784,3535.76539473956,1,1
692,-2,-2.45818192216385,2.3178019667414,0.757628576366681,0.94950787991629,2.00410945034106,0.469986509500475,0.0474455010806225,0.0747817339997462,0.100203376192377,0.163149081976344,3528.79644507898,1,1
693,-2,-2.11054001870741,2.33250746254555,0.732229361618273,0.984437931114505,2.05841815210997,0.37025708613619,0.049555983754477,0.0782330677255283,0.097580924587521,0.155967344590093,3529.86027006553,1,1
694,-2,-2.0486861855378,2.24560872189001,0.877439446845836,0.92240682377499,2.00164269955455,0.400761558864437,0.0482950010882713,0.0747166722133405,0.103537255138841,0.172302965251796,3504.24579818732,1,1
695,-2,-1.63840018208719,2.19487880711368,0.941080120155448,1.06168724400894,1.9343158076492,0.304333683872645,0.0510184062514232,0.0782723697609275,0.0953515902608563,0.158471842775342,3514.43134601301,1,1
696,-2,-2.03768061619747,2.25353103277171,0.855047714816195,0.962938948211303,2.1135681227722,0.361755662049581,0.0504366585012194,0.0778570093502524,0.100720365709041,0.166784517988511,3494.03022990304,1,1
697,-2,-1.65016343688429,2.42962953899053,0.60377679767916,1.04216674346817,2.0149867136312,0.293865126354977,0.0485473527887377,0.0796401787354544,0.0967388655838689,0.156638101071771,3571.2790737588,1,1
698,-2,-2.09335338407944,2.24061888601005,0.874630517170244,1.13807951948497,1.77304140794728,0.372674575993811,0.0502087124299456,0.080390511196005,0.0955713035221546,0.153053621066217,3521.99850106546,1,1
699,-2,-2.16726383414296,2.31204310362833,0.775312596568544,0.972873117775239,1.92513931929715,0.419919925714788,0.0470339294283839,0.0746116099987989,0.100171307070795,0.166712308357877,3524.86355180814,1,1
700,-2,-2.13889011738386,2.37659464971306,0.748345276859344,0.870400546682244,2.24297825206372,0.397001421047224,0.0453750964182197,0.0729605378711444,0.102541638689748,0.170351269156656,3546.43178898551,1,1
701,-2,-1.53928592027683,2.3463796939127,0.759973974983225,0.91182796523197,2.29045064455074,0.25706842634358,0.0484392912965871,0.0768138825799338,0.101398821617404,0.164080793325811,3538.41427270511,1,1
702,-2,-2.31447635797741,2.31245012428585,0.761171700128248,1.11506207295683,1.75565590519591,0.432729427521897,0.0487836960650344,0.0777324118191594,0.0953244792775681,0.1573455228793,3570.65871720968,1,1
703,-2,-1.57202547585524,2.30322098731173,0.808686383958139,0.965693286835327,2.03585098222989,0.303536977795546,0.0475314343723738,0.0756891122156887,0.100995740160271,0.164946074119958,3564.21804255192,1,1
704,-2,-2.00791426505967,2.34461795477484,0.722733723035637,0.993732324095786,2.0203062648855,0.350511712603311,0.0486772204244386,0.0789214034939464,0.0994646744742664,0.157260010889219,3532.21531154576,1,1
705,-2,-2.48104857902964,2.2722786777817,0.844225722156484,0.962739919412767,2.0250897503837,0.453810403983254,0.0510600445506173,0.077075917851171,0.0983327205081747,0.156303299924909,3524.08657284111,1,1
706,-2,-1.78198239070719,2.32654188816681,0.786601552085277,0.929388050184969,2.13556770591661,0.324865204012498,0.0470831385021548,0.0746424351134628,0.100061802083075,0.163021031040251,3540.26159393084,1,1
707,-2,-1.84256799339267,2.31277530741891,0.799080839944955,1.08806371476655,1.95455476211296,0.324102675424038,0.050217545738339,0.0785615928469505,0.0959993077562538,0.159005050880652,3532.12110141124,1,1
708,-2,-1.67423325914587,2.29402577771106,0.775795733740774,0.904653035189989,2.15062503042107,0.309498641628545,0.0478645956935302,0.0750538075557629,0.100492602640816,0.163666072047385,3517.41062133638,1,1
709,-2,-2.39690772026889,2.34198058616404,0.712224858834019,0.793215772097162,2.21780769896862,0.456995085704032,0.04594996212546,0.0726941565915837,0.101667466227529,0.166573181074355,3518.67069328385,1,1
710,-2,-2.07654636971855,2.19886660063914,0.94860070799478,0.973436692583328,2.08119385105518,0.364238139654129,0.0502770213816345,0.0771882245035174,0.10145699800609,0.164631323907125,3526.42419994214,1,1
711,-2,-1.73177764799873,2.41021653697738,0.675454455481535,1.05017741661946,2.01390719115598,0.310232701011735,0.0480642068931296,0.0763452468535649,0.0972084268079068,0.162214267529561,3583.19150650204,1,1
712,-2,-1.66258086547855,2.30681075917194,0.788433668570114,0.941996456061341,2.14616901407578,0.297131562545543,0.0487978074825104,0.0757566391472919,0.102025175657153,0.166281127645143,3545.49014073155,1,1
713,-2,-2.1491406973821,2.32925331930374,0.800610871274076,0.969692392145158,1.84858626693533,0.483243865159137,0.0444419443995536,0.0711241443609619,0.0970029275137831,0.163963477534039,3543.98378136329,1,1
714,-2,-1.78451504136247,2.2411693575919,0.914239613033295,0.933802197541428,2.16248180648593,0.325099796398886,0.0509885011668437,0.0762983445829436,0.104098459338587,0.168742188766337,3523.1432117592,1,1
715,-2,-2.01316526409438,2.28919252370968,0.825298404857907,0.837423100170823,2.2626590030277,0.364362930697977,0.047925315853181,0.0731461432968102,0.0996743921565998,0.163550538310523,3502.00529763799,1,1
716,-2,-1.60634380806898,2.3013035733772,0.754134416296051,1.04223706898724,1.85186173242782,0.31506810626459,0.049678075176948,0.0775281798058921,0.102882019596613,0.160258497981926,3586.15854600224,1,1
717,-2,-1.94415585441277,2.29211403220647,0.808176247338633,0.993138484535176,2.02301315657858,0.347880729402308,0.0481587056159675,0.0758383155167243,0.0990548171898048,0.160271742132127,3545.39775986043,1,1
718,-2,-2.17774714830751,2.33372915774306,0.789796199470641,1.11052142032215,1.79753514598139,0.403180114063354,0.0499220869341639,0.0778708473875672,0.0959276692071337,0.154128716223094,3595.66712115016,1,1
719,-2,-1.93059478841319,2.33604451507068,0.733256139796377,1.07442520256175,1.81843099521979,0.403413460992317,0.0488456037108173,0.0752530848144487,0.0951953508743714,0.154222196223198,3599.51495486039,1,1
720,-2,-1.79886327138142,2.32983905193886,0.757165883992708,0.935481675406242,2.00986018869695,0.368272861974068,0.0461351029537302,0.0730593752763425,0.0999913538274365,0.163225656393977,3556.97616006303,1,1
721,-2,-2.4889090998232,2.30187083867165,0.802191363169701,1.03203063836812,1.91393887257359,0.469821558902781,0.0488529723992812,0.077003606533499,0.0962352076024749,0.156686679845951,3545.06480118008,1,1
722,-2,-2.10577085731467,2.35821845255826,0.728354547429292,1.0064711314208,1.96719864175271,0.37128577561849,0.0480057957906599,0.0749929170460036,0.100883725666292,0.157456332346743,3583.29921001572,1,1
723,-2,-1.81213355268747,2.25029339775981,0.895924354711654,1.22128012637803,1.72993478913367,0.320820172084209,0.0501774773075902,0.0777279994499019,0.0935308639378909,0.150602323775189,3566.14471427571,1,1
724,-2,-1.87945491363614,2.39802848166494,0.718481325085339,0.933706295259213,2.0797595749209,0.389295643611199,0.0455773337121422,0.0723250746373984,0.0999970656388423,0.167542717052574,3599.25342568111,1,1
725,-2,-1.76609666011736,2.27834632183304,0.837714142956259,0.984605004572987,1.98346700273401,0.336918377602181,0.0500679566881659,0.0781935122906067,0.1002438898867,0.157913965065561,3563.85457480636,1,1
726,-2,-1.44866871529901,2.2755410889645,0.805356135289127,1.03767494837636,1.91224248152092,0.292293908654812,0.0481680758696526,0.0747767083758674,0.0997490026547644,0.164665148180368,3565.34627168449,1,1
727,-2,-2.32471540232477,2.28104086630018,0.834562733346103,0.9182951366888,2.13654090785337,0.412458737511858,0.0483007754632287,0.0756236243738992,0.098113803839357,0.160306470018664,3503.7422916183,1,1
728,-2,-2.45851225920527,2.29734925406941,0.785588909754174,0.847341902024358,2.18897546953635,0.456024494520832,0.0476169891755622,0.0756749039615122,0.101332420041458,0.166131072633679,3511.82369395524,1,1
729,-2,-1.94240990621557,2.26994596769304,0.846856313404047,0.852285861942555,2.22863203916552,0.357551811560009,0.0477836488356976,0.0742061409201716,0.105380356413321,0.166637150485222,3558.98968475019,1,1
730,-2,-1.99694091203873,2.35677863120622,0.713129121777454,0.974986465900313,2.06000867487429,0.366435390432128,0.047187957300919,0.0748424342253367,0.0988514231767612,0.162207050044983,3553.79906877787,1,1
731,-2,-1.77790997231276,2.31807805931282,0.767015686029259,1.18856762249508,1.78327845583648,0.333557969909362,0.0492516287492905,0.0794227746049957,0.0931173421348158,0.155965821173587,3561.20761955167,1,1
732,-2,-2.51851218886901,2.39829149434223,0.685011457171321,0.949343612214979,2.01229156502118,0.465794588059512,0.0480288433154215,0.0754365788042311,0.0994529795017244,0.161062344636845,3573.27720372091,1,1
733,-2,-2.82188239933936,2.24817105116991,0.876439818680589,0.908138857222138,1.95156595173541,0.583821444680593,0.0472815192510106,0.0737226518341516,0.100535860696032,0.158856328892683,3522.23629454312,1,1
734,-2,-2.13492621708108,2.3370707660964,0.76140152848344,1.05545756808369,1.89652574346408,0.40436497633634,0.047362174933118,0.0740838400298203,0.0979574875122418,0.156439761477897,3586.55836713266,1,1
735,-2,-1.92274223767097,2.20451932627601,0.96793674841049,0.989022297249392,1.94680176492571,0.362477456419979,0.0488477154101021,0.0760295444561858,0.099611755023483,0.159712499626691,3547.38017713853,1,1
736,-2,-2.2366592761101,2.3218154021457,0.789833881593216,0.894375009606681,2.17943755487633,0.421215114353853,0.0472232314322032,0.0744313806061283,0.0996469065782928,0.161289513423638,3556.39943283291,1,1
737,-2,-1.75929169227555,2.35084786573791,0.701528630785876,1.01561126367889,2.05158511963662,0.325143176705991,0.0476886112747947,0.0749436925346892,0.0968865309003633,0.157699913150552,3547.0847857121,1,1
738,-2,-1.69762519552675,2.26485375450376,0.850792702670495,1.10613920204883,1.80627545236739,0.329443843277344,0.047944198904246,0.0768479041937998,0.0961175280714471,0.157301517060445,3569.69881093374,1,1
739,-2,-1.58806022392946,2.26817675819748,0.831872975179047,1.03872517165096,2.02639295416673,0.28613502933099,0.050037151672161,0.0786751385518532,0.0970205158511848,0.161309696510497,3509.90823165192,1,1
740,-2,-1.57082278493392,2.30266503291991,0.778921903791017,0.958371087347181,2.121835270558,0.284270655728371,0.048787753289389,0.0762295951931183,0.102725598786879,0.169130034408665,3541.19699913495,1,1
741,-2,-2.10640543168326,2.33780324334412,0.755692699738235,1.07692793422071,1.81538963820153,0.417666273833102,0.048787261802718,0.0776116867434288,0.0977917848011558,0.159331654013518,3582.18967656257,1,1
742,-2,-1.35386260704067,2.29205284099836,0.799864274114562,0.817937444666088,2.34225357991963,0.251571004992259,0.0472070697118584,0.0743587431900324,0.105833128808347,0.175575963321061,3512.06365327113,1,1
743,-2,-2.03876987842476,2.32690324072253,0.766505796259589,1.08727161232073,1.95255299166859,0.372367257400113,0.0486401057605713,0.0765817615515751,0.0941603202487798,0.152935401728455,3547.74132306959,1,1
744,-2,-2.44107097679038,2.36109855240632,0.654973361715927,0.950793763248918,1.9772768362991,0.470230763227785,0.0466895096636238,0.0751490693415003,0.0969178710240725,0.162140853500768,3485.14263880486,1,1
745,-2,-2.16028555428137,2.30037380301478,0.789440496555961,1.12622372389516,1.80212999017775,0.401020973493862,0.0499921930084042,0.0788764912566763,0.0948746419095387,0.153982578139951,3546.62690628883,1,1
746,-2,-1.93308465298378,2.18993363959904,0.989398677048797,0.865101626478818,2.23824071372685,0.35654546487177,0.0491877623548768,0.0747198395625247,0.100260407365777,0.165224260036902,3498.81933459754,1,1
747,-2,-1.67268027826743,2.33101566632522,0.773086307677104,1.00510455218656,2.07764677149116,0.284562961319854,0.0499278678657102,0.0785050669071705,0.103228836607487,0.167467070280841,3570.69460113572,1,1
748,-2,-2.27546376424056,2.24386130512095,0.845170517830329,0.950502069922463,1.94720152465992,0.450093645663205,0.0490467341543576,0.0760352171336246,0.0979231195722418,0.159212581258966,3526.30371026382,1,1
749,-2,-2.40320350092005,2.28979088595593,0.783850678048713,0.93655845365256,2.06576628318352,0.436378565432613,0.0478418476095625,0.0765301647372615,0.101528716061081,0.161765030539067,3507.73432875305,1,1
750,-2,-1.80832503378278,2.46239698166589,0.538622100902363,0.960201741911882,2.05125318893123,0.33944786158272,0.0462308586606622,0.0750573961995141,0.0983373551148094,0.16464225293409,3556.3644214002,1,1
751,-2,-1.24624103672055,2.36316581096666,0.674017170161122,1.05199612873718,2.09310517361907,0.22714903292356,0.0490224328049711,0.0777591210987129,0.0991127662144604,0.159858982303569,3590.46235374602,1,1
752,-2,-2.48747774547605,2.27042594950949,0.864106890012898,0.955953111782055,2.03824367011264,0.447872323434427,0.0477729313005276,0.0753445684019857,0.0967083075844429,0.156575468563256,3514.71795895722,1,1
753,-2,-2.72314439856493,2.29644216827743,0.812863004106267,1.0577579611193,1.85317972335323,0.495471985674873,0.0497233917109506,0.0763547401114136,0.09782343599353,0.152207167966021,3565.3672980993,1,1
754,-2,-2.50761977931388,2.31526427583683,0.76934143354441,1.01048846101519,1.93989809738974,0.476174524489727,0.0470499702163354,0.073063321616412,0.0957270806800836,0.157977990243004,3534.2539180042,1,1
755,-2,-1.68189540401604,2.24813632107468,0.910946609486403,0.800559766624993,2.38762449951698,0.301014158611439,0.0492981647366581,0.0757641082137405,0.108883804655609,0.180704291425622,3485.02444080978,1,1
756,-2,-3.2334637910124,2.33289744492296,0.764004506332605,1.12097460458456,1.67634810278851,0.632119493327271,0.048001197079811,0.0759702621295723,0.0966532849802377,0.155766577543062,3539.42926877718,1,1
757,-2,-2.28551521042733,2.33116780126946,0.742484009875393,1.03245260606499,1.95329369271534,0.411119654147807,0.0481013561706976,0.0784721654167221,0.0996555257664458,0.157910229916933,3543.3257063889,1,1
758,-2,-1.57047679204934,2.30773537693505,0.749715315324596,1.08635782778396,1.98510471910304,0.264875738930467,0.0517551942789038,0.0802020629166288,0.0980207657969485,0.154449973810654,3559.75571391643,1,1
759,-2,-2.084221575934,2.25110541400134,0.920416561938815,0.963025834172425,2.09487951240918,0.389108743197219,0.050119679526246,0.0770673497222965,0.0999126602670747,0.16178325636534,3557.2470930311,1,1
760,-2,-2.62682912586897,2.2667674575569,0.824983055292683,1.11297337901003,1.77753933020031,0.508800776347086,0.0501961826779774,0.0783283119928584,0.0939895024794906,0.150467422023898,3529.74925166573,1,1
761,-2,-1.31274111580458,2.27795804951912,0.781991119115934,0.942640694417169,2.27348973681774,0.241157582081714,0.0480807401717098,0.0772358665207742,0.099379855983452,0.171395207108363,3504.97143145184,1,1
762,-2,-1.87774454580968,2.29820609282977,0.778737305042842,0.972060672256582,2.09196447352729,0.338820824007132,0.0476652003823228,0.0751248152286017,0.100424429410494,0.160621903400552,3564.60351301944,1,1
763,-2,-3.22570477800908,2.32564605409133,0.718616268867704,0.925551867860385,1.89751895878875,0.678901598687396,0.0456204752244796,0.0730888345737128,0.0972014690550584,0.158618969949398,3500.84246897885,1,1
764,-2,-2.244318082615,2.33616241163512,0.709818261256026,1.09107344468674,1.83125165467572,0.424078746579239,0.048653326032058,0.0772261609037268,0.0917348921443592,0.152818209172274,3545.77558726689,1,1
765,-2,-2.04809676944702,2.29317925572534,0.736774304220289,0.909076683475381,2.06328854208767,0.38195598388414,0.0477445005744951,0.0763437606792052,0.100838257490291,0.159879838144727,3522.36781910046,1,1
766,-2,-1.49450040853781,2.28742455499702,0.813696412534445,0.776575501328686,2.45142965873167,0.264183532906908,0.0477989507903062,0.0737248977601852,0.105569589030793,0.171509714763911,3543.62702109598,1,1
767,-2,-2.30888098593842,2.28249411773241,0.858049274772466,0.934975988254955,2.06192455539237,0.415078416031831,0.0482699175423089,0.0746130928292432,0.100196846535062,0.161675776108629,3503.27247535771,1,1
768,-2,-1.70307462407674,2.34118058290504,0.808939733563332,0.960439838792484,2.03833387578551,0.330938451703868,0.0475290045446202,0.0741772169944459,0.0984226562558739,0.162420024342653,3602.73104942912,1,1
769,-2,-2.4413580962713,2.30297843128028,0.766442766614635,0.926745054015882,2.03644689222088,0.472749145613768,0.048391926097132,0.0761453393467947,0.0971229811575662,0.158100147301416,3499.73082753725,1,1
770,-2,-2.38718804076232,2.30989691501716,0.779000126546451,0.955964483605057,2.02765110728383,0.431394360771087,0.0486435934146026,0.0755811678259493,0.0981198750515468,0.158527819753521,3525.3489124208,1,1
771,-2,-1.7859376699854,2.20223802502549,0.928077215975096,0.880114843997014,2.33428071366045,0.305470570300841,0.0506316479234576,0.0770601198105728,0.0993865669520476,0.163394698866733,3511.03930099307,1,1
772,-2,-2.22261455230633,2.33162848854203,0.784626015662179,0.987501349792645,2.10268788275444,0.384806736285765,0.0485159426005244,0.0773931075660294,0.0984863521042286,0.161471057871502,3518.6830827806,1,1
773,-2,-1.78308351182507,2.26701404837239,0.865403494467318,1.04789617894565,1.9632780688691,0.336084630128382,0.0496398703681273,0.0788394413051346,0.0976254398034587,0.161184600608891,3551.60778724793,1,1
774,-2,-1.99159823405088,2.32067055184613,0.745351566924033,0.9877793107333,1.99814807931569,0.362776476448731,0.0480284303606277,0.074350660811313,0.0999480996507124,0.161166411380249,3541.5989538034,1,1
775,-2,-1.609527504218,2.2501068548579,0.835130359154775,0.99259802451029,2.12752177240379,0.27891495160077,0.0494060347846475,0.0777072080415806,0.0978859504277067,0.159306442009881,3492.51337433176,1,1
776,-2,-2.15180047096759,2.37284545876438,0.705847033403983,0.991736702518413,1.96238177647724,0.442213178205255,0.0465661915918891,0.0734101767827743,0.0974172041700614,0.16618431033028,3538.09484416219,1,1
777,-2,-1.94792526816809,2.35170275905101,0.717842482486138,0.86380167316965,2.17727564272741,0.364513426674372,0.0453660171593109,0.0736814874410846,0.0991703551931284,0.164235006652709,3528.4370734683,1,1
778,-2,-1.97352214222617,2.26392402932137,0.863275568961346,1.14751772766956,1.77706297194454,0.349091587630474,0.0508139814291529,0.0800824256806805,0.0986796442425772,0.157671358978121,3559.58180219777,1,1
779,-2,-1.7622558722808,2.25478497368137,0.913640294035425,1.07589390026648,1.89396422646979,0.333900214851144,0.0495700850400648,0.0753759779426629,0.0943283844309844,0.158327513717027,3580.49940624623,1,1
780,-2,-1.9131830296875,2.28265673598266,0.865466816701912,1.12127081428487,1.80509911422533,0.350219949218713,0.0494215911408343,0.0783712443636071,0.0960120796088351,0.153988880724993,3578.61220653436,1,1
781,-2,-1.89031979216684,2.31657923922042,0.80424649087859,0.994555040364644,1.98667980449211,0.346156432581009,0.0474969095925326,0.074852873259608,0.0982423803046677,0.159294040573377,3570.17679708685,1,1
782,-2,-2.00928150876928,2.27859560197895,0.812640954214476,0.942591081273698,2.0446880085661,0.370641695067988,0.0496519047128162,0.0776609172322971,0.101633526119821,0.161994978740912,3543.19167432956,1,1
783,-2,-1.75931511819835,2.33996461392124,0.730055148153862,1.15276160064811,1.7537775186283,0.315619052744041,0.0490514454401207,0.0777563374963093,0.0969898791036111,0.160682970259762,3558.54126146374,1,1
784,-2,-1.53245623604554,2.41401481100012,0.648950425851077,1.01517750353072,2.10863630073136,0.28534220090092,0.0483865479709456,0.0760148385222668,0.101291056458422,0.163248825193752,3611.93505777227,1,1
785,-2,-1.59793545079832,2.22829810358858,0.905601043551407,1.1152017453673,1.93453210527921,0.295856682459302,0.051323093946227,0.0780947311976657,0.0956647934769708,0.154687749661707,3558.86258871547,1,1
786,-2,-1.57888327747943,2.37314551479895,0.72407202298541,1.08785772946222,1.9536068411383,0.294161278550447,0.0489151295951463,0.0766095329855191,0.0976757711579864,0.161109290739186,3603.80653177844,1,1
787,-2,-1.4874199683603,2.26836888730454,0.862173645117112,0.999715339791947,2.14445933536374,0.256690273005797,0.0490201288945763,0.076217789835527,0.0989560977197263,0.158779336267368,3554.15564595124,1,1
788,-2,-2.30146458732646,2.27264040950373,0.881225702144717,1.03507013816886,1.88563729645849,0.439142739448366,0.0491479959445282,0.0752452745195953,0.0971933622015952,0.159736548748903,3564.02866201582,1,1
789,-2,-2.27368232106438,2.21525403317606,0.899811521081863,1.02158345881175,1.90162797351241,0.439157947029142,0.0493694009206663,0.077262613129232,0.0969674664500365,0.157457018248627,3528.84184458896,1,1
790,-2,-2.10926370535813,2.32703541420051,0.827721765151482,0.990160847821784,2.00999944063902,0.389366605968351,0.0479977806469157,0.0754096399916127,0.101652988737879,0.162649430371825,3574.73114780923,1,1
791,-2,-2.4760134177533,2.33790740685778,0.72937999256223,0.968892679310143,1.94498948589414,0.468356463743299,0.0476577861843138,0.0769084149822533,0.0998334994345257,0.164176404447608,3500.73001024371,1,1
792,-2,-1.51608132180281,2.34261170592278,0.729505501692033,1.02743959032893,2.02183013109005,0.274213671379838,0.048520126834371,0.0777716148283006,0.100493801027098,0.160861865846754,3580.32263583254,1,1
793,-2,-2.44708192511989,2.29892336497744,0.849073804326249,0.970502922539414,1.95667796129444,0.469915349867331,0.0484908836027031,0.0754744561058027,0.0968898764628395,0.154809625804926,3541.13891592489,1,1
794,-2,-2.55522029175645,2.31690192448369,0.700979631523977,0.999511166569647,1.98640118453183,0.458043385353933,0.0500003991490364,0.0788722515460864,0.0966026076643655,0.15727618182149,3531.83817193635,1,1
795,-2,-2.1079552288514,2.27079265645146,0.87574618968948,0.922593851198114,1.9539515250409,0.413820994373849,0.0462134714956519,0.0738467354057511,0.0994637397176415,0.157605273259587,3548.26456245846,1,1
796,-2,-1.74675085730903,2.27677229209449,0.861341875611995,0.869813535025902,2.10618295236569,0.340925429465835,0.0456657514122324,0.0723282704721059,0.101852571602984,0.171424749001302,3524.36546620837,1,1
797,-2,-1.87980129911106,2.30585599624019,0.789292636847301,1.08377107616822,1.82284121519725,0.373366148047263,0.0483338804704121,0.0767884993283307,0.0971989965550065,0.160863859945617,3562.96258818362,1,1
798,-2,-2.02588663731885,2.3079841440442,0.82512789673424,0.918046873377775,2.1575419363068,0.362334239414609,0.0487689369677444,0.0760944669349386,0.0998398249007319,0.161851290893777,3533.35064050394,1,1
799,-2,-1.73782575909624,2.25053982263004,0.920292000255503,1.24866880948865,1.74934741229456,0.304095520261386,0.051483353054443,0.0796619038356454,0.0920339622326326,0.153933026691708,3559.29926251066,1,1
800,-2,-1.85853311204348,2.30490756712307,0.792565734754377,0.944647168120272,2.02992713403082,0.352746223145935,0.0464155335944849,0.073973786021677,0.100653753298252,0.163896321094997,3543.96476208508,1,1
801,-2,-2.12660620433063,2.27048474545896,0.787463830736346,0.85716731509485,2.15028309952471,0.394190054752347,0.0464186725191875,0.0741235690316233,0.102937942724126,0.167034290706733,3495.43698696343,1,1
802,-2,-2.42002693998025,2.37224129806767,0.642632567607303,0.787217432327028,2.22301223863491,0.458153956467915,0.0455424974417722,0.0735536407336414,0.0987797990562402,0.159709613134035,3491.23046653376,1,1
803,-2,-3.26530845651958,2.29674918986413,0.800984525208518,0.938079526994043,1.92876494903021,0.686086287319646,0.0482912301385399,0.0757412309549085,0.0986360966079875,0.158594635843399,3495.58547002597,1,1
804,-2,-2.26984381219791,2.33111057535395,0.765117315481305,1.0075069620666,2.01094618506998,0.383856888092876,0.0480615892113501,0.0753590219407899,0.0992630298726065,0.157485761962862,3548.62941554189,1,1
805,-2,-2.69184019254508,2.26964031931776,0.823348857592277,0.90615095880442,2.04233173512107,0.526154349036377,0.0473041049961008,0.0735124106540019,0.0966136674682847,0.158542362362529,3475.01515536063,1,1
806,-2,-1.46221640302117,2.27171049197442,0.806005606268348,1.10462684293842,1.98738263484254,0.273384824912179,0.0515408130840655,0.080080149674688,0.0966419281177509,0.161013073962011,3514.59604843877,1,1
807,-2,-1.88230468641645,2.35043714950468,0.815880639602343,0.989148557723444,2.08883137538094,0.311988272029564,0.0499281685773289,0.0771906415023579,0.101555131941038,0.161224541805083,3556.10798182437,1,1
808,-2,-1.80698569269769,2.2906373033943,0.89425153070582,0.717652804698036,2.41900717505969,0.328839581287866,0.0460390716518521,0.0727981937585996,0.106942131866177,0.171504181877929,3539.39182678367,1,1
809,-2,-2.23369255030743,2.25553741956446,0.829959335327889,1.08623433997387,1.82871755842786,0.418176931682274,0.0490616677771124,0.0779817567844388,0.0950977861909964,0.155398432536669,3520.38414061202,1,1
810,-2,-1.50324565329444,2.26254056937488,0.846772019732798,0.880452618068425,2.22420557546765,0.276004622398636,0.0484336007811136,0.0754100247286815,0.104326196759076,0.166100553857017,3547.50873913453,1,1
811,-2,-1.74533925566215,2.29393904261102,0.813018189930424,1.01097360948869,2.07380964160451,0.31663504985187,0.0491605901584539,0.0761098404073827,0.0968156073906114,0.158171218090744,3551.94742057293,1,1
812,-2,-1.98124324877187,2.27536946175237,0.82455107498646,0.940196120688924,2.06541469499718,0.36178974387732,0.0490393706508437,0.0781250465259155,0.0999701558411085,0.163259753629595,3515.97707244596,1,1
813,-2,-1.963059213666,2.33920683809824,0.739529150792705,0.995386929643381,2.08023375481909,0.343614827000725,0.0484660766577157,0.0772821192167488,0.099448979137008,0.161160156250627,3533.94745900122,1,1
814,-2,-1.92649921707309,2.31268667307335,0.792043119594699,1.07171764322392,1.83288970353299,0.351249648227212,0.0478313175984235,0.0739079522891179,0.0989738273660816,0.161198480402086,3578.37715804864,1,1
815,-2,-1.58622177584999,2.37999622098055,0.693904797478993,1.11644397644097,1.94999565376734,0.286456312546497,0.0504449638805886,0.0784562102034852,0.0963393120263064,0.158419216875459,3612.16627816361,1,1
816,-2,-2.45018136166006,2.24727941446464,0.852233725560578,0.955049264181916,1.96353056895366,0.468855192031597,0.048498233678976,0.0760662576299232,0.0978076930557131,0.158779338528969,3499.83466991028,1,1
817,-2,-1.85521979276666,2.37476635469863,0.761208343596474,1.10293604880619,1.9362100509629,0.331107825105731,0.0496127959298901,0.0782224708043901,0.0981293179744399,0.158796645507876,3592.78171350595,1,1
818,-2,-2.16594717635027,2.29587508236491,0.788992294053114,0.927506878194853,2.03694690067443,0.385775209917621,0.0479272951093773,0.0752512924777301,0.102754969502273,0.163543713445242,3527.73475607373,1,1
819,-2,-1.73057817284953,2.30347854127683,0.778948214436555,1.00807491773833,2.00651513954762,0.33170041794764,0.0502745864871243,0.0771258743958011,0.101906772154267,0.165239949341123,3575.10939149063,1,1
820,-2,-1.93557757002329,2.31428160679816,0.754931580730481,1.07281992955573,1.85877036563655,0.345265645005449,0.0493299809927156,0.0785798582426907,0.0977244167474967,0.159542689670712,3543.24717033031,1,1
821,-2,-1.44828440628685,2.35040277071857,0.722739956336145,1.01139759572623,2.02218101208496,0.270338108358814,0.048401258553818,0.0754817884450821,0.0978033271616055,0.15910686308191,3569.1664458858,1,1
822,-2,-1.70248323829537,2.26727433827909,0.866141609885272,1.00186034251506,1.97410966586797,0.346056095424555,0.0471693353339475,0.0730247282219098,0.0965403109672701,0.15946566287277,3569.37255655676,1,1
823,-2,-2.40648411463913,2.35000572670408,0.729720713521042,1.00313403802738,1.86128625537922,0.466445571294734,0.0481095776402696,0.0758477754606846,0.100455650626537,0.169082670046009,3534.2425067668,1,1
824,-2,-2.06589281691587,2.27298793135887,0.853375904433527,0.996442707800238,1.9998498779849,0.398378382626774,0.0498346421648367,0.0789360339629601,0.0985619279447455,0.161537507796392,3552.17919903331,1,1
825,-2,-1.68517399213694,2.27432463447791,0.855591593540152,0.841252824910085,2.36378294350434,0.294020469144097,0.0493836521166289,0.0762089408280709,0.101780195244556,0.166262132503133,3531.48556874842,1,1
826,-2,-1.93726545667873,2.33404287839924,0.788442899369354,1.09760151524737,1.93851209160122,0.347700784119504,0.0490393176947729,0.078054113820556,0.0971111017099896,0.162085239254306,3563.33667865969,1,1
827,-2,-1.89470988643718,2.27587819548432,0.856452925884725,1.08207386705738,1.93096491772759,0.344147810554374,0.0507829939884659,0.0793874842976371,0.093604302013685,0.155938623866019,3544.3215857518,1,1
828,-2,-1.62326465339593,2.26751723670412,0.833118047122663,0.913116584863247,2.11695580033512,0.307174992934877,0.0484424568934928,0.0747832566496874,0.100382720346695,0.165325140403436,3538.71321473351,1,1
829,-2,-1.83292782960263,2.33962846689042,0.759548939874376,1.09093915944207,2.02671213721042,0.314097714846483,0.0480339332333962,0.0764690317674731,0.0969763653512432,0.159691959904253,3529.45247476909,1,1
830,-2,-1.39180125591798,2.26749447657803,0.876410169616831,1.13427125129396,1.93227551300549,0.247240610480018,0.050694040355503,0.0809291276142273,0.0981708436749644,0.160891150869531,3573.22690239221,1,1
831,-2,-2.2578762702889,2.29837989986624,0.837661639308946,1.06477482210162,1.92325655322092,0.42403899324113,0.0501203195063674,0.0790153019647728,0.0985102111420343,0.160029693985011,3556.99832080281,1,1
832,-2,-2.55015405896607,2.31318253995295,0.736084066101164,0.890180402836684,2.10547235474484,0.510201795776637,0.0472719795343665,0.0752873156669814,0.0963565771834421,0.160779066174673,3490.5609510456,1,1
833,-2,-2.22986346091299,2.34570191276241,0.77296139937527,1.01053836737926,1.88825387914471,0.431696792396883,0.0469548169791993,0.0737318532756971,0.0985617464518759,0.161056847419513,3570.43830028401,1,1
834,-2,-1.83110843506733,2.28746766944163,0.850984438459536,1.01400483850079,1.93771698599796,0.355829222938635,0.0494500993755397,0.0770637554781783,0.100962399684464,0.168492775318492,3546.29650410606,1,1
835,-2,-2.02175949318381,2.24256682619892,0.859890119149415,1.17841057279145,1.61303234197554,0.387927923103611,0.0512040190489124,0.0794463172251575,0.0950336479243354,0.154799345763834,3554.56328571796,1,1
836,-2,-3.0135669506821,2.22626393301282,0.885669748901116,0.913616901546566,1.99298803059402,0.592240947647045,0.0488552288955649,0.0753837270401023,0.0999310477529003,0.156598662108757,3514.9385968631,1,1
837,-2,-3.37789553273105,2.26802168333514,0.842607384723131,0.864321535326252,2.05758275861525,0.695174340407924,0.0457967484483121,0.0721056752526415,0.0967498533965665,0.154946836808336,3483.53832313305,1,1
838,-2,-1.82820382593431,2.27335013737762,0.83066994455957,1.05907538503326,1.944961382848,0.352047550704023,0.0493342791802407,0.0782385169079645,0.0952671628726008,0.157698092217768,3548.94850506537,1,1
839,-2,-1.5113686277179,2.28864214819573,0.845327641753122,0.981469607361462,2.2056884081223,0.258462215102891,0.0516468462543158,0.0804761170797865,0.103269768044766,0.167651268100444,3567.18991990121,1,1
840,-2,-1.72802371566705,2.27069352565682,0.839879691273865,1.18181422299291,1.75012943754223,0.323379558631408,0.0496302229520277,0.0787903320553674,0.0974530599628589,0.158824629314336,3570.47846123268,1,1
841,-2,-2.88351631026491,2.27698007423528,0.81996037367366,0.942166631537996,1.96925024153744,0.564247545890687,0.0483053947423602,0.076682200226267,0.0967293853086855,0.157047856203757,3502.09859713773,1,1
842,-2,-1.58916376020892,2.35461672017391,0.699832204252759,0.754191784320611,2.47716048516997,0.279437687348572,0.0470343569913807,0.0739889024423348,0.104247525395707,0.171924536657234,3510.46547147981,1,1
843,-2,-1.85414848534158,2.31663416781596,0.743070217685095,0.957385927440101,2.08335936160746,0.353378977343806,0.0484144667756975,0.0777620675254359,0.0997583853693467,0.156369774162304,3543.49977250248,1,1
844,-2,-2.61267840787121,2.2787024640649,0.884462429067039,0.996670659906001,1.79629421970904,0.525669770732459,0.0472747943867945,0.0737882140868229,0.101248854473947,0.162651467619813,3567.42018541695,1,1
845,-2,-2.69628210346401,2.31523587372387,0.726618540281879,1.03341824959276,1.81421453509581,0.540662572235558,0.048513668568714,0.0765605640062091,0.0987799537948811,0.161097171217904,3529.69187357624,1,1
846,-2,-2.45360656422676,2.27698194170815,0.822977755987019,1.07402858378454,1.87909129430295,0.44753430772676,0.0495480274262049,0.0760501618616087,0.0933915923682299,0.15157774169276,3535.46618894012,1,1
847,-2,-2.05376418134692,2.39528981458045,0.576982804454422,1.16496387709656,1.79717489560457,0.384221179078258,0.0480776124535096,0.0806463920783545,0.0936275853879893,0.158815138383893,3528.31778004644,1,1
848,-2,-1.734639372976,2.23574539612907,0.866585067717749,0.943199813682865,2.05290415750367,0.32286965430445,0.0495571433448626,0.0775859788755333,0.0974890017131063,0.156527444630944,3516.03791379817,1,1
849,-2,-1.97770047791722,2.2959591161534,0.823459937850144,1.24605520875503,1.62774974239856,0.376657622745145,0.0517559871316778,0.0784514756879643,0.0954715896686475,0.15628328521532,3583.86506363519,1,1
850,-2,-1.62318140443295,2.39795746794416,0.715587079026606,1.13001135537947,1.84465140940461,0.322218269621342,0.0461420303525302,0.0728681524121463,0.0968620819316028,0.160698172512992,3619.01991589702,1,1
851,-2,-2.25628532835948,2.3519915696747,0.752144555892305,1.13165637856423,1.83238102996203,0.419925257780871,0.0483654427110043,0.077024201545905,0.0943198169794917,0.152950213782983,3564.06423974277,1,1
852,-2,-1.57396863255095,2.3648769060442,0.667728897323978,0.935467344394938,2.20148636841566,0.292123474873454,0.0486778027614433,0.0771387736176754,0.102185432691534,0.168350722364891,3536.42613483118,1,1
853,-2,-2.70886102434877,2.28431613810625,0.786793087924844,1.01738818874209,1.83413679705168,0.52802172666788,0.0497486200103472,0.0779265500810669,0.0982721464101947,0.157490107138164,3534.1571825243,1,1
854,-2,-2.19025065200298,2.3155279537524,0.846663085646893,0.911441075069658,2.14478354283351,0.367715667960665,0.0496076796572567,0.0771138034796199,0.101832890413859,0.164499974995984,3543.33203297062,1,1
855,-2,-1.76159510051328,2.25358460278884,0.81699448448635,0.991579484560764,2.06018869687789,0.306182246782076,0.0502527523693121,0.0779482747304793,0.0997149659737965,0.161498384683366,3517.20548104523,1,1
856,-2,-1.62571206461011,2.28592102664155,0.82407958128754,0.856990849054913,2.17910687721836,0.306312828005082,0.0478620655172048,0.0753532503730149,0.105372271144325,0.166324993662173,3569.37387212434,1,1
857,-2,-2.65977196838934,2.23088974351078,0.923683212705512,1.03053113410986,1.85791059860032,0.511179587923487,0.0481061044463713,0.0765232625527391,0.0965845417143876,0.16114527410519,3504.89199056797,1,1
858,-2,-2.6212944286729,2.28612453894852,0.811582646678111,1.14026055475398,1.74320499667509,0.502352393121282,0.0506020447628108,0.0804498155023646,0.0931718719871376,0.151888341013928,3536.95407379826,1,1
859,-2,-1.89601877327789,2.38727168995785,0.661131278775292,0.901721979427417,2.25698365809934,0.326557433993046,0.0463168751195915,0.0750845321084743,0.0999643787394718,0.162657548036637,3501.68604656984,1,1
860,-2,-1.94102539564978,2.26487398406241,0.803998910745385,0.820907651626542,2.30582844088026,0.340771553629104,0.0466848426373276,0.0741071435905905,0.100590873935699,0.164285920336671,3479.78019538573,1,1
861,-2,-2.13854645037586,2.34843005376175,0.741812179433653,0.870557465805399,2.16374561903382,0.385637864151461,0.0479651438471236,0.0737316758107441,0.103783427414692,0.164052581613869,3553.96732749041,1,1
862,-2,-2.9882306852746,2.23810950373256,0.873255555059481,1.06330495494867,1.79326408783814,0.562225137911686,0.0486174686269304,0.0759136120236026,0.0935476993236977,0.150868117840988,3511.49702997906,1,1
863,-2,-2.01942220939465,2.33662891359024,0.775151908543157,1.00313919139823,2.03181086073387,0.361403290242404,0.0489216242968823,0.0767395916438737,0.0980121892940149,0.159248660542271,3560.5954921662,1,1
864,-2,-1.95132917044655,2.2934895508401,0.833620880571322,0.991755827149565,1.99861172062891,0.362317702559211,0.0482579623380806,0.0755262848963479,0.0990193559592632,0.162625548768609,3556.00733058992,1,1
865,-2,-2.4608457541203,2.35948247759037,0.630877377936248,0.97756471249196,1.94145172632394,0.502439763246941,0.0475735712803595,0.0751179960519962,0.0958768373310768,0.155863638096321,3527.66130686606,1,1
866,-2,-2.45375012296245,2.31634712028476,0.832125582503363,1.06438485118204,1.74120421091683,0.490764241776266,0.0464538681164783,0.0748790029201628,0.0967417261497039,0.154138452724132,3584.58912589354,1,1
867,-2,-1.9014399629992,2.33807112870394,0.708579412629583,0.908548353644711,2.23129838568896,0.332571964729116,0.0485101605461769,0.0768054005550333,0.0976104997699516,0.157844542341096,3512.53048810687,1,1
868,-2,-2.60559139204195,2.3219791853916,0.763137918578323,0.930788561872289,1.9585933579234,0.527977942238457,0.0477805380157786,0.0733182917360904,0.0996676087184962,0.162437870066395,3513.12757346037,1,1
869,-2,-2.08730177965377,2.29823224366452,0.733514408437768,0.984431711152957,2.06747721638113,0.346255532944877,0.0494338848957325,0.0769357053927495,0.0977525040068514,0.1569592227748,3502.09665778319,1,1
870,-2,-2.05702628119845,2.35483483649961,0.688666373642899,0.995267007394409,1.99315151054193,0.391220502702636,0.0467218107185914,0.0738557347731187,0.0944023873631702,0.155871710581143,3539.90006999651,1,1
871,-2,-2.30344724115932,2.26121478063944,0.831604208630247,1.04459217320434,1.87790142435853,0.456840519042637,0.0484806350311134,0.0768128156383538,0.0941413641016438,0.156605837018685,3513.80733398959,1,1
872,-2,-2.01817389476923,2.29891145733693,0.825919212953496,0.71190792433791,2.35455002445968,0.412520994960397,0.0447164635311107,0.0706710452730697,0.104853538649687,0.167639152475085,3531.64435875104,1,1
873,-2,-1.71270288997017,2.32098203177041,0.817396612891463,0.972438696599676,2.11009684567613,0.312249646808893,0.0473186227256831,0.0745951089798545,0.0988571482224656,0.161158524891176,3545.70917784038,1,1
874,-2,-2.22303919589797,2.24324159731335,0.839834494751484,0.947888846612246,2.09445626383214,0.381147041512027,0.0497312242824971,0.0768090603502975,0.0981871188816543,0.160263382682016,3444.8319362427,1,1
875,-2,-1.82681846817785,2.21340467147065,0.880128357777842,0.978893440842802,2.14761635047121,0.33197915254395,0.0523484503528119,0.0788393275535981,0.0973260970962916,0.156728816521897,3519.1576093181,1,1
876,-2,-2.40383251070214,2.33672058700006,0.800162103003158,1.05572218908126,1.84255964335125,0.443328305204418,0.0483993580678144,0.0769591086972233,0.0966252697488238,0.154589987249503,3563.82742481728,1,1
877,-2,-1.71195701651084,2.2485330597884,0.831039429860003,1.18747164687645,1.72181299562408,0.327487267929234,0.0519024048168323,0.080066819512021,0.0974924024929161,0.161799660290257,3559.17951075892,1,1
878,-2,-2.33750609649648,2.3047363336266,0.829506003183471,0.942624286912822,2.01331088133612,0.450767783986739,0.0473229763737667,0.0737689316326818,0.0997204653489185,0.165152269661644,3545.26436011858,1,1
879,-2,-1.832974915875,2.33218561621006,0.771447077730108,1.10102705686446,1.86698308636648,0.338805271399919,0.0484746761623021,0.0752002125409525,0.0958650371846088,0.154751875984654,3584.61093749069,1,1
880,-2,-2.83427869008137,2.32769312284426,0.726044415698619,0.818507619628448,2.11159666094617,0.564377831670275,0.0468914781479084,0.0733240385969014,0.103471524100388,0.164741502385995,3515.84992039522,1,1
881,-2,-1.78385952264532,2.32457449746005,0.749495510739954,1.01445200874622,2.14410225358932,0.315300405780498,0.0502691865928206,0.0804202979663255,0.0962302904321081,0.159818013999818,3517.5474299484,1,1
882,-2,-2.23828648247215,2.28617974949588,0.861844277700467,1.07367845673051,1.82273318499838,0.421850622288728,0.0483923582004757,0.0756507651072311,0.0988462727125623,0.164089059381494,3556.92479266634,1,1
883,-2,-2.33451638137176,2.24236727612592,0.853948698613214,1.02648986636652,1.92076231203003,0.406223427170865,0.0499998636291719,0.0785494406582149,0.0998700187786078,0.158635978518349,3511.06169163598,1,1
884,-2,-2.28548707438704,2.28752547249241,0.815104793164813,0.996112618942027,2.00275077731825,0.421595148090562,0.0499082610861896,0.0788311254185582,0.0986300310343103,0.157900538892017,3552.89616772469,1,1
885,-2,-1.56326751713506,2.29552818716479,0.776806326578761,0.878685341970249,2.23797304098868,0.27894757050248,0.0478210451643351,0.0761205866345352,0.102906369204678,0.169443614857053,3503.26316973514,1,1
886,-2,-1.79862139632981,2.26572293896011,0.86476499067426,0.861614433590879,2.1980223069662,0.326607334013819,0.0466339071001157,0.0729808883266628,0.102723156250756,0.166211215482485,3492.85071418768,1,1
887,-2,-1.39938849230298,2.25221558987473,0.815433674259548,1.00874597042846,2.02745165036089,0.280904549083953,0.0487140222704974,0.0781837773545876,0.0983811922800606,0.163314530795523,3541.07497959823,1,1
888,-2,-1.80291092146911,2.27358172989777,0.86331541855099,0.927292320196999,2.13991774640392,0.33655195561497,0.0484175749022211,0.0752312100261866,0.101525526431013,0.166223936230116,3567.46528253715,1,1
889,-2,-1.75189055847863,2.40305023289267,0.659143965604835,1.16299673983594,1.79460314566671,0.318538140931461,0.0490192537221264,0.0775950245389634,0.0979943925607141,0.157450959084046,3608.53475311648,1,1
890,-2,-1.96588548409576,2.26723113239869,0.888052676839154,1.16680101725856,1.68588748960154,0.356966629318465,0.0491519931350895,0.0762402126924524,0.0970790675237231,0.155582091572522,3591.73224441868,1,1
891,-2,-2.78780393509769,2.28429790487557,0.84414750015182,0.883776156494741,2.02442141133616,0.55052381409749,0.0471860738928676,0.0761807933885962,0.101741509919938,0.162111441079665,3530.37714355745,1,1
892,-2,-1.70014243993363,2.3185461754755,0.810530527409636,0.957318526052653,2.06948131728762,0.320660329536706,0.0467980068302173,0.0753856164408856,0.101436618069136,0.168362731187059,3569.31808945884,1,1
893,-2,-1.95977747872886,2.30350632395068,0.784120983165867,1.04914138004808,1.97283726914584,0.333118749987037,0.0494657694375841,0.0776040686657956,0.0982576288718958,0.160211640794979,3523.90076634022,1,1
894,-2,-1.20052936296676,2.38892274863523,0.710903084038261,1.25041247079665,1.76467107605605,0.235992728560754,0.0503437549251321,0.0799426638622936,0.0935276779905176,0.154240886065676,3616.88824399836,1,1
895,-2,-1.9292642291809,2.26894309989824,0.815771830366013,1.08712209588042,1.92647754969613,0.335456816620078,0.0493442102743267,0.0783898039344363,0.0943585182549743,0.157803536193577,3498.08679828469,1,1
896,-2,-1.83826946079636,2.34789013826537,0.725847904473871,0.815064954870532,2.29813430381631,0.33836875384334,0.0470265238727685,0.0733344243426173,0.103244502319549,0.167608774393939,3535.98101693137,1,1
897,-2,-2.28020252981087,2.34962395371079,0.72116633322334,0.924178889292023,2.04243162801523,0.44604751087335,0.0476296673421003,0.076009359687242,0.097805645950487,0.156582541872061,3553.92876968608,1,1
898,-2,-1.6126823756683,2.2931451998784,0.740114735173978,0.912922178527768,2.20210811366921,0.312297364072375,0.0485915671235671,0.0775221515527536,0.101457945640927,0.170064075192269,3498.48064547797,1,1
899,-2,-1.87731906271061,2.38358355182304,0.696466556613749,0.939102534999132,2.1833587126876,0.339573976567654,0.0476309317822412,0.0746007080636585,0.099213800364023,0.16569822943792,3523.2841011291,1,1
900,-2,-1.76985907610482,2.28731285130511,0.792467785750479,0.973000474075939,1.93930750065279,0.344833592742818,0.0468725347700423,0.0743012606024134,0.099865328061814,0.159427215208442,3556.67485693464,1,1
901,-2,-1.92228657104528,2.33777954720084,0.797513742234713,0.836659798222386,2.2199372305295,0.369270428856463,0.0464132331727563,0.0725122521720102,0.103200064459151,0.1642572350034,3565.94896756119,1,1
902,-2,-2.55785352250504,2.26452403536344,0.820772353673981,1.08903231796393,1.88680495444253,0.455686034265935,0.0494434979369651,0.0772351048789963,0.0951097106851578,0.157836333597884,3469.53534620835,1,1
903,-2,-1.64325716541995,2.31335878965732,0.784355174699195,1.11470517536535,1.9074546818811,0.293527593775677,0.050239839871111,0.0786315773204473,0.0970785973294067,0.157231852553841,3586.91828093879,1,1
904,-2,-1.96910011629091,2.33241986932583,0.804604548510497,1.03273211115586,1.99447995799253,0.358341555212825,0.0471599855516869,0.0770059423925755,0.0987525999055636,0.162645085534782,3555.15230212474,1,1
905,-2,-2.10420445654697,2.19454955376321,0.976896899133575,1.02651911544027,1.88827553869254,0.386495622230507,0.0489769219498646,0.0757034046090791,0.0999576439424992,0.16406225761078,3511.13843098518,1,1
906,-2,-1.63820487165544,2.27531044375844,0.822559009983656,0.965848127175655,2.22391345601061,0.28907584265606,0.0508116268695648,0.0777186562652057,0.0964260042132211,0.159786158578621,3500.2137145186,1,1
907,-2,-1.97861047948157,2.28845361271414,0.819771382927884,1.05445058783827,1.91194970468431,0.337250270607242,0.0499999305191013,0.0782877091755873,0.0998356537062679,0.158336829665693,3532.34579109151,1,1
908,-2,-2.05146879357023,2.34836712818346,0.747162888395328,0.843629051462874,2.21567337180707,0.384615124514187,0.0465561521298954,0.0729859956792825,0.1029166907839,0.167602619422149,3547.77865277355,1,1
909,-2,-1.81889077822569,2.19655231965112,0.971182228432332,0.923178901814208,2.10718006309145,0.342363236149339,0.0504473414790165,0.0801548620451841,0.0991666921391169,0.161179329328294,3484.35713641857,1,1
910,-2,-1.67522828527858,2.27075360576808,0.853454857951579,0.883924762153608,2.24525722947752,0.30843885714387,0.0494973738139618,0.0762236213909983,0.102498814097995,0.168567687863506,3509.48705160672,1,1
911,-2,-2.54248403350741,2.2444887491491,0.863982327139089,0.971867187427283,2.00964538256166,0.457504627969032,0.049493321887611,0.0767348206190974,0.099239292065494,0.161138650685385,3516.1031301141,1,1
912,-2,-2.145580170644,2.25993679173117,0.908752755996068,1.0542524121411,1.94553538142958,0.371353466035722,0.0484947884859398,0.0756956393671703,0.0931942123742273,0.151537066560515,3531.54572289849,1,1
913,-2,-1.18403371727938,2.22497851507458,0.919765662208703,0.96643918721114,2.11423648179931,0.238826550688871,0.0492265313386346,0.0760652955271243,0.10106591701492,0.161107476471471,3596.74493032472,1,1
914,-2,-2.29772932926614,2.3084054975251,0.851225470153621,1.00268610732366,1.99362375344858,0.416806815357922,0.0490899831940832,0.0758818579546681,0.096921926897878,0.157446614954051,3571.95374161486,1,1
915,-2,-1.98664219408704,2.32304330937255,0.784094194063377,0.871672543712651,2.08022690796681,0.381479818007151,0.0457246125557333,0.0730563939856132,0.102642161998682,0.169925620977321,3536.75516733728,1,1
916,-2,-2.02633664092631,2.30953359945083,0.801001646478521,1.02468935970776,1.99834493269539,0.36116221187939,0.0481594996393079,0.0769010130320847,0.0947394917602982,0.160438584064198,3526.52727698472,1,1
917,-2,-1.47711227162801,2.30389096636816,0.720106522412443,0.898239833717179,2.18544682119647,0.284012783934661,0.0485975341253971,0.0774386397389108,0.102105021238212,0.160965193354002,3541.60669302838,1,1
918,-2,-1.56121007856359,2.33541424366383,0.790058812809208,0.975357265326794,2.02531088386828,0.310283408962075,0.049081557673295,0.0754475806411649,0.10421021537679,0.167051420049699,3634.24787768823,1,1
919,-2,-2.26537499206637,2.33988353220317,0.743538272558725,0.914161229771342,2.05831594728693,0.44916342712344,0.0477784097170236,0.0745422307268047,0.099306362534313,0.158255036413048,3553.37919566421,1,1
920,-2,-2.04584341010497,2.31768247634984,0.755758347100146,1.06300953228537,1.87605669910835,0.373615201262909,0.0476132187903868,0.0746811162622837,0.0982832641743601,0.158494636290155,3567.62930007439,1,1
921,-2,-1.73154353871806,2.34043233635664,0.676383685649347,1.0402295082291,1.984749323784,0.32186976841791,0.0481480904821613,0.0764773568954954,0.0958370178936658,0.151036879874881,3546.02144467897,1,1
922,-2,-1.81618134955403,2.25992495196064,0.882648501047353,0.884783050695279,2.13298561343659,0.337648872369442,0.0481775758568582,0.0764110507971178,0.103603761785147,0.162383643935627,3539.45206454558,1,1
923,-2,-1.89227978223474,2.24296426414076,0.912435806516092,0.916406528203599,2.09824987179926,0.327264016275911,0.0481322919142784,0.0763697985524558,0.102667070319111,0.162182604122173,3513.09884522301,1,1
924,-2,-2.59919487440875,2.32802204247861,0.746663773590924,1.05878770143988,1.81390283329929,0.495640508591661,0.0474998873292737,0.0746240516345413,0.097178978796487,0.15751871969737,3550.65516560959,1,1
925,-2,-2.45124152044206,2.28397243624786,0.868203248369632,1.02403505735542,1.977561957865,0.467941866318802,0.0482690144008246,0.0767948968426467,0.0955134538166908,0.153445146538718,3553.77146016691,1,1
926,-2,-2.07688774888983,2.28805718940292,0.813846938260508,1.08276674530432,1.9434643081865,0.363993663250912,0.0499666952945855,0.0768500750933405,0.0971353345598964,0.157685413125867,3546.3730296289,1,1
927,-2,-2.40448622825639,2.39974182151087,0.672338061178531,1.03352991109179,1.87702189121759,0.43907459690432,0.0484180334963604,0.0770433382387901,0.0992788576369493,0.158598933908976,3566.76459735082,1,1
928,-2,-1.93030428859973,2.37262548745049,0.71284192132862,0.983844064835457,2.05540772413134,0.367901031990778,0.0466675950305509,0.0729343007915094,0.0994835865214166,0.167214622807605,3572.42148643983,1,1
929,-2,-2.23819905246781,2.32310254120613,0.705191243109519,1.06483374913464,1.89511633509842,0.398396002369807,0.0484560569899614,0.0780512055934446,0.0963959484053739,0.155293286200453,3506.72964417842,1,1
930,-2,-2.72492024692285,2.31234334632345,0.855157143889583,1.06264526660377,1.84182771534802,0.507522955119368,0.0502320616213777,0.0772500634066555,0.0966083544787358,0.153789827932419,3576.09644702385,1,1
931,-2,-1.88338678976217,2.22594845333265,0.91121320582888,0.796555047771014,2.34228929668893,0.348618474104666,0.0478460327169307,0.0730158815194768,0.102493475861117,0.169346931224029,3520.08899922044,1,1
932,-2,-1.97320621646526,2.33550273077001,0.717021266845019,1.04392616719499,1.85338239624286,0.37097298482565,0.0480206421977394,0.076234249079925,0.0988111594440153,0.163258035580361,3550.22724774673,1,1
933,-2,-2.23616783428218,2.26794471325542,0.802783130872074,1.10059243213538,1.84934243242513,0.396273736753638,0.049363859720556,0.0787074250797903,0.0947265757649586,0.151891790436376,3534.54178954092,1,1
934,-2,-1.74693046255133,2.2283020084898,0.881408806426684,1.0992207598464,1.82496244991235,0.337936437525326,0.0497788733883901,0.0778439222011833,0.0958336065863057,0.159037322358946,3526.16943240195,1,1
935,-2,-1.39585652289497,2.36130291865024,0.716435984427746,0.935424103270781,2.11093628359868,0.255497248622583,0.0466488238524028,0.0735672922759708,0.101946618266382,0.165148721498678,3560.85409160136,1,1
936,-2,-2.10590179495378,2.21182266880036,0.902583711470877,0.992262724643883,1.95019602425737,0.396804531972998,0.0511958858199898,0.0777672497840555,0.101875231324582,0.166102979219814,3499.76217013326,1,1
937,-2,-3.00719019520667,2.31419863186145,0.815330578675444,1.02099397745163,1.85992051703587,0.593145089060272,0.048197142980919,0.0734190129154968,0.0963008363997834,0.152932885324269,3529.19912920286,1,1
938,-2,-1.94227090068238,2.39671444875884,0.656581848815111,0.917415058887123,2.09545207112382,0.360606748598119,0.0481135423376143,0.076916265187208,0.10141240136321,0.169434676804011,3551.36863804087,1,1
939,-2,-1.59408159743581,2.23384156076088,0.967783597208515,1.12861116132059,1.87157201873811,0.294740284484828,0.051018487333194,0.0784169563823166,0.0982877139050685,0.158928082334854,3605.29673861199,1,1
940,-2,-2.01613704383871,2.3581573389068,0.760063072410055,1.09356582427441,1.86190024387026,0.391639972375769,0.0475098301731387,0.0744244113117083,0.095424862284756,0.161386148283217,3572.51086422024,1,1
941,-2,-1.56097778040526,2.32682067089745,0.795353714456139,1.00017604417942,2.13673358851631,0.278072682726266,0.0484637563128049,0.0757943552950118,0.0968814829235158,0.157449647087502,3575.19520348159,1,1
942,-2,-2.13584106773221,2.29079655288534,0.84896981724639,1.03012400759924,2.01703209182626,0.363800792244124,0.0496184671920661,0.0796603681038891,0.0970479897273493,0.157247363311707,3516.11851092672,1,1
943,-2,-1.78933368882588,2.26922328459626,0.798126232273128,0.846769769644384,2.19532743437905,0.330924405608198,0.0475705880537151,0.073768884363745,0.102018355262634,0.165243957121007,3519.38269053143,1,1
944,-2,-2.3491316717011,2.40255367900753,0.669395635084144,0.977593229143598,1.91705217271424,0.461687212456912,0.0459479062865344,0.0735217706073451,0.0998589677733092,0.159244272148874,3584.67965321231,1,1
945,-2,-1.58882176596156,2.32331176601936,0.802775077131517,0.993611415318076,2.08915719192524,0.282767368366001,0.0486968505691922,0.0762302632581961,0.100817764018102,0.164781610207837,3561.87716136222,1,1
946,-2,-1.64025604263297,2.35318332294916,0.738671180291563,0.909200324078968,2.30228470108736,0.26994661670329,0.0484766894629857,0.0762287030149287,0.101988581236825,0.160698259010709,3540.76232220581,1,1
947,-2,-2.10611354603579,2.34054350798402,0.733004674970285,1.1115302647115,1.83965051951438,0.386205559622925,0.0486016577033814,0.0771603586606369,0.0961874378965518,0.158047979998989,3551.07220457275,1,1
948,-2,-3.7309939343653,2.30588420481385,0.770615299760545,1.11555256930769,1.71883333168813,0.796801478006781,0.0490412447004962,0.0777591284446426,0.0921283885484087,0.152665471684504,3514.29654264467,1,1
949,-2,-2.36081663336287,2.32433729873928,0.78267203073379,0.96102255207612,2.08284366017973,0.419131821455772,0.0495888062466182,0.0777605208747481,0.100123535092489,0.156863296412278,3548.92627384427,1,1
950,-2,-1.79717269566731,2.38907829532367,0.739518672358253,0.962695640756061,2.11377469762171,0.323317364704041,0.0474477301142801,0.0736483332493852,0.0992525191939291,0.16067841097317,3593.77235451409,1,1
951,-2,-1.44255306759607,2.25944719392642,0.912960602889252,1.20497915851232,1.84881217775855,0.253288669723114,0.0512497385502735,0.0802369361995744,0.0968464769125086,0.158273734121327,3599.5192834373,1,1
952,-2,-1.8453179277212,2.32877883012821,0.747727926937046,0.845053482197891,2.29299941292104,0.326951814082934,0.046794329314282,0.0748745979940083,0.100759037237089,0.16304852346339,3516.88598539794,1,1
953,-2,-2.64151219371864,2.28694956600696,0.728694250135251,0.954585375171501,2.02860628012699,0.483400825496651,0.0495889204568203,0.0786749108550329,0.0976001233853228,0.157686883083994,3480.22592883138,1,1
954,-2,-2.0256927652796,2.26925052161262,0.838956300135634,1.01907565575612,1.89732021964865,0.404971928440854,0.0492809768477881,0.0760404810032532,0.0992301300301729,0.1604573084819,3567.11890144505,1,1
955,-2,-2.14357064400966,2.37238594814154,0.727155410668649,0.861765711378877,2.27633303672293,0.385560649479079,0.0463979063424245,0.075237383063529,0.0987125744966696,0.158576742292654,3556.44934069927,1,1
956,-2,-2.66061374845252,2.24005434105055,0.812282173907276,0.953280433106777,1.87269065330995,0.524944511789562,0.0491135019861101,0.078157897964239,0.0982853309089647,0.155235799281629,3478.31006960915,1,1
957,-2,-2.66871337305592,2.34378881664621,0.798090040553473,0.867851248264821,2.18555782163367,0.521266221823919,0.0451011403406963,0.0728234562835231,0.0984076216279091,0.161926431087195,3520.23309249607,1,1
958,-2,-2.11012212756102,2.34185851875971,0.791695308103297,0.961165478739067,2.0550368493989,0.420409535701583,0.0468170128498722,0.0731857236961903,0.0970051349321499,0.159764846179972,3587.91637860909,1,1
959,-2,-1.61740552160614,2.19805882511117,0.938245552963578,0.893646768340945,2.15796939937513,0.298094330830482,0.0496733018630932,0.0768483839458294,0.101559805569372,0.166203955626393,3501.41215851636,1,1
960,-2,-2.09167436418831,2.25370054768445,0.789672152304229,1.00149466998235,1.8674406827066,0.399671967545892,0.047034509060107,0.0740456763818563,0.0960285799180901,0.157576639827164,3481.80054885273,1,1
961,-2,-1.45072526831304,2.29505657827429,0.793751605098326,1.03993875145931,2.09741805127771,0.259376222169058,0.0496449326071145,0.0807178432521725,0.100439074377859,0.162095693894501,3522.39739206574,1,1
962,-2,-2.20146167403139,2.34686470749399,0.78905120096947,1.01264225852752,2.05471465278447,0.403900104644445,0.0500594824341586,0.0796671920070024,0.0972030039406371,0.157081054637833,3543.62393559912,1,1
963,-2,-2.3918455727589,2.36435462209006,0.672073949892313,0.965312315936488,2.04060287255164,0.437084673855493,0.0456039377343039,0.0749996077132049,0.0982391890957222,0.15807310674337,3521.84097154429,1,1
964,-2,-2.66064424628126,2.39683810155207,0.600656423698453,0.950190929438782,2.076346325328,0.510507888225091,0.0480010827759065,0.0767971970126875,0.0962098533076678,0.155676952198492,3514.39787846969,1,1
965,-2,-2.04090288164445,2.38387566693574,0.668398099275647,0.875654374729462,2.28305939992656,0.360380859656527,0.0460842957780621,0.0737746589516865,0.10140297511544,0.169379215068682,3496.82788796551,1,1
966,-2,-2.52444391443183,2.34054149791131,0.746150569253392,1.01905830737134,1.92760023065628,0.469603758641031,0.0476242936392761,0.0768723574361655,0.098389518501706,0.15990618487081,3531.39730436253,1,1
967,-2,-1.59020163927676,2.26268746468479,0.839291895705757,0.983032029005719,2.01404494595036,0.318580369092119,0.0487712171641329,0.0770326296753834,0.0986622350178291,0.160095449610299,3559.35696150965,1,1
968,-2,-2.00190211451639,2.38229535509202,0.702107705832431,1.09301351899341,1.91051706278213,0.368231051977847,0.0480775021541776,0.0761625951796757,0.0974682953042354,0.157818461013254,3571.05789292169,1,1
969,-2,-2.10781672419463,2.35393916118266,0.692340527416792,1.12280768899846,1.843082645891,0.387163483186274,0.0495978895354386,0.0805693796708916,0.0940528643523982,0.154378507406301,3555.44805557577,1,1
970,-2,-1.95047844463107,2.35176942203947,0.772196019201845,1.09667693021104,1.86884085497446,0.353278208528224,0.0480855999131779,0.0767415505281367,0.0949263595000079,0.154369241123466,3571.25043627611,1,1
971,-2,-2.70208421926755,2.3190191583717,0.777801118206693,0.989133789494288,1.85001310612239,0.549419415347805,0.0460516374726389,0.0738837909939974,0.0970775544900587,0.161861183678066,3525.70170582587,1,1
972,-2,-2.23399293367364,2.35865077489082,0.790921087170189,0.99834192279922,1.93935357464933,0.438785177341262,0.0455665370575104,0.0735165950317912,0.0979391985702587,0.15829675811523,3560.08089783756,1,1
973,-2,-1.88580932345735,2.27300986529646,0.830421281549596,0.969312023599185,1.94951448628613,0.358194758440415,0.0475994950569619,0.0756141360636322,0.101378755645302,0.164953194169436,3554.06573432238,1,1
974,-2,-2.7602674148876,2.28300809581364,0.827045308822688,1.10126877288444,1.76700789025588,0.537508703200927,0.048784969720331,0.0767640103856431,0.0953866374040913,0.157564402829523,3516.8247595555,1,1
975,-2,-2.18722555952444,2.33479546547596,0.77319209419256,0.91743515425677,2.10815587237167,0.401725719123693,0.0482682153053997,0.0752345673314852,0.100297485100479,0.160408781915666,3561.28747088424,1,1
976,-2,-2.55302821484567,2.23723386617911,0.927955623117441,0.991823991833235,1.94294691026337,0.499134958730509,0.0499612984823958,0.0785125015512296,0.0998990134262825,0.158968999565806,3526.33997096544,1,1
977,-2,-2.35207007301464,2.29247908675565,0.812742427226663,1.05784751656729,1.86322934959834,0.440184821741213,0.0500402866474902,0.0782520403974406,0.0956805077369734,0.157930395225024,3508.97438928474,1,1
978,-2,-2.62368240677657,2.33139347083212,0.690944221896422,0.979330751280516,1.99100267382545,0.499057359995618,0.0487747924987156,0.077309063977848,0.0975116883750505,0.159013885680129,3504.30312985531,1,1
979,-2,-2.39749705859103,2.27319920572014,0.874346766123825,0.973962030037052,2.0368438836832,0.45054061172969,0.048909574999473,0.0769659878820476,0.0982637601538535,0.165202916380478,3495.05315736033,1,1
980,-2,-1.72972864110074,2.30416493845981,0.765936654601988,0.969544606172013,2.11641496723491,0.311757913790138,0.049436760636122,0.0782748581083614,0.0999878571696251,0.164869736920326,3515.98171753647,1,1
981,-2,-1.99488219933443,2.35757940246629,0.716810289906326,0.941723390384599,2.08158017296511,0.368500000030531,0.0480548575756432,0.07554875586607,0.0956556030955742,0.15595210087649,3520.64996639494,1,1
982,-2,-2.22081987321047,2.20207519215745,0.943931677815212,1.06941062389711,1.865740198241,0.396032118219561,0.0502534943729104,0.0750325216674078,0.0981052373552712,0.162187657194599,3523.63810118341,1,1
983,-2,-2.35726135975032,2.35812668613924,0.685505493331623,1.01780426110505,1.93724528977437,0.440115618938254,0.0470855612691189,0.0769934172624526,0.0963656284913409,0.158378079895196,3522.13118422072,1,1
984,-2,-2.44814389335248,2.24444582009753,0.869299522699298,1.00935485604407,1.83464593773669,0.455490828754387,0.0504618256526867,0.0789628279843664,0.0990881747649446,0.158768699366204,3496.20761892885,1,1
985,-2,-2.13995735628851,2.22744631856263,0.914464781675184,1.04690008565708,1.7962150259093,0.408606793357857,0.0498946621094712,0.0776823661112714,0.097767793017485,0.158094502994333,3523.89668586585,1,1
986,-2,-2.8869510752611,2.33070374770158,0.749596953131653,1.0817498684956,1.69452561793212,0.57369123339933,0.0477311768079296,0.07560923744304,0.0931201493861466,0.152995792732495,3550.57888813524,1,1
987,-2,-1.98887784756035,2.21519838418385,0.92789995873178,1.02631383307964,1.94841262406311,0.357045495846929,0.0490491620658535,0.0763767709541411,0.0941424812580071,0.154151339319105,3503.61276305368,1,1
988,-2,-2.30073924746677,2.30037989814333,0.763536669608282,0.978801223916411,1.99805666638352,0.422897994184126,0.0498887776206051,0.0776596525731637,0.0979253404160712,0.158778027292458,3508.81719155302,1,1
989,-2,-2.00199702100425,2.22886040272116,0.935996149626377,1.1992461714727,1.64412717786847,0.382269406606754,0.0500122872629382,0.0803673384677314,0.0970547821402184,0.157194829294401,3562.18280395088,1,1
990,-2,-1.66801557824502,2.27398628381909,0.79987575681887,0.87361975177981,2.16715829768117,0.323719015054854,0.0489051176806901,0.0748911127260545,0.0998415908723183,0.160735106512386,3551.25650668079,1,1
991,-2,-2.62069976904632,2.32585226649747,0.757725145025901,1.0830207222539,1.82735729269966,0.51380920289922,0.048572932077726,0.0772562767026944,0.0919155131079401,0.147425824227948,3561.10255638952,1,1
992,-2,-1.65251582309095,2.33051247614265,0.739287744683696,1.11787744890124,1.81112483970532,0.31183367190965,0.0492897713565017,0.0777773812374978,0.100046285732721,0.162979504798239,3568.60331049053,1,1
993,-2,-1.54291140466089,2.34833395584003,0.681608994328888,0.854085174107072,2.20301481811507,0.28074152164953,0.047165940735274,0.0746171762320016,0.108106585053835,0.169819903990633,3572.47844870971,1,1
994,-2,-1.34207374303738,2.34702414843185,0.688120094184374,1.01733503154187,2.00423155624315,0.254566786500527,0.0470387789162849,0.075788324133137,0.100700088418317,0.159169146442112,3568.02718039443,1,1
995,-2,-2.06249123931564,2.34431658489545,0.776698867609979,0.966095052502053,1.96025038858181,0.414199179436614,0.047669857438122,0.0732626335548764,0.0962504844591806,0.158946245027151,3577.09448937649,1,1
996,-2,-1.70253172561264,2.26745333978196,0.906653976839126,1.13892301574487,1.87586486382552,0.313341502479465,0.0496245771335498,0.0790609709979833,0.0964218503385484,0.154310990876474,3578.72750720709,1,1
997,-2,-1.4377961763151,2.30829141662875,0.775593370971861,1.00183730658591,2.13805003020029,0.255777253278252,0.0508465550524805,0.0782322675873631,0.100540129171477,0.162673961593539,3577.45809447408,1,1
998,-2,-1.86612642838427,2.35823314720845,0.631690140627851,0.820099866597458,2.17855040995124,0.348351377729315,0.0468464388821446,0.0763995656933115,0.103265828100528,0.169596423117137,3477.17588386623,1,1
999,-2,-1.77697670153185,2.32657603671613,0.763918864311765,0.993313769057088,2.10652141835209,0.320500369232186,0.0481070369376504,0.0761514763826642,0.0978668955603725,0.1593144642631,3546.59082313105,1,1
1000,-2,-2.1647844783863,2.30598002835047,0.78939527331126,1.02728494669452,1.98939037016408,0.387723759676439,0.0486759787130528,0.0773277472988478,0.0965987027494704,0.162460818388479,3503.44731358527,1,1
1,-0.5,-0.293399306175568,2.32985028419498,0.731886257426808,0.992132027083518,2.14898136571107,0.128002687278355,0.0472832921327724,0.0734407713056614,0.104374884045777,0.181882993506345,3578.34216628839,1,1
2,-0.5,-0.47425132805392,2.33533486376923,0.769550200178906,0.853860655971552,2.16985449727568,0.158946936508891,0.0453207969558176,0.0706171073591068,0.10908211600492,0.178855112877127,3600.7698479146,1,1
3,-0.5,-0.820179184591506,2.34474325488151,0.760113006080688,1.03539334405772,1.87985576800215,0.198535033199243,0.0476427808857984,0.0736972996700339,0.105908406218612,0.176643624309304,3625.08487794313,1,1
4,-0.5,-0.583290263579903,2.27593272850973,0.839082886015464,1.03717151356169,1.887044230502,0.164040363943719,0.0468218519572589,0.0744351886173376,0.103661318270702,0.174371758859357,3574.36637502127,1,1
5,-0.5,-0.486066540072144,2.33655084169953,0.757592157309909,0.966156699815119,2.06303722381261,0.148222108630121,0.0471603192349184,0.0737870510423806,0.109412284567787,0.182592584020047,3602.58022290731,1,1
6,-0.5,-0.481374453852401,2.35101262433062,0.744889291334463,0.866268651282891,2.15435479917449,0.152069806495049,0.0448167159633151,0.0699481437426762,0.109813083155526,0.179885339742447,3611.52150475691,1,1
7,-0.5,-0.445372503234022,2.14571771241638,1.05098209734199,1.10789902072038,1.8916404730258,0.151942065899728,0.0507295603647014,0.0763442083412952,0.10395930510824,0.169875672789613,3606.24632338658,1,1
8,-0.5,-0.650085521485341,2.37838556539247,0.734377810636633,0.908917021991395,2.03594987694152,0.189163103031387,0.0448234098926348,0.0702617282446056,0.108613476338805,0.176462518652842,3629.20077028441,1,1
9,-0.5,-0.631688722290305,2.41688407167717,0.648412885165904,1.04622818497922,1.88297733881513,0.183695620194927,0.0463286505481135,0.0730053087007211,0.104089398407317,0.178835831458003,3628.25852003428,1,1
10,-0.5,-0.653247726667218,2.27282119040153,0.896676312044235,1.07764239254168,1.98787369107013,0.166149866612073,0.0495094306331295,0.0751756906938089,0.104805781304496,0.172626296324136,3632.61331748218,1,1
11,-0.5,-0.329114633687618,2.31492143772848,0.738851127296244,0.817807951331467,2.28001688149111,0.130034203579158,0.0468108929117309,0.0747702260081804,0.114141824899481,0.186881187376454,3571.62812618132,1,1
12,-0.5,-0.299150493877535,2.38829940426496,0.737780557759041,1.06764781818698,1.97359069556934,0.132988201768759,0.0463091400559631,0.0732260876364425,0.106808254665841,0.185667208640907,3645.34694019134,1,1
13,-0.5,-0.499656772402081,2.30583840564199,0.822871342970652,1.10915882397505,1.90490517614735,0.154202801830661,0.0489521950472831,0.0748093330619851,0.104192435445977,0.175322579523945,3619.99505434035,1,1
14,-0.5,-0.104124277576594,2.28505430614979,0.852083836474644,0.973098506174,2.34799957086469,0.103877742275692,0.0464836095140384,0.0722378339689699,0.106998874892556,0.190386425457516,3573.54379404509,1,1
15,-0.5,-0.622604628164248,2.37826161083693,0.725325754218329,1.09235037284344,1.69274972275843,0.181371893912608,0.0482126102212714,0.0739388767856196,0.109298610601287,0.180825249120557,3639.68779756161,1,1
16,-0.5,-0.36057845165476,2.28091371720105,0.881434337209074,0.878959640254057,2.23912478213215,0.131910096514833,0.0475980626704941,0.0730602582245258,0.110343075424378,0.187526166083188,3601.30215922985,1,1
17,-0.5,-0.411353332926093,2.29232616142963,0.810767402141513,1.0519937097901,2.03060932882334,0.134909823386491,0.0485424930360847,0.0760661405232789,0.108082041731438,0.18147392575805,3602.90860880392,1,1
18,-0.5,-0.75810531157892,2.30448066390927,0.79991466827141,1.02071974884448,1.87331215046043,0.194494422600343,0.0467245439538554,0.0729324891232219,0.104325498429256,0.172303143558827,3604.08844912963,1,1
19,-0.5,-0.593607975001683,2.24200488155382,0.84251525078764,0.996719804724057,1.97219429002103,0.169569482292299,0.0492439823560775,0.0754004943250402,0.106059194294704,0.181260280396656,3564.74840168173,1,1
20,-0.5,-0.691109942547869,2.2550510287352,0.825811309964953,0.981850467311774,1.88991646865055,0.195554265735869,0.0470147458229751,0.0725527236710054,0.102687481672248,0.173049217101266,3549.04940394571,1,1
21,-0.5,-0.723088425667047,2.29983163605089,0.816827471301444,0.94995719887803,1.91031020486221,0.195102898062082,0.0477635061652843,0.0733344972484685,0.109162983519108,0.172432277851233,3621.4160337389,1,1
22,-0.5,-0.745713046933855,2.29041568189506,0.768541694768559,1.10969334625679,1.69056272455977,0.194842199338191,0.0477553086853191,0.0769347963557585,0.10248477038947,0.168149099283145,3568.28563263139,1,1
23,-0.5,-0.596107628904924,2.294062505216,0.818231952149944,1.17134046102637,1.79510080046079,0.164399132206279,0.0491507905262077,0.075647224228487,0.103017648646269,0.17156316814231,3612.76363340107,1,1
24,-0.5,-0.348313307269647,2.20627801467265,0.956297927409615,0.824944022393389,2.36221795573301,0.128899762112961,0.0480597233647444,0.0734222057371116,0.109902243700547,0.185088217404449,3552.95549250228,1,1
25,-0.5,-0.267547378160517,2.35878683804402,0.692333329218066,0.717213037897902,2.39527015184735,0.124347681998506,0.0444635319660005,0.0689217538566941,0.115663485191105,0.19266897087009,3575.1689667649,1,1
26,-0.5,-0.333281859988423,2.31546039600656,0.727071147917595,1.04067542452246,2.08193039070399,0.127414361868614,0.0481410255191359,0.0754198128392623,0.104848794683764,0.181282730451142,3570.31922349302,1,1
27,-0.5,-0.356238892120252,2.25344742406184,0.885194116060786,0.896010938544834,2.22280927205813,0.137384509554126,0.0477837700550529,0.0718657076745687,0.109374371881484,0.181964366022048,3583.91168693333,1,1
28,-0.5,-0.242833185665051,2.27738966219087,0.774671703863039,0.899599445760938,2.15379843174108,0.12400844161373,0.0458363164439882,0.0735357041478007,0.112546115449519,0.186715294278534,3564.0541895318,1,1
29,-0.5,-0.586548657909973,2.27095893003043,0.804836381981041,1.07640557600879,1.93541417112845,0.169863190891904,0.0481129565859294,0.0753994854022926,0.102913714194323,0.16990468017625,3573.18017521819,1,1
30,-0.5,-0.554050694998007,2.30554027205529,0.777375680264241,0.980838564484118,1.99252182343711,0.171403814951082,0.0449250828525929,0.0711608384478016,0.104482175415674,0.173426080543707,3582.62555123612,1,1
31,-0.5,-0.510032765350234,2.34093203113448,0.773133911845968,0.779779572853132,2.37317950595225,0.154724506894156,0.045983000758369,0.0708356332897219,0.11035544555354,0.184710982253195,3600.84279648666,1,1
32,-0.5,-0.370259771606328,2.25239413854315,0.810959590482126,0.7910715465609,2.40444067439226,0.137333218305835,0.0454246711935821,0.0725112169667764,0.11144668731758,0.195285143622541,3526.15212326694,1,1
33,-0.5,-0.570070882418233,2.29265961620144,0.851829268003869,1.14208927256942,1.76137505717611,0.169984383235825,0.0477528975580591,0.0751738614917904,0.10624406407428,0.17650200945168,3622.09856856585,1,1
34,-0.5,-0.473648527611983,2.25412195340172,0.870992349650878,0.916350991927575,2.14850778723626,0.149447747925806,0.0480333190585237,0.0742584051222118,0.108713777322819,0.179450278474041,3592.26848038589,1,1
35,-0.5,-0.380550790090666,2.35457521424502,0.761383201763706,1.13011814452479,1.96714564798168,0.128718340585743,0.0494602810510317,0.0757553810124695,0.107588721388075,0.173093926114086,3667.60282396316,1,1
36,-0.5,-0.298428065993817,2.23966574299888,0.870868292248535,1.05585842519069,1.90455042475334,0.14355038770928,0.0489580470531778,0.0758585526582062,0.103610807494118,0.18051610695846,3567.95189568066,1,1
37,-0.5,-0.667690458763245,2.37659325935979,0.652069038675438,1.04605927740254,1.93141898184119,0.183846990488178,0.0453077676755454,0.0736303444090715,0.103960887397739,0.177826297519372,3591.03771127241,1,1
38,-0.5,-0.473849063441029,2.31705214170818,0.758215481568598,0.918775134696946,2.06981111697713,0.146362998253626,0.0462814185156927,0.0740900178019344,0.109374942109895,0.179090049563392,3597.21227631925,1,1
39,-0.5,-0.497542675706484,2.296743416282,0.843050382452094,0.994452128218398,2.07700402053074,0.145611634327581,0.0466832094508196,0.0726028860341027,0.103812393563557,0.173774983325526,3606.08151428497,1,1
40,-0.5,-0.639022646815952,2.35660403467065,0.721730859281966,0.893733246987818,2.05285609909308,0.183674527708122,0.0457124543918496,0.070823123754617,0.10768905001163,0.176685371387463,3613.16480188436,1,1
41,-0.5,-0.322283449902388,2.31183849115098,0.804165896604091,1.03272227734922,2.09883821282064,0.127480268305426,0.0485493644033752,0.0758534446983272,0.107629420278821,0.175753425223182,3637.60528031882,1,1
42,-0.5,-0.442920627378748,2.2695966885105,0.878100205690474,0.961406849769697,2.07327816715407,0.141128326687809,0.0459245403258413,0.0717040321352112,0.108115868979839,0.17900638359914,3590.62868725339,1,1
43,-0.5,-0.563045326921297,2.29604829218483,0.806141000215752,0.853829890267014,2.16671964434624,0.170053355751483,0.0460704503129822,0.071570231961329,0.108341390484318,0.179151631193518,3566.70961336248,1,1
44,-0.5,-0.470128037909229,2.28248017358477,0.810783316691524,1.02690301841756,2.04402216641207,0.146185291620689,0.0471052278937396,0.075567298620833,0.107873733477644,0.183473727817696,3581.17328371956,1,1
45,-0.5,-0.649417323123961,2.35041456710353,0.718402787333542,0.949449836871334,2.00575944954398,0.17839278806297,0.0458363153937485,0.0737147976327891,0.10330264166106,0.169433082506738,3585.36859341327,1,1
46,-0.5,-0.515478675064095,2.30632555584883,0.852432229049458,0.963380989455646,2.11751552988499,0.153157662111418,0.0465481084384781,0.0728136035940983,0.105134363908771,0.170502353741382,3637.6714484431,1,1
47,-0.5,-0.257474454509853,2.22579836811375,0.869030387867244,0.960400913455669,2.16404518899628,0.127906388701202,0.0477069029850531,0.0727558626153213,0.106211405735569,0.188656913431755,3547.52158053205,1,1
48,-0.5,-0.505066999273607,2.31609289016276,0.842908508121226,1.01685003486945,1.9065530261705,0.167353341864887,0.0471137860912165,0.073175780726094,0.106422416096103,0.169266403714948,3662.80979226237,1,1
49,-0.5,-0.530034195465755,2.32006384534907,0.806870687909684,0.967239125489044,2.10598635174186,0.154238669426807,0.0472066830246483,0.0731198425624896,0.106121020341748,0.17907935468469,3620.58807532688,1,1
50,-0.5,-0.404292942121873,2.31708620351067,0.796204332915228,0.714434705469566,2.5802415717808,0.136644969121909,0.044325409271385,0.0694403683116184,0.110781829444776,0.189784989158126,3557.06666028183,1,1
51,-0.5,-0.586281073649885,2.32104767841818,0.807880858381142,1.3002844882287,1.37934582843864,0.178617945274233,0.0483551771032276,0.0751922973203061,0.102992394807722,0.166895326375941,3649.60469608398,1,1
52,-0.5,-0.476785968068068,2.25118118493506,0.876389609820799,1.01221101599031,1.92863593770494,0.154811388854249,0.0482374855925577,0.0740667993422938,0.106126259049045,0.177698719952722,3576.22625094657,1,1
53,-0.5,-0.520708962188546,2.36524659047327,0.721229851873477,0.7688843931291,2.45032069395621,0.151451256262574,0.0458361220302735,0.0728369472900124,0.105905029760133,0.17836961693395,3589.31296152197,1,1
54,-0.5,-0.59674653040147,2.27534090099247,0.798957284982239,0.959394971121474,2.03041568622707,0.173472723181911,0.0479761167925401,0.0752430033001663,0.10832835085605,0.183234861883069,3548.49335758254,1,1
55,-0.5,-0.392306528335887,2.30578257473819,0.801333615436516,1.06933956568167,1.90882348017551,0.138188161997642,0.0469268458641895,0.0735542234598896,0.103585322984768,0.17446937533328,3594.41762492997,1,1
56,-0.5,-0.26120689826266,2.31108322113139,0.834660656796423,0.754473853822329,2.46973301963547,0.124378411722186,0.044439496077432,0.0690221594947631,0.110125434749745,0.190167372337123,3571.96433990818,1,1
57,-0.5,-0.701577760773109,2.25808711175327,0.886682902487555,1.0569734148729,1.85345024890488,0.184945303105675,0.0480966247444356,0.0726980136150707,0.106377325705619,0.178749845269861,3602.67913825071,1,1
58,-0.5,-0.615269625006117,2.33470632458186,0.764200727704363,1.02285755753407,1.99925741517712,0.161859935375942,0.0481121816861282,0.0769416470698547,0.10482689432886,0.171305700098762,3604.74727421633,1,1
59,-0.5,-1.01791229373937,2.26658529054995,0.845704769623036,0.901431122784301,1.89361078883379,0.243817677564827,0.0468419107320787,0.0732322221056201,0.106362580766597,0.166483483011332,3576.98892996481,1,1
60,-0.5,-0.604614186615933,2.27201247901149,0.82068527593795,1.01331235914607,1.94713746879405,0.158119606446475,0.0497436280587825,0.0765644101145065,0.107377880957833,0.165791591799929,3616.35369929379,1,1
61,-0.5,-0.372997466225085,2.40379053678226,0.681660019637608,1.12630485969385,1.8798066515139,0.148986165387625,0.0459944824237141,0.072661538910696,0.103283259649049,0.178718949621083,3642.99874036112,1,1
62,-0.5,-0.640677313666628,2.32518916176603,0.78129903504572,1.27125459475158,1.59741996198671,0.174351513433613,0.0515605126602407,0.0803583785546704,0.104739044799163,0.165950268347705,3668.52846080689,1,1
63,-0.5,-0.576848296070431,2.30524652219614,0.794959921632792,0.843952594354397,2.1865323384946,0.16667069994013,0.0452784328098473,0.0712292235735787,0.109057772399869,0.182332721214355,3559.87980928341,1,1
64,-0.5,-0.743506480253104,2.34293392289453,0.774108477038334,1.20862804312612,1.54018844097587,0.21618311244992,0.0467612632522555,0.0725709641876516,0.102105750891796,0.16475724201711,3653.81388633339,1,1
65,-0.5,-0.598213747844546,2.2997103547666,0.809209670139143,1.05059538529455,1.79889229387145,0.173623994530075,0.046893782788326,0.0728105907158385,0.101360638992867,0.16855377905589,3585.14730223677,1,1
66,-0.5,-0.616423543917874,2.27158570585555,0.873323333477726,0.895363962577725,2.04537476999703,0.177601128311431,0.0482059976479574,0.0750399077103422,0.108011896914041,0.183788711113641,3571.54970933626,1,1
67,-0.5,-0.425339002573078,2.26721286189058,0.861627823514683,1.02955436562819,1.9940403752107,0.149459047238927,0.049773721141334,0.0779664614438897,0.108484171481677,0.184609767235996,3603.68416241887,1,1
68,-0.5,-0.453101668516566,2.3832734234094,0.692074239793577,1.09514518929221,1.89560574290416,0.143690931256976,0.0470127732286778,0.0742528946931402,0.106041302355663,0.179490546940774,3624.84931052844,1,1
69,-0.5,-0.635367414473237,2.27198159986501,0.807356791434312,0.901788625295887,2.15354338318402,0.181311186350733,0.0478994549969835,0.0754320418419941,0.103645489468566,0.176471675902603,3546.47215670079,1,1
70,-0.5,-0.841836323924745,2.30215923832832,0.806002473656097,0.867446206151525,1.97208874605252,0.233283118876345,0.0449316498970803,0.0719558418914109,0.109315598722689,0.179780051691684,3592.20462765412,1,1
71,-0.5,-0.420096453325941,2.33533756338567,0.732731966702052,0.93424308807532,2.19137829365061,0.135818046217851,0.0479453978348725,0.0748380710468172,0.10618519900796,0.170604119006412,3611.38877720445,1,1
72,-0.5,-0.748613405360697,2.31763051085395,0.790768946479374,0.912421621029648,1.98799117374023,0.196619882156101,0.0461518659283675,0.0705339136456736,0.10814589324322,0.175613690466719,3616.38123195721,1,1
73,-0.5,-0.43919847232966,2.28222465190052,0.858363240558521,0.935247990821128,2.25345939752577,0.140903748879091,0.0472457116437464,0.0731176607690534,0.107346346481732,0.182516751031246,3584.2784183023,1,1
74,-0.5,-0.356488289483683,2.34802565231787,0.75794430081703,1.06453757518894,2.01544216647595,0.136298934992885,0.0469716123277183,0.0724902622783728,0.1041266805491,0.177840548795552,3622.49304692872,1,1
75,-0.5,-0.501723747620252,2.34235344355016,0.764818331354457,0.900202813345338,2.18241582500643,0.151860098263974,0.0468954068159309,0.0740108542884759,0.110659571644743,0.182536409597558,3613.98351525901,1,1
76,-0.5,-0.62359961645707,2.26268259695931,0.909631141072247,1.00526421798296,1.95783133968949,0.177589181810772,0.04995740580187,0.0767344792682488,0.105008894209475,0.175328639795889,3606.86706796624,1,1
77,-0.5,-0.21010990036471,2.27867748819937,0.814380601448251,1.04694374346592,1.9674689590223,0.117391723654156,0.0481876241472875,0.0739898681807829,0.108609241969112,0.184010372145198,3607.56122916398,1,1
78,-0.5,-0.679115720915721,2.27984200414014,0.843740278843019,1.02929311639749,1.87428633013237,0.179502681212942,0.0483006653882578,0.0747073466811137,0.105768181300152,0.177470719418781,3596.76547673359,1,1
79,-0.5,-0.424271509596783,2.25773850496275,0.907089827335345,1.04618656054197,1.98911098271937,0.140462692633063,0.0489146584113029,0.0737945234691861,0.108423123017561,0.172869203546773,3650.24337706839,1,1
80,-0.5,-0.572390728698413,2.28688089388162,0.817443778240615,1.15034274568043,1.72276495861208,0.161183226822963,0.0490638117191429,0.0768123174050104,0.103898107358789,0.174912205142904,3607.63592199554,1,1
81,-0.5,-0.323638478842637,2.30154004439203,0.788621822619244,0.948715336855098,2.07854413861986,0.132382038919928,0.0459963635274117,0.0732223760583685,0.109498220192744,0.186197332587363,3586.64563105599,1,1
82,-0.5,-0.492613829780745,2.36449828714434,0.668723430480666,1.07222569432015,2.00241858265073,0.148969511803262,0.0488019615277478,0.0751021076617903,0.104227595149625,0.177663383149127,3605.01178221502,1,1
83,-0.5,-0.692211497814746,2.3940023368328,0.659516437834782,1.01909485166588,1.82697254988681,0.199131623611375,0.0457493001723015,0.0715410507213537,0.106867952087018,0.177194091252946,3620.40007183325,1,1
84,-0.5,-0.355060852862385,2.3612317706886,0.742184566025611,0.811518024791282,2.33258447615617,0.134349452077835,0.0473561021809222,0.0729136962628125,0.108883459346769,0.186008478094328,3590.32918686639,1,1
85,-0.5,-0.450070031083107,2.39328143774327,0.73410431335018,0.973392048646055,2.09295084444547,0.149592927244694,0.0445405354547202,0.0709036119751628,0.106740026555637,0.186067573525961,3636.65917975745,1,1
86,-0.5,-0.784713755533963,2.34438504234983,0.6785122384019,0.9278660512852,2.02481397983873,0.197445526598217,0.0465213912499201,0.0747836301636928,0.106759266635751,0.174319677494392,3568.3155706515,1,1
87,-0.5,-0.818170552871147,2.30675064461433,0.762746280946357,0.820838741634532,2.1560717109867,0.203128832207651,0.0466605888259883,0.0738157033163127,0.10732551686483,0.177595809431524,3550.34104439468,1,1
88,-0.5,-0.800531724750208,2.25026087310147,0.891807631445455,1.04914967963851,1.86058766708037,0.198142523491498,0.0481002954669308,0.0747838880266573,0.10370078751505,0.171205936295404,3605.42528658071,1,1
89,-0.5,-0.721450025807639,2.28642590338599,0.803359879835604,1.10302641073802,1.726509197797,0.206742347079843,0.0481642686984544,0.074538972901214,0.106395377723766,0.176307459274071,3603.97810577693,1,1
90,-0.5,-0.540343183692453,2.31976182972163,0.776192925705677,1.07737827365256,1.94194082616063,0.162748705261131,0.0489780096907085,0.0786824045192208,0.107119141676671,0.179309437513489,3613.62418564902,1,1
91,-0.5,-0.510850846172919,2.34308178910755,0.689890753144529,0.980499737987017,2.10163379474945,0.145390307048242,0.0465502829623623,0.0741998829712675,0.106666937549089,0.173578349470765,3608.45325023399,1,1
92,-0.5,-0.360331206202024,2.2409145015408,0.898739598912924,1.01046906130722,2.0172198085093,0.14352242131711,0.0478242398624855,0.0732146560557269,0.105758342182451,0.17582402485752,3612.71016106272,1,1
93,-0.5,-0.461118615498124,2.31183532449471,0.821779367859484,0.782621868737711,2.30852970009841,0.153447654786325,0.0451238223737883,0.0701835267021348,0.112185255809926,0.186844419916011,3591.85584327883,1,1
94,-0.5,-0.362614280452535,2.34185284565057,0.764213210093445,1.02950961507394,2.08591372714159,0.131691207508061,0.0494938049429679,0.0770323486286814,0.109524266275303,0.184522834106263,3628.10708713601,1,1
95,-0.5,-0.574330030378888,2.37126382242578,0.780840201809401,1.09149682196272,1.91656945756844,0.177188931108511,0.0461615648005788,0.0728776749432852,0.101142110235056,0.175338640437829,3634.90027851208,1,1
96,-0.5,-0.55994338995933,2.30240637518399,0.829910218123048,1.04487196188263,2.02310175889753,0.158695327792424,0.0465596463768167,0.0728044182038675,0.104408264771754,0.172914215097984,3612.91820816232,1,1
97,-0.5,-0.883891210261417,2.26217000765455,0.807330547715005,0.957419365329704,1.94796688444078,0.224970310828918,0.0467161703701879,0.074310918824886,0.103039231822199,0.171749131876342,3547.79840781251,1,1
98,-0.5,-0.269996234566463,2.23689676274488,0.965287882042519,1.1382478917896,1.87562498648653,0.127228469985462,0.0483128592874418,0.0753958445596503,0.106740410450575,0.175079687855387,3630.85385792227,1,1
99,-0.5,-0.331657175173826,2.2804193568064,0.854435266047681,0.77934957425184,2.41285339404124,0.134492577357688,0.045054947754151,0.0701088170109401,0.110748860016742,0.188817149185642,3560.54706460524,1,1
100,-0.5,-0.351125156082208,2.29278667295189,0.788185073712371,0.758335882691799,2.33579889153746,0.133355444291915,0.0463021843901967,0.0715269996405148,0.112562153478402,0.185647476416113,3583.20064051132,1,1
101,-0.5,-1.00549706884813,2.28531923632269,0.812167272019974,1.16684304294542,1.64050499785579,0.226234019339856,0.0485324596758041,0.0764025237136989,0.102997731181175,0.168105845969229,3596.98572911555,1,1
102,-0.5,-0.263236608172028,2.2806288240313,0.805300508806283,1.05541178540834,2.04406887095736,0.12062532321468,0.0487636859619167,0.0774169189181755,0.10826101267361,0.18176701578441,3604.97797691005,1,1
103,-0.5,-0.469280982831972,2.28322534618312,0.852408869859357,1.10621525615602,1.94198531009917,0.144327433050226,0.0498143259247561,0.0763660855806325,0.108343434124598,0.178345644448033,3637.93093674938,1,1
104,-0.5,-0.47720577763054,2.35089779639103,0.74994898679468,0.943989101057235,2.10033992249165,0.150023989307254,0.0454273167921998,0.0708906002543066,0.112714842433675,0.187615471306879,3604.76289931665,1,1
105,-0.5,-0.372254795794237,2.27874222436796,0.847669130767789,1.09375421104454,2.03401657957183,0.128673498390229,0.0505287927008298,0.0765481985716425,0.106372567414081,0.177841710347505,3621.03177511109,1,1
106,-0.5,-0.331364324692757,2.33037037877611,0.768408289452082,0.874419900006466,2.2273176285172,0.132379251243397,0.0464031625469837,0.0731575181186993,0.109639156106202,0.18527264254375,3588.08230928548,1,1
107,-0.5,-0.641186343748129,2.29153673535003,0.811980374407198,0.781155091012896,2.18495136510779,0.191855224185668,0.0447342603420163,0.0700020531221756,0.111999566199646,0.18212244766497,3577.30009208053,1,1
108,-0.5,-0.604212538872882,2.30247920989031,0.76891131976556,1.11173478356012,1.73551128912392,0.171392847093197,0.0474982212723428,0.0760570601601825,0.104351141857618,0.173590040608799,3591.89412928562,1,1
109,-0.5,-0.800682991085379,2.30635431787728,0.840591022296648,0.864757858459139,2.06556341570028,0.206814610474281,0.0455233999352593,0.0703869608618732,0.106604202900188,0.174968807883085,3615.20284140896,1,1
110,-0.5,-0.377588356084051,2.1911652680736,0.975966381718274,0.931921336506513,2.14649237575893,0.13510380272081,0.0483434448823169,0.074876320303745,0.107321861337598,0.182405220312185,3536.77519862937,1,1
111,-0.5,-0.598349405379567,2.21891441374923,0.880480698104428,0.920023309486967,1.97336982391636,0.173752746761322,0.0477427911186918,0.0750294936630866,0.107308918142202,0.175983562730454,3552.36340362207,1,1
112,-0.5,-0.469235587879745,2.34750251538365,0.760652765434776,0.910129825784281,2.16281556495925,0.139726254961597,0.0476800363716455,0.073649600141237,0.107585263463107,0.168944760471396,3650.53502878346,1,1
113,-0.5,-0.427830979185357,2.29597526806672,0.83812005829984,0.802389217416521,2.41933697716374,0.136265185218343,0.0472489988524821,0.0720513602295696,0.110512525004343,0.178156636445603,3618.5807975902,1,1
114,-0.5,-0.460812006480602,2.36268779106528,0.72376477630625,1.06157729094614,1.89199177989899,0.158396491648435,0.0471438220429087,0.0740224021239768,0.105257901431078,0.174114814292697,3627.51435133585,1,1
115,-0.5,-0.34138421243801,2.28807459593211,0.765241811500391,0.855716131185089,2.26651304176961,0.130240422490614,0.0481642794414463,0.0748026730307261,0.108975867746528,0.175260554195451,3585.62958314853,1,1
116,-0.5,-0.439628527625347,2.2580046825539,0.88763574627652,1.03544555343462,1.95219704003501,0.155025960112578,0.0472959778892205,0.0732547135435713,0.105612580098999,0.174122706109146,3601.98261032684,1,1
117,-0.5,-0.545866400073636,2.34387383790265,0.722236971184976,1.07844219456262,1.88138585584348,0.163776899460331,0.0495076612769495,0.0751834243667331,0.10499743128803,0.173909254115286,3618.98110323474,1,1
118,-0.5,-0.331522021475631,2.35260202536097,0.727337514582175,0.809078171087538,2.34915532331563,0.129032658170883,0.0465712133289591,0.0715269151323978,0.113521608409197,0.183502818995675,3618.62818566859,1,1
119,-0.5,-0.464631489655919,2.30178327179765,0.829252813049834,0.967300561032915,2.17981686119808,0.14627444778105,0.0490178285416037,0.0752351123457094,0.105726463659361,0.175712174781241,3627.41792219129,1,1
120,-0.5,-0.377597643223005,2.24374711409772,0.859324563062436,0.898658666279646,2.08305914321764,0.13901771618218,0.0468259209223558,0.0726612507612843,0.112640720014169,0.186517138455368,3572.32686357913,1,1
121,-0.5,-0.422699117993549,2.32256303050784,0.748112877954353,0.896513705446705,2.133543596845,0.148878778911371,0.0477834713077523,0.0738774693394396,0.111549230252956,0.182332162312902,3608.23873350268,1,1
122,-0.5,-0.796218051027998,2.260311899822,0.864673287977156,1.05172550340272,1.84729610805758,0.192271948223389,0.0490532546782694,0.0754230327935013,0.103124037863194,0.175570850554042,3581.83775084699,1,1
123,-0.5,-0.612179410035171,2.19819242891198,0.971563162902005,1.03117112306786,1.9385064906561,0.17250053143548,0.0499202765711296,0.076490322959775,0.106350970461002,0.171080909812318,3602.4009129523,1,1
124,-0.5,-0.471690531084641,2.28523289085735,0.789488149965976,1.0891269039405,1.96180082621559,0.141012409192197,0.0487242768647534,0.0772790626979657,0.105612657670579,0.173330025390506,3600.55690757218,1,1
125,-0.5,-0.440830368108977,2.34131082200741,0.786257882400301,1.14600570413885,1.82847284753606,0.147072692376191,0.0474904922221956,0.074324808212636,0.104008733481442,0.17751877110286,3634.47188603999,1,1
126,-0.5,-0.62727456053673,2.29694776167395,0.796922306399381,0.911785256406416,2.11142155652124,0.181314302444953,0.046381470066441,0.073067366827607,0.105666621741785,0.174381457147877,3595.63020007082,1,1
127,-0.5,-0.437698683225425,2.31352531952855,0.768273022267014,0.991269617555507,1.97279027217337,0.147236306293617,0.0470462102195177,0.0740668522511691,0.104883576730464,0.174797622081667,3591.87226446982,1,1
128,-0.5,-0.436507205735525,2.26205534027888,0.844535843679001,0.8564617943573,2.22120431490689,0.152727699433383,0.0458284838303981,0.0703009535399065,0.104991000044239,0.182965924176656,3550.22347108813,1,1
129,-0.5,-0.319793082394588,2.30085285091359,0.827162375478405,0.962007283877022,2.22028855283747,0.125025898887063,0.0467106294755498,0.073947320705157,0.107015710890119,0.187561739208043,3572.76701169733,1,1
130,-0.5,-0.527294596245002,2.32041657954365,0.796556045894781,1.00645530261133,2.00929199648303,0.151961615961722,0.0467879281966016,0.0719968005591031,0.103711183874122,0.174050160514159,3610.24774978627,1,1
131,-0.5,-0.305899254640552,2.22452087593455,0.820623597307624,0.996953326693786,1.94937880332959,0.140112180590008,0.0483756658027766,0.0761614011281144,0.109858706996509,0.186184408109169,3529.51015479936,1,1
132,-0.5,-0.479732857377593,2.31165936898758,0.754327290460848,0.973394841222608,1.97233438479441,0.158312018895486,0.0461504339988542,0.0715057986212396,0.10667393200954,0.174153371733306,3599.45080725546,1,1
133,-0.5,-0.629102193346779,2.36238849507772,0.694649866280277,1.00834560257556,1.86531728626161,0.179517773655991,0.0453741534647722,0.0722660898552858,0.105531527454869,0.171701301431691,3617.65760461384,1,1
134,-0.5,-0.495870920223275,2.25523781401727,0.856054611163302,1.10178909331209,1.69316565652049,0.164869650927249,0.0479447826690714,0.0754530289398261,0.107453975191697,0.18370792822497,3576.44770754071,1,1
135,-0.5,-0.480742390244967,2.32576150575072,0.791025885993771,1.03799638254985,2.05975543588261,0.141345952273196,0.0488140315631536,0.0774153929121361,0.10582274208255,0.17195131930877,3635.92843000454,1,1
136,-0.5,-0.501312131086499,2.3219162908788,0.792341954220939,0.831367598697682,2.33800496550118,0.149597862318065,0.0468222964290221,0.0732258568445086,0.108908429652114,0.176783122182444,3613.99408983811,1,1
137,-0.5,-0.349444033555043,2.29773899182466,0.839040134555385,0.97021667568503,2.0102866344158,0.140306948450434,0.0466932401569207,0.0727736970640991,0.108517678160773,0.185937979762881,3599.00517880419,1,1
138,-0.5,-0.502279346403312,2.34559075367043,0.675148819297735,0.962020462778714,1.910285920091,0.162876779260947,0.0458712238112967,0.0725192848058581,0.108540813478831,0.178702993111322,3592.01358216249,1,1
139,-0.5,-0.515151909695984,2.34752473132286,0.752099881914528,1.11536561510626,1.80951765656233,0.161667138561399,0.047531987526509,0.0755654616474831,0.104683736609777,0.173637642148181,3626.56151656375,1,1
140,-0.5,-0.449534177109118,2.36406799316407,0.675791359372535,0.9819577299815,2.15800841123109,0.136826355958014,0.0499991490175896,0.0757875391670917,0.104526137793301,0.171810788038322,3617.81831541513,1,1
141,-0.5,-0.265726162312567,2.32956634596425,0.817799526771016,0.982481531839931,2.23653143865154,0.120322434356859,0.0483807340657875,0.0734555268698499,0.108307323472085,0.178945594140243,3668.38076253723,1,1
142,-0.5,-0.545709256549052,2.27429912494564,0.904692888313358,1.1237067047848,1.79385207706254,0.161352816538625,0.0494212867201991,0.0770990920178309,0.104251324704763,0.167747109720672,3647.47176923379,1,1
143,-0.5,-0.877177257343706,2.3096044724569,0.77801522656708,1.05988849159186,1.53726024061529,0.273255093736942,0.0449474416378756,0.0714420250909365,0.103580848789971,0.180475681438334,3569.12467991667,1,1
144,-0.5,-0.318005677229749,2.32669719152207,0.856789214158857,0.996199757955833,2.10971636782596,0.136618646243072,0.0451612862190747,0.0712551343593159,0.106052995303911,0.184456351210308,3624.75438821179,1,1
145,-0.5,-0.581426269948178,2.27695473315064,0.807218826869896,1.0870420379919,1.88521755681608,0.158502895277328,0.0502937338247377,0.0762213185147571,0.106236206576227,0.174944544986558,3595.12527978966,1,1
146,-0.5,-0.420340723908414,2.24996600158065,0.917379971413036,1.1599116091061,1.74147223321087,0.147097283906134,0.0490265864215258,0.0750292227108999,0.103006560559774,0.179720997404448,3609.52184123006,1,1
147,-0.5,-0.522785613663405,2.27820896367917,0.812814579006394,1.02369729973974,2.0299749378529,0.155823863816708,0.0495711010088092,0.0757850569900745,0.104802971819247,0.171966574872963,3602.78552078902,1,1
148,-0.5,-0.688925610839104,2.31239089595326,0.819088216085065,0.964093255937674,2.03847208606612,0.179802729528076,0.0471671206620922,0.0732732838270152,0.106252444982039,0.176580853956669,3597.88659926326,1,1
149,-0.5,-0.587791932824988,2.35814411173682,0.749928219298021,0.881568350412689,2.33653335858835,0.141722599101742,0.0487314180052227,0.0752033681944278,0.110897298163214,0.181944950989511,3594.63249358535,1,1
150,-0.5,-0.881056777953881,2.35910265608503,0.686269090281375,1.12152225461506,1.60756694823391,0.23491178166155,0.0469981538304943,0.0742759444359117,0.101504887113309,0.167949090759458,3606.70841260228,1,1
151,-0.5,-0.713375204965164,2.3143388002431,0.769046573916531,1.14139908821613,1.67270247348097,0.194757838636428,0.0497997412049171,0.0775686717011918,0.10333444053103,0.169773813805436,3612.08656814474,1,1
152,-0.5,-0.400857505361464,2.3261029164847,0.824234099092169,1.19389446215679,1.72718390332265,0.147551768993366,0.0484140479271507,0.0756533962228755,0.103069951453609,0.173514514523405,3651.37934535993,1,1
153,-0.5,-0.465176496537037,2.26451503047502,0.83063928928365,0.985414831534314,1.92874373978708,0.157557882238751,0.0460197648227615,0.073089840903213,0.107976889189478,0.183134291139043,3560.36923897406,1,1
154,-0.5,-0.311002382158395,2.26842618614451,0.827908048251745,0.959066554220824,2.10349161452514,0.126046972181383,0.048336542743732,0.0734985290909908,0.111342362900747,0.181096083138907,3610.29165656028,1,1
155,-0.5,-0.521736461660587,2.21568987920816,0.93528996361296,0.942251030565355,1.97865371540925,0.175260351539056,0.0474089008715317,0.0738997047591882,0.108611177076749,0.175943695603695,3579.05228209017,1,1
156,-0.5,-0.721565303913491,2.32652424969924,0.801016035906902,1.16387900211838,1.67441244696387,0.187116822074799,0.0474245467582889,0.0735981121846402,0.101756007832976,0.167970866092984,3644.70833218603,1,1
157,-0.5,-0.403166710444859,2.24505538257322,0.925870003223895,0.934732821247814,2.14977566084532,0.136583961028919,0.0479704552775792,0.0735252379803671,0.108547585582719,0.178079793878015,3605.42196896013,1,1
158,-0.5,-0.38031117416563,2.32353369028406,0.759023076967473,0.797342535210775,2.20755923221904,0.158867260669733,0.0442275747726338,0.0689517826837344,0.108800251067163,0.190094162910393,3571.84380162575,1,1
159,-0.5,-0.45952938247167,2.23519835905172,0.95475451755351,1.1028047443282,1.89989948541851,0.14851562901558,0.049310738241725,0.074084941800477,0.104784847292306,0.173980100420333,3621.17589347046,1,1
160,-0.5,-0.456728061631013,2.26898736516864,0.840998203080967,0.908989637912034,2.20131379644907,0.139136727182449,0.0504765546679856,0.0767725911248926,0.111726327025268,0.180163274547211,3607.00080058415,1,1
161,-0.5,-0.47505434725205,2.301878228082,0.805823096075748,0.977955729283841,1.86453447461825,0.168474855743968,0.0464110559089579,0.0721363852206466,0.105471654299295,0.175832680522762,3594.20350840583,1,1
162,-0.5,-0.727214944032278,2.33565077259051,0.769114153140264,1.02461850426364,1.98494208606076,0.178336682179683,0.0472583914155397,0.0755641481900945,0.103049119947886,0.171553617206526,3600.80182526605,1,1
163,-0.5,-0.505340661021956,2.27348596295907,0.842920287757235,1.11248394703234,1.80412591734887,0.166245517010561,0.0478426997509782,0.0742722922545549,0.101556882629534,0.170711926411148,3606.40230732254,1,1
164,-0.5,-0.403466403316388,2.32098886712654,0.754097413418926,1.14345943651659,1.63520542955216,0.155642111321858,0.0480993623623286,0.0757757514844831,0.108370326833611,0.179677008749897,3610.73947494612,1,1
165,-0.5,-0.54326682182568,2.31643782588627,0.792468729639751,1.12173195301035,1.75249485693475,0.164776671740741,0.0479576110048031,0.0739542787511396,0.106235540571582,0.172530819547873,3642.43459118325,1,1
166,-0.5,-0.599263269915526,2.19684928749234,0.890790001870974,0.905183939405352,1.95137487048418,0.190529797851302,0.0459708035268524,0.0714594975977041,0.108160777816652,0.181442760024541,3539.63110046335,1,1
167,-0.5,-0.196316049485764,2.28262220843782,0.766601243764089,0.915046579749099,2.18497290143121,0.114005209397539,0.0483636563719686,0.0754978769237462,0.11224721629332,0.191164834811248,3576.74619783738,1,1
168,-0.5,-0.684672552857428,2.33144040899003,0.716340096162667,1.03233701833747,1.98421728628509,0.172402063570754,0.0487097214325165,0.0764060944335282,0.10628072068187,0.173852261179667,3610.6158610797,1,1
169,-0.5,-0.570416181027562,2.26795537341094,0.890259528092968,1.11635428319255,1.92669057527337,0.156420531427532,0.0497708251993615,0.0762626880289137,0.106250003465421,0.18548033145835,3593.78270137498,1,1
170,-0.5,-0.49173355294559,2.38229754719314,0.750057469798975,0.863608896513007,2.30277747282894,0.149447844073146,0.0457917556638246,0.0710012465091686,0.107851361206978,0.178420141311471,3629.84084563004,1,1
171,-0.5,-0.597019015789492,2.37832130047563,0.728008666469384,0.848902921908172,2.30559649798758,0.163877332819716,0.045769077301609,0.0724229039200166,0.108902939923477,0.183317529455756,3616.91397599675,1,1
172,-0.5,-0.544455835902885,2.21658704002321,0.897451544109634,0.996295107911665,1.89512530258684,0.165462629179992,0.0476423270644371,0.0753052133870384,0.10364951209876,0.167030486097311,3562.37359048988,1,1
173,-0.5,-0.666079502794242,2.32462422042907,0.739864265723027,1.09339188695727,1.8439228645618,0.180775526546601,0.0491573992794644,0.0763182523037435,0.105026897033163,0.175780507137854,3616.28135860648,1,1
174,-0.5,-0.496694250926265,2.30805904270261,0.78439585496527,0.976695333745005,2.03433692930696,0.161396951425417,0.0471685041770095,0.0728724688758487,0.103342109177449,0.172893702043567,3591.77495005891,1,1
175,-0.5,-0.283999353135547,2.3667494188358,0.650071688158671,0.757928786012218,2.42765240249081,0.125061539900497,0.0442722904965759,0.070717947003915,0.110532692948045,0.186604884302522,3553.13821234388,1,1
176,-0.5,-0.487078375782477,2.36184985640654,0.73762464335615,1.0366748875316,1.90308428418292,0.163123194668741,0.0473933709792496,0.0737185621769636,0.105612239634036,0.174742689834912,3635.61987202827,1,1
177,-0.5,-0.602094179603948,2.2700626880094,0.802713378984825,1.01618469025556,1.96960069883858,0.168745506998335,0.0486022947854206,0.0754954041422268,0.104222923150096,0.175965218505937,3589.088477303,1,1
178,-0.5,-0.659948385373259,2.34313545050874,0.749142989369855,1.14671378181237,1.7682893779608,0.178387223605266,0.0470705042823869,0.0736350683619248,0.0999701648221721,0.166177652640286,3619.7926005417,1,1
179,-0.5,-0.675030663836919,2.34449211301182,0.762268339991816,0.992199574776829,2.05068795706909,0.170694624576094,0.0475156103831808,0.0731226344164243,0.108202938800619,0.171332729101031,3651.93229799664,1,1
180,-0.5,-0.547927184741795,2.24819688439742,0.846303406357931,0.849509750695721,2.13864740298355,0.163463361086775,0.0460977018246175,0.0714233912498683,0.109033289364668,0.179331615792052,3561.86533316123,1,1
181,-0.5,-0.222562375503206,2.34998866716766,0.743071652658204,0.989330086477694,2.13207820632314,0.116339182427839,0.0469150909927443,0.0762037723379149,0.10994489691059,0.176783481185578,3642.48320378694,1,1
182,-0.5,-0.324864779859247,2.39773288842211,0.686091138265721,1.14807217459219,1.78388250191612,0.139317475232523,0.0459229583997844,0.07287232720078,0.103975965433725,0.171770556419222,3653.44186543792,1,1
183,-0.5,-0.255055685463892,2.3702235150324,0.69337479641431,0.904016800648618,2.20686696169593,0.120993439114673,0.0461774377559384,0.0738783992812131,0.11181096630523,0.187621150527675,3605.94329682454,1,1
184,-0.5,-0.489652213109203,2.34427108109465,0.678728802759113,0.863371508269277,2.10436446302359,0.169491229090473,0.0454591102274666,0.0714317305647236,0.110642085423745,0.178289657661696,3606.51522532038,1,1
185,-0.5,-0.425605141478324,2.20298070332681,0.900576461234881,0.939866654816558,2.15873391408447,0.137210624245283,0.04938937532002,0.0758519512007447,0.110362332835945,0.183257419693714,3552.12386351446,1,1
186,-0.5,-0.422124603036307,2.39887184746435,0.676563702435296,0.847255671379259,2.39341792337734,0.130420900264407,0.0469502926381972,0.0737656061401748,0.107078629187107,0.176040708894631,3610.69342626545,1,1
187,-0.5,-0.387229653835671,2.2742242341009,0.815562212604242,0.843050066581262,2.21819136817944,0.144128927496509,0.0467892203123537,0.0722140444478657,0.107801851103354,0.178023656341262,3567.70485957926,1,1
188,-0.5,-0.337986985223504,2.37461300903482,0.725837130644409,1.1617156103668,1.77955530483852,0.13742196857149,0.0462463279308417,0.0724048374949694,0.102019495632524,0.17548450529413,3630.98221490439,1,1
189,-0.5,-0.643531528582305,2.2201816459949,0.914799925190519,0.982989415212056,2.00757051437578,0.175294360262854,0.0491767299899094,0.0748136138400631,0.10642669888069,0.174133877456784,3588.23349478014,1,1
190,-0.5,-0.681208273631142,2.32641248576679,0.790947457282639,1.04743848882579,1.94244562849619,0.176784742646208,0.0485412698463187,0.0748633003635484,0.105178788029508,0.166262119673607,3648.15468512668,1,1
191,-0.5,-0.286201788368369,2.31980046995065,0.746764741177494,1.01214834347839,2.04121362481678,0.119691085952422,0.046686744225917,0.0751158354388281,0.111565545551283,0.184746203840783,3598.89889484394,1,1
192,-0.5,-0.59459636771384,2.23905345322483,0.872196342061492,0.868546876781591,2.05249304075553,0.17915142766204,0.0479552196765401,0.0734859654023317,0.112498150253929,0.183722918743426,3583.39299513464,1,1
193,-0.5,-0.806696636989451,2.35496426992187,0.791365895368291,1.02118459134332,2.01830774677565,0.188595482294343,0.0481522805972294,0.0757853770882264,0.104431038301081,0.172042010390607,3637.5357362343,1,1
194,-0.5,-0.475234094800706,2.35045423671751,0.712967143099633,0.872352180955066,2.18000009225102,0.147548014005371,0.0452536885740282,0.0731463276498708,0.109587617720841,0.180324388284203,3591.21304454882,1,1
195,-0.5,-0.416449345774946,2.30274641177246,0.728659655656797,0.848206588282505,2.30886960817357,0.145196572642076,0.0463393082120108,0.0735003324935533,0.108018080042843,0.185850509293155,3537.3804223722,1,1
196,-0.5,-0.506708436866556,2.33422861993636,0.709369574853357,1.0096512875098,1.86997647773009,0.162262831226255,0.0462587825919108,0.0719659538934438,0.103982915746596,0.169701968840271,3596.40691868168,1,1
197,-0.5,-0.544114213601053,2.28964229574581,0.817835751315723,0.898053201249826,2.07587978179111,0.170895077879621,0.0449903445691828,0.0698131690996326,0.107793227405569,0.180792613297522,3578.11056972493,1,1
198,-0.5,-0.473178817224131,2.26934465129942,0.77872454935846,0.976504914813017,1.85859541185973,0.160030817686399,0.0462119465624253,0.0724816655479128,0.108103307831391,0.180366434442372,3558.11736392095,1,1
199,-0.5,-0.36764312253589,2.35570174959395,0.692952584721617,0.967404990858981,2.24071547662732,0.125418977590695,0.0471281843088273,0.0749656555922688,0.105783005115148,0.178580638199851,3593.53135280038,1,1
200,-0.5,-0.443854974794145,2.22449834836558,0.954468030275871,0.891808536283963,2.26426350831087,0.14202052113497,0.0488326631132126,0.0768635664434574,0.107193466915118,0.18307006925877,3571.10729557992,1,1
201,-0.5,-0.455424711856791,2.26396079742769,0.836398931593508,1.15366630772028,1.73712078011087,0.150410905377546,0.0483956301204381,0.0749874502655404,0.105843179043816,0.171630480574106,3607.28199674568,1,1
202,-0.5,-0.691480199822862,2.21319007977749,0.898164992079015,0.82387977940459,2.26029300559202,0.173941224235737,0.046813402152201,0.0712959148473877,0.10672967846699,0.175144316551641,3547.40680268701,1,1
203,-0.5,-0.386238113500416,2.24484107184442,0.808648404088074,0.809152769850334,2.23398146476782,0.142544687579938,0.0474731112516188,0.0731858157878258,0.112449161251736,0.188721810348132,3541.03950441394,1,1
204,-0.5,-0.634584117904923,2.25467180363314,0.837194058669312,0.971272568923269,1.99896172896295,0.163442274494489,0.0489660901879354,0.0765196953223203,0.106821238376601,0.173012033269485,3576.4070322907,1,1
205,-0.5,-0.64011198924874,2.3882990315295,0.684794599096935,1.00569772511893,1.93546832059818,0.185796628174956,0.0458064997563297,0.0721055911518277,0.103997123464708,0.169324333793566,3627.88842521551,1,1
206,-0.5,-0.339419887292421,2.33509917805639,0.737683695399536,1.20060047263865,1.7465036408413,0.130791121681369,0.048168314565539,0.0762771537185146,0.106171703562407,0.172677881075551,3639.47979158589,1,1
207,-0.5,-0.724562555205219,2.26361343762309,0.85588096078698,1.03697945304551,1.92382285801668,0.200276428464775,0.047533899836668,0.0739410817906435,0.0999059806184369,0.166449723079088,3579.92132109528,1,1
208,-0.5,-0.249766620421923,2.36321086985023,0.760342790059973,1.03479364440098,2.04712771623866,0.126006960487634,0.04638136395749,0.0721199850956101,0.106618391701251,0.179477640078505,3642.9619798695,1,1
209,-0.5,-0.738883805717804,2.362028971385,0.656940921454458,0.960789252338361,1.88653535128103,0.220653837846488,0.0450732211406728,0.0724087843111437,0.106654312671129,0.178142091931344,3598.25046003869,1,1
210,-0.5,-0.579561347528359,2.44269876776041,0.632926985436254,1.24636337758035,1.57796462966191,0.180243480958943,0.0473894445417126,0.0747190902842763,0.101390656649206,0.16599366105626,3692.55341139545,1,1
211,-0.5,-0.583309556103347,2.33014188819469,0.768245304006852,1.14552650510685,1.67198328248232,0.176010145391844,0.0473607609920636,0.0750561672445639,0.104438884516146,0.172858537810646,3622.68286714532,1,1
212,-0.5,-0.382363762054578,2.35204738583594,0.705925546226817,1.11538170751057,1.94298624918805,0.137620610758681,0.048546885746862,0.0762869299477643,0.106206498703623,0.177905920361529,3625.56342034952,1,1
213,-0.5,-0.627355428966881,2.31333978343379,0.767301576904936,1.05151489189477,1.78625410832394,0.19694746110351,0.0471896229266751,0.0734360902348484,0.104437732864827,0.17484499125663,3596.33711666169,1,1
214,-0.5,-0.904858353483149,2.23351492998748,0.892262360249844,1.08624530898787,1.71706486263197,0.214605128111882,0.0501447648017885,0.0789036807948358,0.106389050072953,0.171518874996477,3590.83268031247,1,1
215,-0.5,-0.587445013428765,2.3365410190783,0.734469653745511,1.10478238651532,1.75829935186387,0.173220640929943,0.0469505955752834,0.0743167419179653,0.10219145077697,0.169470113122919,3613.19924077271,1,1
216,-0.5,-0.656591405605857,2.23682143108219,0.911642929555017,0.947326796318726,2.10251212773777,0.178105271366099,0.0472897799393393,0.0726203545412906,0.1057645924006,0.17235032729263,3590.70547597604,1,1
217,-0.5,-0.207711227101304,2.26479734156795,0.838315708634737,0.957418458560876,2.1890681091097,0.115753951940758,0.0483601168743043,0.0751843384076777,0.108661403434371,0.179184439278449,3582.04725756661,1,1
218,-0.5,-0.450910382704094,2.3450543840132,0.761102316381727,0.915186451939246,2.2500303317219,0.139595549245228,0.0465960963541326,0.0739511533278773,0.108881984447563,0.183153153717842,3600.26506457013,1,1
219,-0.5,-0.403387365227716,2.34880626380378,0.792978168397,1.17490430066735,1.74772994509331,0.157607130487715,0.0464437832130844,0.0744161601152404,0.1008905948108,0.172108003609376,3643.03880030471,1,1
220,-0.5,-0.266371269802802,2.18815938713389,1.00677010081742,0.966653177308754,2.20316077197645,0.117517742282801,0.0519675685782299,0.0777048664708069,0.109560637712065,0.181865043065825,3633.10429572054,1,1
221,-0.5,-0.252154198278927,2.35597630115975,0.734465200122002,0.92656903714576,2.26502183164237,0.121999633597479,0.0458784039601389,0.0732131663929428,0.107085107010721,0.183403111310249,3606.67429311613,1,1
222,-0.5,-0.530769183805613,2.32528083044018,0.836360775512274,1.06785085983157,1.9083672191029,0.154375114047507,0.0475985392629823,0.0748785789385199,0.102830444015612,0.17570287531512,3618.08864112866,1,1
223,-0.5,-0.72936410397215,2.25789334452709,0.86451285049803,1.06623815646055,1.70748349664781,0.211580982691779,0.0484537460292903,0.0745518050366309,0.105763175330608,0.175337255452129,3599.05293867651,1,1
224,-0.5,-0.47269894263282,2.2093512060121,0.95983154608466,1.00872188482401,2.02298641890992,0.149967475442414,0.048244736118104,0.0746760086622833,0.109088824651729,0.188290996461707,3567.42073754095,1,1
225,-0.5,-0.182428165336593,2.27774127005475,0.922280054817322,0.989502463148309,2.03388951768612,0.120608882710176,0.0459008407923389,0.0720011691410531,0.109423676946926,0.18269684058248,3618.08313088125,1,1
226,-0.5,-0.594092531340207,2.25701647733486,0.888769156193726,0.904782773218833,2.23402318695849,0.16283125593824,0.0490895958768156,0.0753852198969753,0.107178110302212,0.184164284497199,3575.1698521646,1,1
227,-0.5,-0.486652805555903,2.27762110507403,0.797605954373789,0.831248092985988,2.20845103584574,0.151014049480262,0.0450270462607299,0.0719128107425922,0.109029626600126,0.179388018002105,3559.3750343674,1,1
228,-0.5,-0.874311289744083,2.24448360274841,0.894281650536804,0.860535144058802,1.93134287386915,0.242313148570924,0.04561721771767,0.0709937651283241,0.108421343358758,0.182216778064733,3563.40905574445,1,1
229,-0.5,-0.274719801876174,2.28597621294427,0.828864151009281,0.712410046325046,2.35037734425011,0.127505067488734,0.0440751961469591,0.0700755698308146,0.116479391983673,0.183887508478254,3589.00863834635,1,1
230,-0.5,-0.501510421869815,2.28909222246832,0.845756383935088,0.99964471377521,2.05434088552114,0.14748174477804,0.0485679123854742,0.0781075728910192,0.105281184943777,0.177416834333912,3592.70555461612,1,1
231,-0.5,-0.641131699574528,2.31111374658128,0.839521069442698,0.772537439823798,2.27783143303085,0.178011663254277,0.0443831541408625,0.0688253315885955,0.107065497963899,0.178397713426997,3566.21880532795,1,1
232,-0.5,-0.525029797909054,2.2837732388961,0.812366839966314,0.930331903405971,2.0866959645399,0.150717563347484,0.0483477161446144,0.074081002087254,0.111972235412339,0.181284839397248,3613.60616586725,1,1
233,-0.5,-0.785109515685487,2.25419119768705,0.852019271411996,0.950569286361564,2.0812155993462,0.199279938491061,0.0497099931636466,0.076925083342313,0.103436237190089,0.165420849666468,3610.00287150952,1,1
234,-0.5,-0.402947894339054,2.30634199188679,0.796951359304411,0.871649651115424,2.30582608711936,0.137307273797392,0.0471903663888798,0.0750542149737824,0.108501252759821,0.178588190495006,3598.11907047958,1,1
235,-0.5,-0.593283993853058,2.30214774338615,0.870550098309172,0.976245761602494,1.97992365448169,0.163647331012676,0.0466322767886074,0.0729765836272725,0.108419204460714,0.171417411577406,3640.42312648783,1,1
236,-0.5,-0.722130798719111,2.35457099445544,0.736172667728423,0.996470392192401,1.85108475399551,0.221360372075656,0.0471098226145801,0.073181243779733,0.10724088984665,0.185034318450843,3608.48216582393,1,1
237,-0.5,-0.705032152166886,2.28726988951608,0.81645693426904,0.926550312988236,2.00015862996707,0.190263361426942,0.0459822513876938,0.071785339099242,0.106004828561875,0.165864710631679,3609.83473701696,1,1
238,-0.5,-0.552203219443894,2.29496806349948,0.835303870994491,0.871166664082349,2.17143871790194,0.156031413856257,0.0463270620099281,0.0722036256593177,0.105596751902444,0.174932872048897,3578.42110356622,1,1
239,-0.5,-0.552290754313268,2.34905885177419,0.705624801331337,1.0474227609279,1.78981652257647,0.181255920886189,0.0473117762521555,0.0750482199163596,0.109482293304901,0.178921538536671,3612.01482757896,1,1
240,-0.5,-0.616187287917823,2.22634831448586,0.918817106921249,1.02127010117466,1.78500578461065,0.181908671536123,0.0466866544642858,0.0736641699683862,0.105590309739363,0.177440643604392,3572.53678456679,1,1
241,-0.5,-0.925623161563422,2.28607023001426,0.823772780862404,0.941175146639745,1.9885294181299,0.212515851403747,0.048587923043051,0.0761701233706955,0.106305141772973,0.178223404424166,3562.31383323127,1,1
242,-0.5,-0.382230038198009,2.29530406311948,0.739537123480953,0.777118967602136,2.18275490296409,0.140302355521052,0.0474614145367103,0.0736030365616627,0.114064969582957,0.186197455750165,3558.21337070047,1,1
243,-0.5,-0.671840747288896,2.31028261225238,0.701729401735225,1.10273874107706,1.78752470466975,0.173883505268551,0.0478856852973073,0.0761366084399668,0.101084513428785,0.174350727157053,3552.57862695648,1,1
244,-0.5,-0.452325052850092,2.30920410506902,0.823012777590129,0.804688063617617,2.22313475601198,0.153125811891279,0.0455038304643015,0.0704778112491504,0.111357529486297,0.187883292287839,3585.86173518707,1,1
245,-0.5,-0.522252949668059,2.25539588227313,0.88223585355984,0.957117727466775,2.02589149134368,0.158531983528703,0.0478821310239306,0.0743101758695152,0.107194422178164,0.173654645229058,3603.9251016216,1,1
246,-0.5,-0.538718638643112,2.35866866374338,0.747909778756659,1.12864472807838,1.88474744144787,0.156076892870804,0.0480082439970797,0.0755180411766151,0.107077404020893,0.17430995217089,3652.99635892865,1,1
247,-0.5,-0.665207102014355,2.2997527872325,0.851973285440464,1.05724844168047,1.90176117921957,0.179905813343843,0.0483458238531301,0.075998005693774,0.10573762569396,0.176139936095859,3610.96382241676,1,1
248,-0.5,-0.267818307337409,2.32389000539321,0.805118325756819,1.0630637117387,1.98585256590206,0.130013708084857,0.0471904218279964,0.0738816395102779,0.106062248415779,0.180369359245595,3612.26193143555,1,1
249,-0.5,-0.524252923185366,2.34171585907933,0.785283698906592,0.9016991516571,2.20500471225492,0.15954964423411,0.046006012789366,0.0715477156027141,0.110314877543947,0.181345428777518,3627.11670342188,1,1
250,-0.5,-0.455676748873976,2.30507000439691,0.820835517847677,0.966756872040536,2.05613946851541,0.148628294201581,0.04744446738073,0.0743286032447458,0.107559865478102,0.173578846725063,3612.44435958181,1,1
251,-0.5,-0.291441214737066,2.27236573838107,0.842217739435084,1.01398414563442,2.00509987436818,0.125259891179292,0.0482849254709864,0.0757719352034677,0.109149224428833,0.177419373121058,3620.90775989599,1,1
252,-0.5,-0.318543657746907,2.31346232775863,0.851436810699183,1.10451052473071,1.87641641171406,0.13403892431603,0.0487547973373938,0.0750135439181611,0.108959790524569,0.180928081837032,3661.99549334793,1,1
253,-0.5,-0.701341682167764,2.33090752295343,0.714382050310981,1.0564340763448,1.88741688792487,0.185877516653682,0.0465604362506231,0.0744468315433137,0.10657630366447,0.178601498656548,3601.67252457464,1,1
254,-0.5,-0.682055440220065,2.20868658716483,0.992466038069438,1.01990317801087,2.04897148961297,0.1784529971118,0.0494864944170602,0.0741187510845022,0.10372297785299,0.174878533268861,3580.18922097439,1,1
255,-0.5,-0.38730044402777,2.4262512568325,0.654021549558261,0.87909386316257,2.24136938495937,0.136523140409572,0.0456427680474304,0.0705880652827619,0.109066122582467,0.183323880285327,3627.96105398024,1,1
256,-0.5,-0.254659496234728,2.27288947936587,0.880126133957668,0.806750938010629,2.33424736564115,0.122689176882965,0.0472567432719912,0.0733931380356587,0.115473713602069,0.191565981466307,3603.42919565778,1,1
257,-0.5,-0.318345080004068,2.3270468573005,0.731002900163205,1.04448771873126,1.92030484826761,0.13529126876279,0.0476395922042369,0.0742596581353977,0.108524763084924,0.186708543643564,3600.0532066198,1,1
258,-0.5,-0.618676611508112,2.27476958686765,0.819525734547593,0.882087518585021,2.16193993455769,0.164556083041358,0.0478627732085093,0.0755468195099525,0.107837047393943,0.183259269611759,3549.81947627438,1,1
259,-0.5,-0.706127076301582,2.31209674849642,0.768156284889971,1.02681109288939,1.87625418494625,0.189508743480003,0.0476959092468451,0.0746403709967209,0.102815630627913,0.177596381837731,3558.82184912519,1,1
260,-0.5,-0.614767325174833,2.32679333595892,0.814637892218384,1.09999925000601,1.95963106136356,0.158769044006681,0.0488026569772121,0.0743076560592892,0.102683912950363,0.172169233828197,3643.67313235275,1,1
261,-0.5,-0.333687912005495,2.27643647579541,0.875827115967422,1.04579115855136,2.06683291022719,0.136715406740548,0.0487056239506085,0.0755094187312887,0.105541525515684,0.184941233366985,3603.28103431064,1,1
262,-0.5,-0.470248217855299,2.31526893488041,0.817066622911094,1.08345453622532,1.89037221925245,0.155935094631826,0.0474375204621061,0.0716753201795686,0.107211258423367,0.174499263614645,3657.77424634709,1,1
263,-0.5,-0.312038182924522,2.33437517780604,0.779753538746306,0.871316892769177,2.50428627424062,0.120264181776119,0.0482381020446239,0.0778252005816009,0.109704891302597,0.189229992776488,3599.1957250095,1,1
264,-0.5,-0.296329242854707,2.25526878125011,0.829694497206951,0.983737362395735,1.95206152399265,0.146095254502274,0.0473424765865044,0.075201519346996,0.109316514152449,0.188843551216101,3549.52252159968,1,1
265,-0.5,-0.503097311017671,2.28382683878651,0.820883132820519,1.05384778539413,1.8617678590875,0.156805049247281,0.0463005678104484,0.0733033616835259,0.106216955583455,0.174759518975946,3589.57579624223,1,1
266,-0.5,-0.567100826871531,2.32735859740225,0.76662960662958,1.08291301399465,1.94737229192022,0.156277764444187,0.047405500209541,0.0734865790333392,0.103579586577278,0.175048576443502,3597.83805650996,1,1
267,-0.5,-0.793632169679987,2.3689554121105,0.722478767025249,0.978395754733617,1.87976314170194,0.208772706657769,0.0459736901167575,0.0717240978101992,0.105463506819352,0.170269183369859,3632.13886420454,1,1
268,-0.5,-0.451377620889558,2.37699005813666,0.679998057449076,1.13125653260992,1.73962586518239,0.14919432660136,0.046944327959514,0.0751961658219865,0.108352992213515,0.172498221973478,3652.83811045604,1,1
269,-0.5,-0.447201680398264,2.26737319395184,0.886786534257986,1.11807271202113,1.76497530905358,0.151811798827755,0.0488694872973929,0.077076732056332,0.107860353443069,0.174941503029767,3632.39701846312,1,1
270,-0.5,-0.444138498568097,2.31605687671774,0.759392470707622,0.825459049177937,2.32498392693845,0.14899808686361,0.0454389832176943,0.0713931832812723,0.109368846812247,0.189424492627846,3553.39821404737,1,1
271,-0.5,-0.596927266257019,2.26130198496109,0.856930460172919,0.932550186449419,2.14818504696067,0.16501103674454,0.0495355989857463,0.0760623358917474,0.107978178873618,0.177967558270192,3594.42627522872,1,1
272,-0.5,-0.287302383211448,2.27460092694578,0.859856740712103,1.12118268335601,1.79005276620878,0.132281822715468,0.0476183085975485,0.0748335289281621,0.107685029800822,0.175380005659415,3625.32841282705,1,1
273,-0.5,-0.656936220514368,2.33099100270059,0.719464153643293,1.03582976028979,1.89960945632982,0.185972984057327,0.0498516403273035,0.0779025271825005,0.106513306511001,0.1768933871473,3618.47475230119,1,1
274,-0.5,-0.438212417607622,2.35545139318958,0.682494182799976,0.970065363302781,2.09768451365931,0.137341335441015,0.0471778465343398,0.0737788070654227,0.107029508845878,0.180476516882968,3594.69618976063,1,1
275,-0.5,-0.698714140426501,2.27144692795351,0.879798600882035,1.22317700828924,1.6121163975267,0.192893829130003,0.0498622652606171,0.0778221102078755,0.0997602830712416,0.164073492879281,3625.83184277175,1,1
276,-0.5,-0.667075994602372,2.27018152824614,0.83608023892654,1.04028471242269,1.95228096777087,0.172260095309002,0.0497307243676761,0.0752638284448546,0.10281070876632,0.174008427654928,3583.27549035848,1,1
277,-0.5,-0.349483440745867,2.37955297117197,0.646275153605781,0.808922097052651,2.28106947530245,0.141482881294875,0.0438765571319983,0.0710080341531432,0.111012895043343,0.18277058530946,3588.76389062527,1,1
278,-0.5,-0.58052072205648,2.22577894646406,0.886385941279272,0.811292383843591,2.18129330865542,0.176074798973083,0.0455634684238671,0.0718986210446357,0.109927859596605,0.182317380704468,3532.24598485897,1,1
279,-0.5,-0.428823589458391,2.27120262936059,0.809432589190238,0.730031167128925,2.39000765561895,0.147130428287017,0.0470094859707696,0.0720167928919833,0.113972362854051,0.186035618505433,3569.06197693642,1,1
280,-0.5,-0.43804131614731,2.35160490027328,0.703769240556862,1.10874591722855,1.83789283561518,0.149124445664658,0.0471280484576038,0.0768839884320281,0.10704317481256,0.172584418788465,3625.11021057002,1,1
281,-0.5,-0.547151917306806,2.33333921387399,0.777938525263181,1.00266059337859,1.99521966974161,0.160458122522619,0.0467177558281145,0.0731213906710471,0.106382403931601,0.173904131955296,3624.1204838552,1,1
282,-0.5,-0.519001172183213,2.33157537131443,0.768027636699925,0.888739259888439,2.06200074231379,0.171942650340918,0.0449881788241161,0.0704941491686001,0.105419199898974,0.17912186661025,3588.07438666148,1,1
283,-0.5,-0.692501983128833,2.20144493093655,0.95860097805024,1.0213630448165,1.87680415867201,0.187591713550141,0.0480920751300303,0.0746248806016923,0.104838002929549,0.172202756199036,3596.07065704106,1,1
284,-0.5,-0.523248097177732,2.31893467093945,0.697476198288745,0.890847496525808,1.94772927466945,0.173973829973246,0.0461819970721395,0.0712519437775412,0.10787844749047,0.181677500377351,3560.00482575073,1,1
285,-0.5,-0.432898620115572,2.24737613928915,0.91117556055056,0.872967711500158,2.11727978451211,0.154145599323986,0.0470667227204018,0.0736273549545488,0.110099183591304,0.18731426011464,3574.52300559885,1,1
286,-0.5,-0.729054919737543,2.26676544527907,0.895426556931108,0.971167234297962,1.90207888003296,0.209619299046107,0.0459438887166547,0.0734132213345145,0.109406127927381,0.175906862372802,3610.68836552732,1,1
287,-0.5,-0.643368190313902,2.27294343155154,0.851163758588721,0.978891592301877,2.0513392273152,0.164553747525272,0.0469999108582201,0.0729413623488337,0.104464043009034,0.171221672284749,3602.65573520903,1,1
288,-0.5,-0.445611568993354,2.31794513442601,0.723836098826415,0.923560049265548,2.07761805753421,0.146144098669092,0.0466205560062401,0.0737288286821589,0.109009217954953,0.177919236669736,3581.84359416271,1,1
289,-0.5,-0.169975635698706,2.25983270861204,0.895581650948039,1.02106701880677,2.15346023141279,0.109740446813756,0.048556921793082,0.0756160648673076,0.107543561078378,0.187810097213155,3587.12225459204,1,1
290,-0.5,-0.5002695289022,2.3212781043537,0.810222331500733,0.97292815071163,2.06232381903047,0.152046455442897,0.0486462585699774,0.0735336601647382,0.10915194881339,0.179759883212917,3632.98548451995,1,1
291,-0.5,-0.58321861894668,2.38484515560488,0.685401956829635,1.22792654395614,1.65563833886211,0.161450266638098,0.0480752811643783,0.0748218108247038,0.102472694030405,0.166013688151622,3665.7387064288,1,1
292,-0.5,-0.696584211964576,2.22260912863128,0.949563444201456,0.961880664693715,2.00488095913312,0.181546000589826,0.0483268442336317,0.0754120843790293,0.106380313201715,0.175129218920074,3584.47515300659,1,1
293,-0.5,-0.577375833614124,2.26824510610215,0.853348341011603,0.957781187419671,1.96720436264191,0.173210286238159,0.0474990343087929,0.0729979753272079,0.107786350142373,0.185530143811138,3576.00813928626,1,1
294,-0.5,-0.46131023325515,2.3611472209501,0.720973833503581,1.01916037753864,1.97145256668294,0.152115146203108,0.0457500524233317,0.0719187149834123,0.105611516354736,0.172728750002281,3625.9454713395,1,1
295,-0.5,-0.412636444289969,2.302472664517,0.857813192182424,0.969447459978641,2.12518376312116,0.146715766093634,0.0472737464018202,0.0734455877760645,0.106482813644352,0.177949070931506,3618.96669844326,1,1
296,-0.5,-0.501958097241804,2.39422303390089,0.708769062120185,1.04937315893835,1.94558734138408,0.154017141374038,0.04682085738389,0.0730766114555655,0.105103126520203,0.173841319831685,3645.16916563205,1,1
297,-0.5,-0.405314309145228,2.31234770662474,0.752609009693313,1.11136489868605,1.88744916449817,0.139817241471492,0.0476480113982809,0.0759800182339481,0.107314227020584,0.177843560827584,3613.22364370287,1,1
298,-0.5,-0.518186344394403,2.25270390249851,0.928635146388924,0.807582921864247,2.32503006721388,0.146125621891261,0.046534023154707,0.0727877229239649,0.111050076681395,0.18414020345675,3582.13493232874,1,1
299,-0.5,-0.591600674862028,2.35369513088217,0.755252481707394,1.2032660748732,1.61833337022445,0.17014563674594,0.0483449965943802,0.0757984699335336,0.103975165491008,0.178327456727366,3635.89757204922,1,1
300,-0.5,-0.782538739205542,2.31594349234145,0.870644276982056,0.87235502433215,2.17274800003965,0.199115086296785,0.0458892799021694,0.0712428998817119,0.107884613767414,0.174479777886591,3635.79235974856,1,1
301,-0.5,-0.528908505138059,2.32644940131211,0.760165142877708,1.14193439342736,1.85166601616166,0.156858552383932,0.0492222615291972,0.0752444337575455,0.104061829413348,0.174777439510014,3623.4958720463,1,1
302,-0.5,-0.597659110527716,2.24325380564352,0.851634073178264,1.02643277830058,2.00567233468661,0.160112178249927,0.0493383504957631,0.0764697103426058,0.105257095506949,0.176756729388557,3573.04270299825,1,1
303,-0.5,-0.736768397750767,2.35263307033208,0.754400192861955,1.12100887388087,1.85779006660045,0.177812681332198,0.0498917731037767,0.0767283193353193,0.104130428039698,0.172038741773886,3638.14742765397,1,1
304,-0.5,-0.740417681782224,2.29433670187899,0.785580928928187,0.926823199552674,1.88722637616602,0.214180016411884,0.0470072696555547,0.0738223349825622,0.107493196499387,0.180329371566816,3562.54371964545,1,1
305,-0.5,-0.55789654082395,2.31733564310795,0.786969014758043,1.05838219480327,1.93180613908136,0.158610811579454,0.0481531469171124,0.0732741893920526,0.104663386644791,0.172563319628191,3615.89705194776,1,1
306,-0.5,-0.461111082002419,2.28821243970191,0.896277383598356,0.845118032124531,2.31523803194585,0.148405203306408,0.0459540229765526,0.0728090822189639,0.105265502019987,0.184179841284487,3575.50129360997,1,1
307,-0.5,-0.599490040286108,2.41723792061983,0.648659731325464,1.07966897650376,1.8486511233627,0.170908014260253,0.047228256367412,0.0751583547106339,0.106973072423299,0.185097340355136,3630.00514266084,1,1
308,-0.5,-0.468969230879588,2.2410950092816,0.863803776216668,0.974089068405405,2.10321359770481,0.143671483277784,0.0488000163779126,0.0767051453783854,0.105717764877259,0.176324792767776,3569.81184766149,1,1
309,-0.5,-0.451173104060756,2.32088712099611,0.797592250976211,0.983596731124263,2.03936230696228,0.146194590785718,0.0457023334286557,0.0717440442017245,0.1070257418511,0.178515210777291,3600.07226455186,1,1
310,-0.5,-0.580578112016153,2.35169913741643,0.741659746344428,0.904555794786289,2.13930410778681,0.177505722002346,0.0441749995205942,0.0708321061840644,0.100188721961957,0.176717974505738,3554.95156932589,1,1
311,-0.5,-0.434693683331202,2.32714685544739,0.798618563944054,1.05579552194198,1.97790869909881,0.138633952347798,0.0478575552145398,0.0756629128778761,0.107813155299489,0.174489494647835,3643.37349010024,1,1
312,-0.5,-0.66499239596062,2.23142149950634,0.911032397607057,0.979672539777682,2.03394239149026,0.163752509387993,0.0483975374634748,0.0754941979436192,0.101682695792417,0.17303064573291,3551.11328605283,1,1
313,-0.5,-0.694434798319327,2.35584227159596,0.743065481540367,1.10733929074242,1.79786624435194,0.182542667662078,0.0469731444396264,0.0747369970889694,0.101264236117979,0.1688754762169,3627.11513282696,1,1
314,-0.5,-0.215172960635739,2.29554873255968,0.79882503130938,0.960946587466353,2.3021173892373,0.110378245196237,0.0490601700000434,0.0766234002171432,0.109203357363392,0.192102770883405,3581.68958659151,1,1
315,-0.5,-0.436038476454517,2.28357823465712,0.850687973923719,0.968779726482949,2.0991928437982,0.148713753343818,0.047954743143484,0.0757864974529725,0.10611283338733,0.176584556390801,3603.6164421151,1,1
316,-0.5,-0.438418017717003,2.36843158967771,0.682312270476446,1.01290249145249,2.03236716586816,0.139789685217148,0.048816202623206,0.0765300475410974,0.10970598108749,0.185238176791104,3590.77120138837,1,1
317,-0.5,-0.382060353997562,2.3098180167166,0.846960427023859,0.944473743229482,2.23384146758848,0.130547951222016,0.0468738263816146,0.0725616023818007,0.11034759410551,0.193580988488005,3603.24067723933,1,1
318,-0.5,-0.63979611224923,2.26037414165658,0.849976710530861,0.91207133922827,2.19219677238822,0.16718900518168,0.0486798442809588,0.0768298685927776,0.10953781874319,0.181087187119358,3569.86059127868,1,1
319,-0.5,-0.290974748145666,2.31947683046343,0.763502818082332,0.920318195880519,2.25757118813935,0.118438095512944,0.047559654309362,0.0743369550044779,0.113279091993409,0.186363166025174,3618.09455616015,1,1
320,-0.5,-0.563886690032486,2.27737430871447,0.849460265644006,1.12398010968313,1.94793197462204,0.171288334959846,0.050222097859475,0.0750444878320953,0.103916011447238,0.183845231290477,3615.0920294802,1,1
321,-0.5,-0.593075414704739,2.36208407393742,0.709416097210041,0.968976686056476,2.13349677425204,0.159727069326113,0.0472474939835019,0.0733943701294708,0.104798986763705,0.176086974924305,3597.74112372102,1,1
322,-0.5,-0.519291778086361,2.24511740790238,0.816871929135575,0.910198118500645,2.09748776178943,0.157654302171824,0.0474023279035328,0.0732961323557124,0.10880184368279,0.184344751862749,3534.57993659281,1,1
323,-0.5,-0.508073860030544,2.28710094142736,0.828535296502104,1.02747819977161,1.95131784290096,0.156012122763015,0.0483727179656868,0.0739429387638414,0.108023140176137,0.179652923532287,3607.34862017304,1,1
324,-0.5,-0.613977625346154,2.37812258939524,0.711377991802612,1.07975110704462,1.81588127033353,0.181998190708637,0.0466586177604016,0.0731558980785915,0.102214669352341,0.173570700114517,3626.12423969849,1,1
325,-0.5,-0.582078161040187,2.31922300568655,0.810853753412091,0.99120385823668,2.09692485312923,0.148855421850928,0.0496800777055534,0.0793185782267158,0.107969619770828,0.176078665187189,3616.70787396432,1,1
326,-0.5,-0.47651739022088,2.25661467229178,0.808241118022961,0.933932404971488,2.10487480179861,0.148283588463339,0.0492047389178485,0.0781301541486252,0.110173835323099,0.177044259283671,3582.72049749739,1,1
327,-0.5,-0.535546837736052,2.30495229507591,0.793202322969683,0.959610807326969,2.09423172301736,0.155942783202207,0.0465809398353267,0.0740205576074995,0.109354172547483,0.181675626322195,3601.33842433826,1,1
328,-0.5,-0.646668858469466,2.36090441923105,0.739170042694965,0.858879736680896,2.10275398964228,0.17802838100634,0.0451090364464102,0.0708049401819066,0.110951331282521,0.175120833256867,3626.8414438777,1,1
329,-0.5,-0.638424947946577,2.37921691134138,0.697255317356772,1.03085569895059,1.85177572354932,0.182976779919252,0.0454059577841855,0.0723696320685335,0.101603681782102,0.166991254914805,3618.37000698447,1,1
330,-0.5,-0.387439311954879,2.41524610890306,0.679301410746655,1.19623637888468,1.863018198868,0.129744625462948,0.0491542812919713,0.0772554914196023,0.106982720383518,0.181753550827795,3671.05532340145,1,1
331,-0.5,-0.25520832772044,2.28405290383926,0.797189315131462,0.865739604449419,2.28816295917873,0.12757925121205,0.0469359870272141,0.0731421761096781,0.109662288042267,0.184719585860212,3579.81000021118,1,1
332,-0.5,-0.710369145311579,2.29141607255375,0.881361766188057,1.02122823900964,1.89755280763478,0.190183694199208,0.0480553548584846,0.0758148874932133,0.105720393457709,0.175480471754625,3623.54367038506,1,1
333,-0.5,-0.506603839352825,2.35510534936215,0.759597761482098,1.01589548397354,2.01951235605425,0.162871663762387,0.0468753418217237,0.0734548575528371,0.105688128942644,0.178992821256172,3613.98070996068,1,1
334,-0.5,-0.713792635645353,2.32762605970826,0.743305390172786,0.991517197730995,2.05927072112575,0.179756011970866,0.0482824453647525,0.075448384635296,0.103217834783291,0.167352506586108,3604.1915993824,1,1
335,-0.5,-0.503642613538978,2.3067284805544,0.829850434680663,0.987092332557555,2.04271404616756,0.1578009942093,0.0461674004275946,0.0728101656157958,0.106656374004442,0.179593870340902,3586.38635562068,1,1
336,-0.5,-0.569805934561631,2.30367698731439,0.834540111371947,0.869708559203465,2.14689548435741,0.168273594946911,0.0452066277631021,0.0694721060503408,0.108472579226648,0.1837081985274,3588.31171181403,1,1
337,-0.5,-0.352112686919383,2.22914212293543,0.822973792014187,0.905500366277397,2.1020651498409,0.133547952398756,0.0475439909851494,0.0729846314391006,0.109808843061268,0.183240494377223,3536.21876583526,1,1
338,-0.5,-0.55185789827961,2.36166394481954,0.728162600137497,1.04317577081294,2.07829588790771,0.147417696976417,0.0484073583126358,0.0761991999943356,0.104694126795821,0.170077340194514,3648.61008614896,1,1
339,-0.5,-0.644697607500986,2.24403238779959,0.910849571867321,0.756273102591433,2.28233401429223,0.175802508911775,0.0444584137591031,0.0688045196229268,0.109112260518786,0.182580799303284,3548.54604817015,1,1
340,-0.5,-0.668424623342391,2.30136221160739,0.76728973344478,0.992883707274647,1.86467998992735,0.172630485410454,0.0462877314109616,0.0745126814396672,0.104382811965179,0.171377970493734,3573.77743197147,1,1
341,-0.5,-0.565585064773333,2.28059622605197,0.830236146709032,1.07311256264339,1.84074518244494,0.171867977093373,0.0477963229474588,0.0738348680688811,0.104079519330718,0.170124700552378,3616.86700684213,1,1
342,-0.5,-0.388151988242812,2.28353491599921,0.806126412161847,1.12083170185684,1.74664113181543,0.146089922769281,0.0484803726769606,0.0756999506624114,0.107146946783158,0.182476942481279,3601.3165073114,1,1
343,-0.5,-0.458919015292544,2.25094423829134,0.880952644313376,1.06473968542044,1.77651490788828,0.158729266013469,0.0497904129342733,0.0764632640384648,0.10577020068237,0.171770178166495,3615.36711820477,1,1
344,-0.5,-0.509254208550723,2.2946304785171,0.800948187353865,0.825241256797014,2.33812324803427,0.143259832068172,0.0457250431004177,0.072342409864056,0.111429782253015,0.185454824517223,3570.72877669351,1,1
345,-0.5,-0.50294506819594,2.2760885156597,0.877890200902781,0.860290317719719,2.14529085722598,0.161957742446965,0.0454628064171669,0.0720103025605818,0.108341240264464,0.181001175612367,3570.9094731609,1,1
346,-0.5,-0.889419748471711,2.30242510736656,0.739840782954751,1.01359451046809,1.84880124974556,0.214891033449957,0.047781824321569,0.0742357559639374,0.10061174597012,0.168678288749213,3558.87153785521,1,1
347,-0.5,-0.544054817716627,2.24881836681771,0.88196738615339,1.23735376594756,1.66697138875194,0.155195251116332,0.0506896234415456,0.0801182764010144,0.100620782646166,0.164505392315698,3607.73964146064,1,1
348,-0.5,-0.31968268324856,2.36054111398096,0.669913911343771,1.08782374753222,1.9712956820165,0.122229659530926,0.0468181215769602,0.0755249580461274,0.107418312934214,0.179464315862915,3603.74624242109,1,1
349,-0.5,-0.6219659394744,2.30607116760902,0.825509786347285,1.03253762281759,1.807171026827,0.180904846387043,0.0457845241358799,0.0725909019312229,0.10595291108261,0.174407133790014,3607.23997326978,1,1
350,-0.5,-0.488743213658269,2.36149782150173,0.737597462696865,1.13481509238982,1.74166210964114,0.159320166846418,0.0464385139020256,0.0746610038888153,0.10393357072657,0.172176642450784,3623.61910965576,1,1
351,-0.5,-0.219084951852497,2.33274652791657,0.73187804449345,0.812449373389536,2.32729195490702,0.120243869738688,0.0460363306987539,0.0722262846708148,0.113027372722808,0.19035751934677,3573.79526344518,1,1
352,-0.5,-0.487124756423089,2.22455884375107,0.899401997181509,1.12391190734579,1.8304658981854,0.158502967378878,0.0480284654048775,0.0744210392252946,0.105247489109588,0.179119504415939,3567.00462436853,1,1
353,-0.5,-0.742478920349596,2.23332802493543,0.866764265568292,0.961323470930102,1.91337541955997,0.196032727786752,0.0484900963268654,0.0740924099998782,0.108363399231851,0.182065953590622,3542.24004740051,1,1
354,-0.5,-0.309757722919417,2.29598597836767,0.816757670114331,0.935276284594404,2.04071636643915,0.135140123863646,0.0471037990064621,0.0720286445154964,0.110803148493578,0.181870802464812,3609.66786804226,1,1
355,-0.5,-0.339471080583313,2.31561237109734,0.672645861223205,0.989706392713089,1.91319383635499,0.139624889682911,0.0462694527187261,0.0729157534089507,0.108162187899662,0.180194482521147,3571.25657350493,1,1
356,-0.5,-0.696546064612083,2.30771481723255,0.773838956423061,0.946047427897768,1.99007151283705,0.181342645786983,0.0462871675563674,0.0719307871307507,0.104025750272858,0.170897639589199,3593.60143711882,1,1
357,-0.5,-0.273194527432136,2.34273733189355,0.732527083555266,1.06090168162358,1.93259275768767,0.132964324991555,0.046952216214826,0.073845812767527,0.107389244053379,0.176088049453004,3617.78430518251,1,1
358,-0.5,-0.691964055542749,2.38796152807258,0.65114987035278,1.15661932618926,1.64945437587239,0.194415581483176,0.0484282501543324,0.0758829875896507,0.0999225909437259,0.16402052267263,3639.75582640147,1,1
359,-0.5,-0.439955408691249,2.33799459254394,0.769252081872934,0.956934086302202,2.02931743441276,0.147240086680856,0.047181412073069,0.0729820530841762,0.109470206598585,0.186653361434575,3606.61666330761,1,1
360,-0.5,-0.477323612647196,2.23969184008135,0.949111843177355,1.07854293615977,1.9713443856203,0.138911946323864,0.0507120491645986,0.0769022185824498,0.109998395907873,0.179781611940782,3624.16008724017,1,1
361,-0.5,-0.842922223183052,2.31026930178497,0.824473217517122,0.952892722688667,1.9215320686284,0.20549883893632,0.0463865223485924,0.0728466432364007,0.107253789061772,0.173956853611144,3588.89494423863,1,1
362,-0.5,-0.424899079247783,2.2036736830124,0.908056360298545,1.07753972414602,1.77058169100467,0.14578757118271,0.04938732016622,0.076572303481279,0.104858145198205,0.169884392753927,3577.63104971845,1,1
363,-0.5,-0.692458674299781,2.3775846091727,0.665698117996487,1.18359226318125,1.84475343719586,0.164788719789833,0.0484585446867579,0.0765540801768464,0.103096897710297,0.166896955982589,3642.78751441268,1,1
364,-0.5,-0.481476668607432,2.3075322389414,0.765929954552795,0.893410766367651,2.08099597674828,0.160805954347953,0.0475790566690125,0.0746499025123504,0.109261541083897,0.184678736443306,3574.08846722457,1,1
365,-0.5,-0.355324379943348,2.27250161905235,0.868066598819519,1.30394941255196,1.64825352293821,0.133579676420053,0.0504672695012138,0.0787497150755031,0.103098864354509,0.174153574436543,3634.63446567453,1,1
366,-0.5,-0.72587103496507,2.28146099526331,0.799322243167845,1.01427379184469,2.05173091877237,0.176414301090805,0.0483586023795187,0.0753686469922804,0.10332156250176,0.175879876612682,3560.92684588173,1,1
367,-0.5,-0.530392361003463,2.20292014534511,0.901071801481447,0.978417071903422,1.97525283250501,0.159606776737148,0.0481461403333656,0.0748386230254538,0.106449614879967,0.175065593113859,3554.62023760354,1,1
368,-0.5,-0.562358931431166,2.35002161900129,0.739781912503229,1.22370970193658,1.63455192546462,0.166888703702268,0.048167682591389,0.0774792126945911,0.104378692642297,0.169902460244735,3643.98686717644,1,1
369,-0.5,-0.457172880749044,2.32036383967185,0.679414081419057,0.975518036239312,2.18171198562748,0.13817715339758,0.0483987878964311,0.0755716851326601,0.105230557519598,0.177830989591151,3551.15319387164,1,1
370,-0.5,-0.631995319887358,2.29105215598743,0.788855778562864,0.98074071546759,1.97200376800895,0.176378778880757,0.0478972157021645,0.0738293760405272,0.108049273401953,0.177984821329413,3591.76769022529,1,1
371,-0.5,-0.525186346377237,2.43863456648187,0.647049551554879,1.01598202493038,2.07149633495938,0.156160314022712,0.0460220093174395,0.0725174213846039,0.10793953172227,0.176261707136168,3690.49884803354,1,1
372,-0.5,-0.519939510016917,2.27195546215106,0.920274567317625,1.08623029732084,1.84150900543775,0.163118543296624,0.0488937960041735,0.0751304985951398,0.103275788070971,0.174752441193844,3619.56183808528,1,1
373,-0.5,-0.43656412705845,2.29210045528298,0.811449033948194,0.964349297859982,2.04336422906536,0.143570412504115,0.0463718195920695,0.0718193462069655,0.109938486421569,0.181469234726742,3593.21048534014,1,1
374,-0.5,-0.334576831466704,2.28131296848966,0.814243420971203,0.77086592901662,2.36478237146921,0.133802574506653,0.0463954165413235,0.0721229838855836,0.111773311991268,0.180134753093803,3595.28105070905,1,1
375,-0.5,-0.763381766816811,2.26519316580748,0.79856366187207,0.929717510169385,1.96538687998029,0.204144722704956,0.0473232507941596,0.0734434433759822,0.104279984707528,0.167534950350119,3573.87238452263,1,1
376,-0.5,-0.330526302486305,2.33943879878811,0.692701551913481,1.01945019443991,1.98301922316067,0.133733910560597,0.0483709342959984,0.0758253543614469,0.111165167290609,0.186549721844716,3599.10911093132,1,1
377,-0.5,-0.452600939734178,2.36986326536274,0.752964749405164,1.03451267798656,1.89052818258076,0.153804887898501,0.0464963090353283,0.0716452173588323,0.106237050861559,0.173846246504506,3648.77362061214,1,1
378,-0.5,-0.515408527663614,2.28244790478939,0.810658146636594,0.921654442991372,2.02953275373993,0.160564635420625,0.0475949459542706,0.0742587589392707,0.109486792969849,0.182888512705029,3573.46668859844,1,1
379,-0.5,-0.488149183242782,2.37281475120584,0.610041454481231,0.889857124404309,2.16508191132442,0.148260270826004,0.0435101782328693,0.0721186199509336,0.106798816384898,0.179273658672338,3555.89358200896,1,1
380,-0.5,-0.298709212200392,2.27507933710456,0.765807783289776,1.0345984443622,1.96532564946611,0.125473590811579,0.0470846438824509,0.0738133273089137,0.108316732964597,0.177946210567297,3579.22463319634,1,1
381,-0.5,-0.528415058440572,2.36536143453145,0.676244143856022,0.799667064380023,2.3219422532946,0.148908740496138,0.0452258598763273,0.0739718323014702,0.114555476348367,0.184188061592606,3575.99115818979,1,1
382,-0.5,-0.38637916913475,2.32737373881832,0.799321335191079,1.06299929728074,2.04407522305883,0.13358090831163,0.0473067999565019,0.0752455322766642,0.106572397105982,0.176860318763013,3626.76252070851,1,1
383,-0.5,-0.456590512652472,2.38007837699376,0.663650462716675,0.798194941506799,2.24157972495288,0.150758144309825,0.0450523819551293,0.0701448489642841,0.111316378869966,0.179384192247068,3599.64366816368,1,1
384,-0.5,-0.405210978606335,2.29423014643386,0.772560458797102,0.907388001514037,2.10200372641297,0.141201290599789,0.0462975961443921,0.0731580513908293,0.108926271720982,0.184212466290147,3559.17054993477,1,1
385,-0.5,-0.488046940475185,2.2161348671427,1.01669104728193,1.03694897233663,1.83276495823277,0.165237971122712,0.048020508085769,0.0730758968281174,0.10499579792104,0.175130971389595,3601.91296895631,1,1
386,-0.5,-0.473401579163084,2.27871436356556,0.784908675010299,0.848283415285836,2.22217401538544,0.143985044614041,0.0463537739048203,0.0738488115159698,0.110733429277245,0.182578307110317,3545.01930407816,1,1
387,-0.5,-0.680086748474184,2.30875510295617,0.760641887065817,0.957063263299861,1.96673243654631,0.197107320089052,0.0473295405434389,0.0726296317520643,0.106796864642941,0.180204899601436,3587.17835502953,1,1
388,-0.5,-0.600293238842204,2.34656121920863,0.689092740482717,0.917038746187874,2.08440805296495,0.166915685034707,0.0462661656472335,0.072743787309439,0.107968369309212,0.186088588895813,3575.27523134813,1,1
389,-0.5,-0.471109083996143,2.28664301148319,0.837106444818879,0.94505701745474,1.98800610374331,0.161505096579203,0.0489484778550874,0.0757531027945354,0.107710755189196,0.1751606797097,3599.9422166894,1,1
390,-0.5,-0.5290485204378,2.276168569411,0.817641192964034,1.12353638027729,1.77019291826694,0.1684815046536,0.047973352919004,0.0736952112826866,0.103862916081097,0.171479245708992,3614.11262603951,1,1
391,-0.5,-0.774831583054282,2.12388117438013,0.988389247404423,0.962549784795919,1.9434506502102,0.194416719985533,0.0505834810673768,0.0779820736622521,0.102849916453958,0.166401016600084,3529.19722283685,1,1
392,-0.5,-0.511271448210918,2.28041842665068,0.812577750378108,0.91409088521265,2.02858256211799,0.165312725397747,0.0467870240884078,0.0749161852878315,0.111479946235012,0.180059685867812,3582.64781618621,1,1
393,-0.5,-0.714009394304401,2.27594510903675,0.790246468226532,0.923858720782802,1.89692638459548,0.202610089050208,0.0470679390793581,0.0737215236883218,0.106328377804231,0.173966652977403,3569.07695061051,1,1
394,-0.5,-0.599311647046309,2.32200766611064,0.802275489336537,0.988049527866196,1.94578595074833,0.17862173468722,0.047169647466241,0.0730398070896544,0.107749438256029,0.175001768497131,3630.81966584543,1,1
395,-0.5,-0.512649075440721,2.34705415511543,0.723141000106282,1.00919306041291,1.82534160220543,0.171931218646494,0.0474753528014747,0.0740759560988417,0.108344558395035,0.177823174336573,3598.39508645625,1,1
396,-0.5,-0.429604729386912,2.32893347552958,0.734822217658669,0.859787761904751,2.18193244208188,0.144552837092371,0.0448936459100647,0.0723187023605683,0.113210340134852,0.185449609307934,3605.03715458498,1,1
397,-0.5,-0.457512468693815,2.2487014037006,0.94323052255363,1.22826832087936,1.71851819455753,0.151300626462641,0.0507667932717837,0.0781097700085695,0.104432184655101,0.172019892445597,3652.88958038726,1,1
398,-0.5,-0.364331076074896,2.39151144480712,0.689810168797888,0.941137201635308,2.15454462527079,0.13332722822754,0.0482702651181532,0.0751558576937824,0.113387933919091,0.184975414595213,3649.06170007191,1,1
399,-0.5,-0.336151360902941,2.24368432224289,0.876663112201659,1.08205975801928,2.03570000947131,0.118273768977038,0.0507264105699956,0.0776714232705164,0.108190724706593,0.181825759702454,3591.77082606603,1,1
400,-0.5,-0.418124496194965,2.28455996277739,0.837094242893082,0.813306639446249,2.31617248335999,0.138277790638825,0.0457420634673484,0.0717175156459688,0.110625721872452,0.183985586544721,3586.37882359956,1,1
401,-0.5,-0.5438225597252,2.3430715628236,0.764483421071735,0.985672140225082,2.02694615336419,0.173288610036483,0.0454105991325537,0.0724516885551728,0.106051298287921,0.184217207114218,3590.08097878703,1,1
402,-0.5,-0.544958172205924,2.28595858876715,0.797907703062178,0.968141521494253,2.11616774745998,0.159353281217443,0.0492596381040464,0.0769018749641943,0.10607009648251,0.185156975533541,3561.62457207325,1,1
403,-0.5,-0.483658096632218,2.4398950925059,0.564191562934092,0.965490594731737,2.10786228728387,0.152994373745403,0.0474559035487153,0.0760095620137749,0.108147952118687,0.177823072184712,3627.97191770594,1,1
404,-0.5,-0.41231646470108,2.28320517811238,0.821441069413742,1.00201107317863,1.97670755068414,0.149931533942993,0.0482572761380289,0.0750633851688882,0.107966807326685,0.182359733277418,3596.31525732486,1,1
405,-0.5,-0.581556919093079,2.27506094867776,0.854024600421643,0.901803403550503,2.09130299372633,0.170443151210927,0.0458718824759983,0.0730514851429534,0.10901550848906,0.189741826786787,3563.93506425557,1,1
406,-0.5,-1.03271369760441,2.27689620049005,0.881941007586121,0.977674414182017,1.83349115817676,0.251476293398513,0.0464305404366451,0.0724448321471073,0.105957326242842,0.173503014578806,3597.1673464678,1,1
407,-0.5,-0.344742967982635,2.3014129176336,0.826010859940794,1.21070530510076,1.8400803723755,0.128547261112277,0.0494402478643489,0.0781502415009501,0.109338786597975,0.178414152161042,3656.94585974059,1,1
408,-0.5,-0.688049206135601,2.27519079304159,0.852829040100964,1.03014972903525,1.79077484986735,0.19176567603695,0.0482965373164016,0.0754064266629279,0.104245576696378,0.172006998697999,3585.37800018178,1,1
409,-0.5,-0.358567688588744,2.24655065961998,0.860043424932347,1.1236322343974,1.89003181090697,0.13674710554376,0.048478662324888,0.0752445893113705,0.104166759590152,0.180061633729031,3582.20222582231,1,1
410,-0.5,-0.62150025436773,2.31651605299227,0.813537323277896,1.00329379504068,1.98846972870284,0.171101187902682,0.0470087499893165,0.0736633752231848,0.102984660157059,0.174613304121788,3597.82858564233,1,1
411,-0.5,-0.593758238317416,2.36845330016555,0.749174325144502,0.999077286300225,1.95887597840452,0.170265104338099,0.0457056721791872,0.0710802204146542,0.105758676959984,0.174204538205719,3626.49334030571,1,1
412,-0.5,-0.406105468426881,2.3075674520352,0.789919427299019,1.11586368758969,1.91356497396395,0.139051511591576,0.0487330207744204,0.0754918169518324,0.105395207443568,0.1784756666255,3601.88958448963,1,1
413,-0.5,-0.542653567052465,2.4172412299257,0.58916063416662,1.05448394809199,1.87196345935784,0.169760039796533,0.0468533485005599,0.0750071642327836,0.105396941676364,0.175218612192918,3623.23019863818,1,1
414,-0.5,-0.488234638581919,2.26822100768886,0.875282794739187,1.12295451943151,1.87039886143652,0.146865170911108,0.0494324341282743,0.0742180763283578,0.106625525305379,0.173395103780639,3639.85617824926,1,1
415,-0.5,-0.650967020735056,2.26147959950742,0.861883582484758,0.969807684674856,1.95232587851222,0.178461778528755,0.0469807271774308,0.0740728167666407,0.106719035404271,0.174073549205829,3593.02699917955,1,1
416,-0.5,-0.518773936786718,2.32121302037444,0.772175247500922,0.966402314555656,1.89659274695257,0.172092535088937,0.0458231592860083,0.0701309341026317,0.10448827753536,0.167247723899215,3602.89506275195,1,1
417,-0.5,-0.618865883911033,2.27600004335626,0.820478119273285,1.00388250348912,1.8778260484143,0.175079125902294,0.0483905464589943,0.0754547585790096,0.106266649280381,0.176218122362937,3577.67491489619,1,1
418,-0.5,-0.445137844988532,2.3707665216306,0.736241096626515,1.18042184366694,1.6943522033934,0.159174844107072,0.0476537617018914,0.075414669667355,0.103738011447023,0.170385608170376,3669.1127636416,1,1
419,-0.5,-0.252735674106527,2.31912383794965,0.784018130201773,1.05572597944869,1.86062128050166,0.132681988612178,0.0463521856497577,0.0717113615353721,0.106147167419087,0.181903908206506,3605.6660104739,1,1
420,-0.5,-0.407952944929591,2.31124828457534,0.8327453838332,1.09714355279348,1.92348889143416,0.142898362262664,0.0481395954816575,0.0751100323220518,0.103905154730931,0.175864878672313,3632.62374206521,1,1
421,-0.5,-0.559915306973802,2.22534422319366,0.936121763311283,0.948722863671087,2.0263865411033,0.167709344160575,0.047490900566071,0.0733788906484693,0.110362389996614,0.178048087275243,3610.2606356554,1,1
422,-0.5,-0.541477790630275,2.2669662420721,0.871527562687717,1.20577644551233,1.70298491408162,0.156815735180483,0.050205982016449,0.0772755583983164,0.103048273797637,0.171333189016333,3623.63937928212,1,1
423,-0.5,-0.373216926999534,2.31740274095864,0.822543320953,0.777723326432856,2.30906228544641,0.13502397828705,0.0442652924373276,0.0697785092195374,0.112961504634761,0.182322283146482,3602.01044786867,1,1
424,-0.5,-0.554103504008994,2.37758639369443,0.665191940232294,1.01550196789041,1.79813995717613,0.176573835150865,0.0456607662286898,0.0722995305908219,0.107113168179238,0.178074346906015,3618.29440863441,1,1
425,-0.5,-0.736089882512716,2.25440685197278,0.850411581898639,0.974338157430546,1.83304483138779,0.205689932226909,0.0465923910106702,0.0729626151936227,0.106505852110557,0.178708328613875,3568.65921256128,1,1
426,-0.5,-0.832619683875898,2.36045585199712,0.768826889337052,0.99511890185793,1.989724453429,0.20868908679794,0.0471302421383773,0.0734049493960229,0.102639933022177,0.168989065804899,3648.00377186421,1,1
427,-0.5,-0.550741121328888,2.31623761839351,0.765991375350909,1.0696731670701,2.06951944433142,0.143017435054845,0.0490118913642483,0.0778567154203171,0.102843804303183,0.16724395179991,3628.83009175388,1,1
428,-0.5,-0.791697648603533,2.33112524043633,0.761767236416221,0.907354520525108,2.11037068115245,0.193731697287828,0.0486963768851294,0.0757912650946122,0.108236151117563,0.175886596691832,3614.4027186404,1,1
429,-0.5,-0.457758230019292,2.2963710313802,0.854575488238723,1.04980612398024,1.91993086767062,0.152107075250637,0.0497380960009392,0.0759372704089011,0.109031775142335,0.177794929786947,3645.35578485413,1,1
430,-0.5,-0.460190927260176,2.33199014627332,0.748325000387633,1.09536652614851,1.78895263067935,0.157324777640745,0.0484769891765863,0.0748071552302867,0.104687721651045,0.176964490997939,3608.76677032763,1,1
431,-0.5,-0.651502581252205,2.30334393224916,0.796112027087927,0.987165594882761,2.00043458316047,0.164995419329252,0.0470669594219603,0.0745762380215966,0.104992330616782,0.175791439558701,3584.81534260528,1,1
432,-0.5,-0.389409363459771,2.33551116365498,0.750742304996534,0.770492052443216,2.34822132474029,0.151796253464763,0.0454059081017535,0.0733257195671268,0.112522166171239,0.186781466175122,3590.79816338187,1,1
433,-0.5,-0.696264058982338,2.31910049516468,0.806089344724024,0.940425844377058,2.04075909301433,0.190359696815686,0.0470315404277531,0.0737418971798965,0.109743941925022,0.18170731302793,3615.9803904629,1,1
434,-0.5,-0.496178722386348,2.31601940850658,0.774907926907755,0.95867441861342,2.00938331846423,0.1608003036733,0.045404984888963,0.0715403929949797,0.106388275261995,0.177148944702997,3597.76400746839,1,1
435,-0.5,-0.37031196695984,2.28316434520201,0.741424156441921,1.04067225222169,1.87810093033251,0.138580653009715,0.0479340779803391,0.0768175755450914,0.104818355466655,0.178082874621876,3543.33799140894,1,1
436,-0.5,-0.417008578726481,2.30735538456657,0.799507783766083,0.91711402919967,2.19093635276804,0.1337480199966,0.0472764255242854,0.0713186268371821,0.106943682722642,0.177476904157831,3594.61708217125,1,1
437,-0.5,-0.66876584063736,2.27434486884639,0.821038030830713,1.02609844647474,1.80437063790293,0.198660212705726,0.046521944334064,0.0734653025565821,0.104348586890448,0.175345146115507,3578.55885520714,1,1
438,-0.5,-0.258690705513509,2.30648490771989,0.792015341165054,0.948342369709981,2.19258495286317,0.121467981729658,0.0479287421915245,0.0733182194252303,0.108707635993862,0.184337718699852,3596.35909339748,1,1
439,-0.5,-0.506011755946558,2.34569045119774,0.78099549478747,0.928542999704544,2.21397792995356,0.145742049494716,0.0458453946471876,0.0719681312024668,0.106416095149069,0.175778469843444,3622.69373217396,1,1
440,-0.5,-0.337377088192944,2.3041596234108,0.77728874565374,0.804929951340261,2.34784133702763,0.130478979543783,0.0463770221726271,0.0726984062042589,0.11240842663144,0.179959685347559,3605.84084096765,1,1
441,-0.5,-0.352715007420941,2.35804523496189,0.726405949153854,0.999481580978235,2.13257040193921,0.128369717040435,0.047715513118147,0.073837573072134,0.107707780221249,0.185096896984853,3616.94232364462,1,1
442,-0.5,-0.468994814615132,2.27754115935549,0.796249500916879,0.948544178878456,2.12260076239423,0.145348010993417,0.0475122562630836,0.0728246024995074,0.106612851965199,0.185615425890488,3556.17248695563,1,1
443,-0.5,-0.314393219148807,2.25853861482685,0.848898411413528,1.00685828011209,2.09689471224168,0.123689901609624,0.0474521711360125,0.0737403581753201,0.106069258713005,0.179397184687423,3580.48371114513,1,1
444,-0.5,-0.239727633494256,2.2110961156917,0.921886992960165,0.866013743865885,2.38786240230878,0.112396990142979,0.0493887067542275,0.0752736618612171,0.111581869175059,0.185522940776439,3589.43131372703,1,1
445,-0.5,-0.618029934144866,2.31787677734787,0.778407811320992,0.827959721267721,2.2387358070948,0.155692177409948,0.0459900082729173,0.0747561440600932,0.107903821133017,0.171568228898075,3600.07446926937,1,1
446,-0.5,-0.522653344484978,2.31492352889231,0.784849731378593,0.851523380903763,2.19437297976534,0.158023478933855,0.0456341260857593,0.072360691312385,0.107997131768288,0.176490541428748,3585.55715319207,1,1
447,-0.5,-0.431042158032379,2.22659490077694,0.931748517214153,1.01467683490242,1.91241793620484,0.154273964842383,0.047324192974804,0.0740657122965219,0.104593651616197,0.180847143827657,3562.78854886509,1,1
448,-0.5,-0.429564290992604,2.28344566575522,0.861703205265408,1.0142551249524,2.03697400680208,0.142001847349421,0.048746868321456,0.0759161427221394,0.106914841863602,0.180652982906493,3620.10382835499,1,1
449,-0.5,-0.36304786889334,2.3181825904126,0.737720728025724,1.08514105466486,1.94096643317803,0.139090680889378,0.0475698719211088,0.0747109249879175,0.104303658411824,0.172936351750269,3607.71873559901,1,1
450,-0.5,-0.829336368969728,2.39950687145115,0.636198995831048,0.915664026582203,1.93371072977619,0.210114249870475,0.0443545335925255,0.0709041056902206,0.105335258153568,0.171674822986477,3589.01533410002,1,1
451,-0.5,-0.280918101388646,2.27623560425116,0.810556810292171,0.99756122301843,2.14125874800348,0.122077831602468,0.0492069568699744,0.0768493463749213,0.108689157449733,0.189443228251217,3588.04531886813,1,1
452,-0.5,-0.401163434255958,2.31348251501583,0.75247636272447,0.91107816783431,2.07246251370881,0.143426583285641,0.0460119038046417,0.0703324596817873,0.107842893284894,0.178135944945733,3585.72585343987,1,1
453,-0.5,-0.539484826178319,2.34469016606502,0.756902615149548,0.89893587158228,2.25789500297632,0.148781385770129,0.0484713095690183,0.0740775884390489,0.111746030712546,0.177843657401324,3641.10264242167,1,1
454,-0.5,-0.313176690368164,2.24572284638337,0.856050611636734,0.873943657180799,2.16187495663928,0.133554889607302,0.0467672938740733,0.0716785480186427,0.108749306596191,0.181263732451136,3564.40857075458,1,1
455,-0.5,-0.498003135915635,2.37133289323322,0.720896013266086,0.94280180195703,2.12918969357287,0.159093387186559,0.0470810714575952,0.0725449320772622,0.108500704864391,0.188792521866381,3615.93950490144,1,1
456,-0.5,-0.479287768959712,2.29354573890081,0.823455407451757,0.942223420841584,2.0867202841058,0.160874956779974,0.0485605399705248,0.073677573948518,0.107229638625772,0.182096986327901,3599.58142569521,1,1
457,-0.5,-0.397769398048327,2.33127280352689,0.776917665868378,1.31560759684136,1.69966585705011,0.130127820511903,0.0509461819714377,0.0808724220327415,0.104696145251845,0.166806670767972,3659.54951877724,1,1
458,-0.5,-0.53029099718436,2.36893525099272,0.720241056281122,1.04252907259612,1.96452564483098,0.167126114128506,0.0473193765641283,0.0738886589267541,0.103912096757796,0.175972727677728,3625.44129402601,1,1
459,-0.5,-0.308686492869258,2.25794899131097,0.823355673734334,0.937167268457264,2.09256166354076,0.127772584087282,0.0482131641157837,0.0721442743862325,0.10891746147116,0.180957495144932,3584.12479895758,1,1
460,-0.5,-0.541457928589376,2.25260148548031,0.839069398121458,0.708737129354707,2.37169099565948,0.16233936450154,0.0469635299880417,0.0715122816632947,0.111645361245041,0.183825187996091,3552.28603571444,1,1
461,-0.5,-0.761563428976199,2.35022779586869,0.716166300031225,1.11216171530962,1.77429442379242,0.184551604599037,0.0470368629607292,0.0747097474912513,0.102279661016146,0.171647103152861,3608.14093114218,1,1
462,-0.5,-0.501766234042024,2.31801481094215,0.792788909430905,0.910547767842791,2.15522947564342,0.155157863001407,0.0462370679518451,0.0731302078677092,0.109688485387943,0.180257387866176,3601.38978726729,1,1
463,-0.5,-0.186944728384048,2.14953519810876,0.994527566436993,1.05305912508289,2.09467559274991,0.115325455519297,0.051591149624839,0.0769261574952827,0.106104490661677,0.185237421101745,3557.81185794186,1,1
464,-0.5,-0.599303811000286,2.31534254627206,0.805097223773663,0.958498874128792,1.94545185572353,0.180051817178161,0.0465629027356211,0.0722784922835656,0.1075958133822,0.175416863086221,3615.88499757463,1,1
465,-0.5,-0.396136369255282,2.26470983751037,0.860131407406108,1.14207355675183,1.82482231392071,0.138429887923756,0.0485580974621578,0.0742933951611471,0.106289984996412,0.175453768161675,3620.41407948921,1,1
466,-0.5,-0.484500756623055,2.22240948138236,0.953521008621714,1.09398209992812,1.82551945049051,0.159315375051929,0.049045582742511,0.0755749386379784,0.104690980028174,0.175572843791922,3598.16114907759,1,1
467,-0.5,-0.428170102163903,2.25650706986609,0.852432771052905,1.01675642959477,2.02968709117487,0.148983727159325,0.0501015120487187,0.0776974569324633,0.107702353402659,0.189856618550481,3573.09717952478,1,1
468,-0.5,-0.339367969449958,2.30758326842101,0.814309617665181,1.03013124676106,2.01594573435934,0.129278354527307,0.048550027017137,0.0748866953012357,0.104455275839807,0.175470562752338,3607.70620709827,1,1
469,-0.5,-0.821544619962246,2.30852327164692,0.795543511479616,0.911851743128976,2.1443113264158,0.202859222901253,0.047637593941851,0.0756855624988934,0.101352396917489,0.166700048304969,3574.61349718603,1,1
470,-0.5,-0.519918460057262,2.28160525792101,0.788655508116983,0.902972834906179,2.11887891364659,0.152780547552792,0.0475936680336509,0.0750638947952415,0.109460089891201,0.180262309201655,3566.88771442582,1,1
471,-0.5,-0.518971840676025,2.34645071921764,0.722456111180336,1.18652593873435,1.7524831524291,0.148464663078226,0.0494220008065862,0.0764613728114067,0.104849878819942,0.170902760889131,3636.83065232106,1,1
472,-0.5,-0.451658769846443,2.28355781628504,0.800446316995427,1.07422192644637,1.91639733751899,0.149660235019904,0.0493911790038832,0.076393436837532,0.104034380825614,0.178440973471099,3582.4162771304,1,1
473,-0.5,-0.588645797250655,2.34279713112207,0.729771494904714,0.925449712090259,2.24100259328019,0.144597480761276,0.0472905264950451,0.0740975650682063,0.106050282336952,0.17761475674305,3578.35054576214,1,1
474,-0.5,-0.544186816663658,2.18612822612183,0.926243710851601,0.965242654540617,1.90843666572147,0.169096463356875,0.0476295166187093,0.0735235435222405,0.107418955064846,0.176827899549866,3540.9553135525,1,1
475,-0.5,-0.589442230166111,2.21133766373686,0.882291494432853,0.777645729472569,2.26946811824747,0.169539336117978,0.0482134566714124,0.0728742146191404,0.111491357732808,0.17946689856987,3560.33484728953,1,1
476,-0.5,-0.372848861797739,2.32137915375955,0.7925709956937,0.823471413989046,2.30097160888514,0.132764271658945,0.0466993634409787,0.0716847602199853,0.116637950144062,0.191145599096913,3623.12202943546,1,1
477,-0.5,-0.565070103808396,2.25205117536602,0.841032147280256,0.832794105150132,2.21891820727424,0.161997740536898,0.047298364751599,0.0735203706216724,0.109606083599674,0.17892891242059,3553.47938471028,1,1
478,-0.5,-0.204322792380862,2.30092688597655,0.784064284120397,1.02202517917066,2.20583978769538,0.107678557159699,0.0493403842174091,0.0777554507152079,0.109640914859438,0.173390198992429,3638.25864351234,1,1
479,-0.5,-0.56897188974758,2.23129558856367,0.888414042901129,0.892053609023087,2.05404639066579,0.17999712237979,0.0476591255785841,0.0744673384222221,0.109823840549826,0.181599827758451,3562.66017794824,1,1
480,-0.5,-0.512953598387783,2.29753200381706,0.843327713159362,0.944595877925984,2.11100876459545,0.150271436532709,0.0475605940194855,0.0728322458167772,0.106003066067291,0.177033441305946,3597.74353996883,1,1
481,-0.5,-0.404327390876908,2.28823167123655,0.847568815921086,1.25484802879672,1.67140042780173,0.145679756843685,0.049890688601079,0.0762529612237764,0.103603399213487,0.175358343798576,3622.04158342059,1,1
482,-0.5,-0.359358060014101,2.36666108985114,0.725076282969656,0.898632031346924,2.32974372533119,0.126509218905856,0.0448315591853911,0.0703910870390405,0.108068085445061,0.184723580319865,3599.38823737761,1,1
483,-0.5,-0.484738008787865,2.30623633053512,0.791039564689577,1.21218556480944,1.74715670071597,0.146464862806154,0.0497925852520567,0.0771888157366924,0.104027711401359,0.175506655977181,3614.82340802682,1,1
484,-0.5,-0.294218133434723,2.37415636750158,0.684687488761921,1.1944301002187,1.989835311278,0.115709586193844,0.0510028563434969,0.0782351143137782,0.105643350055903,0.182610509795283,3647.2402997042,1,1
485,-0.5,-0.406415527620912,2.24170905625775,0.948787621669451,1.07975601274436,1.94148252543769,0.142938788554082,0.0472333670891012,0.0732948205617906,0.102906992837612,0.17094018725052,3613.48802893766,1,1
486,-0.5,-0.548114947736689,2.34977299184015,0.689415362771843,1.06161038365823,1.80046681894311,0.169325472339341,0.0467080406306566,0.0728465621252691,0.105309933631337,0.177212063552607,3597.92809548938,1,1
487,-0.5,-0.543321136988304,2.30797525583902,0.809504569274013,0.977025495589218,1.99404796358864,0.160566605466203,0.0469140541864277,0.0734267183800958,0.107027105594727,0.173342272379942,3603.19844191069,1,1
488,-0.5,-0.391457982810916,2.33000819253015,0.758665483693083,1.03691062628989,1.9117377384578,0.139329353774936,0.0461821540868066,0.0713371643723316,0.107201571869079,0.181057584915041,3603.77110479801,1,1
489,-0.5,-0.461026553775994,2.31292221610185,0.840136238007544,0.88213275591693,2.22258257821857,0.154307077126247,0.0453465759361849,0.0732544599347947,0.110944760166159,0.179441244592537,3626.12624787142,1,1
490,-0.5,-0.602674394171962,2.34520042752731,0.782687247675585,0.912385187029965,2.08162150677252,0.168783535777639,0.0470768091781591,0.0732639058927769,0.109766637193092,0.175495985059511,3615.80440556379,1,1
491,-0.5,-0.39119536000998,2.31530487164116,0.819483052670706,0.98488761343045,2.0402052837177,0.142476300645868,0.0464038917807577,0.0734756010278391,0.108642584898027,0.180664782862803,3614.89143528807,1,1
492,-0.5,-0.780681848869817,2.3775769629024,0.739180207622957,1.22056669431573,1.69888594194865,0.185310182672672,0.048157207446555,0.0759948114424342,0.0999839360873443,0.167675369129884,3645.3459526375,1,1
493,-0.5,-0.226330954429791,2.25752395611282,0.909173964429161,1.04382488233493,2.01545840729134,0.117219490651281,0.0485865714001873,0.0741078493672167,0.109054018995008,0.183721178433392,3614.81212417926,1,1
494,-0.5,-0.360769424316088,2.24706395186424,0.898402957589536,1.01218706539348,2.08322758610216,0.132927530778646,0.0497427934291064,0.0765910039614944,0.107063429213207,0.182983135264736,3598.08398368633,1,1
495,-0.5,-0.259721343871102,2.34461762305025,0.759825812784489,1.07867046772824,1.97229273025451,0.121357017726892,0.0465871583915298,0.072461072325526,0.110086385798205,0.17592518012725,3655.04409005367,1,1
496,-0.5,-0.236307951549878,2.32033896013204,0.759703758785814,0.925304267895885,2.32162745609707,0.116543675471685,0.0480923745003283,0.0743427909194291,0.110344479794103,0.177658749654325,3629.61064783554,1,1
497,-0.5,-0.229751716035361,2.34400317973585,0.777630005300879,1.00703679729977,2.08683357728586,0.11749295410006,0.0484545913325619,0.074871806605024,0.110904791797459,0.184993536319812,3626.6803951439,1,1
498,-0.5,-0.761255584719972,2.30733056949916,0.795474244230453,0.879238887681226,2.01961751905083,0.217645536254212,0.045067582027414,0.0706503329497566,0.105693685525546,0.175552262652994,3578.70739385242,1,1
499,-0.5,-0.553685381318901,2.29395805073291,0.832202920536435,0.975994171944341,1.99806273906563,0.169114163273115,0.048264417600928,0.0739550741211138,0.104986167454897,0.175645403055777,3607.23511872414,1,1
500,-0.5,-0.579823185517353,2.21840258591255,0.849699440104778,1.02482239650862,1.84885974744057,0.173820572228317,0.0480554555550747,0.0743105299088224,0.106411833217416,0.175615416905003,3558.59171796032,1,1
501,-0.5,-0.450404555132512,2.26044235405103,0.7871554966581,0.933695241857331,2.10054264391548,0.148911352038482,0.0489792198786329,0.0749237761866016,0.107544661089631,0.176809361882006,3564.97551408002,1,1
502,-0.5,-0.463407685665935,2.32165119751377,0.711834868024639,0.869797877608557,2.04235454619126,0.160909513559982,0.0462684785134674,0.0734033663043803,0.111087613716825,0.186213530298672,3550.70291137443,1,1
503,-0.5,-0.553697836042817,2.3025735321249,0.812476130702703,1.04642757174066,1.9242248036887,0.163650013697601,0.0473439075916691,0.0740930478551824,0.105397743210432,0.175158693045757,3606.40319150298,1,1
504,-0.5,-0.38205317723581,2.26564787201983,0.800469575928563,0.866259015747048,2.04809739238803,0.157561832896632,0.0456714538471282,0.0707020096631922,0.111220203316823,0.19019642438634,3557.45614498864,1,1
505,-0.5,-0.538502739487239,2.26944081518402,0.818179009731185,0.943209062720724,2.09278268379674,0.153216800498405,0.0483160482381818,0.0763060374443783,0.107610138735233,0.18195308983409,3563.61342259961,1,1
506,-0.5,-0.762965844013348,2.29531921783598,0.803207274761459,1.13738237021924,1.5657207244299,0.230635976260099,0.0475358999689005,0.0730392622572257,0.101292421749564,0.16918757443765,3608.88244847279,1,1
507,-0.5,-0.49467256467311,2.38330275009044,0.662131543329129,1.04621369978782,1.91412303498979,0.142031868130104,0.0478613510633231,0.0756853774052241,0.107351144292564,0.174317259697303,3624.73152811375,1,1
508,-0.5,-0.315491000404915,2.3590724685895,0.720549424528562,0.994423331052658,1.99858363532137,0.149341557954205,0.046015367396107,0.0715133653114049,0.108800420469826,0.188909289484441,3624.4804104909,1,1
509,-0.5,-0.525931108084952,2.42000163790109,0.615771678164596,1.04777302008016,1.89099835538528,0.152041810304955,0.0458567127977719,0.0750020861348051,0.107004230671293,0.178090945627201,3610.23386718035,1,1
510,-0.5,-0.922740099649421,2.35715185598534,0.697086640676,0.973655083425739,1.79572876523773,0.240935108532131,0.0463117523890883,0.0731086489455003,0.104035661517852,0.171456970919297,3598.216216809,1,1
511,-0.5,-0.548147997575251,2.23925676665455,0.884139612960516,0.964511137594878,1.93204040729388,0.166137336129554,0.0491840187704912,0.0770151874903255,0.10770995662204,0.175919014932868,3585.36588462298,1,1
512,-0.5,-0.51575162645583,2.24086289422477,0.946180746951919,0.796950859800599,2.20339478329886,0.171613789828923,0.045938425380954,0.0711903525014003,0.109116798141772,0.174125799387643,3597.78358561082,1,1
513,-0.5,-0.384676646235642,2.22668762639425,0.87927847388031,0.919052799644504,2.06070454619516,0.138199957566971,0.0474859158575244,0.0755077593630974,0.110655496826034,0.178117105749491,3570.56720972617,1,1
514,-0.5,-0.744331533634052,2.33582914805755,0.740340986050673,1.02980906547565,1.78152807900968,0.207119252817185,0.0455634722281174,0.0720996286538552,0.103834935111701,0.172614446358744,3592.21234918464,1,1
515,-0.5,-0.598046860744876,2.26981680127089,0.755208325373178,0.950164997741237,1.93388554806319,0.177864979250034,0.0481870703926722,0.0738731150399529,0.105030208974625,0.173965070830078,3558.08900210187,1,1
516,-0.5,-0.490243264872482,2.31785526160405,0.81991525785111,1.17821767786918,1.72919836450155,0.159013547565636,0.0485597920266741,0.076387518616646,0.101653931498089,0.172716408290624,3633.08834958097,1,1
517,-0.5,-0.354185773037217,2.32538385715523,0.744414520364886,0.95605498939232,2.02736141979431,0.146390758035745,0.0458365655236102,0.0713097192773389,0.110353932542293,0.185033185806358,3605.350754404,1,1
518,-0.5,-0.637714417287908,2.37696607833468,0.661235139812913,0.77161433924697,2.30334768212822,0.168267804224824,0.0460472046351038,0.0727367128758065,0.110141032748551,0.183371837658719,3563.64833723639,1,1
519,-0.5,-0.542094309090972,2.31117308568979,0.814105391713747,1.12787754891027,1.7431533454356,0.161234324423342,0.0467569790711339,0.0721502455895527,0.102065383411323,0.165717183551957,3630.56649731412,1,1
520,-0.5,-0.605353128585749,2.26776274742104,0.83761171427289,1.12438402761746,1.80510782327459,0.171416237512853,0.0491884187169341,0.0768821771384953,0.101678205127141,0.170558030607516,3571.96011709226,1,1
521,-0.5,-0.58209981018337,2.25515426636822,0.836491169909678,0.90180825783968,2.16851661947462,0.162502700339513,0.0471547987485062,0.0736665671191778,0.108615079121393,0.18282000962726,3539.63161333943,1,1
522,-0.5,-0.42839925832948,2.24909651528473,0.839124989088566,1.09553546950059,1.93505210714847,0.132915549264985,0.0521432126725635,0.0786525936667233,0.107355657245339,0.177827041685097,3600.458829134,1,1
523,-0.5,-0.332840088963315,2.30900670280267,0.804797998331783,0.899052073214375,2.01896056026743,0.134274403274156,0.0445851550765898,0.0714495226628058,0.111862377340748,0.186236553705499,3585.35964948872,1,1
524,-0.5,-0.657434785192373,2.26076978111866,0.812854938188015,1.08999300437352,1.75331344966101,0.178274174589031,0.0472943032779527,0.0742407499871381,0.105109923963078,0.168513092043323,3595.99127431215,1,1
525,-0.5,-0.54414328901347,2.28690527238585,0.857957316904833,0.840136317081974,2.30892617295124,0.152049539858305,0.0466850328929646,0.072700693930834,0.109272711055097,0.185920188392218,3564.21638655075,1,1
526,-0.5,-0.635171632805968,2.30668749206322,0.794594485869952,0.988483069045101,1.99895014546024,0.176080121580137,0.0455912644818561,0.0719285082428221,0.103988208999222,0.173469627429964,3575.26471452619,1,1
527,-0.5,-0.285126437879359,2.31463247910441,0.811024249659247,0.99421617209675,1.92542092321076,0.137419748536954,0.0460068308898148,0.0704696435568991,0.108232127917388,0.183008574559989,3609.13422483878,1,1
528,-0.5,-0.515918143013012,2.40272112862836,0.646428606264539,1.09842267564506,1.88485283597264,0.151674301524183,0.0470492285529888,0.0747565642103424,0.105532334049376,0.179749545420286,3624.41901172945,1,1
529,-0.5,-0.568393121028955,2.33759643110396,0.722704808824385,1.16993645701219,1.71191889868415,0.170012417993497,0.0493098769522844,0.0769637425301454,0.106330283040785,0.176472704977857,3629.18089472208,1,1
530,-0.5,-0.567145352411582,2.22059036144849,0.87863650594433,0.866570714454892,2.18292889490533,0.178074541398231,0.0483451492514219,0.07459585035106,0.110049174383649,0.185882280688175,3553.13279848554,1,1
531,-0.5,-0.455605485129919,2.28727160144631,0.845731243309538,0.904204036367771,2.15575825081916,0.148377288795916,0.0472227689935349,0.0737356032392225,0.108050977695151,0.175316584575107,3597.05592486332,1,1
532,-0.5,-0.656916905853844,2.28487610066567,0.827004008655026,0.977640732479145,1.93320872635442,0.185546125549462,0.0469084819716572,0.0727783168174353,0.106249803229207,0.174435421190726,3596.33373061419,1,1
533,-0.5,-0.491012914659098,2.25844008480653,0.870295531862454,1.10765779265452,1.92038365350257,0.152953618966151,0.0490282964181445,0.0746112752138515,0.104001195700469,0.174752800164528,3604.01016212583,1,1
534,-0.5,-0.223347232781087,2.27933060755083,0.794353913868672,0.856597083414061,2.25697014747599,0.125684555601862,0.0469483104592248,0.072700744094078,0.11317361788182,0.191782085321958,3573.63085941867,1,1
535,-0.5,-0.261528724401441,2.3034702591284,0.804198417941365,0.913216415413485,2.20829559091843,0.129444958473842,0.0471575092675259,0.0727891213847308,0.111776661360202,0.189783244206233,3598.96365757578,1,1
536,-0.5,-0.286165771132119,2.35991663136531,0.752569425665228,1.08560368924514,2.04364137221546,0.127675312381341,0.0479097404057962,0.0761634727525643,0.104383025125927,0.178995040787546,3638.15205285563,1,1
537,-0.5,-0.462347110016509,2.33856727752869,0.753714249841859,1.02934573991316,2.06417920563702,0.15160237243503,0.0484584234552678,0.0760810469924519,0.102967289972591,0.1694907942288,3625.0719504664,1,1
538,-0.5,-0.507549232640297,2.28752894632924,0.796235008800637,0.843240355163191,2.18715511299176,0.146914787630671,0.0470054354241311,0.0731283127039181,0.111311602301011,0.180402152776433,3571.44422447551,1,1
539,-0.5,-0.956932504796674,2.36079634423091,0.708215258981052,1.00511019185436,1.77004651898946,0.241626054044563,0.0452535241135663,0.0722336863536019,0.105529549474577,0.175351846409709,3596.17067220568,1,1
540,-0.5,-0.41553000348559,2.2628368433149,0.832016530041416,0.944909719216008,2.12976465846841,0.13609659250611,0.046955160066305,0.0761038194524615,0.107400648062086,0.17226244816728,3565.1921405779,1,1
541,-0.5,-0.444709016079405,2.32183200246243,0.736656609074506,0.949619553048777,1.96225421590647,0.157666463620832,0.0461267567240971,0.0716158188341835,0.107835015045848,0.174762789869157,3613.98180552813,1,1
542,-0.5,-0.624088365012691,2.37642223671971,0.706691832765879,0.897495378150464,2.17565953974162,0.160574926577578,0.0469432877631492,0.0733535997271795,0.109148057159701,0.178501492021574,3635.39441705293,1,1
543,-0.5,-0.391852369392828,2.34507693134219,0.753104817767069,1.14573410808981,1.70961797014055,0.143983200924569,0.0465906669838246,0.0739356839776751,0.108287637897687,0.177175171088916,3637.78050054184,1,1
544,-0.5,-0.379383918554355,2.27558279725114,0.807941290367389,0.934733003305979,2.17183480995541,0.143298264548352,0.0478814215901362,0.0737827681127245,0.107379639399792,0.182504419887783,3578.54883918934,1,1
545,-0.5,-0.429977244506239,2.31212536589304,0.798240932049934,0.905632095410976,2.09313368536746,0.15232791870436,0.0460389894284592,0.0718919776726646,0.110483353103734,0.190564503261553,3582.03197896241,1,1
546,-0.5,-0.601509307435477,2.35772325613875,0.71397194258942,0.97360337422321,2.04458340023549,0.15771300284335,0.0470919353963004,0.0746702267010448,0.105334717484416,0.16741096683208,3622.04792034571,1,1
547,-0.5,-0.357550053968084,2.27848725272636,0.789278797331164,1.06188998911244,1.90737559267773,0.136932465225328,0.0493035405496104,0.0762312041207299,0.111094414464961,0.177127266284756,3619.10154156019,1,1
548,-0.5,-0.452626512116324,2.27166258348251,0.852239866962317,0.953193300885024,2.04109467666688,0.158621672547143,0.0486372628089445,0.0749080933635069,0.105904210425318,0.183241654816594,3578.07488434114,1,1
549,-0.5,-0.604487187428207,2.31556837409111,0.730637948386909,0.848465480767789,2.19568024420526,0.167482314867243,0.0460667287423743,0.0738612202069657,0.108152135186614,0.183082687606809,3547.25026092953,1,1
550,-0.5,-0.406673624050574,2.28347194048667,0.763097424912084,0.874123376960192,2.23302863514747,0.137670724370902,0.0480907659810714,0.076017864017766,0.11123397123317,0.184690088444568,3562.4955924648,1,1
551,-0.5,-0.269853995927761,2.42350905651032,0.588474179517154,0.939710218655232,2.05760084135823,0.135909193985496,0.0447807400430785,0.0704327364583095,0.11057821095636,0.187234512739745,3602.67971861079,1,1
552,-0.5,-0.869870247621418,2.34185340333533,0.7888152182947,0.95638870346526,2.04673429726705,0.204480601430686,0.0459846853724117,0.0727706249350905,0.101534978702332,0.168153278444217,3619.54288687742,1,1
553,-0.5,-0.575432309820244,2.36452407782973,0.690125574824766,1.15473835956908,1.61596817079316,0.182352980908424,0.0482385587005629,0.0737285930087048,0.105353319695101,0.171541560617901,3637.39113240625,1,1
554,-0.5,-0.474896052470337,2.28048995785004,0.807415570781476,1.02775915753948,1.99715301267347,0.143549751176472,0.0475050468028652,0.074968116748921,0.106008675548879,0.172852390923649,3596.01445763574,1,1
555,-0.5,-0.71401920143834,2.31155923750457,0.75851894501871,0.920938603672321,2.09765616275449,0.183831899471513,0.0459976520701802,0.0724172987571516,0.104607744686433,0.181816836948149,3559.63258345856,1,1
556,-0.5,-0.501856017692894,2.31499085958327,0.767021323802555,0.990136932170429,2.09557556386834,0.161830701190056,0.04832174159527,0.0752413144902021,0.1055803737366,0.177229812257079,3598.78495589108,1,1
557,-0.5,-0.613027042369575,2.32582393063539,0.782935156743143,1.09408987265717,1.84277135000075,0.174462613517765,0.0482750885312443,0.0756796156470593,0.103598357581855,0.174826386321833,3622.44910697255,1,1
558,-0.5,-0.657148076508076,2.32741747296543,0.77154995594928,1.03300775053029,1.97979407373052,0.162612061343262,0.0475028192057764,0.0766569836759848,0.107420057937541,0.173304114525405,3599.45600866974,1,1
559,-0.5,-0.31222180676003,2.2492483744216,0.851030917125366,1.13519224212291,1.68820191818888,0.157386144542919,0.0474487977992628,0.0731522879643879,0.106300499523287,0.176251768965101,3595.32955539281,1,1
560,-0.5,-0.404480339039621,2.27233826223537,0.827625823135513,0.964221952400243,2.07249742713269,0.143589638674789,0.0487329385336723,0.0760012411676605,0.107683612081391,0.181959692670702,3581.92212922661,1,1
561,-0.5,-0.534024703745653,2.24599185717872,0.829814774556697,1.04239756055335,1.90896439639398,0.146673695840289,0.0495267714167125,0.0761458127285021,0.1062972900562,0.173016609153773,3571.99359636068,1,1
562,-0.5,-0.612159644580768,2.34300948267856,0.765620304003821,0.855707247574138,2.11272265184327,0.177336674133366,0.0453036058621148,0.0719844682230231,0.109395412669145,0.182141965681229,3586.69060098251,1,1
563,-0.5,-0.508804102487158,2.26269043856791,0.808270785237452,1.0964032833449,1.76039973142974,0.16382288541595,0.0477377273549881,0.0747466323242655,0.103557809270944,0.173411726782393,3570.46216765445,1,1
564,-0.5,-0.379184545715602,2.29481535026045,0.815049255146219,1.10066899717457,1.98727727678405,0.134217567955339,0.0501636260932511,0.0768729862402177,0.10672681140896,0.179278768834319,3612.17517338054,1,1
565,-0.5,-0.52584936637334,2.32167614591204,0.756889391132878,0.92789548210179,2.11882959199675,0.153142203090342,0.0472979378719083,0.0730630815298795,0.109403679701621,0.179425890125301,3603.60705762563,1,1
566,-0.5,-0.275839220751711,2.27576101290666,0.800478648179928,0.966348104007698,2.13737817046147,0.129899629822697,0.0479787998551245,0.075918870197313,0.107993371753304,0.193200197256788,3557.02979314105,1,1
567,-0.5,-0.631555664813821,2.2179728801839,0.94882843525816,1.06146789397852,1.93741688601771,0.167041149904729,0.0498885296097453,0.0767302944336201,0.105031286993276,0.168542602836893,3608.25596378254,1,1
568,-0.5,-0.630806250039195,2.3262567370369,0.762575821051222,0.917909875290147,2.15066179672913,0.161454280783934,0.0457254960871733,0.071687141381729,0.107172689237752,0.172204664047963,3612.91118360155,1,1
569,-0.5,-0.486353498991547,2.29576421600928,0.830703997460166,1.08189148114229,1.86741697262815,0.149578838370145,0.0480880172955415,0.0738811581294428,0.10693625377437,0.178296966601594,3620.42123824201,1,1
570,-0.5,-0.577062837754485,2.27618028930372,0.799393794721123,1.07362629324504,1.85855210689244,0.160444868203959,0.0485587594896933,0.0772888923557765,0.102376857202775,0.176632747516307,3561.10086538867,1,1
571,-0.5,-0.5417627763375,2.34353963863533,0.72230329576537,0.927559383450985,2.01883302316775,0.171258290464387,0.0452038209918958,0.0717911818766384,0.108178201310618,0.18517943475719,3571.50621051964,1,1
572,-0.5,-0.464954857918374,2.25227659823943,0.850136532303584,0.978915547141636,2.06680491864204,0.148581704983498,0.048182774596345,0.0741846291592511,0.107021286009354,0.17672029951439,3592.81932314271,1,1
573,-0.5,-0.600139570711844,2.34383601161777,0.725902236644676,0.973750699816925,1.89865043457063,0.169902932732439,0.0454720929447221,0.0721181021096708,0.10546307583019,0.176148984223844,3576.10808488816,1,1
574,-0.5,-0.615011033920034,2.36379747205695,0.718565635411861,0.965582304790103,2.02790730924472,0.172456100746187,0.046170586300493,0.0729078376579491,0.107160682732279,0.176427465296557,3634.41781925185,1,1
575,-0.5,-0.675255606492445,2.24098519011147,0.963680228889771,1.04420283806643,1.96103124099565,0.170887491335674,0.0478611192710707,0.0731308212001438,0.104780483948615,0.1713332224015,3623.7905458256,1,1
576,-0.5,-0.636973156705776,2.38948759024152,0.586488622431424,0.962843431199951,1.99032613530403,0.16778993524746,0.0476345538900951,0.0745147970547066,0.107553367756245,0.176089804555653,3593.60444168176,1,1
577,-0.5,-0.708320469376941,2.33397095403653,0.71761811791859,0.998490219726929,1.92615398754009,0.183188006627753,0.0480549349016049,0.0761798161331193,0.10509272111115,0.174806689901092,3581.56367041134,1,1
578,-0.5,-0.404394662430727,2.32368740418522,0.812660011966711,1.21277254192214,1.81837495153827,0.134286342633883,0.0497335326403081,0.0776614645982176,0.106182814906139,0.169914693153495,3678.98034886557,1,1
579,-0.5,-0.186239900129913,2.34351813051213,0.721103644836305,0.819172466589304,2.3793585619809,0.114188527464627,0.045574779241361,0.071378597004921,0.112132162698375,0.188504246189141,3596.09079917037,1,1
580,-0.5,-0.431540728150395,2.23074890690199,0.919012895826151,1.11484862724929,1.76235203447818,0.155088601276142,0.0481522385066631,0.0741568272460329,0.106706449973346,0.180942199321145,3598.47223563395,1,1
581,-0.5,-0.337397783323876,2.28952975590947,0.776361470519811,0.797089988762379,2.3206176049991,0.130773584052974,0.0470936445782482,0.0733396883441408,0.112981444928613,0.191695382191277,3560.14928281579,1,1
582,-0.5,-0.418739329804206,2.31149983528101,0.822592703653591,1.02868706761053,1.95029831826835,0.150572187453676,0.0466914189409296,0.0729155764284541,0.107406190932223,0.182208175508754,3624.6983624802,1,1
583,-0.5,-0.405582314044947,2.25425564737687,0.857205380946767,0.863511049794885,2.27893193585455,0.14341768712979,0.0478929032009393,0.0743887635422817,0.109199054913196,0.182452687214845,3558.30716461049,1,1
584,-0.5,-0.619907591827115,2.359879515222,0.711697830586723,0.888947898144618,2.16463444623156,0.158299619450165,0.0461790577198078,0.0727298524265259,0.10565822745198,0.175524465793688,3583.30474209913,1,1
585,-0.5,-0.419440545448815,2.22055913065603,0.965451073716182,1.01014888069514,2.04446535513002,0.145365093402497,0.0482879172527204,0.0740666190215416,0.105666146884896,0.184192261380324,3575.53528955335,1,1
586,-0.5,-0.512142824345309,2.19842239571569,1.02736127002839,0.956107590110748,2.14316232570858,0.153525925839361,0.0489477698375825,0.0760171211320449,0.107474171694424,0.180054833218073,3585.62566522099,1,1
587,-0.5,-0.467300366294243,2.27557339690025,0.816919685770245,1.06202278323223,1.77980246635505,0.163824469884865,0.047089944955363,0.0741749816815773,0.10640355915929,0.17282927014612,3593.70814324461,1,1
588,-0.5,-0.442514799650605,2.36340390379942,0.770259472749693,1.13474006149293,1.86368299865483,0.157935791582259,0.048645777076981,0.0746956965740236,0.101512257775054,0.176320531235541,3639.84494843792,1,1
589,-0.5,-0.418563411316093,2.34055712834757,0.773507201167854,1.02183558620897,2.02653991564694,0.14050318086297,0.0474215757065157,0.075232791658059,0.105951549111854,0.176390280717841,3621.09967391064,1,1
590,-0.5,-0.533519846201806,2.30733620993215,0.824527099722332,0.948937571621796,2.15769397680778,0.159137150917048,0.047332574191299,0.0734160827447395,0.106593463882678,0.174985251311227,3619.70351241908,1,1
591,-0.5,-0.576665633362474,2.38268914447971,0.655986455110169,0.947001491921506,2.10834947024104,0.165192993616278,0.0467383549619726,0.0737997590479292,0.10688014337607,0.179254343053252,3609.9298508242,1,1
592,-0.5,-0.575246167837895,2.27085446551204,0.850178827194047,0.986324340614806,2.01680940418465,0.166945997063518,0.0489245449730071,0.0765957303930168,0.107763538272045,0.171250627137473,3614.6455769963,1,1
593,-0.5,-0.546290364721704,2.30610126976197,0.836541613073293,0.791642460769322,2.26064234692741,0.166178766511303,0.0441628529564853,0.0688286314498754,0.109187035275203,0.179915483209698,3598.94021695501,1,1
594,-0.5,-0.532453824690886,2.30738381931846,0.805888099107934,1.07748803238545,1.84713815896829,0.165066745286852,0.0469037770040689,0.0739869127187854,0.105515349699024,0.169905128431591,3626.99774187944,1,1
595,-0.5,-0.338600988899197,2.27376097937304,0.804650749803667,1.13186128493616,1.65526610790962,0.143482551975016,0.0487805827463904,0.0766291685360523,0.108474832556536,0.177461429721977,3597.23821763596,1,1
596,-0.5,-0.46802689810203,2.33548079829463,0.696167112368047,0.891418976235251,2.22328104018203,0.143239792375064,0.0483538717985917,0.0757584197195024,0.109574552505322,0.183424505846056,3562.08836970685,1,1
597,-0.5,-0.161821647668143,2.38789436149901,0.668304492240314,0.928624807119429,2.38183945294417,0.105121947118432,0.0469940808125778,0.0736412462053891,0.110340908313111,0.19029072658524,3627.40700873647,1,1
598,-0.5,-0.719832169239871,2.34051972630622,0.728232007644543,1.10742961176445,1.73839599132143,0.19564087285611,0.0479013788059619,0.0743907231299612,0.105169973646217,0.174320880725371,3609.83156585087,1,1
599,-0.5,-0.4282319938774,2.35590980063251,0.739484581077979,1.02933164859341,2.0240345803051,0.139505179619277,0.048072017712145,0.0750257916098881,0.107899353606926,0.175933438174931,3631.70994837363,1,1
600,-0.5,-0.664501418362845,2.23091982326419,0.905529019316899,1.07883779907824,1.77479477064264,0.177701536820552,0.0494274845904557,0.0772039452032675,0.105067325067071,0.173933060854086,3565.59233348609,1,1
601,-0.5,-0.681657801293726,2.17048812900164,0.961806911728718,1.0239462562112,1.75053405043737,0.190671766754545,0.0498923914911856,0.0758095032344547,0.10934485924097,0.181829356446686,3557.94386732198,1,1
602,-0.5,-0.493903539293073,2.28211366712152,0.883269408166524,0.878578020788216,2.24506809771166,0.145936689703686,0.0457241661456311,0.0726754624139049,0.106963369593398,0.174956132031879,3602.44659728227,1,1
603,-0.5,-0.477297382988422,2.32747138478429,0.753882140379408,0.968528390117346,1.92396545824865,0.17190527708424,0.045436102615063,0.0725039225319787,0.108406129913183,0.180197891651072,3593.06004928221,1,1
604,-0.5,-0.480373628149767,2.30645767962818,0.832181970449119,1.01206640732775,2.02500144876108,0.150199398418308,0.0488503983962199,0.0753004680866999,0.109907699208686,0.173216932775508,3658.27457018732,1,1
605,-0.5,-0.60370164777769,2.36312753417694,0.732553654112574,1.14481146057753,1.80495674165924,0.164456338890665,0.0474160128106715,0.0731737055454806,0.100516979039054,0.166904046107727,3647.8282418289,1,1
606,-0.5,-0.612889144172374,2.29024473696126,0.841606622704096,0.960357048437138,2.07485262903384,0.168126118293298,0.0477228268888285,0.0726352610854921,0.104404074386118,0.172740644794164,3613.05143169739,1,1
607,-0.5,-0.506556736279758,2.25366065859965,0.860631737474739,0.948645461169916,1.91599569749807,0.169090702278903,0.0464452192728482,0.0726861898485198,0.109277263478912,0.183539130956604,3566.40622429842,1,1
608,-0.5,-0.276539438510816,2.33747714434074,0.712397795122208,1.01004980970217,1.9539115277861,0.13846063734503,0.0465410890811627,0.0731713770998054,0.111153804027344,0.181575698329971,3605.85088180916,1,1
609,-0.5,-0.71580900980334,2.35260792987735,0.71340298556155,0.912809750713,2.09451931459155,0.187735053158757,0.0453647960751397,0.0736578073689632,0.105778828885718,0.17374064437838,3588.99457496381,1,1
610,-0.5,-0.53360161724906,2.28733912767419,0.848423145619418,0.85554367453845,2.21492709913341,0.164253044661334,0.0456630670278139,0.0699451333268347,0.105551895771821,0.179398302442921,3582.94931969977,1,1
611,-0.5,-0.351084023105604,2.33189914276594,0.762580343684858,0.995533257255645,2.07207885386763,0.13629712955738,0.048358238916217,0.0745839792200969,0.105207947140611,0.175854844578291,3620.25704897844,1,1
612,-0.5,-0.663534665714603,2.31223169550752,0.790234696961737,0.900048103424002,2.06573388240281,0.177446108961447,0.0475159204686956,0.0727837368242027,0.107308267586242,0.176473502499302,3603.21824590948,1,1
613,-0.5,-0.473394550765759,2.29320047669214,0.811679626154327,1.03132497166801,1.93981882093619,0.157065429211131,0.0480775318517796,0.0734345349474992,0.104989200596448,0.172949048484788,3621.45402629805,1,1
614,-0.5,-0.497761514720714,2.39540420548236,0.696837999449292,0.782079570273692,2.46099982869147,0.145022200764977,0.0452274037957454,0.0710245575152816,0.109028895388488,0.184471690576354,3599.49309419468,1,1
615,-0.5,-0.809355275034756,2.3278612197862,0.781760483439126,1.14875152818282,1.59005902424809,0.21052625602203,0.0466891690922027,0.0746096251576173,0.102392221735809,0.166177275861631,3619.88637921726,1,1
616,-0.5,-0.30516932461204,2.28052298019997,0.874433301843537,0.932416465945479,2.21674048619023,0.129436593102323,0.0473920954735598,0.0735413273375446,0.110890653827912,0.186463707466102,3608.4971709464,1,1
617,-0.5,-0.591739582508632,2.28297854838818,0.841162085568887,0.980645287718273,1.96623222377862,0.171400400578909,0.0479670949586817,0.0733424978482706,0.103638758497485,0.167690469153737,3613.74597717271,1,1
618,-0.5,-0.351095287341809,2.31919489057533,0.795030924104817,0.932669947291599,2.19594983096303,0.139392679159363,0.0467480624242694,0.071673095075829,0.107543638410435,0.177235938715303,3628.23439191044,1,1
619,-0.5,-0.623407494346732,2.39052249930006,0.620991117901167,1.01809336849374,2.02350786402068,0.159064671768367,0.0469434511479947,0.0743176321228095,0.105569118909065,0.172371893936827,3603.64285250483,1,1
620,-0.5,-0.724752542956977,2.31839359991874,0.752374582354543,1.23939969107591,1.5213144653592,0.207096549964846,0.0496848060437257,0.0771322543646545,0.101884189639953,0.168200696749244,3630.05049587404,1,1
621,-0.5,-0.574558664096358,2.44059349521708,0.621061900378713,0.955902388545987,2.16106463542676,0.159352950143058,0.044417063438277,0.0706591956354825,0.102895802995556,0.17801953144691,3603.73920520473,1,1
622,-0.5,-0.551353673007477,2.37200747330898,0.681663253982963,1.04977736145068,1.85498599916809,0.164246451686115,0.0462810375167095,0.072636238488707,0.105127570907941,0.173212288099759,3618.64497321796,1,1
623,-0.5,-0.409924733597061,2.265137293334,0.839733810525284,0.956092926895538,2.17703460634093,0.136392882814111,0.0482607793455409,0.0740691137877978,0.107368263787565,0.18112414421703,3581.89017807161,1,1
624,-0.5,-0.256322057855738,2.30247597293492,0.836268499126625,0.957677157419181,2.319404496088,0.114446998862892,0.0478529695907191,0.0742389580530107,0.108036852488938,0.18882378213034,3586.10423289743,1,1
625,-0.5,-0.565571727700166,2.34831378704465,0.746000146548292,1.1595223071914,1.72606342966789,0.16790602685557,0.0489079056744005,0.0774943537359272,0.106357306449229,0.172898503703723,3646.05442086856,1,1
626,-0.5,-0.577947603290203,2.28601263877451,0.777073360691301,0.936196315256124,2.0431661052813,0.161642176226009,0.0462474951239177,0.0732920127548131,0.108134054642774,0.176830995012104,3563.74754931674,1,1
627,-0.5,-0.696145485200513,2.24829542876366,0.923652200852936,1.11468197262699,1.62546166259291,0.200394775056118,0.046326299025483,0.0722593097286077,0.105166889357337,0.166333615028433,3613.67300497226,1,1
628,-0.5,-0.745648882322361,2.30663148529837,0.809272766828141,1.04518484182419,1.93176586642356,0.192834735672406,0.0482051313632242,0.0747155447256269,0.100908192003135,0.166202922058683,3623.73779819104,1,1
629,-0.5,-0.484462349241177,2.27508522349902,0.854621115931587,1.16442486894301,1.74644838380508,0.160124972003284,0.0495376006778379,0.0769843208604208,0.102146646973462,0.167747026584365,3636.63441535376,1,1
630,-0.5,-0.533945708150156,2.33782573727788,0.73164736857341,0.924641521451333,2.1055032475227,0.163011829118615,0.0478351117918945,0.0764388449469328,0.106962839960589,0.177335829460977,3598.75932309541,1,1
631,-0.5,-0.679914603519692,2.20095185921253,0.949004118377105,0.961787719824139,2.07069497861378,0.173427093108627,0.0483577989662323,0.0742226238979913,0.105264074500095,0.179743879026978,3560.90839035532,1,1
632,-0.5,-0.398828578869097,2.26604631379441,0.810452304381006,1.04256750510363,1.97861938137264,0.13964405327799,0.0490385879637528,0.0768213948204147,0.110078755029727,0.180651412115648,3592.41350499697,1,1
633,-0.5,-0.412066843671861,2.30242138878815,0.83970959454188,0.975334459536943,2.0110214692191,0.14077880099657,0.0459883446215593,0.0734224921024474,0.10941180508966,0.173596650725582,3638.82959574509,1,1
634,-0.5,-0.631105708842579,2.25411353589683,0.894518456564376,0.8062963339148,2.29273869501307,0.174612605679211,0.0468465723126947,0.0730272276198212,0.107871316069129,0.176455415184864,3583.86362956979,1,1
635,-0.5,-0.463058444605237,2.32289551418129,0.742583184738821,0.956810516429031,2.08716002234435,0.139457163627259,0.0483004162373416,0.0742499636977474,0.110044277438197,0.181837234626904,3592.24911431036,1,1
636,-0.5,-0.529703131053184,2.34495492897999,0.727806988702106,0.903785046501552,2.19496983593627,0.147548904251516,0.0474421413928106,0.0728300502212052,0.108341092292881,0.180327945963581,3582.66056439273,1,1
637,-0.5,-0.444376389510891,2.2603324923313,0.849396880364832,1.09648411638261,1.85810290748588,0.152388280270383,0.0499737411701616,0.0765257962430721,0.107155408086847,0.181859035121387,3591.81276047147,1,1
638,-0.5,-0.384183517737883,2.2041605706459,0.927084905575713,1.045286660886,2.06015318397197,0.131909765182093,0.0503841303816554,0.0777540524213926,0.105760196274901,0.181315319713485,3558.79996162382,1,1
639,-0.5,-0.530710082958294,2.36328510925007,0.638750545373781,0.913731876550455,2.22791456891394,0.143440238102431,0.0467075909391828,0.0750554453669842,0.103647050243319,0.168412054935491,3587.32798684219,1,1
640,-0.5,-0.706497768075254,2.3278509734184,0.795634422570087,1.04229986830033,1.89718325804348,0.184976921324554,0.0481760599403692,0.0731989637287827,0.103450716970936,0.172153031301349,3624.51436126066,1,1
641,-0.5,-0.506348190494902,2.20459816638592,0.972658289767932,0.973282132960018,2.00385781532525,0.157875737875127,0.0474098883165382,0.0739691122914922,0.110928743228665,0.175995362540143,3627.91852053132,1,1
642,-0.5,-0.690300990366515,2.24492998509832,0.855840901065306,0.927020514686503,2.01814933407021,0.184258119453115,0.0465456165334032,0.0732581224447034,0.109422510555987,0.177671055662832,3579.11855959277,1,1
643,-0.5,-0.281441643807934,2.30898459502814,0.83994528712633,1.10387748539905,1.91221299587534,0.126749036099516,0.0489415582449438,0.0753427286278305,0.106359177331287,0.169716166778044,3659.7446392494,1,1
644,-0.5,-0.40530215096904,2.27528836637792,0.842590293180706,0.864308017874576,2.23100206273194,0.146122370335155,0.0490995411797958,0.0758498618539544,0.109876256472829,0.188834005018135,3569.27390726389,1,1
645,-0.5,-0.600647885844793,2.35265232670014,0.729029351084179,0.858610464576744,2.16809814076186,0.162961781964876,0.0458946830537082,0.0725424841457496,0.110871536321143,0.177862602268322,3611.94805714031,1,1
646,-0.5,-0.512415298667444,2.29887721924168,0.842648760404667,1.12857432986385,1.8542880525358,0.150161617739507,0.048962812156718,0.074638756660864,0.102195473171145,0.170831697354373,3625.87011444678,1,1
647,-0.5,-0.21981297473426,2.2795384297497,0.80759950994058,1.12040337167444,1.86300918795609,0.12516517967196,0.0502552326206627,0.0771095543279891,0.108143810966087,0.183699803461987,3600.64968699248,1,1
648,-0.5,-0.549693405805562,2.21835039257873,0.859119730081348,1.02183035510933,1.84011893985557,0.169516047588457,0.04773341025826,0.0745394935254791,0.103460577010258,0.174974139279008,3530.42333025409,1,1
649,-0.5,-0.430865180001085,2.23681008931064,0.914377434458441,1.00964079256839,1.94094147812058,0.152614959191566,0.0482064350437562,0.0746447517982477,0.105591350253943,0.172012329340179,3597.70608345853,1,1
650,-0.5,-0.705987185083662,2.38437884336509,0.652326500954561,1.1168448624198,1.71425509941535,0.189058206501756,0.0464682111027434,0.0732437139272454,0.101549847003944,0.169619946458178,3613.00358803677,1,1
651,-0.5,-0.499853879906959,2.23869323265597,0.902542501970168,1.0204583547283,1.9157452032231,0.164726974520659,0.0483464276256987,0.0741544298899425,0.107641031415793,0.181198714634596,3590.63204434813,1,1
652,-0.5,-0.517681594035574,2.30080668353335,0.795356677097486,0.880863820203261,2.19919568806559,0.15787423954646,0.0457743092845342,0.0714214003752782,0.108031490531841,0.182065216091465,3582.4552697069,1,1
653,-0.5,-0.431564062636369,2.26603454572283,0.818598271315164,0.905646425078128,2.007534558444,0.159613751832045,0.0463701859157757,0.0718854209028329,0.111529278638715,0.180028200791551,3586.18895736248,1,1
654,-0.5,-0.442934454360475,2.27827611452413,0.835533131444023,0.859779733847042,2.13222727412927,0.150973579840401,0.0443149909718454,0.0709125380236951,0.110650864247734,0.182893514946412,3593.71645569203,1,1
655,-0.5,-0.415016781243217,2.30259002133514,0.864184908003097,0.894439222215361,2.33626852457186,0.13404156119408,0.0476677990354968,0.0741318090178894,0.107681691571045,0.177683033591707,3624.42970998086,1,1
656,-0.5,-0.60503408296164,2.24987504093219,0.821957575898104,1.07947663654419,1.61930019586941,0.213851518527798,0.04782296561579,0.0753665194284081,0.104306049725411,0.176864860938725,3562.70836707344,1,1
657,-0.5,-0.304102985714177,2.31332791543728,0.759207514970055,0.946833913394983,2.18429366417317,0.129405872596869,0.0472635094488186,0.0750445192313854,0.10849406071094,0.181562995299748,3601.36764704711,1,1
658,-0.5,-0.462861665491052,2.22339642457668,0.908740125645359,1.14533148853715,1.76445698386738,0.149529312470777,0.0497602009697079,0.0757501047160051,0.106608955294253,0.179592495188304,3591.80249774008,1,1
659,-0.5,-0.314626195587827,2.31612285261789,0.798923639892104,1.06794934740475,2.13874244758734,0.115418952584528,0.0502967642153982,0.0764456386249759,0.110968110096387,0.17529399467437,3657.98095747301,1,1
660,-0.5,-0.609646985572389,2.31183780863812,0.848248017032103,1.03862485210799,2.01554924428463,0.163582504285128,0.0493350561762435,0.0774062476164968,0.106016610347797,0.178041189791086,3644.34652444089,1,1
661,-0.5,-0.722240680014714,2.29025262605922,0.801904543495313,1.12144640133231,1.80612440098055,0.178842590825021,0.0490543172010266,0.0761329078417055,0.102129904520556,0.166248553255425,3595.28596430577,1,1
662,-0.5,-0.184681992608495,2.29076930236076,0.822737917773687,1.01999968150151,2.08551313893774,0.113083054112211,0.046009456848149,0.0728094525243822,0.108821670904705,0.184113669088699,3598.11476542123,1,1
663,-0.5,-0.697538864848749,2.2373039320485,0.934364961383638,0.99968436159636,1.99536125198935,0.184681721452591,0.0480567478818595,0.0746867791628308,0.100852035358534,0.176674090632975,3556.36316617144,1,1
664,-0.5,-0.456825832884236,2.36168455473416,0.767626774270743,0.994608179212498,2.15299878089143,0.142004963750431,0.0463493792861771,0.0721649201869449,0.106526488849424,0.180354374448635,3624.90892306919,1,1
665,-0.5,-0.428249147324435,2.3196664945043,0.73719404674056,1.1890809620339,1.63281479637905,0.149147299524943,0.0485363305754302,0.075246016017896,0.106256409243018,0.173800502451397,3633.50956304085,1,1
666,-0.5,-0.638742172927363,2.31794292784837,0.76698226530764,0.987567872485289,1.91426523474287,0.177707894004205,0.0466404981637723,0.0733151517898025,0.107908038033117,0.176314420620077,3602.64724636021,1,1
667,-0.5,-0.506377542455674,2.27614197948024,0.794755996007174,0.920471000048448,2.02813557132304,0.177899058316922,0.0479735832594236,0.0729344156421761,0.110234423349394,0.188660088503748,3577.10481435628,1,1
668,-0.5,-0.751309133198976,2.34545315149619,0.720886916843908,0.787154546039938,2.16525710291762,0.204444033963624,0.0433164209872363,0.0687671016526396,0.10651171175236,0.17718706193667,3560.00703378367,1,1
669,-0.5,-0.599469915225454,2.35539097275985,0.642860092588411,1.03751868995285,1.97982835671852,0.157157989769697,0.0471975005481083,0.076806399487049,0.107807572607082,0.173253655461872,3599.65484923794,1,1
670,-0.5,-0.507443025446627,2.25346518227532,0.849727423399335,0.770407423685764,2.37163801087561,0.151731724182179,0.0465841742673657,0.0712792576879548,0.110049584444396,0.184899514374109,3544.48931988116,1,1
671,-0.5,-0.291925751072433,2.2666218813152,0.882917218412541,0.903773026656417,2.12304313681113,0.130212131793808,0.0453412454896646,0.0709987539615375,0.109802208919954,0.179868194027601,3609.90532858777,1,1
672,-0.5,-0.699183227051513,2.23634705187196,0.876383843094943,1.10102592805019,1.71725395034902,0.186456303216155,0.0463954414946886,0.0739769152527212,0.102632798614985,0.170251649941807,3566.66864147163,1,1
673,-0.5,-0.345041438617514,2.29097206522018,0.845465047255193,0.803024814860386,2.43811224931145,0.128216943252867,0.0480530339542927,0.0751267328754446,0.109536252969912,0.187847722645268,3563.7434245752,1,1
674,-0.5,-0.399249522327131,2.37955511546139,0.73875130909471,1.17180966877651,1.91284845010753,0.132076250101574,0.0498405836113901,0.0756349491579189,0.107293493955534,0.178377992921983,3685.3098878051,1,1
675,-0.5,-0.380413655190891,2.27642088329346,0.814425132709572,1.13854804770977,1.8792738811673,0.142128156432706,0.0477762880100581,0.0754961082378661,0.102933567921624,0.180561207003874,3586.09672689917,1,1
676,-0.5,-0.328740061726994,2.2991643315838,0.788035691495953,0.608216707046859,2.73893465228543,0.114525869605097,0.0460307369898782,0.0717610069845646,0.118865401137565,0.194409293512071,3576.51210913864,1,1
677,-0.5,-0.37779694524517,2.275225810232,0.837708627474084,0.880770020635444,2.2404437771769,0.134048606422165,0.0469341897594186,0.0719062811268825,0.112223890086142,0.18082205705651,3603.495408689,1,1
678,-0.5,-0.385043719661103,2.19043099673364,0.91301719412679,1.04863629313937,1.97466436743818,0.138090954431634,0.0503071390500495,0.0781657325015694,0.108428596347172,0.187574433016169,3564.42694493674,1,1
679,-0.5,-0.451305580564545,2.27291744939967,0.75123487331632,0.827407314483829,2.12225034270856,0.159938546323661,0.0467421499579611,0.0727177520352516,0.107386020192726,0.17802246813017,3541.72467534557,1,1
680,-0.5,-0.422350015421137,2.25984118252081,0.850457230232739,0.996731275592187,2.12938519298914,0.138985095683169,0.0478022461296195,0.0750158892570262,0.10446794595389,0.173817910215906,3585.8656291249,1,1
681,-0.5,-0.617676079666623,2.25562632411887,0.873870878911606,1.07320620893799,1.81881182626622,0.169028103182583,0.048461425434809,0.0749239772979477,0.108631585460355,0.174728481143383,3612.17248841334,1,1
682,-0.5,-0.288092811573794,2.24404989610451,0.884723416194739,0.894380083997175,2.14735568933097,0.135441602065492,0.0455854750697627,0.0707280335421026,0.109692277167003,0.192329897642902,3545.14221027855,1,1
683,-0.5,-0.416821697912665,2.25107880289176,0.778397378590111,0.927747150149902,2.12494015798908,0.133935804340424,0.0491929821412446,0.0769484461031589,0.10873195776422,0.175772835394867,3563.89548770008,1,1
684,-0.5,-0.493479128207346,2.32640819753306,0.772430248031475,1.16820759468255,1.85633421823495,0.150555485259227,0.0471882954525645,0.0749833796483415,0.0992370179202645,0.168217038955829,3621.90649144962,1,1
685,-0.5,-0.70656675265401,2.29145923073798,0.803964870558593,0.969722410297702,1.87479317256616,0.197122599892068,0.0467076759906646,0.0736693010143688,0.105823759028484,0.175181794161114,3582.28449075872,1,1
686,-0.5,-0.591487171949795,2.2667198553293,0.829921732823809,1.02150043269205,1.95976442362944,0.162951752036001,0.0487275393114196,0.0763864602089589,0.104963045790095,0.173206045971501,3580.22244223552,1,1
687,-0.5,-0.48884593077015,2.35224022234981,0.739134868314811,0.935699431396468,2.07435824655942,0.157106612927871,0.0465966855861885,0.0718353610741577,0.108415197245655,0.176991157800197,3638.82375721126,1,1
688,-0.5,-0.64876957780689,2.31929482714873,0.79184921299253,1.13545666678566,1.71490430418191,0.183336259268443,0.0479791165239529,0.0754539715804148,0.102605807480756,0.168644009560441,3621.08177895223,1,1
689,-0.5,-0.705537797943299,2.25494505339788,0.822956916927973,1.02905326936517,1.93851543242585,0.178298873820722,0.0501264293500665,0.0769760320621062,0.103406640667077,0.174356814531172,3569.21768375424,1,1
690,-0.5,-0.285866814615725,2.35049021892354,0.753148756123145,1.17748600197234,1.71030764992795,0.130775068033597,0.0489617733133705,0.0777731500420024,0.108100672162503,0.178606823623292,3643.61632690354,1,1
691,-0.5,-0.589781284659694,2.26035186100674,0.874873011854481,0.922279530562927,2.07066632526263,0.178451940859267,0.0466121645673323,0.0711794461220388,0.104894620476324,0.178726489820607,3574.26258803901,1,1
692,-0.5,-0.449055456172431,2.31889004652717,0.755759646484908,0.907684117593613,2.08782826424222,0.152095743576245,0.0460329494191975,0.0720721771216214,0.109465712886818,0.182323572337505,3593.65942718825,1,1
693,-0.5,-0.485696413178687,2.31634034955985,0.761514889891277,1.04492230575693,1.96215333716428,0.143117809365093,0.0488630476774039,0.0763577430129661,0.105618344954218,0.173462956132733,3600.29709926654,1,1
694,-0.5,-0.491765115633188,2.24370626633421,0.875628172509367,0.892971879664155,2.06211447243183,0.160469019261504,0.047185216788251,0.0725731954946697,0.110586900249449,0.188297558612438,3557.11378098229,1,1
695,-0.5,-0.419968062216252,2.19440978312376,0.943788690895559,1.06421886935447,1.91095346824548,0.149529661360062,0.0496160344971112,0.0756256555583839,0.103835104427067,0.178038715385162,3563.81813075668,1,1
696,-0.5,-0.59633816987848,2.24967319751868,0.861958409008367,0.937745668072903,2.1566287168204,0.159895783959117,0.049231951296097,0.0755332543310456,0.108568104324105,0.185840168764197,3558.68744864911,1,1
697,-0.5,-0.454155912557698,2.42758081694479,0.608507360697489,1.06510329409319,1.9654364614559,0.148803372411166,0.0475925827583514,0.0775462498836179,0.103023504563951,0.171283701189747,3627.87384621447,1,1
698,-0.5,-0.512611136000707,2.23925435184301,0.877497051441168,1.15940892391154,1.71665046706362,0.152229384624278,0.0490206972570161,0.0779482568238534,0.106291653160731,0.172828119650764,3588.0445742264,1,1
699,-0.5,-0.658228722525074,2.31446147999706,0.771533021216556,0.966859063586222,1.90105050027111,0.192858801592795,0.0460230411972629,0.0727090147364578,0.106923379798705,0.181683614554736,3574.35189481817,1,1
700,-0.5,-0.516695428889663,2.37228372737981,0.753918041935184,0.867969324184365,2.24476326582356,0.157774576661463,0.0444189777130797,0.0709313727572813,0.110175137303351,0.187284541125777,3611.17914035447,1,1
701,-0.5,-0.354782634495847,2.34722145076695,0.759764610358079,0.920935661386765,2.25470909585666,0.126270999755771,0.0471403344485563,0.0742605520064638,0.108705121107225,0.179898670628665,3611.82455418766,1,1
702,-0.5,-0.621119103754119,2.30839682891916,0.765904420862968,1.15401782657652,1.66201087543595,0.174298219158776,0.0478947934075725,0.0757701783805984,0.104119849006552,0.174888512724524,3619.58030174107,1,1
703,-0.5,-0.383446902490799,2.30429285671109,0.808485316989265,0.959678579799069,2.03806613306949,0.148798303086155,0.0463722879951955,0.0733938297759228,0.108937162572102,0.181958514436979,3605.09234227476,1,1
704,-0.5,-0.586033748255415,2.34224763208917,0.72392841486563,0.968352275211724,2.05330028192872,0.153711045742458,0.0475396963107368,0.076636198344341,0.107776066090756,0.172817933472275,3591.49388428994,1,1
705,-0.5,-0.528691835196097,2.27986364199748,0.831055505687362,0.899648100039898,2.15092113698278,0.148936133221255,0.0495886807758741,0.0745481071903067,0.107332900737157,0.17481926756103,3594.35298076257,1,1
706,-0.5,-0.641470609109968,2.32707145378854,0.785000090559898,0.970326326799727,2.0722818517075,0.171338057053505,0.0465679969806928,0.0734586175549498,0.104583025792887,0.173894361895921,3594.14377517223,1,1
707,-0.5,-0.400149996611367,2.32248193350845,0.782925331136234,1.07728932694025,1.99146621149035,0.133859478783991,0.0487100115712188,0.0757080916025111,0.103633087631698,0.175958616491171,3602.22907973871,1,1
708,-0.5,-0.561024436812065,2.29582827636898,0.772758671297541,0.912180136866996,2.08847885536266,0.1721748913472,0.0466195335029026,0.0727327911137104,0.106750075056228,0.176576913575407,3567.54770249586,1,1
709,-0.5,-0.834649081464173,2.34462738545592,0.704142686920014,0.744171443133524,2.27890184639513,0.2104212317152,0.0449490291635503,0.0709731221022125,0.108473587532876,0.180990084116312,3566.42645671982,2,1
710,-0.5,-0.509745322504732,2.20328089869995,0.938430858152639,0.948643091409876,2.12633502990005,0.146669018051945,0.0488493163433281,0.074610174597162,0.111887880356125,0.184222570025127,3593.18061078732,1,1
711,-0.5,-0.74166984772796,2.41018313096325,0.675422857729127,1.04815311205188,1.99628194657877,0.183876799807339,0.0472543012744724,0.0747875977864908,0.102034478015827,0.173638414578601,3627.16701597775,1,1
712,-0.5,-0.377731118093242,2.30924206019714,0.785425455102552,0.933511502938932,2.15707228935374,0.134234916541397,0.0472513136471072,0.0727833910299526,0.110438869801516,0.185070734353102,3598.56616739045,1,1
713,-0.5,-0.397761266905172,2.32069537680042,0.812829860546328,0.976621755510424,1.87847746722125,0.16836153398434,0.0438798890864365,0.0696298962457674,0.10395676824288,0.181359068524259,3576.0848582389,1,1
714,-0.5,-0.422314684426453,2.23441458418698,0.926533902421414,0.941942536285535,2.16038560608027,0.144413304743364,0.0499843405901478,0.0742241365542081,0.113324747236433,0.192153530938338,3587.3162098038,1,1
715,-0.5,-0.610478353246996,2.29308576836426,0.817432637646328,0.813248783209599,2.27841488252025,0.167643883298976,0.0467454028456352,0.0711028760978186,0.105922913876249,0.179511202664038,3562.3899662985,1,1
716,-0.5,-0.257349638110125,2.30397468665299,0.746686446773642,1.05887570195719,1.82994612523842,0.130499892752751,0.0482626236478698,0.0747050394239503,0.114670576271776,0.178055299142098,3623.9203119274,1,1
717,-0.5,-0.521688256296665,2.29367873959184,0.806764696407595,0.95558414265602,2.06192524491294,0.152181769634859,0.0465934692861615,0.072935637986745,0.108693996293681,0.179085643738445,3600.01520811649,1,1
718,-0.5,-0.751542707969208,2.32620647605575,0.801396208093662,1.09794832513354,1.7876965525952,0.203310439414655,0.0488665767453818,0.0758248766278846,0.103049774311234,0.169240199434332,3637.41807642526,1,1
719,-0.5,-0.376428089872122,2.34090351555019,0.725067129576175,1.12925788743975,1.77162832093492,0.152001307190848,0.0481487238788855,0.0736992016984734,0.104280835794996,0.171450370538153,3636.28946765452,1,1
720,-0.5,-0.318549579325206,2.33308165386422,0.750819817669366,0.948929647863435,2.01141105488843,0.144125734878438,0.0452040177449784,0.0711071671259115,0.108170413396621,0.183370682825153,3595.02435110298,2,1
721,-0.5,-0.717328500344893,2.3013987795541,0.804600484278856,1.05100386827291,1.87323904561589,0.192813852780225,0.0479646042981757,0.0752164690264432,0.104822551449677,0.175929751341732,3602.6376271871,1,1
722,-0.5,-0.537289563281279,2.35213328052835,0.742212629406293,1.0278223390636,1.91087738538747,0.1562042264805,0.0469588508887075,0.0727621063016691,0.10850224998071,0.172571135276243,3642.60370278843,1,1
723,-0.5,-0.327494478445842,2.26128902794425,0.879585894422326,1.25594983358288,1.67421210151409,0.127187116310664,0.0487796799991823,0.0750460804395948,0.104676917491298,0.171004067099641,3632.00313730576,1,1
724,-0.5,-0.528958975964056,2.38713623007487,0.735667031921239,0.949085973274815,2.09624584010904,0.170699996411975,0.045128506468758,0.0710448996066037,0.1065408284397,0.181810290260394,3635.64257468573,1,1
725,-0.5,-0.552652268833639,2.283722861222,0.827442125540881,0.955970036298872,2.03295885968477,0.16949089281092,0.0488278719234009,0.0759532648243025,0.106750948757162,0.170776521262979,3603.82616693616,1,1
726,-0.5,-0.190441129871143,2.27344361988755,0.809999055186288,1.02311753891343,1.92372136566102,0.123988574094479,0.0464789604259266,0.07149284380508,0.110065267224168,0.181773995187779,3595.69734273172,1,1
727,-0.5,-0.59759556996173,2.28308398355816,0.831423614395538,0.870096372538,2.20080092569245,0.157667328230497,0.0466416964842625,0.0726066482145329,0.105870917661601,0.177576655449831,3570.85679041019,1,1
728,-0.5,-0.71596181836582,2.3027547673948,0.772148099017735,0.778949532357429,2.28501569791449,0.18531008215405,0.0460148627155293,0.0728659476585592,0.107560485710408,0.177824135516284,3565.88144771517,1,1
729,-0.5,-0.244528280493162,2.27096538804256,0.848138540964974,0.920558012700003,2.13552587062254,0.116667292944958,0.0467125272760384,0.0718004727170768,0.115868150460037,0.186221484292114,3624.38929829814,1,1
730,-0.5,-0.52720154917076,2.36260190791954,0.704262714766729,0.929467426674358,2.14383807680257,0.156795023659904,0.045817754814088,0.0722817975903232,0.107013376916298,0.178335871959904,3606.7722278725,1,1
731,-0.5,-0.37831743791784,2.3254706027254,0.75650212306168,1.14013821475669,1.88711327560501,0.142426222620869,0.0476253247718971,0.0762874540377595,0.101457317607208,0.172804877070173,3607.19307045553,1,1
732,-0.5,-0.755211785365652,2.39441018178516,0.689475403306685,0.985581283361924,1.92210563929398,0.193410730086198,0.0472099817776514,0.0737552405745268,0.10638959432161,0.178239462603126,3629.64800781485,1,1
733,-0.5,-0.707718529910242,2.24952036913608,0.871229988633262,0.874235775981047,2.02529908727919,0.20247433983427,0.0461773712246757,0.0716419353303786,0.108398142981985,0.174954060918634,3571.92622820974,1,1
734,-0.5,-0.584722077308476,2.33925724804546,0.755592365678313,1.06742611668688,1.89126743331825,0.168939243896051,0.0465530274437604,0.0724114650641482,0.105903913955226,0.17053830975008,3637.95376981801,1,1
735,-0.5,-0.47426216456125,2.20672793239343,0.96418592309519,0.959670427407678,1.97230342294628,0.160888029494199,0.0473179358149805,0.073229075530881,0.108878641938903,0.177918006034167,3591.5522740157,1,1
736,-0.5,-0.415876275277308,2.31925191690448,0.792317733083158,0.883552507411974,2.24709491522115,0.138058700921649,0.0462255844175649,0.0723062790858271,0.109243756622044,0.179708160779999,3616.89870576671,1,1
737,-0.5,-0.463861759971392,2.34343209692659,0.716749984291665,0.998144705834639,2.08541918570556,0.147558199687185,0.0466059128111955,0.0726291405300012,0.104024448650636,0.171764112748663,3594.99941569174,1,1
738,-0.5,-0.352755267851895,2.26559553930936,0.850243416571427,1.0551992367731,1.91089173621563,0.141192281654499,0.0463811017619779,0.0737437067714665,0.106962034943611,0.178352874164704,3600.58020056612,1,1
739,-0.5,-0.330565740083341,2.27376867563249,0.824278954365807,1.05042641434763,1.99583919427698,0.132051374278697,0.048630548308932,0.07596832765983,0.105722897136077,0.181877520571872,3571.64388484072,1,1
740,-0.5,-0.363017936501252,2.31146596572835,0.761972617738679,0.956191535180049,2.1209641451211,0.133781904576757,0.0473846462935528,0.0736338525593396,0.11012093562745,0.184188531087035,3597.34502610749,1,1
741,-0.5,-0.673215995200643,2.33604724128521,0.76194821654765,1.09396174452522,1.77923482453904,0.197048266838578,0.0479356209260801,0.0758579737056057,0.105577705794307,0.174209987004796,3625.83406702206,1,1
742,-0.5,-0.347930988691884,2.29698468659927,0.793245189053463,0.804375764859683,2.34793104147587,0.13569076202236,0.045997535637964,0.0721167124410463,0.11244519670561,0.189889208897724,3568.19118968513,1,1
743,-0.5,-0.451994681390566,2.34723248634006,0.733618929370408,1.08097290567997,2.01123344985787,0.142372300601067,0.0473820637501859,0.0742468636587917,0.102589596818683,0.170662293039793,3612.390071802,1,1
744,-0.5,-0.654591529319195,2.36301212675664,0.651680604571998,0.90725853791326,2.07464434730844,0.18229571730828,0.0455968041086693,0.0729675517667363,0.104336004788165,0.182190001202299,3538.13310721565,1,1
745,-0.5,-0.462342703150902,2.30010440581305,0.792324173905363,1.18278193395365,1.69489519113446,0.154196774590041,0.0487694387480927,0.0762898298812911,0.104055404750559,0.172737703853017,3612.19824774956,1,1
746,-0.5,-0.256301935969291,2.19688981106788,0.981624025685689,0.894630282698826,2.23188257626176,0.124206249660948,0.0482363549479475,0.072842771174595,0.10927958882645,0.186437682671132,3575.16609656891,1,1
747,-0.5,-0.586657634161331,2.32589089225472,0.780112169621156,0.994810336563482,2.05571586012051,0.160217549643553,0.0486312562336796,0.0760027090362783,0.110366478883679,0.182056074103886,3624.61540026866,1,1
748,-0.5,-0.478284035343144,2.24677694943813,0.838599809363122,0.956663048414065,1.94958179768211,0.164489605037235,0.0479340897745078,0.0738964235851251,0.106610054281026,0.179482586579686,3571.57601135452,1,1
749,-0.5,-0.580968266561149,2.2889005214127,0.785563235263102,0.883552109547157,2.14150768783933,0.161622764084184,0.0463169750930572,0.0736383005141948,0.109970836665972,0.179391046356847,3574.20996573173,1,1
750,-0.5,-0.437622278961899,2.46590562279386,0.531303751717927,0.969489671732468,2.02610356047076,0.1524619947616,0.0452025235617519,0.0729804991450334,0.104571338517054,0.179328583108089,3608.50824278204,1,1
751,-0.5,-0.415396849955302,2.36964508359694,0.666652444299488,1.06310861606314,2.06701126109844,0.13920579162755,0.0479319684176692,0.0756113971917158,0.106733774198372,0.176412355334906,3630.20890249946,1,1
752,-0.5,-0.789107513326157,2.26544000097193,0.870932146381511,0.938603609197128,2.02986399093855,0.189710220904869,0.0465877516005582,0.0730580937710394,0.1041851356093,0.172512721374153,3575.17724448299,1,1
753,-0.5,-0.58227941574208,2.28098766501385,0.838762198034896,1.03810433793847,1.90032532938759,0.161209479295486,0.0487046202587589,0.0740972184903865,0.108857848376959,0.172010649571952,3630.34404504312,1,1
754,-0.5,-0.330800503813951,2.31317348950034,0.774337623558534,1.03208810554287,1.92107701177067,0.136037277359769,0.0457743752343373,0.070338118282433,0.107510687037088,0.18123297563981,3606.75302862631,1,1
755,-0.5,-0.251331182411515,2.2624338548515,0.887566286611773,0.763261563403349,2.48167124346322,0.117756786858141,0.0475554617469456,0.0726482772465446,0.118035533708624,0.202160238371259,3567.91066614783,1,1
756,-0.5,-0.918511308357619,2.32009537774946,0.781927064999957,1.13364590392298,1.64437886535256,0.214425665108457,0.0473610795043727,0.0744380039317368,0.103876978859944,0.169613673108495,3600.97966914609,1,1
757,-0.5,-0.48338253180263,2.32248989269099,0.759624977453125,1.13036632928512,1.81128692257051,0.146799199665626,0.047696666106229,0.077034746820306,0.108759663931295,0.175213072671864,3620.8429981793,1,1
758,-0.5,-0.461047511990801,2.30495619523311,0.757325541977671,1.09357858119713,1.92413778380882,0.145417744433377,0.050136289142294,0.0771284714654358,0.106020916871566,0.168500162466159,3618.96548586044,1,1
759,-0.5,-0.340208496957295,2.26956118238736,0.887602288341905,1.01763239576296,2.04835559160892,0.134727299758988,0.0488685277071791,0.0746862420655431,0.110217182165958,0.183665957060701,3630.69099371966,1,1
760,-0.5,-0.549447311622767,2.2709999077549,0.816910527645491,1.13906875744025,1.77080244532851,0.164973820338948,0.0492247558976673,0.0762901572228653,0.103167747556701,0.173428007902595,3593.60954962129,1,1
761,-0.5,-0.116944767765508,2.2830939574479,0.772868553628231,1.02056804764588,2.18347217852147,0.102432430100846,0.0469277829320329,0.0744801055835719,0.108853296428279,0.19393772441891,3567.27027953973,1,1
762,-0.5,-0.313217276501029,2.30951655263353,0.761748312092739,0.972999882337856,2.12119692667397,0.122425293833637,0.0464425676742238,0.0726705709626022,0.111951770966513,0.181897978250425,3623.72631721644,1,1
763,-0.5,-0.844886327639601,2.32287932155386,0.721162351155152,0.911383750386823,1.931880557745,0.215321177569444,0.0447888557082789,0.0713586804237074,0.105946450952582,0.177706924417564,3555.15083768323,1,1
764,-0.5,-0.629388550204009,2.33007854079416,0.72124044313276,1.12279987942193,1.73514060320122,0.180642302641035,0.047724888393574,0.0752914954866638,0.0992807229485384,0.169516752832963,3596.70571607632,1,1
765,-0.5,-0.487574376532008,2.2972679973318,0.727324591215104,0.910359776770105,2.06757528865392,0.154031294406799,0.0466281806684028,0.0741128211795375,0.110027770835894,0.178268250999149,3572.45205417854,1,1
766,-0.5,-0.301116151849211,2.27940190753901,0.826616235513352,0.788674139378184,2.42986776760479,0.118452448329808,0.0468126270193778,0.0716014609549623,0.115667602005963,0.191060491653635,3602.28866631763,1,1
767,-0.5,-0.706429580672589,2.28729851414075,0.848083036885675,0.938316324037302,2.02227021975146,0.179421091370642,0.0470751389819555,0.0724856675107876,0.107310211549044,0.178098195934324,3576.67955065546,1,1
768,-0.5,-0.290458000863494,2.34357876228551,0.804821125139192,0.987730053940761,1.9977880678047,0.138669976911374,0.046365536885021,0.0718400767645487,0.105545849740224,0.177567149861977,3642.34721539895,1,1
769,-0.5,-0.71580188208909,2.29572820352,0.778855680276159,0.929309370178261,2.02821512328006,0.194268734436018,0.0474628199204278,0.0741660281699975,0.104017103870646,0.174192271128233,3555.33703553304,1,1
770,-0.5,-0.679575054845457,2.29753841159667,0.797847300716121,0.952268658075431,2.02573711763017,0.176863484028677,0.047806434625725,0.0737750336366829,0.10472996404718,0.173650205155912,3582.67147628935,1,1
771,-0.5,-0.482982822312252,2.21362516593086,0.910923254235427,0.870250475239533,2.34299011792221,0.138650174876207,0.0491056302125357,0.0744054924880499,0.107622679724335,0.179695909917414,3582.26908219557,1,1
772,-0.5,-0.49714266871427,2.33618213250751,0.776828760953706,0.9718867539842,2.16873809255449,0.139422206159799,0.0474170839687701,0.0751624351419626,0.108057452363356,0.182647380418047,3600.20164789061,1,1
773,-0.5,-0.350209377458192,2.25941163674011,0.880362630594065,1.09758463746786,1.90597118920091,0.138537345639533,0.0486928924322095,0.0765098651425227,0.105361891366073,0.178958631335842,3607.09875900578,1,1
774,-0.5,-0.504032075111907,2.30714480239138,0.768436830538285,1.01249185700674,1.9429977511127,0.161327587525314,0.0471047746846957,0.0722730490567508,0.107944733691402,0.177070189943705,3600.9493739671,1,1
775,-0.5,-0.314435183380713,2.25919929634303,0.822181480715705,0.981494448159881,2.14919407759885,0.119509863734767,0.0477754662903163,0.0745850337541855,0.108064653841435,0.178500852850023,3565.43231244624,1,1
776,-0.5,-0.202212094238431,2.36088581791631,0.728370459054753,1.02541015360027,2.00836386131182,0.125544048535808,0.0461426651898706,0.0718294052327379,0.107289890819226,0.194350802732546,3594.78580802135,1,1
777,-0.5,-0.476170790035512,2.35009318133174,0.71962508274866,0.903307982940565,2.08997806389624,0.157795326402677,0.0447882759892314,0.0723543086991353,0.1070254334594,0.181197119754475,3586.50514611062,1,1
778,-0.5,-0.529223208708816,2.26540069078836,0.860959300517917,1.18785215748627,1.69831404299577,0.156179234350039,0.0497937147388148,0.0779777307176536,0.106846423318651,0.175190376149224,3620.38541867827,1,1
779,-0.5,-0.362234901924615,2.27492902133925,0.878561322729015,1.10489926514489,1.86035666060381,0.13843999759522,0.0482967863249717,0.0731989168192106,0.102978507344313,0.174736376395025,3628.89651097055,1,1
780,-0.5,-0.69802888511785,2.28121060527701,0.868339567592469,1.09485237019277,1.81717039099977,0.191487488146716,0.0481802353190012,0.0760466992509235,0.102197325553215,0.166346771727314,3619.64068868064,1,1
781,-0.5,-0.596205181704611,2.31423469745827,0.807935477604105,0.981657217561762,1.9672034303487,0.173750698615962,0.04627382940985,0.0725170871370201,0.105291257055914,0.173977406056199,3612.39710811748,1,1
782,-0.5,-0.617902381034808,2.27943108072188,0.810418825897278,0.964679230472371,1.99249137348773,0.173529381282163,0.0488169726358011,0.0760601839933991,0.108670605642066,0.177301636450803,3594.08372907236,1,1
783,-0.5,-0.690897158215565,2.33964443311337,0.72862741239789,1.15100279426387,1.68829235441799,0.186164618105791,0.047691293668532,0.0752894554319043,0.102915604138985,0.173117003250845,3604.96247383931,1,1
784,-0.5,-0.249373548896661,2.40814192655139,0.661967577926936,1.04978136247375,2.11241496481253,0.118733928123107,0.0474283952985165,0.0736187285396901,0.11075687494803,0.181498793369277,3665.93162296879,1,1
785,-0.5,-0.359135499271629,2.24102450044836,0.889489713227015,1.17139606487275,1.87276543228717,0.132710907747669,0.0500669707267593,0.07563788772581,0.10471970277505,0.172890758530565,3617.06252389714,1,1
786,-0.5,-0.373981331961405,2.37654101274627,0.721449545756628,1.12933094562505,1.89999469178192,0.138776792520654,0.0480434033378139,0.0747255112125923,0.105796845336561,0.17802579451908,3654.59586090667,1,1
787,-0.5,-0.466399447894885,2.27817435676606,0.84609776207363,0.985303797560269,2.11897365742048,0.146104192584956,0.0475416979257229,0.0736619763104256,0.106006192121018,0.170542337501407,3613.20437915358,1,1
788,-0.5,-0.698830540742739,2.2723716214476,0.88304897369148,1.02488002285642,1.89983433799619,0.188613503976355,0.0481577337549849,0.0733863337667987,0.104024143468164,0.174251366247719,3613.49931905337,1,1
789,-0.5,-0.589624125986826,2.216480210763,0.896686507690978,1.04546943111918,1.86955325385547,0.173582850889571,0.0485383176732617,0.0755223600767916,0.105706550625393,0.174964480833428,3582.85612511505,1,1
790,-0.5,-0.510297910399765,2.33253419751971,0.818337453227865,0.969196882266148,2.03929836458838,0.157531313937053,0.0466669021545007,0.0729264674896507,0.109621670854286,0.178153786678162,3635.95948881517,1,1
791,-0.5,-0.796345307313832,2.33842861270847,0.728743207454559,0.93371701418225,1.96625759112492,0.203537196035714,0.0464528253964205,0.0746722664065888,0.106393030030672,0.179728404719949,3559.86224661015,1,1
792,-0.5,-0.408030943035772,2.36339147961106,0.694110983065749,1.00942951361484,2.0277321948804,0.1390513878762,0.0469141944471042,0.0749825220647729,0.108570519558236,0.174962810842956,3631.95823907725,1,1
793,-0.5,-0.567866484830236,2.30169840523993,0.841332448910444,0.991520532536171,1.93927539029599,0.165450858685552,0.0476362597572076,0.0737712577997596,0.104652671202415,0.171967264712257,3604.67491505503,1,1
794,-0.5,-0.656257437832585,2.31016456770973,0.710732477940362,0.925566866667172,2.09034888220681,0.165477698463977,0.0482801449973329,0.0756553138419246,0.105363486979756,0.172473225799334,3588.54353692477,1,1
795,-0.5,-0.42613745965948,2.26597719648242,0.879677190067584,1.00964568015514,1.80356777058314,0.155697164730818,0.0455135581221317,0.0720660906739701,0.107913943197813,0.175513361951957,3595.51218393366,1,1
796,-0.5,-0.563816848761251,2.27717846355451,0.857046094183447,0.828047719410861,2.12345465088366,0.181987985575903,0.0443094597738,0.0699036812156917,0.10848148669735,0.186472249196879,3560.48264679875,1,1
797,-0.5,-0.506190870069964,2.30971895379392,0.78235881252366,1.08152266319064,1.83502005512622,0.169461266303701,0.0474014735170843,0.0749422127013638,0.105536897031439,0.176697862396314,3602.87359758617,1,1
798,-0.5,-0.401486192572285,2.31085853144202,0.82085433598125,0.917941981550037,2.18085855109394,0.138793129560768,0.0476349970912319,0.0738233059174798,0.109328023176287,0.184067144877286,3600.38150136715,1,1
799,-0.5,-0.413060089640153,2.25430011112605,0.916157927216801,1.2187050572582,1.81207756337177,0.135609207465407,0.0497306413055958,0.0763143893038636,0.100452365636685,0.171617473385614,3615.62096707125,1,1
800,-0.5,-0.385522409337614,2.3099850986673,0.778546553487873,0.914431647067079,2.08213905864257,0.146997174608319,0.0450999285078736,0.071490694742845,0.108715044075361,0.181516569771531,3589.75922285561,1,1
801,-0.5,-0.666089795533073,2.27367962692014,0.780470488730709,0.863487650084459,2.11556553360879,0.18338229642076,0.04535262984319,0.0720324885252224,0.111011097639928,0.185283228028137,3549.13610206527,1,1
802,-0.5,-0.495305001058651,2.37235715312658,0.641855524391144,0.773771488283658,2.26149498729494,0.154029789164853,0.0445695393807434,0.0715358532467539,0.107463112280384,0.18002971090245,3553.27524006035,1,1
803,-0.5,-0.742398579452891,2.30633765506094,0.78436522260742,0.886864053174218,2.04962745367492,0.194783591587431,0.0471708494058846,0.0737504524366842,0.10604169470564,0.178333844269597,3558.34060429925,1,1
804,-0.5,-0.61179673009372,2.33433237761807,0.758339664241244,0.96451062912376,2.03446377051116,0.158343652004081,0.046275928655741,0.0721568949684681,0.107250668566548,0.171301618153056,3618.57686501828,1,1
805,-0.5,-0.527441992863011,2.26712200229083,0.828976383493501,0.920860926801963,2.03481731300655,0.165096910638428,0.0463848136761891,0.0715544842851924,0.106590506978609,0.18078533814431,3553.44078235431,1,1
806,-0.5,-0.183448641761468,2.27748441144597,0.802966247872542,1.11348790159462,2.04504374700761,0.111284069030874,0.050090120257607,0.0769354810182247,0.106734180982548,0.185244267107212,3574.95992319846,1,1
807,-0.5,-0.750975588497073,2.35551512633218,0.803427623742551,0.996310172100748,2.03840505521263,0.172704823473624,0.0489071944187799,0.0754664809104796,0.107897806135314,0.176606021145958,3622.87831400349,1,1
808,-0.5,-0.350646667641287,2.29358479812722,0.886432229095078,0.737633504018856,2.40408018588467,0.135375635899508,0.0449276015323301,0.0705188371962714,0.114905060008368,0.189801836703071,3600.39020070856,1,1
809,-0.5,-0.472158565333092,2.24981223766005,0.841389331557643,1.10876215960779,1.78193514834025,0.152757622921649,0.0479642136908725,0.0756020368963347,0.105143902071365,0.175787821172361,3577.15323355153,1,1
810,-0.5,-0.287999419343586,2.26750291833386,0.838121618028468,0.887520413456729,2.21930391928178,0.129924323979265,0.0471885370559296,0.0729628403660963,0.113287698625239,0.183379860560856,3599.65311592902,1,1
811,-0.5,-0.373314841155135,2.29502521344466,0.812511106515014,0.981674922020179,2.11743598114454,0.134533831330097,0.0477159391581419,0.0734089842924288,0.105747219474394,0.175574224850963,3608.46135034348,1,1
812,-0.5,-0.263805522172758,2.2737803037826,0.827834926075418,0.956460645973714,2.03877688682879,0.12236502158227,0.0474793685979983,0.0749177065938456,0.108877738620036,0.181419809090668,3582.16291594975,1,1
813,-0.5,-0.601844734913895,2.32540203920463,0.762872255046519,1.00205172721435,2.06799464721883,0.156405407742121,0.0476705213388054,0.0753669227612041,0.10638409471521,0.175646227250085,3595.80508937371,1,1
814,-0.5,-0.648454799374002,2.31758274323431,0.783452995346108,1.03040311931716,1.84431920367377,0.183788847988733,0.0462383250759618,0.0711760650292688,0.107034075627963,0.176313521922737,3617.34731515171,1,1
815,-0.5,-0.454815784699429,2.38395956979643,0.690732858045733,1.10433864067932,1.96888625191062,0.144876688848631,0.0490887139043414,0.0759005940606036,0.104252361509178,0.174447403712563,3657.10276615413,1,1
816,-0.5,-0.58010120987121,2.24670960103748,0.850409932956343,0.970550146042156,1.94057020253445,0.168104210353024,0.0476127665524969,0.0742515579033759,0.106860073501902,0.179230067503849,3559.92640901039,1,1
817,-0.5,-0.387424420726121,2.36239836558645,0.78595308308576,1.13505377767914,1.9108034485507,0.137285870907824,0.0488873207696424,0.0763182924625965,0.105785984075787,0.176533440426243,3657.72195485635,1,1
818,-0.5,-0.70044277416023,2.29450864508988,0.78891553157442,0.907679240454325,1.98180161014677,0.190204709151273,0.0463790956657216,0.0724984730846658,0.109378867496736,0.174861721499678,3589.73894350822,1,1
819,-0.5,-0.300473805257253,2.30465008976721,0.774589364435652,0.950315915101208,2.12137275991738,0.134035048442808,0.0484826370949753,0.0738134024898244,0.111805091602805,0.18267205363645,3621.06836069676,1,1
820,-0.5,-0.687344095681932,2.31647508718688,0.749899645465389,1.10271085639288,1.74326166185465,0.184018837007563,0.048216032080496,0.0765790895244562,0.104877458264592,0.173632336716782,3596.83912740791,1,1
821,-0.5,-0.588529708602341,2.34580881942045,0.728533975548991,1.02922707837627,1.93575239984356,0.178210849820865,0.0474349479839697,0.0736111112009951,0.102696046909466,0.170196481104756,3608.44681452546,1,1
822,-0.5,-0.281758780723463,2.27315168721102,0.859883993705272,1.03524200067786,1.95020419145387,0.135863437898815,0.0460255786871062,0.0706347982016176,0.105803740303673,0.176797155667617,3611.4505897032,1,1
823,-0.5,-0.660864115302958,2.35294648385868,0.721810915196522,0.992721988324889,1.8383184697362,0.196042748297323,0.0467198774374413,0.073298186409657,0.107203788064689,0.186867239665159,3587.5381449336,1,1
824,-0.5,-0.402572173167482,2.27829609379777,0.843766287285895,0.982947054557626,2.05862725053468,0.143921994537746,0.0484673400773156,0.0762475318485466,0.107918042227039,0.180262334661804,3604.34989210538,1,1
825,-0.5,-0.560692588669131,2.27303646234114,0.858083681043705,0.865471118734151,2.30907260735573,0.152536595234338,0.0484853390971811,0.0744279179567776,0.108108364467896,0.180634220458284,3592.30542240764,1,1
826,-0.5,-0.493006567622875,2.3307537748258,0.794705201775481,1.10538194315348,1.93621363409573,0.150725843248632,0.0479836345884239,0.0757990911518229,0.105538257433919,0.181362612177364,3624.36897564985,1,1
827,-0.5,-0.524344060052367,2.27486572655049,0.859148606918567,1.03090902208362,2.03118397714983,0.14957176970058,0.0494096745737299,0.0768016318997592,0.100042681355029,0.169389068962812,3591.89769327143,1,1
828,-0.5,-0.356459119341714,2.25760624089389,0.848052398751089,0.916013388202824,2.0965701412599,0.144241029315039,0.0471711050729249,0.0722045795191079,0.107989716265444,0.182098822838391,3580.0934083776,1,1
829,-0.5,-0.341082704038444,2.33884526228453,0.765727209480668,1.07084927004399,2.09707637269748,0.124062730693862,0.0467316315910416,0.073619808691447,0.106071324045837,0.180819657104904,3603.63175013003,1,1
830,-0.5,-0.33313344729466,2.27333771982002,0.868192759407502,1.11085918087059,1.96680462606509,0.126088618897097,0.0490705944471765,0.0778281662281892,0.106450791404169,0.175701149832197,3621.83987634746,1,1
831,-0.5,-0.41839301855982,2.28753612774591,0.860375685186043,1.04518420043822,2.0128875841076,0.144363871806446,0.0489462351130276,0.0763653745530374,0.107427279295658,0.178031337227207,3620.53660009611,1,1
832,-0.5,-0.503527448515338,2.30488534231358,0.750928637451936,0.959634614227286,2.00838463389012,0.16240582707145,0.0469964782177473,0.0742945489548238,0.105355599121148,0.184642377236955,3557.77268725376,1,1
833,-0.5,-0.783407392823949,2.33070155842065,0.796039526508237,1.03286632969137,1.82739254877454,0.209792292032387,0.0463420881515239,0.0722425617266188,0.104514101365168,0.173293595804128,3613.13461394946,1,1
834,-0.5,-0.340802815097464,2.28393462398559,0.857165923877957,0.991853985931584,1.99463447446935,0.142110599575263,0.0482815572247766,0.0747307874765078,0.108529929359407,0.185498465251312,3599.12374880584,1,1
835,-0.5,-0.474764596802955,2.24999290198563,0.847191470147269,1.1912119683539,1.56713076042481,0.16155923276476,0.0496605250039069,0.0766144795211811,0.104548712584005,0.174035487634678,3601.07979111559,1,1
836,-0.5,-0.619844739073605,2.21179750589834,0.908230625899829,0.985425698159765,1.86467223875762,0.177775376491585,0.0482352445757359,0.0738352985052166,0.109414682863038,0.175298295892876,3579.99775087814,1,1
837,-0.5,-0.594747231820566,2.26672689227549,0.841403922090968,0.874582387424555,2.07338736923371,0.170629417574875,0.0450014304872182,0.0703614049392776,0.108402096732038,0.180247221948053,3560.85037649017,1,1
838,-0.5,-0.354758528066433,2.27929794450802,0.823829157417724,1.04436378590019,2.00289927316097,0.139120796597251,0.0481182147680057,0.075856589098779,0.104655572382759,0.176721882110592,3599.43807225933,1,1
839,-0.5,-0.389752657405606,2.29273993769024,0.842070273901292,0.980005751475729,2.19968100048075,0.133755844697041,0.0502596555105171,0.0778783722828881,0.110457587282659,0.181761787170455,3630.08853721586,1,1
840,-0.5,-0.58185469592331,2.27088309444132,0.840020089152421,1.16006970939553,1.77029693105991,0.168405703704425,0.0484571732801403,0.0765181772526529,0.104857732576953,0.171645567783635,3613.1661339398,1,1
841,-0.5,-0.711853943157602,2.27488464324824,0.823449097855765,1.00106527100203,1.85044200649261,0.187997333066844,0.0477068909331994,0.0753607027926874,0.105165835020231,0.175780963925514,3571.44516386528,1,1
842,-0.5,-0.368338237069721,2.35357317345589,0.701775772512386,0.702382157390689,2.563132150302,0.127744545614947,0.0455762891276768,0.0712408647620593,0.111057695441578,0.186339512510408,3570.21706552816,1,1
843,-0.5,-0.397286610151986,2.31427189621512,0.748325263921787,0.982023376680027,2.09923790418292,0.142879260384704,0.0477647649241349,0.0760794500066915,0.109227554141439,0.176427290365516,3596.74499857694,1,1
844,-0.5,-0.831961059101403,2.27279599303438,0.887669033120385,0.91444995623981,1.89653437379479,0.229112860002016,0.0459772971918466,0.0715094647221833,0.107933628089978,0.172809795522816,3602.45146232153,1,1
845,-0.5,-0.637561490213138,2.29772793383265,0.756507944303775,1.03213832840156,1.82019119106918,0.182940485799275,0.0476691071321176,0.0745392290040065,0.108335064903558,0.18081830596167,3583.15962046541,1,1
846,-0.5,-0.58158182568784,2.27719948898439,0.823855176292554,1.11025844225342,1.82651575801539,0.156734747943166,0.0485418756537286,0.0740034175644779,0.102653309630726,0.17174908891518,3603.31393886047,1,1
847,-0.5,-0.631058707119623,2.38835786765907,0.587550337617135,1.19369018352424,1.76504402166889,0.17566859021338,0.0475224853340604,0.0790877725219619,0.100439917925494,0.176999982669567,3577.07282664778,1,1
848,-0.5,-0.235068427400079,2.24529439738268,0.850405083224634,0.966541535117133,2.01726115669193,0.128852854846446,0.0478606558090241,0.0743123054326861,0.107736687980328,0.178118696074617,3574.05671132192,1,1
849,-0.5,-0.502689009285802,2.29029523818361,0.835307941715423,1.2497713818658,1.6503512696999,0.160746900435709,0.0507227084008715,0.0762511473499437,0.104013342944059,0.174676126300522,3632.76790981539,1,1
850,-0.5,-0.42870706306452,2.39846781704801,0.714646492549481,1.12193496245672,1.87931306034013,0.161009788067251,0.0451294002883608,0.0707406694645427,0.104708669186176,0.177220087281168,3655.7623348866,1,1
851,-0.5,-0.443414428875093,2.35153900774135,0.755597293108367,1.15310152409976,1.84754335522427,0.141493934348583,0.0473676368653418,0.0746987513521713,0.103774212989639,0.173590763715986,3629.79292182151,1,1
852,-0.5,-0.280615946590112,2.36824500184611,0.664232253052124,0.889241459732746,2.31076140205096,0.123191286809705,0.0471720800284037,0.0742077113434979,0.111178695421717,0.188058794990665,3594.57945135655,1,1
853,-0.5,-0.579667565793516,2.27836961399418,0.794958975552847,1.01142739418175,1.8329505077604,0.17356516463629,0.0484862727171718,0.075414645075131,0.10861879949689,0.176382884421791,3586.52021050994,1,1
854,-0.5,-0.935790371934283,2.31609238479451,0.839307452706573,0.892473559123015,2.10078432068563,0.202075945541083,0.0484566286238092,0.07525150577774,0.106699534934591,0.175899250286348,3601.06697355352,1,1
855,-0.5,-0.59674540462747,2.26404188287919,0.79869269841307,1.02165963309392,1.95661965754937,0.165818510228181,0.048931619994123,0.0756423410503888,0.106971843424105,0.177566741316565,3576.46821238318,1,1
856,-0.5,-0.351195645551133,2.27627099909247,0.839320835760836,0.876058560477922,2.12512383186932,0.142833350106242,0.0468582408677434,0.0732471519704073,0.113941750436173,0.181132364871356,3610.40503004112,1,1
857,-0.5,-0.684208221298511,2.22987078059138,0.922235735369334,1.02167689015826,1.84375350284294,0.183760582622098,0.0469015470153745,0.0742065125611136,0.10394814021009,0.174539660570265,3570.28066635395,1,1
858,-0.5,-0.61973369461918,2.29551664711713,0.794774134288011,1.11127639113997,1.82856691093912,0.172633783849232,0.0492652162232192,0.0779112738576379,0.102388726992481,0.169744848431087,3599.35364062672,1,1
859,-0.5,-0.371638118524804,2.37676418837445,0.682226637022457,0.85217076595373,2.35324386165918,0.126979956970331,0.0448932032533484,0.0719866304311973,0.108144431682329,0.179241657626207,3578.71140303456,1,1
860,-0.5,-0.55079562996459,2.26130144048817,0.807469851214193,0.836476682009065,2.24331626746499,0.155044661125106,0.0456241239085947,0.0718942017785438,0.109085020282604,0.184394710663654,3546.05088567141,1,1
861,-0.5,-0.659121646858317,2.34468281238092,0.745426118035222,0.834163394152954,2.20292068140189,0.178901934230854,0.0468590649783936,0.071703173232927,0.111565484698637,0.178942598185786,3611.91537582046,1,1
862,-0.5,-0.644162551490963,2.23225880299962,0.879583882623681,1.05087889923948,1.79924979279169,0.171151644857977,0.0474715450602186,0.0736409823410798,0.105099250487736,0.172500999718203,3577.18597151304,1,1
863,-0.5,-0.712857946635954,2.338126116719,0.769817116484879,1.00314255771018,2.01101990921883,0.185712787251776,0.0479166659684699,0.0748645071021761,0.103870276846233,0.17289348789562,3611.96512014786,1,1
864,-0.5,-0.562785817352231,2.2963986919009,0.827875098512505,1.02051093338531,1.92872013902116,0.170580806033223,0.0472873763452966,0.0736427931396709,0.105681787700047,0.175749581308741,3611.13720010667,1,1
865,-0.5,-0.532936525798158,2.34598983917714,0.653474543572114,1.028982316381,1.85919213575504,0.175254218360006,0.047175094520359,0.0738694356468429,0.104471603866906,0.176383516442829,3579.01703220657,1,1
866,-0.5,-0.67830884124951,2.31097255285128,0.837784343738106,1.05603510951382,1.7545224439182,0.189379716739112,0.0456880718854801,0.0732547647143095,0.104047064052939,0.168882007928085,3620.18723485365,1,1
867,-0.5,-0.3770598789134,2.34406321159329,0.699865075681943,0.948599830975572,2.18080391119488,0.128816186137076,0.0473917862932833,0.0744710325632112,0.107366103410148,0.177432299600922,3595.0995304352,1,1
868,-0.5,-0.401627095942389,2.31985282532701,0.769527262772797,0.86787824827923,2.13448202455325,0.146166881856227,0.0463536913458052,0.0704801776657401,0.107948074233892,0.182699168814353,3570.41333806898,1,1
869,-0.5,-0.655164108060223,2.30503912716513,0.723432204784962,0.978715208780793,2.00042482728736,0.163124252289864,0.0476481499140472,0.0737986239646596,0.106105676810172,0.17299888935859,3576.40817946475,1,1
870,-0.5,-0.39968260183639,2.34416398555965,0.708636286544889,1.01929898051774,1.95715888388526,0.14816648824681,0.0459827397403696,0.0720312796500877,0.103381804785924,0.174661917436482,3594.36894285778,1,1
871,-0.5,-0.58606663229837,2.26090981043785,0.830904265466269,1.03350328725413,1.94406046006619,0.17423743323988,0.0476693941006466,0.0750793403393686,0.102867273190177,0.177973308077164,3560.01367585163,1,1
872,-0.5,-0.408445324057965,2.29375448036061,0.831624981786128,0.724983354538094,2.37381614485389,0.158627708519733,0.0439827021553126,0.0689640451593527,0.111691321509878,0.183021886173774,3578.80541747058,1,1
873,-0.5,-0.32105134577315,2.31030415621773,0.838395123114061,1.03142710816709,2.0437812851815,0.12912688939402,0.0468052146283446,0.0730379846043908,0.107283835374117,0.180019945166446,3611.32890479473,1,1
874,-0.5,-0.666823836966314,2.25610790368477,0.817284997545382,0.930944870213739,2.09370633188273,0.163849646192416,0.0481541902728105,0.0740641837310651,0.105537775615552,0.178620761302771,3524.96454487474,1,1
875,-0.5,-0.498504477321393,2.21981293612343,0.873416750464342,0.975140032306832,2.15216148328625,0.148961223468963,0.0508899329000654,0.076230010610526,0.105717682700372,0.172677855390703,3583.78509872498,1,1
876,-0.5,-0.587140899874423,2.34388030693077,0.78877959332247,1.11713371429821,1.71008692096167,0.177697714073451,0.0474904025548518,0.0752213170095042,0.105380150085823,0.175009718084311,3629.95967079906,1,1
877,-0.5,-0.349259640083975,2.25426077610818,0.82671673711163,1.16420225316198,1.75120167042959,0.145571786982905,0.0501939737015301,0.0769371609299453,0.10736611683868,0.17943197337919,3604.52632975847,1,1
878,-0.5,-0.702678304333553,2.29272823812062,0.847939991317805,0.925382966837408,2.04934429279349,0.183176139181784,0.0466430783028769,0.0722706114533553,0.106745293422841,0.180093237338962,3593.61094010867,1,1
879,-0.5,-0.390230088483091,2.3280287795141,0.781911055032295,1.10675716402792,1.86745370774164,0.139799763164112,0.0473848163643683,0.072891813089075,0.104075681817124,0.170091386713853,3638.35570215859,1,1
880,-0.5,-0.699814320103245,2.32400585223434,0.728727558927566,0.853861215887433,2.07223583062082,0.18902918196803,0.046276925819462,0.0718906898927822,0.112082519147032,0.184284546139256,3578.3799257863,1,1
881,-0.5,-0.298828788270833,2.31695381539042,0.769566429567181,1.00509591449708,2.219550764321,0.120212289264934,0.0491657788546924,0.0778435895308384,0.106067011747405,0.182737910619483,3590.36652056766,1,1
882,-0.5,-0.533445443730877,2.27948556734028,0.875336043822578,1.11345500997399,1.74485495565416,0.170909794665175,0.0474272381550866,0.0735135412574599,0.106339233086881,0.182529908183487,3613.34251070921,1,1
883,-0.5,-0.749588482843537,2.24008516882576,0.855212191535703,0.970982759056231,1.94951295117596,0.178220437267347,0.0482711359464849,0.075470328056142,0.107787773884336,0.172873592375829,3570.21258426175,1,1
884,-0.5,-0.622998155412155,2.28667715466389,0.814949753763486,0.981694791991497,2.03783389909207,0.165117124524714,0.0488829542885751,0.0768059183639255,0.10638923163703,0.172678001748241,3606.55952243245,1,1
885,-0.5,-0.310425305193173,2.30759545030209,0.75758657047609,0.82604030523188,2.29873556482997,0.125949801493159,0.0458845970411438,0.0726497416645147,0.111154887137783,0.187268673416819,3561.0419453781,1,1
886,-0.5,-0.326378260254429,2.27186547761078,0.854926573275562,0.833438264272505,2.25344344161667,0.128708130277147,0.0451748968549354,0.0702168415914867,0.111918314803911,0.188076931995226,3560.79716234451,1,1
887,-0.5,-0.0775187124648688,2.25963385910743,0.805419081733818,1.0303476231672,2.03907626374007,0.104383864618862,0.0472190259131604,0.0749577390820205,0.111135991966286,0.186935239121684,3582.41864079066,1,1
888,-0.5,-0.433748543353405,2.27996810294662,0.854788554030789,0.931677627652349,2.14135255350372,0.14650216433932,0.0473152830878938,0.0731219992436929,0.109612896470324,0.181292524814089,3620.22239156359,1,1
889,-0.5,-0.428663475057509,2.40361892025756,0.660655078392143,1.21518289320929,1.70681594685962,0.147548752750154,0.048002197224327,0.0753797869548105,0.105554274353064,0.173004625065651,3659.40711040084,1,1
890,-0.5,-0.652780516268713,2.28072378510941,0.865178680744697,1.14750555038988,1.68270254065879,0.178817227844064,0.0476628881876823,0.0737421625328522,0.10427834761951,0.169215779366314,3632.28541039797,1,1
891,-0.5,-0.413750854240388,2.27443726982063,0.86083173759998,0.86920347614441,2.07078710232107,0.148367456809358,0.0460628837972731,0.0736855285709279,0.113815426215114,0.18740149912529,3595.58827417415,1,1
892,-0.5,-0.442524443467182,2.31409352167401,0.819127287093881,0.952403654763085,2.05732471245013,0.15643927776971,0.0457140643201799,0.0731493730750705,0.109253470340716,0.183718928798467,3610.63429038333,1,1
893,-0.5,-0.44118279483203,2.3036710834577,0.783794872956842,1.00298424405957,2.03211740121774,0.134807527192782,0.0477747505647457,0.0744473617597054,0.106782360990783,0.177419426773373,3591.54045065643,1,1
894,-0.5,-0.211179598628818,2.39331498028921,0.707433007079251,1.29348081884287,1.72664629381547,0.124228290548793,0.049223378011574,0.0774166639246035,0.10039653380249,0.171612039229819,3657.64291533918,1,1
895,-0.5,-0.451620992805164,2.27039940137235,0.81403518357086,1.10359582579844,1.87914529819996,0.145204189418011,0.0479293154558913,0.0755558865458799,0.102533197954376,0.177090753536703,3570.40946342409,1,1
896,-0.5,-0.473295476797544,2.34921475856435,0.721408042271485,0.764063526793386,2.40496886638371,0.15179603127585,0.0458604810492188,0.0711454924916622,0.110664364406663,0.183502227841607,3584.60602482942,1,1
897,-0.5,-0.558988352612091,2.34200487257448,0.735696090130209,0.951304827771936,1.99243669121176,0.179912402885257,0.0467833236814278,0.074112008096921,0.106239094673388,0.174339323082288,3603.03972829378,1,1
898,-0.5,-0.306774206359641,2.28811113999309,0.750226038328799,0.949855630531011,2.16195086994071,0.136081849172046,0.0477095566630803,0.0754101722223284,0.110498680755415,0.192383799960763,3557.81252396212,1,1
899,-0.5,-0.525653397022628,2.39311743868765,0.679501841771612,0.948307426910596,2.18610071759765,0.157590033351328,0.0467155189978874,0.0728251221132869,0.107200981616456,0.18588376694489,3592.51694673935,1,1
900,-0.5,-0.582223737287187,2.29093607938199,0.785028041167265,0.92511734599353,1.98211068828855,0.183592925752087,0.045443592659794,0.0717469501026695,0.106601823129645,0.171341865895387,3588.13587251345,1,1
901,-0.5,-0.385103691728526,2.32675885619732,0.813257699390419,0.809236294008975,2.27867473173155,0.143513339386892,0.0452889941311834,0.0701800420664934,0.110591175177059,0.177763192987453,3615.25447684833,1,1
902,-0.5,-0.748154859724832,2.26861970603378,0.813796963417758,1.09710914271319,1.87470432905231,0.180995200190582,0.0484530122151559,0.0752798768704623,0.101371989359128,0.175165865541058,3549.60015859068,1,1
903,-0.5,-0.372522289469369,2.3159222286201,0.779947285794613,1.14790469529688,1.84748285465214,0.136191635728275,0.0491185857129044,0.0763337020790983,0.105698568366761,0.173800700654879,3641.46375765816,1,1
904,-0.5,-0.356220955786537,2.34779262347043,0.778648710546359,1.07813719843004,1.95468523222057,0.132432858747319,0.0462056393219806,0.0749849387363841,0.108048708014594,0.183121670414484,3624.41463916911,1,1
905,-0.5,-0.629870300577023,2.20149925995183,0.963085108220428,0.981519910044969,1.90928567130599,0.178796469211684,0.0472288824563785,0.0727383248392401,0.107783304569183,0.181383305511416,3565.46450023085,1,1
906,-0.5,-0.445187155277894,2.27413460808305,0.8249007260977,0.981598292516135,2.2130757337729,0.134322246459458,0.0498978210882489,0.0758704739393875,0.103025651796586,0.174167903795932,3572.65499442554,1,1
907,-0.5,-0.582381136401523,2.28097990957162,0.832478889013965,1.05174258604702,1.88332483408833,0.158639399401373,0.048659848525275,0.0756399462396206,0.10664226828088,0.172274874225653,3595.97544006036,1,1
908,-0.5,-0.579545507557057,2.34050259391406,0.757645330542818,0.813730582237085,2.29447873087484,0.164462954294585,0.0457646695065412,0.0712909483919213,0.11068880398592,0.184260830204762,3597.03898446968,1,1
909,-0.5,-0.227061983837278,2.20425135420885,0.962019440196501,0.955846586167643,2.11106668664042,0.122928573639892,0.0490985547708609,0.0773066405338013,0.109639254844412,0.188364332642466,3554.61142647626,1,1
910,-0.5,-0.315852348123636,2.26471367235377,0.865921273626527,0.913067108980173,2.24363619924871,0.12801901301427,0.0486422132882509,0.0742230844742263,0.111771899914763,0.191311648605585,3579.18473458456,1,1
911,-0.5,-0.577418694601226,2.25732255531444,0.837988199964682,0.991259735192276,1.96012128885045,0.157806975052505,0.0482628348893004,0.0745660693324241,0.108891732598399,0.180620769465032,3594.0541455688,1,1
912,-0.5,-0.559805680359688,2.25694770320404,0.914221535699706,1.11354503334833,1.8382899764812,0.154354513968388,0.0478205786211148,0.074127832437815,0.100778718037918,0.16945020458803,3601.46112161061,1,1
913,-0.5,-0.157722429205262,2.22738869427557,0.917706120858813,0.995141866793998,2.08453713979374,0.111476780594381,0.048064370609458,0.0736154868049242,0.11091034723688,0.177397991333943,3629.39891958896,1,1
914,-0.5,-0.436473492214069,2.31771724809781,0.836878463171937,1.01530577664948,2.00597658188746,0.139004865287517,0.0479577106982822,0.0737193433937675,0.106704890136308,0.176965626158825,3642.34271793203,1,1
915,-0.5,-0.761566428959479,2.32021256817689,0.785424425353254,0.831444948082964,2.09965031157162,0.204559144611641,0.0445766440725269,0.0709422227429244,0.108621016550359,0.182697628679741,3571.70547105552,1,1
916,-0.5,-0.500754975193489,2.31708228344009,0.788048972238905,1.00172724001126,1.9975471125837,0.154107310992387,0.0465572176946209,0.0739949990629883,0.102747648922511,0.177852029799286,3590.99647332921,1,1
917,-0.5,-0.244688547839141,2.31007148982356,0.710398312107976,0.887810055851872,2.22887803875514,0.125923330422825,0.0473074095661991,0.0748577388872751,0.1120191584804,0.179581259957568,3586.63058836651,1,1
918,-0.5,-0.363240705434857,2.33042771921763,0.799872877351982,0.985766940660098,2.00348204055419,0.147595829053917,0.0479754060953261,0.0732223652831486,0.11243046477517,0.180829360164259,3663.95074822766,1,1
919,-0.5,-0.542040075541153,2.33492604576391,0.748229093355409,0.899079111785192,2.09055754202624,0.173025477208018,0.0467898193741885,0.0725701528547964,0.105325876548861,0.169709634549161,3604.73409966052,1,1
920,-0.5,-0.385377920122802,2.31811436430747,0.756541509398776,1.06705964127066,1.84853558032765,0.143520893424446,0.0460531897576362,0.071588508571861,0.108458100010291,0.176968845993305,3621.52451748581,1,1
921,-0.5,-0.365870010533903,2.33053228008517,0.697206224596988,1.05486585849922,1.97383449776096,0.13889816829048,0.0471135140522679,0.0740174942488324,0.104520398481335,0.167484542893414,3598.52975870559,1,1
922,-0.5,-0.683032576092928,2.26695493912107,0.868500949124362,0.860090406475625,2.14076667981752,0.192927002241777,0.0470124718916111,0.0743975662922426,0.109940870409893,0.174468758427721,3585.92435999809,1,1
923,-0.5,-0.581038346176892,2.23955384458152,0.914475001292094,0.909744198554607,2.05703435188298,0.161241366092381,0.0468484731701439,0.0739368762558753,0.109479895204617,0.17644167643241,3571.98001660996,1,1
924,-0.5,-0.737844233161903,2.32812599471798,0.745055822163404,1.04082501854481,1.8383830656571,0.189690470919858,0.0463589960335096,0.0724194166941453,0.104663140467118,0.171760158898206,3602.11609543799,1,1
925,-0.5,-0.636693988397999,2.29368110599464,0.85145153715613,1.02022424816428,2.00395376929616,0.17835694373634,0.0473843580165125,0.0751944845502001,0.103115930164376,0.168317354132816,3616.61388865666,1,1
926,-0.5,-0.272349469037082,2.28648448025109,0.820167750895913,1.06620305262269,2.02352692484998,0.117948434696464,0.0484611075828384,0.0737321625689312,0.108457453468433,0.181360866650688,3618.12746573726,1,1
927,-0.5,-0.632297054829136,2.40258616833369,0.665119246456154,1.05047850299813,1.83658422339587,0.169902926499375,0.0473927398892567,0.0750352550888304,0.107214839447275,0.175304485119975,3627.78756296409,1,1
928,-0.5,-0.291000976725587,2.36807173263561,0.723435040906554,0.981753904807894,2.10575572592639,0.129219770792738,0.0456233205168071,0.0705994718863132,0.108719527574171,0.186876934447482,3629.44658262885,1,1
929,-0.5,-0.594260105508212,2.32234227855868,0.708881567576685,1.06988657213576,1.88571055645825,0.163904933045868,0.0474646326595601,0.0759419100622736,0.105644469104188,0.175630205326388,3574.80748366872,1,1
930,-0.5,-0.592386807530375,2.32222185753961,0.836404259387421,1.09222905710798,1.81416097045429,0.161663124642223,0.0492086422109298,0.0753436033382905,0.104864229738449,0.171170551784787,3648.63665987049,1,1
931,-0.5,-0.251161573693325,2.2218198096187,0.9173134727429,0.816923337171585,2.32715905306416,0.118343578954662,0.0466969123204505,0.0706750489171413,0.112357823736693,0.18919354438902,3585.37532118822,1,1
932,-0.5,-0.873041386421858,2.34456573137136,0.699890486487071,0.986851471093756,1.88706532979046,0.220757515745671,0.0465487446213942,0.0738189863790034,0.104186412746843,0.174068529130515,3584.4593912379,1,1
933,-0.5,-0.495394865635524,2.25946311340061,0.817930483108433,1.08757318129056,1.85341640193328,0.148189999525474,0.0480699603039803,0.0759946711705899,0.105733988802999,0.170907133309497,3596.54324819628,1,1
934,-0.5,-0.542416375661314,2.22644356946758,0.885328859646845,1.09909338756345,1.81906489639349,0.16974757168678,0.0486753398033081,0.0756206909549517,0.102503532540242,0.173218137823437,3566.10216792256,1,1
935,-0.5,-0.409057434903462,2.35265858580929,0.730603655566225,0.909824561533754,2.12768934909152,0.141319215043919,0.0454619769326279,0.0711635777005829,0.108128386082012,0.178574709279543,3598.36440098103,1,1
936,-0.5,-0.603912766074634,2.21712541794323,0.891631398708984,0.985976669250066,1.94474235553755,0.171036341184119,0.0499002762635339,0.0754981443499303,0.109464990921132,0.182551526062755,3560.02110000801,1,1
937,-0.5,-0.643212686889397,2.32494420505958,0.795750390131682,0.978898957812269,1.99759337724984,0.164617632472105,0.0470233233638061,0.0712199471732044,0.103641331352995,0.169404816211085,3598.53260761834,1,1
938,-0.5,-0.381011791080457,2.396073659414,0.658632553411257,0.917832583001167,2.0875916859931,0.144771228594828,0.0468327443326188,0.0743554998687695,0.108822701705796,0.184377407933244,3611.0794427727,1,1
939,-0.5,-0.406159664663344,2.22767264964988,0.979311603410069,1.12914978812874,1.89168703962909,0.140597140184325,0.0500928724306078,0.0764527262449122,0.106715775203856,0.173503819356633,3646.33672871461,1,1
940,-0.5,-0.390648244216847,2.36631322166333,0.744222033172892,1.13478438081183,1.84656541884422,0.146712742894091,0.0468214611504928,0.072870691645661,0.103422353329924,0.182370034890612,3628.69351083839,1,1
941,-0.5,-0.430072048156268,2.33445538349825,0.78494797061232,1.00729860547418,2.13132524027599,0.139696690057891,0.0474941047236086,0.0739451961039214,0.104145250008345,0.173512494906528,3627.65937567939,1,1
942,-0.5,-0.705507972208898,2.27630490698454,0.874390172895591,1.03947464689093,1.986184059428,0.174239737370083,0.0487332246504851,0.0775764843114891,0.104691427895807,0.175634973346554,3580.23005329016,1,1
943,-0.5,-0.640748839841266,2.27061641075139,0.794536716127255,0.796996954205962,2.23698226177788,0.180376485435062,0.0461945115616884,0.0713706414538698,0.108534323435744,0.177796881527915,3560.12484261442,1,1
944,-0.5,-0.284247738148382,2.39749527570285,0.680030665630849,1.03855440189998,1.84767423289175,0.131410982162759,0.0451256132350823,0.0714600207556186,0.110383655369937,0.179516413543703,3642.95778806295,1,1
945,-0.5,-0.57199577758888,2.3299674128797,0.793834827709158,0.905207703472864,2.20407593510809,0.16250635071757,0.0469874273678845,0.0733147268123998,0.10698009694378,0.176647152247884,3604.79400522539,1,1
946,-0.5,-0.305438517072318,2.33527986577049,0.772880432409074,0.903028449327957,2.32329569658382,0.113604210884308,0.0472959648486805,0.0735022180979523,0.110432832302205,0.178520346748876,3617.83545933569,1,1
947,-0.5,-0.709649675033681,2.33876859180082,0.737095830134726,1.04369972333337,1.92552227456664,0.18602317982416,0.0470872855183483,0.0743637034438191,0.103799721546321,0.173543711855681,3599.05865631336,1,1
948,-0.5,-0.493318638252816,2.2919913413525,0.795602330263393,1.14099846012753,1.75444378803241,0.154398870604188,0.0483564417106623,0.0757949967722006,0.104222466514452,0.178729924605472,3598.73812934422,1,1
949,-0.5,-0.638568326071409,2.3071906968027,0.812173236335181,0.99155569996707,2.03222526754676,0.163163602641992,0.048984877571495,0.0762344304490064,0.107892296422122,0.172260707533103,3617.62197637711,1,1
950,-0.5,-0.266057898944293,2.38774053102959,0.745315846777037,0.98939346892704,2.08697718892192,0.121254464684327,0.0463923055538389,0.0713959212851827,0.107794680534446,0.179109366472261,3656.32500499061,1,1
951,-0.5,-0.49681617743475,2.26850746474885,0.89978169109836,1.21472852891441,1.81853985980012,0.145298887847527,0.0499517313532754,0.0778285084731223,0.103468219764665,0.17035883854111,3646.84400021615,1,1
952,-0.5,-0.329230606465055,2.32048054195602,0.76264579167589,0.825244933648701,2.32503493233081,0.124350683969311,0.0454768458954145,0.0720743928826584,0.109814941237822,0.182266132534023,3582.80136413674,1,1
953,-0.5,-0.501296835170864,2.27903829004909,0.741148223126444,0.933230830324105,2.05840468921583,0.149187091488426,0.0481173835750792,0.0756779403350356,0.107484048700873,0.176684903839695,3557.45487375627,1,1
954,-0.5,-0.245118861057878,2.27923381802525,0.823951963987942,1.0516446186551,1.89993650319524,0.129039990129335,0.048037297827659,0.0735103996477135,0.110391703933694,0.183403171264818,3615.19899608422,1,1
955,-0.5,-0.428622488485311,2.36940764724676,0.73257814717135,0.866351062071663,2.29955694068154,0.137651719661301,0.0454263111222853,0.0730635434860282,0.107347866350737,0.175500384563022,3624.2418664296,1,1
956,-0.5,-0.461791057281022,2.24874608770313,0.796688541446311,0.96415034893117,1.87117656549314,0.160041232756955,0.047698532934087,0.0754563651717766,0.109310961462475,0.180027470928938,3543.08604089506,1,1
957,-0.5,-0.562319990406962,2.34730827095336,0.791739535287377,0.859621207750159,2.29175875580289,0.159313210821657,0.0446493878229394,0.0717318621922211,0.107929645832795,0.186423852857756,3589.63874105812,1,1
958,-0.5,-0.448521152557957,2.3361695389896,0.80101196540955,0.952709098320004,2.10207351679979,0.160322321779645,0.0460107387522908,0.0714096032203321,0.105808373104398,0.178496478563104,3629.77500207104,1,1
959,-0.5,-0.390164225431305,2.20988945899026,0.920248746582823,0.866698860830146,2.16353611530413,0.143866230726927,0.0478429092192183,0.0737099136008944,0.110225993805461,0.183371470897782,3561.69542978777,1,1
960,-0.5,-0.521820710965787,2.24472021589052,0.803236671039963,1.00901142458106,1.82493315810376,0.171807768328896,0.0459934417942482,0.0718264404644215,0.10440377619415,0.177571315770299,3531.79498307346,1,1
961,-0.5,-0.225591499729109,2.29466818418754,0.798480938667375,0.98959043758257,2.23155021545793,0.111616566237316,0.047802435513271,0.0768604633001456,0.110025257564444,0.183047136160095,3580.91807067289,1,1
962,-0.5,-0.433972622417203,2.33395599170347,0.81357020874236,1.03620213442069,2.07996709174181,0.141635656268096,0.0494415071999315,0.0779075848396991,0.105996585020425,0.178827374593739,3620.174054505,1,1
963,-0.5,-0.527718007896317,2.3554725684252,0.688500796740303,0.993486020342955,1.98627743803798,0.156120669154625,0.04475253219447,0.0728779780337311,0.107063012603906,0.176584489095617,3591.06804591852,1,1
964,-0.5,-0.395953956265314,2.38413007263363,0.624415643246795,0.981521651220262,2.1196172456848,0.13764608182457,0.047328803001368,0.0747207274020667,0.106952057582521,0.182119535166503,3592.00857584039,1,1
965,-0.5,-0.561007395293839,2.39356156592465,0.654740697930163,0.789443300144711,2.45808462955422,0.152468228853414,0.0446739985160607,0.071209287084347,0.108306767064195,0.187573180305569,3558.65153247309,1,1
966,-0.5,-0.673925916916863,2.33438852056748,0.756045707810594,0.943256579381824,2.04906162444206,0.176043467455081,0.0462535081867575,0.0741827013443483,0.10637230033809,0.176149604835299,3585.18607601192,1,1
967,-0.5,-0.289424803152182,2.25910819544359,0.845584759729818,0.967707741330403,2.08103925549439,0.137127591304725,0.0476618987447317,0.0746470330558418,0.108455593009629,0.17882180286886,3593.28789353418,1,1
968,-0.5,-0.590583809197114,2.37191293859726,0.721528181695023,1.0491211388891,2.00026187097307,0.164673757111836,0.0470099253319585,0.0738399139607052,0.104073888875328,0.170141271431733,3626.27316752502,1,1
969,-0.5,-0.498500660790475,2.3517031404277,0.696780438157626,1.1862285666591,1.750617886941,0.153722855226345,0.0489434664914453,0.0788965966762036,0.102648793593006,0.173687866025179,3617.3709629027,1,1
970,-0.5,-0.636992301660121,2.34183797510869,0.788498970348839,1.09186307998752,1.86388963578015,0.173580691422014,0.0472055235681738,0.0748231242132223,0.10120620368728,0.167658984599603,3617.23792087167,1,1
971,-0.5,-0.7671789436187,2.317189206977,0.778413078416401,0.961495784394926,1.86845375383552,0.207079413128341,0.0449006796048241,0.0716666495584332,0.104424213005331,0.176058475437184,3573.2279915301,1,1
972,-0.5,-0.519062389808905,2.35756111789657,0.791422186576525,1.04612966724077,1.86896561574804,0.162929772534311,0.0450363229186368,0.0721971872402326,0.105573460534426,0.17454541839301,3623.7925465869,1,1
973,-0.5,-0.528199539312002,2.27900767247765,0.818712473366743,0.960935284550061,1.94749773756951,0.165181156463185,0.0463164874400383,0.0732280319949189,0.109813587534319,0.179434855951109,3594.90237396983,1,1
974,-0.5,-0.579793568842724,2.28993336100772,0.812830759911157,1.0838263272815,1.80430737177355,0.167695108824133,0.0475510860726206,0.0744495205486518,0.104423404830603,0.176017775853956,3586.21995416422,1,1
975,-0.5,-0.605646390793023,2.34348237540399,0.755145934970635,0.905937277128055,2.13979590860847,0.164077542460047,0.0471220129508019,0.0731421174881369,0.106837624942919,0.173067217867277,3619.24839699117,1,1
976,-0.5,-0.635695158490711,2.23971922097614,0.921591279958681,0.979052598127006,1.99646963476312,0.174893728486323,0.0489460974188372,0.0765052490866722,0.108394088634727,0.176416799221928,3587.93453090442,1,1
977,-0.5,-0.511661089503092,2.28131121338036,0.832602049843967,1.07192547502978,1.8375124988153,0.156509123486755,0.0490343593838034,0.0760332819291674,0.102422109254894,0.174109215878354,3580.44676524737,1,1
978,-0.5,-0.602358969836028,2.32802923765438,0.697989073868334,0.959578171003551,2.03430722759956,0.170497315414394,0.0475608640183236,0.0747990860394273,0.10585921387482,0.176901197258671,3571.60568101443,1,1
979,-0.5,-0.49392518263296,2.26893171691956,0.879022825888143,0.976971209201795,2.07332517117083,0.1487636558592,0.0482038528762012,0.0753886383297184,0.105182651079626,0.182778366058215,3572.55410877808,1,1
980,-0.5,-0.442840455439748,2.30362893182979,0.768939044606551,0.95088779244099,2.14950931720678,0.147208940021298,0.0481760978152548,0.0757706444713263,0.107499477179908,0.182641178625614,3576.86071782197,1,1
981,-0.5,-0.365422692735143,2.36181634595677,0.711713789993952,0.929945060243726,2.15747291633386,0.135282768094817,0.0470173245313297,0.0734010458572071,0.102836248507783,0.174674162790783,3582.1204398287,1,1
982,-0.5,-0.54737102785367,2.2153260687168,0.921412342194531,1.0213547878528,1.91244388238598,0.15911673857148,0.048342930986563,0.0719316390369601,0.106629741282339,0.179369746059537,3586.6317389545,1,1
983,-0.5,-0.529361255610054,2.34616928389217,0.706385839209664,1.06371268827946,1.87226059271759,0.159290710563752,0.0465587279135778,0.0754084711848988,0.104301489366663,0.176927443438972,3587.74186964641,1,1
984,-0.5,-0.713396384047087,2.24723641858042,0.860530979027537,1.04908392642646,1.75007781448004,0.18682920949802,0.0495684874316659,0.0772570972811287,0.107536203926609,0.176871429582076,3562.06618456825,1,1
985,-0.5,-0.392832488342412,2.22275893377686,0.92124374074205,1.03942007961023,1.80159459731568,0.146264754758604,0.0486150387909595,0.0751542360435801,0.108292882104389,0.179495671384638,3578.82062103982,1,1
986,-0.5,-1.00394958532395,2.32122876557261,0.762212634025336,1.10261845197521,1.61938426993314,0.243125020484796,0.047031630982935,0.0741348926372424,0.100001631412597,0.168282315969792,3593.24884745417,1,1
987,-0.5,-0.524822513790954,2.21596901850098,0.925219637095553,1.04098988343298,1.87398331734601,0.158990359744421,0.0476363159638429,0.0737211067959865,0.103571171455788,0.174549828684907,3564.98027800953,1,1
988,-0.5,-0.739982669326198,2.29303321421697,0.776009904664675,1.00046396045051,1.94328255449498,0.188080690730408,0.0490993971370418,0.0760024323941394,0.104827071445283,0.172554337245513,3575.33600467923,1,1
989,-0.5,-0.486636458560833,2.23424571583655,0.925550090905525,1.20264076838516,1.64483116041759,0.163251206951772,0.0487989828037472,0.0779515779034376,0.105015157133902,0.172186396350178,3608.780230891,1,1
990,-0.5,-0.641037619500508,2.27036275182288,0.803958297721593,0.863327593117047,2.14702574811522,0.189624206468571,0.0479552110786318,0.0731666628372992,0.105549629436919,0.171959591836213,3584.74363288583,1,1
991,-0.5,-0.671141916593126,2.32087823247352,0.766768113162954,1.11332819455332,1.78063651361352,0.185419735154087,0.0478223572218265,0.0755428981957688,0.100859205434342,0.166944618131675,3613.01658213138,1,1
992,-0.5,-0.577197618581227,2.32491385430575,0.748869743901753,1.11462311233406,1.79049850055189,0.174999350370162,0.0482484150521225,0.0756904783180418,0.106389989824539,0.175526462725039,3606.15425793426,1,1
993,-0.5,-0.537504165348499,2.34356473356629,0.689932933647177,0.7992308576158,2.23699663246495,0.16731902143424,0.0456836264697465,0.0718619887299937,0.114498907293682,0.179720299569895,3610.58297769431,1,1
994,-0.5,-0.255641579704229,2.33829466875994,0.707373152880469,1.05769722533874,1.93472433316192,0.127456705103832,0.0459077315754191,0.0730051768163194,0.109034075903555,0.173643057111599,3612.18413587605,1,1
995,-0.5,-0.65750043375247,2.33972376645079,0.782564758367838,0.949392402678073,1.98826978020191,0.196265327798176,0.0467982373503934,0.0715584745211532,0.103070696989959,0.17351256770678,3612.43059931741,1,1
996,-0.5,-0.281931495996436,2.26291388873517,0.919093003391632,1.20464852664395,1.81057545480549,0.125204920317299,0.0490333441955834,0.0773226188282079,0.106518271449153,0.174804960928361,3639.28074409112,1,1
997,-0.5,-0.452669371518472,2.31607051165728,0.766167889055334,0.983118042907316,2.15519987986815,0.143216189037186,0.0493380590326627,0.0755510503454707,0.107226413913117,0.17633454315048,3624.87539071505,1,1
998,-0.5,-0.467645438046384,2.36119948939554,0.626125255998065,0.836130417363736,2.1197893795147,0.15723829439737,0.0456682050146125,0.0740349133008085,0.111429346380074,0.189351176661186,3538.95872425806,1,1
999,-0.5,-0.2905256800499,2.33526016815734,0.751127187037154,1.02243557801488,2.08214495269372,0.124861001358933,0.0467957096481491,0.073451248938096,0.106461133136896,0.177410182360017,3613.71012149437,1,1
1000,-0.5,-0.587433112887025,2.30448461792303,0.796333988457785,0.991212878520072,2.04026267724379,0.162838109701453,0.0472588418734436,0.0745717430757448,0.103349349416136,0.179566588890716,3569.28979794894,1,1
1,0,0.0672993337165368,2.33195653212107,0.729463833474419,0.983272091846237,2.15857186063796,0.0933889640570518,0.0460228538921711,0.0709688909944054,0.110101864690617,0.194660009610244,3578.02932366718,1,1
2,0,0.0469226936618846,2.32625163161849,0.785650281066859,0.842732179859351,2.20511919406437,0.0936854665215451,0.0441405054386808,0.0680700957604645,0.116306331769025,0.193210192932749,3596.65374791948,1,1
3,0,-0.221219394334037,2.34391252526571,0.760338255959721,1.04689199327803,1.83940148108339,0.131820634063948,0.0466624700839291,0.0718107354938504,0.111672525979072,0.188226399614811,3631.79297740768,1,1
4,0,-0.0802275234450399,2.27683476158709,0.838136988942115,1.04660939517395,1.84641425782459,0.114044823699888,0.045686738485323,0.0721452481862094,0.109651548921182,0.188277293648733,3576.14501418662,1,1
5,0,0.00259793075180392,2.33537471324892,0.759940338400429,0.969273970952982,2.0559073822747,0.0974607462115635,0.0460019260840735,0.0714274224558912,0.116176379968806,0.196314106689199,3609.3626672638,1,1
6,0,-0.0547071653471988,2.34739594301447,0.748424797528871,0.858414393493043,2.14578629080013,0.111016039943474,0.0437733154199332,0.0678798019250448,0.115346288978217,0.191122183760404,3609.28466253105,1,1
7,0,0.0471676859291504,2.15202489515945,1.04192918572543,1.12541537603857,1.87062381531488,0.0939736552714756,0.0492327485305363,0.0735284846581659,0.112633461202942,0.184285733497468,3608.09800013783,1,1
8,0,-0.0673034877660736,2.37379452894813,0.740347617461821,0.870618418260339,2.10507598086039,0.115635416352126,0.0438151401376698,0.0682549588361266,0.115612976030279,0.189732110091166,3626.1077120538,1,1
9,0,-0.0654773472464406,2.40989266030595,0.65979668370965,1.06370301914222,1.86724734015165,0.112388714900595,0.0454554026262247,0.0710175258415695,0.110158018965848,0.191943737346783,3630.55373032392,1,1
10,0,-0.200570802168231,2.26696139408686,0.908957064670828,1.0845620994248,1.9411759367767,0.121488088446395,0.0485044729587688,0.0732768556827702,0.110691095151173,0.182860575229821,3642.58919633957,1,1
11,0,0.100398851059687,2.31310015976678,0.742688012599037,0.770448165908852,2.348738697557,0.088102885442464,0.0452412288923264,0.0716914527578835,0.12201553973466,0.203235022105708,3566.67580386477,1,1
12,0,0.13293977660807,2.39098204321424,0.733727551251857,1.07697621994915,1.98934129195712,0.0836287674947703,0.0450347398496262,0.0705053718126936,0.113661346935452,0.200075632528999,3639.70815769612,1,1
13,0,0.0484649148555552,2.31080023462181,0.814083409022975,1.14531726603273,1.87651757769903,0.091717652886125,0.0476899287026967,0.0722152396339264,0.112419428985309,0.192325307428949,3625.25952900315,1,1
14,0,0.291943996741733,2.29482571557137,0.839092175669853,1.00004794316812,2.4032160890485,0.0639455698471204,0.0449547563431453,0.0687671994132086,0.116765036105986,0.212435386422864,3576.7523235654,1,1
15,0,-0.12686121968353,2.37132783049129,0.73375312279545,1.11098291351221,1.63201233127243,0.126401215511235,0.0473363486570425,0.0722122437324316,0.114703965381369,0.192077336982349,3637.16206540989,1,1
16,0,-0.0104060256758597,2.27995775286655,0.881839046218716,0.861656345155317,2.23268986439898,0.103339523636767,0.0463320265245342,0.0707512433150287,0.115598383054879,0.198807059026356,3600.56946986218,1,1
17,0,0.000121656837574757,2.29830578858987,0.8010347854579,1.05831426985555,1.99141316537461,0.0982005432311887,0.047132282578637,0.0734124955501832,0.115000694297371,0.194209093067753,3607.01718680824,1,1
18,0,-0.252822701454704,2.31033715610279,0.789275198520152,0.956056446137485,1.94372563625559,0.140002292133907,0.0451843236450337,0.0702751831063299,0.109192444002855,0.180439117877353,3601.74011292266,1,1
19,0,0.0213732126373459,2.24270311446325,0.841821778293064,1.01175153138492,1.95083731470829,0.0940606242335541,0.0478498432268506,0.0726619318479709,0.113986159525594,0.197626707371548,3569.22237447203,1,1
20,0,0.0318033321760578,2.25037011778706,0.832558678969158,1.00341502151323,1.88023836287063,0.0985276567561203,0.0458857094979778,0.070069226711375,0.110603026257322,0.191034173292079,3550.74210348626,1,1
21,0,-0.0978932586335867,2.29499156627133,0.821857344716114,0.919543409762448,1.94974118116067,0.116482866108375,0.0464291854971381,0.070808992533611,0.116958955864354,0.186439062824658,3617.58551689387,1,1
22,0,-0.116879265164247,2.27814243938916,0.786723810990278,1.12887125231571,1.63941651609762,0.117291199825267,0.0466694899973223,0.0744628261085285,0.109441065857193,0.181429577077343,3570.98817990087,1,1
23,0,-0.0854985011998024,2.29450511086398,0.816648972940546,1.17962206833675,1.78684589084899,0.107892366088609,0.047924406648429,0.0731541323431313,0.109269163027244,0.184573615729116,3618.05776380261,1,1
24,0,0.0774069320397375,2.21486885853566,0.941889461436764,0.823781613310785,2.3689634205758,0.0893421338547025,0.0467635147489899,0.0710325820221539,0.116541154147455,0.199491185531059,3560.56275220938,1,1
25,0,0.138269025711969,2.36108934787299,0.685862087829753,0.711491470655794,2.39951324129931,0.085030631065164,0.0432466592500938,0.0665445577029567,0.122553189535202,0.208080599445543,3568.81846169017,1,1
26,0,0.146136115342386,2.32023403055937,0.72178495775671,1.05215564695976,2.10274846747842,0.0770768444838605,0.0466857000118122,0.0723098627951396,0.113340755814157,0.200348231355561,3572.3522489935,1,1
27,0,0.0890380310730236,2.26018837348215,0.872941503135551,0.892756591720723,2.26624376010447,0.0876766258687648,0.0465229547816538,0.0694369773272358,0.116109388342657,0.195773808097529,3585.81047250943,1,1
28,0,0.079292786264753,2.27566203383446,0.778217524720504,0.865960085452062,2.18464306616854,0.0947883294906224,0.0445407908650941,0.070988784862648,0.119107059311936,0.198090588618778,3555.3846433296,1,1
29,0,-0.0180550183718279,2.26199094241644,0.822640305796709,1.09187433419169,1.93464162741825,0.101029771766449,0.0471362738382878,0.0730844433041574,0.110452066122287,0.182997038736647,3585.11381173282,1,1
30,0,0.028393940150135,2.29735738053267,0.790906623325739,1.01754061537839,1.95540987212206,0.0980148866262448,0.0439487435531168,0.0687294183324155,0.112124099979845,0.187924769281357,3586.82559646299,1,1
31,0,-0.0284997630173953,2.34021038160248,0.773335576176462,0.74573730814317,2.42900110004418,0.101318230141976,0.0447285339405643,0.0684759613249999,0.116640433929422,0.197663256470505,3601.83664063098,1,1
32,0,0.0250145699497613,2.24279065731141,0.826536755920259,0.793027604646297,2.38057656484171,0.100133007161141,0.044426888307713,0.0702900820804504,0.117494174235442,0.209147129942201,3529.39698230237,1,1
33,0,-0.0921142999787346,2.28996517247594,0.855463400550987,1.12691769009844,1.78803938085342,0.113814452825628,0.0466248868785246,0.0728762228959063,0.112763482834569,0.188763219857228,3621.19110851803,1,1
34,0,0.015719647846512,2.25612907611122,0.869410081459138,0.911082466885449,2.14714170910766,0.0970445771013563,0.0466429860935462,0.0715910847458444,0.117122237274752,0.195073772186227,3595.80167876158,1,1
35,0,0.0613470870347346,2.36196805792981,0.751933742779298,1.12265530997456,1.99873697535622,0.0857893282275724,0.047947194658706,0.0728427463396765,0.11549331759025,0.186229807101219,3667.83378197567,1,1
36,0,0.14554253613679,2.24200767678481,0.867298454051642,1.07413404651461,1.90693100662171,0.087484783166336,0.0476415130483301,0.0731060488367483,0.110197570785085,0.196758465878567,3562.02613024935,1,1
37,0,-0.125220965053901,2.3705893507563,0.664655568534916,1.03404092944653,1.95325819264585,0.120646338572922,0.0443198967651391,0.0714086993424428,0.110347032870852,0.191730237875588,3594.86131686106,1,1
38,0,-0.147302278952989,2.31173687744689,0.767003627584016,0.91185170992968,2.01461215815965,0.121382118956876,0.0452622501408363,0.0721256075666805,0.114049942760091,0.18725822860725,3592.70484342305,1,1
39,0,-0.0861792300957427,2.28958890438781,0.855724131113032,1.02788895457834,2.01203740294317,0.104738052744064,0.0460371343768399,0.0711066082593544,0.108810745840653,0.183564555346662,3612.56608714449,1,1
40,0,-0.0823966040216274,2.3591513107947,0.715958952984152,0.907782780476456,2.01590472972608,0.114636517855192,0.0446570123854852,0.0688099273764744,0.114158783569553,0.188585454338347,3612.4332100379,1,1
41,0,0.0996466410612632,2.31633134596898,0.796870057690954,1.05916198499043,2.06459017053354,0.0837226215626789,0.0473037140761524,0.0732907838953764,0.115207176664148,0.188253832065084,3636.60813383597,1,1
42,0,-0.0182897826435628,2.27925157645244,0.864058075124286,0.88540161345451,2.16878819570181,0.102844579957091,0.0441161973571892,0.0685581890065507,0.114179702445711,0.190508811901561,3587.67937677615,1,1
43,0,-0.0324574988504834,2.29086742804274,0.8145020044792,0.826034514618695,2.2160013147912,0.107814348434859,0.0448562220397446,0.0691184416246126,0.114767471851402,0.193060619988705,3568.41887142381,1,1
44,0,0.0100038517455159,2.28499427119758,0.808694768630819,1.03304921914618,2.03160040085313,0.0949012579907035,0.0457903569545026,0.0727955981327006,0.115245058077322,0.19794584122126,3587.3219719164,1,1
45,0,-0.027390272309753,2.34934347866286,0.719503470844262,0.955690058078459,2.01230026004783,0.102098764605209,0.0447370273620123,0.0713224319280822,0.109818376014617,0.184015735057384,3588.71183212837,1,1
46,0,-0.00733182026581436,2.30100304115223,0.861074536410768,0.95741693074131,2.13515423260343,0.098194003685417,0.0454673643446364,0.0705443409120175,0.112041415771092,0.182704937182037,3640.25124959129,1,1
47,0,0.220317367478589,2.2257254910536,0.871893818936443,0.965551817916773,2.21869645840472,0.0740431038043932,0.0461432193264595,0.0694536059397435,0.115500208768841,0.211971050646522,3544.36190650086,1,1
48,0,0.0581261894046469,2.32009934479819,0.834727662163847,1.06240674798321,1.85766313258647,0.0940606311482236,0.0460857364378969,0.070988927598269,0.114587997541736,0.181343842660233,3659.8161309654,1,1
49,0,0.0151959813949219,2.3228522431695,0.801509026516597,0.95408377332241,2.13891521269916,0.0939142458132135,0.0458316804349183,0.0704713333915303,0.113654894711189,0.194128410964211,3624.06054439886,1,1
50,0,0.0689320975393645,2.31099629556463,0.8049874327341,0.737822294626022,2.58484143508094,0.0851394209229379,0.0436411960131765,0.0677052093988208,0.117013170960742,0.20631677949448,3567.12192415403,1,1
51,0,-0.113629134167453,2.3246545378552,0.800482363409388,1.3040179434042,1.35002081578274,0.124976179988169,0.047120353906232,0.0728830652547879,0.109240365684178,0.177121708365733,3642.69467471141,1,1
52,0,0.0222841792824286,2.25720062935895,0.865616278230786,1.03383953461403,1.8874095008244,0.0993014517103095,0.0469869999932141,0.0716627181862718,0.112109170437701,0.190743716745949,3578.15971763314,1,1
53,0,0.0576063790756959,2.36125344673503,0.728115328952069,0.761865146550848,2.48818958881863,0.0907513661449044,0.0447109039389519,0.0704454165773965,0.112909553835978,0.194239950806128,3596.52589747974,1,1
54,0,0.0679793746557824,2.27386492590982,0.801475915096049,0.934953985024827,2.1198053483951,0.0921562320630133,0.0465424577363798,0.0721904014034552,0.117154446070331,0.203311247913276,3554.54911411083,1,1
55,0,0.0533617926935733,2.30225520847041,0.806313142043113,1.06976578068964,1.89152625930154,0.0953056641911015,0.0456109292431643,0.0708512419115482,0.110581933759612,0.189027600638436,3591.97704489979,1,1
56,0,0.164545239163841,2.31988770503484,0.820633711914561,0.736656241667666,2.5464428524184,0.081264054217865,0.0431602991869965,0.0664860041545985,0.117062710125554,0.208937472024211,3568.50346691191,1,1
57,0,-0.0802211140997045,2.25978524595959,0.883931968768121,1.06685673321191,1.84285810297416,0.10917877010251,0.0468654360662864,0.0703090380005614,0.11372078805889,0.194395485697704,3607.69785272463,1,1
58,0,-0.00722524355017883,2.32848038066389,0.775234098100401,1.02743413472783,1.99995750772808,0.0938195557103774,0.0468314835878965,0.0741521969179971,0.111917586674487,0.185276652883376,3612.04071236154,1,1
59,0,-0.310451096790526,2.25670645223701,0.858049273143387,0.867776942199736,1.92727807020698,0.148032751201799,0.0457893231285713,0.0711714420635317,0.112330622369429,0.177112170704713,3577.65067689016,1,1
60,0,-0.0199112214016215,2.27483765726428,0.817283941627474,1.02380846883589,1.90438837370739,0.0940079610723578,0.0481212911719896,0.0735752064251603,0.11608010363291,0.178488385309824,3621.02281177851,1,1
61,0,0.0983147023804231,2.40466491929991,0.68273441627143,1.1556335437482,1.88866564576315,0.0896368286543672,0.0450686407400364,0.0704153149630954,0.11025096804481,0.19380918895013,3641.51473435169,1,1
62,0,-0.0612474004862861,2.3191827998361,0.792788543657997,1.2831286412747,1.59242757565626,0.104840064724803,0.050390395768785,0.0778371669268075,0.11289530277112,0.178794985406058,3670.51731737719,1,1
63,0,-0.0556995084048184,2.30475568354773,0.794156056638135,0.848213896025439,2.17500355034904,0.11002739954815,0.0441564306898271,0.0689191323344668,0.115067989988978,0.19653788224826,3568.5022327621,1,1
64,0,-0.109288980388991,2.34238291871289,0.777221216556733,1.21161141222254,1.53792500206043,0.127816012364702,0.0455596496230818,0.070129922755436,0.109085317521874,0.176184076674297,3648.0540072921,1,1
65,0,-0.0445765388262731,2.29447356853769,0.815875026078079,1.08643159473862,1.7150759477872,0.109611744002885,0.0459565278470054,0.0708410538099296,0.107361439050475,0.181436502846381,3586.17280532572,1,1
66,0,-0.0904309818493803,2.27664135442133,0.86213547712241,0.892512584408829,2.03202455961632,0.118555016812645,0.046968290379167,0.0727701375240457,0.113667908072191,0.197638967606285,3578.67298711531,1,1
67,0,-0.0291398174085662,2.26648424551364,0.864617088111623,1.03125800342349,1.98312027084765,0.109592503355008,0.0486781285512471,0.0757984334321864,0.114505498728287,0.197284744087078,3604.08687145193,1,1
68,0,-0.0160870901760329,2.38685809300141,0.686732328749118,1.1232889520465,1.83787156681524,0.101747128326274,0.0458880499737677,0.0719185633629515,0.111514731543401,0.191901586077686,3628.52985664427,1,1
69,0,-0.0217679462759915,2.27122879372251,0.809538818071554,0.929495254228763,2.13772051445754,0.103655789084604,0.0468900853556407,0.0731983201983281,0.109687233078753,0.190744120902808,3558.59966815973,1,1
70,0,-0.121904557515384,2.30573955267816,0.797134167182657,0.860490317015526,1.99004143656162,0.128149703650963,0.0439108854327427,0.0699337547420591,0.11723799957942,0.194602591359392,3590.69565831435,1,1
71,0,0.0280756030503877,2.33474657907532,0.735493730385715,0.946797445469495,2.170994332891,0.0910906218176035,0.0467334865669479,0.0723748529081376,0.112878814980994,0.182406073081372,3616.50031471857,1,1
72,0,-0.151994974243005,2.32442081661619,0.778079626095754,0.872916738787912,2.01857414427297,0.129652012879958,0.0447253659107451,0.0680998346060246,0.114852105113917,0.187248502957443,3613.44699629519,1,1
73,0,0.0676520570252674,2.2783452492369,0.866964336551431,0.93829888280856,2.28169118170858,0.0868142382468663,0.0459198257314837,0.0702453748863297,0.114763818940223,0.199659984778033,3591.21265614897,1,1
74,0,0.0293616857610759,2.34201501156443,0.768759739911676,1.07060819311555,2.01457705453537,0.0964457048313673,0.0460248529391075,0.0704417930816727,0.109677285235299,0.189195368703596,3622.14949679094,1,1
75,0,0.0148567841313467,2.34192882682321,0.763947254442462,0.853133529890543,2.28546029410977,0.0952280592532183,0.0455643130378932,0.0714086382494655,0.117085746147508,0.196212490935354,3612.82624478043,1,1
76,0,0.0282049721089715,2.26589887474377,0.905983938603607,0.988010119217687,2.01704922657217,0.0961058128592223,0.0484073724977477,0.0737618244248517,0.112719189726996,0.192508535371555,3608.96474748426,1,1
77,0,0.121940254533047,2.28648842054333,0.804138098518903,1.04546451706331,1.95347322080363,0.0870495276512474,0.0467256688850236,0.0712958560812298,0.116000536076865,0.19578855513196,3601.18480063281,1,1
78,0,-0.179979899975493,2.27109089148663,0.855282126279805,1.02556621230645,1.85237701857914,0.126134712283915,0.0472238865672613,0.0725568875655442,0.110837834017,0.188628970747485,3597.94137303017,1,1
79,0,0.0333452880173648,2.26629230587939,0.894441455358978,1.06454410012979,1.97142116907156,0.0938455828084548,0.0477373795305212,0.0715573112900899,0.116475086531699,0.185444789543732,3651.48247456441,1,1
80,0,-0.140129426813014,2.28585669758507,0.820766576271859,1.14761431777971,1.67937629298787,0.119933558758797,0.047784828604537,0.0744187965373696,0.110250406880134,0.186960320719352,3606.57578191374,1,1
81,0,0.058587918807455,2.30960819668912,0.773651317983957,0.94486516992491,2.04899949223125,0.0967588610066166,0.0445505339597647,0.0704932493001066,0.115999707232262,0.198882493456441,3581.36807511986,1,1
82,0,0.0928494125417379,2.36331421411154,0.672990492626908,1.07830523947016,2.02863971752132,0.0819848273272881,0.0472787048062957,0.0719029730040333,0.113004579471924,0.19490931518551,3609.69574078368,1,1
83,0,-0.146421577534554,2.38785778343855,0.668008505347867,1.0442781655528,1.7726720164282,0.132643128317331,0.0448744455986475,0.0696252378429651,0.112331480489704,0.188608130202781,3619.58258105288,1,1
84,0,0.0423722192744573,2.3586467003458,0.744988753113352,0.820390926565214,2.31533088506918,0.0961950196301613,0.0463130025026737,0.0708375523912278,0.114168190182335,0.198880912279593,3593.71561915571,1,1
85,0,0.0682183254615233,2.39501581085163,0.732271533788125,1.0148196270691,2.05832504101841,0.0907316437100281,0.043673353085617,0.068840183346141,0.113364591867194,0.200377042004205,3641.36154547251,1,1
86,0,-0.146719571505013,2.33816108993645,0.68582093251567,0.897441216880699,2.0693392718565,0.119420561528987,0.0452851796644297,0.0722283291121607,0.113388203313925,0.186895017129951,3573.4938962777,1,1
87,0,-0.116844535176708,2.3020826631133,0.769167710090096,0.81689630105659,2.15638311494918,0.115592843489621,0.0455345173190386,0.0715219391199727,0.113805706430569,0.192797669183226,3561.47652316323,1,1
88,0,-0.021779414799125,2.25088043586032,0.892345422517126,1.09271518506912,1.80110528115088,0.0979892161596672,0.046843630697229,0.0721166413342852,0.112190131958845,0.186382168649723,3612.59559036635,1,1
89,0,-0.0475720935686584,2.29043829795161,0.798235259905116,1.10216482051233,1.73613251314318,0.114587596133641,0.0467180349790494,0.0717172736399346,0.114279743085907,0.191176698464307,3606.533784637,1,1
90,0,0.0885816786702871,2.32946974634703,0.761708539338236,1.09666309791708,1.96832545693459,0.0854295758429329,0.0473771894220315,0.0752536891542233,0.117139190935297,0.198969275661192,3620.91229382245,1,1
91,0,-0.0986267930129761,2.34634017310558,0.68343079678988,0.956377154263203,2.11273967678087,0.106695210954571,0.0453672195226064,0.0719747659551473,0.113311135580408,0.184255339618531,3610.68219806435,1,1
92,0,0.0835585443868011,2.24649330492479,0.890655255221682,1.00751303824337,2.03834386076102,0.0933927435277522,0.0464038994312473,0.0704767387149871,0.113278609175075,0.190385981497029,3606.96316518788,1,1
93,0,0.0162608542547356,2.30956441387652,0.824167176769361,0.75656305117577,2.35360971963076,0.100280399449901,0.043938806258657,0.0678541787987295,0.118657715173927,0.200986631607646,3589.37410092879,1,1
94,0,0.083702762883539,2.34284218091423,0.763069927130546,1.04458004138623,2.07608245816676,0.0855950620141907,0.0480961165954171,0.0741816848422708,0.116692586006455,0.198941087926131,3630.53894320582,1,1
95,0,-0.00766391893548663,2.3677826293067,0.785881395629981,1.11818270588115,1.91413650025183,0.103867409488321,0.0454342315172938,0.0710767817293973,0.107302445222639,0.190342395645136,3637.98907559723,1,1
96,0,-0.0402406425007125,2.30404404890717,0.827833131059297,1.02913407063004,2.06897039392948,0.103559467382675,0.0453890415927451,0.0704487966209461,0.110060750204733,0.185419650166016,3618.42773316958,1,1
97,0,-0.140234827783345,2.25430157273962,0.820850570976866,0.964608364318362,1.94238646691003,0.123087828331618,0.045741299665663,0.072115925126788,0.110155038472471,0.187055682940763,3555.6245892911,1,1
98,0,0.186356234854608,2.23898485401389,0.966103005047436,1.17174098438495,1.85933315783917,0.0755377347449239,0.0468753991369675,0.0722589625594471,0.117126951985375,0.191690481945924,3629.12197847622,1,1
99,0,0.150361413129317,2.28475156528541,0.848634177460774,0.753400980794299,2.48912450686705,0.0819537038965965,0.043675282730449,0.0673850851768272,0.118724027782638,0.206815195116668,3564.12054366185,1,1
100,0,0.020945043648703,2.2835603405826,0.799995848601357,0.748643085168103,2.31534053150046,0.102255622580547,0.0452037995685644,0.0693537034674116,0.118460188564771,0.197878689811293,3579.61122526211,1,1
101,0,-0.252921107860704,2.29050558413852,0.802087233170911,1.14688393614319,1.65991087329159,0.130090787371852,0.0472007487488178,0.0739115552844018,0.109708218983323,0.180071495421705,3606.46170340363,1,1
102,0,0.123273879866706,2.28677410572579,0.797968470856908,1.08132096943742,1.98837473968301,0.084692380931136,0.0472444885519616,0.074324214947899,0.116431733578088,0.195577935735401,3604.1384103804,1,1
103,0,0.00165699392261315,2.28377853357032,0.850972398984536,1.09171872251907,1.96411888401391,0.0941343139683531,0.0482636849242931,0.0733958847747114,0.115862869566086,0.191495300907097,3636.90647672331,1,1
104,0,-0.0137126172547267,2.34886474564157,0.753402795738953,0.916761974660127,2.14636264153248,0.101358493402641,0.0442524764689479,0.0685191511652991,0.119453614453558,0.201497925328157,3605.79714612477,1,1
105,0,0.05010007738712,2.28243747542271,0.843483431860137,1.06395363602323,2.08520229339972,0.0876195631191854,0.0489166466090423,0.0735918336261129,0.113997330429472,0.192102847488284,3621.89890640735,1,1
106,0,0.0611487648406373,2.33013577770332,0.767328783060364,0.880689896011545,2.19767667033853,0.0936387014446284,0.0452495493106411,0.0708744911453182,0.115771120485615,0.197466433561093,3588.77702202443,1,1
107,0,-0.104426858374708,2.29132871407554,0.809276550707272,0.778677736484563,2.17552796591524,0.123065454089595,0.0437699889707509,0.068120939265422,0.118003677088663,0.193107781955969,3577.75600287066,1,1
108,0,-0.0763427432109817,2.29822238262498,0.7760135946175,1.10440433933713,1.72601916035345,0.112117306121688,0.0461875693129929,0.0733688716180478,0.110398747370698,0.185470164994895,3589.41274283205,1,1
109,0,-0.162879508602678,2.29992820764134,0.849949633122965,0.857271139684361,2.05059309139306,0.128792349912906,0.044497023291257,0.0683774558532143,0.113146563811754,0.187511054441313,3615.18687335276,1,1
110,0,0.0407062442676016,2.19931873894825,0.960875933712577,0.955426224489933,2.1150301426651,0.0928507088118117,0.0471891309313301,0.0726276647467585,0.113041506408275,0.194983947042972,3545.21009434687,1,1
111,0,-0.0924558230983388,2.22021097954179,0.877643327583511,0.921667589418355,1.9418056684142,0.118218015282573,0.0463838745161505,0.0724278130614739,0.113593721910625,0.187102897109555,3554.90792908837,1,1
112,0,0.00324517780438118,2.34579693039123,0.764652242436634,0.924166796198512,2.13184222260032,0.0920257128746163,0.0465550686311361,0.0714144051597294,0.114314906228272,0.180290893325204,3651.58718568048,1,1
113,0,0.0605972798679309,2.29073262574633,0.847104640634066,0.814544216238248,2.43476700462463,0.0838979839502288,0.0462074902389445,0.0698037107397122,0.117670631963567,0.192138294478401,3624.41284370757,1,1
114,0,-0.0118316469677044,2.35880418027167,0.730900180904104,1.05720970952728,1.90626668835965,0.107222567514111,0.0461005387392332,0.0718294920593103,0.110969137262428,0.184915770822199,3625.17018029745,1,1
115,0,0.0826641818302486,2.28382505220096,0.775731078210934,0.832209696095086,2.30863718751253,0.0864327525476517,0.0467360482021957,0.0719756831571987,0.116659418425141,0.188365925572445,3582.450400552,1,1
116,0,0.0899829266303597,2.26608939978689,0.876068365102211,1.04687750625304,1.96768867095129,0.0891589136704029,0.0460316523399601,0.0707200098128598,0.113847526835554,0.189013946866507,3603.26865916408,1,1
117,0,0.0455885977280971,2.34718995520323,0.71904538870073,1.09212032868787,1.88081846987135,0.0938622802088647,0.0479811747491476,0.07219742672892,0.112894028348405,0.190032353864411,3623.45618732131,1,1
118,0,0.113141687166044,2.35463362170495,0.722752596309472,0.829367652743175,2.33680695346392,0.0843229802606816,0.0453689527437361,0.0690620945650949,0.121007847212705,0.198290774174283,3618.49763259939,1,1
119,0,0.0285673952434871,2.29972483294543,0.835876178652761,0.963648646275621,2.20206982624739,0.0937714675915361,0.0476177964925613,0.0724450258805379,0.112715556427819,0.188743570586193,3632.26631237063,1,1
120,0,0.0509995834620705,2.24399188337595,0.857366496084675,0.865158513180638,2.10321880929079,0.0964465120818151,0.0452298656622548,0.0697061502258659,0.119615445475473,0.199276236727083,3565.32758708542,1,1
121,0,0.044115925467079,2.31735686397055,0.759591093658186,0.891588968435422,2.13257411265396,0.0973772332833559,0.046491633689438,0.071305539139085,0.119566128643703,0.197033606886631,3604.61871865209,1,1
122,0,-0.245321732648449,2.25290986723768,0.875698698696629,1.06448281173006,1.78344985109419,0.136414399467052,0.0481126394673939,0.0735823037468974,0.108162028020047,0.188121696538147,3589.04046255608,1,1
123,0,0.0295296610106971,2.20720959502137,0.95787658644284,1.06207953437238,1.90745910626171,0.091109048820264,0.0484692765865149,0.0737199516120475,0.11600836925501,0.187190078330896,3608.04296613105,1,1
124,0,0.0280598549052555,2.29121054826168,0.781516461894454,1.04579477260703,2.02384238881924,0.0889380057800096,0.0468456846394161,0.0737056570061397,0.113959437683086,0.186453995248143,3602.07874522243,1,1
125,0,0.0138680710812388,2.33538838399365,0.796580566586395,1.16698169976666,1.79832378556749,0.0995274462705488,0.0464476884668901,0.0720134146048075,0.110119578552891,0.189785745830546,3633.02738169259,1,1
126,0,-0.0559486312001636,2.29240577819519,0.803500480310638,0.927333746127781,2.0902129925328,0.109480244305575,0.0454084905778038,0.070938968861033,0.112741468590563,0.187122958355897,3600.7098617278,1,1
127,0,-0.00211217126266682,2.31452204001211,0.76608778954695,1.01615581094842,1.89747200501186,0.103923755621599,0.0457855992406275,0.0715522432854658,0.110535658813333,0.186094124980838,3592.75408055558,1,1
128,0,0.0592091465211164,2.26155585950283,0.843584137402377,0.852559338596383,2.23836882563312,0.0951639704637681,0.0446303245445372,0.0679162754509829,0.111812916558483,0.197954658877552,3549.2070630635,1,1
129,0,0.115748514502509,2.29247378809031,0.842424997597464,0.959416164561146,2.25565263721897,0.0814355781695858,0.0454641113855893,0.0711032004621113,0.113869799599872,0.204424704884731,3576.23778410918,1,1
130,0,-0.107276836301706,2.3168166379524,0.803422530222653,0.981720828059782,2.03562223762014,0.110590527105733,0.0456855155612079,0.069880369885947,0.108881702174067,0.184729082307006,3609.52190124108,1,1
131,0,0.201509833240336,2.23479590928014,0.806052830226048,0.962409404133441,2.0629421363605,0.0795229825997527,0.0464508626595442,0.0722531476315408,0.119101719344316,0.205935807019422,3520.49771146839,1,1
132,0,-0.0367819826804635,2.30921629711705,0.757742980192011,0.970108596606197,1.96296736514568,0.112207116930277,0.0450505224849232,0.0693167699559794,0.112330106845328,0.185143647196306,3595.00120169257,1,1
133,0,-0.0810087930486124,2.36951098664316,0.679345658806787,0.984033814818025,1.87045505970144,0.116104264790711,0.0439406039711979,0.0696326941512196,0.112453816553441,0.182422276845948,3612.9089534322,1,1
134,0,0.00976048274098646,2.26382424427784,0.841216780357817,1.0579775852578,1.74539035112811,0.110045275881569,0.0461472552592811,0.0721600240280756,0.114829464680203,0.201299696451962,3567.03040860126,1,1
135,0,0.0309510356689115,2.32336930750566,0.797228453644954,1.04933312080174,2.04687164862805,0.0887790975088227,0.0474233389134939,0.0744949763173103,0.113784974218523,0.184547475900316,3644.95674055907,1,1
136,0,0.0239451006442668,2.32994986081948,0.778091930786356,0.847673456476391,2.34277838179254,0.0905969747025155,0.0459017020811955,0.0713937592668775,0.116782611536621,0.191362949344759,3622.44500763409,1,1
137,0,0.0249202580299802,2.29948152080315,0.836197906183292,0.980013458795806,1.95740809732009,0.103575462411152,0.0454418513153472,0.0703805045695335,0.114161564975081,0.198994608560454,3595.10245182989,1,1
138,0,-0.0869457705511578,2.34376016263824,0.676399993475382,0.950370217215259,1.88872619671255,0.122657112274539,0.044728405591707,0.0703335747888548,0.114126009009916,0.188240649579794,3586.15781285445,1,1
139,0,0.0999408958632128,2.3513024742193,0.746006017993033,1.12257858343545,1.84452155688748,0.0844417658869501,0.0460464393538768,0.0723724736449239,0.113930690959056,0.191385060946007,3620.43986156453,1,1
140,0,0.0675776952189309,2.36187542939678,0.681691409181372,0.984796818285589,2.16714533460897,0.0848339283047835,0.0485159302032592,0.0728833728495161,0.112246509060035,0.18565354576336,3624.04919899559,1,1
141,0,0.121617263397925,2.33392281207203,0.81091969324979,0.982108449637336,2.2569355014178,0.0819346622079054,0.0469713323631956,0.0707453569712352,0.115965646020041,0.192001754217296,3665.76152656154,1,1
142,0,0.0195926556102747,2.27667410842099,0.89926326520886,1.14123031379013,1.7850712743128,0.094819709540614,0.0482106168002067,0.0746417207680908,0.11271370891113,0.181837593023933,3646.63427385144,1,1
143,0,-0.0718734922692016,2.30854776629628,0.779818460735791,1.0318681104711,1.59509771480272,0.136857870471858,0.0436157647627522,0.068800878248382,0.111531081458522,0.198541265387831,3562.23571248495,1,1
144,0,0.130955626840879,2.32493603242229,0.861309974609565,0.980103796038948,2.18405718084344,0.084714760328147,0.0439661215226019,0.0686673426705384,0.113209276383466,0.199553846160389,3620.57222511499,1,1
145,0,-0.084551770131192,2.27469062154315,0.810708740520254,1.09788295278612,1.85376361918679,0.105572501895371,0.0489187517888157,0.073525631077882,0.112399089781131,0.188474212414374,3598.37615936366,1,1
146,0,0.0788720518538029,2.25876050811384,0.901185510375062,1.17394975206148,1.72674178378974,0.091411455270619,0.0475304354017821,0.0722025176719454,0.110609134664366,0.195359194513712,3606.26598510068,1,1
147,0,0.0142437234863946,2.27647025219498,0.816793953698811,1.02880310572905,2.03864760269811,0.0954665190108272,0.0482205494895216,0.0730690606054676,0.112507606081404,0.186067221763518,3609.38974801602,1,1
148,0,-0.047330454947758,2.30714910892899,0.824853079772731,0.966525703403541,2.0576051068418,0.102529747629922,0.0461149162958799,0.0710155670352859,0.112920156175875,0.191309389149378,3606.4462148154,1,1
149,0,-0.00270077755883385,2.35067911881131,0.761197514056803,0.886764365607776,2.35290804829193,0.0842030605307764,0.0475648980844449,0.0726611593900904,0.118372046397607,0.198728992812726,3616.80913114828,1,1
150,0,-0.140152584839903,2.36081438853079,0.680514244607084,1.11608002461971,1.60427881325555,0.129824339616951,0.0456817219084016,0.0717132558212083,0.108413345704644,0.182157388779447,3602.07610842464,1,1
151,0,-0.0228892776259788,2.32011470367183,0.759278689503827,1.14560219123732,1.68866066521024,0.104208090784137,0.0482980379869501,0.0746166505677946,0.111390877947872,0.185110841038902,3613.74260123452,1,1
152,0,0.042176910618801,2.3266291574302,0.823740697560587,1.17606574340714,1.78048349924176,0.0975134822693695,0.0471864350971958,0.0731972908763939,0.109263046623009,0.185191857860431,3644.07831981159,1,1
153,0,-0.0211273470660131,2.26193882523508,0.835289399313713,0.972970444956911,1.9083366052698,0.110511000363129,0.0446830204920628,0.0704666923531035,0.114581184366359,0.195602808095271,3558.0919288852,1,1
154,0,0.067747220388996,2.27716969251712,0.81551854832691,0.953679410769256,2.0872555000252,0.0897527551270995,0.0467776582210586,0.0707091488836207,0.118441381259543,0.192673297540415,3610.29230002955,2,1
155,0,0.0257452129689094,2.22046505844149,0.926447881412534,0.978162442397023,1.92261960991283,0.104190331231934,0.0461522324018866,0.0713596609863624,0.116420424365667,0.190661478075121,3578.02865157323,1,1
156,0,-0.165617179922951,2.3294504786396,0.794182813705136,1.17915310553043,1.62404435676487,0.126925388970418,0.0463352886275116,0.0715201181291581,0.107851139786961,0.179329396394495,3645.26355838456,1,1
157,0,0.0573967357036122,2.24578927716466,0.924140540941123,0.981157001292701,2.0658891841119,0.0884952227027193,0.046924184472709,0.0713865479415533,0.115401552649687,0.191032761377319,3609.50427671304,1,1
158,0,0.0689222955472456,2.31937065662423,0.763551541491029,0.783503359821055,2.23238908985891,0.103987930349981,0.0431905077385403,0.0668718642211315,0.115431794872233,0.204210659744486,3562.84570942576,1,1
159,0,0.00184833484198347,2.24307396189713,0.941242216771908,1.11995830837485,1.88605807864243,0.0979338785210354,0.048063110256283,0.0717456540720538,0.111346449479753,0.187083975940057,3624.88955917602,1,1
160,0,0.0150232921090694,2.26981369710774,0.838488569016924,0.869827870326094,2.25382817881971,0.0923212376569456,0.0487918043590386,0.0737506486501527,0.11973824375994,0.195319578229295,3609.22344133758,1,1
161,0,0.0465684915214826,2.30691823615551,0.79496701107686,0.965845287152234,1.88678399520701,0.105637709724642,0.0450198460546088,0.0695102368696367,0.112016530691012,0.1895260627732,3583.74442216286,1,1
162,0,-0.0995974371153063,2.33970176106155,0.763961501267159,1.00802831111557,2.01104260339516,0.107638293237002,0.0459113270938506,0.0729349373245087,0.108918432575599,0.185240808431251,3608.32293900687,1,1
163,0,0.0239201734830616,2.2657381673974,0.8566811513242,1.15566194814967,1.73509930495568,0.101037850301535,0.0468297123927952,0.071947058550727,0.109447762365982,0.185458049177231,3605.83972725295,1,1
164,0,0.0437360139037224,2.31791888017192,0.760444719219593,1.15282693437052,1.60980133315901,0.102229958747808,0.0466515208830193,0.0727957772170568,0.115289257330703,0.193286557679496,3599.04571945649,1,1
165,0,-0.0166928159706385,2.32171112193942,0.780430792267267,1.11783759598486,1.75730059264998,0.102515752223704,0.0465855909976517,0.0713741262731228,0.113363605148799,0.184324661681587,3637.08928030174,1,1
166,0,0.0528417778940321,2.19600838191649,0.890617164197045,0.887533006563597,1.98025103835468,0.103358095392167,0.0444598261375953,0.0684943507295699,0.117466810255185,0.200455730755953,3530.40972237498,1,1
167,0,0.183718144393898,2.2869152524447,0.761019314631267,0.938029226323782,2.13437502917491,0.0769984216671197,0.0469381906751832,0.0726678212558911,0.120140296999543,0.206310567349776,3569.98861060557,1,1
168,0,-0.0511186665962628,2.33682879798714,0.708017979446162,1.04839249270184,1.95459287259019,0.100934132260695,0.0473653764702524,0.0737529541012283,0.114768444203401,0.188509798761792,3623.50368284662,1,1
169,0,-0.0126682235832998,2.26949794078851,0.889013749006676,1.10157800901959,1.97843243711988,0.0965623267664146,0.0484188281575742,0.0735462934304188,0.113540177134995,0.203139194459262,3603.47519315332,1,1
170,0,-0.0419779996593696,2.385489570499,0.745038975644739,0.899899046739137,2.27136019365018,0.103520138887941,0.0450970813660306,0.069481356386603,0.112584071640602,0.189669798538237,3642.57623224744,1,1
171,0,-0.0134862393470591,2.37622356002556,0.731853914240574,0.900229931455502,2.25237700433665,0.0962130837807872,0.0452052661561022,0.0709488468935693,0.116175437536538,0.198390444317905,3630.93155169816,1,1
172,0,-0.0801718881637319,2.22373597202491,0.883547537008259,1.02343081549345,1.82408782666343,0.11608905309107,0.0464761450402932,0.0730684475665334,0.109363574876483,0.178148018532977,3566.58624339727,1,1
173,0,-0.133317301758345,2.31878842670512,0.75316627051151,1.05479817410597,1.88389281134338,0.124035046751563,0.0476733569644073,0.073478614943605,0.111444853108496,0.188016007888569,3616.06183098776,1,1
174,0,-0.0191200711284544,2.30957421310577,0.782100089332695,0.966214710235846,2.06596669620685,0.105119905947452,0.0460437340365883,0.0706854896280484,0.109373002334504,0.185004246368618,3593.49423163268,1,1
175,0,0.173861281858969,2.36156233259495,0.660877339665172,0.758209012311668,2.44695048205193,0.076296135891578,0.0430760487323141,0.0680148410312713,0.118919940741568,0.204984488867713,3552.82862041719,1,1
176,0,-0.00598625830312194,2.36248719726716,0.735643205024677,1.05963836308315,1.86110456370733,0.107527038871813,0.0462672929946419,0.0714421371162535,0.11148999030876,0.186765838064217,3631.98985133113,1,1
177,0,-0.081286039905393,2.27296223478681,0.799654339043192,0.991976200049771,1.98614680145059,0.111406001034787,0.0469973558945077,0.0725327907479778,0.111197837373289,0.18890222755179,3590.98756490611,1,1
178,0,-0.118990869042209,2.33736388615659,0.760272060885549,1.15950378894741,1.73615854377654,0.114316213458698,0.0460283399330614,0.0713973819666176,0.10602927982156,0.177926063981768,3622.51198863721,1,1
179,0,-0.0979134159050886,2.34863375225848,0.754106536772597,0.974179251364348,2.08119491331548,0.105082788365264,0.0461039764891445,0.0704576900914533,0.115744062514714,0.184171845373346,3659.18588537197,1,1
180,0,0.0499677587956857,2.25380489129557,0.836904102392411,0.836391088068823,2.16094289071345,0.0941046762017495,0.0446392117858889,0.0686553955672378,0.117698297816149,0.196001295017403,3564.5396735616,1,1
181,0,0.173943516465966,2.35617837861769,0.732761852498926,1.02116758001741,2.10876845402587,0.0756987100395229,0.0458207948760435,0.0737324302037577,0.118981167162127,0.191344309531915,3636.20429640494,1,1
182,0,0.135129844386948,2.40451117468457,0.674268684783077,1.14572237646669,1.80792974268358,0.0853969796178491,0.0444142336951255,0.069784146140372,0.112530781682038,0.185972764328469,3640.94519097215,1,1
183,0,0.103360674955328,2.37065842394489,0.691654544346371,0.920163961930307,2.19184691332095,0.0865793054950089,0.0453281606937743,0.0720237476054031,0.11809635189844,0.200651784265912,3602.64026976084,1,1
184,0,0.0246185836020191,2.34606505019027,0.673517297955414,0.885224958247839,2.07405589889549,0.102787833837333,0.0444986692271613,0.069394617849575,0.118691950833037,0.192467193194247,3601.9481127309,1,1
185,0,0.0719449712430351,2.21011542612573,0.890709751857602,0.905519084364745,2.23243002593143,0.0861012457924154,0.0476391714683694,0.072566264670311,0.119034043762698,0.201082299256207,3555.01035092669,1,1
186,0,-0.0214570282573211,2.39503903326448,0.683887869032319,0.845976964546115,2.38160475893075,0.0970615565241352,0.0459208975948766,0.0716618798023696,0.112471980103833,0.187218484669978,3620.10830976292,1,1
187,0,0.0790488086816107,2.27347997572587,0.818176673997514,0.851594811980806,2.21991539271271,0.0928519260077829,0.0456588980770668,0.0698957836836179,0.114842071149719,0.193115373925705,3569.38884427869,1,1
188,0,0.045265515282564,2.37205340817683,0.730862047212838,1.17508133456446,1.75593561227201,0.0995685674794686,0.045290645643062,0.0703530377168837,0.107861845288975,0.188243513218373,3625.26702121836,1,1
189,0,0.00484137677461098,2.22346478031361,0.909906853254746,0.952431939737763,2.07968853494501,0.0953071947186843,0.047546107541922,0.0717710183489521,0.115580745539416,0.191389262792787,3592.51509316531,1,1
190,0,-0.162326701050918,2.33033074829696,0.784420803603285,1.01554385435393,1.98029176721838,0.117065924126798,0.0471045905947583,0.072259729494929,0.111925748139544,0.177209430989655,3652.37150838586,1,1
191,0,0.0631782362969335,2.31849533005963,0.750064401688199,0.99091819226567,2.03048732375987,0.0919906714146623,0.0451813191302574,0.072134339931823,0.118954883053849,0.198131703120327,3593.37526999828,1,1
192,0,-0.0327345730315951,2.24148709888233,0.865407059687092,0.842061895547761,2.09061551398001,0.111519035159799,0.046577500393403,0.0709782340759853,0.120204319072081,0.198291302120952,3580.76799060971,1,1
193,0,-0.138481457696402,2.35393759033857,0.794023216738647,0.99474527541238,2.08979328707936,0.108512355737919,0.0469845265281759,0.0734253587763832,0.111462725167292,0.186917399459535,3646.44967612045,1,1
194,0,-0.0114115802746458,2.34911088752366,0.713002408619839,0.829641494592201,2.22243356479037,0.10177911820686,0.0438929193712061,0.0705146748994412,0.116415167125543,0.192384584362099,3588.18317953163,1,1
195,0,0.0713105149636623,2.30142909683255,0.731896429371079,0.831859666038644,2.36982694623121,0.0911445929066576,0.0450745629723042,0.0708018355519112,0.115524514798137,0.202652952678892,3542.78389732948,1,1
196,0,-0.0887379018173954,2.32548050553396,0.723148393653359,0.976470625896461,1.89322861762624,0.119179194212981,0.0450756303915864,0.0696585083445718,0.109535566529374,0.178917407587642,3588.20451359815,1,1
197,0,0.0574593452804148,2.29449411219687,0.809128574835944,0.927178072917843,2.05179207546388,0.0945247438911332,0.0439327854162336,0.0675824107925576,0.115442231208724,0.196846136563442,3580.38725374,1,1
198,0,0.00239757626586029,2.26670881104625,0.783789987367123,0.983185862410021,1.78862822876134,0.10805979283118,0.0447486066020914,0.0696508349965447,0.115552256876726,0.193549647568343,3550.30404962622,1,1
199,0,0.0261197342434066,2.35310358640265,0.701792371581283,0.958776977952759,2.25199597768634,0.0915980795639545,0.0459520829754535,0.0725110614300484,0.111800255171688,0.190705961394843,3598.99678758643,1,1
200,0,0.000472369351543425,2.22827911225028,0.951877703323045,0.865186114242452,2.32571284937161,0.0967030136546347,0.0474302246905191,0.0741644071552153,0.113018357960133,0.19732889529352,3575.6694169648,1,1
201,0,-0.00347667593851253,2.26056361498473,0.844896674775613,1.13992656025899,1.76041731163517,0.102614306990989,0.0470226888120363,0.0721985832759727,0.113049948404876,0.186367659098101,3601.28549356519,1,1
202,0,-0.0415072659386448,2.2200439127885,0.887766470428873,0.793192174792192,2.32312120341463,0.0982398346270691,0.04537029166158,0.0686565961530943,0.115343066261819,0.191783631581039,3559.07499172205,1,1
203,0,0.0336735019900312,2.24377167465315,0.807047247164372,0.807013814509564,2.21313046834821,0.10119796723644,0.0461992909485483,0.0707672305570096,0.118791009450764,0.201736342395723,3538.9258631874,1,1
204,0,-0.116534609789824,2.2491848358595,0.845506835312429,0.963905968668266,1.9651169315835,0.112535842069872,0.0476612368940601,0.0740180409574957,0.113484015503439,0.184479028266366,3583.27470830889,1,1
205,0,0.0671785104851283,2.38986893894525,0.68107124503883,1.03688665984683,1.93972161578057,0.091392758553798,0.0448769649075749,0.0699337335317083,0.112854295953405,0.186924264438126,3627.44738207838,1,1
206,0,0.0361593102469309,2.33772321231279,0.735743132381941,1.18573313375479,1.7530786008675,0.0933375610096416,0.0466855914556401,0.0733826519989505,0.113533536229414,0.183971801216765,3631.2343542936,1,1
207,0,0.0640538164028391,2.27629710824778,0.836438088777568,1.07174176880549,1.93963618241313,0.0910875801598217,0.0462159103115139,0.0711436205144595,0.108213573757532,0.18374053129377,3588.86053031042,1,1
208,0,0.0871020771503993,2.35800706666939,0.771404835015879,1.04704017992824,2.038425383229,0.0935070846580516,0.0455523196587749,0.0702568509035805,0.112069555979007,0.190282288329613,3639.93705309987,1,1
209,0,-0.0703046900123182,2.35992087023617,0.660882347208896,0.98984808819323,1.8353420638607,0.123099487089694,0.0439942904722493,0.0700023579150638,0.11438025538647,0.192587768437245,3595.21496441162,1,1
210,0,-0.0628228969823561,2.43552035955564,0.64718632977053,1.29290479654681,1.50679786290056,0.116537262759232,0.046601823975962,0.0728349587652904,0.1080619629068,0.176112337598543,3689.48886144585,1,1
211,0,-0.130867422924699,2.33044061923,0.767192650404873,1.12501490372816,1.67083932130691,0.126894430225351,0.0460290056652835,0.0725509330462465,0.110492231161996,0.182821902855642,3616.71497818028,1,1
212,0,0.0869811589048432,2.36324400755812,0.687084864234387,1.15435417293964,1.91589759564635,0.0854015325436595,0.0472964904646148,0.0736499655750951,0.113842924128649,0.193983620149868,3628.06681369837,1,1
213,0,0.034865780622859,2.30928044533055,0.773334092175351,1.06743877140391,1.78061747603545,0.106027980305006,0.0457945047971162,0.0704810843918395,0.112106403384568,0.189801080001743,3592.73689342506,1,1
214,0,-0.269866285169144,2.23371779687371,0.890256154568912,1.04657245671529,1.75131616209853,0.138588492836305,0.048674302756331,0.0762307865822573,0.113060008616928,0.183287468881804,3594.26524423824,1,1
215,0,-0.127661780116616,2.33900754752005,0.729435006317925,1.0566868812735,1.80150864635013,0.127337187193919,0.0454406480562192,0.0715748131580065,0.107752055248291,0.179865912238266,3603.76740131118,1,1
216,0,-0.019516875961223,2.23796159501973,0.9094028197053,0.921378049887714,2.17518759753118,0.101232632138855,0.0459676849564956,0.0700282836013699,0.114102885448787,0.187357250539503,3598.34638140559,1,1
217,0,0.205174252812502,2.27570514094884,0.822156754989623,0.975013480417115,2.207697761055,0.0718663407867274,0.0469802730933254,0.0723894040184688,0.117101915189305,0.196051644696532,3580.24646891178,1,1
218,0,0.020515809686095,2.34564746384825,0.762420690011967,0.904854934212756,2.27224185691914,0.0931071238522136,0.0453472672245361,0.0713904130574917,0.115818044298536,0.198318537685676,3607.78026504453,1,1
219,0,0.00482055877490447,2.35116076087102,0.789103368856337,1.15963528126766,1.78990673331756,0.110346436538657,0.0453589248551552,0.0722104124073864,0.106938727084757,0.183267340040385,3635.85793859677,1,1
220,0,0.194134257884515,2.20106556312152,0.987108930991881,0.989792854732589,2.17512029353792,0.072615108491521,0.0500994950017111,0.0743719205322238,0.119426070261973,0.198420988414022,3630.72059528279,1,1
221,0,0.0569414203913701,2.35341843894166,0.739386943708622,0.921748202834742,2.27040905444915,0.0949941948751965,0.0450023887319655,0.0713666105235036,0.112444747071437,0.19437720717041,3603.80624265377,1,1
222,0,-0.0953615402091852,2.32578955768319,0.835746330515056,1.07448540556278,1.8705623509949,0.113752981516112,0.046530096992746,0.0728118732023434,0.107769547390666,0.187221643731551,3621.3786406613,1,1
223,0,0.0128962589204499,2.25820666067393,0.862994045969705,1.12653154348458,1.62387133556108,0.102185478066919,0.0472269363472485,0.071986357482438,0.114011010890157,0.19130802758916,3596.84264773818,1,1
224,0,0.01854832923261,2.20908874623395,0.962275240970602,1.01614549713037,2.02739601560374,0.0997935557641861,0.0471153995987996,0.0723332132161009,0.11553123588259,0.203536362165418,3575.17893823172,1,1
225,0,0.17133828110753,2.27902418780628,0.91902247664905,1.00468671840733,2.02687773272026,0.0841636225555484,0.0447266802605259,0.069516134026879,0.116102544079827,0.1959130431279,3611.17144879172,1,1
226,0,-0.000470575974719652,2.26027278399307,0.885186924169321,0.91037980865623,2.25921382232706,0.0939944393020307,0.0476989231920767,0.0726220642758924,0.114568578831877,0.202224910908615,3586.28089830756,1,1
227,0,-0.0334349447374746,2.27835113296001,0.796702724298689,0.846661651151906,2.1481696889432,0.10487028669318,0.0439572477045075,0.069791706847747,0.115674962181539,0.190997933290412,3563.91560126554,1,1
228,0,-0.186513485345902,2.24668163390474,0.886271570574727,0.84717109122344,1.94056918303865,0.142860010304256,0.0445046163179369,0.0689288164496732,0.114033221167479,0.193101526956949,3562.33630251558,1,1
229,0,0.0527023778345176,2.2882557880531,0.824767430479475,0.661607908233467,2.40586947951605,0.100138363369001,0.0427905300754703,0.0677250407991072,0.12256022703066,0.193889264264326,3579.68198822122,1,1
230,0,-0.0370331025656194,2.29195764287508,0.841220421892686,0.98705914476013,2.06280259879817,0.103101529691415,0.0472076998557191,0.0754558849560991,0.111187889705136,0.1905314911247,3595.87377638529,1,1
231,0,-0.157560619777744,2.30812476076682,0.843377172364337,0.76353430234851,2.27623179509147,0.126234436185114,0.0435124496535901,0.0671076645375958,0.111635548557297,0.190062575020534,3573.22347678673,1,1
232,0,-0.0421804300004379,2.28517961680404,0.808278074132574,0.882666745378773,2.12326950827742,0.104506875527921,0.0466395335992115,0.0710722772377399,0.118935791079094,0.192852213319644,3610.43522916437,1,1
233,0,-0.0344253250722466,2.25596249978829,0.848236755276301,0.979251733656476,2.06010152794327,0.0973695388501905,0.0484801759972178,0.0743736816814086,0.112956597974379,0.181449668354655,3621.06440959972,1,1
234,0,0.0628856936494414,2.30405901251246,0.800950570516545,0.837547583435801,2.37402239489712,0.0895640687383719,0.0457218112105778,0.0721016723630075,0.116352768496974,0.193868994091923,3598.81819924591,1,1
235,0,-0.0357787939718815,2.31082990300946,0.855862642778385,0.9823922494494,1.94926199430492,0.102850152760859,0.0452065796032858,0.0703251454718844,0.116138683196508,0.184900047298372,3643.4742450643,1,1
236,0,-0.0121523437920297,2.35845594013509,0.725687059501827,1.00712516593685,1.88050603646286,0.113033037298202,0.0460573565472862,0.0710140672376917,0.114223668115927,0.20101204688169,3608.79022244526,1,1
237,0,-0.0178721297398562,2.29244297256842,0.807239250380913,0.951316310260347,1.97515698266735,0.102183382668173,0.044898165950828,0.0695266524443154,0.115188977742662,0.180927951592466,3612.41886628558,1,1
238,0,-0.0839152902726394,2.29827512826915,0.826368775295061,0.868144776309657,2.14905964409843,0.108661449312084,0.0452287411602873,0.0701816733532092,0.11123836608377,0.186978446747266,3585.05128984224,1,1
239,0,0.0347139235191695,2.35051533520252,0.701083427198153,1.03624907316698,1.81659307093069,0.101014754331041,0.045836618307595,0.072065085983722,0.117719219609087,0.194449033158051,3602.98999718465,1,1
240,0,-0.108333550992983,2.23344124862017,0.903287688676503,0.99584702039949,1.78433342307952,0.12589970421797,0.0451801566916579,0.0709869307444638,0.111902879277221,0.189256823449811,3567.49498925046,1,1
241,0,-0.304178177042812,2.28811944054044,0.819529596583263,0.931451224014132,1.97924473782299,0.14233529121307,0.0474093161397179,0.0739621349860416,0.111966852965575,0.193399787889511,3573.21116944094,1,1
242,0,0.095795610913073,2.29073968966897,0.746928824844208,0.797979496683439,2.12111512941658,0.0912777982001669,0.0461043426166371,0.0709034257394501,0.121602922103632,0.201422972799105,3553.47399400999,1,1
243,0,-0.0982799184934994,2.31332773599174,0.695549651842794,1.12038989170733,1.72645879510186,0.113211228664672,0.0466323389357349,0.0736411661560593,0.107486820729534,0.188852252378805,3563.4615777041,1,1
244,0,-0.0167876571851476,2.30204219908413,0.834204305865435,0.783618980801837,2.23604129066691,0.109056215910278,0.0443528871696032,0.0682286617584656,0.117033310657319,0.199573548611601,3582.33730217037,1,1
245,0,0.0472040294270889,2.26054587516538,0.874436548661491,0.957726256668452,2.03186308096898,0.0908715509257925,0.0464646557494195,0.0715770148502996,0.115525341595362,0.18875531921566,3603.02333819844,1,1
246,0,0.05335714240242,2.36080026398455,0.7448565391776,1.13296448125223,1.91891459355007,0.0870695353258734,0.0465640050691625,0.0724152442863776,0.116226931769125,0.190481299178093,3655.73000643101,1,1
247,0,-0.00271315878821805,2.30302443221935,0.847748088522874,1.05387808906762,1.93296086188271,0.0989627924419308,0.0468882502081875,0.0730539879256119,0.113778394907678,0.191579437749083,3620.05276949617,1,1
248,0,0.131721102852426,2.32180766146881,0.81109634936798,1.05020241264118,2.02857544362786,0.0857034684372492,0.0457893548540428,0.0709351511074906,0.112828409170501,0.194421319891409,3603.31926529058,1,1
249,0,-0.0339098837108383,2.34382477335859,0.782014452616765,0.932265935540437,2.17844683696475,0.105003423785913,0.0452352837676861,0.0698426119997805,0.116256301781071,0.192630089177809,3636.55256425037,1,1
250,0,0.0541448552821764,2.30631353733182,0.818100765166486,0.968266461027724,2.0674159333984,0.0947585176639341,0.0460561761746205,0.0715058226735705,0.114560071905252,0.187967241259463,3612.40767249267,1,1
251,0,0.0639867899077621,2.27291559114331,0.842917531624402,1.00158930949274,2.0032951593446,0.0938720085910199,0.0469119936111006,0.0731474329426902,0.115940283460616,0.187700632718641,3614.76592054653,1,1
252,0,0.127743448628934,2.31738550854145,0.846708085338274,1.10467154576924,1.89561444475453,0.0844659573265853,0.047049880388698,0.0716719484798699,0.117520536926982,0.195923789885738,3653.15875904151,1,1
253,0,-0.243861419259716,2.3242198721394,0.725520753592042,1.03869641548789,1.8851973612829,0.136067581069192,0.04552120572621,0.0723175194989056,0.111957040243015,0.188590010961283,3601.48330334319,1,1
254,0,-0.0150358708985827,2.20006849256209,1.00680013151875,1.02789370832622,2.09313658052922,0.0969154100118408,0.048466740013592,0.0718230999830553,0.111069078288212,0.192293127981759,3596.51295089553,1,1
255,0,0.0125759210287174,2.42456443511289,0.655416998364706,0.88237995174962,2.22545676230828,0.0981910187626753,0.0445901649562504,0.0684891361542029,0.114422148050985,0.195672867914656,3628.2617671648,1,1
256,0,0.169199552837676,2.27802524654954,0.870594524247758,0.830283470187186,2.31713994682991,0.0782420363056604,0.0459316607861606,0.0707131434289029,0.123180477804591,0.206372518709732,3597.71672742821,1,1
257,0,0.0813941497977261,2.32362036710701,0.735104283448616,1.0140808915024,1.96617525675843,0.0954957013185232,0.0461932529070491,0.0714182146995345,0.114861108450666,0.200033176538785,3588.32195428638,1,1
258,0,-0.101181014779243,2.28421799630781,0.802218336150869,0.869154808099943,2.16404984637227,0.109938939132335,0.0465461485770922,0.0731702994694526,0.113857927066614,0.197443913810914,3561.63983497892,1,1
259,0,-0.112919679990732,2.31420249205779,0.765877632805602,1.01599032103106,1.88530023339905,0.119769769611106,0.0463565324298141,0.0720167327001191,0.108445288078588,0.19158696337588,3567.17801280888,1,1
260,0,-0.180910159935464,2.33314680396674,0.805266760546602,1.08892611216105,1.96506356556949,0.115844280914285,0.0476647455461604,0.0722934504231966,0.107814439755592,0.182328973667412,3653.14563005918,1,1
261,0,0.0941951821514995,2.27786811239638,0.872251158318958,1.08089054302593,2.04003783091794,0.0890080878113104,0.0476874328495798,0.0732935867401022,0.112405359746764,0.200928718959622,3604.56660720242,1,1
262,0,-0.050297294619116,2.3184953464916,0.81369822983963,1.095669058303,1.86547169924603,0.113141890374352,0.0463647124981714,0.0696358502318736,0.113487146436254,0.184780160307147,3656.61718815636,1,1
263,0,0.100885244379541,2.32764841892453,0.793935057679035,0.89645098943594,2.49612836897008,0.0805021406319724,0.0472311535768813,0.0753893942860218,0.116840590772104,0.205669639190983,3610.59297428668,1,1
264,0,0.225937085570934,2.25718397224237,0.829359063062699,1.00151536030614,1.97414166963614,0.0789867773810033,0.0456803300031428,0.0715185554211265,0.118805652410252,0.210814910354155,3540.27905676337,1,1
265,0,-0.00737209959025881,2.28189119255672,0.824779205922494,1.05309551973289,1.85651379836043,0.104043537565716,0.0450308934323577,0.0706489029292091,0.11322753119609,0.187576737664595,3586.87102291022,1,1
266,0,0.0282571079874019,2.33477951767009,0.755300409356848,1.0660395370988,1.99103642820015,0.0905615511191017,0.0458202045440477,0.0704111749115666,0.111657215658542,0.191618692363881,3606.24497937449,1,1
267,0,-0.173050181498385,2.36338856183175,0.731261310249607,0.965021451178954,1.89001033745845,0.126180016659829,0.0450454114520003,0.0698738579370915,0.111869733511904,0.181656145700439,3630.96568564799,1,1
268,0,-0.0315657070329135,2.38097055849778,0.674162754764604,1.12221770695379,1.724968321197,0.107146899996883,0.0456227944513889,0.0726455882132707,0.115302414584444,0.182264734287562,3646.72932590211,1,1
269,0,0.0350504154321606,2.27733725199461,0.870002438138327,1.11132967659444,1.76717600685519,0.10147731026956,0.0474267633784848,0.0744051969438128,0.115688657252562,0.187733348868145,3624.8060148129,1,1
270,0,0.0961820731180197,2.32062284418509,0.753001803205373,0.813748678429722,2.38308430469324,0.088987270334333,0.0441317225098987,0.0687061385764632,0.117685435954828,0.209661804672989,3559.43642498882,1,1
271,0,-0.0196798243605309,2.26052874395652,0.861005267466579,0.957143340537187,2.13023981419872,0.0978397256027341,0.048490498612966,0.0738707801683712,0.115412772339475,0.192849378133213,3605.42922137342,1,1
272,0,0.103760647377574,2.27399485754618,0.862623674088743,1.11761901553841,1.79278251540765,0.0917645766731792,0.0462369328761659,0.0720187117937479,0.115484440435558,0.187354358065864,3615.20238482295,1,1
273,0,-0.0395688034628023,2.33642509227579,0.709799690121757,1.04710946838957,1.90643499091802,0.106353926697453,0.0486500533524401,0.0755338780816432,0.11462585555316,0.192598584653079,3620.71510251654,1,1
274,0,0.0668634587048195,2.35627923064203,0.68216640001587,0.945946126118912,2.12766858189402,0.087255101168614,0.045655919740175,0.0708360359664622,0.114851862524914,0.19616949764296,3595.08255812216,1,1
275,0,-0.0653589144930142,2.27066180096015,0.87962808230745,1.25014326905686,1.58838085422774,0.107488076653135,0.0487292944233672,0.075424168543991,0.107460561912745,0.177525602680953,3630.72186912049,1,1
276,0,-0.2429595644116,2.27317867581719,0.829841121789117,1.04334343640591,1.90948457424518,0.130119754282471,0.0486068813490415,0.073314372966645,0.106923076691419,0.181953849173301,3594.04251124205,1,1
277,0,0.0697272472399642,2.37546717652893,0.653594447860346,0.769185970292564,2.34374972451384,0.094137816265908,0.0426960678876763,0.0685688407093474,0.118406701649486,0.195673888016381,3580.79362964889,1,1
278,0,0.00938785407062956,2.22475007862733,0.88477374890663,0.786495670466761,2.24251952389658,0.100197788156107,0.044380303044469,0.0694888200282097,0.117894470750307,0.198070343710651,3532.48174509521,1,1
279,0,0.0566197936263223,2.26724084735805,0.814963663501375,0.717471394299659,2.42221518762148,0.0916450196075792,0.0456831958159618,0.0693900881119487,0.121616121046732,0.198756379323666,3569.35242807344,1,1
280,0,0.023568845602597,2.35455217825649,0.700213773916362,1.09471755902992,1.85795719752253,0.0971532969912622,0.045732539530091,0.0739965554999051,0.114995334349973,0.185787167258895,3619.83852317243,1,1
281,0,0.00346785754438624,2.33728366195517,0.770382126130372,0.980939815165446,2.03982311952343,0.0972357489974467,0.0453298261594967,0.0704329615458103,0.113601224781357,0.186412582258948,3621.68481646348,1,1
282,0,0.0361688775981772,2.32580141689557,0.775914143975897,0.906407744746302,2.02588277034077,0.0999768720648698,0.044027131817226,0.0684424438909429,0.112243392449051,0.192682588164379,3584.54387411123,1,1
283,0,-0.152234002921743,2.20939836207517,0.944949544035437,1.00560857012201,1.8830969084837,0.124810313126732,0.0467711338823141,0.0722673767177441,0.111408535457308,0.183447036476251,3597.67053335635,1,1
284,0,-0.0046431678226429,2.31335471512771,0.704475506979276,0.886829425190439,1.92205026947789,0.113178551695931,0.0449836600489861,0.0689160017902097,0.114146372034531,0.194299117838315,3551.34577340873,1,1
285,0,-0.0119170512289824,2.25226643295826,0.899590585349584,0.883099322338978,2.09571333240431,0.110825343382661,0.0460957375376562,0.071782129976703,0.115697891052297,0.200137094423525,3572.69375598586,1,1
286,0,-0.0529480295627929,2.27683631053664,0.872855407313264,0.914975153012622,2.02293425448919,0.112745663976405,0.0445227451486258,0.0707418237870138,0.118613686356385,0.190787660317749,3604.71036291778,1,1
287,0,-0.01788820209416,2.27033537895697,0.85643462747148,0.988050605407548,2.03380895712718,0.0962223443868085,0.0457280119511132,0.0703136561313888,0.112748821575222,0.185461272491064,3611.63378112692,1,1
288,0,0.0897315289016272,2.31734428075945,0.723822755492686,0.894995488350442,2.12678888458891,0.087176547275804,0.0450786419710806,0.0706494258081537,0.117670720986466,0.194118407480699,3575.53301410949,1,1
289,0,0.218204480603512,2.26633216978471,0.883191742119912,1.05070584630711,2.13305822638405,0.0702185957179531,0.047119341198191,0.0726538669896126,0.116163107358782,0.205053488666222,3586.94724946292,1,1
290,0,-0.0365135317305059,2.31726442745196,0.816335833134525,0.969248393753275,2.05566357614374,0.107354759610011,0.0473906938563425,0.0711287119689533,0.114811206900095,0.191867844781439,3635.4829295144,1,1
291,0,0.000857099520878988,2.38925962995855,0.680078141273295,1.2307814715132,1.65308142718589,0.0973368859708321,0.0465667390806815,0.0718360963239601,0.110634605517918,0.179628069788513,3664.52023272202,1,1
292,0,-0.135761396731818,2.21722112511579,0.956093227082439,0.993765027617669,1.94444044478389,0.115708980450169,0.0474282281598183,0.0734693966327094,0.112718813249686,0.187714916322015,3594.34710658901,1,1
293,0,-0.10647586053945,2.28070621212682,0.82961847448792,0.965612321865287,1.93133195889837,0.123371118291854,0.0463334724241998,0.0709764914542462,0.112450777480092,0.197132373112018,3578.57882510819,1,1
294,0,-0.0426634018300749,2.36535719169391,0.71229354449161,1.02562051543756,1.95551632146347,0.109083819946433,0.044820593076248,0.0700874516161704,0.111316725979206,0.183356297773021,3623.97343964995,1,1
295,0,0.0749783901315175,2.30713699603336,0.850873240293491,0.975476885489426,2.14602637204902,0.0895253389704796,0.0458841900420207,0.0706335304297439,0.113612579396442,0.191209284841888,3619.70340941302,1,1
296,0,-0.0718669321735167,2.39112387817547,0.713480671886877,1.07698817109233,1.88663688007773,0.110733095058846,0.045914845534861,0.0711647858358372,0.110137575290238,0.185510524296608,3646.08396192667,1,1
297,0,0.0632205907707389,2.31375190783114,0.749080358210987,1.12878093567585,1.864316997031,0.0900643963939951,0.0464098276372362,0.0733094430201398,0.115803948848439,0.192637175838441,3612.63240708115,1,1
298,0,-0.0254465250308685,2.25823099991751,0.916864028441122,0.797642692117733,2.33809590914887,0.0970954212352889,0.0452965150009694,0.070466967778812,0.117638300632398,0.199229114787365,3591.41967305309,1,1
299,0,-0.148818265629961,2.35279655347777,0.753100922770747,1.20343284774763,1.57726938119572,0.128260031031465,0.0471438846987349,0.0735160872653595,0.108799256870952,0.188985548950032,3632.86447863339,1,1
300,0,-0.113393048635486,2.31875536083673,0.864964287517056,0.865500251861915,2.19866597468663,0.111842952134043,0.0448018388658946,0.0691186900641469,0.114678687254905,0.187648666178179,3643.79632800398,1,1
301,0,0.0113606179202634,2.32419629921848,0.764966012887921,1.13409784449414,1.88626241894683,0.0930384759314922,0.0478911241739344,0.0725349292874659,0.112193635547386,0.19021683536927,3624.90054314982,1,1
302,0,-0.0638875292134223,2.24259346870915,0.851885341331732,1.02457979889804,2.00147996586767,0.103454071762021,0.0480443297234211,0.0739329730951008,0.11201220813174,0.190544832794356,3579.04800674002,1,1
303,0,-0.131617413348071,2.35453867470583,0.751203641869847,1.12926369191779,1.83981959232158,0.108708449495823,0.0486473301999414,0.0743481481739009,0.111424560409693,0.186230396568748,3650.07831355573,1,1
304,0,-0.186931207273909,2.28864189415637,0.790890823744376,0.923792279146139,1.86810812795971,0.143645032623021,0.0461195264087545,0.0720572445100677,0.113007544053183,0.192503119237509,3561.47498070187,1,1
305,0,-0.0675667496380017,2.31880541263927,0.784404881706451,1.06444380882347,1.91622026454532,0.108713142679788,0.0469340242144215,0.0709379636622907,0.110669046623427,0.184121809744974,3619.76413312915,1,1
306,0,-0.0161940383498362,2.28887435212081,0.896770736713224,0.822779049602431,2.36201605816609,0.105173633989441,0.0448362120930563,0.0705889648521617,0.110609742734332,0.19816730857012,3578.58943501362,1,1
307,0,-0.099248186879782,2.42057963360889,0.641964668878394,1.07137047921469,1.84437171898396,0.118543357941837,0.0459364747939258,0.0726601965211057,0.112311384885418,0.197404756124498,3630.89073362571,1,1
308,0,0.0458469210863756,2.2461082026694,0.857306506650579,0.9783141118506,2.09263000344429,0.0892481962739159,0.0472747339910308,0.0737197289641026,0.11415541077159,0.190642836777556,3577.39108748609,1,1
309,0,0.056682554212519,2.3231209197944,0.793259510694773,1.00120921930773,2.02074300247233,0.091036673672412,0.0444852363837239,0.0691693807034606,0.114522892741187,0.193563079317688,3603.41676049112,1,1
310,0,-0.065327362027661,2.3434934563612,0.753422210961139,0.931736461510409,2.11558498951898,0.114528282474701,0.0437041847128503,0.0694977637915609,0.104766992504229,0.189833727429928,3562.6175908756,2,1
311,0,0.0515597407303942,2.32353985834155,0.805773709613105,1.06858667722831,1.95976985958184,0.0879409487907002,0.0466352565492269,0.0730345232746523,0.116305299683359,0.188305539678751,3644.39510442693,1,1
312,0,-0.221255750618337,2.23307519505995,0.909144158310212,0.931455662937271,2.0676550622808,0.124770583188007,0.0469988587590986,0.0730461656237545,0.106068967394378,0.183051044472111,3557.52606973688,1,1
313,0,-0.125512505496058,2.33974241617167,0.771339558102203,1.10456168673349,1.78778426248994,0.11462513709971,0.0458469961655044,0.0721946441337666,0.107652570272906,0.181420352222167,3625.14571511731,1,1
314,0,0.176371669787007,2.30119525252588,0.792444754357275,0.948774096037851,2.34305555419543,0.0747368481603271,0.0473692808331286,0.0732878266708692,0.117016566998464,0.209371781361519,3581.33670937919,1,1
315,0,0.0448411087530771,2.27069774128913,0.873239256869777,0.980743690114811,2.09348370822751,0.0953358528831789,0.0469742125849938,0.0735021757211121,0.113127415450716,0.190348458174789,3605.99314469705,1,1
316,0,-0.142839946421183,2.36438868057648,0.688136815403153,1.00411769628111,1.99594524230549,0.120965170498302,0.0476989249196794,0.0744126670024026,0.112985582439059,0.193163418048718,3592.41331282711,1,1
317,0,0.043729536822292,2.31038057724839,0.845631724400822,0.914458298930887,2.28190145320603,0.0912281927753699,0.0454796563947647,0.0699105302558199,0.116948420556163,0.208496418415573,3604.57255482181,1,1
318,0,-0.0641892715228491,2.26203028164588,0.843570465963345,0.939032732358141,2.16339291219708,0.102132084740423,0.0476525453629783,0.0746496621823473,0.116282733411729,0.194229447165689,3588.83500132477,1,1
319,0,0.125945381235557,2.30849031672387,0.782136786244152,0.925050621196584,2.25360977972526,0.0788923895060887,0.0462658725880556,0.0715181626299824,0.121449071487223,0.201521701960147,3613.86570182621,1,1
320,0,-0.00765887746753748,2.27709396741099,0.851377600718102,1.10389573667029,2.03498866218749,0.101021734649701,0.0489281734977883,0.0724618741234847,0.111246370346382,0.2001811970969,3620.44984338635,1,1
321,0,-0.102183306815016,2.35786713561729,0.717400239683392,0.962409225876854,2.15338524319378,0.108579875146766,0.0462029364708606,0.0712056870069767,0.10990036492092,0.189046775564199,3606.18325515514,1,1
322,0,-0.0366123170874892,2.25105457624929,0.805114712275252,0.929699638296318,2.03974637123137,0.108244716793524,0.0462275078635775,0.0711057667970457,0.114869132401351,0.198999007161917,3541.95656760057,1,1
323,0,0.0188757733228896,2.28625504421235,0.83161243368859,1.02242366378313,1.97207381373174,0.0974045739394125,0.0468875965835904,0.07098949437284,0.114908157290433,0.194147498567368,3605.050189835,1,1
324,0,-0.074746036542893,2.38068107528671,0.708160304090585,1.05656867680379,1.86812234104955,0.116070317195185,0.0455129158729219,0.0709206233359304,0.107694187791425,0.184999659593438,3625.07270652514,1,1
325,0,-0.0708718659169469,2.32630988418793,0.794346453878048,0.986833996040028,2.10005397488414,0.0994654036062089,0.0483045555492644,0.0767140323983943,0.114333804149217,0.188282643992412,3626.64729826524,1,1
326,0,0.0181671747282846,2.25242275067614,0.814370510474777,0.917122920590123,2.13469011552481,0.0961159353947495,0.0477753544501635,0.0752097857299389,0.118198650845039,0.190772592577758,3582.96277346407,1,1
327,0,-0.0866027810677967,2.30736614945688,0.789057750026315,0.939791012551779,2.09992484238123,0.113582518054424,0.0452272699656455,0.0714229042258024,0.115099682022727,0.194182244856098,3602.09036683546,1,1
328,0,-0.165119219659046,2.3575726459861,0.741579437409935,0.852135009728191,2.08748222543174,0.126398104361256,0.0440852272262407,0.0687892501048699,0.116541262105151,0.185306421890204,3625.84501929798,1,1
329,0,-0.152156180597791,2.37047576341042,0.710637861332586,1.04764621978968,1.80618933606413,0.130695047333584,0.0446406586901274,0.0706290322547116,0.106127949561493,0.17622945466688,3616.68547351757,1,1
330,0,-0.0483111470389706,2.4106851046493,0.688624731163404,1.22126528218903,1.7877399234066,0.104674576085678,0.0480763525223629,0.0750363995009473,0.111637133661269,0.191554130181706,3672.8710633678,1,1
331,0,0.210406679105277,2.29489324508666,0.77951442761657,0.892374532577229,2.29521016422057,0.0733643760157187,0.0454564244179863,0.0701024387795779,0.119156947203393,0.202197581611309,3577.45155219061,1,1
332,0,-0.172275367616235,2.28609856161244,0.887045043678338,0.993565692835895,1.92625380014273,0.127958228405788,0.0469372414834401,0.0736577511796786,0.111648087324765,0.187295432017741,3621.05998238777,1,1
333,0,0.0578601941883888,2.3509639357248,0.769175561469265,1.00937407885434,2.07706362505223,0.0939890868182838,0.0458353788720129,0.0711064650212924,0.112983954996158,0.195064064448136,3615.72912904271,1,1
334,0,-0.124674238529955,2.32405854712678,0.749618857577891,0.940257913010792,2.14309662981651,0.113299896196937,0.0468219624276565,0.0726404219208256,0.110441453442895,0.180486819271822,3607.66098065976,1,1
335,0,-0.00323716439067695,2.30004099168629,0.842503514148821,0.984124901048622,2.05320149415369,0.101665165089087,0.0451731122724789,0.0706033849106292,0.112797958844603,0.193344826204327,3588.99503028578,1,1
336,0,-0.137861266610655,2.30556077868631,0.828399391474237,0.873196909236713,2.12589602818407,0.126490482124572,0.0442900973262862,0.0677307982901663,0.112609962700387,0.193604834885316,3591.81200966138,1,1
337,0,-0.0106268682158896,2.22680094380758,0.824254358145716,0.878014800183465,2.09375027620277,0.107737249781523,0.0461458770060081,0.0704631094449656,0.115015848657393,0.194453262178302,3529.94719427274,1,1
338,0,-0.0218786212601979,2.35468501542295,0.740919831357798,1.07152661631064,2.03384612288171,0.0911659436283645,0.0473051466151397,0.0737189318268726,0.112072839548481,0.182148328254011,3657.23175129209,1,1
339,0,-0.0225678928943372,2.23832992107322,0.91760611498498,0.75138711106447,2.27460112022636,0.101344634743447,0.0432564078087972,0.0663885985487858,0.117090519573633,0.199333161114479,3553.37039403708,1,1
340,0,-0.0918484184633781,2.29555671471732,0.775767921191992,0.989759507331569,1.8208479722697,0.112380175209851,0.0449537583443038,0.0718312643623955,0.110705013936571,0.184016761278654,3570.99602098896,1,1
341,0,0.0130227108562064,2.28234195762329,0.830253644777837,1.06921759302936,1.85351281753996,0.101643588423938,0.0462687779527137,0.0708223672060043,0.111884289154792,0.18434688559207,3613.8941794634,1,1
342,0,-0.0216485013954511,2.28475188490687,0.806171233947507,1.09007343805266,1.76511443220445,0.114505780148117,0.0470586828850763,0.0730860596786399,0.113092774022687,0.193483742258073,3591.08995177907,1,1
343,0,0.0476936149357728,2.25130807933133,0.877717562635839,1.09857277194404,1.71076256205345,0.100748381234926,0.0485211662473631,0.0739974231001315,0.113306577499766,0.184428118509945,3606.25227985426,1,1
344,0,0.0163607067643283,2.29850110018039,0.793152436354375,0.83083565130305,2.33726145934215,0.0890640706034938,0.0444673229103435,0.069767898248859,0.118896088882137,0.200204861266208,3585.41932790983,1,1
345,0,0.0889498913534214,2.27686827877513,0.875768049624036,0.882462456707115,2.13207567749725,0.0904216735660203,0.0441468738051458,0.0691847276861573,0.116599594322394,0.198548632595608,3576.1031627555,1,1
346,0,-0.223171285602719,2.30685020176258,0.7303450325632,0.999177403515885,1.85433478373395,0.131978602721143,0.0465260353711952,0.0719397523317928,0.106723845367052,0.182458448656864,3565.87408806508,1,1
347,0,0.00478157002714402,2.24519013400446,0.887343516478188,1.26346974654,1.63776332724605,0.0948968729375934,0.049377215496252,0.0772504910545623,0.10775855652116,0.177501217122904,3607.54356977895,1,1
348,0,0.0199803483991156,2.36371378624963,0.665224535083206,1.06157187242844,1.97697326061044,0.096789045069837,0.0453722404833607,0.07272654375676,0.113507767958407,0.191216882491906,3601.08622074963,1,1
349,0,0.00924428032258947,2.30628401110778,0.823174655270576,1.03127824676434,1.81241432782539,0.102047279092112,0.0444662045659813,0.0698887962073953,0.114410177092692,0.190751773808931,3604.80649630954,1,1
350,0,0.0846137084117733,2.35898884262214,0.741033960039614,1.16774493468277,1.70826072726639,0.0916330564213202,0.0451599926887343,0.0717047862196463,0.111517317997361,0.187046886213114,3617.68012753723,1,1
351,0,0.124398534130211,2.32631070357516,0.740208048304932,0.84307300414432,2.28571327892153,0.0881639168806822,0.0452280649629629,0.0703538162768491,0.119109364753761,0.204778954486261,3573.76588810244,1,1
352,0,-0.0160808211136675,2.2259856823013,0.895873087553831,1.11729573226495,1.85590327831323,0.104996855690778,0.0467445322658735,0.0718013706524614,0.11164518166325,0.192531931935669,3569.10872041211,1,1
353,0,-0.1090905562464,2.23348467830002,0.865598592278909,0.905016658961953,1.99906887647465,0.119160725366392,0.0469814920205407,0.0713092043142742,0.114883552147429,0.196043627398682,3545.68493115635,1,1
354,0,0.080834070368154,2.28718628699449,0.829816394169705,0.93452856693161,2.02292077471571,0.093311045780665,0.0458571926575626,0.0695699482930473,0.117952829694927,0.193993343926047,3600.6494076459,1,1
355,0,0.129031706447651,2.32306974963878,0.660268973143244,0.99530683651404,1.87993992340979,0.0903306683588446,0.0447215133662194,0.0699288537522609,0.117007592617019,0.195928596331931,3560.66109546064,1,1
356,0,-0.191906326718805,2.3055918293901,0.779044651218222,0.923289904078473,1.96532256885387,0.130962486746746,0.0449759055467897,0.069540273185283,0.109625167816901,0.181538856836965,3591.57209806824,1,1
357,0,0.0994817780246584,2.34197328468237,0.732881151864476,1.06659712461677,1.9523037905421,0.0913150978708756,0.0459055780762111,0.0715622198176003,0.114486822917604,0.189400242210021,3611.64951441651,1,1
358,0,-0.0355424219484328,2.38528938838029,0.657424611834515,1.21768138266729,1.54106145641735,0.107126161279859,0.0473175605093681,0.0734914447301337,0.107385136305028,0.177471646835587,3639.51053569593,1,1
359,0,-0.0412042300663757,2.33591336248989,0.769502826050273,0.929304994887625,2.04262193537581,0.113050477684946,0.0460047528729417,0.0708280848666276,0.115100056527869,0.199441657120224,3602.71578862146,1,1
360,0,0.0427002049212333,2.2578194130523,0.920753257498736,1.07064983655964,1.99456595961348,0.086878611076993,0.0488433942993107,0.0736216388150027,0.118299597109452,0.193984658079464,3633.65592144719,1,1
361,0,-0.195007205314632,2.29935523005562,0.842036001300621,0.926987217900949,1.95175423186496,0.127672548829583,0.0454854759080797,0.0709606015095953,0.11289971648886,0.185439792262521,3593.75497841945,1,1
362,0,0.0282371189987445,2.2135554401639,0.891307106645376,1.09239522323814,1.70837312966112,0.0987578011778217,0.0478344379523726,0.073776796539045,0.112487057372688,0.182350320243426,3574.24817642225,1,1
363,0,-0.148974452167194,2.37857399403106,0.665856327310755,1.17633133382902,1.85817956410928,0.104663954225605,0.0472346070056782,0.0740509503474034,0.109773613912425,0.17745054820894,3654.9981545152,1,1
364,0,0.0773473262978104,2.30540080714694,0.770264539396007,0.876489383041426,2.11729163299559,0.0930094357871739,0.0459246688234,0.0713558579382529,0.117204293681973,0.202630441919112,3572.03249370938,1,1
365,0,0.0721603843022479,2.27955870572431,0.856975724983418,1.32294539883472,1.62973333714909,0.0900756284500046,0.049078169957804,0.0759638423795448,0.11088106776508,0.188732631556556,3632.61566212105,1,1
366,0,-0.0678810319392685,2.28798617474414,0.78871443043593,0.986840329544754,2.10272522943792,0.101019057421246,0.0467854119516963,0.0724120752246823,0.110709019226039,0.190354808106257,3577.51528180574,1,1
367,0,0.0788846979400933,2.21692403735333,0.877490957457566,0.980366319830416,1.9842785344515,0.0877348094507299,0.0464088822061192,0.0715650176935839,0.116383476082098,0.192962496912299,3555.59005360487,1,1
368,0,-0.0867320874408021,2.34998038275708,0.739375592447058,1.22342231243986,1.61062011148384,0.112101798613266,0.0469259195367207,0.0749726643451707,0.111014180487147,0.179933051683692,3642.37901332043,1,1
369,0,0.06236728497182,2.31481845564802,0.694168931949777,0.992172884371196,2.18980211463364,0.0849703681788206,0.0471788093180138,0.072774123879573,0.112665749551119,0.194912056369901,3565.16634240165,1,1
370,0,-0.10263400872464,2.28423326473325,0.798588497143035,0.983603746578399,1.96305813403026,0.11421587252301,0.0468114571726446,0.0715856122279218,0.114187982608101,0.190151529252602,3595.73386018023,1,1
371,0,-0.0490978533555668,2.44182022879617,0.64070453584808,1.02406688991295,2.07092399297664,0.103611659879641,0.0450301988558752,0.070443559182834,0.114386487094704,0.186917707492695,3690.15051360285,1,1
372,0,-0.171771120943783,2.27824658796442,0.908634588989711,1.08855154023311,1.80325526519645,0.132274166049695,0.0479659218269213,0.0735518367000229,0.106880891760907,0.182396938960682,3623.05549381821,1,1
373,0,-0.0120456397539556,2.29258703226727,0.809664027735896,0.922645450003352,2.08716451297847,0.103118912706457,0.0448965235276186,0.069063597805371,0.116313143045237,0.194113652299495,3587.61692946725,1,1
374,0,0.109804433944586,2.28028941401853,0.815054837129178,0.753931272940624,2.39475362313464,0.0873386148677765,0.0451105094423786,0.0695631875933198,0.119790471088556,0.193645693703842,3592.34267272992,1,1
375,0,-0.110175324495093,2.26959401368393,0.789544145901018,0.938072944379366,1.94261724749908,0.119485608198683,0.0460873929026065,0.0711017964989351,0.110583610712474,0.180209908271452,3573.35752227934,1,1
376,0,0.147128580077911,2.34774247808922,0.681784499868712,1.0603439701134,1.92254111379972,0.0807637379412497,0.0467826275980377,0.0725902565882841,0.119967567076102,0.203831329643824,3597.83728673644,1,1
377,0,0.0156326635238092,2.36738743868089,0.756415797903281,1.06257444553998,1.86452501762285,0.0985001777498769,0.0456316978627821,0.0697572511516812,0.11256310709328,0.18606176267767,3644.8811940709,1,1
378,0,0.0521311777231603,2.28003390891009,0.813378509629139,0.953808935411039,1.99243582738504,0.093428456493337,0.0464242470835753,0.0717307312133748,0.116644361033382,0.199050355709945,3578.40462380122,1,1
379,0,0.00714243240571072,2.3748051540793,0.605686988373672,0.894109307344998,2.14094828269602,0.0955504073655133,0.0423734373926473,0.0696514123906476,0.113949041369981,0.193275999329676,3560.73471957153,1,1
380,0,0.136766805338454,2.27849620301225,0.760794859959059,1.04749987330877,1.92426592862151,0.0820031139026307,0.0454881798008091,0.0706104476116195,0.117260254597283,0.192862606495557,3572.06372924976,1,1
381,0,0.0631001583922671,2.36338658198022,0.680514259583988,0.778647561301553,2.381341968345,0.0847548593181485,0.0439311526183398,0.0710885499252363,0.122689371938748,0.199603538377902,3583.31091451725,1,1
382,0,0.097405353931705,2.32052402559804,0.814379953934,1.08801676991924,2.0404815933367,0.0816010150992803,0.0462782756980235,0.0727117631679456,0.114226786400237,0.192062869580701,3630.63496543539,1,1
383,0,-0.0261781478912283,2.37594532200409,0.667228287361721,0.817623076309236,2.18947758090633,0.105511777091574,0.0441370664891048,0.0682390237090193,0.117001320179805,0.189985500528919,3601.5241317795,1,1
384,0,0.0388668002994815,2.29075253825958,0.779533955093502,0.887983928676532,2.10229726442167,0.0980770365949783,0.0448786296722604,0.0703509567660674,0.115204046975817,0.197230168531094,3557.28507900899,1,1
385,0,0.0163187335085364,2.21839553441591,1.01212111934669,1.03783416708649,1.83640471547698,0.106369504353188,0.0467010012214841,0.0705674827088787,0.110900022284,0.186823800798436,3599.06134075899,1,1
386,0,-0.03919258721445,2.27975472014332,0.782783715904975,0.824719364246186,2.23630355565834,0.103557783212052,0.0450949410121376,0.0714284388981802,0.116624973295493,0.194492074663962,3548.11057340779,1,1
387,0,0.0122909297106246,2.31421639696924,0.751497727811271,0.927299383556016,2.04422695839749,0.102148101845472,0.0457749165472187,0.0696629716635197,0.115190394408172,0.197341668042048,3583.78922319504,1,1
388,0,-0.058509420578775,2.34898310906944,0.684480063685327,0.866292944709311,2.15788495747822,0.109517909188157,0.0448184749803222,0.070062543823591,0.114522558608762,0.199276305650202,3576.23748783407,1,1
389,0,-0.133636974246433,2.28150633564736,0.843370364797213,0.925863844333804,1.98796460732431,0.132072441394943,0.0479050175287809,0.0738156911566074,0.111427275201443,0.182550095612013,3595.57009996287,1,1
390,0,0.0927739533957418,2.28256220039721,0.80451402743682,1.17640050035752,1.69857999294023,0.087840819569673,0.0465294346261051,0.0707340849096185,0.113748803795437,0.187791311796264,3610.79171133139,1,1
391,0,-0.117299597801418,2.12752455862909,0.978946861291715,0.938885173788695,1.95123962362284,0.11383900949961,0.0489245760452475,0.0750449157435348,0.111222937449541,0.18031336838131,3534.05081942794,1,1
392,0,0.0499432306959092,2.28162293537873,0.807955280460631,0.899784706693478,2.06948514536129,0.0974047026743566,0.0453748855847058,0.0720110110375833,0.120047016191443,0.196272773009566,3577.43820048245,1,1
393,0,-0.120355276079852,2.28341933465377,0.773995128270545,0.93286590671511,1.85181653534689,0.124593716025356,0.0458472438473768,0.0715119979863076,0.112452835372684,0.185437267296732,3568.80625414173,1,1
394,0,-0.0942145702007268,2.32246478296711,0.800455342336402,1.00732892702547,1.9061986988972,0.118148260265948,0.0461513163314193,0.0710111355684326,0.114012475905272,0.187392631564426,3631.22865886285,1,1
395,0,0.0211473104682763,2.35557174708316,0.706003924639808,1.01917688801076,1.81853251862768,0.106541522443496,0.0461979768671801,0.071607193271103,0.114716227262546,0.190884583825423,3596.08315147444,1,1
396,0,0.0564610290058649,2.32952845944506,0.734899878527578,0.872735856992219,2.14661379752986,0.0939650323467015,0.0437135097251338,0.0698120617535734,0.121223979561304,0.199273290727773,3600.85817416325,1,1
397,0,0.0229288724897285,2.25627151006577,0.932232092721033,1.22327598590801,1.74575982086388,0.0969444241145328,0.0492052879666372,0.0751477328899269,0.111938380976411,0.184974451423607,3651.52912535244,1,1
398,0,0.0840684399707184,2.39188071449945,0.688554977177669,0.91800765045271,2.21521402956987,0.0874911732053172,0.046836210831746,0.0723002565224242,0.121342766447218,0.201377495954415,3644.49749126036,1,1
399,0,0.127345186107568,2.24939052229134,0.868976145338892,1.12016221462326,1.97679545648872,0.0768072633688634,0.0490066496857581,0.0742690735723623,0.116974799783787,0.199148563729795,3597.78747666922,1,1
400,0,0.0229142789187094,2.28833358425821,0.829510207113439,0.790656638122323,2.33673012495656,0.0960335735495984,0.0444329273897314,0.0692681423618943,0.117426977702748,0.196553677058727,3589.12671573268,1,1
401,0,0.0360645622452331,2.33870190820675,0.772842615341875,1.00082418478893,2.05421714761569,0.0972737362595446,0.0444942387084549,0.0702268984447892,0.113721379990915,0.202302912044043,3593.87260087359,1,1
402,0,0.0233598878434596,2.28095487093102,0.804833904408023,0.97990688415519,2.11006253870347,0.0966925609047506,0.0479216169952874,0.0740635145084391,0.113314362212769,0.202909236312076,3569.67626639912,2,1
403,0,0.0744682480340986,2.44184027118571,0.560565425442275,0.98196043169631,2.12364272860434,0.0886874447032869,0.0462144309435723,0.0732590411716811,0.116289389568681,0.193932203255516,3630.77447877588,1,1
404,0,-0.0209305952913269,2.2747942286308,0.834354380218709,0.996848135508685,1.96078170895842,0.109629576145191,0.0470506176242049,0.0726272762325691,0.113725265780342,0.193976871266901,3591.3208489088,1,1
405,0,-0.0716386332163623,2.27782161983027,0.845578715095339,0.901095866969795,2.06170435625818,0.116108335390422,0.0446269377096711,0.0706604573811406,0.114992349553618,0.204970063034284,3567.19237464488,1,1
406,0,-0.328612185651008,2.27940462654951,0.874906571228095,0.939081965409867,1.88807837977679,0.158210867642876,0.045322379576483,0.0704445122259636,0.111911772844192,0.184846167811005,3601.51026808843,1,1
407,0,0.107310310019394,2.30687626304822,0.819496241581857,1.24494372354872,1.80880710656139,0.0799499786065427,0.0479743439416554,0.074978632920534,0.119295746988781,0.193515911234078,3658.59621753426,1,1
408,0,-0.180609417842405,2.27876415457666,0.845242516344263,1.05697286038587,1.71606613895699,0.136658372866916,0.0472144595864051,0.0733806490026785,0.108642036669864,0.183205737687602,3587.48849775512,1,1
409,0,0.0617244524018303,2.25132748694228,0.852954398655037,1.1056534915895,1.91743624487653,0.0941182730559914,0.0469011796545958,0.0722087639543759,0.110393808483623,0.192128268111822,3578.57689354274,1,1
410,0,-0.0233326241525082,2.3171399535019,0.81143382326644,1.00107398693221,2.01278522446585,0.101414387092588,0.0457946792218367,0.0711860637815216,0.109940177093579,0.191473853438522,3601.35830677033,1,1
411,0,-0.0559818176835233,2.36510468026679,0.75103021038061,0.991674574471352,1.98247156490615,0.110179244061829,0.0447498166834164,0.0690977365834716,0.111386874361378,0.185436826295202,3627.3221093004,1,1
412,0,-0.0157368661251196,2.30666739019867,0.791060423460471,1.10554619855868,1.91407955481928,0.102069941564305,0.047462551754319,0.0730449515386036,0.110935950278794,0.188971273396186,3602.46788767783,1,1
413,0,0.0150130324430785,2.40763302095522,0.610608457849784,1.06652095868353,1.85243473892308,0.104143589569222,0.0456042234171381,0.0721767531905877,0.112820439060003,0.190540556056887,3618.7681681063,1,1
414,0,0.00147149046933259,2.2799977984672,0.856349394491392,1.08252374696106,1.93011758380243,0.0977134076256876,0.0475450357152742,0.0709482558135996,0.113875831522316,0.185499602163458,3637.92943857982,1,1
415,0,-0.115305799068296,2.26375840303446,0.854661329742879,1.02783857746978,1.84548380394998,0.115331204644276,0.0462620200018077,0.0725236582160618,0.113298295084508,0.18739913222835,3597.53924298007,1,1
416,0,-0.0195505735522422,2.31371048355386,0.783173011199382,0.970957697897723,1.87743721246041,0.114711818375227,0.0447446485594158,0.0679320962602764,0.110848055654037,0.177951499732834,3595.78060990234,1,1
417,0,-0.0988192426761932,2.2826370301289,0.809080500179574,0.969161841969257,1.91692095081992,0.119555271870756,0.046894801784904,0.0727687418418574,0.11267617672076,0.190355998752497,3577.59487204256,1,1
418,0,0.0617706460234578,2.36835107528906,0.741081500058581,1.21718732065971,1.63996187685458,0.0993874156150081,0.0465760358322793,0.0730045139860507,0.112033315554103,0.183921689013936,3663.00270112573,1,1
419,0,0.151261072085078,2.32424167066646,0.775554710231923,1.05467555983228,1.87124219104452,0.0894922710696226,0.0448759666311818,0.0687971233330754,0.113443828606621,0.197092417279312,3591.89293464344,1,1
420,0,0.032364964409808,2.31162194741748,0.832299460722415,1.11653112357214,1.89444218557462,0.0975501270048736,0.0469553099676198,0.0726655515318892,0.110731889086377,0.189652603336694,3633.09451307627,1,1
421,0,-0.0065335341482658,2.22851687351439,0.929668017274982,0.93072258981666,2.05122473846131,0.10170355144953,0.0460711058472271,0.0706976235831706,0.119251317379564,0.19222332327113,3608.17216511849,1,1
422,0,-0.066727228857135,2.26726747668992,0.873630088903121,1.22554847157691,1.64719210318745,0.110613169317222,0.0488423111179842,0.0746427645627771,0.109103624102949,0.182005968020457,3627.01570751455,1,1
423,0,0.0355368581689649,2.3181102937522,0.817915114048437,0.761126689161688,2.32182739414203,0.0992352610048594,0.0431570117211927,0.0676418548321237,0.119598848378859,0.193640754742773,3601.84117078051,1,1
424,0,-0.106088925113954,2.37563539468875,0.664516211704449,1.05544397601567,1.69698125490559,0.125633353610263,0.0448731835787469,0.0706672959341293,0.112962460438803,0.188006402390106,3612.46953168807,1,1
425,0,-0.161936418269188,2.2528371440917,0.848230246627502,0.983344055744112,1.77800905196815,0.13470014698505,0.045520483452527,0.0709343317094386,0.112937639899979,0.191634592396539,3567.23363154048,1,1
426,0,-0.167584030251443,2.36268711787628,0.763988918476754,0.995079783840388,2.00148512489647,0.12233420629769,0.0461872908070071,0.0715555173287231,0.109325677898338,0.180728769098653,3656.03947942602,1,1
427,0,-0.0197346065990422,2.32483674502033,0.753189999697192,1.04828868211108,2.10286203514933,0.0915310822671484,0.0473384683424962,0.0746767583902738,0.11089573585401,0.17954411623465,3637.79888116897,1,1
428,0,-0.250227816990931,2.32351908636585,0.773077573213321,0.886429910692042,2.12455890794825,0.131808496441031,0.0475952504334525,0.0736552266900897,0.114307121181603,0.186970276617284,3620.28433978407,1,1
429,0,-0.00736300489762877,2.28916860048312,0.865440157252303,1.03843948036429,1.94520545948585,0.103018075174139,0.0486104085100526,0.0736747265192477,0.115256364581287,0.1885927728052,3640.53511026222,1,1
430,0,0.0428701024027635,2.3332798097155,0.74852676958018,1.08926615768464,1.7933476934383,0.0997204603530983,0.0469578893434625,0.0718717363791365,0.111439131701181,0.190788389686957,3603.73060508262,1,1
431,0,-0.120830089739184,2.30366947707817,0.795166220174992,0.995943001541122,1.9531210520646,0.110919593469267,0.045845159422651,0.0721669702808054,0.110605569525093,0.186886292850884,3591.92925084703,1,1
432,0,0.112122688523949,2.33911475820874,0.742952435478565,0.771427871866081,2.38576781596256,0.0895871265053666,0.0441952272563971,0.070745690436506,0.120571240834472,0.202243241329713,3588.00369651175,1,1
433,0,-0.0725446261685925,2.30881482183839,0.822274301518539,0.925854659086487,2.07844946438003,0.112260736908505,0.0459379975084524,0.0713963899203927,0.116761908528277,0.195719033860575,3617.25830467394,1,1
434,0,-0.0260385275680411,2.31364081309914,0.774512227768918,0.953152611559688,2.0178806454672,0.107616035440252,0.0444387689088671,0.0695572556930242,0.113049851625388,0.189448830373325,3595.50660880749,1,1
435,0,0.0628527708477868,2.27867059962258,0.751634082694623,1.01184306504209,1.90356109137641,0.0947144565553446,0.0463149018932559,0.0735091739022745,0.111480886735393,0.192179239316624,3534.22126330464,1,1
436,0,0.0202631845942424,2.31287135348666,0.788723446322585,0.897137958250528,2.21841567841212,0.0936359189991338,0.0458863165256329,0.0688012343844394,0.11340821112395,0.190280686633642,3596.45928348558,1,1
437,0,0.00968471070395252,2.27574470105807,0.816769241797765,1.06431035979011,1.77760720624504,0.104561088419426,0.0456277006564938,0.0714252894109615,0.112527865755948,0.192406489509231,3579.72130942365,1,1
438,0,0.0738367995662427,2.30686727407188,0.791561398479751,0.940208416199236,2.19352211091361,0.0925846863166904,0.0466537786273748,0.0708835662298508,0.114279602386301,0.195614535810432,3593.84507850601,1,1
439,0,0.0206264112998047,2.34199340099838,0.787696715082102,0.920946492529924,2.25436883152077,0.0895772931189053,0.0447149116167386,0.0695198172715575,0.113216399866352,0.189927995512186,3626.90769310016,1,1
440,0,-0.0140199264777679,2.30757947712268,0.772136402984771,0.749585642640834,2.40014360630504,0.104003539681001,0.0449399421502578,0.070160905843719,0.11882371189663,0.189657745779477,3600.07929223658,1,1
441,0,-0.0200263179912514,2.36005990165341,0.724786993051544,0.966134508671039,2.15729212227,0.101751806740305,0.0463439853278806,0.0713442857653291,0.112645952353314,0.196050208607957,3615.19213858249,1,1
442,0,0.0410608857125619,2.27415504321984,0.803481205956031,0.918348994111009,2.16024540916983,0.0945957982555063,0.0459511083540626,0.0698078903779032,0.113995927960271,0.203103679248822,3557.79496518227,1,1
443,0,0.101455238953539,2.2520321156717,0.861440088178767,0.983141831426386,2.11553204628474,0.0848974288604208,0.045883672310971,0.070605133956312,0.113273085045473,0.193010535625044,3574.07233824085,1,1
444,0,0.127535472173257,2.21960526221918,0.910728232609835,0.852477824446577,2.3977557994955,0.0796228241542085,0.0477973111166575,0.0724163708215757,0.119320482656953,0.199406097474424,3591.44084882374,1,1
445,0,-0.118490846494278,2.31956929475745,0.774186940056128,0.800633629934539,2.24178111514428,0.106602803416728,0.0446232465916227,0.0721862413761808,0.11418288788394,0.181380781816859,3603.97028630754,1,1
446,0,-0.0106470522512358,2.30821192331503,0.793785785247469,0.862528403855511,2.17857851182862,0.0984353470511749,0.0447445929862147,0.0703970580020764,0.114185520873679,0.187857542008867,3588.25034506282,1,1
447,0,0.0052707234525106,2.22897735467224,0.927642033260168,1.01716109472182,1.89741530309387,0.109516588889377,0.0461722105009462,0.0718044193246382,0.110390511834324,0.194940371945885,3561.90388163077,1,1
448,0,0.0386188758612445,2.29411929803197,0.844160946746399,1.02123608736637,2.03205058132661,0.0945429949593113,0.0474228984970262,0.0734432960390437,0.113677082243788,0.194962340742404,3622.11195794276,1,1
449,0,0.110175326905248,2.31069826420174,0.752295004228048,1.09815751050668,1.94673326950824,0.0848719714236955,0.0463421749960394,0.0719145919371073,0.112479510779611,0.18760913974153,3606.81050430186,1,1
450,0,-0.100000388713365,2.39465752384636,0.639786406726775,0.925616717361632,1.91172230835981,0.117369743287065,0.0433757254307123,0.0687958432546578,0.112089427268139,0.185964511803335,3591.23272264789,1,1
451,0,0.129778996765455,2.28481185973935,0.798333761361658,0.984164892966807,2.17294439479875,0.0822718434235246,0.0475293127158253,0.0736614275237029,0.115870035481783,0.203811048415766,3587.42297808346,1,1
452,0,0.0944438978903841,2.31383469016456,0.749052312075207,0.8963132335167,2.08225981584871,0.0907210852325142,0.0444662177039654,0.0673919173589551,0.115314842470437,0.192310276880964,3579.83911457501,1,1
453,0,0.0666561413838706,2.34766828683698,0.752040683197691,0.906665402239467,2.28946090910159,0.0824203779262263,0.047028131015508,0.0711364179659196,0.120912832041219,0.19498252756901,3649.60453346203,1,1
454,0,-0.06197176359331,2.24179651811678,0.861254923515971,0.84095175238658,2.15681097479052,0.116169325658903,0.0455744804273191,0.0695727159911918,0.113255018676852,0.189617419612184,3557.64835972176,1,1
455,0,0.0722546154349315,2.37405031923285,0.715095478575873,0.943237478791282,2.15731400425336,0.0911719845231273,0.0457041951435316,0.0697851787843725,0.116392418916122,0.207402043506018,3616.30687604859,1,1
456,0,0.0697669219105976,2.28709701880116,0.83362684743547,0.984983183212899,2.05013835905465,0.0925329195732606,0.047513233879164,0.0713526966420869,0.114264552884251,0.197770336563779,3603.44590587513,1,1
457,0,0.0151989455033104,2.34079123046603,0.764118080150678,1.29068689569243,1.74285250561623,0.0923051806577276,0.0492384526683918,0.0775867800995987,0.111985126544595,0.178105505259488,3662.46377497081,1,1
458,0,0.0744317413551561,2.36988969127518,0.720107211353495,1.0489359201371,2.00141552310778,0.0913290254032497,0.0459619680161713,0.0710053590131968,0.111777729830922,0.192352536647364,3628.9201735714,1,1
459,0,0.0236994194063914,2.26572393030031,0.810447857114558,0.915648104028419,2.0780369490179,0.102191228079478,0.0466527992369849,0.0695262263731719,0.1139916953267,0.191022909322591,3578.18954828437,1,1
460,0,0.0235402997282283,2.25039676140951,0.84207423075775,0.664860176838651,2.44715253400152,0.0970390828431978,0.045479402572784,0.0687577022841107,0.119611594010307,0.200175147536434,3551.58240962482,1,1
461,0,-0.326172949734047,2.34974322067915,0.715244351898375,1.07056695308566,1.78796748809186,0.144673257406758,0.0457552303919412,0.0724109736740143,0.107046369448467,0.179869143850483,3610.10508751624,1,1
462,0,-0.0498685912078385,2.31392519177034,0.799078037823971,0.906850110253117,2.16457009740315,0.107058926497327,0.0453423958562836,0.0712160718806022,0.115652021364103,0.191896682922291,3605.78703961822,1,1
463,0,0.222613571603042,2.16246640033814,0.977957541628119,1.06391180610091,2.12371015574606,0.0710512987411808,0.0496767969778483,0.0733119607359819,0.11498618860179,0.203189936297037,3555.57473667589,1,1
464,0,-0.0597796042535126,2.31674365481597,0.801587795888972,0.930862058315892,1.98241205621987,0.114324639461617,0.0452283982943463,0.0697825620718186,0.11450559082656,0.186878816335123,3612.42244453478,1,1
465,0,-0.00744066311913571,2.26650105305807,0.857637645455612,1.15192059968835,1.78044444677901,0.102686864815103,0.0471768452241377,0.0716596031754694,0.112932776712863,0.187164495723217,3617.69523587864,1,1
466,0,-0.00504270589439613,2.22822422211963,0.942882564181344,1.10606772306931,1.80681308228991,0.105960799621,0.0478037368257337,0.0732122671719472,0.111455954594509,0.188500310233107,3602.00029515773,1,1
467,0,0.116187929978261,2.25692928561922,0.855935472442873,1.03201418450786,2.04837268214877,0.0856741158061853,0.0485869516244538,0.0744873143304031,0.116410809482242,0.211039460218093,3574.65525802277,1,1
468,0,0.00870774823930877,2.30071451211499,0.825111090560394,1.02307004114598,2.01050759766449,0.101503626527706,0.0474471309623695,0.0726966712725958,0.109368733698246,0.185234593307377,3605.18535823844,1,1
469,0,-0.0943285770311616,2.31389457366324,0.786743559841821,0.93072577180842,2.14990433149264,0.107262925626516,0.0467315188856651,0.0737921059053311,0.107715595267381,0.180086534043017,3593.1037283856,1,1
470,0,-0.0864323236163446,2.27533646943497,0.800994284101882,0.873430429283287,2.13414888695607,0.110999562538445,0.0462905649605626,0.0725008389831583,0.115228318534992,0.191946334278717,3566.6161967507,1,1
471,0,-0.0575714485974775,2.34326562457601,0.727919565049146,1.2132174349305,1.69335678934825,0.103127559368142,0.0483195687803132,0.0742017810267461,0.110614853154502,0.180156888702961,3641.4417918309,1,1
472,0,0.000954702463676321,2.28713219907068,0.796000269130658,1.08428818894244,1.89468158529675,0.102937678058323,0.048189316321859,0.0740609875092747,0.110085369778456,0.192037152951416,3587.33356595691,1,1
473,0,-0.185611677107307,2.33443124048979,0.743402641872787,0.887298173102847,2.26454400084934,0.112541722878656,0.0460757426654335,0.0717592807569049,0.110553817988775,0.186837241842261,3588.10110348013,1,1
474,0,-0.0677970045223152,2.18184425534048,0.931138016101016,0.948383812654295,1.90671740648882,0.115018756474181,0.0463670574489231,0.0711079786624123,0.113621404579494,0.18817106499016,3536.4655530151,1,1
475,0,-0.0454658197380151,2.22196248614037,0.863285190528819,0.766903541584086,2.27068757628811,0.109052885801788,0.0467100476511455,0.0702737636563331,0.118618756226891,0.191678839403202,3567.90490198658,1,1
476,0,0.111505336728102,2.32351330954194,0.788597748864522,0.804697430464091,2.34324065006911,0.0839336472705156,0.0451995869561354,0.0687852166409123,0.125489205810247,0.208068690343533,3617.99588436262,1,1
477,0,-0.0652794287979988,2.2496712193585,0.84411667327217,0.814796254733308,2.23246484792712,0.10836543905097,0.046062467883795,0.0711338217132009,0.116069406149033,0.192568936724681,3558.36450421392,1,1
478,0,0.1991184355669,2.29829854247923,0.795691090654348,1.03821729349047,2.2157569369816,0.0696435629800552,0.0478268623910948,0.0743934346731835,0.119145967550483,0.188127671526027,3636.71973114265,1,1
479,0,0.0364207649838279,2.23359369498727,0.882215632246298,0.906725460896102,2.05225146734801,0.101366938129833,0.0465723003504995,0.0722327869778672,0.117775297994449,0.198658223547117,3562.99204542749,1,1
480,0,-0.026400210017325,2.29635002535166,0.845014759366312,0.9190768634349,2.13828264305263,0.101111569223542,0.0461667477753712,0.0702254542604481,0.112143370200104,0.189981544847829,3599.92370560281,1,1
481,0,0.0272649713916633,2.28265816367237,0.857069670868211,1.27948465702062,1.64253779414033,0.0969354608878134,0.0488333164083808,0.0739246797975448,0.109758592406648,0.188280687544557,3619.22252187779,1,1
482,0,0.0748381267859127,2.36059724479587,0.733925269581915,0.900653051375801,2.34410778025882,0.0858099220096918,0.0437399365409427,0.0679330596755467,0.114382664895508,0.19946267683259,3601.26698530841,1,1
483,0,-0.00217480118948039,2.30034760350011,0.801232234894875,1.20923827709904,1.74459524428021,0.0973744818682954,0.0484565226320348,0.0744415919031308,0.111071918767851,0.188822966978231,3616.68124684319,1,1
484,0,0.0835769306627533,2.3778328632632,0.682362253572832,1.18495877750763,2.01000045805611,0.0838267293330766,0.0494526908215087,0.0752573679775063,0.113061238866983,0.197530376614981,3649.81667381898,1,1
485,0,-0.0238476464650111,2.24332854211287,0.946684843345742,1.11655679189054,1.88486864396398,0.103379312508174,0.0464557165276715,0.0716263681556862,0.10836537410902,0.180811662331705,3617.75962452552,1,1
486,0,0.0174340827039762,2.35186284097137,0.685028969809813,1.05338066443971,1.81575731316551,0.0996951124384957,0.0453411465091415,0.0701391559074031,0.112670245520107,0.191320378545492,3592.86177388487,1,1
487,0,-0.020049699028479,2.30696004280739,0.809652822564699,0.964324972322677,2.01581169344812,0.100250460908139,0.0455754130451489,0.0707585407526624,0.114140800012277,0.18670275311634,3603.68164447208,1,1
488,0,0.084780777820501,2.3304395817567,0.759037141175714,1.00852294051244,1.94100315217726,0.0909086331814297,0.0445311158480373,0.0681710908830818,0.114641239307659,0.197161117631863,3593.72502580964,1,1
489,0,-0.017111392051928,2.30986238296931,0.846183009405278,0.894894361271989,2.21298949719839,0.103366384426927,0.0445373410348425,0.0714083123918636,0.117079946533104,0.189574546764967,3629.00665953862,1,1
490,0,-0.0861646886023414,2.33972242011397,0.790044216470632,0.915358561960993,2.08710685389794,0.112388818032633,0.0461847094824971,0.0713748868791808,0.115264388568831,0.187225736213616,3620.06672729544,1,1
491,0,0.0189961538631998,2.32154124095436,0.81064944700364,0.980384494289474,2.05409066900422,0.101223761203872,0.045241766491423,0.0711682964425291,0.114327237870681,0.192494937694463,3612.58507267851,1,1
492,0,-0.11897441771471,2.37434633973968,0.744819725755162,1.22170428737032,1.6967594744546,0.110978997503541,0.0468414822975435,0.0732482548939434,0.106494614581311,0.179833418387539,3654.30625574469,1,1
493,0,0.0799126623177191,2.26305253119865,0.902316001218592,1.03586168647654,2.00878564097764,0.0933267098146252,0.0472572476447956,0.0716837201667055,0.114687592170894,0.194922418540817,3611.74745035913,1,1
494,0,0.0827757693296684,2.25225453290377,0.890709388218141,1.00120488111591,2.11543163517063,0.0874614716576355,0.048145080604435,0.0735629958311614,0.11415342490614,0.197248028915766,3599.0758320089,1,1
495,0,0.158602846850787,2.3474137133875,0.756968694960694,1.08670368143274,1.99640296223546,0.0771710190920193,0.0452511047415523,0.0695759206392969,0.118952256027434,0.189246779980647,3647.01238827091,1,1
496,0,0.117697732731013,2.3203179998674,0.761809324314335,0.903898318550523,2.36792995543151,0.0825515525322312,0.0466504679371192,0.0714919447854809,0.118260812854658,0.189492107535487,3627.65035566341,1,1
497,0,0.118827077865487,2.3394396472028,0.786852148917044,0.991734745168179,2.1111779757194,0.0859797619722339,0.0470738452053344,0.0721062415456797,0.117146025114048,0.197014742625519,3621.6427288663,1,1
498,0,-0.0089924448875448,2.3077620884408,0.792125324818738,0.896784638475763,2.01825415134572,0.105721358944447,0.0440767592196018,0.068529961600314,0.113989209265342,0.192170224996161,3580.16851282861,1,1
499,0,-0.049388851986849,2.28860656916039,0.84135520168559,0.977079148452707,1.9884794426336,0.114915555537028,0.0470607184880924,0.0715758382803671,0.110299130011708,0.187276331400655,3607.17967009551,1,1
500,0,-0.0163605624903172,2.22157874499508,0.84294780520394,1.04662339442349,1.78813660037957,0.106331820552083,0.0465922199103636,0.0714800280576259,0.114893031488553,0.192316582935349,3557.62260736178,1,1
501,0,0.0741844025874071,2.25880792184407,0.791652099207392,0.914602985160944,2.14260607040125,0.0893810717647506,0.0473834383003933,0.0718182347745132,0.115923431519049,0.192964588725968,3564.66083450523,1,1
502,0,0.0639325203749618,2.31346462551147,0.725613887080771,0.832715973158076,2.09659693966857,0.100449060544545,0.0447611037791331,0.0703118224631039,0.119155622536118,0.203682041727506,3543.61426755783,1,1
503,0,0.0424972730613679,2.30000466776559,0.817667980835684,1.05198846121414,1.93150726032487,0.092813499853611,0.0460089584501394,0.0712762824866396,0.114131661732174,0.190994003017426,3609.41059543195,1,1
504,0,0.0559844650388099,2.26597257429196,0.796621069900475,0.852432914938723,2.04860120109996,0.107360902125205,0.044280658077674,0.0680650849488216,0.118076803909134,0.205782523884161,3544.65204207342,1,1
505,0,-0.0788662151852048,2.27752456018836,0.802725624510942,0.939309432624629,2.08114782690636,0.108038093438932,0.0471206787887418,0.074119302961303,0.113273491412637,0.194062145357387,3572.34899478153,1,1
506,0,-0.176752842052328,2.28898145732219,0.811034569273837,1.12279662888106,1.59281715696674,0.145203012149237,0.0464968343394062,0.070965418909269,0.107111545326231,0.180783727580824,3600.43498153186,1,1
507,0,-0.111411188109982,2.37720462644146,0.671425036560194,1.06878197420125,1.8329063376242,0.112886024952076,0.0467926235233099,0.0734793175242541,0.111914240682993,0.182816147211526,3627.73480523594,1,1
508,0,0.144967541513841,2.35564212795051,0.724391498425069,1.01069643633223,2.01933122414583,0.0872183307191621,0.0449514321961735,0.0691216308757629,0.116654394983332,0.20497921788329,3614.6202292206,1,1
509,0,-0.00317192593896858,2.41253659565669,0.629788617228689,1.0851727336689,1.8231678784281,0.0976182036298131,0.0447987483383415,0.0724606184408025,0.113956428101837,0.193533461615559,3611.81539542336,1,1
510,0,-0.332608553479745,2.35149566484395,0.703051357461312,1.00232987395729,1.71098204593815,0.16528943026198,0.0455512294795315,0.0715298341426064,0.108775850144666,0.180828048812627,3600.02620456817,1,1
511,0,-0.0403758540599903,2.23812324124282,0.887622910638497,0.950947944622326,1.9317769985046,0.110205353337925,0.0477605862448232,0.0743085072536134,0.114335550687995,0.188375433868986,3580.21841768475,1,1
512,0,0.0188879594328673,2.24283908208572,0.942208290350337,0.773798375573081,2.26328987236447,0.103031090856856,0.0448166384683563,0.0690335493289682,0.116237893728917,0.187321772017298,3593.49135095876,1,1
513,0,0.139454082983442,2.23086492653023,0.871000360340393,0.937846694911152,2.02557067840497,0.0814643740913363,0.0458764096258087,0.0722342440721215,0.120561861143831,0.194578408774439,3567.77870114257,1,1
514,0,-0.155990604028537,2.33829328249416,0.733732002382788,1.01252150008864,1.78400927493647,0.133097141747133,0.0442803337884984,0.0696742016313878,0.109980586694052,0.184661775244984,3589.02846919378,1,1
515,0,0.0156680655006625,2.26492345707081,0.766907336586203,0.961704741566209,1.88437340284687,0.103152153761316,0.0467630692840672,0.0711014120152128,0.113233994603619,0.18914242585238,3556.41913811267,1,1
516,0,0.0177832189041895,2.31401866262516,0.824654491268732,1.19864775960563,1.71385625276353,0.0985741533400324,0.0475330622236348,0.0741314814745727,0.108087367851702,0.186395291668301,3628.88681077057,1,1
517,0,0.0844307023276616,2.32471929132412,0.746025085198622,0.969462650616374,2.01195781651173,0.0956711082071904,0.0447004301482378,0.0689458882722171,0.117965972518586,0.198255132563927,3601.16405368231,1,1
518,0,-0.119820793525554,2.36756776269925,0.676482900700215,0.76853445219548,2.27691806559269,0.115713498378848,0.0449815213626292,0.0705605626828787,0.11570929565831,0.195320141577573,3573.97768590786,1,1
519,0,0.04991440384877,2.31231657554779,0.815020384080443,1.15472155795922,1.69390302652188,0.0929962921561334,0.0453627142139829,0.0692932443975247,0.109997126961947,0.180723232463725,3626.98513139911,1,1
520,0,-0.0584449853836892,2.27221824851849,0.832838403873434,1.10588489844331,1.84649278368304,0.111287961117252,0.047707358100842,0.073983358235088,0.108436553594257,0.187694074467801,3576.62692351206,1,1
521,0,-0.114738112407808,2.25285621544314,0.838335583093838,0.880112244912883,2.19349932917415,0.114268410506536,0.0460280485987761,0.0714563178013626,0.113890539688356,0.195488203027997,3548.23393388325,1,1
522,0,-0.0216810556182256,2.2573312338215,0.828791316495699,1.04353332908349,1.97217488382885,0.0985693262809057,0.0499830172307254,0.0750002631760595,0.113784581408937,0.189962474274832,3600.59265568175,1,1
523,0,0.0670897785087653,2.30494617423382,0.809878417282492,0.905182535504754,1.97188037175522,0.0977711865278027,0.0433607950614061,0.0689077464868155,0.118268678499017,0.198282607712553,3575.86561330902,1,1
524,0,-0.100139831531526,2.26375004730348,0.808509468836989,1.08828484258486,1.71828337472111,0.114235064728373,0.0459089927437757,0.071594772604044,0.113130642879666,0.181157582661525,3594.58017710299,1,1
525,0,-0.016555178831907,2.29643997251016,0.842705972648121,0.822773082815424,2.35930614012106,0.0977136234316474,0.0453543163485723,0.0701897323816775,0.115518057609946,0.202710240150508,3575.85273647746,1,1
526,0,-0.0512509157976955,2.30533714090585,0.797222438428067,0.991732706865029,2.00576762304005,0.106316030704671,0.0445549624782817,0.0696901333846492,0.111138215625301,0.18844766993597,3583.41928599825,1,1
527,0,0.129246162266833,2.30487148970844,0.828872493842548,1.00192985444163,1.91728160549407,0.0944540678511803,0.0448903896846129,0.0680583842361552,0.114789763418839,0.196496095762813,3597.53584684633,1,1
528,0,-0.0762325697553309,2.40041847601412,0.650309409707408,1.08894941109684,1.89061222938784,0.109937827478363,0.0459380351379304,0.0724688636508971,0.111139609805313,0.192100076454598,3624.717262147,1,1
529,0,0.152620068947158,2.36004561696929,0.686292672331959,1.13651682524911,1.82181043676222,0.0812780135281062,0.0468558327693984,0.0723484335195887,0.117856776494416,0.197508370278859,3620.2116036655,1,1
530,0,0.00170173303292449,2.21606027730757,0.886568111484633,0.862736787093655,2.21897613002716,0.106010858171191,0.0472159085808389,0.0722351739573937,0.116883117042489,0.199944680206677,3559.89229871824,1,1
531,0,0.10512487090272,2.28953520403139,0.842071777666947,0.91061683168909,2.17509927057722,0.0848249571930809,0.0458585137300907,0.0709461082345503,0.116321527033475,0.190404587707714,3600.04530326143,1,1
532,0,-0.076820142921782,2.28371257146549,0.828061409923045,0.982336561753949,1.92560110781209,0.116212330422028,0.0457579481722702,0.0704584707697897,0.11276971943356,0.187329888888107,3595.60121376656,1,1
533,0,0.0408314802114334,2.26294649849764,0.867631844160448,1.10240425305363,1.9614154870839,0.0927351003112098,0.0475432217898835,0.071658388551499,0.111248291258352,0.191044603928603,3607.86424852352,1,1
534,0,0.128347711295372,2.27079980362688,0.80856475288405,0.862052243012102,2.25887245454591,0.087542374190282,0.0459564864632505,0.0705155258968909,0.1199710974784,0.205577743661122,3569.72513413318,1,1
535,0,0.16748852965142,2.30609527085088,0.797915714136831,0.92489526847587,2.22407153847062,0.079101011264604,0.0458334965459826,0.0700580895725926,0.120555342886357,0.207229224725048,3595.4196839871,1,1
536,0,0.116389626019861,2.35340234763912,0.765640747204849,1.11169278958366,2.02298504361142,0.0829120935176687,0.0469326331347015,0.073846398585543,0.112136533038306,0.193108973487739,3637.49582064096,1,1
537,0,0.0968416568927403,2.33602816754787,0.760259913340698,1.07983050410549,2.03155071369926,0.0843045440596812,0.0474709939863461,0.0736936955172017,0.111319500421163,0.185427510434624,3629.6268935352,1,1
538,0,-0.153284588637614,2.28333724694097,0.801375500342663,0.821496002351281,2.1588075083223,0.119462407151834,0.0458173341020806,0.0709736667821474,0.115649832293074,0.188894964055327,3573.37404021963,1,1
539,0,-0.312108337285817,2.35079618428101,0.717284858627578,0.983700371534786,1.77129117159615,0.158819663635428,0.044338284821964,0.0703805090943862,0.111172487738138,0.186724785786267,3594.00927500295,1,1
540,0,0.0785042365296877,2.27531447484635,0.810997234786163,0.956127301159982,2.11903590840337,0.0840627202541696,0.0454745001598141,0.0730959862045424,0.115436891262795,0.186981975147477,3573.57303030226,1,1
541,0,0.0292788205506056,2.31592401273539,0.745273581729683,0.944398669374988,1.94912616696736,0.104545379121677,0.0449114051959703,0.0691682263842562,0.115763592141895,0.187281331799706,3603.60645247178,1,1
542,0,-0.193472310079161,2.37570772455384,0.710329600181934,0.909814059519396,2.11779361746317,0.121084379530814,0.0460086812222815,0.0715457543203843,0.114098182082394,0.188199339663417,3642.70319327806,1,1
543,0,0.0299037878246914,2.35017177042634,0.743664972085646,1.15221946175996,1.68611251217742,0.101987595017589,0.0453452466424501,0.0714795657156855,0.115404593954986,0.190123597384081,3628.48117596862,1,1
544,0,0.0261825601355576,2.27675673643749,0.806377415445435,0.927067779975194,2.18462537372343,0.0993853296498964,0.0465816452569249,0.0712774298263421,0.113331123068974,0.193784911784626,3579.82914694209,1,1
545,0,-0.0621263336591385,2.30596885698992,0.808005733552802,0.893731078578294,2.079072655559,0.118686020024525,0.0450410020801909,0.0699347018806426,0.114804474229213,0.200488025657035,3581.00098712554,1,1
546,0,-0.0599999339426366,2.35359508179323,0.721624982664704,0.955054171807169,2.04784760983195,0.101538147873875,0.0457872128122715,0.072088799974358,0.112964132128048,0.180282245219383,3625.4200758053,1,1
547,0,0.0611124524996139,2.28190863708727,0.786575305188655,1.08324876430066,1.85696142629382,0.0939594821515594,0.0479255403912722,0.0735473633366483,0.118577547008544,0.188775399631257,3617.06366656153,1,1
548,0,0.0903092196963556,2.27640245825218,0.846403080098623,0.940732141646301,2.0820004567503,0.0933394687927907,0.0470722971114302,0.0718983802339442,0.113330742846766,0.201601014843613,3575.03948837685,1,1
549,0,-0.0382875657433577,2.31819494121799,0.726118722358603,0.844531754342173,2.19104198857601,0.105640364970796,0.0447715517115428,0.0712599448768564,0.114901698417786,0.198822046704572,3554.75511032474,1,1
550,0,0.051977318125644,2.28540721087256,0.758536449477804,0.831954691045101,2.29315880424403,0.0919445405947479,0.0464172445388452,0.0728336561424861,0.118064868205217,0.198829356710338,3559.23858621351,1,1
551,0,0.135912737444499,2.41738135403868,0.601304032298124,0.922811305698343,2.08734138048775,0.0923227747218381,0.0434509469078749,0.0676065389062819,0.117316804372427,0.201571332605606,3592.8907004928,1,1
552,0,-0.0701758043913615,2.33871467230833,0.794453054567717,0.974673913204231,2.01603093757794,0.106582157355725,0.0447419534989976,0.0701041639384614,0.109476226514127,0.184138566274069,3632.96242313826,1,1
553,0,-0.0426067478446725,2.36443685523609,0.690547060882047,1.18603269372876,1.5460062433878,0.11417265053291,0.0469607778452304,0.071256854077667,0.112268349778943,0.183689110637343,3631.42303906486,1,1
554,0,0.0478702788468607,2.28371806815446,0.803399706315786,1.0656958837861,1.92654523424804,0.0892941278671327,0.0460630287909641,0.0718912693679745,0.114600756825068,0.187719207526948,3601.64408957137,1,1
555,0,-0.128898134818776,2.30801928144072,0.76412624607788,0.925086604025269,2.06974125012735,0.116443132198758,0.0449832152444386,0.0703288944909692,0.110371628537513,0.196010700500099,3568.09864886246,1,1
556,0,0.0956440912357203,2.32330011334609,0.755977750191868,1.00798650935409,2.13375688090334,0.0860696595949642,0.0470254781012902,0.0724888062256621,0.11378927275078,0.1929318816437,3604.16476196786,1,1
557,0,-0.0717973057413314,2.32104539595251,0.789235074901179,1.11545590513166,1.81920090888857,0.108855837456725,0.047365936824406,0.0736815606432635,0.109973932820081,0.188149384735882,3625.69802754428,1,1
558,0,-0.0955138182337099,2.32451665060053,0.777374035281789,1.00308691348615,2.02865380051096,0.103536084600025,0.0461560021818394,0.0738725694807034,0.113799947054282,0.185635994006927,3608.19782952964,1,1
559,0,0.114379124689444,2.25043445291309,0.848885604859909,1.12455870457585,1.70088145044669,0.097791290012648,0.0458690135538262,0.0700776407640313,0.114770983057191,0.190971760812799,3581.08152112463,1,1
560,0,0.0826959953137925,2.27192830186869,0.829774782702056,0.947902560481624,2.1133559090361,0.0909115113272708,0.0472575127876543,0.0730691086740397,0.114881708419319,0.196939110658392,3580.23025966169,1,1
561,0,-0.0657959673344238,2.25027900420611,0.819873234396893,1.05533232637765,1.84758432820713,0.105159778821072,0.048212463233317,0.0737818635336862,0.112898713082107,0.185339987862526,3576.93714806728,1,1
562,0,-0.0923963167191304,2.3350211848194,0.7785962483615,0.851151065536646,2.09596205904841,0.117601206369343,0.0442545097836403,0.069799652991936,0.115290361368363,0.194205663844047,3587.92467568073,1,1
563,0,0.0164660060946803,2.25924948751882,0.815859498708834,1.11088418189518,1.71681171693931,0.105639421686675,0.0463782984667058,0.0719435009530692,0.110662704693957,0.186126401062989,3568.80164424582,1,1
564,0,0.108786386481424,2.28778879650167,0.828602939925864,1.11072272289633,2.00115476606365,0.0815193283678829,0.0487776089263323,0.0738786382478192,0.114975825717557,0.195335358987302,3614.30677319573,1,1
565,0,-0.000226401918214625,2.31789887992869,0.761625982358069,0.889191768167442,2.17617722324741,0.0961286770948182,0.0457816583482727,0.0701380679155039,0.116803164943067,0.193452714839849,3603.07325593158,1,1
566,0,0.156210746432477,2.2802190100298,0.794735378753068,0.988165444118195,2.13215562192146,0.0823814730022533,0.046692069048539,0.0731558325137739,0.115574963140012,0.21216848015522,3553.98064479296,1,1
567,0,-0.0442224900091545,2.22261601031806,0.942367361494277,1.08264707626837,1.89538666480221,0.100510386410235,0.0484767020520299,0.0740251832339617,0.112935791552,0.182138609761178,3618.72063945991,1,1
568,0,-0.0897234665173004,2.33368179525149,0.747308274374537,0.94169487075932,2.10180316871065,0.102874673028217,0.0446773178805681,0.0696299541950353,0.113615614246752,0.183929537338693,3622.19364634989,1,1
569,0,-0.00298429525980113,2.29587103066982,0.829147165931826,1.04350173766871,1.92449049348311,0.100195445320638,0.0466328663311861,0.0711676538079905,0.114072175846032,0.192154821162437,3615.77709208321,1,1
570,0,-0.176469531937143,2.27371070332158,0.803359700355406,1.05891994504361,1.82231702769139,0.127781786611866,0.0473371855809577,0.0750288971171829,0.1071625405142,0.187625910146329,3562.68271854251,1,1
571,0,-0.0118791871177701,2.34419377087318,0.72127108028599,0.937302287297454,2.00032280404993,0.111702695654322,0.0441483520166132,0.0695793770575105,0.11449730074829,0.202824494190204,3570.20116067734,1,1
572,0,0.0457872870518392,2.25303568106674,0.847211335568842,0.979559678833371,2.07354705697109,0.0925608633180366,0.04682705598362,0.0715251128228639,0.114758475235638,0.190196925513866,3594.18401526438,1,1
573,0,-0.0316893012287733,2.33798405129906,0.734993895838966,0.962562019234389,1.88767748317522,0.106986898590064,0.0441387298784608,0.0693651802593495,0.110989135163128,0.188965003780229,3570.03464362815,1,1
574,0,-0.0631303035870326,2.37001260415444,0.708286874436436,0.970748361989839,2.01515292864511,0.107519172525807,0.0450658568122321,0.0707560319287852,0.114903285456197,0.189402096274583,3636.61938289981,1,1
575,0,-0.235978303780742,2.24575189985988,0.95544172915597,1.02418207262201,1.96469349949588,0.129150024134436,0.0466606272562885,0.0710472678021692,0.109804360483451,0.179833770191904,3630.88569701294,1,1
576,0,-0.0592851301229415,2.38333487785636,0.598415810450565,0.957376083801247,1.97481293373138,0.104073838043791,0.046336326445628,0.0718927848366632,0.115138461079599,0.191028522770957,3597.71499658452,1,1
577,0,-0.162698129224203,2.32798392685673,0.725922948276136,0.993087230629978,1.90804553116217,0.121342070981733,0.0469466900303276,0.073957788506671,0.110913897836594,0.185874900164179,3588.45408951813,1,1
578,0,0.0214560935366465,2.32056527049631,0.82210400427596,1.2380543918194,1.77417351193637,0.0909611850110375,0.0484938829668972,0.0750286372597543,0.114095330795117,0.180933365714733,3681.28519717729,1,1
579,0,0.217805443807467,2.34205273886275,0.725155281201951,0.828222951226202,2.40600400535284,0.0711660268970016,0.0443367254224236,0.0686497447887832,0.120696298921728,0.205198511361219,3588.31876564214,1,1
580,0,0.0022879409332041,2.23152603900395,0.916303699538483,1.10405813151027,1.76771949924851,0.104894341531953,0.0468071694974006,0.071595057600772,0.112935607003656,0.193532666493686,3590.35342171223,1,1
581,0,0.0291493613192499,2.29359469550053,0.765425061466265,0.743553816833372,2.36419673830531,0.0970116167536751,0.0454940986505094,0.0705568008691211,0.119697179174207,0.203999528383681,3556.27962746121,1,1
582,0,0.0512604519231783,2.30974200057727,0.823417288690852,1.05400140180761,1.91356498571326,0.0994251044892507,0.0456297276053896,0.0706444278431707,0.1136966737456,0.194843911833936,3621.48510300499,1,1
583,0,0.0322038841728081,2.25891032006739,0.851875772011452,0.847505710995888,2.30359810397257,0.0972257259867374,0.0464642165491268,0.0716720316243251,0.115799412439951,0.19594473693904,3563.2039577771,1,1
584,0,-0.110486417856812,2.36024309958827,0.710595888150616,0.894064037779051,2.11771218340256,0.108475751575442,0.0450288801125746,0.0705361895550368,0.111176639311506,0.1871401286721,3594.23557204417,1,1
585,0,0.0615584197427828,2.22378863789132,0.960910271797594,1.0043637024679,2.09401358345638,0.0953186715746558,0.0470221413833021,0.0715109848700391,0.11247991098979,0.202577202835042,3577.44960640012,1,1
586,0,0.0382212387518307,2.21080822242347,1.00633386593912,0.909808392836413,2.2591776686914,0.091604476970685,0.047181145624284,0.0727691467368554,0.114753534640482,0.195859462221659,3590.71523073956,1,1
587,0,0.0488446968443546,2.27189369512385,0.821167190480698,1.03030048394657,1.8224472728947,0.101427633542185,0.045544599369633,0.0711053244936972,0.114645826494735,0.186529456825756,3582.70328271709,1,1
588,0,0.0701550039876094,2.35831688347874,0.781284547060242,1.14489071625505,1.88717736498315,0.0956074297846227,0.0474606502887257,0.0720877807897359,0.108058781789269,0.190947345076836,3636.16370731418,1,1
589,0,0.0738468198512558,2.3381514079605,0.778160229110248,1.0105366144263,2.06185097175245,0.0873371570396106,0.0460396416588289,0.0723442781532472,0.113357375301153,0.190819376302883,3618.83561215604,1,1
590,0,-0.0405970496706844,2.30777916816503,0.822196836080954,0.947723666966267,2.18735320404545,0.101527619255852,0.0463545739720822,0.0713964622779705,0.11325455790862,0.187693984663705,3624.11364433814,1,1
591,0,0.0431735232826541,2.37993136062058,0.663538672746694,0.958089396559533,2.11315528476581,0.0907046810983753,0.0454088107315022,0.0709128626970474,0.115182814832921,0.196294961910784,3613.56415401995,1,1
592,0,-0.0160323355605571,2.27257906514728,0.846191762608142,0.969550959592846,2.05496810685826,0.100161504579827,0.0475937614306396,0.0740067405334444,0.115807567737499,0.183941368650311,3619.39280271476,1,1
593,0,-0.0323173768233938,2.30336845259295,0.839070052164136,0.765678285564368,2.30612623405115,0.107034302821917,0.043096715197017,0.0667271548736544,0.115491731214486,0.191476870956522,3598.88998645876,1,1
594,0,0.089027579191223,2.31272342116877,0.797412689259634,1.10301680253747,1.83015336551115,0.0871811569329898,0.0454764914268236,0.0709523717396518,0.115021229231738,0.185854657813475,3622.2142378381,1,1
595,0,0.0861169106185136,2.27690984757443,0.798724821049341,1.13180926192063,1.63520813990007,0.0961664742436743,0.0472169300537752,0.0736173559239629,0.116007291190259,0.189371385357635,3583.59481679233,1,1
596,0,-0.0923853325144129,2.33184883538491,0.703787343276826,0.875632769858506,2.2236067346423,0.11184081602726,0.0472200082087226,0.073529134294088,0.114306561238022,0.194955177673164,3566.39367969801,1,1
597,0,0.168013840019761,2.38962947975361,0.667420304963439,0.906779275273117,2.43577564419475,0.0767027395437961,0.04556195338057,0.0707606654765402,0.117384329022041,0.203835651162645,3622.72337813718,1,1
598,0,-0.103504589805408,2.33870092648697,0.731621255356006,1.09426222779484,1.77061723243961,0.120321124599069,0.0466079935095189,0.0717616063610863,0.111267157379492,0.186257173007008,3609.92250121371,1,1
599,0,0.0492491346941168,2.36012893446603,0.733630552142368,1.04801370996134,2.01633126022382,0.0885793428768604,0.0469108691977968,0.0726114425402775,0.114854841525638,0.188884319174293,3636.90646842556,1,1
600,0,-0.113761592848687,2.22651777403564,0.913544905966139,1.08332807460322,1.72715242350243,0.119632354309778,0.0480520971425887,0.0745515352197721,0.111346372133356,0.186922520593879,3572.70287709164,1,1
601,0,-0.193186166835135,2.17083322840165,0.958184977859351,0.98912228341606,1.75857268895846,0.139005351938255,0.0484484034639239,0.0733351226669051,0.114220178987239,0.190386734574702,3556.31384985295,1,1
602,0,-0.0104941662132657,2.28406047737305,0.881726009207195,0.886987559340335,2.23289566121831,0.0946616335113074,0.0446350261658915,0.0704246286075578,0.113373610499814,0.187312046852164,3608.6000095987,1,1
603,0,0.116203783580959,2.33179293893188,0.744580186872978,0.953325945900214,1.9931253711187,0.0900507015169869,0.0440593492281714,0.0696081413783257,0.117893923087216,0.197731337829147,3582.76441958674,1,1
604,0,0.0749210634957511,2.30317218541218,0.838070945548767,1.02781007126703,2.0193367207011,0.0858934745201003,0.0473725369201034,0.0722497293141605,0.119785070280437,0.188791272803293,3658.88788148196,1,1
605,0,-0.0471535627618548,2.36328565650762,0.73237437288168,1.18127485796298,1.75432416718121,0.100555334277634,0.0464293588366713,0.0710829998710197,0.107465187514545,0.179437636247776,3651.56536143948,1,1
606,0,-0.0614559905451889,2.28676237611758,0.845443220422572,0.93533616212421,2.1263958339092,0.105230699478919,0.0464650214288541,0.0702227521871576,0.111355171309656,0.18594767065335,3616.45453412797,1,1
607,0,0.0633823031758969,2.26018020453069,0.848491457230014,0.948806160490318,1.90611400521804,0.0970009433956444,0.0448263008698718,0.0695944603286397,0.117770512927681,0.199570928610801,3560.78595050818,1,1
608,0,0.208674193144861,2.33741495813751,0.715224629098435,1.04480128162029,1.94315077949351,0.0756265837335287,0.0451719153787432,0.0700547279813935,0.121398223207745,0.198796743689606,3597.87459634552,1,1
609,0,0.0418202731035505,2.36044429092668,0.697915551756438,0.932242495235282,2.11540052054436,0.0924067394419284,0.0442773064480792,0.0712456236138214,0.114362560337145,0.192018608250248,3596.08437043393,1,1
610,0,0.0380405204135833,2.2914018668976,0.842798280029588,0.83202798110183,2.27483123072088,0.0984938645849845,0.0443663648987756,0.0674917600421039,0.11205288504087,0.194540087959843,3584.89602045664,1,1
611,0,0.113291268592626,2.32739893459084,0.7720360606346,1.02132757410082,2.0583575233585,0.0854156279326889,0.0471705929750157,0.0719980017678692,0.112707070536322,0.191108533623555,3621.99268279969,1,1
612,0,-0.0771394895304078,2.31506926992869,0.783721721915154,0.877347737975346,2.07862625353469,0.112550043812333,0.0460563122293707,0.0701683593466135,0.113739877474936,0.189584163724622,3603.39357928073,1,1
613,0,0.0483424066513355,2.29170642376716,0.813347201283862,1.0599540155974,1.90048798215623,0.0968350364633936,0.0468909941822774,0.0710228934560323,0.112713837583578,0.186157339413876,3622.60434329679,1,1
614,0,0.00523723477788355,2.39324401221413,0.701053572342682,0.768370035337484,2.50767687565776,0.0921297811404893,0.0442057113213612,0.0688889510144622,0.114778168677562,0.19815609378224,3609.10640959606,1,1
615,0,-0.107962602273523,2.32963177469961,0.77746112480124,1.15695568151186,1.58088285121774,0.116419893733594,0.0454500716723766,0.0720595000617682,0.110109341259576,0.180891924325944,3618.77991989677,1,1
616,0,0.164682922489857,2.28010595478912,0.875433482067017,0.95771832516071,2.21896257733285,0.0770894813873438,0.0461468978949904,0.0708110677610346,0.119851158732513,0.203518527363431,3611.86700483375,1,1
617,0,0.00098846230746418,2.28667510051839,0.834113530528595,1.00760693789355,1.92314981125639,0.102082899467273,0.0467346116215024,0.0709667298907787,0.11088594463769,0.180156991782544,3616.29278020318,1,1
618,0,0.0620893561403403,2.3193720175627,0.795053594682737,0.931103344906209,2.21118334743581,0.0941031479895144,0.0455595073105943,0.0692968870269031,0.11461427964194,0.188917220198883,3625.30657504548,1,1
619,0,-0.0607889784758517,2.38815936336253,0.627916554394673,1.01939234073767,2.01126195754998,0.102327562275173,0.0457891931732284,0.0718915934992372,0.112765769894873,0.186594114097998,3612.70821146968,1,1
620,0,-0.0717234068540807,2.31221991542067,0.761643660498642,1.27823664328985,1.46250235628765,0.114468911836114,0.0485529357779689,0.0746689110784054,0.109961672363541,0.182541037274622,3629.55898023679,1,1
621,0,-0.071552910445499,2.43734386746013,0.628820073195087,0.937912732325798,2.19630368270659,0.104328238964159,0.0433839073881476,0.0684489462635373,0.108551602762932,0.191377994998835,3610.54538743385,2,1
622,0,-0.12515107525328,2.37098633598131,0.680988941903085,1.02824588228444,1.86059877506326,0.123242047538817,0.0451006024584182,0.0703935411197834,0.109987784750849,0.181411460870407,3615.50177607915,1,1
623,0,0.060378309663307,2.26643404066739,0.838949622580145,0.998950819554682,2.10708409235662,0.089537367761475,0.0470997208234835,0.0716329754618173,0.114626992085049,0.197139700542119,3591.9951110334,1,1
624,0,0.139120308811024,2.3095091056575,0.828516206426612,0.958616340064167,2.35402651855994,0.0784145329920078,0.0465672885419307,0.0716277058033521,0.114918658869516,0.203449814840725,3593.88920082433,1,1
625,0,-0.100789714091551,2.33447752257847,0.771614389122245,1.17527778631465,1.68392230766782,0.116332470269573,0.0480412192698473,0.0754827824639943,0.11268604864669,0.18348853577818,3644.89373841584,1,1
626,0,-0.0146182536687877,2.28632555225302,0.774382449910938,0.917314475885383,2.07406835601543,0.100136688743711,0.0449377475813058,0.0706548945740021,0.115547372922944,0.192025464187529,3565.12518423727,1,1
627,0,-0.166521269920211,2.25056273454461,0.917928642282018,1.11155972397604,1.61082960657849,0.136549738854022,0.0452289221182473,0.0701714557613319,0.11125430975144,0.176264892508051,3610.00530271772,1,1
628,0,-0.0848658359968112,2.30947279708957,0.804977152757925,1.06643838498493,1.91687132492807,0.108074492620192,0.0471507794318094,0.0725491418080391,0.108332580278126,0.180628476265616,3631.96779046165,1,1
629,0,0.104083783158399,2.28502779748506,0.838760127802286,1.20385688259594,1.69948051748852,0.0869199386401385,0.0478821600651596,0.0737033370157327,0.112272967174406,0.182662919132098,3634.73861913733,1,1
630,0,-0.0138519283326448,2.32946394790957,0.745585599470207,0.897587088605862,2.14607630379169,0.104235352171169,0.0464404086034434,0.07359078065643,0.113407485209174,0.188961494106969,3598.05525129452,1,1
631,0,-0.00906741031355769,2.20192653143737,0.946353938164045,0.974770253990409,2.05819813278662,0.0962418704822258,0.0471056246768233,0.0717479231324319,0.113431538200714,0.196628620186699,3571.45583987645,1,1
632,0,0.0790616158582198,2.2664377514395,0.813191122328782,1.02756317926825,2.00097199760047,0.0890560562196649,0.047448815187387,0.0736731883438544,0.118467252696891,0.194686343273665,3593.6331612992,1,1
633,0,0.0992293586411595,2.31395049189274,0.819034284634658,0.994796599365844,1.97762734892924,0.0859977945886537,0.0446320367173727,0.0706926169784448,0.118647992797216,0.187754091526898,3632.07574512289,1,1
634,0,-0.0186316722174439,2.26008358435276,0.880152738440745,0.809746085739355,2.31994428566808,0.0969579935726787,0.0457788245615455,0.0709054581221635,0.116060549007476,0.19171693290392,3592.40789962728,1,1
635,0,-0.00709491134769298,2.32629897891555,0.736817696868576,0.940060612113309,2.09503843691568,0.0968282556494713,0.0467829112113101,0.0714548333349092,0.116654938658369,0.194856778228215,3595.71853759469,1,1
636,0,0.0225418801390137,2.3452973558003,0.727329059641907,0.903933671268696,2.20005571168527,0.0902122103917116,0.0460280316164926,0.0700140396772246,0.115422361519911,0.196684043218459,3590.99546429761,1,1
637,0,0.0719107609945969,2.25575478198252,0.855852242587663,1.08258269213692,1.89633480052844,0.0896514474652046,0.0484523498179233,0.0734994636641209,0.115375040676568,0.19848458639461,3589.99999562199,1,1
638,0,0.0674988041279582,2.20161780579495,0.931782706885013,1.06937118647673,2.02364071140301,0.088915276768092,0.0489491647055273,0.0747696011306119,0.112748151601424,0.197090187569334,3566.77991199832,1,1
639,0,-0.039314707143647,2.35551512626684,0.655016771748856,0.923172697781385,2.1874707825373,0.0975140796308657,0.0456641896432153,0.0727535613918163,0.109983657999856,0.180058475334163,3597.92381691877,1,1
640,0,-0.0713094779788623,2.32395098389361,0.801663135475645,1.07153874907229,1.84384031054411,0.109396263560701,0.0471259531776107,0.0710904038410718,0.110955826421834,0.1880964782827,3630.08410617417,1,1
641,0,-0.0580861450427409,2.20525519498272,0.971096705849684,0.955296438615265,2.01024725449384,0.108751506248348,0.0461551918804974,0.071541703487717,0.118468102855316,0.187490306314717,3623.10168632877,1,1
642,0,-0.100294366447952,2.24692724162908,0.850942894861559,0.91503492219642,2.006427885908,0.115915155528563,0.0451514476773952,0.0705743967774589,0.116808504549718,0.19105049236377,3583.72000932898,1,1
643,0,0.125659464418231,2.31561348038675,0.829466648306759,1.11198658706522,1.92131420651646,0.0839602951355463,0.0474680114178368,0.0724473115992684,0.113538159287422,0.180551806370957,3653.7959417405,1,1
644,0,0.0872435976956609,2.28063985145684,0.833063573854694,0.876189044752108,2.24371530974331,0.0904247907669869,0.0479560690375768,0.0735791019900386,0.117035560935201,0.207128421346698,3573.55640898482,1,1
645,0,-0.00991121105224438,2.34902954316191,0.734901532174596,0.877991236628132,2.14032621435702,0.0961448342999309,0.0448067778014512,0.0702059347442305,0.118936707547532,0.192978889034717,3619.34247390449,1,1
646,0,-0.00384345299253515,2.30478647444456,0.834029555919154,1.11645245096501,1.87166712724832,0.095089092815799,0.0474371962420593,0.0718116662328524,0.108764970327004,0.183245851969194,3625.47617899429,1,1
647,0,0.210030831742796,2.2696807821673,0.826302525863844,1.15363025484759,1.8376133318677,0.077020125302102,0.0485681305233072,0.0734173939854697,0.116626460500266,0.201204546562099,3591.17964852909,1,1
648,0,-0.0104974744919981,2.2202062304553,0.85698354087649,0.995894098415644,1.86004576442779,0.104686202022196,0.0460796912167217,0.0713895657333172,0.110607472847216,0.191058976439019,3526.92787631241,1,1
649,0,0.019177256200197,2.23317434430496,0.922513000953195,1.00567204874032,1.93625215483379,0.101304740268605,0.0468540411003529,0.071989293824665,0.112664805127802,0.184975991841096,3592.07681218013,1,1
650,0,-0.0610945663692827,2.38379555661815,0.652166103721754,1.13941717495819,1.65495161906718,0.113678192168456,0.0451910834715854,0.0706475141822481,0.108687091344512,0.18330124963064,3614.5927586216,1,1
651,0,0.0246477037415362,2.24524483099496,0.890450804879447,1.03483982420215,1.92112354525975,0.099452123301072,0.0470781478043133,0.0716475419351369,0.114670891548007,0.195225005025639,3590.3565278904,1,1
652,0,-0.169746246707904,2.29320510596997,0.806953542698026,0.856476002515088,2.20444969970094,0.127067334469494,0.0448549555080164,0.0696261312773253,0.112633741947817,0.191136203004225,3583.12263795788,1,1
653,0,0.114629747143814,2.26984408613247,0.812050902854245,0.899369566348459,2.01812738246282,0.0929094087266074,0.0448459637237493,0.0689207501951137,0.119568286754978,0.194732741659499,3576.28384518374,1,1
654,0,-0.0435059961345997,2.27913127101221,0.832058260756257,0.838821037265163,2.1310150088122,0.113799847233325,0.0431946808974586,0.0687692330020181,0.117024338166021,0.194586160577638,3586.70911859651,1,1
655,0,0.0301065827858595,2.31065273154873,0.853574652296572,0.918419770475575,2.33561697795681,0.08885236245336,0.0466986049224004,0.0721099138432598,0.113277752563763,0.189649801835596,3635.21437440143,1,1
656,0,0.0645359205149773,2.25459077981179,0.813910215435198,1.06936694175442,1.66436772126824,0.109136041143624,0.0462083720000127,0.0721420816475066,0.113214805843025,0.19643421345181,3550.47269782376,1,1
657,0,0.119053305438918,2.30979403332561,0.765493805536999,0.943770203308624,2.21463225436223,0.0837942078190804,0.0460608301213,0.0724319016529073,0.116161459628143,0.196550373803297,3597.85851653368,1,1
658,0,-0.0582018147987348,2.2171988249003,0.921346047268165,1.10852985330325,1.80334807824905,0.110890503431693,0.0483028549285109,0.072970955248433,0.112532036380144,0.191473854195789,3586.0695663488,1,1
659,0,0.116838755225527,2.31560127338469,0.805244968304795,1.09434436879128,2.12077801994882,0.0753409589945254,0.0489539634030918,0.0736682171541057,0.120831703182646,0.190917043403887,3666.71510937832,1,1
660,0,-0.128382099516625,2.3114905187812,0.848059456071373,1.05161805367303,1.97771672234265,0.114951549634187,0.048288710518499,0.0753410626253344,0.112168565377026,0.190022340888029,3650.5373078562,1,1
661,0,-0.0827753688802809,2.29813239001413,0.788526464879302,1.13017487099177,1.79368308326391,0.102537592091896,0.0476998650148381,0.0735660476178858,0.109442227859215,0.180181084252115,3608.11025805709,1,1
662,0,0.230911835097019,2.29081085016867,0.823952777700328,1.01705571522609,2.12821074468287,0.0701887945832624,0.044428046111993,0.0693599065428121,0.118206474350921,0.202077848162413,3586.87585876425,1,1
663,0,-0.0765055434924036,2.23854252513725,0.9318584621108,1.00811130751202,2.00499835570558,0.109810453692191,0.0470915859293145,0.0727075997416545,0.107012381511597,0.192586022593305,3570.86664109679,1,1
664,0,0.0778054128593299,2.36258157969324,0.765513952310803,1.03367212465512,2.14474174776977,0.0862006198706384,0.0453854553858817,0.0698690893888409,0.113674930223042,0.197331295164099,3634.88204492033,1,1
665,0,0.0790641808536044,2.31966071273938,0.73855892056615,1.17568371734844,1.63894094155905,0.0923774115967876,0.0467143876779554,0.0716908428051073,0.115327306285677,0.187648725422264,3619.39648518705,1,1
666,0,-0.116198566759421,2.31793193081949,0.764621771237367,0.963997172190251,1.93099105399941,0.119728157222475,0.0453689003922354,0.0708972113193634,0.114282753127742,0.188119798259569,3600.72438909183,1,1
667,0,0.0875423536076135,2.28063458878284,0.789100199270795,0.904945837753646,2.07630236608837,0.0957323867787159,0.046426147846918,0.0699991941743857,0.119492276920029,0.208811392422659,3573.27691735676,1,1
668,0,-0.122911278414531,2.34052592529513,0.72627996895885,0.769096277074747,2.19020452910767,0.121965728656557,0.042374554480842,0.0668342125151407,0.112761169293218,0.189861418745215,3560.3399175099,1,1
669,0,-0.0658352153662787,2.35573381326279,0.642616611611564,1.04774922718696,1.96007932026371,0.101504272501649,0.0460878901137427,0.0743533680529292,0.114831761386922,0.185196155497731,3609.49349619257,1,1
670,0,0.0581588321654771,2.24465384879729,0.86165876934313,0.763999760545202,2.42149305655961,0.0874395572126937,0.0456153999395367,0.0691456045924688,0.117460704906577,0.201198773635308,3553.28287166597,1,1
671,0,0.0483244267216907,2.26701955620343,0.882524251794034,0.91519760442382,2.08955191905121,0.0976129670595149,0.0443912325367048,0.0690708415285736,0.11546880719281,0.189464056933186,3604.36108773829,1,1
672,0,-0.0473679822661884,2.2431801927018,0.863088438567995,1.11388908062347,1.68685607299645,0.106457984279731,0.0450018725509303,0.0711847541932179,0.110687683916034,0.185466778994335,3568.88836978785,1,1
673,0,0.0824371993451094,2.2866791453217,0.850451497199502,0.8172149269106,2.43545338748855,0.0858334171129045,0.0472172590485107,0.0733145601735013,0.115633130007756,0.202018227576984,3573.34694427779,1,1
674,0,0.0561221036121093,2.38460233120825,0.733942107612049,1.14197266605656,1.97552900243446,0.0876848186782732,0.0480114589261767,0.0722010023233645,0.114669099643508,0.190285062268989,3685.8237491025,1,1
675,0,0.118777230337965,2.28466723782021,0.803255316383693,1.12568668169318,1.92630983064793,0.0854909192581847,0.0460051992312961,0.0719345363462434,0.111013962730475,0.197584521103262,3583.30026920434,1,1
676,0,0.0501305876233289,2.29841169558446,0.785164281978343,0.571619111442198,2.76499479922755,0.0831028407953739,0.0446132305222009,0.0691488777156793,0.126385098202284,0.208277976082152,3584.44284054027,1,1
677,0,0.0185983316658769,2.2652403878177,0.855104248077301,0.905445845330525,2.18679821251085,0.0962569248583826,0.0459866007401692,0.0698198217944938,0.119021223276621,0.193077261469234,3606.90163230091,1,1
678,0,0.126503933037702,2.18748838002552,0.919945748602039,1.06664491371272,1.96163161504797,0.0831601228325604,0.0486974868751018,0.0748033729370586,0.117650379038765,0.206686231219475,3562.17424960983,1,1
679,0,0.0531214136328788,2.27691128618694,0.742866558136207,0.804554427977034,2.15097729621788,0.0994047174441368,0.0453136097853761,0.070067894409691,0.114734157131545,0.192410123142187,3536.07556505646,1,1
680,0,0.131677297807723,2.26412373977384,0.844419482849083,1.03208240914709,2.11229651384379,0.0765260781093192,0.0464234735030689,0.0720184714622911,0.114204208390853,0.191604141081073,3594.75972814816,1,1
681,0,-0.00663066075756311,2.26056152548541,0.864019417096478,1.05370582593256,1.86313403609553,0.0954652299182687,0.046971409945819,0.0720729336329115,0.118557105992952,0.192304885831262,3613.060794985,1,1
682,0,0.0935283593989056,2.24979483816064,0.873961878369929,0.89339392328039,2.15023502347643,0.0963872375156702,0.0444232986786867,0.0684605980138704,0.115543556404477,0.20640280786196,3543.90938474402,1,1
683,0,0.0569995262662303,2.25474395704887,0.774062148754143,0.917053814455806,2.12132251614405,0.0869285405763269,0.0475547269047362,0.0738481273256001,0.117154920625159,0.18980542544855,3562.69912207836,1,1
684,0,0.019234326039362,2.33184476225341,0.764569897377698,1.1544433569006,1.91154844660179,0.0951819229747495,0.0458083587989765,0.0721416962506385,0.105602059907789,0.181018985435009,3619.35023280957,1,1
685,0,-0.163205343553481,2.28484807137323,0.813568077836008,0.970071073234124,1.84806570496071,0.135154531529843,0.0458256663890439,0.0718648775017215,0.111917392149658,0.186043047793208,3583.09225070004,1,1
686,0,0.0221192023117178,2.26967796310114,0.824579268865745,1.06704734038164,1.89054781654401,0.0914518168654682,0.0474171653723307,0.0737140875485322,0.113148470795801,0.187635616150909,3589.9712192986,1,1
687,0,0.00398104890511514,2.35665011292452,0.730785228598837,0.941063073541348,2.05973309205388,0.100456054435366,0.0453744773249452,0.0695191474452029,0.11561115693443,0.189596783721564,3637.57790093018,1,1
688,0,-0.101379905177662,2.32014582030104,0.789858641353678,1.16546487135788,1.65763781535228,0.117405377094579,0.0470114100171585,0.0734315826839344,0.108549977239061,0.181875143770996,3622.72160954489,1,1
689,0,-0.104306322724123,2.25430203884532,0.823180498048861,1.05980694560194,1.87937710919156,0.109304225484336,0.0489440436816084,0.0746212667291058,0.110430584211159,0.189763641494573,3581.00498554496,1,1
690,0,0.144040830709606,2.34607226286802,0.760626502743832,1.2045723282596,1.68164545339966,0.083992675373177,0.0476959977524614,0.0749589271509417,0.115812993565254,0.192674847381664,3631.93494041847,1,1
691,0,-0.00193114908883116,2.25861431496955,0.878435408525257,0.942576102770019,2.03878908804232,0.102732375803641,0.0454884568269008,0.0689155493069088,0.112079129855046,0.193214506791331,3580.75014859872,1,1
692,0,0.0194597075214966,2.31260772409844,0.765406409109246,0.886779206402702,2.09815164745709,0.101575145900687,0.0446906506944725,0.0694038298597806,0.116856913671687,0.197125715408299,3586.54392989213,1,1
693,0,-0.0218101753408891,2.31171875524496,0.768874489953728,1.06112300442576,1.90804807176197,0.0995121408107094,0.0475919849027754,0.0737906303815027,0.112165899951,0.185567944598576,3605.46793808759,1,1
694,0,0.00331905176393537,2.23807759023968,0.884243919263954,0.861688586643049,2.10480343501822,0.10726936014047,0.045875372505048,0.070017006108511,0.117174199863007,0.203511419951137,3553.54398751565,1,1
695,0,0.0302897522905083,2.19431777145903,0.943892647836213,1.05197926355267,1.91283711309582,0.101863500748123,0.0480398516271014,0.0726753081822763,0.110922610007708,0.192256810444561,3561.03090535564,1,1
696,0,-0.0582725774861488,2.24869878099972,0.86248642359999,0.96397542647223,2.10387575561457,0.104300164994749,0.0481183192124964,0.0733154937782543,0.115668358075678,0.202482421362335,3576.26352648651,1,1
697,0,0.0105423851521573,2.42100100461109,0.620158759555747,1.0997672728015,1.92701474706306,0.0973875758746346,0.0467582169094353,0.0754637742696535,0.108950042648294,0.183453595345235,3634.14404230714,1,1
698,0,0.00968174192938196,2.24082500446406,0.873341378071587,1.17144380937686,1.68439484267646,0.0943795175384258,0.0476461994021493,0.0751642536826436,0.114527012829703,0.186485581301477,3587.3608424896,1,1
699,0,-0.093336591267598,2.31353385701455,0.771237024857133,0.96517504410032,1.88700639245296,0.123846485002223,0.0450132997135563,0.0706741958013014,0.112722078912492,0.194693754277106,3572.09700625136,1,1
700,0,-0.0524066993245793,2.36722756495073,0.761606100609493,0.862198466017548,2.26223820308618,0.105216476439351,0.0435617883372467,0.0690521712419291,0.115708303145788,0.19845393242002,3615.04353330633,1,1
701,0,0.0481296793368568,2.34600736323637,0.764480437100627,0.912428026007896,2.25880394514249,0.0899814182107181,0.0458586692219464,0.0716970564628238,0.115154845795952,0.193339457372834,3615.09479992135,1,1
702,0,-0.158670361595803,2.30505740000689,0.770870776893752,1.09480553626877,1.70133803316859,0.129589274017128,0.046245392501117,0.0727712814756088,0.11050444880451,0.18626443340797,3608.70001350773,1,1
703,0,-0.0446170806543841,2.30042969020866,0.814687697664189,0.930080129281608,2.06079359892832,0.116350248261562,0.0452772122129381,0.07128565135817,0.114137511910476,0.191667686565345,3599.15823012159,1,1
704,0,-0.00662126492098982,2.33367394726057,0.740227669694663,0.985462500082431,2.03342051506609,0.0924738480466225,0.0464423544293382,0.0740791877354955,0.115510810785634,0.188333048542583,3599.93370281041,1,1
705,0,-0.0405959129642069,2.28162184442551,0.828689397176981,0.889494676949786,2.14627187322494,0.10171791023245,0.0482547145976477,0.0721830332026846,0.114266685122943,0.188564641065808,3600.34653394783,1,1
706,0,-0.0524395486414935,2.32133638351585,0.793827362717039,0.947240574210647,2.115400569369,0.106908993045969,0.0452767491029586,0.0707685620240628,0.110898303879667,0.186290580842914,3600.0965215134,1,1
707,0,0.0193093369873695,2.3262722469291,0.779102423917418,1.07801267409145,1.99133473150093,0.0942873971570844,0.0474173431936511,0.0731734215455543,0.109798385554774,0.190478359389626,3606.23234691715,1,1
708,0,0.00400126927186173,2.29492007436016,0.775098330916247,0.902414791160253,2.11430099999981,0.102934268215777,0.0452667988772835,0.0699796101942287,0.113848416570522,0.190365708888823,3569.01310595279,1,1
709,0,-0.0808572340594041,2.34628171752727,0.698933381632616,0.721424915563596,2.33108007665231,0.110990843208077,0.043925726525871,0.0689855177472709,0.115616489723526,0.195736403922484,3574.35568549792,1,1
710,0,0.0476841157003112,2.21787185194208,0.913510491510073,0.906263270515925,2.19962091155963,0.0884780521689485,0.0468986158882703,0.0711871270837804,0.121673106129506,0.201404212205018,3598.29407827693,1,1
711,0,-0.162185424786014,2.40091940900955,0.693697852470344,1.03277991875844,2.03872703222631,0.115919609207508,0.0463421477894924,0.0727454010968422,0.107715005798057,0.186107754379478,3635.68180488866,1,1
712,0,0.023277204796776,2.31131825526713,0.782520641505272,0.945723416225941,2.12375408211188,0.0962715790986967,0.0459914474506778,0.0703284740628446,0.116819892519931,0.197720994313314,3599.96149434598,1,1
713,0,0.074607291266357,2.32062348729594,0.812600118536159,0.982586505281297,1.89149905992545,0.104211967293346,0.0430007941370679,0.0676885917400711,0.110122127563962,0.195916850024635,3568.5503164653,1,1
714,0,0.120682505127518,2.23202730303583,0.933347318017864,0.924921997791964,2.25689723276181,0.0817510902521358,0.0485785071143074,0.0713097463326344,0.121887281611003,0.213356905579646,3590.39393424618,1,1
715,0,-0.0509367193347306,2.29019325356408,0.819537883284719,0.85273963510017,2.21829212489835,0.103973961420569,0.046036873187765,0.0695733458548825,0.111717601010048,0.195182037959045,3576.33787084172,1,1
716,0,0.180577674333495,2.29791149857757,0.761754014697989,1.09147887479534,1.78038396289262,0.0786340752306886,0.046756135972047,0.0714536680844524,0.125402488458253,0.193676820817354,3611.3135628713,1,1
717,0,0.0519883517803108,2.29704138988638,0.80164101651786,0.979525186482016,2.02314765845809,0.0891219434509519,0.0452246881296752,0.0701332156736033,0.117785380065112,0.195039613298362,3606.21104060338,1,1
718,0,-0.0970490859606833,2.32833300003417,0.797905511486216,1.09262685223739,1.82013749565747,0.11460610375482,0.0476957991855453,0.0735206621256211,0.110343132646406,0.182877802208732,3638.35661887704,1,1
719,0,0.0586391260668728,2.34540979155871,0.720278205080589,1.14928775768113,1.74657256697042,0.0997638120956441,0.0469085727005361,0.071252629586421,0.111520337406011,0.183218947665673,3630.76972844843,1,1
720,0,0.0376549863492026,2.3314254465196,0.752085481132148,0.937347738799121,2.02192811712908,0.108960013161625,0.0441878466977858,0.0690720675883926,0.113549183731837,0.194323071212714,3586.83490673014,1,1
721,0,-0.0931850771874589,2.30009430707792,0.802348766411668,1.06079605676,1.86580576597065,0.11175714297757,0.0469016482533878,0.0730325441595947,0.112042078280434,0.190306477537109,3606.91203836251,1,1
722,0,-0.0287994697354652,2.34675475707017,0.750757503691538,1.07065853268958,1.81778842882874,0.10272963589163,0.0459375611009969,0.0705430584150245,0.115207823313349,0.184408590815938,3643.7793646032,1,1
723,0,0.071789846200805,2.26469184340973,0.875196705743051,1.25818739295303,1.65838893832163,0.0902512906271789,0.0473023567619583,0.0721792930102411,0.112733524097924,0.183747530220826,3627.47486496743,1,1
724,0,0.0118004849190517,2.3911042007983,0.727444019166861,0.954837529683096,2.13249883636969,0.104095907699447,0.0441287279741126,0.0689161587188574,0.113094598534583,0.195099985397592,3637.24676977812,1,1
725,0,0.0409630533848018,2.28940648565416,0.818866323306812,0.975007451309712,2.03058735678816,0.0943136833841459,0.0475276775541054,0.073338708584809,0.114959053632384,0.186116617806583,3609.01459386057,1,1
726,0,0.125680539847024,2.27300100566138,0.811682927285624,1.05260436579782,1.8613863072252,0.0905841083331855,0.0453999344127642,0.0693030143313561,0.116983923216124,0.193387282921889,3588.11540403428,1,1
727,0,-0.0865449407939664,2.28733415632761,0.822071405093406,0.859169565208689,2.1881685945249,0.107174103801164,0.0452828793844665,0.0701276737091775,0.111701450890475,0.190300727524979,3578.8785295821,1,1
728,0,-0.213642215109088,2.30106180757589,0.772709338968665,0.775585303238244,2.27081439226288,0.130606157990317,0.0450909745074294,0.0710401821138567,0.112187261841742,0.187469698651963,3572.1511740246,1,1
729,0,0.118916773328457,2.2753785249876,0.838776840660159,0.915017433943094,2.12136406507379,0.0841042659169891,0.0452226173846706,0.0689893206162854,0.12366760263094,0.197497511536558,3617.85110328144,1,1
730,0,0.000620408859992045,2.36396087676806,0.703132037526424,0.893461116679307,2.20833215158297,0.098919061718552,0.0444158846032172,0.0695252172677209,0.114606950602994,0.193214285395103,3605.95248672998,1,1
731,0,0.00824347808017811,2.32525201865828,0.761488147824163,1.15701217429441,1.87364524741185,0.100902823809604,0.0467165998355695,0.0742297612712769,0.107135362765361,0.183861459421336,3607.41675491279,1,1
732,0,-0.0530235686653121,2.39374109412199,0.687347493341561,0.984110127475731,1.93031388899504,0.106543418485266,0.0458758407622563,0.0711185005208829,0.113837594179958,0.194193186032485,3631.98446358449,1,1
733,0,-0.225037392976513,2.24927078321143,0.868250441739945,0.842270105327217,2.05907888672724,0.145716652316292,0.0450979243299097,0.069671584557308,0.112821669425669,0.183173977039436,3571.13390068915,1,1
734,0,-0.0648856048330542,2.33136797855416,0.772248703756079,1.07510409203153,1.88105336924991,0.107370848492423,0.0455704238186794,0.0702192718898641,0.11261036751345,0.18169978582434,3640.86371438539,1,1
735,0,0.0118087924241389,2.211349018272,0.956627939192951,0.928485097322665,2.01645818754956,0.105175278852849,0.0457788380242085,0.0703929383722926,0.116842637625027,0.192711476979081,3586.50034809261,1,1
736,0,0.0257705024371859,2.31503016045147,0.800871212474914,0.862507276734892,2.27558862059931,0.0941015799373327,0.0449294736763412,0.0697069395404219,0.116366130002471,0.192728755365757,3614.32830907008,1,1
737,0,0.095551898426092,2.33441161616359,0.733035057655868,1.05187589265718,2.02512052872659,0.08422149175164,0.0456260600010955,0.0701846624715721,0.11215155884454,0.187935296835847,3600.90837276203,1,1
738,0,0.0718042715728107,2.26937643312687,0.845473261629302,1.07357904116707,1.87682925856655,0.0932317600748213,0.0451614560567854,0.0711897195094364,0.115455566114823,0.193586029252723,3597.27816355483,1,1
739,0,0.117881460920651,2.28223448155195,0.811677524533931,1.05141570265461,2.01276381208605,0.0863039616607771,0.0471550686520814,0.0730323681419528,0.112963593412491,0.198930122958724,3570.45822752722,1,1
740,0,0.142640953697844,2.31835238730168,0.74889934129225,0.969679338827128,2.12853340609153,0.0795095519112655,0.0458492826207841,0.0705203402476932,0.118626703066902,0.200213926431182,3596.24096084334,1,1
741,0,0.0101282502762644,2.33796410698032,0.756389980631693,1.08596336099498,1.82742838917693,0.102904638886489,0.046548518915466,0.0729989617206681,0.114438012826682,0.19051503496349,3624.03053427936,1,1
742,0,0.141179939816792,2.29057878183884,0.804360729515898,0.788842718886931,2.41894788635297,0.0805305723362255,0.0448594292841397,0.0696015201932835,0.120372280538703,0.206294415137638,3566.12904489756,1,1
743,0,0.0468428621065265,2.35280757805438,0.725986120312846,1.08273268317047,2.02754975407012,0.0912069026186943,0.0459898388042769,0.0713761117497324,0.109679652889579,0.185033059805426,3614.18943460643,1,1
744,0,-0.0743879374208384,2.3667605790384,0.641924312344037,0.922593824795216,2.06082402852902,0.115521597230772,0.044673724955382,0.0709886349557431,0.109579987076182,0.198758343959042,3547.73395605468,2,1
745,0,0.000291303926084056,2.2940337998911,0.803027171442377,1.20812077506598,1.64536121636167,0.102156090232861,0.0475404953336016,0.0736507118149492,0.111001750963128,0.185268366541528,3611.53122990212,1,1
746,0,0.109590484179837,2.20104558944223,0.973745408127854,0.885170207006577,2.23868595514366,0.0883525828160396,0.0468938746679238,0.0704273420280204,0.115464612182912,0.199254662746019,3573.22301808938,1,1
747,0,-0.0299831283725018,2.32382188817095,0.785936264652684,0.976269162553102,2.09242212476818,0.100701168219428,0.0471548857578669,0.0730404516875208,0.118245457676381,0.197731487596806,3628.76009309352,1,1
748,0,0.0996624356806632,2.25164341089223,0.830047679238231,0.934702944581561,1.99510700432999,0.0948188606487731,0.0461919712190679,0.0706246730549177,0.115172931963235,0.197094002050077,3562.52202747119,1,1
749,0,-0.0311514477692207,2.2906670547878,0.782547690673339,0.888828425729856,2.12669758217328,0.0999449751431938,0.0451593602461162,0.0712689442534885,0.116947563229414,0.194696080054029,3581.05078350276,1,1
750,0,0.0381569739207469,2.45744818067707,0.546555199962729,0.958073310692448,2.04808750991585,0.100342804638841,0.0441336397411936,0.070579499635335,0.110504200930415,0.193183494322515,3601.68638095292,1,1
751,0,0.0513459390737882,2.38008507218767,0.650349830142464,1.05093827265853,2.11911069051201,0.0870465106869044,0.0465222477147833,0.0728007974189143,0.115242409043166,0.192056116667173,3632.38833179724,1,1
752,0,-0.257942733744873,2.26631132236713,0.867666132868186,0.944500920681464,2.00567989739916,0.133694288871402,0.0457316640732764,0.0713901963034283,0.109232142047951,0.183247792099994,3583.93925874784,1,1
753,0,-0.0765385770780892,2.28387480232115,0.832969358843836,1.01442957284657,1.92656811533385,0.106049143670529,0.0473224184053124,0.0715824630909392,0.116049008544247,0.184051513814852,3630.05083695352,1,1
754,0,0.119454166345046,2.30902963262669,0.779157767812305,1.07147172075024,1.84639971497705,0.086617588169605,0.0445847795583113,0.0677685832672457,0.115536257934432,0.194849671021797,3600.07343207542,1,1
755,0,0.101004987382642,2.27050708599068,0.872429436829952,0.743866999786796,2.51366020597822,0.0853063008479828,0.0461394515241855,0.0700882687588217,0.124157800540668,0.215616509941905,3572.36241278386,1,1
756,0,-0.314366492151985,2.31918138842068,0.782622672382577,1.15583278294478,1.57506994314891,0.144310830922362,0.0464574416252925,0.0726359233238583,0.10877258876288,0.180206811847208,3609.75679268353,1,1
757,0,0.058302651931043,2.32455064100026,0.757252965641486,1.1175127978717,1.83687149014266,0.08969457919807,0.0460925155794159,0.073683497523398,0.117125903574002,0.188259008555404,3621.33448464874,1,1
758,0,0.077043580980216,2.3151530098326,0.743143476393686,1.07701955487908,1.98519715990502,0.0846912177883588,0.04836627838098,0.0737140584042821,0.114888439241501,0.184046197319754,3619.2689421468,1,1
759,0,0.0513188733807872,2.27056215882631,0.887441882270471,1.03592748765823,2.0121176355434,0.0941252085212728,0.0475177076359148,0.0720325331488938,0.116804367914929,0.195854753739686,3630.044156751,1,1
760,0,-0.00391752677425118,2.27285783684723,0.815544227234323,1.17368612721649,1.71355334553169,0.101741003839213,0.0479548084877613,0.073654259978349,0.11045984503227,0.189257330933458,3597.01917182399,1,1
761,0,0.159236992411666,2.29224148034702,0.760136573539047,0.98743559223468,2.20629032054268,0.082483889571699,0.0452110665846235,0.0712507316510501,0.114812935235164,0.20494327474972,3557.43259738158,1,1
762,0,0.0312507835588639,2.30976307608068,0.761370244706984,0.960248343981005,2.11287928479479,0.0943734791265515,0.0452144612827505,0.0702620948608734,0.119141129824147,0.193486138565015,3618.95681452898,1,1
763,0,-0.260454835522693,2.31843783313956,0.72664627396383,0.883036044593896,1.93857209945009,0.143878394101359,0.0436373765146438,0.0691123482875959,0.11132169693341,0.190064461689136,3555.13876975641,1,1
764,0,-0.0783430148919489,2.32714563215065,0.727715558434765,1.14731676407735,1.67250757842004,0.114591478000871,0.0466586607427893,0.0730818614851295,0.105370304946842,0.182373119543411,3596.30399187467,1,1
765,0,-0.0257722704125217,2.30215112551889,0.717870734874394,0.907090248474459,2.04646043388133,0.105143310214306,0.045307110647151,0.0715738452811887,0.116751315442936,0.190827856212146,3569.05858666407,1,1
766,0,0.045871298011549,2.27891098666866,0.826954725272335,0.757879879094619,2.44420823617895,0.0899322731028595,0.0454429924315837,0.0691001545334441,0.122858074609823,0.203481346223288,3601.59295619494,1,1
767,0,-0.185823960789294,2.28540555732514,0.849907168690939,0.916030733043111,2.02742720445233,0.124688933969981,0.0458668828031472,0.0702399859398229,0.112379118866239,0.189911526360245,3583.14880987775,1,1
768,0,0.142515008063654,2.34653718827737,0.798115289321267,1.04195289074232,1.92297984234778,0.0878258095558284,0.0452752580095801,0.0695195986426669,0.112018038289912,0.19105700776172,3635.13881762461,1,1
769,0,-0.0895622298702083,2.29052634575686,0.78711977547178,0.920709934579003,2.040291646633,0.116541889896042,0.0461727058485404,0.0715233603386401,0.110405014739419,0.188811660681447,3562.18917833262,1,1
770,0,-0.256749760638289,2.29811197216618,0.797043260009225,0.931567381188466,2.01811415448521,0.139451765620364,0.0467384282111223,0.0718915287602196,0.108379748841911,0.182273689571257,3584.91433544853,1,1
771,0,0.0443239621031962,2.21593077924945,0.907972297572236,0.885999787734247,2.32577479672684,0.0858852890006259,0.0476864230214646,0.07165878108091,0.1154715163355,0.194802119262985,3592.3445968352,1,1
772,0,-0.172698801659704,2.33041480916819,0.785340100001108,0.991188534194237,2.08251623236861,0.117580860684709,0.046544016424493,0.073376418014695,0.112294829910157,0.191818674136486,3610.91886029695,1,1
773,0,0.0893793487002933,2.27150089430423,0.862719616983647,1.08668129026841,1.92234075762198,0.0923883155863208,0.0468782591310158,0.0730825323172118,0.112293460791507,0.193050752560422,3604.04749319363,1,1
774,0,-0.0303670813513164,2.30430701726104,0.774600609878711,0.967346310463342,2.00818445039516,0.110371874642004,0.0456869310514853,0.0695798136666258,0.114458850912107,0.189051166201892,3597.79957507515,1,1
775,0,0.0102213658404704,2.25861303345258,0.827637289384966,0.93928520775035,2.18172225235742,0.0932064412577498,0.0462826012282362,0.0717828330898728,0.114295079867467,0.189618013324829,3564.66944626559,1,1
776,0,0.118586286727423,2.35500782210526,0.739190239600829,1.01351147899334,2.02156586433665,0.097614232175152,0.0450620062697044,0.0695605866075653,0.112609020140813,0.208721611752449,3586.31128265309,1,1
777,0,0.0162110926189439,2.34523954350475,0.728463347755293,0.871980383223402,2.14305110564907,0.100752510497319,0.0436925802916693,0.070060732937697,0.113834941880298,0.194785437362188,3581.8277541613,1,1
778,0,-0.098817580940739,2.26361053775723,0.864802688747817,1.17084770884863,1.68773144338751,0.115431758257323,0.0484034719859189,0.0753463208805217,0.112839183030691,0.186703057706086,3617.12890441436,1,1
779,0,0.0120798539636291,2.28592078011553,0.861865007560238,1.07692881404479,1.88970471895938,0.104518839103786,0.0468006209471142,0.0706334994778472,0.109190779130472,0.186065612751672,3619.27332718804,1,1
780,0,-0.118402831900762,2.27913919263532,0.872605790387765,1.07635771774401,1.85144975171828,0.121252855861308,0.0469959787085692,0.0736885045345048,0.108577274678027,0.178297569864334,3620.84867754335,1,1
781,0,-0.10928759810953,2.31071531944722,0.810662613116202,1.00511816018418,1.92792611254581,0.116443448155575,0.0455096023956472,0.0708375085475996,0.110882264763353,0.185188356724178,3613.6993707919,1,1
782,0,-0.0410853888138562,2.28203572107007,0.804872093600336,0.948723636254649,2.01652848375358,0.10657855759471,0.0474238577326143,0.073427282939765,0.11594957305728,0.190729828452127,3594.73235583655,1,1
783,0,-0.0930675860633158,2.34005701689637,0.726241030103027,1.15946095887663,1.67339268076201,0.113337831154469,0.0464883362446509,0.0728274518338913,0.110175099269768,0.189023589683862,3606.658420578,1,1
784,0,0.171783369981656,2.41530367481268,0.654118407304999,1.06836801671329,2.12327037732747,0.0757896990721693,0.0459207567149532,0.0704387054540832,0.119505121170915,0.196895037426969,3664.2503860771,1,1
785,0,0.0971050453820641,2.24522199348332,0.8826663401255,1.2090726511033,1.83645809334763,0.0827446381344218,0.0485732183767027,0.0726083602473728,0.113731882398518,0.188112313482986,3621.75162343766,1,1
786,0,0.069445179616467,2.37660391406521,0.724413662681875,1.11021202861758,1.95718736732949,0.0919408780423137,0.0466804250249654,0.0719514732981633,0.113045906354247,0.191712093013019,3648.28143094695,1,1
787,0,-0.00451607062123083,2.28570401778938,0.835272134211321,0.990381548707244,2.1261996802317,0.0953459343064688,0.0464231251545646,0.0714832144045937,0.112890849868573,0.182458596667816,3621.06795969513,1,1
788,0,-0.0674589875027229,2.27247709778585,0.880700435291896,1.00541148069867,1.92751599310079,0.112668358747371,0.046747723663432,0.0707648723624957,0.110998645358938,0.187937592065581,3613.39546740641,1,1
789,0,-0.0111381608891316,2.22081176161688,0.88977164889499,1.04974864777908,1.86977566230373,0.104184601351562,0.0471997889761702,0.0728887793521351,0.113685427305591,0.189717969408535,3584.57322517011,1,1
790,0,-0.034207558550697,2.32624497739332,0.827147593193109,0.995171780312384,2.00292293477085,0.105634957605011,0.045847470831179,0.0710765555671522,0.11632291174033,0.19123612356279,3639.10394252906,1,1
791,0,-0.169498010844884,2.3377335020141,0.730495555588018,0.892687225125989,2.02281807221854,0.126805932684924,0.0452251587749022,0.0722836814139946,0.111961599059378,0.19278622799725,3563.93799129303,1,1
792,0,0.0600390816854326,2.35619706562111,0.705114762274891,1.03301755194527,2.00181918026078,0.0884552537740079,0.0458737240731466,0.0725423542211501,0.116907345203221,0.18877575513721,3629.33855800077,1,1
793,0,-0.066433570855148,2.30290758639541,0.836336045813841,1.00256422816875,1.90211454642761,0.11208670001173,0.0464852835847387,0.0715898956006383,0.11023248840098,0.184012518747913,3605.59463852647,1,1
794,0,-0.117351978992857,2.31628860866377,0.699787835441839,0.944565638403263,2.02036116263444,0.109867881438663,0.0470501436060262,0.0733557826674613,0.112256578135417,0.184837360062951,3593.47904561037,1,1
795,0,0.0186009858511786,2.26900525738921,0.873191130708235,0.9756760810358,1.82633566188281,0.108059975138512,0.0439074622703746,0.0690448462911093,0.114866755800905,0.188566174917626,3580.91154438736,1,1
796,0,0.036546751152221,2.275310096505,0.85895193128929,0.826893659984523,2.13804484654008,0.102737350164208,0.0432077276082924,0.0676060897578225,0.116606213026375,0.204623253660814,3558.88722258815,1,1
797,0,0.0170047640764096,2.30947735723958,0.783012752620312,1.08624654561097,1.82787094091433,0.102253766273285,0.0461785773014835,0.0724046571238593,0.113196067377979,0.190908437730441,3598.62256028722,1,1
798,0,0.00358622439794923,2.31142535167389,0.818473334610362,0.907387861577173,2.18774864155304,0.0984727097174461,0.0464112067029036,0.0714822415808145,0.115433391858729,0.197245266321778,3601.80925987543,1,1
799,0,0.0179376389409817,2.25699904213149,0.914189577419723,1.22447494030451,1.80151146805544,0.094479795270966,0.048268287045269,0.0734593483813377,0.107401835700263,0.186065961960642,3619.13777348668,1,1
800,0,-0.00760431271684363,2.30653401863934,0.784339593603686,0.898639662516265,2.0863234720589,0.110030892405278,0.0440314937703086,0.0693420430077986,0.114528483052425,0.192993647036741,3583.97141454435,1,1
801,0,-0.0653668850745738,2.26937119058438,0.785498447330075,0.852994813689254,2.12304134425432,0.111988857324584,0.0441057705859888,0.0694137916156973,0.119276028715823,0.201391300664378,3553.04908328521,1,1
802,0,-0.0207486249947967,2.3732793691388,0.638290599585062,0.739138939715079,2.28749841633153,0.108258017101475,0.0432529616439971,0.0690360216496614,0.113554341008149,0.192955203124504,3549.40823208537,1,1
803,0,0.0588418917317682,2.30837702599759,0.780455044042596,0.906581720428493,2.07971030003163,0.0923257964738626,0.0460131857666502,0.0712092056254914,0.113937110838199,0.200333147143802,3564.36386320248,1,1
804,0,-0.0695118065827992,2.34453954123114,0.740041773908585,0.956453587639819,2.02770061487263,0.100831430914818,0.0448178001011023,0.0694939008990055,0.114521934226123,0.184209205044747,3624.85398156153,1,1
805,0,-0.0737755370994997,2.26913125617965,0.823185049869845,0.893515216546095,2.04470383286238,0.118876309199932,0.0449915539220024,0.0690280290471458,0.111787512848211,0.192493601643603,3552.96761613968,1,1
806,0,0.171342557600484,2.27531307699844,0.812567721370793,1.1237933011155,2.05758957282168,0.0772105482024228,0.0486070555660953,0.073717556832199,0.114196554687223,0.201646335968046,3574.85131490553,1,1
807,0,-0.197202300478391,2.34970780683022,0.8132226501061,0.995004153083999,2.032903691125,0.115702994137605,0.0479478144745092,0.0735182231393973,0.113196693136137,0.189314505718092,3640.27631167312,1,1
808,0,-0.0292925061563308,2.29703057136781,0.879838333819165,0.724810910633503,2.40937972400664,0.107774470076953,0.0439065761133069,0.0686068347858732,0.119414606567817,0.199086229831126,3598.4544177924,1,1
809,0,-0.0330366938326322,2.25762498355947,0.825752413631134,1.09152323443968,1.77988665542263,0.109243341287713,0.0464882233827512,0.0729176117260182,0.111784499311118,0.187061584313732,3573.13054248382,1,1
810,0,0.158857311175871,2.26929885061001,0.834714892095139,0.877514352711553,2.2755000562299,0.0792690976626219,0.0458143217717993,0.0701277580438057,0.122362646783783,0.199836539544545,3592.44409196249,1,1
811,0,0.147037888743967,2.29216790628732,0.817405527872944,1.01506403543547,2.09271742863496,0.0769935116330697,0.0464843931415724,0.0707102984232948,0.115264968742367,0.19309795544618,3609.37869872851,1,1
812,0,0.097635024558718,2.26692008048296,0.836923502702098,0.988720314502964,1.9638663981275,0.0892716514288192,0.0463850346612835,0.0725804090913752,0.114639343455529,0.192707536732977,3575.63525074008,1,1
813,0,-0.101733041278519,2.3181832556156,0.776943200435474,0.986336306212923,2.08744268092893,0.107053787288774,0.0465181796860234,0.0729348348589825,0.112294694345567,0.188154777250387,3604.72113172036,1,1
814,0,-0.112632943913376,2.31160244883667,0.792167934937002,1.0489477300593,1.8075904347633,0.117902416711475,0.0453819451501413,0.0693458571929937,0.113609632511711,0.188505366844492,3616.02632562468,1,1
815,0,0.0202522326156192,2.38428494024216,0.691643446080419,1.11439643171863,1.97725194103847,0.0935674093638506,0.0478660041088542,0.0733731477970112,0.11144765767975,0.188417427326471,3657.4222124435,1,1
816,0,-0.0908981863025044,2.25015160578477,0.843476295815659,0.971966364275979,1.90872857881061,0.117832889386351,0.0464118715360534,0.0720070504642434,0.112912474288268,0.192146876860982,3563.1003939916,1,1
817,0,0.0955242375970598,2.36049553841216,0.789869495746539,1.16219592207264,1.90828706281507,0.0843786084004074,0.0477876059539022,0.0738434382018746,0.11286289373602,0.191305693829484,3659.56034718639,1,1
818,0,-0.16011151673192,2.28502685226537,0.80392844962328,0.900695526964362,1.96746352374214,0.125937945386424,0.045397595429658,0.0704980037081738,0.11537056612542,0.185936857315063,3589.96450160787,1,1
819,0,0.147736624347164,2.30542831222424,0.772679166483289,0.955493908556672,2.13771187580305,0.0831153699877411,0.0470127223933419,0.0708851598332958,0.120568185866536,0.197802144641349,3616.84749101949,1,1
820,0,-0.0148811346498197,2.31274009580956,0.754860211976601,1.12118437563884,1.71428353071333,0.100342970087862,0.0469505015659595,0.073893145913457,0.113619449853944,0.189868497508561,3598.09134231609,1,1
821,0,-0.0186431106886591,2.3451657314015,0.729735936945454,1.02661097819777,1.96642888011065,0.106061437852126,0.0462915680339307,0.0712503916399597,0.109250524606901,0.184779814713585,3609.64559563992,1,1
822,0,0.134348781591433,2.27973501612402,0.846796494202208,1.05006638287541,1.93946594775154,0.0861892385845752,0.0447092912501728,0.068030353894487,0.11404913492626,0.191538846348412,3603.85034752985,1,1
823,0,-0.117263768703777,2.34463514656602,0.733964235586121,0.991841068675637,1.82463906339188,0.130750224777206,0.0456783574846806,0.071126971520582,0.112177975105776,0.200854996085714,3584.55755439284,1,1
824,0,0.0445624819858143,2.27752742737545,0.847909120747158,0.983106357825029,2.06666423335081,0.0961072469351788,0.0470800862657509,0.0734267127172044,0.114732502855822,0.193827394701198,3602.45038796341,1,1
825,0,-0.024192264143364,2.27222633137552,0.859889854029303,0.875419045685673,2.29362927662295,0.0953674808638832,0.0472293026610366,0.0719511392937492,0.115124227672537,0.194203381059003,3606.76768142469,1,1
826,0,0.0377003584524878,2.32982839578261,0.797091575858477,1.11726988422507,1.93568936585411,0.0920349063522577,0.046676274250883,0.073016768213389,0.113403659676092,0.19717352558977,3628.52060882092,1,1
827,0,-0.021554442446776,2.27922750489081,0.85306818915211,1.05492126412297,1.97623357135235,0.0979174366470762,0.0480975267064269,0.0742728897851554,0.106035038846716,0.182022487785742,3600.22116596685,1,1
828,0,0.033902627025112,2.25393633914558,0.85387073197748,0.915520381699129,2.07243732389806,0.10456578697716,0.0459166410252064,0.0697895811959298,0.114065351940066,0.194738802075342,3573.15696955716,1,1
829,0,0.00964579318749557,2.33805901762707,0.766562769776013,1.090362967273,2.06364561825319,0.093495567531262,0.0458484384951304,0.0716832670681363,0.111717496144009,0.192601802802971,3611.17331788177,1,1
830,0,0.129341607491532,2.28732709922493,0.848323360205571,1.13199991017419,1.94544940891609,0.0796384408348032,0.0474240325174784,0.0745451046579508,0.115815246975211,0.192060531603752,3622.72969594071,1,1
831,0,0.0222388091206238,2.28280272228556,0.868453725004898,1.06376232367733,2.00493970079294,0.0964691038432633,0.0479070253627426,0.0740702342519186,0.113744457883929,0.190603554809664,3623.47626308061,1,1
832,0,0.0237860619152114,2.30434044162027,0.751609292037701,0.958254424679841,1.99961206804343,0.101321310872196,0.0457924251167891,0.0718840394377818,0.112471168406719,0.200190899914633,3557.6774457658,1,1
833,0,-0.158963200032538,2.33239099211108,0.791963035716919,1.01043939010886,1.86350729813298,0.130587847245923,0.045176678513637,0.0700150953687857,0.110140621571715,0.184294778043878,3614.00422368862,1,1
834,0,0.116528343403827,2.28011173693026,0.86565524832281,0.961896446844212,2.06665195457328,0.0912389685344664,0.0468722882500105,0.071922374030341,0.11562608181019,0.202031933006727,3591.15103604329,1,1
835,0,0.0172933776739942,2.25014709823408,0.846777037609032,1.16222235583706,1.59737662005278,0.106762733531032,0.0479311370140478,0.0733975316299858,0.111790559935416,0.187636540492363,3590.52819952506,1,1
836,0,-0.0634496413939633,2.2083012223649,0.912428755059223,0.971019746569148,1.8564274220873,0.111985713069024,0.0467514320230239,0.0710715965455329,0.116613404340175,0.187724917687575,3575.99317006059,1,1
837,0,-0.113991801345931,2.26014482203093,0.848886632262748,0.875938543070588,2.03199204952095,0.123012188152404,0.0439710701542282,0.0682731184280476,0.114231325961771,0.193061298147685,3560.35357598387,1,1
838,0,0.117967229072019,2.28343737845602,0.81644851159188,1.05357333189929,2.02582113351832,0.0855293601945156,0.0469136421438666,0.0733352091269077,0.113363470035303,0.19296150877485,3596.70178161102,1,1
839,0,0.0994064879968589,2.29657451095055,0.836586660547259,0.988154195252516,2.22274227234229,0.0815426283558289,0.0488233183317927,0.0749895037923098,0.118490011183515,0.197325239435737,3635.55066473318,1,1
840,0,0.00790003996279555,2.27168007170525,0.841474250243862,1.16548777894232,1.78429107630743,0.0966627347858148,0.0471634568493915,0.0737434454864449,0.11409228860929,0.186920655499487,3617.51091401288,1,1
841,0,-0.139271152197062,2.27361628361376,0.823498702317406,0.971571971611582,1.86468032873502,0.122946914495363,0.0463291412763089,0.0727919527019548,0.112161929364141,0.18967119047607,3572.72795588468,1,1
842,0,0.0284769694605545,2.34829999078208,0.712072212625887,0.690644173968599,2.55721416905078,0.0932082189735789,0.0444127397432405,0.0689450196615524,0.117045931152153,0.199302100851952,3576.38839491024,1,1
843,0,0.0901813669798055,2.31445466070509,0.751120288461166,0.969729115142238,2.15802978497777,0.0881497259398804,0.0464380938585076,0.0732105877341243,0.117333930036683,0.191727365742713,3598.19504303565,1,1
844,0,-0.167291266374535,2.26973674724998,0.888140908447386,0.896814352743982,1.90615021068019,0.136935856144865,0.0449408570668633,0.0695571749110453,0.115472116253115,0.186137211259911,3599.73161523607,1,1
845,0,-0.107118499371405,2.29777366002193,0.754846505855105,0.982093008751936,1.87034839155633,0.124071372361992,0.0461294978794577,0.0717168428126057,0.115025665084859,0.194019867609055,3576.77427222185,1,1
846,0,-0.0461538118938521,2.27959438867508,0.820390340414602,1.11624373483758,1.79089537768087,0.103570384915608,0.0470296459361046,0.0711863264102608,0.109135898999006,0.184920271876074,3604.97124968651,1,1
847,0,-0.128778006557172,2.38682251233526,0.593919701222901,1.19304951806243,1.76922203515552,0.119067366425831,0.0465157179457046,0.0767758574511335,0.105860695621476,0.188708643487791,3584.42650064674,1,1
848,0,0.176152533089062,2.25102389812024,0.842357590170288,0.949295742589263,2.06175650887455,0.0815343366059965,0.0461136009851489,0.0709432503618168,0.116228502038673,0.194672350266101,3565.032156261,1,1
849,0,0.0993673489243199,2.28986516135713,0.836561876853717,1.26656026394607,1.65585640206024,0.0872408981840841,0.0489623555106696,0.0727027541401265,0.113482656308704,0.193683995645546,3633.33584810393,1,1
850,0,0.153918307816473,2.39921229614807,0.714556193722336,1.12530083824878,1.94161732168118,0.0811438327421121,0.0437124193720525,0.0675288011127339,0.115031679318826,0.196030622832185,3651.07244180074,1,1
851,0,0.0239253737596641,2.35069401782255,0.757035841153245,1.18131111137501,1.81517036346453,0.093821137153402,0.0462338935555376,0.0721862358102955,0.110869757207816,0.185674299006972,3635.31102057677,1,1
852,0,0.163241169853495,2.35245790761261,0.68925287556529,0.895956181372413,2.33990249623231,0.0768242167634704,0.0460814653680433,0.0715700925658043,0.119422559459774,0.204258984146446,3594.00612110344,1,1
853,0,-0.0908564420417733,2.28266266065207,0.785727433084633,1.00806252441552,1.81058037190564,0.119966495980552,0.0471194161975723,0.072923716167764,0.114644194202526,0.187670553215676,3583.06823244944,1,1
854,0,-0.312416582885789,2.31280124630218,0.841841962232645,0.857255241651025,2.11482517545547,0.132535984487954,0.0472866751863744,0.073183116938767,0.11180622410132,0.186960392171905,3612.12132444271,1,1
855,0,-0.0287450620607241,2.26575041036793,0.796592481660787,1.03414082145012,1.92961299246912,0.10133408702691,0.0475478562752901,0.0729127293093236,0.114417568433669,0.192294160375608,3582.57135917533,1,1
856,0,0.0872889481129483,2.27470058739698,0.844444214547505,0.886919214062231,2.10789066679029,0.0937207182797476,0.0457120207416695,0.0709049030984084,0.121626998847755,0.193087623171094,3605.17182861849,1,1
857,0,-0.0934991466672403,2.23307837665251,0.918155711933188,1.00528941195789,1.8388739967405,0.117969351788917,0.0454420544392651,0.0714469366654285,0.111250829970077,0.188070390969011,3571.6786537291,1,1
858,0,0.00373469187640428,2.30850219497863,0.773913938904118,1.13165703750864,1.82010156725062,0.0974253867496642,0.0477245027872246,0.0748538627253414,0.110344841263584,0.185976738064515,3604.90757622223,2,1
859,0,0.0775846027190625,2.36401949540687,0.705498840288023,0.854402032072011,2.35627792492108,0.0840692470379695,0.0438084846333114,0.0693908506226138,0.115368259037233,0.194732403297669,3585.72270711696,1,1
860,0,-0.0376079359902113,2.26131228192564,0.807605603179536,0.770974933534352,2.32175289494653,0.103660568344643,0.0439431729457433,0.0687971026875095,0.116756247870981,0.201420706717223,3546.13399163058,1,1
861,0,-0.0105614919475203,2.33151677672029,0.766787214087187,0.83684256815523,2.22370482487307,0.0976287520588991,0.0459495247432323,0.0696444057326009,0.119571155482548,0.193714777004695,3618.94690389032,1,1
862,0,-0.0992582620842797,2.23886817178183,0.866864352108406,1.03704251682488,1.78912729575431,0.111706489093996,0.0460699240892958,0.0711280618020802,0.112061489441577,0.184911332162319,3576.79525308165,1,1
863,0,-0.214800171957774,2.34471254509427,0.756923705312023,0.995027581185264,2.01973863167816,0.129713446469796,0.0468553668705067,0.0729223418727315,0.108154071970863,0.182420739449566,3619.84528336002,1,1
864,0,-0.0200602116411303,2.29265465446553,0.835097817745106,1.01538479340827,1.93205864719795,0.104441449617173,0.0460098993193357,0.0710541855044413,0.113091711728204,0.189573679423497,3609.81658735476,1,1
865,0,-0.0179784655432233,2.34063662490049,0.662885753546623,1.00223675567199,1.90227361190893,0.112574111060449,0.0459685881692377,0.0714348511015958,0.110980302608158,0.190097562224522,3572.56528987178,1,1
866,0,-0.0361492142553878,2.31432594306925,0.830253882282545,1.08422864006505,1.70192038424536,0.108619191314654,0.0446296963265313,0.0710412642118634,0.111657157004363,0.183127969047981,3618.7141934788,1,1
867,0,-0.0187076929624742,2.33706496389102,0.709979219204762,0.917751226411576,2.22006071559935,0.0964573345954665,0.0461641454860877,0.0720058198642182,0.112989175334709,0.187684028454751,3595.14209898566,1,1
868,0,0.0590916379694505,2.31345305392326,0.778198369082712,0.887223185470254,2.10293988028961,0.100067241790922,0.0452815967369667,0.0682225587410178,0.113498827639282,0.1968683350784,3571.3649271384,1,1
869,0,-0.0632058668907163,2.29265717727269,0.745022159632314,1.00021897840264,1.93254679506599,0.101186719039923,0.0463370132118974,0.0710123341348704,0.113817701463124,0.186945734747092,3583.95393698789,1,1
870,0,-0.00246416151330508,2.33663431789288,0.722518008693615,1.03488343145446,1.92344304131174,0.106457662952949,0.0451974080737251,0.0702439450514102,0.108684945936004,0.185247693410395,3591.33019667407,1,1
871,0,0.00319616562371073,2.25446788052342,0.841262322417658,1.0545709732679,1.92772958551746,0.102319969505792,0.0465598257399096,0.0725825955893478,0.109901083823353,0.195705409793349,3561.92746483447,1,1
872,0,0.0813220943578507,2.28988071599288,0.837018223545926,0.713706541033259,2.42260546517305,0.0970254452105399,0.0428936929593734,0.0666418481693724,0.118808554289139,0.197560403945081,3575.66938312268,1,1
873,0,0.0719336478114597,2.30702436859487,0.843161605317748,1.03985943642592,2.03032087352752,0.0914795478315232,0.0457391833613392,0.0707791888531364,0.113182917681786,0.191767942849143,3611.4142395304,1,1
874,0,-0.139512869054208,2.25867258542874,0.811563037890714,0.917533870872724,2.07892931239525,0.11066836321137,0.0467374345964252,0.0714393864704684,0.111124632095512,0.192275444865064,3539.6578641487,1,1
875,0,0.0705874416724837,2.2199532041279,0.874093405796659,0.99963615511179,2.14572519138728,0.085207165809018,0.0493654805213731,0.0731856596467538,0.114666385849799,0.188869940005118,3595.7385781596,1,1
876,0,-0.0774054023031676,2.33411067282159,0.801543364341648,1.13713094851497,1.66346582060938,0.116217008924078,0.046586969114088,0.0732232791340415,0.111521820070023,0.188244039638409,3626.45919998032,1,1
877,0,0.114648340224736,2.25304262638324,0.829161242348573,1.1878098428939,1.72693361592399,0.0901719985751857,0.0488204539024815,0.0741016545388152,0.11558310540092,0.193638818398827,3598.54557143752,1,1
878,0,-0.154357187774889,2.29192701064809,0.846213846584988,0.935375054024105,2.01628575796391,0.121862948479094,0.0457074708242371,0.0704569471994629,0.112385640392185,0.192197926863984,3600.87115768319,1,1
879,0,0.0290950415802479,2.31768964661014,0.797641361672902,1.12644493896225,1.83032301934893,0.097080650328087,0.0464654140278652,0.0708191710013182,0.110464605304047,0.181763506933663,3636.21521392033,1,1
880,0,-0.0940990388640437,2.31893636878151,0.735931604522489,0.819728116118947,2.11810780214477,0.1155335342657,0.0449212733282051,0.0692536661490061,0.118735029228387,0.197237546680039,3579.52625112148,1,1
881,0,0.17295053071357,2.30633559139963,0.791135411321268,1.03343864717133,2.21358003682207,0.0728838557272198,0.0479004587612452,0.0748040694031492,0.114502370673316,0.201298245747129,3597.04912198277,1,1
882,0,-0.0309396849888844,2.27268492964336,0.886046044585197,1.12020533151231,1.73700231817581,0.113703417292573,0.0463437356396504,0.0712010816418842,0.11239427091984,0.196990883085706,3608.34990571921,1,1
883,0,-0.242668801856967,2.24840462868512,0.839147905338576,0.980878419366466,1.88568913538704,0.126238477899316,0.0470636190185851,0.0733673078107764,0.113557123667963,0.182982852563942,3582.03532025135,1,1
884,0,-0.0711389193887066,2.28268734068337,0.82235607545258,1.00637948443878,1.99055296727261,0.101957973668287,0.0478694823178005,0.0746712539937474,0.113988920387551,0.186706618372812,3614.24209842286,1,1
885,0,0.108386402179214,2.30059946311167,0.767270851080288,0.843167075557711,2.26172797165128,0.0848448463752961,0.0447454544543067,0.0701628654698263,0.118484025142485,0.202202323415539,3558.74644071493,1,1
886,0,0.113744815392133,2.27724700127342,0.843783161036237,0.811293537728202,2.28543943013481,0.085984842886499,0.0436819292700962,0.0673781165544354,0.118807277351238,0.204106466181075,3560.23427212095,1,1
887,0,0.236723087519379,2.2698324755278,0.791039963033799,1.04280252616531,2.00830029643711,0.0741455658859688,0.0456334526213125,0.0718001347139989,0.120430614507586,0.200737476503562,3571.62263665219,1,1
888,0,0.014681250223131,2.28090735801077,0.852888634832372,0.933441774708759,2.13146628254219,0.0980662796748816,0.0461514771403418,0.0708458744121857,0.116389804512692,0.193248114817529,3620.01697749301,1,1
889,0,-0.0299732822003596,2.39692855824006,0.674537929994504,1.21927827151147,1.69503854457996,0.107745451148393,0.0468894755240711,0.0729746860949907,0.1113433651501,0.183670690863221,3655.96908881532,1,1
890,0,-0.0803458572424858,2.28189961545735,0.863592912854344,1.14489245914268,1.66498396787791,0.113134104412981,0.0462552956615071,0.0710483113274743,0.11130495961891,0.180893834565554,3627.5420060539,1,1
891,0,-0.0440675354092828,2.26621842477591,0.872239847221504,0.839040048594868,2.08692926430422,0.112893166179328,0.0449243027513796,0.0714261622955787,0.119005435752571,0.19731592118736,3585.59710833935,1,1
892,0,0.0947155656187881,2.31521948343688,0.819146999561484,0.970439994455895,2.03591012910673,0.0905557533531339,0.0444761211931098,0.0704998760869778,0.117280706752109,0.199271211340106,3605.79973455289,1,1
893,0,-0.0147171036872682,2.30880003706735,0.773309817791569,1.0025715624899,2.00845138812875,0.0961030909854722,0.046501456849369,0.0720803548138923,0.112633843768042,0.189316991248833,3594.76467897522,1,1
894,0,0.162044695709726,2.38927482633218,0.716027502263749,1.33820022556085,1.70220519364748,0.0840927971604012,0.0481540596356666,0.0747283419503751,0.106842430149416,0.185602628825834,3654.00478658153,1,1
895,0,-0.0260421867715016,2.27776204950437,0.802579120526741,1.0886903727071,1.87202177996449,0.104454448795999,0.0463768093061262,0.0726721275698253,0.108458890686404,0.190122329834381,3572.08929072643,1,1
896,0,0.0591832495933853,2.34735779436169,0.725123669825568,0.765604865872942,2.42635697255349,0.0905555144578187,0.0447547459556513,0.0688383577508806,0.117980207154458,0.199062714416246,3589.34896841136,1,1
897,0,0.0699275627460411,2.33953770560022,0.736844138452967,1.00121620952313,1.93291192509842,0.0953421535385779,0.0456789513572253,0.0716213632829191,0.114622420667818,0.190218302846707,3603.72445903897,1,1
898,0,0.152089617873839,2.29199954063774,0.745963015709052,0.917228229739055,2.25792717026309,0.0847293045690788,0.0460788008328864,0.0720898959972495,0.119116972048961,0.211050743860233,3555.46949848797,1,1
899,0,0.0884315630627117,2.38720386978858,0.69290167437118,0.925391693235962,2.3050467961876,0.0836007485599167,0.0454754396951175,0.0699705301202106,0.11571829762822,0.207524537590147,3598.17503940374,1,1
900,0,0.0273358747139267,2.29042380624479,0.784580940861115,0.928484335248681,1.99559674697145,0.101731931005038,0.0442563363007718,0.0692301397844603,0.114780409870207,0.18580217907966,3584.7419721575,1,1
901,0,0.0628485140439462,2.32089603128058,0.821278686045812,0.802327934279142,2.29843892128093,0.0928332123248135,0.0441954551202713,0.0679259814581937,0.117040842486495,0.189590798846417,3612.70774220298,1,1
902,0,-0.162327023184116,2.26976913281374,0.81133328159759,1.08333385329668,1.88499360902439,0.117817066613023,0.0471578544247361,0.0727667854939408,0.107172300363852,0.190133429204759,3564.06936344918,1,1
903,0,0.0503672405161437,2.31557660153477,0.783489077079609,1.18474587970194,1.78651836492937,0.0931661904836441,0.0480129163124205,0.0739479067989534,0.112606342980152,0.185456829723163,3641.93497603446,1,1
904,0,0.00839488670519938,2.35100009049749,0.771270209051817,1.07616021542211,1.94447039337375,0.101703999314852,0.045103275021221,0.0727431704279277,0.113826706902421,0.195055887579266,3621.7275120684,1,1
905,0,-0.195388214450051,2.21273751409046,0.943591349549374,0.943071447718053,1.93369453829925,0.135704303217836,0.0458094592432114,0.0703819375590865,0.112609715195401,0.192228777871384,3565.14575920265,1,1
906,0,0.0812649040162762,2.27020840835829,0.836784397990862,0.979406398440066,2.23518350719242,0.0811569867825205,0.0483697150911984,0.0728055204605024,0.110690457729067,0.189293572423839,3587.39684908992,1,1
907,0,-0.0275205961579404,2.28382068609864,0.825947761655105,1.06894687387675,1.83574124552059,0.0992619602963616,0.0471833823590957,0.0727998089753839,0.113528807873722,0.185301954314731,3601.52782559295,1,1
908,0,-0.172617867016411,2.34172687928145,0.754941905199881,0.805111858538362,2.29700609931627,0.125234946633359,0.0449228419581441,0.0697001273491499,0.115178113001992,0.193732349488722,3603.71216267931,1,1
909,0,0.167775385304985,2.20389542971042,0.960795614552395,0.973549930126223,2.10139927095812,0.0829557365326457,0.0476176060068332,0.0741973413827657,0.117108335845748,0.2071113203379,3550.54894909746,1,1
910,0,0.134147016711227,2.26492261584053,0.865905212875708,0.896992766399874,2.29715115624278,0.081516912021278,0.0470753982155324,0.0711537819643199,0.119371950201021,0.207166217434755,3582.24571762272,1,1
911,0,-0.0401318593853081,2.26438227313923,0.826033521120309,0.991333623264997,1.93332125942026,0.101087965129605,0.0468128060840108,0.0719130375672833,0.116412091512883,0.194138741532503,3596.73173951911,1,1
912,0,-0.162634931996492,2.25598783335632,0.912562514807187,1.10512805619194,1.79211138753136,0.120827454676044,0.0465941074571218,0.0719083082516768,0.105268982136912,0.177667110976807,3603.19077115885,1,1
913,0,0.191271266778506,2.23390394723867,0.907550314462723,0.994294844317527,2.09399258820319,0.0756920825229369,0.0465734200117791,0.0707265243598772,0.119758664265177,0.190418553560299,3618.1140600414,1,1
914,0,-0.120565022460931,2.31774319310099,0.834538367846898,1.01413966491654,1.98205973157398,0.114047833279597,0.0470253016645013,0.0719906627374621,0.110747982718859,0.185062009941099,3642.08870099947,1,1
915,0,-0.181843924691733,2.31952344666673,0.785453634070631,0.804182100472657,2.10989858508829,0.135123950943853,0.0434024668371578,0.068713668077253,0.114826148866678,0.197558597125575,3568.80523227956,1,1
916,0,-0.0360686305502593,2.32339529875834,0.777120817613067,0.976234399016236,2.00776887238386,0.106992612846953,0.0451389218879856,0.0714007176649111,0.109159390652486,0.191040843708589,3590.24033781969,1,1
917,0,0.169461639522277,2.31247927401995,0.708919501058153,0.905947039072172,2.23687219895209,0.0789985750211715,0.0461419561539346,0.0722906082240081,0.12072587728888,0.194064896497814,3584.27541173295,1,1
918,0,0.0404660868778684,2.3303478029222,0.798803177109483,0.991176910971776,1.9910469400277,0.100422270512182,0.0467858899386098,0.0709329668808492,0.119542165041024,0.192354195775376,3655.75278178767,1,1
919,0,0.0403372300921536,2.33506067766757,0.749224664816316,0.875924604458882,2.14381742641233,0.0991492804208112,0.0453394884742565,0.0697474989739842,0.112764866849326,0.18347819057884,3604.7665307542,1,1
920,0,0.117211478263171,2.31283124138173,0.767549325508848,1.09938124615689,1.79431550088686,0.0866478659855656,0.0446875714999967,0.068582112916505,0.117315239902349,0.191800057856678,3612.6351746365,1,1
921,0,0.129373440053526,2.32962891387573,0.702334993133819,1.07598643756922,1.96278539933018,0.0817346845011661,0.0457944242165417,0.0710742193528048,0.113234382574563,0.182729216242214,3596.86654507371,1,1
922,0,-0.00287261043352358,2.26577910048884,0.869990417867795,0.87366621776113,2.15717852141263,0.0998346707962096,0.045971216545393,0.0721000017806439,0.118287971617282,0.189057906490264,3596.84568305373,1,1
923,0,-0.0119803526290114,2.2338330154383,0.924150102840938,0.910251610366349,2.04779217733468,0.0984355032951689,0.0456605562231278,0.0714611107717876,0.116950297764754,0.190238649083371,3575.98610873821,1,1
924,0,-0.102855957720575,2.32586848115495,0.747962526086423,1.0302635321023,1.83144791134582,0.114774278630211,0.0449512908856935,0.0696602865882707,0.111755723604898,0.184963072259593,3602.98272084372,1,1
925,0,0.0628906273372499,2.29005497467951,0.858401818922683,1.02790070563805,2.03585209180194,0.0889346996295034,0.0461657120191384,0.0725225727101382,0.112835251364033,0.185404436917127,3622.24534289941,1,1
926,0,0.101143615239191,2.28668941677915,0.82059948192601,1.09808272008547,1.96511172767394,0.0847676573069878,0.0472623280250622,0.0712762917809037,0.115384700845559,0.194177247209734,3618.94780829757,1,1
927,0,-0.187954390477498,2.40088156407842,0.667571102758333,1.0239211987904,1.84525546141033,0.128366920765904,0.046177695429574,0.0727378128854384,0.111750367154049,0.184495076684622,3625.92507600031,1,1
928,0,0.132362122227372,2.36420931107122,0.730786860341207,1.002638238505,2.09309378832275,0.0840227157488636,0.0445846604884715,0.0682757406919258,0.116109545010993,0.201480644049888,3625.91225358846,1,1
929,0,-0.0853158971646384,2.32116437980941,0.713042488144386,1.00606531207954,1.96927293118463,0.111370406617603,0.0458805425208623,0.0728889660627879,0.112828622331503,0.189729732570941,3575.5432459696,1,1
930,0,-0.205589049036725,2.3180987411036,0.84359838521629,1.08166616547092,1.78075717771289,0.129848314013076,0.0480111177162602,0.0731807645959579,0.109017238403027,0.179000180081778,3646.41947148887,1,1
931,0,0.0884408401858171,2.2292784971303,0.905788185023163,0.848079655504625,2.24563071509613,0.0892866847889193,0.0455817092878617,0.0686536022003901,0.118236034372811,0.199535737276926,3587.02966921834,1,1
932,0,-0.107032139276815,2.34124604349709,0.703336222749904,1.00451720626518,1.87772907015938,0.117172401233306,0.0456507067179775,0.0718083503211032,0.111536274910178,0.191051100860628,3588.57407101236,1,1
933,0,-0.0682619116698771,2.26019064549685,0.816903926391567,1.06363101236975,1.85326555514536,0.106749848563152,0.0467161824599035,0.0734508842374674,0.112598755535104,0.181887957788858,3593.25243982503,1,1
934,0,0.0364698398192441,2.22621463121873,0.885485030423871,1.13434576455878,1.78710975820641,0.0966412614404801,0.0474120988539841,0.0728635937108241,0.109962920805536,0.188973380333146,3571.42167153394,1,1
935,0,-0.100443439199187,2.35634841379681,0.725046533956551,0.88862443185873,2.12119087981779,0.121039593339782,0.0443803711365378,0.0692336267943433,0.112049722907615,0.186836537408996,3597.11438227193,1,1
936,0,0.0458410377396149,2.21914484236469,0.886953146895543,0.969822634222204,1.98411744760141,0.0937733936763141,0.0481403275154573,0.0721767929536406,0.117897224405881,0.200308560773767,3566.26657383484,1,1
937,0,-0.171996244250572,2.31227058787323,0.815173512556723,0.982010052416497,1.97826558037315,0.117108084045511,0.0461537941048764,0.0693724984794624,0.108731996028681,0.180576187825399,3604.94260570649,1,1
938,0,0.0595785384238352,2.395905996587,0.659064991958282,0.88956276842081,2.11935685615969,0.0983062973364627,0.0453242219723858,0.0714373151140909,0.115814309393293,0.199362548110693,3603.21883483154,1,1
939,0,0.0225627074178783,2.23035609031697,0.975360053086557,1.12480941631861,1.90743013501257,0.0926710742091386,0.0488428445742764,0.0740749745867031,0.113930749243436,0.185186098238819,3644.17137749108,1,1
940,0,0.0531264236679144,2.36324338203989,0.751323404934577,1.12241991601736,1.88682958262726,0.0985563185105681,0.0456330244289712,0.0703451024535667,0.109664117201156,0.197406646128154,3621.73730445743,1,1
941,0,-0.0394622737060877,2.33086532380806,0.791227733072926,1.00671134570285,2.13692679130781,0.102993166886259,0.0466428587165195,0.0721568624986466,0.109372357301502,0.1839707110208,3628.65570402466,1,1
942,0,-0.062530584550584,2.27505524998804,0.876087560104467,1.06178051632076,1.96527575813618,0.10059896215387,0.0475070567312562,0.0748980030621763,0.111984558504628,0.192905052228851,3595.96151995106,1,1
943,0,-0.0581355909665687,2.27545022877227,0.783898252599714,0.774090383116412,2.26451262854624,0.109082525065442,0.0448875335521857,0.0689863551398171,0.115760095222898,0.192217575215132,3564.71939475963,1,1
944,0,0.118337534407647,2.39136404241529,0.690000311189536,1.04037789629989,1.83194816072012,0.0908933315421092,0.0438728103846756,0.0688029582191869,0.117642853481369,0.191075558247649,3629.55908755959,1,1
945,0,0.0223601248103867,2.32868337457016,0.792862158119333,0.913216393696712,2.23936651275284,0.091122763661175,0.0459723124642073,0.0710919741475645,0.115099975840181,0.192407571928398,3612.36099099011,1,1
946,0,0.0833214620180572,2.33070188467052,0.781513934597489,0.920527452093589,2.29073316882139,0.0799163149438102,0.0461834134759873,0.0711454604249292,0.117508473110453,0.191263027971583,3625.78788039579,1,1
947,0,-0.147609983286595,2.33264174537356,0.745900480564957,1.08767310038747,1.86708686073549,0.117967004066096,0.0464752323635687,0.0727881804371694,0.109671613964248,0.185040923899958,3612.63230536339,1,1
948,0,-0.0391993083821611,2.28472423283224,0.806483071287189,1.12060122168078,1.76325329696573,0.110425459827745,0.0469459631136383,0.0729944372147366,0.110237734602664,0.190786575319197,3594.0424172905,1,1
949,0,-0.0834643549241881,2.3046242794487,0.818627295374125,0.970263087327566,2.06672122618473,0.104261716697893,0.0477071989982533,0.0737408226794602,0.114666470148655,0.183861821188543,3625.95809521968,1,1
950,0,0.115362169378646,2.38464522281579,0.750129950018482,1.02440663283902,2.04159735969852,0.0826483249772429,0.045505615369748,0.0694336645064879,0.113874657968556,0.190554953876907,3654.63244204262,1,1
951,0,0.0260041941859861,2.26976559352878,0.900309461437672,1.21683574480019,1.8407842418236,0.090673820069836,0.0484126782990928,0.0746467131179311,0.111630032735694,0.185277268167217,3647.36771338004,1,1
952,0,0.0208609133062004,2.3154126323417,0.771384073611022,0.811838136842321,2.32726244288102,0.0944846001567191,0.0444281318092895,0.0699245639226832,0.115048530513592,0.192095864786417,3581.64625858135,1,1
953,0,0.0680491332896512,2.28567855631428,0.729615728783304,0.926092688492382,2.05741757993203,0.0885148724612159,0.0463672421415064,0.0723427281589401,0.116194692021664,0.192741402730524,3559.93900522359,1,1
954,0,0.0950396074131,2.27988954364103,0.819345750893805,1.06125148686739,1.87746420948901,0.0944263188820763,0.0468338949782114,0.0711674945501592,0.11687580191309,0.195240196729126,3603.90766107663,1,1
955,0,0.0714548502599797,2.37088432694043,0.729848651911532,0.88933901346094,2.27848123589106,0.0853456737545965,0.0443198204094075,0.0706344733153943,0.114652233092637,0.188414558044075,3628.06612642275,1,1
956,0,0.086856584226052,2.25019824539709,0.79144214227397,0.961629980799013,1.87362422231197,0.095061985700578,0.0460967848186204,0.0722768011185234,0.117325667869027,0.196581782726894,3534.54864046779,1,1
957,0,-0.0322536259626999,2.35206016931262,0.781969066679885,0.850935976212395,2.33116815554638,0.101572298966559,0.0436933920996249,0.0697825054801173,0.11406686760962,0.202602596768571,3599.24116186267,1,1
958,0,0.0672525317770314,2.33248442376526,0.808789274493831,0.968767530831903,2.11233151690227,0.0943935150320922,0.0450938763074983,0.069348159368301,0.11322070339396,0.193227658378692,3627.76457759207,1,1
959,0,-0.00712941886907282,2.21081851629067,0.916907781073578,0.838317360527689,2.19187097479113,0.1043716451447,0.0465161939894393,0.0712994578767348,0.116308200023949,0.194429902204641,3559.18591374049,1,1
960,0,-0.0137482313183889,2.24249907095238,0.80916409131425,1.00246955480792,1.81128452877554,0.11208319654208,0.044714808571085,0.0692608896746906,0.110985391821283,0.191015561643853,3528.27499940014,1,1
961,0,0.190725593402152,2.29391570259268,0.805949336031933,1.0275154703886,2.21668740314129,0.0705312361053702,0.0463864405701021,0.0734329763004847,0.118627100705536,0.201554332401399,3586.91846656019,1,1
962,0,0.044599892849285,2.33175966041275,0.819710535640975,1.0338622991055,2.11912054056961,0.092362400985071,0.0481615756187706,0.0751970589753987,0.112781250320268,0.195169847978465,3627.95317927017,1,1
963,0,-0.201510316279613,2.35432240420304,0.69056777619798,0.951621975941555,1.99987554694283,0.130737773356898,0.0435972798290758,0.0707097148367093,0.111253763868013,0.183382018403137,3588.74261747697,1,1
964,0,0.0515833074296461,2.38914839370986,0.618466900613494,0.947278386701905,2.18902901164134,0.0919578859733347,0.0457347880897472,0.0715714141697513,0.113679387305315,0.197903590569941,3591.17599313665,1,1
965,0,-0.00190088953805874,2.39581584576086,0.650767234176561,0.780725445707255,2.50154640088025,0.0941613006598876,0.0436656823230923,0.0690634922625105,0.114796476266743,0.20587563700115,3572.30486312285,1,1
966,0,-0.13917206192596,2.33083187264579,0.762802520391304,0.949015678699657,2.02375853248149,0.119574436071397,0.0453111064364744,0.0722082445477335,0.111781013539016,0.187940731792164,3591.11117647878,1,1
967,0,0.0972843546021353,2.26320966220875,0.839440754112842,0.948247219508442,2.1243099611698,0.092898643695011,0.0462789506529566,0.0719458612320108,0.115903118223678,0.191959391498387,3586.84652228843,1,1
968,0,0.0328446075865561,2.3596053721697,0.742010475442013,1.06411722154937,2.04170782559854,0.0898894406442101,0.0460951883295467,0.0714391189305124,0.112059190262237,0.185665819374503,3634.75842333869,1,1
969,0,0.0127303444148251,2.34994093211609,0.70293702123773,1.18797002967744,1.74854176072709,0.0964880526579867,0.0475261533299057,0.0758927728322973,0.109977873003799,0.187261220429912,3616.74607681492,1,1
970,0,-0.0397924385208438,2.33758466378667,0.798119917851402,1.12612049486303,1.825707786885,0.102843487873612,0.0462541577326913,0.0726012272060859,0.107075413206444,0.180175229941147,3624.76376899544,1,1
971,0,-0.212763350765787,2.31266830213502,0.781244838131562,0.974934475733307,1.80867754237884,0.140015776860884,0.0440252274688268,0.0698936515889093,0.109971891937433,0.18738640152976,3573.69782054995,1,1
972,0,-0.195586567173932,2.35232482643536,0.79771951362875,1.02808611264093,1.86514922944765,0.139586392790028,0.0442414270738143,0.0706136655783651,0.109424271953758,0.181643415499275,3620.6549213768,1,1
973,0,-0.00488728310635414,2.27699765085855,0.819951736508415,0.963810628495142,1.9289041556338,0.103697155825912,0.0450160435705985,0.0705927666995865,0.117609657121921,0.192526450983353,3589.77278146506,1,1
974,0,-0.0567831446521512,2.2889769173764,0.81479822815883,1.06116084148561,1.82058280211956,0.109943982643673,0.0461423405614896,0.0717263737706261,0.111198467366334,0.189783512837423,3584.9090659581,1,1
975,0,-0.10814722803581,2.33633431664158,0.766958736075223,0.902553598545808,2.13810260939114,0.111716306260134,0.0460410776063928,0.0709350311028378,0.112521006698716,0.184018293550322,3623.07672879384,1,1
976,0,-0.0684218124067291,2.24761902049377,0.908018270870299,0.959386231676817,2.03161593882679,0.108878214482564,0.0474441879340055,0.0737175690916003,0.115337962825103,0.189475933599648,3594.53952287377,1,1
977,0,-0.0504355034310505,2.27217172616645,0.846732412415867,1.06543073130224,1.81629088373816,0.11141821359399,0.0477877669676768,0.0735589552232887,0.107449596941043,0.185418013960718,3580.57445040701,1,1
978,0,-0.014122306491146,2.32963844577479,0.69553499449407,0.978563084778689,2.00737172604489,0.102545926856143,0.0463055129828994,0.0722210550675625,0.113264433907293,0.192457461639255,3577.75378379107,1,1
979,0,-0.00915428270072405,2.27384595617668,0.870798506355928,0.966933725475661,2.07337179019446,0.101204648681114,0.0468353627141129,0.0728377888559348,0.111085857760068,0.198031794797077,3579.36903078722,1,1
980,0,0.0432800452586139,2.29999325736689,0.779229368947625,0.952639677395319,2.17204984618051,0.0934315984450408,0.0470379384252057,0.0732977930365138,0.11462868417192,0.197724317540212,3582.70309391802,1,1
981,0,0.118737690276979,2.36491931021413,0.706062899392149,0.947715773494573,2.15451442131767,0.0864272152053946,0.0458037311192406,0.0708693191808793,0.10935003168063,0.190916758089913,3584.43841958757,1,1
982,0,-0.0531770058302915,2.22295624188675,0.908508730972357,1.00190777412875,1.92983079822708,0.107133876491065,0.0468853243846298,0.0694224486258511,0.113457591098449,0.191795400843925,3586.67783006011,1,1
983,0,-0.0813696147203749,2.34349969988124,0.712709950561852,1.06150439982367,1.8442664089119,0.117926132431617,0.045463833213766,0.0731491704393692,0.109403748794908,0.188457995064758,3589.52820283623,1,1
984,0,-0.0520365353522996,2.24820333939683,0.857623848070613,1.04143865553676,1.7463511005648,0.107386108094496,0.0479906440772499,0.0742358700658853,0.115157631588583,0.192617734825584,3566.66567903014,1,1
985,0,0.0936994350181303,2.21753995759333,0.930063703935009,1.06071808021875,1.75042064800419,0.0930456364941746,0.0472530401342296,0.072406651520777,0.116257022060668,0.194777625688695,3573.32265503712,1,1
986,0,-0.200463289806032,2.31996203527959,0.759964805578153,1.10125934769816,1.5949946656599,0.134684535608471,0.0457899868891715,0.0717423782989283,0.106802309174777,0.181269389199864,3593.92122211177,1,1
987,0,-0.0432579521729301,2.22120404000872,0.915217922221969,1.04159755393692,1.84990982856524,0.106849830872743,0.0462575317940087,0.071145550246958,0.110494671199429,0.188811295084651,3566.02855865674,1,1
988,0,-0.117871772163183,2.28286972763731,0.793382839300076,0.989171518143528,1.95759036843434,0.115136859802352,0.0478875157908552,0.0734982799462123,0.11139387964655,0.185975438855217,3583.68275834567,1,1
989,0,0.101169918841167,2.2340609129202,0.929589788593915,1.27336823783002,1.55545518201425,0.0890222670927743,0.0475407641572658,0.074933867052891,0.113919867042938,0.187631804609645,3609.06615708635,1,1
990,0,-0.04207989442205,2.26857465744064,0.808195169383956,0.84410010660644,2.18020636075571,0.11205165966545,0.0467066906634668,0.0708049808532877,0.112224691945052,0.183443392907273,3584.3177914406,1,1
991,0,-0.0756050724833473,2.32041494609293,0.768035399117481,1.13539217167566,1.75231972582445,0.10853178061139,0.0467743830499418,0.0733074658917944,0.107797486820661,0.180400055706399,3615.4282525434,1,1
992,0,-0.061936917836855,2.31713967047548,0.763635699276775,1.10969157266164,1.80145905712852,0.112435937426493,0.047104490615075,0.0732281397113136,0.113227137558241,0.187731820069638,3606.33116495529,1,1
993,0,0.0398893664589041,2.33408205516652,0.704581211683421,0.802607180213649,2.24262386511275,0.0952277323829798,0.0445765251138145,0.069371749541723,0.123066108447742,0.193574998822846,3608.22223388163,1,1
994,0,0.221993425751707,2.33593189350282,0.715678475701268,1.10214889855771,1.89532396971958,0.0732893274746168,0.044355521395837,0.0692633479766844,0.119581282864827,0.190138033393461,3606.49233007065,1,1
995,0,-0.0232549802609861,2.33985187452944,0.783042686708932,0.942187023889858,2.03608358539475,0.106544159526139,0.0457259999848016,0.069394243903464,0.10990039881445,0.188481918441739,3610.84567179384,1,1
996,0,0.185988068181436,2.2583780170886,0.929417863886817,1.25457325292254,1.76508519321238,0.0739396308778705,0.0477322899023242,0.0741880340007431,0.116897421913169,0.192231823039366,3638.06155709005,1,1
997,0,0.0726099396801129,2.31632481426438,0.765355245281801,1.02356976761641,2.13382445659634,0.0841178343535098,0.0481671154027277,0.0729982348858736,0.115414488384711,0.191888406329971,3630.6726313123,1,1
998,0,0.00423847028272873,2.3559187625499,0.633635617485842,0.818573449523865,2.12831987802536,0.109779110608677,0.0444238188434503,0.0714248776860161,0.117836386306264,0.205997855207707,3534.44520210015,1,1
999,0,0.147362950448498,2.3326807465859,0.757410030186494,1.04507769823522,2.07431749775449,0.0782770192338567,0.0455587324112898,0.0706582722847205,0.11442001758601,0.192046355993873,3612.4045465382,1,1
1000,0,-0.00961512386585879,2.31023697350403,0.786793689608041,0.981912894752421,2.06975946164606,0.0990150097039789,0.0458814088185307,0.0718796626332077,0.110260495402554,0.195881602080937,3578.72088693879,1,1
1,0.5,0.544870360281512,2.34063972818582,0.718624488492144,0.983502497038021,2.23227520461128,0.0418738467932004,0.0424745726814392,0.0634834688605127,0.1317975447579,0.237622746504831,3521.17833595197,1,1
2,0.5,0.508603500490126,2.325178401297,0.784692347103185,0.831926697515891,2.20948665675662,0.0456747015159884,0.0408538566933481,0.0614520882125041,0.135833523145013,0.227087639744947,3538.07822709016,1,1
3,0.5,0.44440164985469,2.35096791645431,0.7450171084778,1.03052700864765,1.87797038120084,0.0537698469757677,0.043190946835886,0.0650154980797378,0.131147519328247,0.22509557519453,3573.03960755991,1,1
4,0.5,0.48131786763547,2.28250093154105,0.82481340741338,1.07174288082266,1.79466698677558,0.0508052907801792,0.0423526188033559,0.0651848230385741,0.128510009522586,0.224584035570582,3519.55134623829,1,1
5,0.5,0.503059607131113,2.3299005063183,0.76908785534674,0.942891868252725,2.10583246941658,0.0457856035349311,0.0424542556070196,0.0641626903941153,0.137248309638209,0.233969822942738,3555.88200211645,1,1
6,0.5,0.494618097175189,2.34757811454546,0.746167808682586,0.824183195275217,2.22099033392609,0.0482510726632396,0.0404594259932815,0.0611241290242944,0.13550378706962,0.229372679473563,3550.35069900295,1,1
7,0.5,0.505576100668136,2.17687714959311,1.00480580297089,1.15300787099092,1.82401157260656,0.0454448863980624,0.0451564307858852,0.0659279148430397,0.135934127592098,0.218071996406292,3557.11057218362,1,1
8,0.5,0.522481205266715,2.36370827587693,0.754516285459711,0.878080184580512,2.13958308475341,0.0446748522604019,0.0409309246666941,0.0620545335043644,0.13901408845796,0.230146423682915,3567.0130116159,1,1
9,0.5,0.474213937891152,2.39895722287783,0.677714855019565,1.079244475122,1.8489250504789,0.0512804281634106,0.042306424647086,0.0643033691039396,0.12877536201742,0.226385989598559,3575.76730187132,1,1
10,0.5,0.412786410927331,2.27547442028122,0.895739524044131,1.09632624772621,1.90974520032318,0.0527586820597105,0.0449885728062284,0.0666819032615678,0.13080296304058,0.214866991920672,3604.75833408041,1,1
11,0.5,0.551221190079739,2.30642033797875,0.755085606091181,0.728507619953281,2.44385436084641,0.0412842559532156,0.0416774274899698,0.0641783411518741,0.1448264906655,0.247937336986941,3507.50175915049,1,1
12,0.5,0.55277450194736,2.38382332597786,0.744330678989404,1.1137721896158,1.99416387788333,0.0403326418703284,0.0418387320770102,0.0632420382813258,0.134109727594581,0.240595463700309,3575.0007398407,1,1
13,0.5,0.502553465595254,2.31098585778627,0.819206962560763,1.16281679082368,1.86931232205193,0.0453378417709617,0.0440580181256526,0.0648077962097015,0.133335707599998,0.230137690477002,3571.22740500314,1,1
14,0.5,0.628512165009992,2.29897363416017,0.841424366268097,1.06595353709095,2.49058553778131,0.0312497315414467,0.0417381890982893,0.0607768839158965,0.144620590514284,0.261559959062974,3519.42358035811,1,1
15,0.5,0.446052326412387,2.34908837441787,0.764706261738492,1.07866861703621,1.64290817137906,0.0565286375600741,0.0440670730806691,0.0656787837829679,0.132214552276955,0.227160138768029,3572.01543987797,1,1
16,0.5,0.500374398976723,2.28225377898085,0.872986213024473,0.84962912821414,2.27025465915848,0.0465903647678281,0.0428450069299565,0.0639229130826289,0.13506739374851,0.237234943142939,3544.45858807414,1,1
17,0.5,0.451635087689069,2.29515514026423,0.80586171622177,1.03162118322304,1.97252596622533,0.0508856692405288,0.0435191690253007,0.0662731554157485,0.133985820636148,0.227306670180381,3553.10661616225,1,1
18,0.5,0.399696650366034,2.30622473395241,0.791899745019593,0.980441816453184,1.85845682331395,0.06156534593369,0.0421126671102476,0.0640872833636016,0.126647747289675,0.211522508167866,3553.17015014239,1,1
19,0.5,0.448717173267174,2.24856508191917,0.827720337071068,0.973336398444608,1.88512411630077,0.0545563256852064,0.044009943438962,0.0658221641432261,0.131090045150068,0.228175730305736,3511.58433358324,1,1
20,0.5,0.508886531677648,2.25128268879871,0.829506247717466,0.981882417904467,1.84040094572256,0.0492932397726817,0.0421033783832238,0.0627605853833963,0.129274347528934,0.229353025845275,3484.53975720759,1,1
21,0.5,0.476710344768873,2.29285405142626,0.819160878273726,0.898342135146961,1.95269936633733,0.0509881181745164,0.0427622360537317,0.0637893831832797,0.138032967844933,0.222077989950393,3556.5677857212,1,1
22,0.5,0.451140216256192,2.27456030376764,0.792734487329648,1.10653090550942,1.59535104564828,0.0555691360869984,0.042812841587809,0.0666494024666871,0.128829364235362,0.21564052315463,3510.715956699,1,1
23,0.5,0.475563019461029,2.30546223694684,0.80582241791871,1.18589229899973,1.81124571665205,0.048732736816172,0.0439944233293788,0.065122413723754,0.128672598656132,0.222091394647548,3566.4770368403,1,1
24,0.5,0.556847750167709,2.23573535403486,0.908004845467373,0.806208915693967,2.48496129502769,0.0399586442564283,0.0429291210165964,0.0635108584658735,0.139318688506658,0.243242158915826,3508.20371930414,1,1
25,0.5,0.551569626722718,2.35464741769085,0.6945757265885,0.668971186386726,2.43206769336633,0.0427735367213274,0.0399465276059294,0.059923284996606,0.143054295771311,0.248262919643693,3498.88034308313,1,1
26,0.5,0.567649670663975,2.33131766726039,0.709524734828676,1.07201047277805,2.12523005109347,0.0380747334990649,0.042900306747502,0.064187058644056,0.136749406061376,0.243798310144075,3510.35200876815,1,1
27,0.5,0.554335573347274,2.26538504244304,0.868833293875259,0.920564815128303,2.28283511920949,0.0397096948074054,0.0427491489660624,0.0618001261055912,0.138520612586065,0.235747052029298,3531.6699157264,1,1
28,0.5,0.55446106189183,2.27927510181594,0.772611006985066,0.834525802417884,2.2471610919839,0.0418313323900089,0.0408792209126943,0.0633116554581528,0.145162105225775,0.240329647543635,3492.11502802997,1,1
29,0.5,0.515189407521797,2.250273221427,0.849807371586851,1.06559906047195,2.00871568119556,0.0438448953999458,0.0430289792306481,0.0643748671850649,0.134068078801352,0.220237778878075,3532.62331892313,1,1
30,0.5,0.508974207323081,2.29804322715157,0.791860627398224,1.01683534348594,1.93998659069083,0.0464405629541732,0.0404318506650778,0.0612876857497491,0.132864462166752,0.222644703745069,3530.53894468588,1,1
31,0.5,0.454233952848644,2.33306082436841,0.777960597950913,0.703894346259513,2.45996719430357,0.0516664356268316,0.0416248729671298,0.0625179439066777,0.133613049926613,0.23009486864066,3552.47659571796,1,1
32,0.5,0.523865980329523,2.24565805211992,0.823177196832484,0.760536255447272,2.44359642601184,0.0444049607424437,0.0409170557045701,0.0629713730582047,0.139243639017621,0.24999788223502,3475.0375130084,1,1
33,0.5,0.489823480046168,2.283136448659,0.866628289350374,1.15621841467765,1.7579734746489,0.0475400190276813,0.0430219858625266,0.0651078013682106,0.136152018439043,0.227842183787644,3566.96070735183,1,1
34,0.5,0.509957897215375,2.26387930046755,0.854106984210596,0.904045582585049,2.15548336424619,0.0449871108816573,0.0429261753914575,0.0642942979582789,0.141006344666204,0.233367853836688,3542.92500673586,1,1
35,0.5,0.52248061817784,2.36877441930064,0.743934957676729,1.1671205009949,2.01449098828502,0.0400298299182638,0.0444248945936331,0.0653405069574793,0.140240827143171,0.224163847983761,3615.9894048629,1,1
36,0.5,0.587504693280545,2.25379374284772,0.851880447026078,1.10592790343103,1.93052654282225,0.0385010191247555,0.0436092224296586,0.0646510156689417,0.131719273487962,0.2446166494759,3492.86677779036,1,1
37,0.5,0.481283683515085,2.36737975161529,0.67091143211921,1.03717656319781,1.98700694265412,0.0498917259861759,0.0411607904789676,0.0642520313095001,0.131156565563069,0.230351721621244,3543.56189582131,1,1
38,0.5,0.385833997123459,2.3133211961334,0.759367467423774,0.853695538923147,1.99487723619712,0.0623126900862713,0.0419802810929582,0.0659188965505602,0.130373061867149,0.216721699581927,3534.36847913317,1,1
39,0.5,0.44071634232248,2.28839101316439,0.855306750810563,1.02972883328114,1.96148210033747,0.0511539225839467,0.0428490525711352,0.0648027898516579,0.127194424099314,0.213089126613306,3563.23589152253,1,1
40,0.5,0.434486957181578,2.3528665546039,0.721808407967878,0.893943326465846,1.99284908793487,0.0568816398747773,0.0416718156185849,0.0629704911343532,0.131244529808831,0.216534175051728,3556.00158828764,1,1
41,0.5,0.519594456002672,2.32951727616842,0.778199856992905,1.07030628906196,2.06564314983467,0.0423882080654832,0.043702137120443,0.066003442788245,0.136672043791778,0.222378160215466,3579.52235660624,1,1
42,0.5,0.470381549134009,2.27607352897023,0.863600086860556,0.869843670816676,2.15508372727695,0.0503387357232691,0.0409677764092062,0.0622231915999989,0.132797804464005,0.222665898514046,3535.12436983165,1,1
43,0.5,0.496760259208932,2.28725801896488,0.820257097285414,0.812072854346464,2.24969198599089,0.04862368882674,0.0415574406791259,0.0623769420457761,0.13429568996925,0.230445381416029,3517.72065893728,1,1
44,0.5,0.520540229747703,2.28787557971623,0.80707037310954,1.0309810993052,2.06747800894097,0.0426740882557247,0.0421203108227704,0.0647575453307932,0.138993498842497,0.243447109646813,3528.19816032655,1,1
45,0.5,0.484653756455161,2.34632997856716,0.721033148883054,0.982977257317279,1.93131506409915,0.049775735941191,0.0415519891341036,0.0645382929583704,0.127162621007557,0.217488701774786,3528.24096376718,1,1
46,0.5,0.499653827493481,2.30079080172504,0.862646024690183,0.993172751413255,2.12795754208424,0.0461612109316363,0.0425255745042473,0.0641872676082333,0.131666815449708,0.214921668072354,3591.71804078044,1,1
47,0.5,0.606722347670006,2.24137672431133,0.854598164210518,0.966991053922388,2.305434775304,0.0360272057538876,0.042126705142871,0.0612116021173561,0.139622490299342,0.263262522717504,3479.8031351602,1,1
48,0.5,0.533435346734377,2.32351506381855,0.829708885191929,1.1280738274257,1.76705289032924,0.0420623826666712,0.0427093157708244,0.0639301308418518,0.139518153445969,0.213679173626416,3596.47563590862,1,1
49,0.5,0.485761918697338,2.32397290194076,0.799029375651964,0.942894654633712,2.13562109098462,0.0478024353052543,0.042457511019623,0.06387241017057,0.133049098277341,0.226058739962026,3571.16705632024,1,1
50,0.5,0.528055051148512,2.31505464480206,0.803175979018735,0.744626015170447,2.6334851520597,0.0426927061865725,0.0406629745570791,0.0612872926084889,0.134577379409946,0.246000027067761,3521.30586800534,1,1
51,0.5,0.431944172855857,2.33074329109754,0.78259927199674,1.32223263521499,1.2713837951685,0.0584534180454295,0.0436188329972084,0.0660609119780326,0.128343151693519,0.207235969661376,3581.0046486635,1,1
52,0.5,0.499605580439253,2.26837855399889,0.844782697324404,1.04014232302368,1.84295428643023,0.0484775768245328,0.0433448476673338,0.0645828869881399,0.129777653842127,0.226241437622852,3518.15429394175,1,1
53,0.5,0.504553752624792,2.36135404686271,0.725180423834909,0.77155219988663,2.49087266486987,0.0460543153847637,0.04185806274266,0.0645221054281165,0.130107253525693,0.226981063657484,3548.62800634998,1,1
54,0.5,0.572887118815919,2.28865523248488,0.785594470262613,0.882741725816051,2.30904486943989,0.0396988823227814,0.0423441258548799,0.0634396282974938,0.141941656683157,0.256633207207924,3490.81796582014,1,1
55,0.5,0.521378584174214,2.30200761465702,0.807445817786237,1.06813544069923,1.91078278571577,0.0448899139715071,0.0421724334920311,0.0636268054245272,0.131268156015157,0.228430677969813,3530.57586358638,1,1
56,0.5,0.571961949727286,2.32199858770833,0.815558357708705,0.760605623864998,2.59069372222128,0.0394921466601415,0.0403502009093717,0.060326965291555,0.135959836932771,0.251564097093155,3510.29260247148,1,1
57,0.5,0.444985840882328,2.25558182294044,0.889470952859912,1.03787505443031,1.84709374811252,0.0558314238163946,0.0432566220491331,0.0634342728088007,0.131339732174679,0.228103905870947,3553.24541882718,1,1
58,0.5,0.472242325101508,2.32195664539047,0.788196207889478,1.02654767701916,1.97656590384045,0.0496626721750813,0.0433655726470975,0.0669177076483975,0.12937963513221,0.216551308865451,3562.21999335848,1,1
59,0.5,0.417587569939164,2.25515174511997,0.856071919694031,0.850443195745188,1.88731651129882,0.0597177554946943,0.0422665455105717,0.064403600685469,0.131244391378296,0.209902983596776,3522.67280698305,1,1
60,0.5,0.479721703990542,2.27587523379898,0.81468750025908,1.02279409769327,1.82523291781768,0.0466794438087383,0.0440257685834422,0.0658786647474282,0.139601001879462,0.209414432614572,3559.97032327955,1,1
61,0.5,0.575118538909215,2.40704942130761,0.682475274465675,1.24325704238292,1.90321585030768,0.0376934374575519,0.0419772589048926,0.0627672349406487,0.136001615484004,0.239997666133346,3578.64083072135,1,1
62,0.5,0.498905082046293,2.3098206354637,0.811521407362294,1.32297079968176,1.55657131638262,0.0451207626300368,0.0463381493681733,0.0692694187833726,0.138083860767152,0.214743294440343,3610.25519540593,1,1
63,0.5,0.450383015628537,2.30366336851012,0.793729275077063,0.810008019218359,2.22930262158764,0.0556576354411438,0.0410619595174124,0.0625977021010914,0.130878846038227,0.230729346019887,3520.52007600524,1,1
64,0.5,0.505180182780409,2.34468785166788,0.770468820416871,1.28741454298759,1.43783049969966,0.0479386669177129,0.042019250969277,0.0625597406532551,0.133190145381106,0.212455789596777,3583.50988884851,1,1
65,0.5,0.487282384644694,2.28522430521412,0.828496868228434,1.10941047864612,1.63585264450779,0.0512015421730132,0.0427395308531306,0.0642637197087838,0.125093688032945,0.214939832149932,3525.06238714213,1,1
66,0.5,0.489574796928639,2.27798861283128,0.855412865232064,0.84137725521832,2.12050348933219,0.0513547676367171,0.0431224684147784,0.0653147241958269,0.131703527810311,0.238631385302307,3519.42374433985,1,1
67,0.5,0.499765457539529,2.27435494923644,0.852263932913238,1.02304797676313,2.01995209699835,0.0479541541699379,0.0447512765601852,0.0679805244130797,0.136625759551473,0.238036641415259,3551.21752410595,1,1
68,0.5,0.490468915246997,2.38402101170556,0.693709274156486,1.17256333817008,1.79155081604601,0.0461090247649197,0.042745818669262,0.064814604379717,0.129948978999321,0.228742038617904,3571.72217990957,1,1
69,0.5,0.505769094576827,2.27113654837691,0.812653858404291,0.936523857896058,2.13231737599369,0.0479762616627309,0.0431781082381265,0.065522974720887,0.127827555219975,0.230061261571231,3506.15919833637,1,1
70,0.5,0.470325602304577,2.3095459229009,0.784581262727482,0.842338555006851,1.98326138132941,0.0543157401926502,0.0407815006214945,0.0636453938338197,0.139549328863212,0.233044755617697,3531.6612489715,1,1
71,0.5,0.523791099733964,2.33328986129769,0.74204805626335,0.948047844118758,2.17416954306417,0.0412261390187376,0.0428271285651047,0.0644354657875151,0.135665414415477,0.218187014069012,3559.54163337334,1,1
72,0.5,0.4381478853604,2.32504553874242,0.767843059178523,0.840276641405495,2.01441887397168,0.0571854611558724,0.0414325408024021,0.0619392446017314,0.133527075425763,0.21995438094787,3549.02978331629,1,1
73,0.5,0.540393227937838,2.28918978502241,0.852195353345637,0.979914230312032,2.28128213544054,0.0403420568035375,0.0422215388887817,0.0623818534399184,0.136253337447257,0.243237578697262,3541.34257665978,1,1
74,0.5,0.521869532918406,2.34293594517086,0.770837542207613,1.11099154475375,2.01862456596019,0.0429843114818029,0.0428128287302918,0.0635035782335008,0.130660448644132,0.227582895455805,3570.42281025699,1,1
75,0.5,0.506645336365106,2.34582171517235,0.753996710514357,0.818408570025868,2.35676817072997,0.0463447983680875,0.0420952622168809,0.0644122114897295,0.136301628278189,0.233217638876331,3555.16040726049,1,1
76,0.5,0.5197890983283,2.27272670305737,0.892128401670585,1.02631938004875,1.99503802222882,0.0449205008763899,0.044770621952558,0.0665374238061162,0.132643654389578,0.231904619360339,3551.69323172718,1,1
77,0.5,0.550596736325259,2.28762988068345,0.804572594970849,1.04348680723181,1.95375845444916,0.0411069203838597,0.0429031671823263,0.0636774124558459,0.141588608462448,0.233676736664305,3534.39910077701,1,1
78,0.5,0.43195693921656,2.26977192049863,0.855521205782946,0.998572466083843,1.86810159256731,0.0579532453466429,0.0434582836573697,0.0652463396305122,0.127481552290468,0.223698976334794,3543.31073497466,1,1
79,0.5,0.49693646274919,2.27218911931535,0.887388664297707,1.06982694035473,1.98341043596177,0.0451411244023279,0.0442728245166391,0.0647444802109545,0.139099376829226,0.218442339503816,3594.44566070579,1,1
80,0.5,0.415790793825549,2.27939277481727,0.82910783774338,1.12273573961861,1.65297773976648,0.0579903004856551,0.0442461392581963,0.0675311848750317,0.129746250625807,0.21923495612316,3552.13014703046,1,1
81,0.5,0.48869685585379,2.30443433146295,0.783014298924936,0.914657857474347,2.0550876299819,0.0501327674661882,0.0412819403842573,0.0637474367422502,0.134408041611447,0.233518279419774,3522.10037877932,1,1
82,0.5,0.498002628544118,2.35522420955457,0.690623678181655,1.04614007999883,2.04463580106101,0.045940769658528,0.0436066220532685,0.0646474409251389,0.132231928833245,0.228047259517665,3555.09066821281,1,1
83,0.5,0.486823104243217,2.38843326973434,0.660728969463556,1.04975838159781,1.77855025771267,0.051175367612674,0.0412793058298179,0.0621469483341774,0.13278730690182,0.227016705370975,3554.7089869275,1,1
84,0.5,0.534567002247844,2.35998393910327,0.740213824059002,0.834921551797203,2.36433228333725,0.04325304279426,0.0430105887426769,0.0640253471195421,0.133161410112492,0.240354563752608,3541.56846224314,1,1
85,0.5,0.523153810084451,2.39238674262673,0.7386778738342,1.05914071262424,2.03750758154728,0.0437663548191781,0.0408241570667916,0.0623292999759293,0.132974489671099,0.234906249524628,3585.59516557547,1,1
86,0.5,0.422049068325003,2.31924874277386,0.719305306148268,0.881909704530077,2.00378409321785,0.0586378581608031,0.0419280821758247,0.0652484389758171,0.131798445065377,0.217373515382593,3527.26357100129,1,1
87,0.5,0.451429996326528,2.28486864557428,0.794666100705294,0.779656798322026,2.16897115236204,0.05425498683605,0.0421865799822599,0.0647429095973371,0.129779613186671,0.227661918022531,3505.94788988948,1,1
88,0.5,0.474879657389631,2.2573383461378,0.880645870881655,1.11977815179556,1.68974125341904,0.0493920425560725,0.0431881392716991,0.0650030849110041,0.132657436699686,0.217167289997142,3551.91464078669,1,1
89,0.5,0.488810595460461,2.28624220248974,0.802158304944706,1.07801480468505,1.76150186938298,0.051577815547041,0.042892767312474,0.0640834496855568,0.135189711682829,0.226943433895448,3542.72709416083,1,1
90,0.5,0.540168774656404,2.33228813155322,0.761612259800071,1.10635025222642,2.0056931281481,0.0408267444431346,0.0433866854535826,0.0665491279396262,0.141408279467035,0.240253622331956,3562.12996901378,1,1
91,0.5,0.441147018843948,2.34159959208385,0.691076175194527,0.939867902587141,2.09407191627577,0.0510940591680276,0.0422655984486868,0.0655387959941081,0.134136353630759,0.215219026211729,3560.36277276342,1,1
92,0.5,0.553355392645979,2.2553715746134,0.874848013733036,1.06793541591446,1.98717339787045,0.0407576284149306,0.0428208127937055,0.0630090598160141,0.13792252520565,0.229329989499569,3545.11269700358,1,1
93,0.5,0.478272632340484,2.3072488788345,0.824371332489416,0.692782966214182,2.4194014783909,0.0520166056267586,0.0407649601071787,0.0617171526728313,0.135261645831652,0.235413433053562,3529.92753658942,1,1
94,0.5,0.515348557291858,2.34529466314662,0.760609132107568,1.04988798583394,2.08182084233126,0.043261396240749,0.0442709834666274,0.0664358603490816,0.136478936608725,0.232655114594473,3574.67247983904,1,1
95,0.5,0.53461837838167,2.36162471782689,0.802440068530654,1.17634791353842,1.96108989043675,0.0425385466398091,0.0425343788251021,0.0640599899179365,0.128343355109782,0.232564048502849,3583.90033404854,1,1
96,0.5,0.500199824103419,2.30105076860168,0.837647368587956,1.07243302186323,2.08708157136316,0.0466834884270792,0.0424225533698422,0.063644628778819,0.129152276528812,0.223845347200121,3574.45774606403,1,1
97,0.5,0.476770182934402,2.25630904596345,0.818975904094776,0.956803799541316,1.93447580236522,0.0517434545859378,0.042101667182934,0.0646743171027786,0.130587632260053,0.224503918486515,3503.09202064898,1,1
98,0.5,0.593393076159834,2.24940143951143,0.956161693887247,1.25819247267949,1.83975312185051,0.0343514902685468,0.0432796598921814,0.0641094799936909,0.148156553023386,0.232442167343358,3567.91925516252,1,1
99,0.5,0.542123321177505,2.28407082744552,0.846600636544313,0.688313774879993,2.62335854481447,0.0432291520651311,0.0404677418908916,0.0609249571411478,0.137689716413691,0.246736390837606,3509.5203458194,1,1
100,0.5,0.513529877014232,2.27771402043374,0.806283507820378,0.725667446063251,2.32422614649541,0.0467247782411124,0.0416669696751044,0.0623957523261369,0.139576231252433,0.236003042872539,3523.47886116152,1,1
101,0.5,0.36782504982742,2.28782309760425,0.801379815484356,1.15353300682137,1.55633741618575,0.0629862389738141,0.0438539747665594,0.0673201940379752,0.125757075977589,0.208002308148098,3553.10587205577,1,1
102,0.5,0.518042631624699,2.29188577207109,0.796882310320214,1.11811415901471,1.93908037102709,0.0440529020843986,0.0437560257735871,0.0668538884586067,0.138195812957149,0.229978860750744,3553.92741840414,1,1
103,0.5,0.470207931810871,2.29343731878391,0.837033098783798,1.08883418273322,1.94154342103964,0.0471266095556146,0.044332035594926,0.0658548914780069,0.136248047783569,0.223488863022439,3583.29638439105,1,1
104,0.5,0.504063229892612,2.33926130759875,0.770316740490412,0.880363632337367,2.24317607807197,0.045349595465138,0.0410386768302241,0.0616049532563351,0.140625222344709,0.241885757309505,3549.2848181152,1,1
105,0.5,0.472345371092553,2.2793436134345,0.850300219232259,1.07393164117486,2.05815806183735,0.0476754896795279,0.0455631114203095,0.0670212858390087,0.132974260596231,0.223860980314812,3577.61779079511,1,1
106,0.5,0.505311810863976,2.32188698944177,0.777632889023535,0.861562318346924,2.19420002974289,0.0469572899156513,0.0418698511938358,0.0640053132748803,0.133773360768871,0.230332230607035,3529.73894355722,1,1
107,0.5,0.470837465910792,2.28691429839225,0.809197888061079,0.735663721175371,2.19102580060175,0.0539752206266137,0.0404460274794599,0.0616057050444328,0.137994508987906,0.228358495273566,3515.53523101318,1,1
108,0.5,0.465611539048944,2.29646808405524,0.778896024854718,1.1156096571869,1.63891908162061,0.0532902517389913,0.0425695582741711,0.0659562686710609,0.129142934486574,0.219298989678573,3528.64033691179,1,1
109,0.5,0.447382792805314,2.30533975557924,0.831306259325064,0.825604596226006,2.06107766737883,0.0562572561477664,0.0412748999764402,0.0623371696981488,0.132317321480979,0.222558520421133,3553.06425066509,1,1
110,0.5,0.532161924414871,2.20927554878175,0.948047962552303,0.96880947429572,2.1450367104979,0.0441448503809995,0.043464283355109,0.0649204209336297,0.13331035887131,0.237371680282128,3494.64679213788,1,1
111,0.5,0.52072161413487,2.21300434566146,0.890020234994828,0.924422563341006,1.93393224858205,0.0466858259760793,0.042296173747377,0.0640164218669866,0.136458713100208,0.225884677847114,3491.19921531324,1,1
112,0.5,0.463013976040799,2.33937115462594,0.769888058305643,0.905103259235293,2.10255053907901,0.0484749128069743,0.0431952030732673,0.0649802677012401,0.133304205540121,0.208073877025701,3592.21140850185,1,1
113,0.5,0.51839669520793,2.30004681256843,0.832182072228016,0.801114932327728,2.47990021083483,0.0417171290519874,0.0426188982532257,0.06284514244539,0.138824680936384,0.227417335589686,3572.68477556032,1,1
114,0.5,0.528951671312525,2.35146815850891,0.744169738203872,1.08925838105141,1.91710340017734,0.0427142381221996,0.0426921725204439,0.0643328821959974,0.134750572830727,0.224194386919179,3565.95427510253,1,1
115,0.5,0.513046372114087,2.27951323517632,0.784148537288728,0.805041362002323,2.31702988234159,0.0446955580435192,0.0431188769283994,0.0648929818282716,0.138232601124464,0.221200659004237,3530.65172592033,1,1
116,0.5,0.537876588604488,2.26835019421926,0.873525858010345,1.0924860903282,1.92434032593024,0.0429167455094021,0.0427398379699644,0.0637891448837683,0.137026617370122,0.224994809578374,3549.46660101524,1,1
117,0.5,0.522038976865991,2.34295901292615,0.728019130314373,1.13571291199672,1.8309157966042,0.044270986895834,0.0441994396562928,0.0645867808891113,0.134016749924379,0.226156470481229,3567.47277897781,1,1
118,0.5,0.539048824676722,2.35597795969527,0.719402119016388,0.815804718102869,2.38752931923582,0.0422815092331153,0.0418490881666849,0.0619638764328813,0.141951254688184,0.234979269981078,3557.36584266755,1,1
119,0.5,0.508074813080954,2.30067677352109,0.835129225854578,1.00167857370589,2.18204140108128,0.0447032456260857,0.0441184556687401,0.0652992780753069,0.133404975574572,0.223128663955993,3584.89995525962,1,1
120,0.5,0.492936965327477,2.24115933641399,0.858961078567044,0.80417989188524,2.12194447868358,0.0514084595573082,0.0415812025410312,0.0627536664989436,0.138265254567911,0.233591222082034,3503.57185151282,1,1
121,0.5,0.537882444755561,2.30930052831857,0.770884249729018,0.902280553363459,2.10751960284589,0.0422234398183259,0.0428085844202407,0.0638836863032637,0.144926668290714,0.235854749958488,3539.94713044229,1,1
122,0.5,0.395815702370693,2.25450764610136,0.870985568363666,1.02581879991245,1.79219274875369,0.0626634994545843,0.0445267544600665,0.0669172488312799,0.124547609196899,0.222306835961125,3537.67220255755,1,1
123,0.5,0.49652218182302,2.21763521534309,0.941466354877276,1.07572326807546,1.85261136182641,0.0450671706659995,0.044504314087645,0.0662193340042705,0.139474503408816,0.220742451654758,3550.51195153713,1,1
124,0.5,0.497443028329282,2.29533912496016,0.777453556789459,1.04648018330311,1.98958456489147,0.0439191474117648,0.0431213106561277,0.0661022220739988,0.136482890505745,0.219890162067201,3545.45039730991,1,1
125,0.5,0.515321590446798,2.32819486560386,0.809106010625583,1.22098842159274,1.75522585557284,0.0446219102260269,0.0430434663412433,0.0644551143643515,0.130722483378631,0.227355990502819,3574.67728313622,1,1
126,0.5,0.494278662579208,2.29695178436171,0.795861338195278,0.901668661764368,2.11881398446393,0.047214206421153,0.0416721839850544,0.0634603275345795,0.13474803969651,0.223144690163549,3542.26605786483,1,1
127,0.5,0.477624244480081,2.31217556722317,0.76798523058554,0.991395227506503,1.8900257859057,0.0517250258360705,0.0421965728505398,0.0643868328781079,0.128160555443695,0.219474289099374,3531.49035210059,1,1
128,0.5,0.543403668809482,2.27094034167889,0.826687404791744,0.846323240728035,2.26520096118084,0.0431911164220023,0.0411276826494608,0.0610020114485607,0.13318072974209,0.239516367538556,3488.58412906524,1,1
129,0.5,0.54882904529346,2.29686277692891,0.841729035694797,0.943646054995588,2.35912013741436,0.0403512195153471,0.0418541130388511,0.0632501596459502,0.133276996869088,0.248872474887089,3518.57657627295,1,1
130,0.5,0.476481427808492,2.31351916909403,0.809796749437798,0.998723920301651,2.01645281612323,0.0476429511644958,0.0423558053902329,0.0630505630857632,0.128608137108232,0.220716573445124,3557.71354374552,1,1
131,0.5,0.61392254728979,2.23740937637124,0.807917994581401,0.959701100365711,2.13632170456814,0.0366483335971655,0.0421861186562587,0.0629548431780097,0.146587263367666,0.25952444051915,3448.75823857772,1,1
132,0.5,0.533600564036495,2.30427930709386,0.769527365335366,1.05112245820501,1.8589506696207,0.0444835357314978,0.0417229959496146,0.0620222217272543,0.134915752142715,0.222618324383694,3536.1296555247,1,1
133,0.5,0.458472610540947,2.36011202629016,0.690259674093466,0.993108543180701,1.7773767843875,0.0539811352705678,0.0407486631133197,0.0630024801111921,0.131177413569972,0.210499263616185,3548.27345319174,1,1
134,0.5,0.492912781771119,2.26642855068357,0.832556891995449,1.03536306860547,1.7513508361473,0.0529719326380237,0.0425233934457556,0.0649029513706372,0.133907224444444,0.243498581668686,3503.37768439266,1,1
135,0.5,0.492695541820418,2.3257307886461,0.794427227788248,1.05823991024438,2.02262532176278,0.0451963172401568,0.0437089148699617,0.0668902675926368,0.135841825868383,0.215652534591945,3594.51986615104,1,1
136,0.5,0.486490421211016,2.33581364994333,0.76408347525194,0.819289243856801,2.3887305491732,0.0456402779953208,0.0427256258388375,0.0652141261143948,0.137609178819797,0.224445190484753,3569.55538082648,1,1
137,0.5,0.476839208614112,2.29475628132074,0.837007934251023,0.9758628147886,1.91231905949299,0.0535742405755384,0.0421150711568926,0.0637565465927922,0.130971910518462,0.23179847625491,3536.79943240112,1,1
138,0.5,0.504050620544514,2.33669038000716,0.691409364433026,0.948801689894205,1.86846803907937,0.0491207308885113,0.0411905461237603,0.0629885941463935,0.136167307619383,0.224575817894683,3520.83174478271,1,1
139,0.5,0.530600742271124,2.35009181169643,0.748940815344427,1.14242358030763,1.82010415589808,0.0417120949181823,0.0425603710372904,0.0649028126086165,0.135633544065052,0.228128975863637,3555.63723583251,1,1
140,0.5,0.522002465334814,2.35383299243517,0.700878108244451,0.987316518800034,2.16632562446947,0.0417802054005616,0.0446508781185101,0.0653194213152484,0.133688022600496,0.220457036989183,3569.8380222952,1,1
141,0.5,0.553674725689877,2.34683918936016,0.795037367666848,1.01655387335597,2.28227859519538,0.037236057189512,0.0432905118084972,0.063278022995858,0.139944576420441,0.22974217930263,3610.16383928544,1,1
142,0.5,0.492874866962642,2.28787957274088,0.878914162517392,1.17353607820202,1.7423039363116,0.0471081346354748,0.0447092700956519,0.0676427561040492,0.134077730926008,0.213337186657001,3593.31335182057,1,1
143,0.5,0.530887569558386,2.30479246624823,0.779077817151351,1.01221886563067,1.62628674292766,0.0505263486347802,0.0399985236092749,0.0613120509265362,0.133507699741053,0.246398156332031,3486.7017009312,1,1
144,0.5,0.56609380082942,2.32431287593617,0.8643263144776,1.01030711347898,2.26296555838389,0.0383092326304218,0.0410364601945459,0.0619112750410478,0.135583473219744,0.241780487493503,3565.52246813176,1,1
145,0.5,0.451640981565838,2.28392509951159,0.799047764761506,1.06002339064607,1.89469024824324,0.0522651850776966,0.0446769893854854,0.065465899189523,0.129916712875115,0.22598889145305,3541.24680197815,1,1
146,0.5,0.522438044335898,2.27300075442423,0.879936821513641,1.15747616933175,1.75779346633005,0.0445361392133152,0.0436068546855323,0.0646845559474812,0.131564175522789,0.233924707139922,3543.63028900687,1,1
147,0.5,0.532795437973478,2.27836522281855,0.818160186779249,1.03091288918096,2.08684523512392,0.0412931452898974,0.0441383374127637,0.0648540695918464,0.137341940139243,0.225167535615731,3553.76585103242,1,1
148,0.5,0.489756656939343,2.30914394008539,0.821822320483704,0.977459461101861,2.06401411066288,0.0470977212141162,0.0427702185287219,0.0641625952801867,0.131729437977751,0.226547091108169,3553.98161571968,1,1
149,0.5,0.464110592006661,2.35440853678313,0.754191925192262,0.862575059484177,2.37914585060338,0.0460295352186449,0.044063300389952,0.0658285450550051,0.135686274510666,0.232921394016399,3573.00349930576,1,1
150,0.5,0.432818619700077,2.35634045194773,0.681016901435544,1.13041106699252,1.51645313494735,0.0605563604716982,0.0423860836928127,0.0650958146861091,0.125589985100863,0.212693479554289,3541.6214142057,1,1
151,0.5,0.494747293950822,2.32419238761334,0.751999544606984,1.16630529860873,1.64779276026392,0.0491368910332238,0.0444073984176496,0.066866671641232,0.132198030718722,0.218796555100066,3555.02501887455,1,1
152,0.5,0.515433231259641,2.32972279611,0.820021003415986,1.22709464266883,1.73913186384268,0.0450327066384399,0.0439197955231247,0.0662270849375703,0.129451360551889,0.219848031020248,3587.36324565655,1,1
153,0.5,0.517392791860761,2.25554119637648,0.841805082573436,0.955219891842777,1.91970548938218,0.047251258501481,0.041055921798889,0.0628840291462939,0.137173534319368,0.236027671360177,3494.97092464901,1,1
154,0.5,0.498595323548513,2.2703984700212,0.824382955251742,0.904911260159756,2.10406924709398,0.0466422640327089,0.0429581112247186,0.063479479778381,0.140097104601941,0.224758366740386,3551.01305640178,1,1
155,0.5,0.540334341274064,2.23657541295634,0.895212933091877,0.992931722789637,1.91516904562596,0.0442298084547423,0.042178493840112,0.0634104094734393,0.140557387516356,0.232612185282563,3512.76841974422,1,1
156,0.5,0.417250015894231,2.33855727937933,0.776954086175376,1.16318193177044,1.61748436274882,0.0585008010023743,0.0428160617635979,0.0647412843313608,0.125245695190331,0.207661608927467,3588.35495146244,1,1
157,0.5,0.508017912286689,2.25693023504168,0.904626013539973,0.971434265286055,2.05540607798746,0.044273092958731,0.0431560196693822,0.0642317593399638,0.135737455936457,0.22521880898154,3548.37581336118,1,1
158,0.5,0.565276366648632,2.31598307979952,0.764076440220412,0.763433117650937,2.30638928133696,0.0430695961651932,0.0399781123012936,0.0603112045655656,0.139112434815312,0.249990013737146,3498.5771578902,1,1
159,0.5,0.474788812033363,2.24741288484063,0.936163018476859,1.11778739153653,1.89775877278627,0.0497032580886275,0.0444161268220281,0.0647087283537066,0.130205055697934,0.220530908569383,3575.4317122072,1,1
160,0.5,0.490551337485374,2.26512284341738,0.847122574797125,0.872346994284854,2.22057060175816,0.0456937543380011,0.0450108659530516,0.0665111876383992,0.141533096038042,0.230408603177999,3559.60765849098,1,1
161,0.5,0.523408425290259,2.30524228800892,0.795212715772528,0.97737188252433,1.86363004735385,0.0478843663157086,0.0417270510053659,0.0628234759561927,0.13067824394835,0.226344864654217,3517.73734751131,1,1
162,0.5,0.428182957670107,2.327548879271,0.781114410677733,1.0452951421413,1.9421589717433,0.0545184406865279,0.0431915259023604,0.0669238613966887,0.123345364102681,0.216135919907792,3562.1402119707,1,1
163,0.5,0.505751555864277,2.27384101091634,0.842733915243201,1.15568748441988,1.74374619723913,0.0473420318995266,0.0431916039133606,0.0646861426809246,0.131558917083589,0.220235964875314,3546.76052526927,1,1
164,0.5,0.524415498920501,2.31365377293757,0.760373990602259,1.17338188274641,1.54714829860968,0.0467610903124063,0.0427048480233367,0.064653523044178,0.137315615066638,0.232557949978584,3526.50066529445,1,1
165,0.5,0.480847521701167,2.31669294167491,0.787582978455082,1.16482567364804,1.63886534769326,0.0486598693829716,0.0432176130144882,0.0645127102907194,0.133721887524505,0.21589500466155,3574.66023873341,1,1
166,0.5,0.540638936582651,2.20495358852374,0.873031617896238,0.85144920278562,2.01492465719636,0.0461148219766145,0.0406956772991461,0.0611851076325082,0.141079861244299,0.243480825364569,3461.98053989052,1,1
167,0.5,0.566984080967646,2.28921543244989,0.75588042772356,0.93742655481594,2.10197617859492,0.039670880375729,0.0431933581496072,0.0652022798938885,0.143713226195867,0.246919786471324,3499.35129531922,1,1
168,0.5,0.454114851587454,2.33454639120804,0.713693368979366,1.02673520575972,1.93431751012921,0.0503957607999037,0.0436620091768356,0.0664387964188736,0.135072841856435,0.219240041281346,3568.77417782957,1,1
169,0.5,0.514554854862541,2.27695390868975,0.885665146337816,1.07364464752641,2.13753356877865,0.0434949466672562,0.0446467695715279,0.0656661864603726,0.134870391043715,0.25121657331079,3553.29923339455,1,1
170,0.5,0.487181243264378,2.390696810385,0.736820423138854,0.910895017226596,2.34506295600158,0.0470814160200492,0.0420987956377576,0.0631056615093601,0.129665256699942,0.223334224067244,3598.82590026081,1,1
171,0.5,0.471983139644838,2.36597681935596,0.746501984217213,0.86398315028264,2.31556078299905,0.0476725540282019,0.0421506990502517,0.0645654580107582,0.135367899532504,0.233344969660533,3577.88292380914,1,1
172,0.5,0.478038262669831,2.21721307227565,0.895040288335973,1.03259981526432,1.77704040123097,0.0517571207402161,0.0427954759981289,0.065449617098694,0.128668483704812,0.210670506122201,3510.17411236764,1,1
173,0.5,0.427277963580649,2.31577816170904,0.753318202477543,1.03022276919982,1.89580987645898,0.0575625580782822,0.0441747330837007,0.0666706320128411,0.129594503826975,0.220492118746503,3564.22311806455,1,1
174,0.5,0.537837273138368,2.30852332696867,0.7884127830662,0.958436422654391,2.14373557332452,0.0428979606090811,0.0421832094304578,0.0627160397566522,0.131423764803025,0.227939871551771,3532.11417422688,1,1
175,0.5,0.555818014242447,2.34839199175164,0.683849671878065,0.691795423262896,2.58623034288777,0.0407953946476988,0.0400277037475845,0.0614117677856709,0.138594858011052,0.246155131674072,3492.39344904086,1,1
176,0.5,0.500669533414001,2.36568263658267,0.73026751429613,1.0918311208379,1.84176790856352,0.0487526830431434,0.0428613631454293,0.064409475677603,0.13022281146461,0.2238726824151,3570.4111200482,1,1
177,0.5,0.464752117592335,2.27601784211074,0.795117533924417,1.00226145058727,1.89728324470158,0.0520532921441309,0.0431089032869671,0.0649679797271245,0.131159691263779,0.222668815441657,3536.89207423106,1,1
178,0.5,0.40334662653779,2.32750967342533,0.776631526385889,1.1796920858047,1.64547899733025,0.0587965858530586,0.0430159048095181,0.0651751759976869,0.121880309348493,0.20536384704954,3575.15063178376,1,1
179,0.5,0.430826241741935,2.34428438876851,0.759074968190716,0.992797671733659,2.01767734803184,0.0524077710182857,0.0428299760212106,0.0638338936815167,0.135081634962308,0.213239229307245,3609.81147569789,1,1
180,0.5,0.525613926209748,2.25039416521589,0.839222687455658,0.803254595081301,2.16148020554885,0.0456139171267606,0.041084316483335,0.0616983408433872,0.140015636059096,0.233670296352543,3501.13478491927,1,1
181,0.5,0.581678046854515,2.36632231113368,0.722313660525518,1.10624467513568,2.07405704328515,0.0353510686385685,0.0426897090181972,0.0661642109582834,0.147595121425278,0.230723191370369,3573.47472784321,1,1
182,0.5,0.547285765615077,2.40493991054031,0.67375672449181,1.20017134806048,1.75644185525176,0.0418269419484004,0.0412534779871899,0.0626424490786781,0.135774346784588,0.221603904689918,3579.61410337828,1,1
183,0.5,0.547284840372895,2.36930224401766,0.695605958259246,0.913527646253466,2.25764776532375,0.0408703788647097,0.0421485474962715,0.0650527033639786,0.14090367463914,0.241683321753166,3539.81057043958,1,1
184,0.5,0.544288430707421,2.34776652338268,0.670884191696831,0.875812483930169,2.06285519448313,0.0429980295092747,0.0407254034345782,0.061669233676112,0.145621739084089,0.233894793402571,3529.90165871398,1,1
185,0.5,0.543809801620911,2.22383243616181,0.873230768687011,0.884423855756547,2.28499198864113,0.0410751857214953,0.0434174337626125,0.064278999864566,0.143409584021874,0.246525472276146,3498.64310084006,1,1
186,0.5,0.485690116287684,2.38895309214877,0.696789566338021,0.852035649263098,2.42088372982057,0.0455456985605944,0.0428917551749746,0.0651490178397782,0.13057491163308,0.221916716288662,3575.63103218267,1,1
187,0.5,0.578089292985111,2.26988513084985,0.823593460422008,0.874312022466464,2.25174939811061,0.0383235412131743,0.0419138492301549,0.0620187908845254,0.14022685265068,0.237493557820785,3503.77463416401,1,1
188,0.5,0.509849646769865,2.36711417360812,0.739622885775113,1.18925352704972,1.77091238603018,0.0471842773825992,0.0422268926475061,0.0636476566016033,0.126916523307751,0.224505756184124,3566.63197023254,1,1
189,0.5,0.517626515788954,2.2369849569615,0.887152584571111,0.950857928146026,2.09603283387418,0.0438349360661782,0.0436136254789538,0.0642372071498089,0.138923996203669,0.229483973150274,3535.54622923518,1,1
190,0.5,0.434397641333777,2.32621471685696,0.789765400396251,1.06734034703551,1.8825038497459,0.0527862945324882,0.0437618686718359,0.065428611632428,0.133018102125946,0.206999571867254,3607.53272948482,1,1
191,0.5,0.49307157284538,2.31605043994822,0.754161981488159,0.989900364516921,1.98904716360932,0.0466639346864471,0.0418796126346077,0.0651331712599451,0.139951435199948,0.231683444591131,3538.97480620733,1,1
192,0.5,0.518398997184529,2.24815569475005,0.848278375436737,0.80439005786338,2.16622903681985,0.0474409668591781,0.0427360536926332,0.0636509242485448,0.143958823012924,0.24016895754437,3519.12199597203,1,1
193,0.5,0.423249630943804,2.35521678087998,0.789273453754036,0.971581377883522,2.13498421006757,0.0530326216004968,0.0437545282355501,0.0669811076073234,0.128705533386648,0.219561969975686,3599.28071002762,1,1
194,0.5,0.471053957802033,2.33579581215098,0.731940788601193,0.794186438837172,2.21004689359965,0.0516103927270904,0.0407876847170533,0.0640873327898929,0.135515457927408,0.224947498741457,3533.33350942254,1,1
195,0.5,0.546805148588199,2.29400120884278,0.747654403037686,0.795435594635973,2.46788912462543,0.0419715296674242,0.0414719719271851,0.0631064722929102,0.138567560506617,0.247807885049412,3489.15884471905,1,1
196,0.5,0.515974044042704,2.31565706915985,0.739443741131349,1.01658891690126,1.81853801707889,0.0467202083471563,0.0415266489479054,0.0621879670984049,0.132268249076414,0.216254655906518,3526.21896582673,1,1
197,0.5,0.510966604008906,2.29476151072661,0.806426878558367,0.874926604539185,2.1101236938416,0.0480053133358088,0.0405604250575824,0.0609173098068784,0.135662560189528,0.23620008108288,3515.00758336248,1,1
198,0.5,0.471666716465416,2.26904103855945,0.777900712719586,0.948730512053644,1.70687194701879,0.054133948841891,0.0409432251144546,0.0624822472520598,0.134682148931604,0.227017801372839,3481.40616213991,1,1
199,0.5,0.51176018474286,2.36136243334664,0.692669358695719,0.992879555807084,2.25508020982056,0.0428038402167956,0.0427363574227927,0.0655254129629083,0.133411496752615,0.228047870366561,3557.47461273616,1,1
200,0.5,0.522274648262501,2.24162877213933,0.929783013432027,0.890567652672619,2.36726450524647,0.0430208856987848,0.0437989995306929,0.0666343514111768,0.132915148809431,0.23960380174497,3525.63366357366,1,1
201,0.5,0.511771080512878,2.26187781207697,0.846232302695731,1.15974804957604,1.72360315619173,0.0463253890490332,0.0431146691058203,0.0641454965947121,0.136236384591974,0.22559700229521,3541.48045008717,1,1
202,0.5,0.475148642038809,2.23105619114635,0.867317788516584,0.766695239087941,2.31532954046402,0.049099812340942,0.0418537336273597,0.0621443734042897,0.13554110739751,0.225807172427836,3510.78269186745,1,1
203,0.5,0.528577573895816,2.25643886199994,0.78954793351012,0.746415553565708,2.298375530301,0.0460124208693502,0.042146873641582,0.0631133823083842,0.140138821461692,0.241967387122,3479.39493196893,1,1
204,0.5,0.444413343668262,2.24535218139404,0.850607834797475,0.897545825550637,1.99818715430034,0.0535988053995523,0.0437450278281077,0.066599524220734,0.133198290226354,0.216482591276007,3527.68574577298,1,1
205,0.5,0.53096956266934,2.38764073875038,0.685111435662836,1.07911006384688,1.8979257429671,0.0433922608600503,0.0418637613728593,0.0633454362768998,0.134680453570128,0.221522942572287,3565.39029507578,1,1
206,0.5,0.502290438261699,2.33081426535449,0.75139786593191,1.25541069139326,1.61444816002388,0.045774796274537,0.0432279111291619,0.0658444465805563,0.13783571836837,0.216501708011354,3573.12297283124,1,1
207,0.5,0.543373430368743,2.2834202444294,0.826220133072521,1.12880830382558,1.90861778062658,0.0417221378284854,0.0427038107127016,0.0635408006706738,0.128857234940876,0.221982428217051,3529.63627974824,1,1
208,0.5,0.546630846477764,2.34764637478381,0.789105093701196,1.07940704729336,2.06396821227894,0.0407458783245506,0.0424230485424772,0.0632512489560808,0.134511522238245,0.228936077611818,3582.06375025103,1,1
209,0.5,0.471909429213842,2.35270489289751,0.670030496442174,0.990371458047186,1.77251478284408,0.0548205895532711,0.0406589265320879,0.0630067599851227,0.135451753240855,0.228134289423707,3531.70517627819,1,1
210,0.5,0.485476229122735,2.42865718097039,0.660458485673367,1.33493117689427,1.46623092351178,0.0493261061076518,0.0432729793506066,0.0656400301286854,0.130274496796618,0.206432345626438,3628.74237561329,1,1
211,0.5,0.460403884449725,2.32554901916788,0.775017191178748,1.16180789949774,1.57360989785977,0.0540520405361199,0.0424723235848056,0.0651712715400521,0.131327785516218,0.215743970080315,3558.13022598979,1,1
212,0.5,0.53938967761423,2.36942080823641,0.682532169274461,1.16424166517194,1.9554060169571,0.0414823967355153,0.0433263672285897,0.0650987661400657,0.136751737617306,0.235642723485594,3564.45924925154,1,1
213,0.5,0.552048389777257,2.30505194337625,0.780106385897083,1.09823399028658,1.75897731168441,0.043582631017766,0.0418494187492155,0.0621867160383641,0.13554739709282,0.229753266585223,3526.58699555218,1,1
214,0.5,0.39060324394028,2.24220715808051,0.869606750037347,1.00980626837443,1.73694835857201,0.0617567508412315,0.0447629515397347,0.0689534906545548,0.133065876451662,0.216973048408735,3542.8369858269,1,1
215,0.5,0.428130426474797,2.33570453154582,0.731488780404558,1.05648054671719,1.76285175431368,0.0586115558134122,0.0422517378595771,0.0650395885303306,0.123816400744331,0.210064198878189,3546.84972955941,1,1
216,0.5,0.504731090397394,2.23933308199763,0.906409278293193,0.947776012949901,2.15796874907243,0.0454999583844284,0.0426779983202406,0.063250061965633,0.137015161458237,0.223713952581969,3552.02599275862,1,1
217,0.5,0.600862905845356,2.2839344173669,0.813279645361596,0.96418402068648,2.30634105721959,0.0348021386122279,0.0430562881780342,0.0641499858879682,0.142901782308796,0.240777566110028,3509.57741407661,1,1
218,0.5,0.501305943305684,2.33388419242528,0.784930226006906,0.914388936000592,2.2887359531536,0.0448283580345044,0.0422299803954456,0.0645125644773384,0.136181751242288,0.237345895009339,3558.13720835142,1,1
219,0.5,0.485261639384365,2.35590459721042,0.781486923342519,1.17710440964247,1.80292579551105,0.0506548770934026,0.0423748051363733,0.0657292281911921,0.125249046847817,0.21531234250805,3584.26241918167,1,1
220,0.5,0.538442705181949,2.22046873021744,0.957290573606426,0.983732349170187,2.16039975617496,0.0409840810908703,0.0460986526936451,0.0672735079085272,0.140314791598341,0.229569022037206,3575.08744650499,1,1
221,0.5,0.519440942484068,2.34936650538997,0.748819937125807,0.919840049123632,2.31696165923395,0.0439485642623478,0.0420332168347276,0.0648760584071493,0.133245004319327,0.233027585794481,3551.24923321596,1,1
222,0.5,0.450033733979244,2.32572373619784,0.833696018524535,1.0505584633333,1.93374349905884,0.0540418661408674,0.0433313596792427,0.0662899674059595,0.123645017916447,0.223065374793784,3570.40527269246,1,1
223,0.5,0.467507199457945,2.25706407962461,0.861554978615085,1.12042451116394,1.54155953094597,0.0546522104279619,0.0434406879242591,0.0648668977803211,0.131019929410406,0.222886786338659,3530.48378229482,1,1
224,0.5,0.544702828441073,2.21872078086926,0.951310933075345,0.971396105076683,2.20510951352579,0.0428337287571336,0.0431480613485362,0.0641902894041403,0.138444160944201,0.251292738130338,3518.72674416864,1,1
225,0.5,0.584903494614516,2.28529049592575,0.906602323625856,1.06049579444729,2.04206095506732,0.037640533416404,0.04145562444644,0.0621680729058114,0.140118204285289,0.236184730811936,3551.56129696758,1,1
226,0.5,0.476289478890631,2.26238656869924,0.88213599169279,0.867228499802737,2.34252886631015,0.0498686938174222,0.0439380542537663,0.0653554243323195,0.131927196968016,0.241675184791794,3535.90413836466,1,1
227,0.5,0.478576592163558,2.27073126502294,0.805636622726763,0.789747316895893,2.17965006249312,0.0496894325326456,0.0406232571738836,0.0630951200793302,0.136866633792999,0.224943108490558,3504.07660384851,1,1
228,0.5,0.476642894923249,2.24956859839377,0.871102716083,0.830673382225201,1.92366742545768,0.0552765669610285,0.0410114380269893,0.0622000526892396,0.134099915692201,0.231211304570514,3495.51232318997,1,1
229,0.5,0.523009712080913,2.27803114331808,0.836054794059105,0.652643037162923,2.40747213635887,0.0463380330205757,0.0399232107295805,0.061670914189712,0.143266095676872,0.22735046166845,3523.33726324945,1,1
230,0.5,0.498156867283321,2.28967079462142,0.846544583707144,1.03986877162411,2.01391769825429,0.0457916616648354,0.0438470009250889,0.0680694468975043,0.130474051331707,0.228688918113399,3545.96789414655,1,1
231,0.5,0.436834716292232,2.30226959922717,0.845544761931882,0.715368404772017,2.36055739523002,0.0578022180824343,0.0405987911598144,0.0612980651867555,0.12690699264278,0.226227821077301,3526.41663291252,1,1
232,0.5,0.472126399941392,2.28232637843414,0.811421438879715,0.87187245750319,2.09555219662701,0.0505242460698936,0.0431273707864116,0.0643647773822582,0.139200170177916,0.22614133400919,3553.03451782001,1,1
233,0.5,0.451450262223596,2.26234158943328,0.837827417404416,0.970981131929104,1.99983921872627,0.0514437189894125,0.04473907515045,0.0673288970436002,0.133326673583315,0.210061762725856,3569.27249798256,1,1
234,0.5,0.517429259005926,2.30624625824402,0.796405435571799,0.804729314579516,2.45602124470804,0.0431388574658769,0.0421804059343355,0.0648226013799435,0.138562655710098,0.232153380296474,3547.19397328444,1,1
235,0.5,0.460817496243107,2.30868307562225,0.853535561871787,1.00320957999901,1.89356384602075,0.0517198796381018,0.042116409063362,0.0640209244668072,0.136712350566201,0.216226714191819,3591.13760699325,1,1
236,0.5,0.502822214798418,2.35630286738648,0.728515013609479,0.977173297141778,1.94931698455961,0.0501907726842672,0.0425994109637067,0.0640893560732473,0.133789244637847,0.241254040228585,3547.06011056941,1,1
237,0.5,0.506304472013328,2.29063691689219,0.809919829280311,0.964363860399653,1.9545516748796,0.0467043179725097,0.0416171187626066,0.0626463170548856,0.13879452042053,0.215591814656146,3550.14389653516,1,1
238,0.5,0.45265089685948,2.29515869558102,0.827835760111454,0.85418516261136,2.13710772448363,0.0526940820137483,0.0421068646181959,0.0639929101930133,0.127712609496475,0.220311932397207,3532.3064016174,1,1
239,0.5,0.514576388743078,2.34053612247111,0.714850828422806,1.04273302356483,1.80002736774923,0.0472007953091204,0.0423766688795361,0.0647086399076677,0.138500591837631,0.230431176447856,3535.68701432991,1,1
240,0.5,0.449090089411949,2.24871202840079,0.872733470440198,0.93214203798077,1.82271656798878,0.0580254825570023,0.0413783861753436,0.0638808195374171,0.130256444206391,0.225280802317066,3501.48420918251,1,1
241,0.5,0.321412910178657,2.28000879345482,0.827120756215374,0.859483996717799,1.99394741535052,0.0737929409890328,0.043912796343126,0.0673625705302934,0.12514732810161,0.22480395273443,3525.87462515662,1,1
242,0.5,0.554040614341596,2.28249491050401,0.759887421938701,0.791633702576917,2.10130240246279,0.0427403071132169,0.0423174816087156,0.0633603847409845,0.1433869789282,0.241753285267224,3481.79736371775,1,1
243,0.5,0.438128761109049,2.31577746153195,0.690676362595094,1.03453498541192,1.76239244992968,0.0585447227113735,0.0425760584169021,0.0658683534281186,0.12487056341596,0.224298964100493,3500.85847017977,1,1
244,0.5,0.47042477698662,2.29101358746791,0.843542002071583,0.742920156968734,2.26030679079651,0.0542596396634499,0.0412047827545287,0.0620988448431619,0.134313794968567,0.232602368028733,3527.77048048672,1,1
245,0.5,0.48425472474594,2.26471644479998,0.864609907893296,0.931244401548141,1.99428770924147,0.048391463652495,0.0427922526814698,0.0646827435691156,0.135116445347743,0.219229290272622,3540.10399574104,1,1
246,0.5,0.516482819836823,2.35990497644032,0.748074153890147,1.21768326936426,1.81733191172381,0.0422253331019704,0.0432925407438931,0.065080137919874,0.139608630803537,0.225815871882074,3598.06769169519,1,1
247,0.5,0.489481586388928,2.30468590664453,0.845304753148626,1.04383374872139,1.94710265734041,0.0474231580334647,0.0431959383652912,0.0656253432931579,0.133467841634579,0.224995420151684,3566.31625594096,1,1
248,0.5,0.538526896751265,2.32394345399392,0.809735900792732,1.05215637989021,2.06315278439348,0.042107571986177,0.0423248664265091,0.0635669707998262,0.13256964577254,0.231622575140538,3542.66551474197,1,1
249,0.5,0.511465539216625,2.34449637784837,0.781858625723006,0.920649491146344,2.28968527796406,0.0455144212244922,0.041937383354212,0.0627478977042223,0.138076027816474,0.230726552377382,3584.63651034119,1,1
250,0.5,0.51906945594837,2.3044123656311,0.821787127564252,0.958584859189293,2.11684926859481,0.0450126183138305,0.0425209680281278,0.0641378721400909,0.134651570047072,0.224740192342541,3555.32293811211,1,1
251,0.5,0.533077977954731,2.28014538296061,0.831155652801967,1.01244204071003,1.99566944075091,0.0425205029087639,0.0431734220951908,0.0655464578331674,0.141380766761401,0.224815766227254,3556.15473928652,1,1
252,0.5,0.531971076897929,2.32262728253865,0.838036281941724,1.10692377770051,1.93524565977596,0.0429613623931602,0.0433448502011897,0.0641890701656498,0.138898778843891,0.230220947538181,3595.18525770199,1,1
253,0.5,0.41708840207249,2.32839071917202,0.715439963770404,1.03901861614613,1.82169729970522,0.0586747802392279,0.0419318635494509,0.0649893699724362,0.131937977422341,0.223871775308142,3548.07700197343,1,1
254,0.5,0.516512871080109,2.21028657900291,0.994611050062009,1.04108601672705,2.15131330397156,0.0436818828933659,0.0446212262222752,0.0641950808426878,0.130928363109215,0.234654638852154,3550.61376106692,1,1
255,0.5,0.491215787803044,2.42219540410719,0.657357035564792,0.902851110737252,2.20879274714706,0.0478556058502164,0.0415610725578165,0.0621813889316827,0.131108258296379,0.22910386894899,3575.26285664807,1,1
256,0.5,0.544604515929562,2.29495453844839,0.840498879045301,0.835020925776908,2.30000258631752,0.0421612116212342,0.0423414790837484,0.0637425637359881,0.143064832229112,0.23960140158577,3537.1788717344,1,1
257,0.5,0.543500870440648,2.32787780799468,0.729780269124341,1.03089980844829,1.9728442700468,0.0432734194305302,0.0427069661868802,0.0641551806202697,0.136055028145359,0.24209581738895,3524.81804776803,1,1
258,0.5,0.456237646284342,2.27553871502109,0.816400544387643,0.813600830995286,2.20525786438207,0.0536231544135171,0.0429131187572448,0.0659324824416524,0.131096384643022,0.236499124996363,3506.13258164931,1,1
259,0.5,0.463431329314511,2.30974050080144,0.772787728478683,1.01309134078713,1.89267314419874,0.0545408371551996,0.0429944510101973,0.0649570312861199,0.12424612500084,0.227887278884734,3515.40526446934,1,1
260,0.5,0.4286612970092,2.33056307644425,0.813012873343931,1.06820455208547,2.01500240782717,0.0517389152298465,0.0441379721461383,0.0653439158744766,0.126353574160438,0.217272579167093,3606.19302621845,1,1
261,0.5,0.541242814534281,2.29130069879452,0.855633660524358,1.09411128405401,2.0826080583985,0.0420129146993649,0.0438688977544555,0.0654610390116797,0.133735035044922,0.243030928174018,3547.47099137493,1,1
262,0.5,0.499064217256594,2.31645411847067,0.818031001065782,1.11431710705576,1.87489473314805,0.0461205834741223,0.0428341312094683,0.0624210265725212,0.137192903402926,0.222388074622711,3598.99154168342,1,1
263,0.5,0.522488359741818,2.32982480529128,0.795880445080265,0.857335118289287,2.64264092774165,0.0406192145620526,0.0437086049541662,0.067844486227561,0.13742465229909,0.246404152795965,3564.34338903746,1,1
264,0.5,0.623566520633073,2.26816362699458,0.817896727073464,0.985211673991166,2.10891844414139,0.0358219776960745,0.0415676469376747,0.062468308809573,0.145378087309964,0.267100378116204,3466.5059781633,1,1
265,0.5,0.531062488655492,2.28565410279319,0.821086010787499,1.08857382380125,1.83591115402701,0.0443402321520312,0.0414698898473503,0.062847020070838,0.136639989848304,0.227142216171507,3525.22316868169,1,1
266,0.5,0.485197889504437,2.32838608145966,0.768003518661767,1.07938007840253,1.95142541346974,0.0463449800868158,0.0425650649065574,0.0636017472426064,0.13062366182345,0.225919475428818,3553.65615719265,1,1
267,0.5,0.397936073403927,2.34760568343318,0.752728344003689,0.965878312184978,1.81385202145065,0.0630290621088495,0.04235545222498,0.0644962585018664,0.128173861995601,0.20878058390835,3578.81546815795,1,1
268,0.5,0.500089531594313,2.36491221210652,0.701599624301642,1.20997725947826,1.56074217370555,0.0461400706480228,0.0425353110975187,0.0654879159361108,0.141043055082311,0.2157404173254,3582.58732714244,1,1
269,0.5,0.50175540898216,2.28733063368518,0.848353880755876,1.1473708336095,1.70732528923287,0.0481958271665099,0.0439962606626249,0.0674478446422316,0.136324952970931,0.21942396099497,3561.27783267597,1,1
270,0.5,0.534261675096624,2.32119872799269,0.752069333754506,0.74520122771404,2.54627576196717,0.0449003673333671,0.0407740672983468,0.0617759115650081,0.138548030037956,0.255791889730642,3504.20813210526,1,1
271,0.5,0.500959927378299,2.27625545465291,0.831613587611037,0.957087408174746,2.12431270601331,0.0460641599871639,0.0444586906530786,0.066233216978844,0.137224559660553,0.231049960217408,3549.05408026658,1,1
272,0.5,0.553301853841066,2.2703999322612,0.869631794962823,1.14011511470862,1.78433709237461,0.0407285613473269,0.0425289688965018,0.0640400956157014,0.141145341835634,0.22685464711634,3547.12227618982,1,1
273,0.5,0.506602259109477,2.33958716529011,0.707144479361889,1.06068596326395,1.8931077548912,0.0463473244225353,0.0446268157886363,0.0674852187972211,0.137319777489022,0.230177402416111,3559.91962994893,1,1
274,0.5,0.50280772920487,2.34302347262064,0.704126019446876,0.923349021558256,2.10042791622231,0.0474812377221231,0.0422788647974452,0.0640177609984435,0.134178924192148,0.231958952361696,3534.73725066737,1,1
275,0.5,0.480061123572936,2.27224665650716,0.878175899151907,1.30616693089238,1.49049250825375,0.0496261944368679,0.0448781044268464,0.0675526495484937,0.128977114908232,0.210631745456365,3577.44449925932,1,1
276,0.5,0.418264186334532,2.27807516686986,0.823803821543398,0.998362735372888,1.98783245927844,0.0566538432742147,0.0446825806032804,0.0659051722162841,0.124977977112842,0.217746850884494,3548.48186840765,1,1
277,0.5,0.529030789999568,2.36851665751539,0.661911524674206,0.749487511239847,2.37572428721079,0.0438288153633549,0.039741025565638,0.0621368719633691,0.141147734576904,0.232619685022352,3521.15242373611,1,1
278,0.5,0.537640036203579,2.22346327511885,0.887703594249974,0.760466757299927,2.28366870522527,0.0432858139644398,0.0408336202407852,0.0622133834794675,0.141784094774936,0.240594019524802,3471.11170223711,1,1
279,0.5,0.549114687667001,2.28274179440466,0.789359780182639,0.667377371886129,2.54424877886177,0.0399313699218119,0.0415671983331177,0.061517236666672,0.146479785785721,0.239895459319458,3504.77832381249,1,1
280,0.5,0.499816686749532,2.35361759107919,0.701617412686159,1.11214608080435,1.82156808593087,0.0463533826317949,0.0423198037865853,0.0664397327158594,0.137215592408543,0.220640674182171,3560.37762704372,1,1
281,0.5,0.464814538756581,2.33781247904061,0.768361938874551,0.974810116424271,2.02472058918416,0.049643939809045,0.0422251245842708,0.0642228583368384,0.131886999126913,0.216690806629171,3568.39759778628,1,1
282,0.5,0.515678553480498,2.32309996703512,0.776720304292698,0.852780446400398,2.08897722094712,0.0470408635336856,0.0406546568534507,0.0618335512876797,0.131850195412886,0.228506078999394,3517.76452462464,1,1
283,0.5,0.462417577644706,2.21890987281697,0.925253712897847,1.00734561004859,1.86150185820401,0.0533396893254659,0.0431167680045794,0.0651344629405731,0.132324195334007,0.217874682822849,3541.02409354252,1,1
284,0.5,0.540031874900467,2.31336762699704,0.702003746518194,0.874333815454964,1.90622509521983,0.0466840895919346,0.0412186105064392,0.0615507161289386,0.135965943703552,0.234153236605023,3477.41841963305,1,1
285,0.5,0.517264361863676,2.26921809039197,0.871029737253686,0.896875942985822,2.10929702351175,0.0472462725014571,0.0426892611944526,0.0649588977461919,0.13579676738454,0.242928765146442,3515.30172274647,1,1
286,0.5,0.50307623443505,2.29079494247721,0.848089611362012,0.903884810813499,2.06635825142641,0.0480887293809757,0.0411069808875295,0.0636992425734541,0.143099380420522,0.228370452871326,3546.37738173982,1,1
287,0.5,0.479936054034362,2.2776533693201,0.843338585602775,0.977273886907549,2.01017586449671,0.0479652868775904,0.0421356255556127,0.0632890106444359,0.133241861676424,0.216512810335723,3556.72192820604,1,1
288,0.5,0.517015913576148,2.31306300402733,0.730877246184395,0.860956967900811,2.1252144419936,0.0447947653046484,0.0415954689685558,0.063641419264879,0.138610863234366,0.228866989864838,3510.68586692315,1,1
289,0.5,0.586593471958854,2.27294571917881,0.879965747499971,1.05899282347631,2.17703362750471,0.0356522040258133,0.0432941314187778,0.0646049402705822,0.140299958309631,0.248371952000929,3522.3689782912,1,1
290,0.5,0.478271001286358,2.30489722044597,0.833762154940156,0.957323618857615,2.07997337343843,0.0501593867793585,0.0438494523876617,0.0641436986078012,0.132734401844156,0.226091692055264,3580.83051452689,1,1
291,0.5,0.504746248978997,2.37952828522643,0.698601130579163,1.27956128844092,1.59137482753647,0.0447627494816555,0.0431641905414117,0.0644153178398275,0.132764017888316,0.212558650731715,3602.47469737714,1,1
292,0.5,0.4289392238628,2.22385855799255,0.942529667223142,0.978990615657004,1.91468573120698,0.0557851491197325,0.0436891908031091,0.0663374105398298,0.130635245175143,0.220221757170759,3544.03872111708,1,1
293,0.5,0.430869904043284,2.28175151493599,0.827458892433157,0.931759988947419,1.94192419787971,0.0605186892093941,0.0429769573458269,0.0645479749294999,0.128518638636413,0.231631709028952,3526.54167252665,1,1
294,0.5,0.504344050523026,2.37096504418728,0.703805080604434,1.04849602269278,1.955356409362,0.0452031813571241,0.0416457758432607,0.063280200889399,0.132855388405069,0.220457705757417,3562.91777424638,1,1
295,0.5,0.529436096769249,2.31431184339186,0.839940232814331,0.97553657287464,2.21728768677837,0.0425513022094017,0.0424091866771628,0.0634309001872375,0.133438329275138,0.226397002268956,3567.09831859005,1,1
296,0.5,0.465787125817315,2.39037146053174,0.711995555598802,1.07507550734752,1.90079942940239,0.0504981850316957,0.0425609263144029,0.0642293200291228,0.126976014385515,0.220375279430691,3586.66930383538,1,1
297,0.5,0.509446707514808,2.31200023086613,0.756730338515868,1.10802134816102,1.88434438299347,0.0454919625599331,0.0427185446157411,0.0655035619263625,0.139056902050409,0.229807854686305,3553.00149299078,1,1
298,0.5,0.455412405106777,2.26547456194496,0.902517847539172,0.761594674413443,2.37498833881774,0.0521644060380932,0.0420488798407977,0.0642063816256919,0.134679494562606,0.235149821728129,3547.69789923558,1,1
299,0.5,0.416382172127778,2.34716952687481,0.761704025649428,1.22736318478975,1.53012686764008,0.0594655233728032,0.0440779277005786,0.0670978689577524,0.124341071524888,0.221244899817706,3584.01305565924,1,1
300,0.5,0.45013887605728,2.3205267830782,0.856092140837544,0.886226438816163,2.1632690484703,0.051232781021699,0.0418720965787377,0.0631947476999147,0.132865115546638,0.219591643478473,3594.14895475099,1,1
301,0.5,0.479627727147186,2.31778856585308,0.776162147576974,1.14699834441821,1.82699233617488,0.0472966769356084,0.0442120317389322,0.0652620309352332,0.132274871233624,0.223176541938376,3570.29113446976,1,1
302,0.5,0.450296595568318,2.24776225350303,0.84524526497217,0.998301328554451,2.00608059543894,0.0523908976255228,0.0442593014350091,0.0666507503028095,0.130347248893837,0.222545726709948,3529.75645376178,1,1
303,0.5,0.430915127843783,2.34259761683203,0.77173522812138,1.14254854466464,1.78092613871007,0.0517961078132054,0.0450080360583609,0.0671223379713652,0.130478591633795,0.218750481429843,3602.25049262498,1,1
304,0.5,0.499346721391476,2.28049206878216,0.800117791982749,0.93586721297425,1.82870318405685,0.050250979106828,0.04258615446858,0.0648548177740371,0.136023599519273,0.234875862855094,3496.94643339399,1,1
305,0.5,0.486118510099481,2.31832964348796,0.787830445400407,1.08252370254867,1.91832908255206,0.0470306638587284,0.0433610829002496,0.0636775757301831,0.131027526948591,0.219344699370107,3567.41673109849,1,1
306,0.5,0.509756329499252,2.30429285925182,0.870256340372933,0.817960573160762,2.46427735639863,0.0468392650177123,0.0417301546229853,0.0641103162125922,0.128494771505473,0.24238739810064,3532.80805038753,1,1
307,0.5,0.46888167731644,2.4073812972894,0.662688319878763,1.08587423489867,1.83237281574699,0.0523833237193017,0.0427293900350657,0.0656561090174538,0.130289265878319,0.234054466923503,3574.49392386596,1,1
308,0.5,0.490246898154969,2.24718097180049,0.855529470130835,0.918116448618156,2.13684024523467,0.0463375026338336,0.0433379828232579,0.0661196729002934,0.135854620342617,0.224575874427845,3521.06957749226,1,1
309,0.5,0.504952393621577,2.32950758050823,0.781874547531014,0.982976716256427,2.06839425283035,0.0464439937712658,0.0411443509072974,0.0622281190113755,0.133113374250273,0.227876881368496,3547.90267846876,1,1
310,0.5,0.487338514400257,2.33919040340786,0.762483769381851,0.895461242753595,2.23229900243904,0.052303233949159,0.0407326985507159,0.063004053818615,0.120708323148495,0.230404842887891,3511.64053588715,1,1
311,0.5,0.511406451279792,2.31494369000215,0.821741627585409,1.05891557831685,1.95828201770996,0.0427698129840642,0.0430586480809422,0.0655619014093374,0.14057429261514,0.224349767753318,3582.31787892786,1,1
312,0.5,0.363808533506925,2.23682152782183,0.898616981138973,0.885636266221526,2.0653486048895,0.0651118954458812,0.0437548657336315,0.0670098983301568,0.120031727879326,0.214054344964207,3518.14061211377,1,1
313,0.5,0.440490448626076,2.3391355851439,0.771422580194428,1.12675146125196,1.71318405147553,0.0530076512562798,0.042410116866007,0.0651085196242469,0.125976730108751,0.21240700254316,3571.60081093808,1,1
314,0.5,0.560965139387622,2.31682430521984,0.771527582459865,0.936058933222128,2.45606908668097,0.0383942182817741,0.0436070804383126,0.0655202124016187,0.138293580966087,0.251154119547228,3525.89843186405,1,1
315,0.5,0.514840937722307,2.26754516787645,0.883109239714261,0.994876593039594,2.08411992135914,0.0453779579694178,0.043287405390743,0.0658366137010381,0.134111815232478,0.22565680764004,3558.68434821519,1,1
316,0.5,0.480709137471405,2.36112189558792,0.697462685769585,0.980999757192282,2.07990460696626,0.0490009782501633,0.0438048536849711,0.0660759096549748,0.131705952403641,0.237178141987096,3539.87507393361,1,1
317,0.5,0.485184283987315,2.30925285395793,0.849535930461673,0.857507595875556,2.38553249510792,0.0477574780837793,0.0421959887601606,0.0633970540900543,0.135466224332365,0.248020593226129,3553.10599102931,1,1
318,0.5,0.440739981504343,2.26252974203655,0.844182136326151,0.86997811018064,2.23784443387244,0.052840034174362,0.0437869128321253,0.0671270640558632,0.1345227756968,0.22657225379225,3541.34084759046,1,1
319,0.5,0.555627875067472,2.30631397682634,0.790704676242871,0.922719287101572,2.28833010062566,0.0373949045977609,0.0424583960738265,0.0635617311769232,0.147028589136009,0.242385579328079,3552.10855408875,1,1
320,0.5,0.530817528910402,2.28948411841947,0.8407732832414,1.11336785674456,2.13751998307236,0.0425941090631661,0.0448062009553698,0.0642274991248278,0.134560181813309,0.24597137903918,3573.38530754411,1,1
321,0.5,0.457274252632845,2.35169164503854,0.73348578529152,0.981891325179571,2.1760522307968,0.0507345111584039,0.0431877992951411,0.0646535532491805,0.126718789309152,0.226577196535087,3567.61226683482,1,1
322,0.5,0.504047827449342,2.25478835705968,0.801844238278445,0.91140367774187,2.04628577482624,0.0483645455146869,0.0424641542527308,0.0636383218081136,0.135834498409559,0.242376976044074,3485.15012601047,1,1
323,0.5,0.517672825009553,2.29498170154304,0.81723842432269,1.02733038471953,1.99285981172147,0.0444861604327626,0.0429594595733672,0.0631584148019353,0.135493004394722,0.232766079243695,3543.93076712516,1,1
324,0.5,0.47065355704318,2.37158572567238,0.722211467602319,1.07116562015753,1.85073746342017,0.0525673174045368,0.0424993316095834,0.064521443923033,0.124637954837093,0.217632744615785,3570.15614048737,1,1
325,0.5,0.465496501934254,2.3295824762371,0.788886411812276,0.988581401383121,2.09830377926271,0.047363933320369,0.044461962424133,0.0688606414954294,0.133534356119697,0.222238645200621,3573.42224994946,1,1
326,0.5,0.533454526712009,2.26314199551863,0.798582350240347,0.901068544206139,2.17381281086626,0.0434053701709773,0.0435311864255211,0.0666390036408114,0.144129261349367,0.231186254587262,3526.96715393998,1,1
327,0.5,0.449657333057744,2.3039810541475,0.794774401374694,0.915072205015494,2.11432683943375,0.0530127370906969,0.0418266199767698,0.0643869312096475,0.134092048123101,0.229412880459076,3549.26598919512,1,1
328,0.5,0.426705760165081,2.34306158281428,0.756418545226786,0.81408427792682,2.11022017354411,0.0574619352958739,0.0409528850442199,0.0624011989104001,0.134180678209184,0.215367323605296,3568.34471639556,1,1
329,0.5,0.481931069330761,2.3616001798704,0.724058792290824,1.0726339184852,1.78543935230479,0.0510515682228728,0.0414696981818832,0.0636772239646501,0.125204519771141,0.211064396503679,3555.2063137001,1,1
330,0.5,0.455585048517746,2.40361571440143,0.702070018063587,1.2359574105873,1.79722737982328,0.0500742196724123,0.0447281325665038,0.0678137784657834,0.129455699913291,0.225177813879263,3622.7672547566,1,1
331,0.5,0.589756422554825,2.2970340595061,0.779341785165157,0.924228203850171,2.29543676585099,0.0358865382052088,0.0419069417497357,0.062510390248138,0.144605586787538,0.241300420740291,3511.54433413252,1,1
332,0.5,0.414972110557204,2.29273406395921,0.872805999222041,0.974712365274872,1.92682342665797,0.0591520058718586,0.043602821043661,0.0672297152953858,0.128224062931129,0.219243029660031,3572.29467653366,1,1
333,0.5,0.5350596430407,2.34358362794975,0.784503945421885,1.05964836622658,2.05632798477424,0.0426175785878589,0.042798916188191,0.06426350645531,0.134083640220061,0.236052302157223,3563.40928697788,1,1
334,0.5,0.433857357518551,2.32337679354437,0.75315416721619,0.92610441347952,2.15596335905966,0.0530879133087672,0.0435171146372284,0.0660795267580537,0.129149487607769,0.211716496927238,3566.2029822883,1,1
335,0.5,0.475040713418648,2.29170768617274,0.85753281136056,0.956572170934935,2.11927219413656,0.0509560648834569,0.042159456999086,0.0641228350108219,0.129219302708806,0.230308481757368,3539.30416183455,1,1
336,0.5,0.462441157869152,2.31364010568662,0.813810695051311,0.856476965736616,2.20654220622644,0.0539296260895105,0.0411271651084692,0.0613021180298575,0.130148596799681,0.232521711702899,3542.94119874091,1,1
337,0.5,0.465691818829664,2.22784618361325,0.824286359238083,0.839433435019794,2.07252079178985,0.0547502794014098,0.0424224454112237,0.0634529721924268,0.133142158273955,0.228771514600582,3477.85806717553,1,1
338,0.5,0.453449387690575,2.35831996876182,0.738446818125495,1.10036235161186,1.96073944428638,0.0484235479225032,0.0439069108744923,0.0667654108447048,0.131410650020977,0.209416832215088,3610.14889570983,1,1
339,0.5,0.427839261804047,2.24830442515529,0.892559639108442,0.715544348153193,2.21516353277159,0.057891164543547,0.0401331115265398,0.0607628114546477,0.13290870811888,0.229654951823013,3502.12124007158,1,1
340,0.5,0.423895194877027,2.29344952624068,0.771253307977087,0.963166640667072,1.73565686689349,0.059922740489101,0.0415839369564532,0.0653151853984399,0.127105168797787,0.21349579796826,3509.38910266317,1,1
341,0.5,0.514619541777159,2.28752672621722,0.823471945471991,1.09249884790803,1.82193856229964,0.0466055634850614,0.0425077390976459,0.0631815195508367,0.133467463078995,0.220290139228339,3553.01922683352,1,1
342,0.5,0.510190524262105,2.28509219397386,0.805354619918502,1.07900843661979,1.78316308954856,0.04900059248524,0.0431866480293564,0.0653168828738649,0.13587822620763,0.233089404272766,3527.85463901497,1,1
343,0.5,0.519644190373895,2.25214006507778,0.875651554135876,1.11067269218344,1.66274512709995,0.046600831557511,0.0445633313377015,0.066397198521215,0.134516000168883,0.218146749910802,3538.51412509891,1,1
344,0.5,0.515409157132028,2.29401355557378,0.799144054485284,0.741265458681726,2.47811639852172,0.0424794728161719,0.0405584161132436,0.0618725387883121,0.141641721437659,0.24160670409396,3523.48024451422,1,1
345,0.5,0.534479533255552,2.28219185581094,0.862213379462632,0.875452779447444,2.15256676837579,0.0440734545669336,0.0406240644575147,0.0619220667357327,0.137189232837647,0.236964870515198,3519.84884004889,1,1
346,0.5,0.378576068412574,2.30293805697183,0.736152732991464,0.990570572979193,1.766497765547,0.0648856483273212,0.0431536772469495,0.0654872521318334,0.121672991722431,0.212808011410995,3516.94864799447,1,1
347,0.5,0.485290591737156,2.26633016614311,0.855399887643374,1.28833395117244,1.5783763178063,0.0475859928786499,0.0452012086588296,0.0689592540885177,0.127504563658571,0.210008428794505,3551.35170431576,1,1
348,0.5,0.504633741010275,2.36246928236771,0.671888157781264,1.06513400437615,1.99410862461776,0.0447599929010027,0.0419968118769351,0.0651651098549255,0.135245157954582,0.227862211992467,3546.9385493109,1,1
349,0.5,0.520216979510909,2.30752271429622,0.819125914024893,1.00851997078741,1.8346934815833,0.0464445651032162,0.0408400300538053,0.0624725463547537,0.136558447859257,0.229484757956329,3536.14001738275,1,1
350,0.5,0.545541192309323,2.35563128765199,0.74589117885054,1.20786679378918,1.6928180280337,0.0419718851861787,0.0417906260251389,0.0639517982790448,0.132870185406196,0.225524891285326,3547.61150911284,1,1
351,0.5,0.598565848730221,2.32313442589854,0.748790223676229,0.812107439246817,2.43409313729058,0.0358441312167806,0.0412851042831233,0.0618542904242312,0.146117791586218,0.256942596555416,3500.478307413,1,1
352,0.5,0.51099447267481,2.23042965313755,0.893345945016975,1.11870333285739,1.87574157606363,0.0463983766467158,0.0427787215251971,0.0634905662604677,0.133046368586546,0.233251747280266,3513.90587268554,1,1
353,0.5,0.494731529216972,2.22548224869738,0.875560657792924,0.896727584375899,1.98138112510841,0.0508347181355184,0.0431352588432041,0.0637327426169004,0.135625804760904,0.239191352185093,3489.7428797471,1,1
354,0.5,0.518223590563329,2.28866538975787,0.821528049930105,0.908052375877991,2.0169617823347,0.0457581551062865,0.0420865072229249,0.0624960583372147,0.140109098199312,0.229366438896365,3535.39005846263,1,1
355,0.5,0.561587161527034,2.32164886129405,0.666228548267166,1.00987695122027,1.83351879981687,0.0415677603810168,0.0411881352092245,0.0625170693468911,0.141945685732356,0.234775335447485,3491.306717115,1,1
356,0.5,0.396197857723192,2.30822921915068,0.769194630797207,0.885628309441533,1.94489062985558,0.0643238163528247,0.0417855776804798,0.0635975619279604,0.125776003456488,0.212603187894346,3533.77841474514,1,1
357,0.5,0.546056018565383,2.34824348503203,0.729269838377608,1.08009015037865,1.99193767450859,0.0410672289116732,0.0423255427020441,0.0638561037193944,0.138582854022777,0.22849665555248,3555.56456729418,1,1
358,0.5,0.513982558657865,2.37864299612608,0.668417916608223,1.25581018000849,1.46813129779053,0.0467231575953411,0.0434773784254112,0.0655870281380902,0.1291602691654,0.211843652370938,3568.5581177235,1,1
359,0.5,0.498392719394415,2.34158419372241,0.757632920245289,0.895160653602945,2.11113575873816,0.0492761033133401,0.0426447882491687,0.0642803750520402,0.135489551607913,0.24018654723757,3544.11217567768,1,1
360,0.5,0.490184615102914,2.26831018690906,0.902679354003191,1.09314982045327,1.96082829295462,0.044177302146116,0.0450594899845747,0.0663524462018811,0.139518888347833,0.226359255277187,3581.58955639302,1,1
361,0.5,0.440875600532813,2.28277464761624,0.861297069502248,0.904405354734462,1.96361706282863,0.0554692079641986,0.0424358858200314,0.0647339174204237,0.130649942408513,0.218080071291241,3542.04405682229,1,1
362,0.5,0.494809219776063,2.22039299350125,0.878303635084359,1.0500001782449,1.67679424633877,0.0500076713250063,0.0436220011460076,0.0659706834678019,0.132462798186508,0.214609641799216,3503.74865154667,1,1
363,0.5,0.390070561726272,2.36994125195464,0.686577023727817,1.16889535349333,1.81362935493888,0.0562941119787421,0.0438557288397943,0.0670433615210496,0.128393920179824,0.203495811633204,3613.67350996559,1,1
364,0.5,0.524773229917728,2.30249245561777,0.771969712598485,0.837831868123498,2.14451295008314,0.0465343341440098,0.0420570199145259,0.0637479823835205,0.136680450609858,0.243555626956855,3505.3213869952,1,1
365,0.5,0.510314838209542,2.28592421577701,0.854514137330773,1.37583873022561,1.58535310824262,0.0439529847224979,0.0454816739431405,0.068266849619409,0.133312993523938,0.223628261706577,3580.72454924533,1,1
366,0.5,0.446197453298639,2.28855919110342,0.785896398807329,0.956818030193403,2.10718528773434,0.051234095767703,0.0432278717193877,0.0654851564251113,0.129171891210299,0.223965110668818,3530.68583370193,1,1
367,0.5,0.531402860642336,2.225581651896,0.864839816533989,0.975149470504176,1.95541619281431,0.0435386369022707,0.0425022467238698,0.0639055823495571,0.140532101031878,0.231373461923746,3491.04165254669,1,1
368,0.5,0.427636347840969,2.34167616154036,0.75699950634425,1.22478603814193,1.56056679672144,0.0564424113458512,0.0437063999913153,0.0681597053118062,0.129705175380719,0.208202036646063,3591.30129556843,1,1
369,0.5,0.533504554901513,2.30204693413017,0.725074399778055,0.988212675122805,2.25173683192119,0.0410269839276909,0.0435282196317057,0.0647857226193941,0.134569448463756,0.234686659166449,3514.76349474077,1,1
370,0.5,0.445161061042494,2.28167037428723,0.803173902268256,0.947922450541172,2.00715007738141,0.0530471685442572,0.0432260670888869,0.0645677768807413,0.132805060311036,0.224605668236733,3542.92306679101,1,1
371,0.5,0.468805449679761,2.44504704672392,0.635311481816347,1.06094296460893,2.04841621939193,0.047389307938469,0.0421090836120978,0.064027824933129,0.134944954346728,0.21755763386075,3637.08586917134,1,1
372,0.5,0.448008793289884,2.26896980316533,0.921604900651177,1.1052433813237,1.80813374437566,0.0547060208417974,0.0449120275535246,0.0672665965830954,0.124050492233518,0.216015522591096,3577.24372011134,1,1
373,0.5,0.485108706142429,2.29933921573251,0.796194975366567,0.913047719072261,2.07692806707726,0.049273305037946,0.0414907040754681,0.0623198797886329,0.135820986226111,0.229906956749717,3529.59214007858,1,1
374,0.5,0.55429002464708,2.28617891139184,0.802016774630848,0.734930353991684,2.4457570652159,0.0405007114099765,0.04166521042344,0.0626526257633519,0.143661060020429,0.230708915230981,3530.05503904088,1,1
375,0.5,0.469283902877479,2.27300172657119,0.78199687947335,0.957265920357024,1.8485828592107,0.0527434899370466,0.0423980901725728,0.0639385203886827,0.128609320960291,0.211280431996495,3510.1065433949,1,1
376,0.5,0.558231994353431,2.3367018893731,0.702209549695389,1.05303786491859,1.93280781607609,0.0400679070343952,0.0428468596149017,0.0642709773428486,0.1433297601509,0.245356670659064,3524.29662917099,1,1
377,0.5,0.516916251765864,2.36676445863819,0.754001619297015,1.10117934509213,1.81713073266156,0.0442776004532712,0.0422596393011874,0.0628131505397502,0.134098273606177,0.22155138396502,3578.68277591001,1,1
378,0.5,0.53329075290043,2.27592528562458,0.821336837541092,0.951459449322183,1.98341785335971,0.0440591420551946,0.042543987835159,0.0638447240041375,0.137682211826677,0.239453719501538,3512.87318960119,1,1
379,0.5,0.480719514293666,2.35686575058785,0.636543304483219,0.884723331153473,2.08597674946308,0.0483872901641099,0.0394797939858854,0.0630156449414573,0.132921396876533,0.227000393800914,3499.62352048741,1,1
380,0.5,0.546527341541843,2.27631628686694,0.765000126269381,1.05351449002259,1.85291454809721,0.0415465336860001,0.0417267616039843,0.0628567466091476,0.142433669422421,0.22972045236609,3502.07445104853,1,1
381,0.5,0.54655505451425,2.35323587471065,0.699952353853767,0.739718275592437,2.48268045117604,0.0398524609947786,0.0405707009188109,0.0634584832314431,0.145777232197644,0.239197613872336,3521.30631870155,1,1
382,0.5,0.529379070357586,2.31994668492273,0.819858918316886,1.12554220093483,2.01789261503973,0.0408820952608423,0.0429067296950644,0.0651877445430923,0.135904653238184,0.227905618563313,3577.23373914503,1,1
383,0.5,0.468447784328456,2.37096445052033,0.672979103821073,0.740254954575204,2.24454412835791,0.0517665242613046,0.0406104682902212,0.0614753595369746,0.135497939842207,0.223562859258781,3537.44298301239,1,1
384,0.5,0.512158177709305,2.29543921243519,0.765973158795324,0.837572785175361,2.15987124077423,0.0481525253815232,0.0412685287153639,0.0631899057690522,0.133430451417034,0.232075009045464,3493.12624778554,1,1
385,0.5,0.535317848948766,2.24030468434059,0.974161246652472,1.10956541255242,1.75344990700896,0.0452563152632683,0.0429790746441842,0.0632985198089603,0.131213887909425,0.224232288185046,3544.64587581828,1,1
386,0.5,0.488961455177574,2.27641639551919,0.789335089726763,0.765062505573704,2.31864244791077,0.0476373476304325,0.0415666923782855,0.0642209187209035,0.136323017630892,0.23142512744443,3494.00674802781,1,1
387,0.5,0.51924385137511,2.32523803303364,0.730518865410264,0.9507387944053,2.01800870058125,0.0462413634873817,0.0423750405826029,0.0629245927339906,0.136095071161054,0.236607932570647,3522.87361959401,1,1
388,0.5,0.494083714439338,2.3343456780902,0.710690149120332,0.837119420702345,2.21062310212537,0.0489225251449187,0.0416294323785875,0.0633660645184054,0.135141726790233,0.240064565257561,3521.39357532168,1,1
389,0.5,0.476203112174231,2.27867300064445,0.84793492425697,0.920803216973433,1.98923559724518,0.0535989897241533,0.0439803714716556,0.066135634484109,0.129853159756593,0.218267237773723,3544.76556849293,1,1
390,0.5,0.529416270038624,2.29649067176098,0.784162963525204,1.17758442246164,1.68545630464835,0.0427429778938559,0.0426238745593216,0.0630956367748606,0.137856166690235,0.222710901107296,3545.56292436091,1,1
391,0.5,0.441276078412719,2.1385035441764,0.961814923254897,0.851123355937644,1.9630221424721,0.0558494678383138,0.044376375985688,0.0670695138278084,0.132604304499575,0.212708737836381,3474.05513687887,1,1
392,0.5,0.523742907798867,2.28539313067459,0.797659767535449,0.839437450848688,2.16018459175358,0.0461641089261297,0.0414895295791755,0.0641331534964576,0.142687917395484,0.236402544722574,3512.67632132564,1,1
393,0.5,0.427748574389667,2.27904143892261,0.774895473680955,0.913791736444974,1.75154757044541,0.0618847162806935,0.0422823183757026,0.0648047628282047,0.128934736257243,0.215633179183685,3502.94137264652,1,1
394,0.5,0.485335467075784,2.3252004790257,0.795150442057437,1.03672863295353,1.86272995138345,0.0492779891383735,0.0425767269178008,0.063765938911333,0.135726129745556,0.224024652124337,3572.09348808837,1,1
395,0.5,0.507035804628373,2.35071382800409,0.710846258872823,1.00240213619094,1.83982246059326,0.0491301453144081,0.0426734667761617,0.0643434921254339,0.134066586133053,0.227665210655112,3529.4479550639,1,1
396,0.5,0.508040792842185,2.33147943376997,0.72833837191305,0.845182157659719,2.1568123073672,0.0459960251791302,0.0404740103995142,0.0630558498323989,0.144886974911517,0.235478092059901,3537.7851036421,1,1
397,0.5,0.506429285576036,2.26297395082763,0.924865874927833,1.29241289268226,1.6753539244665,0.0448780568403862,0.0454589671179814,0.0673791622702697,0.134804617717086,0.219253822736975,3597.75205358968,1,1
398,0.5,0.536340044912551,2.38892094183263,0.694032857113639,0.952136754635345,2.21339197616438,0.0421588557526593,0.0433361618587553,0.0648567557279403,0.144050313658504,0.242203526803079,3588.17053724172,1,1
399,0.5,0.547170768312903,2.26287403158975,0.851754540257499,1.14883795111742,1.9467606199405,0.0389997414996297,0.0447057502840356,0.0656640523941087,0.140965071586796,0.241100153832224,3536.05145676332,1,1
400,0.5,0.498087593020155,2.28692059717641,0.832373992324947,0.758989268731912,2.39972795905279,0.0473969520987029,0.0413376699271415,0.0629772031455335,0.137667987192082,0.233216363800048,3540.2770657653,1,1
401,0.5,0.53321887310706,2.3360490506827,0.780834316797923,0.967688240660936,2.19316316620289,0.0450518738270927,0.0410312052691018,0.0625709122617982,0.134745375622063,0.250195121816916,3535.62974731802,1,1
402,0.5,0.485231204158627,2.28257547531313,0.804567714887973,0.988626712282688,2.08519277552114,0.0498602683767762,0.0442794426844031,0.0667068292359035,0.130422447380794,0.238963473493717,3523.27884123559,1,1
403,0.5,0.539245568860433,2.43678846282556,0.574206417945232,1.00335649238569,2.13741848330824,0.0421724251352928,0.0426609520181299,0.0653791983082562,0.139305761698041,0.235265383608567,3572.97770872991,1,1
404,0.5,0.480150142282088,2.27658792101121,0.831991223482924,0.977403009052336,1.97292806825625,0.0516943768415837,0.0432093982702598,0.0650812955554438,0.13266145523658,0.231689979673297,3536.95694779043,1,1
405,0.5,0.444633556875113,2.27357037428933,0.845483811471104,0.866490546232136,2.05528191591091,0.0576356516049766,0.0413613887281164,0.0641172969672256,0.131169740815872,0.24169204780679,3508.81341825257,1,1
406,0.5,0.373816497959991,2.27495169775836,0.876063486753206,0.918508518628233,1.89036946774005,0.0680243393046909,0.0423294765511106,0.0645674795828352,0.128851536200301,0.215771339422741,3555.97399492805,1,1
407,0.5,0.543418325853067,2.3219946830173,0.804877806421043,1.34029374953404,1.70868677833108,0.0382617743700049,0.0441181281681254,0.0663879049523626,0.149693526777838,0.232150289247965,3603.41206992377,1,1
408,0.5,0.455274235926874,2.29152756348525,0.820690343232469,1.06325989490818,1.71988803711968,0.0573934532693762,0.0435820283986948,0.0660937336496719,0.125081710799906,0.219864447705295,3531.52664245088,1,1
409,0.5,0.53636294596971,2.25981014496871,0.843430339638775,1.13563721422703,1.92113173130219,0.0427066562368619,0.0432145212081642,0.0643589146840639,0.13159083277897,0.231942957243238,3520.36161386037,1,1
410,0.5,0.484298208679283,2.31435699239716,0.814245058252789,1.00493127093354,1.99529940976287,0.048841715349538,0.0424820785538627,0.0644008618314393,0.127772061288158,0.228524622960905,3544.4844572647,1,1
411,0.5,0.479896955148744,2.35734634621233,0.764213963335572,1.00323932657298,1.9875533921245,0.0499256414110463,0.0418069017145192,0.0628128696821783,0.128536675418208,0.218832371372667,3574.61137247229,1,1
412,0.5,0.495657133615815,2.30749922614541,0.791108214552748,1.07949901425779,1.96237184724324,0.0465074293786038,0.0435323909734119,0.0651535529467175,0.131746731345144,0.225504236430028,3547.08998443168,1,1
413,0.5,0.518387230194149,2.3930434005993,0.636157480021211,1.10064100122637,1.81388884039678,0.0451556033510715,0.0422418646823683,0.0646529793908477,0.134754758077726,0.22779880834696,3553.72405916933,1,1
414,0.5,0.470695293047629,2.27761469849402,0.862177084716713,1.08679645477685,1.92276581729707,0.0491663674269645,0.044039669415731,0.0640906886906242,0.132578149824872,0.215080307192007,3585.30905524092,1,1
415,0.5,0.455285971342157,2.26751033401092,0.844325426107822,1.00459561352147,1.83026318178951,0.053053538112382,0.0425756883580367,0.0652889539454213,0.134450175098003,0.223123844336179,3536.58190094655,1,1
416,0.5,0.522062677743384,2.31770825881944,0.776078399688861,0.988888831348357,1.85372518199857,0.0473917444951501,0.0412155702707289,0.0609022565364813,0.131841553699596,0.213469952767658,3533.51235138368,1,1
417,0.5,0.474499593775168,2.28028075660402,0.811391936736746,0.948640221833819,1.90795111019492,0.052695680880044,0.0430622627044853,0.0652473578183532,0.132434087660239,0.228447623761784,3519.53057188874,1,1
418,0.5,0.550848751079319,2.36671162846859,0.745911643739852,1.34970184105011,1.483050600168,0.040742689066316,0.0434138408412934,0.065618506954587,0.139791507749621,0.221967250764068,3600.19628041316,1,1
419,0.5,0.563842620655873,2.33100745412445,0.762271265357859,1.06865741653554,1.90471934241428,0.0423158592921356,0.0413894728603996,0.0614603878450801,0.134899258439569,0.237870176574471,3525.04805660226,1,1
420,0.5,0.506780028303753,2.30869136519471,0.83874378073089,1.15549258369525,1.86556837947413,0.0460822664198297,0.0435551696686654,0.065412721678326,0.131680474142138,0.224258432520687,3584.19602865953,1,1
421,0.5,0.473634333884074,2.22941405238948,0.924607299677091,0.893907464263669,2.07075485050658,0.0503583270160477,0.0426424033251526,0.0640955068305702,0.14079470512965,0.224252020057291,3551.97207738682,1,1
422,0.5,0.497812563831872,2.2778826713297,0.859215498505851,1.28873701925121,1.57352159304444,0.0456861873135746,0.0448442606584586,0.066524977888894,0.131113932363766,0.218031015038113,3571.02936959049,1,1
423,0.5,0.521500513160533,2.31613775620403,0.815543931371561,0.709612987482616,2.41946336621727,0.0446003849223756,0.0399810982776656,0.0611794542995163,0.142073729729561,0.229526607348509,3546.13647130082,1,1
424,0.5,0.445242079778326,2.37158015098332,0.667280902752351,1.03561369468372,1.64099575569814,0.0588100864791619,0.0415143978003981,0.0640464590417952,0.13297590056962,0.219633664340308,3547.11768736581,1,1
425,0.5,0.483395138106211,2.25619061124379,0.839674843607824,0.978031902455798,1.73874115701506,0.0527208934680913,0.0418078794658285,0.0636669700000822,0.135292813946245,0.233046218647423,3501.24365570055,1,1
426,0.5,0.416287399350589,2.35629483871544,0.772107416608543,1.01770928584989,1.96942075385688,0.0559286456496352,0.0434944148092534,0.0659985364349554,0.12727458555521,0.209294963173127,3612.26667958078,1,1
427,0.5,0.462843453281913,2.32892005918086,0.752333951822765,1.05818101389149,2.08462846689963,0.0468490988486233,0.0438815445872645,0.0675194683571028,0.131919805770178,0.208550156777296,3595.28161571488,1,1
428,0.5,0.391272012188789,2.31603753621568,0.781509248240216,0.862970065221985,2.12297734041191,0.0589954044436279,0.0441499172482948,0.0669928907239951,0.132543923006177,0.217601852231974,3577.06508038045,1,1
429,0.5,0.525668119318608,2.29540685428031,0.854997822692752,1.06368781871965,1.96701359474465,0.0448960018050246,0.0447710616313709,0.0660254728175972,0.137978650240102,0.226976990716047,3583.83008587098,1,1
430,0.5,0.505947787670224,2.31723395497521,0.774837604128881,1.12427272840759,1.69763149818969,0.0483647804156942,0.0434398631099299,0.0646548023684804,0.129858431129579,0.224798296737222,3542.46985283832,1,1
431,0.5,0.423010982441027,2.30608379985139,0.788395734856112,0.973174099593777,1.92370285247746,0.0552234156922739,0.0424305663393649,0.0654300000220655,0.127176649749084,0.217436009339644,3536.19329415778,1,1
432,0.5,0.548144061425034,2.33876502507177,0.744947322071459,0.732511653396135,2.47769353116223,0.0416735599664401,0.0406634902758237,0.0633001612056795,0.143438094791409,0.24070558683751,3527.44133032217,1,1
433,0.5,0.473064952826955,2.30870471989802,0.82160059794438,0.922166417786819,2.09160657006904,0.0506771552096743,0.0425673246495274,0.0645550639366861,0.136246733143067,0.230920954075842,3565.60936900446,1,1
434,0.5,0.488175189163572,2.31590176283207,0.770885488795544,0.885860285928868,2.10677974741731,0.0506160740192969,0.0409215702742755,0.0626099794267189,0.133935301523815,0.227484798861215,3538.80355249685,1,1
435,0.5,0.543166296136409,2.2859073533971,0.741736516191948,0.985522150988899,1.9308043014538,0.0438627615939293,0.0421692113820749,0.0649182121900042,0.133369824612163,0.235766132985112,3468.18205407563,1,1
436,0.5,0.48436313319417,2.30879730794399,0.795060164189784,0.883385171397343,2.24306576691229,0.0474764684756488,0.0426915098757866,0.0624957595750363,0.131171316516866,0.222798049658551,3545.78252733134,1,1
437,0.5,0.553424212156202,2.29185770874091,0.789263890579158,1.08732193738966,1.78676926783204,0.0429736188606155,0.0418263715858909,0.0635310649016105,0.138241616144961,0.237109767141866,3511.17029900925,1,1
438,0.5,0.54672823686974,2.31313062130409,0.785093852782189,0.948788935928817,2.2466981232258,0.0406966190719563,0.0429007806516834,0.0631577850125018,0.136799067540341,0.238340500422957,3534.62911700541,1,1
439,0.5,0.454084711238556,2.34239924684282,0.783630797056318,0.920844149166645,2.22812804091598,0.0508689952908661,0.0418078538553122,0.0636043066275158,0.12878261411476,0.219492545683402,3580.96752959008,1,1
440,0.5,0.486587891322014,2.30037392558188,0.782480865737397,0.73601089704184,2.40697573308999,0.0469226325010178,0.0418251270373938,0.0637831439441574,0.140872071900032,0.223478162595568,3548.90712018852,1,1
441,0.5,0.491672201517911,2.35773821206472,0.728374045310804,0.953178549620757,2.21714129715712,0.0475483725952897,0.042974639910452,0.0644041987321818,0.131609660182582,0.23725986531248,3561.24744595011,1,1
442,0.5,0.478184729241148,2.27097701822678,0.805689763799656,0.909698627481331,2.1241041098971,0.051229457039527,0.0426477231049349,0.063332955004851,0.130599816201256,0.236729734258701,3508.01044357366,1,1
443,0.5,0.511260746646126,2.24875804139437,0.869796440251919,0.991316031993489,2.06190628440118,0.0447276037813353,0.0425346420478223,0.0637990043519088,0.132360295142409,0.225582337722706,3519.83214261546,1,1
444,0.5,0.531613622255439,2.23316085354495,0.889148498400662,0.847351852984242,2.41069089157816,0.0409869177938228,0.0441515054332511,0.0654842656741926,0.141749359908823,0.235032995914085,3539.77528989452,1,1
445,0.5,0.444974766419177,2.32363591509434,0.762504674832779,0.766997978482124,2.23750959386174,0.0513500654696771,0.0412731162529466,0.0655218312170577,0.133297386612933,0.21036374164563,3549.38364809231,1,1
446,0.5,0.502445850051588,2.31093456058457,0.788931707581656,0.856848936341301,2.15182835885819,0.0462376443376644,0.0412893636746253,0.0634566919265459,0.133741119345986,0.222487899325025,3528.69003353993,1,1
447,0.5,0.527739261632547,2.22760550175253,0.929870409982595,1.00897696219356,1.94816756031623,0.0473699526006283,0.0426095224968608,0.0643759390660965,0.131386776220214,0.240130143189586,3502.971326956,1,1
448,0.5,0.491064595459664,2.30318253338615,0.827811092179034,1.05561501439729,1.97020165638796,0.0481947873596058,0.044129480237917,0.0668693805985421,0.131961507516262,0.227410765868476,3568.54051300659,1,1
449,0.5,0.53727946550836,2.30684225990705,0.768001302205917,1.09642789113346,1.96528991823816,0.0422281034686542,0.0427161514050588,0.0642516911582538,0.135721846040536,0.224220829453763,3552.24300831742,1,1
450,0.5,0.452923023626793,2.37296457130295,0.670756761835361,0.911513673839996,1.8522695388747,0.056154506603674,0.0402839662305802,0.0622992913395452,0.129602991549769,0.218520380272616,3528.25191724427,1,1
451,0.5,0.553120804651122,2.2870057687173,0.799463607209263,0.980417328532862,2.20824183796826,0.040459468702885,0.0436036852995874,0.065600422853772,0.138442554333232,0.244800060201441,3528.14025628809,1,1
452,0.5,0.555689469882284,2.30672370666192,0.760720334404801,0.923821904188278,2.01884207895616,0.0416397852972658,0.0409294883942098,0.060150830488256,0.137318864373802,0.230252275364468,3511.9253559236,1,1
453,0.5,0.499926367773,2.34714875918006,0.75452467733327,0.890146260495204,2.3169455181664,0.0437826926197603,0.0433844715285718,0.0639352626546448,0.141627428676036,0.227826119943066,3596.33922330959,1,1
454,0.5,0.502956216370933,2.24957582900427,0.846945401678445,0.798977501366033,2.21326123864444,0.0477941344054052,0.0416247943112806,0.0620333752357307,0.135424691975086,0.231074555036365,3497.32272002066,1,1
455,0.5,0.513080721378849,2.37161837456987,0.718429919891623,0.916217017962969,2.20621269105781,0.0465401337472221,0.0421949556896612,0.0627918716696252,0.135166348031166,0.246751464620756,3554.76738389973,1,1
456,0.5,0.547062540376126,2.28689957339424,0.83633207163116,1.01929471248343,2.02094718828911,0.0414948202349617,0.0435668258878301,0.0634737393759319,0.135555783922558,0.237919798428628,3541.1873638756,1,1
457,0.5,0.502772003408794,2.33946006041323,0.773385148310896,1.35242066354887,1.71182288906959,0.0422675639114623,0.045556576523835,0.0691750690720916,0.135809885079475,0.212470182390129,3611.61667438498,1,1
458,0.5,0.561103212486598,2.35810078319471,0.747060781080111,1.12849993590155,1.96089704039962,0.0392202959066988,0.0426508355442187,0.0634021345876991,0.135232971187513,0.231811769052403,3571.45051409389,1,1
459,0.5,0.52908952155854,2.26636358751401,0.809223235220283,0.956808273699789,1.99959149338786,0.0450327881654196,0.042946934468133,0.0622900485644777,0.134047241767283,0.226920608827586,3516.43917978336,1,1
460,0.5,0.538679188594496,2.25536032582073,0.830619197475046,0.64350307350124,2.47521542102467,0.0436075674108157,0.0417298462102741,0.0616659134251571,0.141459141767493,0.241375845466794,3490.44534185582,1,1
461,0.5,0.320575065313532,2.33855643640399,0.728983246105048,1.0104177311178,1.80573456863424,0.0712151255097608,0.042582985828098,0.066159158722328,0.123498315976361,0.209225198499362,3564.62240891508,1,1
462,0.5,0.499240230859701,2.30850325522063,0.811359169420766,0.909007574979982,2.19450206266416,0.0458619379274405,0.0420255305403186,0.064072429171913,0.137430330057341,0.229824441822144,3556.65326613447,1,1
463,0.5,0.587077919986189,2.19019911058924,0.939569912669626,1.09785784680843,2.11556990635175,0.0368053100795113,0.045317228197591,0.0649895985591602,0.138402084017193,0.242301958051347,3498.90201278691,1,1
464,0.5,0.483961025931274,2.30932837038849,0.810456690435963,0.965127145744518,1.90789395894461,0.0498129289923869,0.0420721384010365,0.0633208343848604,0.135453452081073,0.219705686216712,3556.0359460617,1,1
465,0.5,0.468500644116289,2.26777231407625,0.855311142956455,1.15215381307657,1.75112089069817,0.0515578019565869,0.0434548239296579,0.0643172188792862,0.13241942039903,0.220099789502912,3563.71458479068,1,1
466,0.5,0.527294634152357,2.22754864663608,0.944339975082653,1.12457291343091,1.80858907346272,0.0449861765111802,0.0438418008288435,0.0651326833151935,0.134444488158755,0.230640185974126,3541.3438897351,1,1
467,0.5,0.568527764380481,2.27740270502858,0.827441665369873,1.06186494044329,2.09778200449016,0.039461275238852,0.0444327294112458,0.0659109135549775,0.140288101068947,0.259316697566474,3514.91868182083,1,1
468,0.5,0.521333057778332,2.29207281106899,0.842547689300935,1.07442012536306,1.9800132810501,0.0442206085025007,0.0438807273536633,0.0651123628761921,0.129790918361489,0.220871246213502,3554.634138503,1,1
469,0.5,0.456547416309888,2.31367300696658,0.785335767342339,0.923305332573957,2.17349984483412,0.0516544358283233,0.0435492060413168,0.0673012580475401,0.124957649656395,0.211962684827812,3549.58669886661,1,1
470,0.5,0.45587212487321,2.27305188772561,0.801646457324558,0.846517975543084,2.12497926182031,0.0537010589491825,0.0427926124316613,0.0655717177014105,0.133643729690229,0.225592513176037,3512.70591259911,1,1
471,0.5,0.471165775656605,2.33261494483034,0.749017896421899,1.22874579229829,1.64186459338615,0.049024399819474,0.0444752214688545,0.0663232724822368,0.131175499631213,0.212429266577639,3585.27873068845,1,1
472,0.5,0.478484442985574,2.28845015061624,0.79666919044413,1.05070344354547,1.92929488937785,0.0510966648529462,0.044404732372954,0.0666897044166991,0.128795474180264,0.227680354408011,3538.09710741644,1,1
473,0.5,0.420013020391671,2.32648405725525,0.755780027755539,0.821696750288677,2.35856936193389,0.0527848449221456,0.0426343966606676,0.0649024322237502,0.128294775174441,0.220609770194428,3546.20438059407,1,1
474,0.5,0.515844795957953,2.19181552195788,0.915461025998863,0.948198766480727,1.8546890752693,0.0468417428010618,0.0421492896275687,0.0629749909943729,0.136650757181741,0.227437954526452,3473.59779893233,1,1
475,0.5,0.485941495947583,2.21857002715276,0.867417210996919,0.738716299636857,2.26733187805096,0.0488729465187721,0.0428963964053921,0.063128872939526,0.141201779350405,0.227805446445779,3513.97418258612,1,1
476,0.5,0.547048057942119,2.33416072840193,0.772191937908935,0.840328126458965,2.33415442854323,0.0394089912140532,0.0418647577252166,0.0619462272333111,0.149336081113481,0.247993667896247,3559.54294595509,1,1
477,0.5,0.48781133370277,2.25394525951794,0.836172881059303,0.766773065043977,2.30339978430958,0.048698072684835,0.0423137595754382,0.0638217703759866,0.135437310210371,0.230087660540689,3504.50323935141,1,1
478,0.5,0.575592006976751,2.29201734669779,0.817567552882042,1.06183202850632,2.25236164359551,0.0354681827817586,0.0441641554587103,0.0661986861377751,0.146712610841851,0.224583158601638,3583.16985794161,1,1
479,0.5,0.535240496182261,2.25039673729307,0.851441624409898,0.896356708728637,2.07695343874794,0.0457859797553495,0.0427895865970474,0.064833774885573,0.139493115286346,0.241932413618158,3498.44160002911,1,1
480,0.5,0.463909572136896,2.28899325401729,0.852204103086752,0.910286426729633,2.12702887295144,0.050557408801071,0.0429497305599366,0.0639262956968625,0.129810662646547,0.223349441609681,3548.27961162042,1,1
481,0.5,0.500355301172779,2.28627191447138,0.856376185039297,1.325514454736,1.56816657574273,0.0463420015888528,0.045027101455203,0.0661106161468163,0.129704119181835,0.224486839462492,3565.14532957899,1,1
482,0.5,0.511868180896648,2.36593586723248,0.728824792103032,0.892004808765597,2.37467495119484,0.0438766392376958,0.0405104184388451,0.0611310042127247,0.132834105711336,0.236589232169658,3550.6610662858,1,1
483,0.5,0.492770754825832,2.30377405621163,0.800977987204976,1.22750083659416,1.70629327824662,0.0462089233648768,0.0446062190558616,0.0666253834839403,0.131293904882531,0.226569130858144,3559.90071247047,1,1
484,0.5,0.502501645389802,2.37254489874862,0.69995191077884,1.17172038996217,2.07287002540487,0.0441175668442192,0.0457320022349066,0.0676204956247306,0.133380850451357,0.233064936220038,3604.13497856363,1,1
485,0.5,0.503599665524693,2.25274257482163,0.933550723715915,1.136128200951,1.89948499371982,0.0462850626753355,0.0429343188750846,0.0643405528371048,0.129800124974741,0.215608974331288,3564.93816325479,1,1
486,0.5,0.510369264906925,2.33773712495926,0.706515330996865,1.088667125644,1.69905986294379,0.0473554885678548,0.0419021650290416,0.0629632266414234,0.133522460796657,0.226500693620684,3524.92444482362,1,1
487,0.5,0.481103948019882,2.29432737474572,0.83017905901624,0.934933196770741,2.0381560805675,0.0477847353239945,0.0420561237033416,0.063554463498161,0.133887696943821,0.220310515500809,3547.47614778501,1,1
488,0.5,0.527198069423538,2.3215425519217,0.772117034641872,1.03088650797732,1.89123626878601,0.0445114978943443,0.0413110006345709,0.061396150448781,0.134109208338247,0.234622362165803,3528.32052614246,1,1
489,0.5,0.502624444386358,2.31086510897364,0.845062572697998,0.917352216501516,2.20841822236507,0.0452157613737052,0.0413625961318595,0.064399981039403,0.139591434645488,0.223827621170223,3579.27084803018,1,1
490,0.5,0.488839693737395,2.33475972263171,0.799418272546739,0.92495519368982,2.1098197258113,0.0471606946551369,0.0427872292758699,0.0643224192715038,0.135203218874722,0.222351613557634,3572.03394738411,1,1
491,0.5,0.525762073685629,2.32701267894841,0.799761466626557,1.02465810969408,2.03811128125938,0.0441081598277773,0.0419401200601901,0.0638874308356052,0.135115550899456,0.230349262364582,3552.66341288931,1,1
492,0.5,0.428706142410346,2.37307949696795,0.747644186054078,1.24988546526731,1.64142623940083,0.0547068121128257,0.0435538872136872,0.0663282588231044,0.123294621033655,0.207954116362813,3606.39559268813,1,1
493,0.5,0.536501325454184,2.26147654662642,0.904627210700961,1.08147519043794,1.98376564587054,0.0423233193168153,0.0438838583706967,0.0646095264045304,0.136746923940349,0.232495765711838,3557.16676527966,1,1
494,0.5,0.531762649104856,2.25800252988674,0.883903733217029,1.01762601656367,2.12329497586047,0.0429373275318688,0.0443100296045012,0.0658748040501879,0.134959242340525,0.234018786952727,3545.43014156637,1,1
495,0.5,0.574960251522806,2.35293021446511,0.754012068713494,1.15960287371649,1.95981943652526,0.0362184834028448,0.0419525182296361,0.0620003044439825,0.147488802997943,0.22689065551394,3586.7628843814,1,1
496,0.5,0.573571708888001,2.32277224809212,0.76485869210659,0.90933577166202,2.46081592474395,0.0357496368825698,0.042750843355187,0.063162301802157,0.146611810504659,0.230857382863916,3570.17502035686,1,1
497,0.5,0.564024647742948,2.34445238058514,0.781564673037479,0.998966404287519,2.19572429895325,0.0390642712382794,0.0432488974680975,0.0640672958782098,0.139271264841154,0.237478796168282,3558.78829994824,1,1
498,0.5,0.525226011318567,2.31933106630682,0.769787688187166,0.861855317776315,2.06461887902578,0.0454341422005172,0.0404350798637709,0.0614088980810585,0.137007129640229,0.233171508782901,3510.6745830004,1,1
499,0.5,0.509534545643153,2.28351478473517,0.848623252802445,0.99214013762283,2.01152409665518,0.0480270980702132,0.0434975743205995,0.0643518092597627,0.130208102522081,0.226632806750464,3550.19890321256,1,1
500,0.5,0.476056747427321,2.22567225694289,0.837032281178129,1.00857476135682,1.75965870145509,0.0533627005033596,0.0424756691450107,0.0636809807041884,0.135902864231761,0.230442417559597,3494.15482124721,1,1
501,0.5,0.544152374941632,2.26410896654556,0.785268511872496,0.912092712841358,2.15366045706501,0.0416940477309241,0.0433445601403404,0.0639099562122242,0.1393073256888,0.232626544163557,3505.84858099514,1,1
502,0.5,0.566768681826075,2.30592710505313,0.739240572687749,0.778284816944312,2.20274486492336,0.0421484446822746,0.0408109470188373,0.0621093684775789,0.143196386714416,0.250167818529604,3471.64554842848,1,1
503,0.5,0.471015334206263,2.29317329717066,0.827668025568356,1.05482825393244,1.86040331008812,0.0510268927277038,0.042723191008828,0.0646978665843181,0.132875362684026,0.221960751845289,3558.27092242382,1,1
504,0.5,0.554320553486264,2.27059240559924,0.786457634734478,0.832385772028602,2.0478059304241,0.0450226968060256,0.0403052370052958,0.0602591504856065,0.140716793349916,0.251138580277306,3467.86423295716,1,1
505,0.5,0.460548325401217,2.26985753397224,0.817098179045338,0.902615535660576,2.10878247875209,0.0524633747834803,0.0435665988752532,0.0669203235184804,0.131903533948008,0.230534396243827,3518.77579276037,1,1
506,0.5,0.483097265882333,2.29026888474133,0.805973272532522,1.16481170128659,1.52202479191606,0.05339639191681,0.0426763702403561,0.0633035263812329,0.127996025519986,0.218696546955888,3539.7371062993,1,1
507,0.5,0.471298514846131,2.37139264056098,0.67931560443708,1.039795317261,1.83648738857033,0.0488485930573799,0.0426981224900719,0.0652059826055088,0.13164502940995,0.215684364023805,3561.19011996262,1,1
508,0.5,0.576817077966198,2.35119837405795,0.734849576105984,1.02682131932423,2.06974159611003,0.0389479609988129,0.0415065918239929,0.0616568589752771,0.1415821669004,0.249155784450233,3546.69360478576,1,1
509,0.5,0.473261972810398,2.40215855822581,0.645780564715628,1.06454063064589,1.82543601033706,0.0511689213017628,0.0414368341950587,0.065034206515293,0.131442182863436,0.228759700605783,3549.78810301228,1,1
510,0.5,0.355900951106468,2.34071564992705,0.71352990673234,0.980190604626044,1.64936066134803,0.0732210162590613,0.0422564392225506,0.0651212221330173,0.124522365214833,0.208339168964914,3543.52849719946,1,1
511,0.5,0.486094384149836,2.25376514624957,0.855659287287906,0.948107723107936,1.90690430087219,0.0503080923467184,0.0439691549283228,0.0671359400897498,0.133617384029737,0.222925196697776,3519.38262952247,1,1
512,0.5,0.546166103088818,2.25264422152058,0.920708729154671,0.801864974735983,2.25769078407516,0.0422222227121499,0.0416133790657489,0.0625716465372042,0.13996585241778,0.225340968840629,3533.32531779625,1,1
513,0.5,0.566265880308515,2.23712523308189,0.860112213581148,0.916791731217793,2.01989440646408,0.0395106728099827,0.041818446527955,0.0640788554286428,0.147344394275588,0.23401148278776,3496.10981829721,1,1
514,0.5,0.46722496124577,2.33624257678749,0.732591377419183,0.998114479394259,1.7874738425924,0.0560290890660326,0.0408167612796921,0.0625557558908531,0.129837736707831,0.222977507334361,3526.98937559442,1,1
515,0.5,0.490921811814892,2.25584104156851,0.781194649540998,0.924451999735111,1.85048664240465,0.0512057709086229,0.0430362268253985,0.0641213350504116,0.133264803332252,0.222445048730512,3490.10563790666,1,1
516,0.5,0.50464565803207,2.31910527120085,0.819306448544994,1.20813734784234,1.7331452316356,0.0464977795057659,0.0439181996616706,0.0666546627283136,0.127771772540347,0.22403841128423,3571.51903822515,1,1
517,0.5,0.550284959529097,2.32610074223141,0.743992984945812,0.984072716903016,2.01573431153446,0.0426787079562553,0.0411961566622138,0.0616368006701601,0.142570999864043,0.23575394665376,3540.85410471179,1,1
518,0.5,0.426877613607819,2.3516578368384,0.698601477117558,0.674978089530667,2.37453224085514,0.0570752259649787,0.0416811194525776,0.0640856148951322,0.132466856692748,0.228668487928247,3523.46482895763,1,1
519,0.5,0.476700969457602,2.30874127035391,0.818352132859501,1.19935063388394,1.55958238976229,0.0504413823688604,0.0422951468685274,0.0630717271759104,0.12708878368149,0.208047935560233,3567.43838742848,1,1
520,0.5,0.505781588823142,2.27070318763655,0.835556361976908,1.1250614897821,1.86464915367288,0.0472908905464617,0.0438369709470544,0.0656971925207302,0.129538304787673,0.232726517779611,3524.71405672573,1,1
521,0.5,0.501520489038796,2.25601875589839,0.837243046120258,0.842500305888267,2.32501302746379,0.0461023627599919,0.0423475020414091,0.0637464096854729,0.135063468727658,0.241415648513684,3499.44430540728,1,1
522,0.5,0.457072469987763,2.24960381628705,0.840733554755729,0.998739503621444,1.96834168068161,0.0517040189681573,0.0456993495787856,0.0671000892791664,0.132576042758686,0.22307870685476,3543.87337657218,1,1
523,0.5,0.518778964976876,2.30186648604724,0.807986873413872,0.87982033217698,1.96191205804953,0.0475593735558937,0.0399466307669536,0.0618688844729556,0.13814711188851,0.2332365687463,3507.44132811665,1,1
524,0.5,0.457825265116879,2.26673051161587,0.80065920205349,1.08133537744575,1.64781010591343,0.0533648425679893,0.0422031349732258,0.064294891314183,0.134207398841221,0.213234748271023,3528.97829970987,1,1
525,0.5,0.476931499353119,2.3052829837491,0.826727019019735,0.794045025417796,2.4237057498968,0.0509040625700948,0.0420041599162882,0.0634940840037969,0.132064549830781,0.244065605473443,3529.69234111021,1,1
526,0.5,0.513747511929766,2.30296931492014,0.798484725207613,0.958580805379412,2.09353292070432,0.0468344380991295,0.0410103823629755,0.062157388837403,0.134583577937644,0.231355938843302,3525.51796925297,1,1
527,0.5,0.579715626764833,2.31106788348296,0.817307383952782,1.03371665879991,1.9404699751634,0.0399999727395809,0.0414392766586032,0.0608319154283494,0.137975190566058,0.238386812914673,3529.60478273613,1,1
528,0.5,0.470548529023699,2.39850696202706,0.65539676554048,1.10839075854798,1.87622579507735,0.0507407003932795,0.0427158194701537,0.0654277629690953,0.130035655807597,0.23007901237435,3573.3142169997,1,1
529,0.5,0.574401117895541,2.36303669575227,0.683115466387802,1.16175392162763,1.83611988656287,0.0391717617176203,0.0429583741399734,0.0639967626820402,0.144134141267869,0.2402357507103,3548.71914721458,1,1
530,0.5,0.557204841171215,2.2251468818795,0.872415107375478,0.851910406498517,2.29718622465879,0.0421197822331921,0.0429957929249486,0.0638275152716703,0.141587035020799,0.245274637113025,3501.88455108805,1,1
531,0.5,0.544533414195973,2.29306680431326,0.837895173039604,0.937703581947411,2.16186124846347,0.0414870920679821,0.0424844642376246,0.0639551996337495,0.138138782481776,0.225065743375788,3544.80183865679,1,1
532,0.5,0.501072826403348,2.2908416625188,0.814251350238264,0.998360880603685,1.91614492689921,0.0479902115008016,0.0421702742137096,0.0632127815107285,0.133642420453649,0.224779590019,3532.52507840664,1,1
533,0.5,0.498071654742292,2.27686665770556,0.845032789468807,1.12875617481489,1.94184890806384,0.0471388859930715,0.0439172077187137,0.0644049332962898,0.129030898195953,0.225764490061983,3555.97754755758,1,1
534,0.5,0.566500660120619,2.2735528121717,0.807139590343277,0.82352266355215,2.34709313893614,0.0399532313451005,0.0420062057031895,0.062593686785756,0.14407219596568,0.248855749682837,3503.73770682972,1,1
535,0.5,0.582530345309433,2.31615501175351,0.78396496064347,0.951111263377602,2.24872466674738,0.0366661612177663,0.042003204374873,0.0620812091827311,0.146569626560439,0.251415565859204,3533.07097541291,1,1
536,0.5,0.555894779405912,2.35500460424724,0.767479969096132,1.17244682867205,2.00160165503573,0.0383500884645314,0.0435445643556115,0.0662123244964854,0.136816624823816,0.232378509825402,3579.07003964942,1,1
537,0.5,0.556518518615428,2.33884851453478,0.762253798378415,1.13181132635835,2.0101736988345,0.0386751619085083,0.0437373534597617,0.0656322492682876,0.13620837621621,0.224244431739964,3566.35220265599,1,1
538,0.5,0.475086085057551,2.27027882363104,0.819647383186038,0.805851289833597,2.13610919958798,0.0500859001713437,0.0421118860506742,0.0635434316544832,0.135989493479277,0.227193838006279,3516.21471796483,1,1
539,0.5,0.402942309005062,2.34011754806954,0.731253705637511,0.935035883003807,1.78765750226303,0.0645387840814477,0.0410652096835115,0.0637747234411274,0.130089641247342,0.221923948995009,3537.47338157927,1,1
540,0.5,0.500492143049757,2.26477532503428,0.828211005161753,0.945621009847362,2.10549259217099,0.0453577745597716,0.0421480491979196,0.0657885080418559,0.135004525009989,0.21876320676688,3518.99846468975,1,1
541,0.5,0.519098960754304,2.31147093747524,0.75298101636828,0.961693848610492,1.86535966871108,0.0459047832738582,0.0414077277180947,0.0621195053606559,0.139960736479661,0.22212452637289,3535.83712405076,1,1
542,0.5,0.401986376132097,2.36624009163592,0.72275496913622,0.88922010415764,2.09881972072592,0.0582586724562712,0.0428181104377131,0.0652427524318071,0.131344795708079,0.21790247048491,3592.66006761097,1,1
543,0.5,0.492285613902589,2.35167061135014,0.7388817450139,1.14500828719311,1.68299114802393,0.0503477149465555,0.0419051311923484,0.0643112995498978,0.135691549585184,0.224306308177504,3566.13104373029,1,1
544,0.5,0.520997980687551,2.27978973514688,0.801596238690384,0.924372185507359,2.19058392290355,0.0438795247368988,0.0427004660775723,0.0635750195405799,0.135157611639328,0.231545532511301,3520.45042000463,1,1
545,0.5,0.488286073927651,2.29959917190774,0.814331756293711,0.889452361544041,2.08969714023931,0.051358785134927,0.0418298506051316,0.0633393596779041,0.133177538836759,0.236582639836811,3530.68256517481,1,1
546,0.5,0.46202675726109,2.34614213943558,0.730267834938335,0.937830828582796,2.03851098957387,0.0496581023422398,0.0426163654039632,0.0656194804138991,0.13297188681339,0.211388147322527,3570.85757138918,1,1
547,0.5,0.530541755028192,2.27274501744107,0.80427407745113,1.09138000902334,1.82521933524386,0.0436442601705802,0.0439220356798196,0.0653796771133717,0.143966961651209,0.22507163729585,3552.12713304349,1,1
548,0.5,0.508575783293533,2.27543260551713,0.843828699233866,0.964950824115045,2.02152847390208,0.0488720122612002,0.0437532294510278,0.0653297732044286,0.129451239256415,0.235722093542266,3519.00178030442,1,1
549,0.5,0.466674792164176,2.31294857864382,0.731960351523228,0.843445428039677,2.1495466433935,0.0531354938091445,0.0415539059114121,0.0645260561084103,0.132257235900791,0.234248945303764,3501.01117016601,1,1
550,0.5,0.530406583623591,2.28119661869336,0.771038151014036,0.800249653782603,2.35706918263416,0.0434908136194493,0.0425537140727637,0.0648381513647379,0.138978234056195,0.240400496403185,3500.04228529016,1,1
551,0.5,0.561917415154971,2.39418959585033,0.642415279670464,0.903507329315765,2.15542746466667,0.0423444778054843,0.0402104680541661,0.0602905676372156,0.137801916159515,0.243681068823643,3525.24581062992,1,1
552,0.5,0.453093241020943,2.33960414497462,0.787376651631679,1.02083868905858,1.91728132989121,0.0524313109688523,0.0418132471157504,0.0639883292855093,0.126692059515238,0.213948065578873,3580.22132841846,1,1
553,0.5,0.492690922260746,2.35319555011532,0.707400364375689,1.2150936139364,1.46828147376495,0.049622125142031,0.043209329226335,0.0637452113089886,0.133825232991264,0.218499513082101,3562.91029683167,1,1
554,0.5,0.501372762123049,2.28861014560153,0.796153361915247,1.07411093227652,1.88659703067295,0.0454195831872379,0.0423463404537019,0.0641727886037413,0.136769168085517,0.221950160076686,3543.34663883025,1,1
555,0.5,0.43331770283249,2.30956643332425,0.760152136061675,0.87612066817141,2.09890704324198,0.0573415350326799,0.0416760708987383,0.0638877375752212,0.126147336410924,0.230678281868907,3515.84086592615,1,1
556,0.5,0.55334509999099,2.32303896115792,0.765115548185873,1.04029412307228,2.16477719382268,0.0394411704907903,0.043515242229933,0.0648152630336441,0.136851815082688,0.231934194349741,3545.59928211655,1,1
557,0.5,0.438563381720565,2.31412932997689,0.802927097517742,1.11739205953552,1.79652830481916,0.0554314735595303,0.0441658960931421,0.0671634662331909,0.127797440491674,0.218563802469589,3579.22735528183,1,1
558,0.5,0.441561977104877,2.31756010002431,0.788564510223642,1.00159014923295,1.99165243028623,0.0506565565722193,0.042747277042663,0.0666160261746628,0.132626042140949,0.217721810104629,3560.72942241265,1,1
559,0.5,0.546065959829148,2.25027165386587,0.847954895795127,1.18775247814607,1.58228534394068,0.043351320480711,0.0422665843501922,0.0625813970898745,0.139232098702435,0.227661574692255,3516.9185086033,1,1
560,0.5,0.538666868441712,2.2621612803109,0.845263125189817,0.960549256592324,2.1128244414602,0.0434367201504237,0.0437228245342397,0.0656966836685057,0.136358302662404,0.236392365105745,3519.74349114131,1,1
561,0.5,0.483204300617841,2.26934289133099,0.790538076585056,0.995663067782096,1.90420535565568,0.0490855700770316,0.0438272259031577,0.0656481687933034,0.134140999666155,0.220838799994623,3514.02568075401,1,1
562,0.5,0.443067981420312,2.33054483508946,0.779638631679541,0.789110427306555,2.12698339837383,0.0568809803054315,0.040832111037608,0.063111082700121,0.131902374622934,0.227379675435728,3528.66374436686,1,1
563,0.5,0.505361657741633,2.25724948487965,0.817894913754412,1.1280481614604,1.62991333906619,0.0493303755700457,0.0426104388287484,0.0643122098061102,0.130298711380734,0.217471014295785,3506.61052292316,1,1
564,0.5,0.531628689188091,2.2802320491427,0.847528796398897,1.13954541210705,1.98263811226079,0.0409964565156947,0.0450925675926445,0.066190771053683,0.136901113536123,0.231772257670383,3561.17452195639,1,1
565,0.5,0.486195744440148,2.30463763010154,0.784920244047897,0.857706089588279,2.17324535560115,0.0471397529013127,0.0421783026554439,0.0629876382059754,0.13671668901327,0.227771707670839,3544.90087001468,1,1
566,0.5,0.573892390890461,2.29056245997594,0.780644066354724,1.00531196101055,2.18478650756737,0.0395814060820687,0.0430599399706975,0.0653136400424445,0.138643006072381,0.260157984857674,3492.28171955145,1,1
567,0.5,0.484119797416878,2.23141472513305,0.929575301764694,1.09405995710633,1.85314943775854,0.0469666908739748,0.0443028631591536,0.0659503400324235,0.134543505292292,0.215062330805122,3564.74340986065,1,1
568,0.5,0.410409437058095,2.33389360323498,0.744643648552352,0.917784227464201,2.05327927206704,0.0566774002305545,0.0414656401654615,0.063366686765545,0.130353635604836,0.211104242196089,3568.40662597293,1,1
569,0.5,0.492169872137883,2.29497652265036,0.830975148704474,1.03137457826428,1.95073217847361,0.0474201330044586,0.043150942379788,0.0642191506017221,0.134550506868117,0.229434933689173,3559.82138640326,1,1
570,0.5,0.386439373613686,2.26257859737658,0.819820936038248,1.01444946025553,1.82436807627421,0.0634494318030397,0.0440693681346866,0.0684979910411047,0.122352016722899,0.221187023583223,3513.29782219292,1,1
571,0.5,0.496778171006125,2.33714026416562,0.729162076607962,0.927669231466496,2.00107186358156,0.0502981018079755,0.0410565622195052,0.0629808692583088,0.132370695098467,0.244099251314583,3504.19762625999,1,1
572,0.5,0.514255018880007,2.25959658648207,0.839102492838191,0.981847567369351,2.05598234935853,0.0445449457196874,0.0430554589145317,0.0641261341750854,0.137103326857552,0.224393425880546,3538.91000649989,1,1
573,0.5,0.460855043559758,2.33109443763354,0.740291122162148,0.950932104177031,1.84271313125293,0.0553972905263214,0.0410550176415301,0.0629968105060661,0.125605367394625,0.220183590876415,3507.83025879399,1,1
574,0.5,0.480042768826041,2.36904378371226,0.706400402773693,0.919860504454393,2.0974754794578,0.0483196057310246,0.0416097418199587,0.0637840111144707,0.137373757724308,0.223659954353858,3574.80875050512,1,1
575,0.5,0.369380571208354,2.25171445585315,0.944572495304791,1.02112863431145,1.91578591767085,0.0615215435995318,0.0433313354082481,0.0647661813111881,0.126963604786159,0.208182435969113,3593.15526344369,1,1
576,0.5,0.464461612392551,2.3672441269207,0.624116722465525,0.913465838418833,1.96622461444709,0.0515287322360962,0.0427286066975025,0.0647591227323428,0.13488549285219,0.226331244030939,3535.0190571112,1,1
577,0.5,0.436597735577085,2.3100815927163,0.755073225645295,0.965195651731183,1.88402606063034,0.0558500118003826,0.0433652335347924,0.066718254815128,0.130170201835171,0.219285049856163,3533.09528017404,1,1
578,0.5,0.509548189210114,2.31547255322226,0.837969205439071,1.3124312255337,1.67942782644574,0.0416094845313546,0.0448220342975203,0.066995105970537,0.140227269611746,0.21438389888405,3627.06157021379,1,1
579,0.5,0.596199136795709,2.34694522766189,0.722092790458472,0.827823733840416,2.48256068909188,0.0343786354804405,0.0409220084565678,0.0613251777570456,0.145887288891573,0.247169577322192,3521.80767843972,1,1
580,0.5,0.486694367629735,2.23977641897598,0.900101711056586,1.11821407895725,1.71971658880562,0.0504242165077351,0.0432767807190879,0.0646816004897617,0.131866803502978,0.229645787881159,3532.07832852577,1,1
581,0.5,0.505714305673626,2.29162102406338,0.766155061776423,0.67162177112916,2.41871230397158,0.0471316906985392,0.0417080498669072,0.0633840733436746,0.141069719405176,0.242408205533299,3494.21207056244,1,1
582,0.5,0.54358533722601,2.3072875457523,0.828478227777544,1.1042286649756,1.87601803466321,0.0422488401177467,0.0422259069688613,0.0632483537591486,0.135924125807422,0.233263816420063,3555.41291148312,1,1
583,0.5,0.551749404313629,2.26838350463791,0.840014338274372,0.851888803332192,2.38418552288427,0.0395003320804797,0.0426906999236384,0.0637987007839907,0.140098675567879,0.241728941084048,3507.6427699912,1,1
584,0.5,0.408519721392429,2.34952251702417,0.722306058045647,0.869350919820069,2.06976315684675,0.0576039738556241,0.0420245731785754,0.0646297692433773,0.126483524338004,0.217100485328384,3544.44776631943,1,1
585,0.5,0.555643782543849,2.24413261829486,0.930170495656336,1.02419188815211,2.18306568289182,0.0416933914913889,0.0431895989255519,0.0636012361836991,0.135036243664015,0.252476768443917,3521.39838339693,1,1
586,0.5,0.542740184094774,2.22439603722524,0.984250113230429,0.933631445169497,2.30283660815019,0.0404954192145208,0.0433750783540729,0.0649680255049001,0.136863430213247,0.237281552358692,3540.2357606561,1,1
587,0.5,0.524472259880537,2.27837489633975,0.810016504507338,1.01573922792972,1.82186149144879,0.0465012976144043,0.0418509140807027,0.0636984233964265,0.137496418667087,0.224118151993917,3517.65527272869,1,1
588,0.5,0.522114544320504,2.36507053685392,0.772719660902929,1.18909031357311,1.91356246212553,0.044779940863508,0.0442823483185218,0.0652632070445361,0.126595060032718,0.227255951519023,3583.97712182505,1,1
589,0.5,0.48527075123979,2.32954137459632,0.791288319838129,1.03322553343079,1.99116356399946,0.0487049679758019,0.0429061999696562,0.0657222818458533,0.130799133321883,0.220972149211841,3568.40713267196,1,1
590,0.5,0.512617180164444,2.31520281524005,0.812412533913593,0.935406362138015,2.28707743663454,0.0429964414697364,0.0427240587597651,0.0639139053692814,0.135788349130669,0.228120537043072,3568.2170758157,1,1
591,0.5,0.493735474721616,2.37229778868372,0.67515654618846,0.989023374209234,2.02700675920895,0.04652885929377,0.042198085316291,0.0641667291748282,0.13488876190958,0.229095882915675,3556.16413114307,1,1
592,0.5,0.494928024338324,2.27428984253456,0.841877141502252,0.964784656766678,2.04167059362268,0.0462802848048773,0.0438253909801939,0.0665067635228076,0.138918956788212,0.217210349958505,3563.21060217791,1,1
593,0.5,0.514290471341943,2.29519043333717,0.848989992575239,0.726793655833273,2.38788771403261,0.0455886685435009,0.0399082553668412,0.0602203159771224,0.13760849194192,0.229760538079247,3540.12824017052,1,1
594,0.5,0.519529534841221,2.31678931275659,0.788748080510761,1.14123189768354,1.74561580943046,0.0434859998635151,0.0421256165628718,0.063911221859597,0.136528566214253,0.217259701874078,3556.45271777729,1,1
595,0.5,0.541457907332713,2.28066390089536,0.789413804682142,1.1660773445932,1.52859816320058,0.0448741389585017,0.0430959920218369,0.065326523797904,0.13933272917464,0.22629301605727,3509.99653844861,1,1
596,0.5,0.481136354678211,2.32463152574406,0.718111127836589,0.825033974250872,2.31918414233371,0.0495988351892816,0.0434571627608677,0.0657360793738556,0.133056280197233,0.237017051070312,3513.96971959587,1,1
597,0.5,0.566539706855969,2.39236482485001,0.667380387735976,0.951765454906545,2.4580784530224,0.037114978352363,0.0423673068801599,0.0635510285480919,0.141489693762537,0.243040531023283,3571.73836400039,1,1
598,0.5,0.475689377559502,2.33962891570185,0.729518999674469,1.10918504073369,1.75634003207495,0.0511586777600921,0.0429505900264676,0.0642265244877836,0.130244898318526,0.221221177635423,3552.33790975661,1,1
599,0.5,0.531045570163568,2.35262532012381,0.74880107521926,1.07435106294965,2.00474285895475,0.0410847972405518,0.0432833950762002,0.0647982318969402,0.13753180145508,0.225068247583229,3576.74351466269,1,1
600,0.5,0.468913397462187,2.21883912883817,0.924750542402413,1.08779444009666,1.69705424577247,0.0531912089615623,0.0442767197681682,0.0669335486721072,0.130409974815713,0.221806786626326,3523.29870010893,1,1
601,0.5,0.410674593121189,2.17428120925497,0.949048236120101,0.942814867563317,1.74014889871805,0.0666403767995484,0.0445630184064796,0.0663615332237746,0.130313685581329,0.222307129489849,3501.2848595872,1,1
602,0.5,0.468547820400022,2.29040033387039,0.865072017397553,0.88251741877459,2.21717343696774,0.0486228302529723,0.0415099984342295,0.0641071395093495,0.130961694592762,0.218354455694913,3554.05099920773,1,1
603,0.5,0.557643522187508,2.336732082103,0.734668035543941,1.00449923384027,1.92186598420719,0.0414767117768056,0.0407903639861983,0.0625131751557037,0.142639328547719,0.236590788227485,3519.46892887392,1,1
604,0.5,0.503838781412176,2.30867714556468,0.828856121306477,1.0280689957711,1.99011911448872,0.0434301566573066,0.0435540028563648,0.0648307119758702,0.143331796950462,0.220232580924003,3601.12467022271,1,1
605,0.5,0.44842666629603,2.36682012976942,0.727079316584747,1.20109524110559,1.66151239115567,0.0521449395528579,0.0429255794021187,0.0642434008201435,0.126191881268549,0.20941969708295,3594.28387028757,1,1
606,0.5,0.459584500327192,2.29385587096409,0.833773961617661,0.909225221282658,2.17170331383208,0.0507160202506679,0.0430026972574348,0.0636514006635137,0.129448641293154,0.217800172872427,3568.94612671811,1,1
607,0.5,0.511807191873471,2.25809801574474,0.846799482576326,0.92161488357866,1.88001157757412,0.047944222555706,0.0411020680059803,0.0623247750864458,0.139417315164383,0.235815578027479,3493.19759483219,1,1
608,0.5,0.588202176957935,2.33013429037668,0.728780732697632,1.07925753236149,1.91461711766894,0.0364486282705938,0.041671409754158,0.0623310108797906,0.148935994905502,0.238931009402037,3526.28363853108,1,1
609,0.5,0.525480445300965,2.36542819654035,0.689303776362671,0.964554903577514,2.09043025631515,0.0446033124047756,0.0412566497490188,0.0645203712530242,0.135086648332049,0.229658469323263,3535.63015102289,1,1
610,0.5,0.521634084510643,2.29228345714262,0.835874812134277,0.820638327196656,2.29035769210854,0.0464213050441397,0.0410965716055012,0.0610769496098985,0.130496202900665,0.231779688294614,3525.45919936256,1,1
611,0.5,0.551732384324154,2.32459115887885,0.782314310959931,1.04636765900328,2.1045103011202,0.0405376277658024,0.0436309476877743,0.0645128350905211,0.135178400947446,0.229834861455323,3568.35188812472,1,1
612,0.5,0.464388537642774,2.31297955511942,0.783292001907009,0.855603995732563,2.08127744414311,0.053436072556499,0.0426906036636221,0.0637590439040834,0.131147513348981,0.223740725519271,3545.4678248358,1,1
613,0.5,0.53830495023326,2.28747021035788,0.824188599860934,1.1029402444213,1.8231993780539,0.0428688787270775,0.0430290764635983,0.0632544657818998,0.137017599469427,0.222178795962858,3558.7321601357,1,1
614,0.5,0.50682071628132,2.38779429698292,0.711698767155454,0.792825628650111,2.5384306856643,0.0441265664339458,0.0414731398527454,0.0629160439465261,0.132638816124916,0.233631604108811,3567.38000398493,1,1
615,0.5,0.457831425336929,2.31838644845825,0.792108018679992,1.17775222771663,1.51255151381232,0.0531627723187351,0.0421426072996719,0.065022137254165,0.130309744128774,0.213456576942658,3559.53359087282,1,1
616,0.5,0.564068429190334,2.28310493468874,0.871269599236451,0.946523402109046,2.28897193728669,0.038871749005194,0.0424705434259244,0.0632172554003261,0.143422036360472,0.243775190103052,3555.46168752274,1,1
617,0.5,0.464923626168738,2.29249246621405,0.820634099126099,1.00196843979544,1.88150793408594,0.0525882096321885,0.0433331257052103,0.0646296241000991,0.128975355520064,0.207916264241233,3561.32111389653,1,1
618,0.5,0.535267579932018,2.32256253396345,0.793248185750906,0.965997473470686,2.18950089621236,0.0417514630727441,0.042044458320733,0.0620511835828302,0.137929868862987,0.225396769843684,3568.0858204614,1,1
619,0.5,0.471489425014777,2.37053399251566,0.659159721787031,1.03589872757372,1.97192595849219,0.0493665834656705,0.0427230264543007,0.0650964844987715,0.132177511329152,0.219751263371998,3560.89720248348,1,1
620,0.5,0.45805361943264,2.3105478695014,0.767222380342305,1.28662609950449,1.40177724282981,0.0519904909763695,0.04450562672908,0.0667085598034352,0.130440325978841,0.213012276391627,3570.27125346438,1,1
621,0.5,0.436983613192277,2.42570575000676,0.646145443451097,0.904164227006591,2.2574321290107,0.0542159899483302,0.0407219720087433,0.0626616243847882,0.123517234325175,0.22449236536049,3564.93211914169,1,1
622,0.5,0.481201769006795,2.36538206935017,0.688224582213157,1.05411057751729,1.82304647538993,0.0509773922039612,0.0417130137543379,0.0631788127206133,0.13040605663869,0.218352491535394,3555.88193924499,1,1
623,0.5,0.523715280048864,2.27165268800317,0.832443736142743,0.983320000322188,2.15291235997472,0.0434908637871445,0.0432169384100183,0.063857896817012,0.135741080470088,0.238388367727507,3531.69878001055,1,1
624,0.5,0.554259863596229,2.31512025130115,0.821968805551385,0.952048984890863,2.47013670572424,0.0385362408188112,0.0431460693767646,0.0643155749619821,0.137163589945905,0.244588485797657,3542.54464557312,1,1
625,0.5,0.477647599894494,2.32629220103825,0.785873929081361,1.21504258289313,1.63297440001638,0.0486760910227726,0.0445273188027715,0.0679601832984088,0.135182794769266,0.216466314161785,3589.33284071408,1,1
626,0.5,0.509905546270491,2.28835977799886,0.771644323167964,0.934869427545634,2.0505226816086,0.0462748330994854,0.0416059546580694,0.0635247739945601,0.137013112248056,0.231498246480559,3507.42945482584,1,1
627,0.5,0.46495659128271,2.25539169757577,0.902336502826924,1.17250614132092,1.49649485691967,0.0539082812344236,0.0419178747973192,0.0633058203231528,0.133388815755556,0.210541314376841,3553.02907357259,1,1
628,0.5,0.465047259581526,2.31222496139651,0.801257045735167,1.12029011673521,1.82531170290029,0.0498449100789506,0.0438764570192373,0.0658547315061685,0.128116270961534,0.212377788299545,3580.08411160421,1,1
629,0.5,0.506922282259753,2.29048137557366,0.832192435172313,1.25031762407277,1.59939664257911,0.0462444537973458,0.0442722639084162,0.0664756963755313,0.134405835809702,0.212854167145582,3580.11357324001,1,1
630,0.5,0.514678995814154,2.32776732076214,0.747645911062626,0.856031928168032,2.22430815244587,0.0451434779566528,0.0424617014348885,0.0655351412538162,0.134733753116662,0.227484744284268,3536.90688094082,1,1
631,0.5,0.484454573288667,2.21542942076587,0.925226910114304,0.950551462368163,2.04883504455203,0.0483110201046797,0.0433189180585006,0.0647284819318669,0.133813777283861,0.232275344331504,3514.87086420026,1,1
632,0.5,0.529978060483337,2.25680496913708,0.830991613451069,1.05668896461513,1.92126726110528,0.0431885902918334,0.0436240723661191,0.0656692595438653,0.143543493141285,0.231298065463585,3536.85950581601,1,1
633,0.5,0.532721060615436,2.31823459693127,0.805882599778254,1.05493167114991,1.87631226428874,0.0417558886593827,0.0417562078680365,0.0642789681769642,0.142587041942543,0.22046405540787,3564.37488609367,1,1
634,0.5,0.468949444061395,2.26825891257576,0.867848525662493,0.786464058001775,2.3325209890674,0.0494808407638782,0.0423862444560475,0.0643732607008146,0.135591540045013,0.224171760696694,3544.05970006176,1,1
635,0.5,0.46472453943266,2.32004252712546,0.746864759314676,0.907009846094629,2.10394161481656,0.0508464083595547,0.0432074362042747,0.0644971453267946,0.134589897375512,0.226827566407915,3543.05819863876,1,1
636,0.5,0.471255428133765,2.33871730744424,0.735484616770206,0.898076685315959,2.15280034238918,0.0490620648330595,0.0426568106680193,0.063359242667262,0.132204293398227,0.229746993233177,3538.57794049078,1,1
637,0.5,0.515133902317037,2.25047160704372,0.868542378903858,1.05645648937542,1.92690632492459,0.0452561770348555,0.0444732149017616,0.0657336500372125,0.136252043919658,0.235898533069092,3535.54098743666,1,1
638,0.5,0.534667948804148,2.21555406726082,0.915493207344031,1.0538163487561,2.09740290990436,0.0422385083107805,0.0445575435399608,0.0659885486452003,0.134217397296577,0.242134090958624,3509.96211452768,1,1
639,0.5,0.487766420906022,2.34962964217584,0.671574876214525,0.92864723100538,2.15657381759905,0.0458412348628317,0.0424261978015694,0.0658483882807172,0.130470117497104,0.214195425342542,3546.48727616551,1,1
640,0.5,0.451130074858533,2.32550541772561,0.797293596477899,1.10044869006419,1.76137855779504,0.0533789626107824,0.0437536140857342,0.0646590325592156,0.129288248352749,0.220907552609517,3578.99699095914,1,1
641,0.5,0.485851825238682,2.22193457707226,0.940804105122144,1.01608602600472,1.90694740299776,0.0481022453197986,0.042890158511633,0.0647207764786151,0.143143085418684,0.222034307732799,3566.43115924091,1,1
642,0.5,0.431859734724036,2.24325960897068,0.853937439690999,0.870657244051811,1.99045154137319,0.0574526820627364,0.0416013353931204,0.0636095326553024,0.136056103573572,0.224258278320035,3529.31570271693,1,1
643,0.5,0.542428643343479,2.31895734610021,0.827589356507187,1.12795385117622,1.93490202853874,0.040337813419578,0.0436387575682746,0.0645938109188742,0.135227191179398,0.212878820676407,3591.09489633437,1,1
644,0.5,0.527538624834677,2.28549990638244,0.825047364847968,0.834196198904342,2.34098457698246,0.0458128938873165,0.0442633628228836,0.0663233116834143,0.136116543507314,0.250504334856924,3517.88037630665,1,1
645,0.5,0.476141745437138,2.32932557748364,0.765661042075055,0.855898307703335,2.12468022438649,0.0490186356549415,0.0415932113788634,0.0635761670387898,0.138953275270623,0.223999590870839,3561.08656402725,1,1
646,0.5,0.430299829125545,2.30806351505096,0.826056315446658,1.13416811192626,1.76688668260688,0.0545191500731656,0.0441697599311128,0.0657113411023569,0.12394936610386,0.208877594874694,3576.30435822155,1,1
647,0.5,0.568090439981144,2.26818130397656,0.834544884698933,1.18360699252586,1.80258809971744,0.0398781045331718,0.0444480632399743,0.0649807773023107,0.138031099562229,0.240723927840538,3530.54428664381,1,1
648,0.5,0.493067054840601,2.22907555598279,0.836297151943283,0.998760017180219,1.78702815700531,0.0504880478779471,0.0422625058743416,0.063933431133531,0.128699611563085,0.229483672287806,3463.877287756,1,1
649,0.5,0.532012637518684,2.2442467148102,0.903900052089296,1.03976478372288,1.90386343095282,0.0428768656521533,0.0430125002442549,0.0643472745282374,0.136513524600217,0.222778565430351,3531.29315691041,1,1
650,0.5,0.44855678579963,2.37402071815453,0.668450213943013,1.14677857978991,1.57760446604378,0.0567628938188395,0.0419056970358813,0.0639009608515449,0.125768981891403,0.213720350300249,3556.03874229883,1,1
651,0.5,0.529695184484794,2.25745405711841,0.8723243676944,1.03551827666386,1.95051643435952,0.0439735741915377,0.0431248637613093,0.0638043072245286,0.137223353609653,0.237303961997896,3525.79097690121,1,1
652,0.5,0.45400034622505,2.28765901411937,0.813551417947553,0.822416336175497,2.25746339997226,0.0523206669346601,0.0415439139767525,0.0629237617129083,0.132938613585416,0.228511889655502,3534.09192027346,1,1
653,0.5,0.574295194057315,2.27113535766481,0.807986573256035,0.939373859011479,1.95930407813013,0.0420005730854024,0.0413050733227217,0.0615560725137183,0.144400435133647,0.234895667265246,3506.21871979717,1,1
654,0.5,0.49462573142036,2.28202503752978,0.822457461984471,0.804290014158005,2.17345804707665,0.0505024627580182,0.0400009413181502,0.062201905710146,0.139023691866493,0.231749075695668,3526.48305474796,1,1
655,0.5,0.489863809247388,2.31410008658594,0.849329892804152,0.962025801304979,2.32402916043225,0.0453881289715787,0.043739385919655,0.0657534009539017,0.130372089925485,0.220187791151555,3589.90974129713,1,1
656,0.5,0.562494604133352,2.26455584154038,0.794782966150433,1.09126743565876,1.64437388900846,0.0454689556733031,0.042157040397945,0.0638390221252694,0.136568430692162,0.243278104924216,3482.41057419917,1,1
657,0.5,0.55676292682566,2.30331824637303,0.783778552580758,0.955319194768315,2.26568663686068,0.038854634561066,0.0426377276943993,0.0648120321046351,0.140529558886434,0.239196864139268,3539.49226471451,1,1
658,0.5,0.488751599991713,2.23063515077072,0.900351327651534,1.11181512050175,1.79022630400237,0.048606155729398,0.0441358434870579,0.0649291376241951,0.133084116287665,0.230515507317124,3529.88290734435,1,1
659,0.5,0.552200743374284,2.30950895880897,0.823441063437291,1.12305500796902,2.1382856203907,0.0363275501123685,0.0450045795272954,0.0654622465452336,0.150863658081282,0.231210555789096,3612.23021855088,1,1
660,0.5,0.422352581539666,2.32302673204362,0.826130432561773,1.03350942529131,1.98970745039423,0.0551470633521589,0.0446253883174814,0.0683396280555125,0.130966533829714,0.221783141547672,3603.17500385656,1,1
661,0.5,0.435941822344986,2.28784574305332,0.805669546165735,1.10347581112781,1.7686442694084,0.0539805667993874,0.0440260943079045,0.0663505311330406,0.127231311208432,0.211634059622611,3553.8460112162,1,1
662,0.5,0.581210794068181,2.29153107566718,0.827447535655072,1.02372654145695,2.18014880346627,0.0369945897201833,0.0411387701555822,0.0619972912517531,0.14181222360393,0.241868128084932,3527.97082415715,1,1
663,0.5,0.493588496214198,2.24091586004152,0.930415177827485,0.996351278172428,2.05785943877147,0.0490595577638103,0.0434025805380266,0.0652801141435901,0.125122305612497,0.23341593341312,3522.26935338845,1,1
664,0.5,0.54783897242173,2.36272542437878,0.772064621247277,1.06432779565679,2.24499434790694,0.0395906705406937,0.0422072788258783,0.0624362247354735,0.135438054833745,0.240977767204215,3581.55711365582,1,1
665,0.5,0.529501919118175,2.32344898905274,0.733939954277643,1.18373894968124,1.58360615878859,0.0439821423989713,0.0426989949531774,0.0637383691829202,0.139415113880589,0.22355473470972,3545.08667289754,1,1
666,0.5,0.42932408419203,2.31061669465547,0.77435377878399,0.974582909357489,1.85129302373759,0.0567519407092093,0.0423096552877889,0.0646743122123651,0.132046684068816,0.217652802271694,3548.65106724252,1,1
667,0.5,0.554669870985187,2.28066825469133,0.786292854636882,0.881905507959088,2.1160557190536,0.0434876913472599,0.0425675966267123,0.0625116022232422,0.142956307254697,0.257090828940024,3505.67853356421,1,1
668,0.5,0.445404823651241,2.32732039943642,0.740735070201887,0.726902019823866,2.19777317134284,0.057403225243124,0.0394659201563856,0.0609536180374768,0.129652342868191,0.222497935814258,3503.54575703814,1,1
669,0.5,0.493215195141052,2.35196910502064,0.659588126543106,1.05305360926302,1.92371499909672,0.0452828491326006,0.0423265973620013,0.0660172844077848,0.138978054531685,0.222120816354345,3553.10092189021,1,1
670,0.5,0.54091982693478,2.23954386668899,0.869412445638406,0.735567825259524,2.46076753071657,0.0423203837209548,0.0419470075540419,0.0619589459507146,0.138897715393167,0.240776785557911,3497.90236236971,1,1
671,0.5,0.52729920326047,2.27672494020183,0.863433544102308,0.961381766258897,2.03492244807857,0.0433359659250845,0.0412772309811652,0.0624836849508934,0.138265747739374,0.223431792867485,3545.08775621184,1,1
672,0.5,0.475158893917383,2.25040959761004,0.850033453763479,1.13544602622696,1.57634964540687,0.0519358142101674,0.0413514059324376,0.0637399577729436,0.131552970705149,0.219974250332003,3508.97505623744,1,1
673,0.5,0.548594650522627,2.29012129282814,0.849648056988048,0.816059435735287,2.51395337259336,0.0400975753616882,0.0438752857923632,0.0664118866786906,0.136315199645652,0.243960076590531,3523.47003110877,1,1
674,0.5,0.492260489040989,2.37847548631616,0.749169175580052,1.15132314660077,2.01090664772817,0.0447068969895302,0.0445661104728858,0.0650513873558647,0.13512078417964,0.222022625611425,3639.12848959761,1,1
675,0.5,0.518582050418289,2.2863511413879,0.80494345067273,1.1354000607342,1.91513656344134,0.0453825271025086,0.0426126302636327,0.0646950129708978,0.130020450688933,0.23108952128297,3531.06734627412,1,1
676,0.5,0.484306647858992,2.29454964368228,0.788708831382652,0.50639562107671,2.80907916817461,0.0451744393057609,0.0413209457149873,0.0628507389116221,0.1462208638486,0.241890301366815,3536.80632730547,1,1
677,0.5,0.499268130037862,2.26215550533285,0.859331841911848,0.813017285148017,2.32023197811056,0.046774559322336,0.0420228495267269,0.0621923463838282,0.141752102733132,0.231475815321399,3549.90123543406,1,1
678,0.5,0.546732353157231,2.20496152954378,0.895473817216003,1.04355223484155,1.98224254561583,0.042452632383473,0.0441876572993159,0.0661341162878362,0.140551809490062,0.249625857270652,3496.91927129947,1,1
679,0.5,0.538653885378327,2.27394365003309,0.743198503007296,0.763449121921209,2.16977600549501,0.0458094485391638,0.0415834152365296,0.0628559422220551,0.137448787081005,0.23352388704536,3467.37041628827,1,1
680,0.5,0.548737106985391,2.26318945731429,0.851299778935331,1.01869743597062,2.15790340102678,0.0385970550928497,0.042770365939716,0.0643966629815854,0.138499097702948,0.229443859197489,3536.33086706499,1,1
681,0.5,0.517182634794647,2.26282048232139,0.860934193604682,1.08080480736301,1.81272111084504,0.0430902640231005,0.0432624804855269,0.0645462246412019,0.14543590448767,0.232516166624809,3553.43064745308,1,1
682,0.5,0.568148583287569,2.25803640172776,0.859465267045462,0.85514405042386,2.30349229800679,0.0411318929649855,0.0408899870308118,0.0610595032490487,0.138048065962642,0.253563841799194,3480.37848736576,1,1
683,0.5,0.502538207101638,2.25415166962893,0.77684307580508,0.913815763021614,2.04789942559465,0.0456034796434213,0.0436981356789938,0.0663500449786792,0.13913465053857,0.221846163158285,3503.23146072771,1,1
684,0.5,0.494569401258763,2.34300322252115,0.754202088859516,1.19323510775612,1.89229906745618,0.0461718296642585,0.0425823264948149,0.0650705987425449,0.125067005826258,0.215797812855161,3571.86124706824,1,1
685,0.5,0.502399790031744,2.2786794781961,0.820360148975444,0.949290617610428,1.87484775901505,0.0500096506963824,0.0420982163718694,0.0642726378946457,0.134913711833188,0.225735361866513,3518.8753389863,1,1
686,0.5,0.479748034007836,2.26997329976862,0.825665461244424,1.05272950178198,1.8514301663293,0.0475949599109215,0.043529087438842,0.0661374610942548,0.133208455781522,0.218268305663655,3532.36440748275,1,1
687,0.5,0.482438763825941,2.35343036682101,0.732152988408027,0.930714363346258,2.03716738437556,0.0485288878338318,0.0420205412978768,0.0629747186085298,0.13616815538015,0.222105493182723,3576.19454609461,1,1
688,0.5,0.464373972224112,2.32047257022954,0.78555997116178,1.16188706349617,1.64111146399488,0.0532663722974301,0.0434489108790446,0.0662116996122124,0.126932422657495,0.216366359951751,3560.29190487806,1,1
689,0.5,0.467248299243529,2.26788644521277,0.802563236069571,1.03358667264704,1.87616077449046,0.0518757154401574,0.0445119363603849,0.0663661164700887,0.130611196031951,0.230476602128343,3525.09624420209,1,1
690,0.5,0.567196998574841,2.34064805539482,0.770578155556643,1.27325294840956,1.65225513746267,0.0388031834881618,0.0442614259061454,0.0670874671036565,0.139666718105602,0.232891594392401,3563.92957092386,1,1
691,0.5,0.465078903110948,2.26270106144881,0.869452575855466,0.890765711016711,2.07135711930968,0.0532894666250975,0.0419487470082199,0.0623854786898135,0.130185720023937,0.225684628378008,3530.46916097239,1,1
692,0.5,0.495167069831595,2.30717073527482,0.769268824379441,0.849192439655479,2.1142711891106,0.0489931367774046,0.0412954157697645,0.0626767020388538,0.13777462262309,0.234683013561483,3523.04431430579,1,1
693,0.5,0.460890654631301,2.30672908808323,0.778491819108536,1.0916665901295,1.80267376261161,0.0509351686546076,0.0439962396484084,0.0665288595423957,0.130634810479542,0.216022385368237,3555.83961602305,1,1
694,0.5,0.536032106109739,2.24634556922033,0.868438996820362,0.833197214698725,2.17174416419356,0.0468562949366585,0.0421055160664727,0.0626538129263751,0.138133267626001,0.248486142265315,3489.65599893351,1,1
695,0.5,0.468679043322267,2.21059663696903,0.917190357068755,1.03140363446696,1.88519184669481,0.0533112449703138,0.0441506085189806,0.0655945697133168,0.128342963279755,0.224100036005015,3512.52937696628,1,1
696,0.5,0.459039503656485,2.2456256359205,0.870069482706182,0.865292656101909,2.23579780836027,0.0522380922226227,0.0440135093736925,0.0655418160221943,0.134858277220315,0.245301121875286,3525.524018988,1,1
697,0.5,0.507700821057084,2.39693166119975,0.670691851843413,1.14644919388744,1.89982916820474,0.0442206284130425,0.0436113817901877,0.0679054055703485,0.129253637954333,0.219982074301919,3584.2597049637,1,1
698,0.5,0.457035700776547,2.24556283158411,0.866762534372338,1.13240507513388,1.64086790301991,0.0520782405638542,0.0437177665964574,0.067606055740666,0.134031011085898,0.217670535279056,3527.45789000487,1,1
699,0.5,0.48504501132374,2.31061380663022,0.76962619827834,0.971340202099867,1.85103421945812,0.0524507067471619,0.0419060479380662,0.0642166777217599,0.131207177568798,0.23482260209599,3504.3733366483,1,1
700,0.5,0.447125413077782,2.36351625122181,0.76404296507945,0.852005579411526,2.25236685086258,0.0524375578085281,0.0407076622098292,0.0631304266005959,0.133276178770252,0.230721113996136,3569.4717094092,1,1
701,0.5,0.517575338441457,2.34320468008431,0.770140889779439,0.905698808045422,2.30022389717155,0.0428849815670658,0.042484268654648,0.0646295556963495,0.13509247591437,0.229085243488714,3561.56702443266,1,1
702,0.5,0.428979024175354,2.30152610099654,0.776800690365785,1.09682644824165,1.61854123150724,0.0584556869659116,0.0426824108533053,0.0656827593763922,0.129316285949509,0.219243713227038,3547.98362022478,1,1
703,0.5,0.505193170477193,2.29123913968285,0.826299300839735,0.91497252116132,2.10691600677289,0.0477107504215181,0.0418926136561557,0.0641483649817463,0.136209088002093,0.22993349936614,3542.21117433108,1,1
704,0.5,0.478047459609558,2.32535160567653,0.755559062770994,1.00405759935963,1.94583351152358,0.0479094979422491,0.043020472465493,0.0668353005264607,0.1351817391721,0.221422810912912,3546.66596092553,1,1
705,0.5,0.491631404276906,2.2813716088146,0.826961238573866,0.890220228668266,2.11834162512893,0.0468537527888612,0.0445145715156786,0.0652217247855168,0.135071689244098,0.225328237599639,3544.68095731202,1,1
706,0.5,0.512983598323261,2.33256692082995,0.775410624950764,0.975979741389294,2.14521553387244,0.0453701434221974,0.0419581608060635,0.0636105728100104,0.131206477814886,0.226516453033077,3551.19608711962,1,1
707,0.5,0.502977579156761,2.33580337777751,0.765544496394025,1.10853824615089,1.96654494290218,0.044864067493779,0.0437456199431096,0.0656006846388334,0.129202671969397,0.229640730184158,3554.11700846488,1,1
708,0.5,0.501857931924,2.29016495240161,0.781548928142482,0.876493606496093,2.12602453401492,0.0474649412399257,0.0415849413740624,0.0625475329865125,0.133375895706634,0.225911357061794,3506.07068560754,1,1
709,0.5,0.488706320893998,2.34490503745535,0.695787636903401,0.71563429694128,2.32025395991279,0.0491479888690756,0.0410063024863987,0.0631215067531596,0.135693457619994,0.230527553643255,3517.86531152401,1,1
710,0.5,0.518102494826953,2.22741151292789,0.89671410826675,0.909526937711808,2.15804653636466,0.0432701098434121,0.0429597741913484,0.0635873395748955,0.146946306378027,0.239688754788596,3540.0979653316,1,1
711,0.5,0.422358291720063,2.38810791489156,0.713649330408967,1.07114437427459,1.99232150501122,0.0532711958901509,0.0436587589176372,0.0668452443669297,0.124579339372507,0.218458200946584,3598.41386877796,1,1
712,0.5,0.503604394110054,2.31352671859469,0.776539807002763,0.890454366210864,2.22675227941174,0.045774653963164,0.042209986076794,0.0628555877489844,0.137701403253558,0.233785258937172,3541.93649102271,1,1
713,0.5,0.580897019346666,2.31144025690937,0.824632603142059,1.03912586684976,1.86473164988277,0.0402362449544615,0.039987577847355,0.0606415564027356,0.133556351115275,0.244279704483178,3496.33577669211,1,1
714,0.5,0.56751798770806,2.24308303895207,0.920748371488134,0.917103545049677,2.37946031355111,0.038639866431907,0.0445166174990476,0.0632428588138313,0.145650076012381,0.264358259642189,3533.26207450261,1,1
715,0.5,0.467026852903593,2.28909285688682,0.820357445864119,0.816588414916259,2.25262864598367,0.0521032507332723,0.0427108209620097,0.0632747610844959,0.127917376250536,0.231648868522168,3524.45037813549,1,1
716,0.5,0.58490039747994,2.29670577728943,0.766796907889633,1.12589601439936,1.72214437236012,0.0372811875018793,0.0426575485910407,0.0629629350847952,0.156598397686377,0.233768039827808,3534.2788667042,1,1
717,0.5,0.495697162438985,2.29816348391613,0.796077863126178,0.929418182345748,2.04770149195771,0.0468492980256752,0.0414909273115794,0.062861478646053,0.139994009617179,0.229501940134557,3546.30317544267,1,1
718,0.5,0.459569703394887,2.32882222094373,0.798334954885362,1.09767773367904,1.81567718239433,0.0513483601196632,0.0442315122367507,0.0666371621917135,0.130085537521888,0.216958111424418,3584.41263544482,1,1
719,0.5,0.546898101077651,2.34230785454105,0.727097620435236,1.23202186346436,1.63377600088056,0.0421617007798562,0.0432414637175595,0.0634980033423174,0.136834643901481,0.220716912247305,3562.76382354759,1,1
720,0.5,0.549813181419337,2.32804508458474,0.755924653669619,0.95933802980833,2.03436488926074,0.0428986240602333,0.040987422530862,0.0621060991296833,0.136879415259589,0.236307050809055,3521.94786124849,1,1
721,0.5,0.487686509579674,2.29255144474986,0.818720649084003,1.07491147696091,1.84115013721137,0.0484544270991833,0.0432581987133427,0.0654679969712207,0.133524963345192,0.226736093389693,3550.53784926819,1,1
722,0.5,0.440970849537619,2.34004074593652,0.759054155418901,1.06465731462689,1.75023611076476,0.054663839037348,0.0425892510421613,0.0639628023469559,0.132225558020991,0.211125674133628,3585.23776047062,1,1
723,0.5,0.520611671249438,2.27188416780493,0.869289395764431,1.30405363347519,1.59746029515039,0.0427013235800051,0.0436625520646293,0.0645931537386897,0.137371014117392,0.220213341956189,3571.56518928564,1,1
724,0.5,0.525645971079686,2.38208495131287,0.743041886820349,0.987810802000819,2.17532228045505,0.0452790243109745,0.0412282833479444,0.0622536567011747,0.133669407950891,0.230900461178068,3583.15039781723,1,1
725,0.5,0.522190311050336,2.29174001506727,0.813997333263004,0.981218046963343,2.03506843253383,0.0437624594975638,0.0437243512926424,0.0656949673406965,0.137595703545728,0.222264436353251,3548.85291625521,1,1
726,0.5,0.556661579655524,2.27957942948069,0.801437552601912,1.03353644765592,1.87115775015916,0.0422454432661375,0.0413936395434438,0.0614331139905966,0.142401832807344,0.232231656004491,3520.36911115797,1,1
727,0.5,0.438350930428734,2.28494104726873,0.820333712810386,0.819967290301174,2.19814812286494,0.0541367390331263,0.0418990515457357,0.0636115020502349,0.128108380809266,0.225438004681341,3524.6340910801,1,1
728,0.5,0.438118109082959,2.31389901181727,0.750664106105551,0.753068373292556,2.28690845603569,0.055657516411252,0.0415420667485028,0.0641054672123319,0.130115075925737,0.222034805171753,3524.62475707912,1,1
729,0.5,0.559426279775861,2.28406036843074,0.829765105724159,1.01438858845166,1.97487988033039,0.0383377658158809,0.0417602859751295,0.0615522792255467,0.151391984954183,0.234369316908769,3558.34911704256,1,1
730,0.5,0.497077311744301,2.35990714912896,0.706025317063426,0.894335194227143,2.22252695227529,0.0469854963008661,0.0413296572750814,0.0629322732571256,0.134746453817109,0.229321080820669,3550.53016872219,1,1
731,0.5,0.557570491535771,2.3239410349811,0.772282616581462,1.24413501906913,1.85817145891553,0.039796015434367,0.0432458818742556,0.0657909007006388,0.133706259845413,0.230460094168156,3547.26877739235,1,1
732,0.5,0.483232341214531,2.38946177394152,0.692718207720244,0.999831413586991,1.89755340650838,0.0486332032559371,0.0425113020734513,0.0642956699345715,0.132841600359568,0.230086659665984,3574.72937011641,1,1
733,0.5,0.488388130398244,2.26163227495725,0.843505083008797,0.825895166598637,2.13360323496966,0.0516815761933617,0.0414327461593833,0.0623932887731629,0.133928530519664,0.222856839104497,3515.38936097283,1,1
734,0.5,0.503108302130951,2.31860478909261,0.794047924843573,1.12074708138222,1.82979002129532,0.045404149005326,0.0421971153221918,0.0627565818790945,0.136628024513293,0.217330319715184,3584.79283599497,1,1
735,0.5,0.514644917706729,2.21748700098975,0.945316469753151,0.916043772367444,2.04862927638954,0.0465285664817468,0.0421178991568708,0.0631165723335429,0.139592973864357,0.232776118652966,3527.59168424422,1,1
736,0.5,0.480547609173053,2.30813710295194,0.809998285671268,0.85050541457617,2.25843161475127,0.0487200137905741,0.0417638293135454,0.063283655698053,0.135387747059965,0.223524363993778,3562.68420133233,1,1
737,0.5,0.528594056214672,2.33324866852638,0.738911209413811,1.10197007829607,1.94425281947347,0.0417327752443206,0.042289383202428,0.0630363641314077,0.133427986833483,0.222603506790753,3545.33483924656,1,1
738,0.5,0.534768002759096,2.27327977257163,0.839750071150866,1.09450924271559,1.86020013734286,0.0424059131575887,0.041708959509527,0.0637097693031395,0.141976467639063,0.235523094682308,3537.56435734897,1,1
739,0.5,0.546621170430162,2.28739461411094,0.804981191305295,1.07249342679498,2.00815806128264,0.041649470788806,0.0435179266352068,0.0653357763637231,0.134014003706939,0.243064961688173,3509.14220723748,1,1
740,0.5,0.543694511898712,2.31302782918459,0.761175303194746,0.974478959055758,2.10382725896057,0.0417232309574196,0.0422282216352366,0.0630431082973404,0.140433994150998,0.236886850369481,3535.58797991688,1,1
741,0.5,0.51118038121048,2.33253648384083,0.768075023996715,1.14089861231882,1.73545553848989,0.0464299576095043,0.043109267473463,0.0656828558213471,0.137394375312068,0.226548933163858,3567.95544487509,1,1
742,0.5,0.592299209490442,2.28593927387117,0.813522458348619,0.75825801472217,2.53101839639109,0.0353698367164355,0.0412948086511869,0.0621238427042297,0.147247315844537,0.254744640450333,3496.15198199244,1,1
743,0.5,0.513436167429495,2.35167990060865,0.733941865318604,1.12262373857385,2.0190638724627,0.0428294980647203,0.0428521728264836,0.0643143029113117,0.129925369023364,0.221178973129376,3560.47254907508,1,1
744,0.5,0.517373441946525,2.35831051445651,0.664164278372667,0.897674032741413,2.1915346376085,0.0483922954755189,0.0413754048965365,0.063519899536495,0.128299719340749,0.251228305685208,3487.42610007963,1,1
745,0.5,0.499951575248838,2.29157003077551,0.808267503575577,1.23253311459653,1.59633646357241,0.0474628802401916,0.0435894078814322,0.0654520161570003,0.132679666440212,0.220050484640568,3552.20770659124,1,1
746,0.5,0.550914192715407,2.21304692790636,0.953868229849868,0.871784598263343,2.29495836089878,0.0408250808444413,0.0431565353662521,0.0633377575376813,0.137094452142288,0.238773202758176,3516.56837189248,1,1
747,0.5,0.473171789536836,2.33564181320899,0.76463107468393,0.984704082314502,2.08044330535491,0.0491334371678656,0.0435617574942187,0.0658944428155988,0.137806270968136,0.233465897101144,3577.20904141299,1,1
748,0.5,0.548507568565948,2.25685881794085,0.821778185366253,0.956111023932707,1.95656361985898,0.0444589010847904,0.0424974549698895,0.0633128654090261,0.137099316222634,0.237215230226349,3500.32843051599,1,1
749,0.5,0.448799554268547,2.28283072830969,0.79326506306403,0.844686541774362,2.10437085692908,0.0555642374230073,0.0417547111428503,0.0644784884789093,0.13395473428978,0.228001126875295,3523.57445467337,1,1
750,0.5,0.53102786415403,2.44531493472094,0.570174558203111,0.982321262802814,2.05145345423485,0.044622871716264,0.0412272664163553,0.0638784883306328,0.129771999677799,0.231828858250522,3540.60193728506,1,1
751,0.5,0.539140239535711,2.38562175818691,0.645360270465192,1.09754012689918,2.09870378902238,0.0386772268912265,0.0429496556614188,0.0648096751998071,0.142664949452292,0.23500418613301,3573.67882372671,1,1
752,0.5,0.410024707425902,2.27432339770121,0.849572150806618,0.934705865845267,1.99898282681213,0.0584494700091577,0.0424646443273222,0.0649726058027987,0.126339425784858,0.215334747987915,3537.17247602301,1,1
753,0.5,0.453209336711414,2.27690324805574,0.841143428378038,0.969473750413048,1.94616604163784,0.0521041216554075,0.0435227226078334,0.0643518452605153,0.136800072583037,0.21609272800882,3570.84905218627,1,1
754,0.5,0.505956810325851,2.30056926281844,0.793271158707848,1.0431864605265,1.82347336642958,0.0474253314089071,0.0411502793954957,0.0609686247541157,0.134403227283824,0.22511243472258,3537.04652133594,1,1
755,0.5,0.564854776901145,2.27774195271014,0.862732127816653,0.691989832092279,2.67362010771839,0.0384646581233861,0.0420844521376319,0.0620387339185259,0.147806385285607,0.264262099759098,3513.93014890189,1,1
756,0.5,0.363489262653612,2.30616748432299,0.798178805826047,1.14798062599838,1.49105675426165,0.0665155651757685,0.0430906488922844,0.0658902396127029,0.123885172861648,0.209580665011432,3556.11272476171,1,1
757,0.5,0.490646400333002,2.32432392399746,0.758492279287363,1.13807186919338,1.76388185755231,0.0475022043470959,0.0426833608096517,0.0664079187819649,0.137875878825344,0.218658237262398,3566.56767394196,1,1
758,0.5,0.516633813630195,2.31469849879455,0.749770659130514,1.11274069915103,1.91023129081895,0.0426744700243226,0.0444561850468589,0.0657987114593123,0.136535585102335,0.217053028963536,3561.97401936965,1,1
759,0.5,0.518517590011029,2.286956138019,0.861955411848979,1.04208949903813,2.05559386050954,0.0443632602563994,0.0436347999882222,0.0643700776090449,0.138526722991408,0.234521538510387,3574.86183513356,1,1
760,0.5,0.503900097290998,2.28184647600513,0.804959694685791,1.19257551706698,1.68652610821609,0.0477989816966128,0.0440146993152465,0.0656843879689102,0.131786806727569,0.228773679596205,3538.72613827702,1,1
761,0.5,0.568323701321433,2.29419004316081,0.765532224264091,1.04055887330047,2.17289568622689,0.0388197235277147,0.0417743649474416,0.063331926724656,0.137057622545309,0.24632787382076,3496.15452672014,1,1
762,0.5,0.514516894534712,2.31528773087872,0.75253874333303,1.02871097843382,2.00393429229376,0.0427948610472189,0.0421755223014939,0.0635706876793948,0.145780582616987,0.228602872141863,3561.42592809011,1,1
763,0.5,0.371620688722697,2.31257261482913,0.72973685949444,0.845648721017206,1.88960911686385,0.0700330031675524,0.04055379909925,0.0630178728583844,0.125917372794564,0.221379103587285,3500.9483604777,1,1
764,0.5,0.440814361497722,2.31134358277914,0.754883674587218,1.17625330294839,1.54598600917671,0.0567811432267372,0.0434856398952712,0.0665333937708541,0.12208398795003,0.211361049795763,3540.11623498845,1,1
765,0.5,0.462369179171804,2.30931684503817,0.702801551973349,0.872984101471831,2.00974575251325,0.0535622619877334,0.0416318417682445,0.0644258197463802,0.136510871832353,0.22355125163629,3509.16159099266,1,1
766,0.5,0.490946619834162,2.27834493450267,0.8256860019956,0.670719500826494,2.52528913230101,0.0460918851077782,0.0417718801286471,0.0622890878278627,0.14523561465798,0.239539867720082,3547.4750722431,1,1
767,0.5,0.383247457343554,2.2882363416018,0.838796446161787,0.879193433446506,2.03369430839281,0.0639270271163355,0.0427357023381976,0.0643340012980348,0.126938693606609,0.223053329785666,3538.72505330633,1,1
768,0.5,0.54778989651072,2.35275741424704,0.784154034008932,1.11779206107951,1.82779307338261,0.0422790508547568,0.0421280720124459,0.0629258754223536,0.130927365252662,0.226304599087706,3571.54475362242,1,1
769,0.5,0.475651470222721,2.28461562708386,0.795427957851481,0.928965883006081,2.00325145748416,0.0526934679883904,0.0425760539585212,0.0641785591032658,0.12826690257065,0.225724843595608,3512.00747373538,1,1
770,0.5,0.473684664464375,2.28951423015483,0.812907642474038,0.966581797629742,1.9738707930161,0.0506295137212617,0.0433080261545547,0.0647914808645328,0.127820207167751,0.224211759085102,3530.97921948138,1,1
771,0.5,0.461546835469568,2.22692624339304,0.889141143213072,0.86568931453588,2.27711376843292,0.0498812307382955,0.0439081550170465,0.0648223507455797,0.13245628049123,0.221374366191279,3544.43801583107,1,1
772,0.5,0.420743262091806,2.3262660148194,0.792798145007989,0.932773078612154,2.18529567986304,0.0536336242703242,0.043087702656566,0.0663102670848486,0.131169890966072,0.229321940900503,3569.16475995165,1,1
773,0.5,0.549855884112281,2.26996569151487,0.86941141232403,1.15293992969462,1.88223699570814,0.0411852391353177,0.0432230942007905,0.0649172542139671,0.133993327599167,0.234341114368693,3542.91488098078,1,1
774,0.5,0.542323971342788,2.29649062459144,0.788639991884125,1.00167447366911,2.00084180723098,0.042561339536523,0.0420539185078393,0.0618509400814713,0.13954801172405,0.231737249541088,3538.6022502952,1,1
775,0.5,0.470916961239203,2.2641557017538,0.816346137566075,0.906689793670211,2.16458810259854,0.0485070680456919,0.0425965708817745,0.0646230173828739,0.134507887598826,0.223031274787123,3515.22257951035,1,1
776,0.5,0.586100146687846,2.35411420661158,0.748404229537464,1.03337318357298,2.1658027004817,0.0385432288006594,0.041947778998046,0.0622015621156673,0.136526835498671,0.26259100257998,3527.17278575129,1,1
777,0.5,0.515313499199139,2.33569477220501,0.740864178639462,0.858139257732393,2.16184524276017,0.0466433240324118,0.0407955571339628,0.0637880473696355,0.133588770858056,0.231156423223585,3521.23429001583,1,1
778,0.5,0.451627204735691,2.26518552370257,0.862684641530476,1.19117106337933,1.61797617950035,0.0535427439893509,0.0446516558789997,0.0678033647472964,0.132101350374582,0.220769368254206,3561.42212266071,1,1
779,0.5,0.499773531960999,2.30562539390368,0.828676578839303,1.10729473406715,1.8539409630348,0.0473973311438008,0.0432198931051184,0.0638090570114228,0.129738728587948,0.220907564084551,3560.97604634622,1,1
780,0.5,0.469472899583695,2.27554959192987,0.876689516307422,1.08025946963289,1.88291401139472,0.05208065395708,0.0436550017938911,0.0666585735919601,0.128082620876502,0.21251112228063,3571.68029755155,1,1
781,0.5,0.452417210684602,2.31520828006973,0.799145611407138,0.975482948152017,1.9474987773636,0.0533157731914815,0.0420244989806784,0.0639989693357155,0.129811877169989,0.219504078271952,3555.90017887319,1,1
782,0.5,0.511116797597604,2.28848229981944,0.793921869989578,0.968370674864192,1.98475660810005,0.0454020547913828,0.0436303550661262,0.0658960757570148,0.1394631231016,0.229405889590306,3536.89665815132,1,1
783,0.5,0.449344072218957,2.34014760655609,0.726207461792032,1.1412431726631,1.64828852985906,0.0549128175365648,0.0427109251403325,0.065254871599375,0.128600267735526,0.226200763352888,3546.13686253603,1,1
784,0.5,0.565931701475837,2.41237417101067,0.666170424815323,1.1247932709679,2.12019814262198,0.0368674686210584,0.0425708408174331,0.062797526167561,0.14460704690913,0.235165948534891,3606.98498648035,1,1
785,0.5,0.533077210509067,2.26504740493471,0.859862422118748,1.24711943340264,1.79954983229511,0.0404041495445407,0.044197246512306,0.0639526222044992,0.139008425938831,0.225104205229741,3570.27631406136,1,1
786,0.5,0.533717010032864,2.37352804068128,0.733317225698368,1.13949312898514,1.99633157745862,0.0409305877320302,0.0433571381806432,0.0646168706332696,0.135735281287487,0.229038134920315,3590.17179879008,1,1
787,0.5,0.516451315340656,2.28584942853847,0.838161162178524,1.02334289722608,2.10401011779278,0.0424709072141368,0.0429709135581217,0.0641457546258573,0.136953926979353,0.21945894140163,3567.66490470027,1,1
788,0.5,0.489171882720453,2.2769306331327,0.870755651411748,1.00751699874256,1.92699734939215,0.0502151111332304,0.0431996845576313,0.0639253209366476,0.130451155261127,0.223526225232253,3556.36289771203,1,1
789,0.5,0.512224830188907,2.22498699790282,0.884747897645167,1.06440564596577,1.82157641088386,0.0465189967652916,0.0432885207472452,0.0650023153781307,0.137103262575933,0.227913340318005,3522.54743261728,1,1
790,0.5,0.50283254309035,2.32752518865209,0.825746251726928,0.973720779968349,2.06843668277346,0.0465306058329948,0.0422687651308057,0.0637305570634597,0.138092787562396,0.229565373565614,3581.14792083038,1,1
791,0.5,0.449629501499784,2.31935572447103,0.758220756582187,0.865291181268614,2.04865101673029,0.0570955764075281,0.0421218111257148,0.0656057892774874,0.128281122580911,0.230434636825538,3510.22800224313,1,1
792,0.5,0.502987531165342,2.35287753292863,0.71444456650431,1.03081998751138,1.95817150087135,0.0449190477856735,0.0422637250528399,0.0650057096185987,0.139578073481945,0.221782015448321,3566.36608738903,1,1
793,0.5,0.481265944665703,2.30633879384723,0.827288603301472,1.0111390839296,1.87644671206657,0.0503187620511897,0.0429279329074694,0.0645751756888226,0.128746554453063,0.221093639860609,3545.83906229676,1,1
794,0.5,0.424723789155231,2.31185485028823,0.705827808676224,0.901169203350828,1.98405646383567,0.0559789718700981,0.043364221240561,0.0663372694833919,0.131149437298039,0.214933068365511,3532.63323700651,1,1
795,0.5,0.504932929433605,2.27130592929053,0.863962011377237,0.974497954551933,1.77084183412342,0.0495163685769113,0.0403263422846654,0.0617956115861683,0.135117394097987,0.223552104072753,3512.58008418516,1,1
796,0.5,0.518489958801422,2.28207762211961,0.83957928426128,0.79264295226358,2.18352914027638,0.0482320605951436,0.0400136004841952,0.0613016724514926,0.136791542817832,0.244083466328744,3495.56683825421,1,1
797,0.5,0.496078739969312,2.30507226619624,0.789930138370424,1.12203501646377,1.75802597454675,0.0480005025534148,0.0429811755535767,0.0655865449449602,0.133426284474693,0.225995216695026,3539.58459557367,1,1
798,0.5,0.494880663469852,2.31525756413711,0.811874956221936,0.908436640537227,2.21802226729275,0.0477120770247552,0.0431648280638722,0.0648829683490433,0.133743761484754,0.234622543295532,3553.47644985576,1,1
799,0.5,0.481863334657331,2.26501035815664,0.903534477260803,1.25367747350388,1.77183634818626,0.0469829139875386,0.044539903420426,0.0659305285080806,0.126666795676469,0.220260960673979,3572.60076996517,1,1
800,0.5,0.501019952452653,2.30517445296375,0.786486874353974,0.88513373697282,2.11438215549154,0.0492218017208544,0.0409194474519314,0.0628166289928968,0.134820474877671,0.228566992162663,3528.47364379551,1,1
801,0.5,0.492429630933565,2.27219409667281,0.781606012240027,0.788590223371604,2.19542636724222,0.0499329489539541,0.0402919541947014,0.061705071730978,0.14208472899673,0.244964757543824,3491.46610870495,1,1
802,0.5,0.476284047167546,2.36314603252575,0.648864030984407,0.691824266800823,2.3320734741655,0.0532856288603302,0.040398547780714,0.0631556074646002,0.13034578735147,0.226158415917344,3493.12617822094,1,1
803,0.5,0.546505981892081,2.31231054183111,0.773580315504336,0.903969898670056,2.11952234031928,0.0445298910049746,0.0424568247241119,0.0638618388820618,0.133324371801388,0.247924486372702,3495.59455839538,1,1
804,0.5,0.424300468276845,2.33792310459506,0.743785297777318,0.933633082567285,1.9758402187192,0.0541577244183583,0.0415206904984602,0.0630377091985016,0.132839006020895,0.212618720050747,3567.52280623538,1,1
805,0.5,0.495492455816411,2.26019368158485,0.838532601307563,0.862196325963409,2.09119698387504,0.0502857183822257,0.0414694537535287,0.061875519319618,0.129963343894203,0.231722794140382,3494.07617309119,1,1
806,0.5,0.591413764385702,2.2771113139538,0.817157957919002,1.19470129779815,2.05860625714383,0.0349727887271952,0.044552376009184,0.0645467497617799,0.141496859335906,0.249562579171277,3515.38504406627,1,1
807,0.5,0.370707912038541,2.34231075395098,0.821550905706976,0.951581091355884,2.06393170920134,0.0625094693445416,0.0447707001339849,0.0673923283302159,0.127124478824924,0.221582164686151,3599.95503056122,1,1
808,0.5,0.490634356728695,2.30421194300259,0.86084910150762,0.704691630831589,2.47420872995692,0.0481295534390119,0.0406573052218084,0.0620342251590997,0.138683330329134,0.236085582066643,3544.04833300016,1,1
809,0.5,0.484752689732505,2.26511309544956,0.815099017560639,1.07441973637153,1.76683347815261,0.0502171386192245,0.0427377316338608,0.0654689046597225,0.132311319346511,0.22011142480634,3516.29750793113,1,1
810,0.5,0.571280071043885,2.28668803546501,0.811410829438729,0.893132846049393,2.29205737547401,0.0384974529700051,0.0420700726100904,0.0624829544717665,0.146978680852019,0.241851344348397,3530.08811349392,1,1
811,0.5,0.55541308361889,2.29531294794365,0.816992249566385,0.989906267631141,2.13634257168417,0.0394483891683169,0.0425476483841879,0.0629199641788531,0.139674748408507,0.231904362601557,3546.10696376897,1,1
812,0.5,0.527472480471175,2.27346613627218,0.825921190506105,1.01931742905843,1.84776023607531,0.045440323457483,0.0424798137872399,0.0648014386387084,0.133781425607834,0.226832520420078,3511.07587513528,1,1
813,0.5,0.447908238398575,2.30468000287615,0.801587443965765,1.00848576417528,2.04835999133222,0.0518095465729961,0.0434420826891804,0.0662405471875121,0.129637770765967,0.221284786152372,3564.77458574391,1,1
814,0.5,0.471187603922106,2.31759740389892,0.777964175399538,1.03385268917877,1.80110560432668,0.0512039454954453,0.0417528009758494,0.0623074618449475,0.135457630176453,0.226237706632691,3553.8812827565,1,1
815,0.5,0.478501947083962,2.38096590767123,0.70017772958144,1.14159609934848,1.93088124302461,0.047182131580743,0.0444305671058274,0.0663076113876495,0.131283353340613,0.221224897423717,3607.16875061053,1,1
816,0.5,0.466050046798124,2.24785580854912,0.844891069086513,0.881618093447415,2.01608097373698,0.054452567198273,0.0425608141826536,0.0646154284904865,0.13323315605583,0.231812497945574,3503.86639031972,1,1
817,0.5,0.523189343212628,2.35909749792618,0.79784280574846,1.20278894631954,1.91309039068816,0.0424537556363964,0.044498728868778,0.0666506360936525,0.13229264067769,0.226177757079812,3606.60439067396,1,1
818,0.5,0.451116443876816,2.27303296498648,0.820985469780904,0.865191534289287,1.94914931368739,0.0559064804368333,0.0417581925124793,0.0633401326762815,0.136123525117555,0.221366284891169,3533.97561906327,1,1
819,0.5,0.564866397924643,2.30796457554182,0.769168558037048,0.936779441880452,2.18579585616486,0.0396070768303173,0.0429058382766944,0.0628231190800988,0.145893868411126,0.236076182236066,3554.23517882017,1,1
820,0.5,0.460651812027018,2.30737973569301,0.762020863084109,1.10227137892391,1.64786189010574,0.0531821380444552,0.0432625655005031,0.0666751000065762,0.132234939560005,0.221002183292594,3534.81924035528,1,1
821,0.5,0.525321054290244,2.34289291392728,0.735294642033338,1.06240277040252,1.98221226239809,0.0451526321862676,0.0428764466245134,0.0638713436303388,0.130213292623728,0.226033024914749,3554.38047785051,1,1
822,0.5,0.530967977931847,2.28202163484767,0.843447226797088,1.06769318652283,1.90895900812398,0.0436170788366261,0.0414587057291742,0.0613775065214019,0.136034493470114,0.225083919783251,3547.2208499156,1,1
823,0.5,0.486274234880456,2.34094465517792,0.738092507263061,0.988826814741075,1.8269327547331,0.0535315101180483,0.0421471596110946,0.0638487538375325,0.12985725025302,0.244441871789917,3522.0345436856,1,1
824,0.5,0.552375375114046,2.27682912073381,0.848699106252049,1.02044640665846,2.0639836604731,0.041042883099068,0.0430205741994889,0.0647893360065642,0.140016091980587,0.237684800481428,3540.67281947609,1,1
825,0.5,0.461399613366781,2.27565964958808,0.849938648483498,0.843269369816227,2.30152018731575,0.0489180591749775,0.0435554887228382,0.0650694802758582,0.133399915695997,0.225688464061342,3556.07388705929,1,1
826,0.5,0.500929832869012,2.33457970266716,0.791161440345634,1.10612735497885,1.98005905802085,0.0451300548094093,0.043030205171216,0.0654953410119899,0.134548823711623,0.232642281695126,3576.76371080361,1,1
827,0.5,0.482406162782907,2.27996973796744,0.853123635583553,1.09081580991519,1.9274239565166,0.047854151700812,0.044610894034779,0.0671721590565819,0.123673795058747,0.216305887781514,3549.77893235042,1,1
828,0.5,0.510963217760202,2.25858725557265,0.843731627362028,0.884830158275205,2.10704969502941,0.049352095890305,0.0421927757575026,0.0626685026128421,0.134194730496089,0.23482230908231,3513.69506121427,1,1
829,0.5,0.489836117827518,2.34631866219463,0.757866286689844,1.07149557969893,2.13645201546895,0.0456647729756219,0.0424061909756993,0.0643379416175799,0.131608712579017,0.230051142968976,3564.01916192223,1,1
830,0.5,0.537908122708631,2.29809073305234,0.83290380028324,1.16492499530125,1.93352802383891,0.0396850777640286,0.0438519703367538,0.0668667704402095,0.139986300690054,0.229805915101042,3564.41591408399,1,1
831,0.5,0.51645418785482,2.28383113523926,0.869038470113914,1.06375478811275,2.06637944423371,0.0442069927440505,0.0440168847262148,0.0659662608794093,0.135362748499998,0.22938507753871,3570.21754105332,1,1
832,0.5,0.502521739007548,2.29204490865976,0.771021395607324,0.943894176974262,1.97488973175732,0.0494790974095785,0.0424878230245846,0.0651131697555653,0.132265343194543,0.237528692467114,3497.5593263139,1,1
833,0.5,0.42907227154281,2.32830742815773,0.790397382437467,1.00753546764168,1.8349089406361,0.0596039016443607,0.0420281605384894,0.0636875653691905,0.126699628294601,0.214308049263539,3559.52813333033,1,1
834,0.5,0.57472477326249,2.2705366973385,0.882651919183301,0.996166839745945,2.0977744815422,0.0398404062666329,0.0434370838109422,0.0644892480243914,0.138764310810754,0.248362587053111,3528.40668815634,1,1
835,0.5,0.534558242497718,2.2515976556077,0.845300255225842,1.20054025512109,1.51997774701346,0.0457809266900097,0.0437090605193743,0.0649205926642712,0.135046761470855,0.228504885896637,3524.43409919806,1,1
836,0.5,0.488860455661426,2.2149247010601,0.900098790978124,0.989246908188155,1.73562124847564,0.0497331148086373,0.0425675641908857,0.063252212158304,0.137622923652055,0.221227946492708,3510.85931407185,1,1
837,0.5,0.482794545584379,2.2650600833911,0.837419090296242,0.823534643033413,2.08463195812226,0.0516444659208944,0.0403036796215898,0.0611067759270367,0.134497269833689,0.232222108507431,3498.23701207891,1,1
838,0.5,0.568886240346264,2.29606406088079,0.802098349349877,1.06302039662146,2.0952035996723,0.0387843392029978,0.04325143962435,0.0655727969945465,0.139619051216642,0.238044561448007,3535.04218260045,1,1
839,0.5,0.521132866427123,2.2975017029306,0.836864548064036,0.977120203527781,2.28691127234236,0.0420110588354553,0.045114434304913,0.0675068953922928,0.139520498862635,0.234085074264438,3586.69966781926,1,1
840,0.5,0.515557904034493,2.28409670620649,0.824632454805445,1.16779935439521,1.8042190626149,0.0437619906414614,0.043307495510805,0.0657234147258375,0.140049113712885,0.224941524147989,3559.65225887291,1,1
841,0.5,0.417308346912008,2.26045308168418,0.841228881749795,0.957662031676165,1.77303055360871,0.0604884085375868,0.0429646592029962,0.0662290197705679,0.130669778069535,0.222100423585163,3519.50587368251,1,1
842,0.5,0.468143548706829,2.32593120268066,0.745831185476142,0.648164164204493,2.5877413661139,0.0517389284966614,0.0416093336578862,0.0632442875612727,0.133616866341473,0.230897347395865,3530.82218688535,1,1
843,0.5,0.555575148150471,2.31493575917983,0.758435014781334,1.01075850859562,2.18788074606885,0.0394187509845361,0.0430314861515624,0.0653578860110958,0.142909990137244,0.233388418678851,3547.77108276938,1,1
844,0.5,0.469580350434534,2.26331972492074,0.893839064515598,0.88460588668299,1.87937963090471,0.0536769609152061,0.0415954609247813,0.0630255979212026,0.137834796017698,0.22182310898739,3539.32976068076,1,1
845,0.5,0.483242507158779,2.29448740004006,0.75796208748504,0.98168512570813,1.82937696223181,0.0522228109508875,0.0424069339461043,0.0642803903754386,0.136149945125277,0.232169479312763,3514.85910328047,1,1
846,0.5,0.455828380757137,2.27878773392693,0.820183900834768,1.11473760879021,1.72746462781921,0.0523813995497264,0.0432807080476357,0.0640355663994393,0.12593459077298,0.216983965346314,3543.62137969868,1,1
847,0.5,0.47477210817677,2.37210224097324,0.632256143083847,1.23215755249396,1.74060995105305,0.0496809980030049,0.0431932594743789,0.0685564741597042,0.125329637449159,0.227823977679145,3534.82083511488,1,1
848,0.5,0.604377464597496,2.2603619652487,0.828995570725832,0.990612028466814,2.06965156402719,0.0358790648837401,0.0420643696797799,0.0623739730727487,0.14382074165365,0.241508073290397,3497.50643599834,1,1
849,0.5,0.538675125214093,2.29819847104593,0.829724503281359,1.29615228159615,1.64790634322792,0.0420931712024464,0.0447930485039209,0.0643779337584929,0.13589757027187,0.233545558564878,3574.73986802964,1,1
850,0.5,0.553781880989564,2.39981628734155,0.715038904018715,1.18699420051398,1.92500241163228,0.0391838672207821,0.0408699278059077,0.060862200522522,0.13947711932609,0.233362781767669,3596.10232067998,1,1
851,0.5,0.510937923766598,2.34914589090912,0.764872174780836,1.18821884933923,1.85865388307914,0.043481139697718,0.0426444582288682,0.0643197860594913,0.134390263844409,0.222482468518858,3581.93458498897,1,1
852,0.5,0.580034897677864,2.33738471569928,0.724767980928979,0.903829905149795,2.40458183494813,0.0373376878068264,0.0425187397825272,0.0636460330770167,0.145403281099273,0.248647543044066,3539.45622725692,1,1
853,0.5,0.457701201092141,2.27565375039376,0.794311334370542,0.996093020778329,1.76795379427585,0.0551387239156686,0.0433366851053805,0.0655374447627408,0.134191631018677,0.222485081296871,3522.44859323012,1,1
854,0.5,0.287880826195215,2.30538356942977,0.844454317357047,0.837015775430276,2.01107865689626,0.0731817011541712,0.044422328219234,0.0680742880666765,0.123932937594683,0.213045501115069,3568.52698171175,1,1
855,0.5,0.474917717398686,2.27780209539925,0.778509472724939,1.01029522816257,1.90552532181146,0.0503358368908235,0.0434683599201762,0.06520096278922,0.134600168526126,0.227220917007805,3525.69547714495,1,1
856,0.5,0.542727366512811,2.27734506711316,0.84036102915191,0.900794976739214,2.07589478348685,0.0424232029749198,0.0421707326752747,0.0637813161121732,0.146582379100796,0.228740117447305,3542.39588127538,1,1
857,0.5,0.444661528287802,2.23819160797736,0.904463349536779,0.983471658968941,1.80952145051702,0.0560993490956961,0.0419714066768976,0.0646779900965931,0.12886390018805,0.219629627021984,3513.41039906319,1,1
858,0.5,0.532465836636216,2.31886397188294,0.759583024744125,1.17872060416948,1.78564117504872,0.0420698850635181,0.0436624024161059,0.0661874476713702,0.133937739903749,0.228541551810576,3537.85420569362,1,1
859,0.5,0.510635826354896,2.35041536529788,0.73150004448618,0.788419522875221,2.45967227971115,0.0446250718102703,0.0404237517749325,0.0621458497057764,0.134996751518765,0.233441381472407,3534.62773674079,1,1
860,0.5,0.452872318782695,2.26192984944194,0.805644391327175,0.709161527458529,2.34446858029166,0.0538562905191153,0.0405398013463293,0.0621944054740878,0.135167914972278,0.237766972657014,3497.00151759935,1,1
861,0.5,0.484589822994339,2.32104435448735,0.781695840614529,0.804884140171493,2.26488354319178,0.0476502231735937,0.0427136458151131,0.0633051153448466,0.140138508760876,0.22826273064753,3567.54364768876,1,1
862,0.5,0.456809589832518,2.24431736538401,0.855389467266592,1.02440601768351,1.713581737904,0.0538251080701461,0.0423288466061268,0.0640423307843726,0.132991158962101,0.220415140574191,3515.99286089008,1,1
863,0.5,0.441937879395905,2.34167847737886,0.762493060203698,1.00301980707947,2.01644744862783,0.0530968260951492,0.0433145564241566,0.0656632298875167,0.125573261527134,0.218139972509172,3568.26100939534,1,1
864,0.5,0.457076335534995,2.29133559660585,0.834554948656694,1.01305808118857,1.88711815827192,0.0534191890400512,0.0427557319987918,0.064638485052521,0.131010120989336,0.219469815326138,3556.60465193134,1,1
865,0.5,0.483157068009462,2.32492396604128,0.691805439505179,1.01012127897138,1.82830206116792,0.0532014808452122,0.0426561307625432,0.0645717760633713,0.129597225299209,0.224791877329221,3515.52458096463,1,1
866,0.5,0.481639808337235,2.31169678515185,0.827717588018168,1.08605529897551,1.66540371185184,0.0516729420781451,0.0413675271202422,0.0642523562563567,0.130922837677638,0.215673732416508,3554.6542018768,1,1
867,0.5,0.510642983859169,2.33711620391524,0.715758837131639,0.889744255226905,2.27477901639323,0.043413601380345,0.0421561761192314,0.0637915685034691,0.135192972515731,0.226395096236595,3542.17718317304,1,1
868,0.5,0.578135030514336,2.30102139992344,0.800857080102273,0.881707470053356,2.22557160326533,0.0403126425112834,0.0415945952310382,0.0603425459750191,0.135311009692888,0.244231710163854,3505.53204354596,1,1
869,0.5,0.414409780348517,2.28535727070261,0.754918532050838,0.921671235976452,1.93491642893791,0.056505486519913,0.0425077819720839,0.0639056086629573,0.130950091561822,0.214825528215283,3526.0758080728,1,1
870,0.5,0.539569058859455,2.33489479849282,0.728691407783941,1.06147822379954,1.89526057102056,0.0431360373429539,0.0416516323741122,0.0626767944665076,0.131684856289102,0.226550616817921,3527.02022689915,1,1
871,0.5,0.518175329398908,2.26556251870004,0.827374739442843,1.06193669829275,1.93710058708276,0.0464340229376713,0.0427169236038814,0.0646862223243021,0.130484317041687,0.239181383058515,3503.42162390546,1,1
872,0.5,0.570609917354077,2.29067066164044,0.833589277084324,0.735958661156926,2.47668240826406,0.039917135849864,0.039734972338229,0.0597257334685666,0.143201778684562,0.241663968296924,3515.58761891439,1,1
873,0.5,0.537434029811406,2.30764142077253,0.844775030111222,1.06223543137353,2.0523590856444,0.0415193453146726,0.0423779807646587,0.0634790696327178,0.134585573644521,0.229667321725319,3555.40696471088,1,1
874,0.5,0.418757258705285,2.25084689861142,0.823655559737343,0.858573073379954,2.09129846571314,0.0577825390923548,0.0430654660787726,0.0643766216496302,0.126921259377751,0.228569939818125,3491.0824018548,1,1
875,0.5,0.540684484893905,2.22153487022699,0.87864414874267,1.02773239296924,2.1216021492404,0.0408947424563759,0.0450519101558227,0.0647820334060468,0.13976597497957,0.226272790843905,3542.68865907316,1,1
876,0.5,0.440460201592691,2.32906595584668,0.806239439927313,1.14772175470717,1.60978419927149,0.0582000585993027,0.0434677453848711,0.0668347776954706,0.128285055889086,0.222193161632051,3571.10890918715,1,1
877,0.5,0.572920878732494,2.26002610653713,0.82549137709397,1.24412507585917,1.66656678330274,0.0381361093365454,0.0444997933460566,0.0652397969690346,0.143211912868337,0.233983981765933,3529.50894509451,1,1
878,0.5,0.44984625879551,2.29315503608652,0.839946291682434,0.892603175175061,2.04916719040407,0.0538761733230329,0.0421145390376785,0.0636182280243448,0.130897079938355,0.22690033788358,3547.09752418264,1,1
879,0.5,0.519611770216889,2.31629613861156,0.801990755109358,1.12867165543998,1.84338776969604,0.0439373941267053,0.0427116210296225,0.0631414088611457,0.13211542362113,0.217755555955332,3575.34830576123,1,1
880,0.5,0.478037211571119,2.31937051100623,0.729958499465736,0.781543688161147,2.14651096443694,0.0525043952053605,0.041292684894969,0.0621825054597502,0.13840224290631,0.233709846229972,3521.14629991107,1,1
881,0.5,0.554460045896474,2.30280414095378,0.806836806485937,1.04187376288081,2.25319633669753,0.0387807876152887,0.0442135338697315,0.0668171976636843,0.135096925486023,0.241208024529931,3544.71114686789,1,1
882,0.5,0.525257068633784,2.2752694176032,0.877740924187126,1.15238729000832,1.72324075831852,0.0455866900065197,0.0425789835508005,0.0633599545301164,0.13440483048599,0.239147056897834,3542.79093939289,1,1
883,0.5,0.383492875803241,2.2509505524035,0.830123491330243,0.911164572865676,1.87149603890062,0.0620327979363324,0.043034426234397,0.0659568524799825,0.132178763937438,0.214625733291594,3525.74619835073,1,1
884,0.5,0.458254216853655,2.287569894533,0.813997919999748,1.00377206023766,1.93281798830433,0.0499784164777502,0.0440589690518508,0.067320129331922,0.134862868207439,0.219260232769779,3558.19419330843,1,1
885,0.5,0.531201868191616,2.30300486263018,0.761815379279251,0.756121805184698,2.35268707892254,0.0433391938707825,0.0408435494108449,0.0625549432372481,0.139187540231036,0.239541443616743,3490.29196794081,1,1
886,0.5,0.551244488738901,2.27737252970384,0.844251159067758,0.738756780693592,2.40584452201078,0.0425484566843207,0.0400246142297556,0.0600630828165541,0.139118001978617,0.247358611343637,3495.48696802618,1,1
887,0.5,0.598717722028964,2.28021549209606,0.780178563770253,1.09894948972122,1.95738965650313,0.0354095735050331,0.0420722368132983,0.0638940720387071,0.149807350214179,0.240702572206099,3507.06396644991,1,1
888,0.5,0.495883935849131,2.28429139514244,0.845819662896738,0.915528272997828,2.15300001205168,0.0469149974710303,0.0426498392301127,0.0639542200706712,0.136558190106519,0.227334633566713,3560.43971702533,1,1
889,0.5,0.498154749499844,2.38892639038863,0.689082385330883,1.24715268397168,1.67294995496255,0.0459388031408916,0.043240102388264,0.065039490096774,0.13298645073214,0.218831600560537,3594.00190525217,1,1
890,0.5,0.425216465075248,2.27900683664953,0.862982261097818,1.15528552762112,1.57605685823561,0.057841183544098,0.042955918046301,0.0645976455207381,0.12848964911967,0.208882924427756,3567.62500575265,1,1
891,0.5,0.519846227758134,2.26435087012942,0.869280739799575,0.822799556266012,2.09780904146801,0.0460760370064282,0.0411188479712023,0.0635920799695238,0.142448225010882,0.238147122361276,3520.66095876598,1,1
892,0.5,0.508176285564531,2.30926874533637,0.823939628809436,0.987063136918957,1.97860893948251,0.0474948345562325,0.0414594434931363,0.0640891602586019,0.136158377153299,0.231757553759751,3546.38808016188,1,1
893,0.5,0.451809466952716,2.30439240049471,0.779326932154568,0.967018192876794,1.99029728949901,0.051580414507244,0.042963516618697,0.0652040268905768,0.129698030700026,0.219943616136153,3537.29729276209,1,1
894,0.5,0.610824880104173,2.39715078714739,0.717676079379722,1.47226891039258,1.7254223161367,0.0337005322460666,0.0445595990275986,0.0652100799009313,0.135080739325026,0.236671248721433,3587.32409047138,1,1
895,0.5,0.44962066492118,2.2808418126732,0.79584075256606,1.06785288931266,1.83555930454293,0.0549075555095141,0.0427414413890812,0.0654947189744514,0.12548786209902,0.223139379535482,3520.27926199933,1,1
896,0.5,0.532000331846034,2.34250595230588,0.731000483701048,0.73525086292771,2.50383555732309,0.0429363278000858,0.041393135060125,0.0620099964998509,0.138697201116697,0.238322153078071,3532.56780379536,1,1
897,0.5,0.53939424593465,2.33451500050177,0.744729233111525,1.01274536247496,1.92156197551232,0.0436815408003722,0.0420517350514602,0.063991416402,0.136860985061297,0.228683275197929,3539.51021766715,1,1
898,0.5,0.56681198575996,2.28801255765677,0.756492677688478,0.87989671143278,2.38425463290385,0.0408422712638742,0.0423276281297552,0.0640548983412824,0.143779042456022,0.25857057019828,3499.91939343011,1,1
899,0.5,0.525136398235087,2.37512560621211,0.713925572056371,0.907043453160153,2.38228847921303,0.0434347390787531,0.0422266747831549,0.0629328117669488,0.134749236058444,0.251485971812015,3544.79428128342,1,1
900,0.5,0.543705986241086,2.29096424180036,0.782800304848784,0.960929960349353,1.95406979138158,0.0430918099623511,0.0408094917469947,0.0618233197977427,0.139274695212864,0.223266567105805,3519.59760255965,1,1
901,0.5,0.534410376719629,2.31281326380024,0.835373811762542,0.80813464969841,2.32160289820252,0.042795053121827,0.0409412827283626,0.061135038409584,0.137843655218734,0.225068224496479,3557.45996051847,1,1
902,0.5,0.405645336270929,2.28047694473754,0.796422959142436,1.05542463100539,1.90911326629399,0.0605404934584386,0.0436850162728937,0.0659617004729918,0.122381986302568,0.225483216417738,3526.62334316051,1,1
903,0.5,0.519633043812584,2.32051074022861,0.776753953189681,1.19764634616987,1.78520453504174,0.0431276003660381,0.0441629993013861,0.0660491183270411,0.134928704133195,0.221599240084965,3578.53973843702,1,1
904,0.5,0.529779189010381,2.35752893274558,0.760780177982351,1.10226654247555,1.99587119597894,0.0420377242094975,0.0418123724520459,0.065106309078512,0.137390538055412,0.238569891569555,3560.97233385716,1,1
905,0.5,0.42034158166387,2.22596376226404,0.915146441787642,0.943877191677517,1.89204255927026,0.0622741068299416,0.0424213848618785,0.0639594357617938,0.12964389632225,0.230454762828282,3514.5651893123,1,1
906,0.5,0.512783292583671,2.27538882431422,0.831065626371955,0.989256055178444,2.21659856821486,0.0431841965510094,0.0446388854263458,0.0656020056365208,0.129937382307184,0.22282239375847,3541.928659345,1,1
907,0.5,0.469263164468628,2.2832717212425,0.825147794236642,1.04477388514527,1.8267851323429,0.0503539387701883,0.0433210025003943,0.0652318542930132,0.131866353136661,0.217588391472755,3540.64731874229,1,1
908,0.5,0.450081635731461,2.3321048056766,0.766767561617815,0.757392412513818,2.3764992838327,0.0530517323592946,0.0417461942120374,0.0633078097178406,0.134546518837374,0.230555157032715,3554.35306790031,1,1
909,0.5,0.572082812138963,2.22507974798975,0.926898775822072,0.953411559350126,2.19753315276376,0.040335020038531,0.0434126216397415,0.0656641034916611,0.138716974355025,0.254323312276362,3489.41213961636,1,1
910,0.5,0.556977404764167,2.27495033338752,0.854040614707984,0.859490555160684,2.3969727005415,0.0399182069613588,0.0430020134472931,0.0632226865346339,0.141261677599079,0.247859649045645,3525.22968560904,1,1
911,0.5,0.47823165341111,2.28123509400051,0.794220526078984,0.943194990262478,1.94857115327851,0.0503989343718614,0.0427880026226897,0.0645098465543448,0.13784842310093,0.231941343923276,3532.01584065713,1,1
912,0.5,0.402163540725482,2.2734387816397,0.878613754712472,1.11922845709835,1.68365229155692,0.0592236593946263,0.0431228399944456,0.0654446492431307,0.12065559992672,0.206902062114412,3554.58168415019,1,1
913,0.5,0.583690662909789,2.25036032595449,0.883735872179125,1.01958399497045,2.06746479448916,0.0360210791901811,0.0426484184722796,0.0627614694722696,0.148398504463563,0.228375811329425,3549.42430052891,1,1
914,0.5,0.417755619723706,2.31452132762446,0.836743121070654,1.0259808448845,1.92559055890873,0.0568099982943732,0.0438190966521296,0.0657001016767715,0.127249210883964,0.21411574147958,3593.84512490277,1,1
915,0.5,0.432162681495805,2.31666783703579,0.782689900556927,0.766478656581771,2.13394773504175,0.0600654331052716,0.0403967781525115,0.0626778133832388,0.132305361697419,0.237638962294244,3511.11288920271,1,1
916,0.5,0.443545510657521,2.31937395079129,0.780103732550981,0.9506333127184,1.98808538892055,0.0556821224337864,0.0419998519464714,0.0651380168141057,0.125108186426555,0.221746895615812,3536.23224369654,1,1
917,0.5,0.584166834365803,2.30691459627384,0.724642489111707,0.893264644018704,2.3017656285764,0.0360521723629767,0.0424304622636808,0.0642553404076021,0.149106446838557,0.235987482944162,3516.70682901711,1,1
918,0.5,0.496623860454014,2.32244817904075,0.808444489764407,1.02994191804863,1.90379959418655,0.0475356613449168,0.0434917342726084,0.0643416794087524,0.141438952079896,0.224127048418205,3596.44367097728,1,1
919,0.5,0.542989025921778,2.32643717745141,0.761738306989569,0.927950270966241,2.10529416089393,0.0420287752098671,0.0421121206595108,0.0628632496666852,0.135445027654979,0.218899135334189,3550.12596961813,1,1
920,0.5,0.538903235274926,2.30478032348749,0.784326572625277,1.13909612237378,1.69474335562219,0.0428021446749451,0.0411938516916672,0.0611613612823636,0.140734237040841,0.22658427541216,3546.98716674246,1,1
921,0.5,0.573018087310014,2.33076920915517,0.706550464447306,1.15040319901667,1.89358290837571,0.0373010361020194,0.0423064463785704,0.0631277786570269,0.139283275848532,0.22124994823851,3534.26225862904,1,1
922,0.5,0.534840618041173,2.26902506557866,0.86530785534748,0.877922571420847,2.19987601290095,0.0416036906603345,0.0423373108954804,0.0644603795656249,0.143071179626087,0.228751382977978,3539.14200446365,1,1
923,0.5,0.516850542883608,2.23884897172034,0.911771075835704,0.926087319571166,2.00371927427865,0.0446372842321463,0.0419731815722959,0.0639802502805746,0.13964638901726,0.228152262418384,3515.77631106965,1,1
924,0.5,0.434810937451509,2.32317968454536,0.746362197161384,1.02635799707495,1.75738128031399,0.0575606617697081,0.0416067374281889,0.0630943234744161,0.129334172242392,0.214706939314125,3545.58570393955,1,1
925,0.5,0.55011404065426,2.29117078674034,0.861569685324449,1.08146123432304,2.02254149749953,0.0393276324766021,0.0428556268606827,0.0652688836369257,0.138292485930807,0.223519107918946,3567.16787240522,1,1
926,0.5,0.524874606774127,2.28810376138401,0.822174235881974,1.07770094590544,2.00767903485076,0.0438853133035802,0.0434705735505819,0.0637113124097366,0.136204187042834,0.231274415146735,3559.90473048737,1,1
927,0.5,0.420564862744323,2.39693751574432,0.669115760278204,1.04733012957498,1.78879349539203,0.0580878791335919,0.0430745469363061,0.0662540221378169,0.127071288282431,0.216674918726517,3571.2757772985,1,1
928,0.5,0.555177761048959,2.36248226242694,0.736219707004358,1.01492106708395,2.12021753661963,0.0399017396841032,0.0413051706187741,0.06128450358257,0.13832258683707,0.242212204225016,3563.42299459282,1,1
929,0.5,0.485087622786828,2.31861492097404,0.72130036614497,0.97061357311416,2.03549507633917,0.0484453814754792,0.0422658146923424,0.0652087658042461,0.134760501834598,0.231379599202959,3521.92581718963,1,1
930,0.5,0.414467140781427,2.32498739452476,0.827243687173644,1.1019194040212,1.73754525614431,0.0576181124836171,0.0445932413036964,0.0666529841082862,0.126022532894702,0.209740869907175,3595.62994538952,1,1
931,0.5,0.510243657778886,2.24021442251469,0.888384780866376,0.81901912304043,2.24828033426651,0.0463798343315264,0.0419864052616476,0.0620444818440516,0.137242618234353,0.230691069937584,3527.69411228247,1,1
932,0.5,0.454114312956328,2.34197724766619,0.701087401838756,1.00808428740138,1.82702077147097,0.0556693572454589,0.0424030771465934,0.0652502971550181,0.129530939415887,0.227823252519561,3529.69545987812,1,1
933,0.5,0.458351359846583,2.25761912214181,0.823330394876268,1.06298506641701,1.76924305332317,0.0522097235861951,0.0430921159032168,0.0661871992570066,0.134348658761225,0.213897762770543,3535.34129624845,1,1
934,0.5,0.524392829280727,2.22623387406261,0.892873422467372,1.15176001267467,1.7753020925034,0.0442740175808289,0.0434042561185446,0.0644831212335555,0.130725558376986,0.227043009954169,3514.34545580265,1,1
935,0.5,0.488828095443146,2.34884745338844,0.73699821879557,0.890531880215975,2.16464788629016,0.0482763353457894,0.0413148538171127,0.0625760126208238,0.13068535679905,0.223403335873811,3542.47317577284,1,1
936,0.5,0.514844147443576,2.22175747725527,0.882849254350977,0.975684688666502,1.93265484272917,0.0469890416554925,0.0440700663499906,0.0645016754219771,0.138004044284311,0.238251462929737,3509.37962377424,1,1
937,0.5,0.4433349963373,2.30976284738609,0.818688220670292,0.950584568023946,2.03420305840866,0.0533741663690735,0.0426092113657787,0.0624450106521487,0.126303435903976,0.215488285921075,3557.29745836884,1,1
938,0.5,0.502983057992115,2.38273694870399,0.674554576005333,0.907764371582642,2.05814610828066,0.0485131394512352,0.0422104379999943,0.0649302037441277,0.133911837370495,0.233009914870767,3543.7304761265,1,1
939,0.5,0.495479024155992,2.24602894235546,0.953494903866106,1.13136568280624,1.92407584003784,0.0449561022369833,0.0451730642129044,0.0670055454383481,0.135866206424907,0.218757298306715,3592.28256431753,1,1
940,0.5,0.523982128296093,2.36697400954926,0.749523737954537,1.14206048104334,1.93276469249632,0.0452365544382156,0.0424628168063527,0.0634209905903173,0.128884228803842,0.238077304943872,3564.21024303717,1,1
941,0.5,0.484552413268325,2.33407678362835,0.788776019059578,1.05571774224072,2.12668350226133,0.0462621191138967,0.0437140888084253,0.0657877913771661,0.128695510278175,0.220776265874926,3582.22147118622,1,1
942,0.5,0.422773665352777,2.28315840335494,0.859934235393755,1.03734570208673,1.96155359805895,0.0564865290987903,0.0439229604428264,0.0677912104270484,0.12749590292653,0.226496154114493,3552.30797217651,1,1
943,0.5,0.493924840586009,2.26403784520534,0.801304073215895,0.769949541033035,2.22564942029036,0.0478625686353171,0.0414903746509929,0.0621701499659069,0.136951805650513,0.228989337433664,3510.07951571247,1,1
944,0.5,0.552989219738572,2.38442679041707,0.698245131635644,1.0910763852596,1.74966806881075,0.0420309467144801,0.0406024050073411,0.0616613105900811,0.141907321098365,0.227303581900639,3560.42468022647,1,1
945,0.5,0.490524141050211,2.33366868442886,0.784045986784645,0.871972491191139,2.31628902243528,0.0470864535318038,0.0424532044082265,0.0641392055676277,0.134830635459024,0.227378866580012,3560.94712801722,1,1
946,0.5,0.523023477389037,2.31913758934758,0.803963153748327,0.894913818431058,2.34809853849445,0.0402912568579555,0.0426371892084872,0.0637675867773867,0.139849774696941,0.226339614467009,3570.77572740396,1,1
947,0.5,0.453603447024237,2.3230912477248,0.764683868057939,1.05609921765782,1.91527284270965,0.0535043308724133,0.0428067406763827,0.0651230318587943,0.130270625821803,0.222074174549413,3562.8074809389,1,1
948,0.5,0.489827259231434,2.28723090180213,0.804221371550099,1.11807057164076,1.72771332907097,0.0493433297245925,0.042889956349413,0.0648881475302017,0.130771081696268,0.228180972560108,3533.8607973645,1,1
949,0.5,0.497343077952593,2.29149367720153,0.841890782813488,1.0427403979826,1.96284580762013,0.0440506253098555,0.0442160513039091,0.0664057627228564,0.138447611011412,0.218997166405478,3578.26378704824,1,1
950,0.5,0.541705067965175,2.37405277701309,0.770799786999815,1.04888205957584,2.04351529078974,0.0400868184339152,0.0422774616108764,0.0625431300667373,0.134103976933191,0.225127050270681,3592.95453355614,1,1
951,0.5,0.49068149095533,2.28594446190007,0.877909048246893,1.26503090701413,1.78887447575306,0.0450419081855301,0.0446328680617178,0.0668648462334919,0.132456742342324,0.218899877436156,3595.07951822012,1,1
952,0.5,0.507996102291534,2.31278797183263,0.772755076429174,0.756016704505656,2.41248754158198,0.0451853128752544,0.0409012460618702,0.0627466316925535,0.134611201393906,0.228744955270578,3523.31336921303,1,1
953,0.5,0.506866251591315,2.27996804210077,0.740222693283924,0.91285574113909,1.98481905829505,0.0476244725598278,0.0425480744837898,0.0648392307030099,0.136849184284395,0.226312727443652,3499.40762012919,1,1
954,0.5,0.5367358031575,2.28907699758689,0.804781957169209,1.07993823479846,1.86242037632217,0.0434818217733605,0.0430472530851731,0.0636155843726107,0.139296592157855,0.231971910924861,3540.17445070314,1,1
955,0.5,0.493053080975576,2.36271210836711,0.74311680331336,0.868590844947943,2.31135362906599,0.045337280589514,0.0413297336588598,0.0642532228459853,0.13310257640823,0.217855159825016,3574.2270808711,1,1
956,0.5,0.5553024339821,2.25420388127052,0.784618863337498,0.898186907562714,1.942008160725,0.0436620294458521,0.0417313789826588,0.0636369594057411,0.140137202010935,0.241079532457032,3457.32257796565,1,1
957,0.5,0.473861713416919,2.35149149710846,0.781810374209641,0.819801701119767,2.43832364744176,0.0500390917602302,0.0409529006342208,0.0638388959924324,0.131345905921878,0.243817689163681,3549.9121825878,1,1
958,0.5,0.53028753135291,2.3273393026453,0.817164524416091,0.98451053585354,2.13828972868702,0.0430641816982727,0.0419726016697259,0.0627252328287571,0.134887738342947,0.230643686238877,3570.02386406627,1,1
959,0.5,0.524643076880584,2.22417349647566,0.89408653293829,0.757759310133974,2.31355509390568,0.0451234080483473,0.0421533308445529,0.0631961447046025,0.140795180396375,0.237052548624859,3498.77144766217,1,1
960,0.5,0.526032388396645,2.24116012237173,0.809762906540733,0.992513776768387,1.78140969278466,0.0475197346104564,0.0410202393233412,0.0617345964487188,0.132574205482713,0.231471015658235,3457.38809405132,1,1
961,0.5,0.586982927732942,2.29727123334465,0.812375848492907,1.06569551420924,2.27527803936679,0.0344847846629309,0.0426170896837637,0.0644116406593675,0.144222629738946,0.246617857138447,3527.98671948793,1,1
962,0.5,0.524865527418752,2.32895609666005,0.828252792621455,1.07027561634722,2.15800389654968,0.0424567435424963,0.0446091347603838,0.0673823214289684,0.132651921218528,0.234674103617194,3580.65123540921,1,1
963,0.5,0.409633406635601,2.33892971703332,0.714743794331236,0.937321351663193,1.97476325615285,0.0579169976014154,0.0407097031611666,0.0643267805896671,0.129183702289716,0.214631676092127,3538.62067061232,1,1
964,0.5,0.532299398591671,2.3761969966167,0.646531621394582,0.968671361273052,2.22132325947722,0.0429000503731846,0.042356913186535,0.0638961371835934,0.134370850306103,0.238693041548056,3537.50291940053,1,1
965,0.5,0.460898930369769,2.39129392787696,0.659176030871023,0.734169130925557,2.58046885068206,0.0508344621058416,0.0408918056274121,0.063208392842843,0.130314421340886,0.243550314587841,3526.48844230587,1,1
966,0.5,0.460101027070243,2.32004677233946,0.776623241104722,0.925426343803374,2.04187299254647,0.0512343954769046,0.0419255540582323,0.0651269874588364,0.132196926559426,0.224950075297168,3537.73126228423,1,1
967,0.5,0.567215426629315,2.26482949354551,0.839955087212188,0.979580091102096,2.14964443731721,0.0393867334333286,0.0425815017251278,0.0639563159279774,0.141815025881947,0.234112308805329,3524.7459403216,1,1
968,0.5,0.549866864370894,2.35994126636071,0.747368042031851,1.08959286646338,2.09885837798584,0.039429147533266,0.0424207654712861,0.0632679503495161,0.136086013182656,0.225122657688417,3578.97250896946,1,1
969,0.5,0.498047934446192,2.34973297316581,0.70718891271311,1.18747087934628,1.7373385400692,0.0465506650192943,0.0437312492838775,0.0678995760476437,0.131034168583723,0.222651374894832,3555.69886452895,1,1
970,0.5,0.463477696735645,2.33289809897779,0.803911835086444,1.14261669092383,1.79306329014628,0.0510202958869621,0.0430084538945492,0.065725980040328,0.123063735736689,0.210009943752586,3573.30563019056,1,1
971,0.5,0.414538290066549,2.30815422000861,0.784033328594247,0.948438194184171,1.77323899584569,0.0625565452523328,0.0408540662818827,0.0635662622926567,0.127781282613327,0.22076280700828,3517.63690512394,1,1
972,0.5,0.4392171280073,2.34611878713525,0.806447977659915,1.03359816883261,1.88253896626965,0.0563498602774144,0.0414795153014429,0.0644788874782101,0.126773142669295,0.213434398552867,3572.94099383821,1,1
973,0.5,0.506298422091949,2.28521064549146,0.804309985604434,0.983982681557779,1.8379992186185,0.0470560909599804,0.0412449985404118,0.0630363096283465,0.141333734873015,0.226366714009985,3526.30322971254,1,1
974,0.5,0.492334288321391,2.29074151529396,0.814015100523698,1.05576704820851,1.81835962570834,0.0487601922879213,0.0424788318483911,0.0642778599969614,0.131927786671513,0.228731025146354,3524.7961493461,1,1
975,0.5,0.460968313261617,2.3452700845831,0.751800127501692,0.924885943886133,2.10808204369228,0.0516315765571751,0.0425960787377078,0.0640875312491745,0.131178613901565,0.216719690963297,3577.41621114506,1,1
976,0.5,0.477944957478439,2.26163383173523,0.882699807942482,0.98033601724539,1.99646251774945,0.0492480736590597,0.0436770108698425,0.0663168354472073,0.13599431421576,0.224066886759257,3546.23089091717,1,1
977,0.5,0.498432152672783,2.25652836943513,0.87361818679549,1.05901877234889,1.81001120093319,0.0497804875471305,0.0439365678165796,0.0656966413257111,0.126101631946654,0.226375160438929,3519.95548327111,1,1
978,0.5,0.48574778429925,2.32251071292698,0.707410316204923,0.981761453378781,1.98193678214396,0.0491059447541921,0.0428524709966151,0.0650663722266223,0.132253532372847,0.227095605021075,3519.43176642352,1,1
979,0.5,0.478843883343615,2.26782903557464,0.879229932217904,0.96695502139886,2.05526868276445,0.050431972737795,0.0435598417898781,0.0661597744538393,0.127394151439239,0.235948149842154,3525.40765651968,1,1
980,0.5,0.522178760837133,2.29805038748768,0.783842273672646,0.931458648299824,2.23734156810561,0.0439528872689522,0.0433796315316545,0.0657373235075279,0.136383491916726,0.236615318261596,3529.60703910703,1,1
981,0.5,0.539801302318832,2.35798211947084,0.720358212505501,0.94944929155392,2.19656438168795,0.0440877855307824,0.0426092122574694,0.064031338367532,0.127014043820616,0.229390305503023,3526.40461232549,1,1
982,0.5,0.479250397397448,2.23570269640315,0.886754259431151,0.955167781553111,1.97288396931663,0.0508147619717112,0.0429384909981064,0.0623471416250574,0.133600912893208,0.226403566898467,3527.07910322607,1,1
983,0.5,0.486012797500181,2.32808813803714,0.741285939500145,1.09704782022306,1.78496201271922,0.0501304957358413,0.0423193394395705,0.0659435810879274,0.128811543928178,0.225996324876812,3534.72820535146,1,1
984,0.5,0.470179204893365,2.25429335068195,0.846593387356313,0.984574073893914,1.75228823158811,0.0534928228065302,0.0437562672200319,0.0662516753516942,0.133268501639675,0.22913880328798,3501.47556585743,1,1
985,0.5,0.571253388897979,2.2265599961871,0.91441298267093,1.04901720197753,1.78374462155198,0.0413738023291649,0.0429405062726306,0.0639115622537574,0.141040314174633,0.241211187335981,3500.71184108661,1,1
986,0.5,0.417847578997977,2.31427248719307,0.763608902034861,1.09522532039095,1.4990691708875,0.0626404301606676,0.0423260093442848,0.065036171374061,0.123929253294617,0.212523465494232,3531.09262169801,1,1
987,0.5,0.464306463686454,2.23436433531215,0.89054808361177,0.987754924349753,1.85972537372098,0.0534715097201551,0.0422455592282706,0.0637073866353536,0.129249105143996,0.224165223370993,3504.05558146274,1,1
988,0.5,0.43016431103786,2.26903935221011,0.814727565526386,0.97264567208217,1.93143809900049,0.0565016243037642,0.0444155129333696,0.0666649505403617,0.127703861065505,0.216177552150275,3536.68522873644,1,1
989,0.5,0.561674505669348,2.23862678109718,0.923360434497441,1.36497221629415,1.44507887930422,0.0399589145405568,0.043681003860724,0.0662284730064725,0.140016309454822,0.226615352430259,3539.78202911698,1,1
990,0.5,0.524864876438543,2.26378014562807,0.815781833148351,0.868929720572458,2.13135838538617,0.0454099322141275,0.0431755398075105,0.0638376742768765,0.134451932734942,0.219505299862823,3522.8237807186,1,1
991,0.5,0.45075545837411,2.31525651112827,0.777946653415253,1.17242022131427,1.67052800215404,0.0525018986141756,0.0436226453324772,0.0666777315282291,0.12643253148523,0.210153208243332,3563.63218745318,1,1
992,0.5,0.499795011496843,2.31519939851491,0.770385648816163,1.1469802780867,1.7609886737256,0.0466524854379332,0.0434725012600688,0.0655277821729759,0.136500357964571,0.224376501309866,3552.35898858373,1,1
993,0.5,0.516202872873077,2.3249735559429,0.718842726361433,0.81733458797816,2.19658108347763,0.0452281546904199,0.0414156602925036,0.0626378122615401,0.145910688995403,0.225381642470723,3551.5811804635,1,1
994,0.5,0.601965263658308,2.32474514861182,0.741425814523138,1.16413208072713,1.85256326013268,0.0351466745780447,0.0409149307862031,0.0608861720647363,0.148399588108848,0.229467533193154,3535.58797601383,1,1
995,0.5,0.50361914447487,2.34367412760034,0.773575590821657,0.956124571090427,2.03551122989812,0.0479920994882164,0.0424885464314592,0.0629786550661533,0.128001289113739,0.224731477418897,3550.78238989752,1,1
996,0.5,0.560954886684876,2.27456618108302,0.906301711006945,1.28812232804832,1.75706981913053,0.03751286512961,0.0438630184749555,0.0659683387572245,0.141920486061322,0.227669370782127,3577.7968754861,1,1
997,0.5,0.531412334045767,2.32442778839054,0.757744597107337,1.0841577736988,2.06683769067684,0.040053772012615,0.044259605421237,0.0650051333393668,0.139216164270434,0.226955078418425,3574.87122654406,1,1
998,0.5,0.484934380804483,2.33779667834364,0.662639064658058,0.733766748950327,2.19044534978984,0.0557038331794718,0.0409278894821095,0.0641904507645824,0.135539321116909,0.247864134646107,3468.53275597864,1,1
999,0.5,0.578809308120448,2.34011011273916,0.750834967934217,1.07880920999075,2.09219691252356,0.0364160430538912,0.041845765378544,0.0625154954310265,0.140531374438193,0.233045435029405,3547.01422124231,1,1
1000,0.5,0.511856992166909,2.30968820684801,0.787848971022616,0.963957283609726,2.13721445078287,0.0466803593257114,0.042315691098306,0.0644157591221033,0.129833955654757,0.239469465854467,3521.7157945983,1,1
