1,-2,-1.67902690329414,2.32459985803683,0.738008588515879,0.933075299041241,2.20143103140222,0.313707749935456,0.0479741988531107,0.0750897438969323,0.0960966046646102,0.160199068331573,3506.67988796886,1,1
2,-2,-1.94493703796883,2.33339609879799,0.775031121472214,0.855753650472983,2.16302277305692,0.374472319729852,0.0463334357284169,0.0725983313505035,0.100897857791123,0.161035662477252,3551.36750242729,1,1
3,-2,-2.18368268361407,2.34720047501569,0.758989256456928,1.01696757227112,1.93722271095532,0.395775402521147,0.048380034845908,0.0751161941303542,0.100032639393082,0.163790208905091,3576.68113871708,1,1
4,-2,-2.34619727762169,2.27985390396243,0.833883645724243,1.03751235681546,1.89574885693896,0.429650266598862,0.0478714142588171,0.0766419702911128,0.0955573310432322,0.155841863023062,3514.35444830635,1,1
5,-2,-2.31745819266464,2.34806050509368,0.738856488245509,0.942968951729221,2.07007075526506,0.431914235968254,0.0477181868667746,0.0752914914017601,0.100071115669086,0.160757595319716,3535.75348242455,1,1
6,-2,-2.29144848561322,2.35358670422675,0.742029859645706,0.878054346807798,2.1396985950444,0.420169169404138,0.0460529237086342,0.072431183299021,0.101927904678703,0.163532352336427,3545.78075407852,1,1
7,-2,-1.52165831386374,2.13641130723052,1.06210561115421,1.08397213873752,1.95519751333962,0.282697682285999,0.0521066559776159,0.0787761463478679,0.096385075709892,0.156145772448193,3560.57943222659,1,1
8,-2,-2.54816749300771,2.38408243030028,0.724453298349214,0.903779784462093,2.02442813981676,0.500045108887935,0.0452554147222673,0.0712931873955561,0.100549687427491,0.159645522218901,3579.00274010196,1,1
9,-2,-3.10841125476995,2.42569028335377,0.632974287366559,1.06273192781546,1.81022102979159,0.653247288774084,0.047097669003333,0.0748232089408407,0.0955814566162489,0.158199067150999,3571.63108587285,1,1
10,-2,-1.8135376514702,2.28195358195487,0.8808697595394,1.12180518468662,1.95435122991194,0.307803283256107,0.0508581553686459,0.0776349351283929,0.0967859368523807,0.15716767821748,3584.93588133536,1,1
11,-2,-1.60435382887123,2.32040347030864,0.729082572910342,0.844487035708681,2.23353507538858,0.292263380028814,0.0480585485510484,0.0773524811899087,0.105652554114878,0.169337678019742,3518.00362676723,1,1
12,-2,-1.65922260014716,2.39282712780818,0.727923862054691,0.994839622953624,2.07648969886191,0.304227328760431,0.0470175958313787,0.0750740485204581,0.0989196005806324,0.165670549686318,3589.18966648819,1,1
13,-2,-1.92659609833254,2.30850926542227,0.817296438732093,1.14567835430643,1.8295808703634,0.351775215430616,0.0502743801624361,0.0774139674938238,0.0959351911847323,0.158240471740187,3570.57112702009,1,1
14,-2,-1.0728659791084,2.29072375387979,0.840611114016058,0.939148608694026,2.31412977964015,0.219677041088219,0.047328726770552,0.0745293862488074,0.0988659661897459,0.168081596565611,3524.42930775602,1,1
15,-2,-2.59318523103717,2.38458528749797,0.716751405961149,1.08416117443546,1.72739651714603,0.493725790779389,0.0491062317962839,0.0757226688650784,0.100453371208838,0.160141369442862,3587.54022036287,1,1
16,-2,-2.2799070845677,2.2842044049268,0.876815888906314,0.915424264753031,2.12446953153907,0.424196722883405,0.0488791702712369,0.0756203543688509,0.100579021739228,0.166597198815443,3533.38201325056,1,1
17,-2,-1.90666340922404,2.28901948714601,0.814238027992826,1.00124355340255,2.10817684626358,0.335966406905795,0.0494946954038235,0.0780985601180454,0.0986070193794623,0.162071825595128,3532.67383606083,1,1
18,-2,-2.61811010040752,2.30919542409523,0.79422725030807,0.990623620003718,1.9238257458848,0.510197369741086,0.0474153811585086,0.0744547190229336,0.0978126199185291,0.158778613119845,3549.19580428487,1,1
19,-2,-2.446275500333,2.23688029476797,0.847664500940655,0.994231472958737,1.98720269301107,0.461853587440602,0.0504586240558964,0.0776250392147727,0.0961028981184248,0.157008326689946,3499.04387356434,1,1
20,-2,-2.37911805597006,2.25842601505091,0.822884449108654,0.989517726042218,1.91350431328143,0.45836314601706,0.0481302449563938,0.0746732700791005,0.0964603592785515,0.160547841837229,3491.65454985432,1,1
21,-2,-2.64818072639791,2.30372568849023,0.811171419971147,0.932883326171522,1.95735651337881,0.5116686437091,0.0487055114115042,0.0751877078613473,0.100105945841918,0.155218905805054,3567.24052330796,1,1
22,-2,-2.39012386195627,2.29262411264505,0.767387972746432,1.10874194222544,1.7226243851383,0.450981018892442,0.0488326786392518,0.0790828686378375,0.0945767789557123,0.152812449500597,3516.28997750952,1,1
23,-2,-1.91099756060059,2.28761038029997,0.82726952187497,1.15455191382936,1.81609746258357,0.345498928219307,0.0502819134434963,0.0778593249263959,0.0959285988735294,0.1556625725485,3559.03248779474,1,1
24,-2,-1.6976781558176,2.19433404237823,0.973752590285328,0.855272792950898,2.2933337311609,0.299060933147576,0.0495203421708546,0.0760184348482735,0.10143182776797,0.167401356396685,3480.02627980458,1,1
25,-2,-2.21509621398868,2.36145099127998,0.688353494071281,0.699948463284161,2.37950218810261,0.414902067983786,0.0453714724409578,0.0709804756248983,0.105522127379019,0.168712665153166,3495.9271068336,1,1
26,-2,-1.93604265557647,2.30773583725112,0.73639071365693,1.02943993852274,2.03639821173087,0.348424568705558,0.0492078610902077,0.0777336905768484,0.0946016574145899,0.155443243453879,3498.31642416252,1,1
27,-2,-1.50411134693302,2.24860642247683,0.890339483062001,0.896299087594183,2.24152428347013,0.272856829945807,0.0492231802078522,0.0744633375272612,0.101799380505998,0.165796012713325,3524.69271222424,1,1
28,-2,-1.31311431969507,2.27108860261483,0.782357723046917,0.912963902886482,2.17140263934103,0.246438835707698,0.0474462936142062,0.0766118587620192,0.103523717122684,0.169662453060318,3515.81783156514,1,1
29,-2,-1.64694935609061,2.28603074554646,0.778524275660641,1.06452564000087,1.97642316312353,0.304200523292379,0.0487904367440262,0.0770721642300731,0.0966936288143504,0.15718484685598,3525.03096175371,1,1
30,-2,-2.03053764237199,2.30869172514843,0.771982390973898,1.0204525096829,1.9171040772328,0.400449915544141,0.0461321438148841,0.0736101977466735,0.0972795373504657,0.160569465991034,3536.29500193817,1,1
31,-2,-1.8593606229381,2.35401845286977,0.75077147550776,0.81141038774505,2.33012636626616,0.335216214842627,0.0470850548200451,0.0730902497509102,0.102964259408739,0.168231598930602,3548.7055070501,1,1
32,-2,-1.6643753223442,2.26070341068095,0.794480319249712,0.832985380137811,2.31943819453937,0.304659069704757,0.0466934110932785,0.0751992403750642,0.103220455566226,0.174946920311565,3470.62950141859,1,1
33,-2,-2.11131248836853,2.29558062698436,0.843029264320182,1.15465668472321,1.75229469300392,0.389492243640108,0.0490063052755852,0.0777048184396501,0.0972550048211085,0.15941930390833,3567.55884115006,1,1
34,-2,-2.06344043837477,2.24854500009875,0.880063345512837,0.917277983370402,2.13725189124723,0.379065544063356,0.0491956607894729,0.0764573437452942,0.0993246652551932,0.160858802222989,3529.76120975878,1,1
35,-2,-1.68384669125366,2.34710836042602,0.771275454845183,1.09513050582799,1.9702003262736,0.299022437964647,0.0503143960135476,0.0775895463344831,0.0976961365642526,0.154350718668503,3612.49954807409,1,1
36,-2,-1.4461549116599,2.24783394902821,0.856152473677593,1.01377857147467,2.00106661805909,0.280948977179643,0.0500900024816532,0.0783043276082522,0.0966041271126889,0.162936920361713,3524.35841826883,1,1
37,-2,-1.77053064780618,2.37929874960528,0.647972816778287,1.04416625308054,1.97148480509435,0.323777217225417,0.0461896116576468,0.0754649578381235,0.0983906344168402,0.163556636552646,3545.37419671978,1,1
38,-2,-2.32609153540986,2.30547142963354,0.779481944461365,0.902979651974102,2.12941287662383,0.411464795729153,0.0476029243511416,0.0765222040513155,0.0992414561129997,0.158643068196302,3524.78738512969,1,1
39,-2,-2.03294926157981,2.29188105031556,0.849208256806312,0.997442161896174,2.08401815232598,0.355273083304942,0.0479213662000937,0.074927603054198,0.095174426709907,0.155432434869733,3538.40531047105,1,1
40,-2,-2.24808929944328,2.35397328447728,0.729269631084203,0.929234009004989,2.00505844426327,0.43761097057917,0.0469417621539609,0.0730424987034517,0.0995732216030819,0.1615972747041,3577.07025291903,1,1
41,-2,-1.47313643089699,2.29993230178829,0.82186607391458,1.02404894420669,2.10464978183711,0.264875720241674,0.0498770464153355,0.0783429957965591,0.0991848158218916,0.159808930990557,3586.09690327211,1,1
42,-2,-1.9761495809979,2.27087621651993,0.878893209007857,0.933796233672742,2.10347961711237,0.355525861940643,0.0467656147904856,0.0735482971653232,0.0997293108645184,0.160950140624942,3524.4640629478,1,1
43,-2,-2.05902603270016,2.29876735840835,0.803853944350354,0.902380675503605,2.06892189233326,0.402842634695311,0.047149702438163,0.073689118621273,0.101425729196498,0.164401726305365,3521.40251350905,1,1
44,-2,-1.73396087231612,2.28244358242821,0.809304806893637,1.04927806434306,1.98547250504348,0.313857043753198,0.0482507426539991,0.0779636589129807,0.0989189918935885,0.164514538320343,3532.39543428043,1,1
45,-2,-2.566495238039,2.35163778939861,0.718745911799961,0.936938868018987,2.01301312585073,0.501238787655643,0.0465561158583348,0.0753045974794978,0.0968903487182016,0.154932791013847,3525.11401467441,1,1
46,-2,-2.01012365991779,2.30196475571362,0.860968080574101,1.00728510719124,2.0419573060563,0.362779540859744,0.0479309049076936,0.0753067330007766,0.0984791934507331,0.157972571901049,3579.99975071213,1,1
47,-2,-1.6782193745027,2.22250814718266,0.870784872138756,0.96641173699271,2.10106871417768,0.324095783418282,0.0490831983169953,0.0755234073030106,0.0974239849783573,0.165641216872944,3485.49794009997,1,1
48,-2,-2.2387495501839,2.31184074623695,0.846630660432719,0.970497380097623,1.99326666442338,0.433634824565003,0.0479940478455103,0.0749666031315721,0.0981413239613829,0.154461787393079,3612.36349798432,1,1
49,-2,-2.34930750157697,2.32390352575404,0.802869826229144,0.977458936861626,2.05776113861625,0.429916517041674,0.0480933162880722,0.0749691176592289,0.098375043241974,0.161488216992228,3557.43533165875,1,1
50,-2,-1.73217676373383,2.32504750384637,0.781849390483075,0.805249216029416,2.40687636444112,0.313539426310635,0.0457658210993982,0.0723165568687883,0.104053517023229,0.173191808808568,3504.61341842434,1,1
51,-2,-2.46413389322454,2.31162943269538,0.826265361879166,1.24798730892764,1.47994419777307,0.484143328610526,0.0494039394336573,0.0771575037663372,0.0934087754675732,0.148068373365207,3600.51905377868,1,1
52,-2,-2.15582681495458,2.255750971419,0.869574996241568,0.976036883741786,1.99522128148645,0.393422163344219,0.0491277612694051,0.075972016851581,0.0981996968078455,0.160002524763446,3511.44726327357,1,1
53,-2,-1.73332387071884,2.36841712632652,0.716232739109493,0.785238974432476,2.40402721243021,0.317084992089187,0.0466039110793569,0.0744275779369573,0.100152353132962,0.164144957462147,3539.16213296825,1,1
54,-2,-2.4932125457337,2.2826788507312,0.787611334259605,0.94047459959078,2.03244964253215,0.47728062391517,0.0485563814715489,0.0767134092481979,0.100214029463681,0.163140403617441,3477.46258454685,1,1
55,-2,-2.23703887897205,2.29803538445722,0.814262567133545,1.02391812236185,1.93325710758087,0.43469910105414,0.0476746374014517,0.0752392057869937,0.093786722787013,0.151066682383089,3524.1649540231,1,1
56,-2,-1.68519552427232,2.30839289381847,0.837856196844302,0.800631212628192,2.34199360549561,0.310679310928359,0.0458139833495823,0.0717438830541356,0.102854665962052,0.171224483784121,3513.06531882316,1,1
57,-2,-2.31116257035261,2.25704927830544,0.888507619467001,1.0860225268726,1.83471268962461,0.417106299031137,0.0495587986933493,0.0753022566517415,0.0987985216475438,0.162548992709607,3549.15802683077,1,1
58,-2,-1.84833475261469,2.3401785897296,0.756351448896896,1.02723951348689,2.00141616550041,0.322890975511532,0.0490762177003075,0.0789612956041227,0.0987644971330006,0.158124319917405,3552.98549737944,1,1
59,-2,-2.74324508979747,2.26866351466372,0.846840589273898,0.905291342841459,1.95019270727737,0.517249191350915,0.047923821911128,0.0751758952891678,0.099467934463441,0.153033611297988,3526.79587548678,1,1
60,-2,-2.03552242758859,2.26834159496648,0.825890486752304,0.997537829622272,2.0102355103297,0.345365996493608,0.0510384537117538,0.0788778936414089,0.0986121649504114,0.152218529711245,3554.86116602248,1,1
61,-2,-1.9173679706859,2.40501593854637,0.677338969139469,1.10040314621413,1.86592644509617,0.3814840412174,0.0467251660600281,0.0745032830464451,0.0952731268031173,0.159100430305869,3598.53239315268,1,1
62,-2,-2.08292892148207,2.33106073898323,0.769923492421717,1.28497458083927,1.59099335474981,0.368393407375167,0.0527442405078817,0.0827087594021889,0.0969126486921892,0.15163872946716,3618.99113268537,1,1
63,-2,-2.28611500968568,2.30305074886815,0.800619022697899,0.886714409518234,2.12720835768636,0.413902126507357,0.0467916264080419,0.0740796498051813,0.102824127269604,0.166243949900882,3489.73052333741,1,1
64,-2,-2.06267728262575,2.34381557259007,0.778667688558999,1.20077281207791,1.56806282159555,0.418442215711295,0.0476006826173411,0.0741920775660738,0.0957320965605677,0.153545322483495,3631.85134176158,1,1
65,-2,-2.9254027252447,2.30648090521198,0.798212397106922,1.04372742516671,1.79849044864977,0.590185902813044,0.0476021373323637,0.0744223711474382,0.0921537426163373,0.147162023941287,3527.67994656699,1,1
66,-2,-2.24141351766226,2.26644376685906,0.882620339082039,0.899717445797609,2.06191261359105,0.41271199698171,0.0494356293234229,0.0772662771855826,0.101133328615313,0.16640149048402,3507.33112009276,1,1
67,-2,-1.55844722587989,2.27173496603003,0.852330749395683,1.0806684621051,1.90114435438892,0.304691216445648,0.0511900407236242,0.0807004203290654,0.101393684076065,0.170403764313965,3565.35856372334,1,1
68,-2,-2.42517013779586,2.37247894883056,0.711923852631384,1.03034253436258,1.99722682522435,0.427911912701864,0.0480948787804792,0.0765115142872576,0.0973101080810879,0.157010252787751,3537.88535179829,1,1
69,-2,-2.26657563286666,2.28379082154427,0.786353371714907,0.886913710927601,2.16889839767269,0.431574581020328,0.048623177301431,0.0771812761114816,0.0975045909398645,0.161859409966688,3490.85387353597,1,1
70,-2,-2.17972876805096,2.30277582444681,0.805758110841522,0.896842620519683,2.01398497959266,0.408857916427762,0.046292073949537,0.0743996017078709,0.103398632007437,0.168253009895457,3554.2051928222,1,1
71,-2,-1.45843160457783,2.32286264915297,0.751913241251199,0.949930500844991,2.1969746189486,0.251894124090491,0.0495682832425433,0.0776757422886339,0.0990930382874226,0.157050757449461,3556.19495970251,1,1
72,-2,-2.14877570425292,2.31210004990453,0.804957874693785,0.932873808670152,1.9927124905592,0.3977728799707,0.0473193563053429,0.0724875560879143,0.101616114452765,0.162394309983553,3575.0701317804,1,1
73,-2,-1.48114594022897,2.28454456812235,0.854863213516634,0.964743314974268,2.20013077013836,0.265196435924511,0.0485691656425558,0.0757268878783071,0.101109402490183,0.167217301281538,3535.60567677557,1,1
74,-2,-1.75886675310631,2.34576251485433,0.76159881685578,1.03394370558014,2.01819209972929,0.332855551275426,0.0476979247408,0.0741443739156846,0.0963470305761434,0.160373495989175,3567.1315624332,1,1
75,-2,-1.87402953249445,2.34598509594808,0.759240116430287,0.858815635798727,2.24992825318346,0.338082864054213,0.0474701087098395,0.0753885962143603,0.103218605252986,0.166138843629933,3543.45088053257,1,1
76,-2,-1.7718795511046,2.25750946564906,0.919874678417406,1.03456647171068,1.94436227608132,0.322298571179667,0.0513559289920337,0.0791142330988722,0.0992253173093693,0.161511799132672,3563.43803564202,1,1
77,-2,-1.5657567717047,2.27419079846676,0.820585640930934,1.01280983520388,1.99401770002468,0.307334948942469,0.0494185704482308,0.076507457199415,0.0976528292479795,0.162476542497197,3560.47300609905,1,1
78,-2,-2.15308618049402,2.27829897761124,0.847870414622778,1.00753027677315,1.92834699978299,0.3962073530593,0.0493228328068726,0.0766786763863153,0.0998089196453056,0.164069141471828,3539.18285740344,1,1
79,-2,-1.9145011910093,2.23995231164764,0.938308918846193,1.0290121095026,1.9918378146322,0.349377492229774,0.0499905541963057,0.0756748771810602,0.098486967803217,0.155631496901315,3592.62355425136,1,1
80,-2,-2.14572581101994,2.2768184333486,0.83362869806011,1.19221027433324,1.68570255850048,0.390770880730826,0.0508874627925784,0.0799984330200345,0.0945454617938779,0.156886561783667,3554.99142319755,1,1
81,-2,-1.69279666851896,2.30195112789876,0.787771350068109,0.922073724345062,2.12393231055857,0.313097570894082,0.0471441536124077,0.0757035077333879,0.100057802376618,0.16481698860085,3536.12110773991,1,1
82,-2,-1.8200785024273,2.37363502463395,0.651076417409418,1.08854609877797,1.96786109349471,0.332159507655302,0.0498970563160995,0.0774182843515877,0.0961470432611477,0.160147134013098,3551.49328020587,1,1
83,-2,-2.07966182031793,2.38952906644929,0.66708983097023,1.01338401006103,1.8882817431489,0.393478332115036,0.0470369874913622,0.0738998124964263,0.100177418084392,0.162163055065153,3575.37189286771,1,1
84,-2,-1.83441715498883,2.37708396434621,0.714716297178026,0.796134029104394,2.31735601792692,0.342547016043606,0.0480861461662989,0.07478593701563,0.101535537360854,0.165663385801727,3535.40271384068,1,1
85,-2,-2.19274899380749,2.39250583752448,0.737247531612319,0.943711743192374,2.10357361424788,0.416799794815733,0.0451957602040901,0.0724718288808289,0.0989494773277014,0.166077341377347,3577.31972112399,1,1
86,-2,-2.45315194995063,2.35539967007355,0.657250685605397,0.91675956618406,2.06880466644669,0.457641222983374,0.0473609653415436,0.0766894319149449,0.0997380545005641,0.159620046673464,3509.4774228819,1,1
87,-2,-2.70732987394302,2.31534007946081,0.74678073316997,0.860368300540062,2.1149829049812,0.508798962284186,0.0477778243120616,0.0760095378018546,0.100629598710692,0.162261021725406,3493.97022829583,1,1
88,-2,-2.89089852951524,2.24540370413858,0.902739565799684,1.06922731869296,1.80978791735296,0.573304617773861,0.0491043838942287,0.0766203439085852,0.0954513863396986,0.155362714953707,3554.05692015299,1,1
89,-2,-2.0011498432393,2.29233568553101,0.793090125777994,1.0937094246731,1.80121240409153,0.369672178283636,0.0493184895419859,0.0767523950118471,0.09949343497887,0.161247589093087,3557.30946572611,1,1
90,-2,-1.69010150683996,2.31613553018952,0.780623728386264,1.09253304794353,1.9224835983909,0.309574663223073,0.0503461669663,0.0813506739536183,0.0991499871934021,0.163128447544569,3566.77850107804,1,1
91,-2,-1.64479433884462,2.34625055723483,0.68059760213148,1.02496664527996,2.0907302919046,0.277660359745023,0.0481684922361619,0.0772649112900421,0.0983067772824069,0.159449407621205,3553.80687330618,1,1
92,-2,-1.53962557205298,2.23715867741929,0.902259648183054,1.01394085071562,2.01639662731229,0.29291667859507,0.0491884588094972,0.0757973808197025,0.0985138509506115,0.161233476111144,3572.67786478129,1,1
93,-2,-1.81575054131111,2.30408735825129,0.835478488926186,0.79747465045083,2.292735822648,0.331361088926934,0.0463366948592982,0.0723711011208064,0.104708450621773,0.169313681873705,3532.84456980297,1,1
94,-2,-1.77733398024651,2.32896330023598,0.783357547119478,1.06454964096874,2.02077396064327,0.311911277580142,0.0513946221673114,0.0804738408586395,0.101721217474334,0.167872372332726,3555.86451116122,1,1
95,-2,-2.10756091630015,2.37952472289563,0.764769901613404,1.10460330708569,1.85604030391449,0.416367365725543,0.0467692185553525,0.0743943466768382,0.0950433758806668,0.159853635973372,3593.46361345438,1,1
96,-2,-2.00346297318182,2.31278932862187,0.813276430063743,1.02363421581823,2.01198919898513,0.370382456277784,0.0469632882107347,0.074055461668546,0.097696352352869,0.157109598515845,3559.1909641106,1,1
97,-2,-2.57061248404896,2.2645832728701,0.804722272539921,0.987507386629935,1.91849736647938,0.507793916428661,0.0476977688741973,0.076178347624902,0.0963337734232609,0.156788505722838,3501.98122760005,1,1
98,-2,-1.70399417965811,2.23506623684841,0.965369670896997,1.11423893326781,1.87018257032388,0.328188467640567,0.0493703663388269,0.0776934695199413,0.0963293331481974,0.155711450371137,3581.29067289764,1,1
99,-2,-1.57650889840197,2.28269174371966,0.85211347327962,0.778009168222819,2.39088080073042,0.299544624693174,0.0458326082651762,0.0717779973768271,0.103242089124739,0.171325134573744,3499.21027921324,1,1
100,-2,-2.08240176653069,2.2924115197474,0.790029768767798,0.793445731331757,2.26037822424127,0.38701209280073,0.0477680769494854,0.0743044878742832,0.102665580322684,0.165200501309314,3516.03204704536,1,1
101,-2,-2.71537496041184,2.28717836788858,0.811536545141084,1.17801354567266,1.66121989343046,0.490119746722509,0.0495710752502481,0.0783500467965739,0.0971020102383731,0.156003504327196,3542.5237439278,1,1
102,-2,-1.59301161083019,2.28089336913433,0.802206142925734,1.02706772726102,2.06790509424669,0.296903319179554,0.0500463522620642,0.0802355959211624,0.0985203719977029,0.162340600177679,3551.99565539646,1,1
103,-2,-1.87516098424494,2.28520577120831,0.84709294675783,1.06989850854389,1.99145133508479,0.330185314499252,0.0508833769619385,0.0786210502932595,0.0991747199135376,0.160516970304268,3576.77107185341,1,1
104,-2,-1.95387432466795,2.36144075639992,0.733074782762377,0.97894037940679,2.04555689535933,0.347549494363991,0.0466158342798984,0.0734159812522313,0.104864840911612,0.170590496772792,3546.21925052634,1,1
105,-2,-1.58915065413549,2.27592963379307,0.852304805439223,1.04917282763443,2.0988752581908,0.279835394840192,0.0514581949127607,0.0784136572357614,0.0979974804164659,0.16128886425952,3551.56185560732,1,1
106,-2,-1.67843637735809,2.32543098057221,0.776354700793427,0.888249775151011,2.21123252586202,0.306993398555517,0.0477572430457477,0.0757232850117402,0.1015185653999,0.16770560306309,3528.11029776471,1,1
107,-2,-2.33246638527907,2.29773466232191,0.805880342007705,0.803460618552015,2.16799320852644,0.455879555472897,0.0457391357014585,0.0719869562596347,0.104203920360089,0.167040211121476,3531.33410304497,1,1
108,-2,-2.83207610947806,2.30057008274521,0.773175206556685,1.07307733014324,1.79131290183376,0.548438010368489,0.0484258035112121,0.0780828619597562,0.0958122512621834,0.155883527781335,3520.63134387928,1,1
109,-2,-2.38433106247351,2.30066791434536,0.855054665077389,0.848570787727583,2.09690872033878,0.472508784445228,0.0461120903550509,0.0714463742606187,0.0996552863751571,0.160167658824984,3573.87014975608,1,1
110,-2,-2.09056686627646,2.19209522324398,0.974497987710063,0.901836399457504,2.15739404379097,0.384590356530501,0.0492203718545089,0.0768787185223245,0.0979589845529964,0.158187762704244,3462.23602869881,1,1
111,-2,-2.7441204196443,2.21515029814379,0.88862829062126,0.969964077045433,1.87122622097183,0.557800223794156,0.0493238103977815,0.0779911094727452,0.0974410684793907,0.157958162482588,3499.77820969654,1,1
112,-2,-2.86173165753858,2.34344721282838,0.769625958526043,0.892772359820196,2.15027337940819,0.525675452850879,0.0485492754845209,0.0754317961576524,0.0973668439628346,0.149933364936304,3574.89233964719,1,1
113,-2,-2.06196673197107,2.29959287229552,0.830106491925615,0.842211802522018,2.32101896322681,0.362910352475755,0.0486020257512017,0.0746964431935443,0.101832094824373,0.160339466759563,3552.15199590714,1,1
114,-2,-1.58020781333371,2.35612466761625,0.735207220596888,1.07115964058333,1.88968907669398,0.299050932266466,0.0483189610211,0.0761832216749883,0.0986575150301415,0.161084018243442,3583.35129432021,1,1
115,-2,-1.7833676128847,2.29511427556796,0.752680702965924,0.861282218614687,2.25519740172222,0.325302751330791,0.0494688796494782,0.0774795521818383,0.0995561095143729,0.158558306879696,3526.68164972668,1,1
116,-2,-1.66850149117791,2.2585802140266,0.886490137794998,0.975995886730384,2.06585196496682,0.314473810694293,0.0480160787051738,0.0747764266305726,0.0986741510063761,0.159984808268312,3548.68728505105,1,1
117,-2,-1.9512460905097,2.34703746404937,0.717555137051365,1.11315439664093,1.80339380346881,0.368167905285099,0.0506991432624543,0.0775131381140534,0.0980818558787967,0.159539069748626,3573.25107789836,1,1
118,-2,-2.45448200765702,2.33811218896511,0.753539265725955,0.823259656434194,2.244180878309,0.469370901613095,0.0477948230321973,0.073897223610331,0.102194029959401,0.159238434428586,3548.68381215729,1,1
119,-2,-1.69130231332216,2.30865315130601,0.819598017592464,0.976476858589836,2.13605271425474,0.312514492490203,0.0499991645230277,0.0772917309642522,0.0990705340800343,0.163011795054061,3577.95157418776,1,1
120,-2,-1.64723183395766,2.24635546757948,0.854685121696253,0.900195294180601,2.14991092394121,0.28753553377445,0.0485120819489056,0.0758373481470359,0.104768538994521,0.171948076890611,3506.72543809813,1,1
121,-2,-1.91647857355812,2.33049020920517,0.73606102660434,0.887329874971047,2.1249795193205,0.376176497988023,0.0485660174971416,0.0756381505733128,0.101794831258181,0.162658493056972,3566.37103883198,1,1
122,-2,-3.6400487414777,2.26235921870758,0.863762664203349,1.05473817411122,1.80557306414885,0.775899052798737,0.0496702138735949,0.0767423031061009,0.0933777490181676,0.150944814497222,3511.50194568451,1,1
123,-2,-1.77274094130187,2.19577222919749,0.973559139613569,1.03833600714529,1.96711256538383,0.323053765514901,0.0512870526891089,0.078880821515659,0.0985193969276599,0.157791302545664,3556.3160473729,1,1
124,-2,-1.47305966619238,2.28662384625879,0.785042637101947,1.03761557197171,2.07028448364713,0.254986906789339,0.0495470227765352,0.0790956027890303,0.0984955386653312,0.159770345039452,3541.45554417457,1,1
125,-2,-2.20714318617334,2.35193855538435,0.768194928206956,1.08425136731639,1.92129655183974,0.404421002368484,0.0482227498140473,0.0762279469373816,0.0955264396060256,0.158378401379291,3574.35996001585,1,1
126,-2,-2.04439645928554,2.30114761714265,0.790028278265818,0.911421847513518,2.11613386606733,0.398015617390824,0.0472426444795479,0.0748706609172976,0.0979963265404022,0.158776676665137,3554.08413264537,1,1
127,-2,-2.03010586532719,2.31889918475888,0.762270929811796,0.958211990229131,2.04774951505786,0.367841972674102,0.0482032941549338,0.0765329103875165,0.0973042840148439,0.157741036837636,3533.83321805742,1,1
128,-2,-1.94138976451704,2.25585432651925,0.85331159921947,0.892793271856936,2.16358455237829,0.372146687804491,0.0472971705519908,0.0729637727524331,0.0971279415101508,0.165219992506633,3497.20832188523,1,1
129,-2,-1.62556433416826,2.2959012081626,0.834395936786403,0.923119803827754,2.29287828156667,0.27869975396257,0.0480089719801286,0.0766117360055378,0.0992926274596719,0.166288675427573,3479.62922288703,1,1
130,-2,-2.65053705637152,2.31356122413243,0.810965309826575,1.01733298324116,1.97006129458835,0.48917906680151,0.0480017729311032,0.0742611047734384,0.0955250250006816,0.155144138677643,3541.46308862928,1,1
131,-2,-1.94066665513361,2.22740113587071,0.815656825408911,0.966735571534013,1.97054152432337,0.377390833990925,0.0495316374745224,0.078773610954241,0.099850852468925,0.163034774501631,3466.73904902631,1,1
132,-2,-2.60000091261011,2.31280754857564,0.754044509753408,0.964131485233268,1.95018515222611,0.52646960899822,0.0470614832401738,0.073481508902545,0.0980703943647274,0.156683207315185,3546.62121335149,1,1
133,-2,-1.92152450468884,2.36776634642984,0.684716896753483,0.96087902601623,1.99411753861688,0.355356335212211,0.0461632100444349,0.074015932053147,0.0991747429804294,0.159507246124846,3571.98257926664,1,1
134,-2,-1.86746317491765,2.2545340328171,0.859502670316098,1.08716193371662,1.76522935763338,0.345510947119049,0.0493696187990249,0.078163016711451,0.0993252679216204,0.164544175625827,3522.87466089642,1,1
135,-2,-1.84576973456221,2.32219550630843,0.795114239266504,1.01218922586961,2.10078610772628,0.319671947781606,0.049879747871626,0.0795966783892334,0.0976617247589037,0.15574633363318,3568.58799161735,1,1
136,-2,-1.75799352429133,2.31389312071947,0.806199480888904,0.848850080853679,2.29978787204111,0.313941308797722,0.0478311209751811,0.0750452893398515,0.10055529414058,0.160247710963291,3560.00418417561,1,1
137,-2,-1.80396170834452,2.30045865723517,0.834360045004324,0.955098002281514,2.02760520347689,0.340838865128276,0.0477533839933266,0.075010427719684,0.100729134689178,0.168401681526766,3548.55040179183,1,1
138,-2,-2.48778847243138,2.34493681371209,0.679851567631536,0.976911636408119,1.90866265773493,0.4881253499993,0.0472864710033047,0.0752452209148047,0.100562921167192,0.163282979220114,3537.18442041658,1,1
139,-2,-1.81154894156358,2.35043986127007,0.744831838964017,1.08370428084368,1.88979078617228,0.331303882936874,0.0485674458645878,0.0777507611170586,0.0966609831492243,0.156201373201357,3581.09942679616,1,1
140,-2,-1.83506565643664,2.35676184394667,0.687013457016821,1.01714478749673,2.09951521002384,0.320441712967341,0.0516135550713551,0.07862111659871,0.0968682631508824,0.157729553673369,3552.15202654527,1,1
141,-2,-1.70027418835308,2.32897685545454,0.817575632376315,0.963933387676033,2.22665385553444,0.306101741947458,0.0496448812976448,0.0760411358156412,0.0981406870522485,0.159240976962832,3609.66452965126,1,1
142,-2,-2.35005351997306,2.27162079379978,0.908260772428031,1.14654959016324,1.73599583634266,0.44417148448593,0.0506089520634072,0.079357503942106,0.0955818816739935,0.152513775994501,3594.48658634797,1,1
143,-2,-2.96587545630696,2.30978674424457,0.784321502606969,1.01385394618212,1.65019423489574,0.696810527610089,0.0455922585956695,0.0728251860276994,0.0967054131835646,0.161702089120391,3529.07267558362,1,1
144,-2,-1.66151776634666,2.32595807390642,0.859383175651777,0.954631084059366,2.11429660073994,0.328578117979831,0.045566380933959,0.0724103929291829,0.0984038209612072,0.165085464947594,3576.01561786167,1,1
145,-2,-2.16870296296314,2.26589894009244,0.826014376015628,1.03975798735521,1.95509096548447,0.389685583379181,0.0514557094233981,0.07841692553552,0.098001650944693,0.156474288682753,3527.19650482155,1,1
146,-2,-2.18051433600445,2.2459947627847,0.92196159257141,1.1165374868844,1.82365114639676,0.406424649886276,0.0502451001917797,0.0774194909965639,0.0925752918973317,0.155982693416313,3543.73533933623,1,1
147,-2,-1.84916879779563,2.27546174110879,0.813360776732388,1.00558948500661,2.05675155517916,0.33462609218475,0.0506175300647531,0.0778334432083031,0.096582105293865,0.153855177733414,3544.32130429527,1,1
148,-2,-2.57782239262531,2.31530259120197,0.817117662812091,0.930489555197122,2.06798686216511,0.48987152356505,0.0476288104210606,0.0743984139103097,0.0995614492524084,0.158933701978211,3529.82430408701,1,1
149,-2,-2.46656823724871,2.36552960489746,0.736440592229553,0.938365028848838,2.19335825263294,0.411893894375979,0.0498543731401909,0.0776738993481964,0.101449375353616,0.160185589416849,3506.4444171604,1,1
150,-2,-2.30510818480888,2.3651302664888,0.679486501114483,1.12667516709696,1.66304644481227,0.442179513613245,0.0481236998131572,0.0763862596845229,0.0949519874412566,0.15469999279346,3571.84550695786,1,1
151,-2,-2.20146198158898,2.31284560228146,0.772218363460033,1.12360301197819,1.7189889317464,0.413695447743114,0.0508001310975787,0.0794698612108669,0.0969573237006486,0.156452679277768,3565.28144418162,1,1
152,-2,-1.97884092275868,2.31892709439716,0.833627638743607,1.18211306355449,1.73047232568652,0.371129850485073,0.0495571269935772,0.077892004598969,0.0946773990175571,0.15628654543053,3596.87464151846,1,1
153,-2,-1.93709469879905,2.26374529751011,0.832250739403747,1.00098925140341,1.91724306115719,0.367231493487411,0.047318433665927,0.0756412563025012,0.100127715427403,0.166854386325193,3512.99609252305,1,1
154,-2,-2.00147694416,2.27190918712663,0.820305577010359,0.938996492083154,2.13273144204198,0.353182687468698,0.0497033213580802,0.0762604823233152,0.100643335381882,0.160549444395912,3540.13382069935,1,1
155,-2,-1.61042866132147,2.22024617637401,0.92743945673132,0.974039292129707,1.94681597198952,0.313478324411582,0.0487643297426448,0.0765015125086372,0.100939054802504,0.161341598931766,3553.65328532358,1,1
156,-2,-2.62945068062634,2.33087354941708,0.795298877655532,1.15206908685725,1.71462245937417,0.482748397164265,0.0484379372223039,0.0756423183921841,0.0943354912994356,0.152975957204773,3588.09276524496,1,1
157,-2,-1.96163067738014,2.24458455161415,0.926271840539649,0.98005623778802,2.07781428772225,0.341240465095974,0.0495013971188099,0.0763134166728731,0.0994471248902974,0.160684526248025,3545.84525811775,1,1
158,-2,-1.89895603530073,2.32634546298343,0.755603473315569,0.799752699776341,2.19358878742033,0.396414937146637,0.0450808399809267,0.0706905572203489,0.100405574835828,0.17081163800733,3537.91884923816,1,1
159,-2,-2.47930957084046,2.22554885623494,0.970156459240899,1.08139004578548,1.87505191583122,0.484177296066051,0.0503091687900634,0.0760667477059692,0.0942891358428493,0.152393122857715,3551.29146919228,1,1
160,-2,-1.68281930099409,2.26550766876215,0.84764546538463,0.963498131279878,2.12071412061519,0.293827579274252,0.0521815716014713,0.0797407857548151,0.10381723816227,0.165247953622682,3549.56982702803,1,1
161,-2,-1.90281342103318,2.30224106453815,0.80767130264256,0.911901165001562,1.97761127570252,0.374239703087739,0.0469864314065003,0.0734548017920283,0.09934187590021,0.159806454049752,3551.34603396349,1,1
162,-2,-2.46506356177383,2.34875579309948,0.74734598505427,1.0146386987246,1.97467855531808,0.444474701814352,0.047723646906223,0.076891795433433,0.096149570301448,0.153386368843231,3548.74979183885,1,1
163,-2,-2.0012869581364,2.26394344973813,0.855896529127447,1.11887356482417,1.79939592779988,0.389009026559473,0.0491486118601966,0.076651079472453,0.0928875877511391,0.151989348979972,3560.29289221564,1,1
164,-2,-2.60754038584492,2.31564959967904,0.765084034665032,1.12553853011083,1.65148914999115,0.531228536926996,0.0496480478681483,0.0788512582173002,0.0969602176947885,0.156191748205248,3558.48911450738,1,1
165,-2,-1.80305730031639,2.31526654047267,0.791145129620878,1.08368979590948,1.87128696250206,0.322151622230067,0.0491254022568152,0.0761974292071566,0.0983989660694495,0.157548205567291,3593.45564728489,1,1
166,-2,-1.84666637822959,2.19508808874685,0.89493516787189,0.935762842985448,1.95357994784944,0.363370603917169,0.047403565570986,0.0740126550013594,0.101447091455887,0.167488588377795,3504.56101328438,1,1
167,-2,-1.78016437861527,2.27866826994121,0.773265744669231,0.920100035706326,2.13537166471532,0.331560581119266,0.0497528243142741,0.0782972595293181,0.102254339821228,0.169180365727116,3515.28281047664,1,1
168,-2,-1.68808528281687,2.33090158640715,0.71867992914366,1.05382266652015,1.98974757025214,0.292050605482957,0.0499610933688807,0.0786708374650435,0.0991976721511947,0.160245945286334,3565.81928212597,1,1
169,-2,-1.78035708260714,2.27229929586212,0.882122726012627,1.1253013993106,1.93061601918292,0.304371054738146,0.0510077875053709,0.0786590940131686,0.0993893976863547,0.166902449310497,3528.02214555001,1,1
170,-2,-1.6782803942517,2.38433172923548,0.748721884648623,0.869026367377536,2.26799063066153,0.30605871192575,0.0466006201100178,0.0727061984410487,0.101957241141024,0.164733859349882,3579.5669472487,1,1
171,-2,-2.09209141354026,2.38078094989858,0.718502054199783,0.860061013766276,2.29612747483477,0.373567926816001,0.0466972639177395,0.0743147479297689,0.100641773777028,0.165372283616004,3555.69846226384,1,1
172,-2,-2.16952403320316,2.21355059092499,0.902166554849299,0.999086293008699,1.91433504951949,0.40639861687482,0.0490972550440238,0.078092146013863,0.0956207291095588,0.150385549447298,3511.47333185591,1,1
173,-2,-1.79883856030216,2.32769918616126,0.735033897617942,1.08707389174431,1.86509584657702,0.338596247138707,0.0500143500129941,0.0780334222436009,0.099293723343669,0.164022510142764,3575.85504010105,1,1
174,-2,-1.53492930345409,2.31489340843037,0.774219818111894,0.994703539919485,2.01622016561454,0.292935941969859,0.0482095485371861,0.0749281922530061,0.0974854978709392,0.160216137151966,3556.47428164858,1,1
175,-2,-1.49743839120566,2.37363596501737,0.63678875763918,0.800833513503845,2.35478476772095,0.277937812064734,0.0456075193496809,0.0735039787814598,0.102495518956226,0.168351125518585,3499.22950734767,1,1
176,-2,-1.92080274472372,2.3633290617816,0.736303797470427,1.02482264057174,1.91531991724358,0.367324031325959,0.0483302888090042,0.0756288988277329,0.0981355583831021,0.157996837068641,3596.16887919012,1,1
177,-2,-2.23077624325867,2.28004949223704,0.785482423429945,0.976795650638438,2.07671741765283,0.397861402025747,0.0496870120898692,0.0778203935418656,0.0964402679905588,0.159064338648493,3523.99232430636,1,1
178,-2,-2.0958703702264,2.34234463528705,0.748904727998209,1.16159690225618,1.75731684471113,0.387261074386084,0.0482497054180743,0.0759152994848763,0.0932108887334648,0.152705844442403,3570.79299442865,1,1
179,-2,-1.92113921983641,2.3413276194376,0.765292903718488,0.946478034617889,2.1565082715726,0.327730183457786,0.0484438035689095,0.074974007981825,0.101907599160833,0.160005533372369,3586.50805561635,1,1
180,-2,-2.06509954124107,2.25872816679295,0.83005972376595,0.846889144113948,2.17545011267655,0.377424574485359,0.0470821540491621,0.0734778217734682,0.101096987169702,0.162547339796243,3505.0380258905,1,1
181,-2,-1.69012071485224,2.33572454108168,0.767305140063377,0.980585318541023,2.09531450151312,0.311609327407182,0.0480183052741601,0.0784971703599967,0.0990075873146402,0.157242632498313,3590.58546050935,1,1
182,-2,-1.89613109138679,2.3981937245756,0.688171826915553,1.11593837975148,1.80358832247589,0.370165204299064,0.0468606976282087,0.0750342229864278,0.0944386012023615,0.153992424124927,3610.1896105056,1,1
183,-2,-1.79990068832123,2.36509899213279,0.701511982524942,0.916953813573617,2.15482944769565,0.324411381252576,0.0473178824310861,0.0762080563347724,0.101749469787005,0.165605476689685,3544.23305231569,1,1
184,-2,-1.5510821046206,2.35020459161235,0.665891298598007,0.916322148445609,2.08287577690681,0.290319225586518,0.0470124016618463,0.0743235421821467,0.102997445872109,0.165191637822486,3578.11863383525,1,1
185,-2,-2.01117596343307,2.19711679682671,0.910413000082586,1.00542712789402,2.03955030981846,0.358234771504757,0.0512603940324581,0.0792434711086179,0.100674280721562,0.163303814897895,3480.43055140081,1,1
186,-2,-1.58040340303887,2.40288647880463,0.668672397740564,0.85887815670167,2.35827407249243,0.271028987963782,0.0479327021717861,0.0758369348443304,0.100792805492671,0.16148408734236,3548.63637520385,1,1
187,-2,-2.69451776044269,2.27531904552242,0.812217728652122,0.84455458577375,2.13519153174833,0.551105456409573,0.0476253963814209,0.0741079623408553,0.0973153310791581,0.154302329785814,3500.44916675044,1,1
188,-2,-2.45725515523183,2.36884405318848,0.732839732566071,1.14070639708247,1.73525430802629,0.491888299542626,0.04699731100431,0.0741702099095051,0.0917102938357223,0.15185144988964,3568.51293258361,1,1
189,-2,-2.36969865553404,2.21293857721044,0.926453295126106,1.00148652056989,1.96800112603076,0.44195851691813,0.0503693666732081,0.0769298966471934,0.0975746071503609,0.157261013868566,3524.85411152076,1,1
190,-2,-2.22669658396785,2.32841195564903,0.789793884233866,1.05079474409219,1.90447524873533,0.426193274305414,0.0493133294528331,0.076463991303959,0.0971975938789595,0.152547879980194,3602.61218938696,1,1
191,-2,-1.69416422297373,2.32794310930677,0.72941840616162,0.980152697322147,2.10525811928647,0.293077388658883,0.0479488105460296,0.0780616570370714,0.100939710835354,0.163631777382097,3528.67639061686,1,1
192,-2,-2.37212709793,2.23264605977712,0.886070648168159,0.867057787784605,2.06484168243687,0.456417803715052,0.0490493673582755,0.0754246870350273,0.10360898533446,0.164938966534879,3526.93590915444,1,1
193,-2,-2.18592312906504,2.35178433328296,0.796975590034545,1.07074384587872,1.93442195193912,0.390006039452569,0.0493159702276867,0.0778905498057467,0.0986423455316759,0.160424344800105,3587.56029223814,1,1
194,-2,-2.09556752686466,2.36595828978942,0.683018765728336,0.879786813558371,2.17076179618922,0.376584472938066,0.04612463374599,0.0752449209256546,0.100632825420041,0.163411095446557,3530.45666353605,1,1
195,-2,-1.87617075707159,2.30419216685561,0.722443304676213,0.869942548067392,2.23395840314557,0.363317941494843,0.0474265849463206,0.0758293241061163,0.0981118534109314,0.16290258253895,3479.91726648282,1,1
196,-2,-1.87820572634792,2.34388575303107,0.69200376492373,1.0103611039209,1.88768623093622,0.355412614209924,0.0473249308602525,0.0742084548398356,0.096985952346116,0.156763598134076,3557.48682583037,1,1
197,-2,-2.49130511479598,2.28977816435399,0.819216100015337,0.9348966076567,1.99536452752665,0.500685887919398,0.0461120128013198,0.0720008742210682,0.0990658358473924,0.162162149010742,3527.14681246969,1,1
198,-2,-1.83605165015315,2.26722758014885,0.785266438289481,0.975717885927481,1.94115098110606,0.335369552067891,0.0478908971590547,0.0755401706783907,0.100280066015454,0.16573760697434,3506.53954277213,1,1
199,-2,-2.14609328765129,2.3572737193046,0.689775336522335,0.929013914563948,2.23447849382711,0.382072872911207,0.047687943597525,0.0764862330796724,0.096184690329493,0.155565538823804,3509.7849433251,1,1
200,-2,-1.86715358806915,2.21468706039579,0.97215368241024,0.873621191591001,2.2927426226364,0.323941689320615,0.0500789748668407,0.0792164654200783,0.0993007655872375,0.163140817139427,3491.65326597735,1,1
201,-2,-1.813253774473,2.26951260954923,0.826409930102991,1.17181614674712,1.72927653960564,0.323198983072997,0.0499502109694694,0.0780671162434704,0.0971134842819619,0.155230930994639,3559.06550261582,1,1
202,-2,-2.05186387889336,2.21151734572208,0.905669620372728,0.887951381046342,2.17733605419625,0.366213528319709,0.048219209142529,0.0736997670160198,0.0990280926884519,0.160373989602882,3494.61903721414,1,1
203,-2,-1.90373455623046,2.24464183635077,0.806984348210253,0.852618216790511,2.1837243816137,0.347240343159763,0.049225338326625,0.0764156370975502,0.102740290101765,0.167694985415216,3482.07529819062,1,1
204,-2,-2.24565078133325,2.25253729760567,0.840890622656961,0.970313437495892,2.02903807318489,0.393359082685375,0.0501451971267142,0.0787077184212014,0.0985539334197234,0.156657762237292,3508.24020102891,1,1
205,-2,-2.00196752794207,2.38895815463962,0.68569867343604,1.02916896396488,1.87181733616632,0.402149507865152,0.0465000975846961,0.0735318237834516,0.097217067255615,0.156529425260006,3597.44538159173,1,1
206,-2,-1.61933560098237,2.33298168380132,0.736078155620398,1.14603362766319,1.85297241702238,0.29281724302382,0.0494667786359274,0.0790088000790264,0.0960235723292954,0.155699243400525,3588.39655512188,1,1
207,-2,-1.90110630913963,2.26478835734578,0.854831872143019,1.06680125351279,1.88786836616023,0.364402829072978,0.0486325569890922,0.0760084142648792,0.094877262430442,0.15576810409071,3543.80092900865,1,1
208,-2,-2.01650890535963,2.38103102694346,0.72729141162682,0.963755666433141,2.09036442435015,0.38860738408758,0.0465144584092809,0.0732251968266402,0.0971125083346301,0.157492569261636,3584.13943723874,1,1
209,-2,-2.13988617089595,2.36726683270247,0.648072201781572,0.963342855699971,1.9409314948334,0.429305915482,0.0462308832599194,0.074749676188914,0.100271541426894,0.165784051879323,3567.11179477922,1,1
210,-2,-1.75357275319098,2.43378051253768,0.651143123549881,1.23507403140175,1.59540781511021,0.34621975181874,0.0482902725599471,0.076374852394696,0.0949415333765357,0.154283661905104,3665.58045706061,1,1
211,-2,-2.26612757775435,2.33741355292941,0.754642980943534,1.12563648696211,1.73268255147963,0.429826981729739,0.048550300257607,0.0775405481342877,0.0958880078228433,0.156415299058318,3574.55265501491,1,1
212,-2,-1.56898681090585,2.34164039516441,0.718654674388275,1.14629292060519,1.88081319973666,0.285967097980812,0.0501972167422636,0.0793844010393417,0.0983797509691902,0.161462079156193,3577.06281106836,1,1
213,-2,-1.88196482894702,2.30955144260083,0.773781284304174,1.04896163711219,1.8180235402816,0.377127472807159,0.0483851209232571,0.0756545337055853,0.0983035742299646,0.162094339497053,3561.60010622658,1,1
214,-2,-2.8470933723028,2.2371140926879,0.888652854479338,1.11565652029534,1.68759442125839,0.54668923182111,0.051303884806071,0.0810739797905249,0.0976648108797262,0.155890525456894,3533.7922616316,1,1
215,-2,-2.40763347062884,2.32725607066681,0.75120518948527,1.09330117335228,1.78640757497559,0.45966578232621,0.0481971991751243,0.0766859405956252,0.0942481758860303,0.152939338651606,3558.69073296937,1,1
216,-2,-1.57389922264445,2.22643724855617,0.927013773685809,0.997850123429993,2.07399171868381,0.284665381305777,0.0488715624971473,0.0751906166919444,0.0993192018058378,0.161008456129562,3546.09042079137,1,1
217,-2,-1.81854954499045,2.26496115689224,0.831611184092655,0.970005814746216,2.10474793102732,0.332043264631057,0.0496623846863361,0.0779487892734997,0.0981071643348418,0.156768370080376,3514.12092262992,1,1
218,-2,-1.88339938511807,2.34660536079534,0.760469224017261,0.922041306049303,2.19708765435938,0.33850384345815,0.0473871150388161,0.0757272914045366,0.100505209471869,0.163628840030842,3538.39661847005,1,1
219,-2,-1.85332766745499,2.35084040643314,0.78959061081942,1.17753989381097,1.71895821625413,0.372252958284602,0.0474219715912503,0.076544223791094,0.0927336766522713,0.155859245220773,3606.86772555656,1,1
220,-2,-1.80515190582892,2.1826042352561,1.01417435920822,0.935851644889745,2.23769919622066,0.318194421113985,0.0532964899183002,0.0801692073087631,0.0999209052553819,0.163366062820352,3561.40732657563,1,1
221,-2,-1.50654527617428,2.35970733560748,0.724315377513089,0.916910982929519,2.2351892869841,0.286807879272408,0.0466490088164316,0.0750755117036267,0.0981421067287156,0.164118554873062,3554.15227921781,1,1
222,-2,-2.34428298710631,2.32768102606593,0.834610941712993,1.02313929069365,2.00000986305191,0.40599048102761,0.0485483314985039,0.0768885252678813,0.0954162241339238,0.156501055037278,3535.16039135293,1,1
223,-2,-2.40176179329055,2.25832982594694,0.865320706285807,1.08371603348386,1.7066337233776,0.481364365901507,0.0496993042824336,0.0768091561419408,0.0986495517486891,0.162123257548834,3561.00623999368,1,1
224,-2,-1.86433557959781,2.21182419512916,0.953943821137168,1.04492845203663,1.95165369755574,0.342619232547754,0.0495360951107472,0.0771866403894473,0.100850830729184,0.168563414943291,3506.79551216947,1,1
225,-2,-1.93359195799293,2.28513536233516,0.907901778739656,0.95480520501567,2.00945028479555,0.380242041311935,0.0467757643919614,0.0742753010244496,0.0998186152587474,0.160316134114923,3565.29321502793,1,1
226,-2,-2.18489807371729,2.26246321493857,0.878313432573736,0.936212836815974,2.16158129625601,0.392535386294652,0.0503796314138353,0.0779264547556244,0.0992513136151226,0.164885293754639,3514.88916833095,1,1
227,-2,-1.64147028342254,2.2717222197987,0.810081955122192,0.872392649812859,2.19181744398981,0.293625454483841,0.046568752072651,0.0746414568859406,0.101320902119327,0.164858979728564,3514.82851069795,1,1
228,-2,-2.19941513700232,2.23983972011933,0.905049883679404,0.849784187901376,2.02316088029197,0.446426737273473,0.0466885427740158,0.0728268154514626,0.103217988859917,0.170203209404966,3523.65733262719,1,1
229,-2,-1.67713129992649,2.29293537659108,0.81867469834731,0.740562656103546,2.33026869718527,0.308468013897358,0.0454550264014519,0.0728338781451773,0.1072948292415,0.168302933333568,3542.53566318318,1,1
230,-2,-2.52217324444746,2.28736965762091,0.847246744552608,0.970179480204533,2.07146636237569,0.453897607081558,0.0494683394310968,0.0801108224636987,0.0955070796936759,0.154935744080125,3509.62803362551,1,1
231,-2,-2.26479495847717,2.31711213084414,0.830028811306207,0.788960823057853,2.25404826958619,0.431540365432591,0.0452759461390167,0.0706462195464369,0.100322116180797,0.162677879766239,3508.3822480521,1,1
232,-2,-2.62641289709718,2.27454605227261,0.829356017714985,0.902772780808699,2.12731737209539,0.487941952711312,0.0494393924591521,0.0760929011738037,0.102499879669946,0.161786679738771,3536.8237977342,1,1
233,-2,-1.49571269575711,2.24568829585939,0.86449716275876,1.0009688760823,2.08439666165542,0.26678772442647,0.0514114453740933,0.0796411855678897,0.0977301965955028,0.155472413430925,3577.93246917724,1,1
234,-2,-1.42827002515969,2.30631492079189,0.795353647031585,0.84520387984317,2.35434355164007,0.258329122905657,0.0480972837349383,0.0769859318568026,0.10192489592433,0.164627503641519,3539.68042021954,1,1
235,-2,-2.19450048396386,2.30238238101772,0.873320699924181,0.994913401661484,1.96272417291335,0.398570500978156,0.0478350020501962,0.0752402579698063,0.0999121831223359,0.15679421456415,3587.67925243812,1,1
236,-2,-1.56391003945277,2.35667821226255,0.736983613361504,0.970235311335185,1.97249181564986,0.310719089685885,0.0480168081714143,0.0748156957099217,0.10277151259116,0.173326793813144,3575.83523495602,1,1
237,-2,-2.48383307641083,2.28508184980073,0.822577512021703,0.994764886482857,1.88849808806876,0.478425739610377,0.0472818241616334,0.0741112613402256,0.0971952628416928,0.151861250006155,3570.54770394412,1,1
238,-2,-2.34318749882227,2.30020080910943,0.826415437459728,0.884822312304585,2.15572183515599,0.427315138954046,0.0474086437358009,0.0743728085327957,0.0980694993200277,0.156490290804669,3511.70889819915,1,1
239,-2,-2.15884762602246,2.35540107262105,0.694648712351808,1.00369683778584,1.87685071826448,0.415752092975404,0.048159375339722,0.0769474838589825,0.101063141533482,0.161112202592206,3568.79389079961,1,1
240,-2,-3.09956681659856,2.22177315161708,0.929957648644864,1.02722552251823,1.76403207018423,0.643884495712362,0.0478960889928612,0.0759948223562804,0.0961588747759628,0.158406330421837,3511.50274500202,1,1
241,-2,-2.41181120848339,2.28654197738578,0.827281043695013,0.950716463941004,2.00573501150702,0.437984557559009,0.0496658325005591,0.0781732877865279,0.0985383345527472,0.16134201579765,3506.43863731721,1,1
242,-2,-2.36619509646916,2.30088536948687,0.733384998525376,0.750189107674333,2.20001234106083,0.473399137291778,0.0483152373322743,0.0755034173021225,0.104616956807533,0.165024519020101,3506.59326086675,1,1
243,-2,-3.22109616168167,2.31242293094799,0.698118447723026,1.08276997484719,1.79685738822937,0.637713978434087,0.0486281853816697,0.0778676526087731,0.0917185297400846,0.152531458202246,3472.62413841243,1,1
244,-2,-2.09114200723247,2.30959073496647,0.823353973979633,0.794758162304479,2.23008676813252,0.398244979471067,0.046406263508133,0.0722969827543957,0.102708985238494,0.167986168273469,3527.33583488753,1,1
245,-2,-1.98423853531354,2.25477871377522,0.885404563177307,0.960325805144887,2.04032964962618,0.365216920900416,0.0490612872686971,0.0765322500495267,0.0983005714365164,0.156354383687019,3550.31060309734,1,1
246,-2,-1.91894006651598,2.34990573517746,0.763253845345569,1.109070888544,1.89455463931792,0.346118372100049,0.0489250937304155,0.0773409834657204,0.0987564717016278,0.158062611322762,3598.56086628827,1,1
247,-2,-1.89411698573658,2.30221088048219,0.84850923821829,1.02615867193031,1.96819514589929,0.346905522849886,0.049107948344887,0.0775634964786041,0.0994450430274121,0.162639544215573,3552.99851096562,1,1
248,-2,-1.56588998058774,2.32752612997026,0.796803566603706,1.04690857004135,1.97936080310883,0.298710127543686,0.0483310027615615,0.0764406197839839,0.0980547943295886,0.162802838262913,3563.68401392236,1,1
249,-2,-1.70934771729117,2.33783326693082,0.79324335034126,0.937570788289279,2.13755560362977,0.317001008667524,0.0471206117009116,0.0736292162534872,0.103771084693776,0.168491278338788,3578.8173226291,1,1
250,-2,-2.15896553602161,2.30685183530784,0.81999171283112,0.998135654396582,1.99945083816881,0.392184136703649,0.0489319659649424,0.0772385148930143,0.0991549014158486,0.156223113118232,3550.42895466883,1,1
251,-2,-1.7841249064198,2.26992439948521,0.8439665905192,0.96855263286812,2.08565551799671,0.318416201144076,0.0495635480975782,0.0784148859062868,0.0995909233658049,0.1603028397854,3556.34694353548,1,1
252,-2,-2.09446434356432,2.30722148499953,0.861691817521375,1.0589268903709,1.90548852013924,0.397469813333238,0.049976288514125,0.0775615413345677,0.0982023450764708,0.158656195514856,3602.64173105282,1,1
253,-2,-2.12987834338985,2.32209800563602,0.729057354539077,1.09919132647862,1.84495155882301,0.391642140451241,0.0480543494318264,0.0771186113580057,0.0993201337600573,0.165374401888522,3552.31306651479,1,1
254,-2,-1.53907952649087,2.20517100676577,0.996371940426108,1.05539242479452,2.03003676324473,0.27755586415556,0.0508017147515248,0.0763290759909672,0.0994403502815357,0.164919658129972,3531.84043703869,1,1
255,-2,-1.58721869615958,2.41227292588803,0.677576282689693,0.904526337274028,2.19814103010685,0.280754463757715,0.0471101973271698,0.0731787719808732,0.102081757572611,0.166878631006577,3575.07883802074,1,1
256,-2,-1.58090129876457,2.25835478274459,0.905253957368661,0.751868064295487,2.40254360511847,0.295464454052845,0.0482999952041649,0.0754137872119742,0.107481654694037,0.173741480417583,3543.77104371851,1,1
257,-2,-1.66582015066341,2.32753653924475,0.728125326028996,1.00606554633391,1.98654975846861,0.307527423420154,0.0486726004117895,0.0764668201187262,0.099932439068024,0.165120193700568,3548.88093958159,1,1
258,-2,-2.41757686089886,2.28243993583897,0.806546120486951,0.871142926458679,2.19218722182274,0.433490248026552,0.0488258123470918,0.0776182056864261,0.0997326875739289,0.163277795605473,3471.64634742282,1,1
259,-2,-2.26825404306952,2.31651298593605,0.764113347949843,1.03142492299687,1.87142072118104,0.433641271381158,0.0486012696862724,0.0765433668974325,0.0969110492397002,0.163343910984047,3504.06189322245,1,1
260,-2,-2.46924431758702,2.32843597377338,0.811401986591325,1.08611350907204,1.94589584637039,0.445520933186002,0.0496099908275953,0.0760410404039204,0.0941084154049965,0.153257281489045,3570.41232825945,1,1
261,-2,-1.27449595368153,2.26612936188206,0.888515816493159,1.05941314328247,2.03494852232633,0.245781135747967,0.0500227460131269,0.0779191076377035,0.0981237614700812,0.166992365550494,3563.50318587409,1,1
262,-2,-1.84379302922388,2.31668438493434,0.812814566996154,1.04453753617367,1.95578208543155,0.33844410534709,0.0483589299617887,0.073594672093835,0.0990110190364429,0.159932304105488,3611.50723755401,1,1
263,-2,-1.53038256964372,2.33632093786708,0.771577557628647,0.885306571564527,2.44678571141596,0.263625075598044,0.049531299481155,0.0806089820205177,0.100621646210755,0.166768641753268,3527.49451133415,1,1
264,-2,-1.88115450576454,2.25652586321313,0.826147578892605,1.0358065135009,1.82286540112667,0.385379364115996,0.0487953332061394,0.0782282677408066,0.0995690029050654,0.165269693917373,3510.03224985005,1,1
265,-2,-2.46024634770155,2.27781288796882,0.834033453732665,1.05602316209442,1.84738832974678,0.473497832445316,0.0475660918557928,0.0758105475300069,0.0967759945067999,0.15575830619316,3530.81451572922,1,1
266,-2,-1.84695850282681,2.33367348498381,0.757443638305154,1.01809799418744,2.07553799968689,0.320190741317817,0.0479757031426139,0.074894009642278,0.0971331843129502,0.15815893981502,3530.27590220476,1,1
267,-2,-2.39120141564573,2.37275928001736,0.717843653519604,0.951527743140489,1.97982243974285,0.445878883569351,0.0467273909750915,0.0731818837112101,0.0988822724199929,0.156914829177493,3584.11010554303,1,1
268,-2,-2.38631210174875,2.38082522877995,0.669646032526687,1.07465294606499,1.84555864806838,0.440114906723558,0.0478464131141457,0.0772953640469658,0.0973382494955239,0.153694305840079,3594.50566600753,1,1
269,-2,-1.84046798265175,2.25898271457865,0.900375040356988,1.05141087955876,1.88073967228105,0.341281527570615,0.0495676015293881,0.0784955042465928,0.0989542304232644,0.157867268468222,3582.13155495233,1,1
270,-2,-2.19537682966965,2.31589516243492,0.759306996470263,0.855161186090082,2.21155705260489,0.416768866796481,0.0463610498520471,0.073377499993126,0.0998808482002165,0.164880521801706,3488.23078785993,1,1
271,-2,-2.08015425134735,2.25750476822702,0.86414704154886,0.971154674090263,2.05037968822362,0.392373805078615,0.0505702263121204,0.0779579628661403,0.0992020979878746,0.160676077410232,3548.22391255386,1,1
272,-2,-1.95924411155866,2.27880075993456,0.852752922685643,1.06514098360742,1.85094460343412,0.386708730046122,0.0484720514578735,0.0769606495339665,0.0968959834484644,0.155909951764898,3577.74687006743,1,1
273,-2,-2.09622570328171,2.3308803614971,0.720008419101302,1.04400480030145,1.91196769200417,0.389058601005958,0.0510415438265039,0.0801041955652325,0.0986266206584874,0.160297198314,3575.11865792832,1,1
274,-2,-2.28757065774393,2.36336151043856,0.667845343665613,0.993809835151733,2.04383598640204,0.404909612861345,0.0483349081745459,0.0762267456331164,0.0982407513296164,0.161575629993099,3522.73436740873,1,1
275,-2,-2.51124753654181,2.27446352238248,0.872855911629018,1.20377486216778,1.63413598631365,0.484934412752978,0.0506829751998033,0.079582628798022,0.0904135266314343,0.145678481340938,3572.53094367988,1,1
276,-2,-2.2373016519358,2.26996274590659,0.835594942981564,1.0529919550858,1.94429175113555,0.404788756429986,0.051058803677742,0.0777089330019591,0.0950252677448832,0.156255896999541,3522.76677980788,1,1
277,-2,-1.71336405528578,2.38964958368501,0.626231840680902,0.803289101310083,2.27216221212681,0.330244470320995,0.0445729653309911,0.0727878390297333,0.101812382153435,0.164649586337658,3543.89545286193,1,1
278,-2,-2.01261972764497,2.22644286876948,0.886028631469924,0.885094866520416,2.0931281097509,0.379436947440277,0.0471507550056229,0.0747929776066549,0.10210968487673,0.167204667281599,3481.78389145987,1,1
279,-2,-1.70712062769654,2.26063111808107,0.82834902994493,0.742963444515274,2.38223617271465,0.313958454493118,0.0485221858157505,0.0746628575681147,0.106359245142688,0.170388503124079,3512.65938629759,1,1
280,-2,-1.50915829880411,2.35136532001039,0.701671215045989,1.12274508354943,1.8548946487414,0.27426158966538,0.0486038147381312,0.0798476751524448,0.098867140255414,0.158725484929752,3585.0603161156,1,1
281,-2,-1.95486402731304,2.32723382657199,0.788261706436465,0.981383932537145,2.03453059695259,0.35434051709067,0.047636404036262,0.0748782718288248,0.099598332789812,0.160391562279395,3568.29357493634,1,1
282,-2,-2.19168073057104,2.33718887326756,0.759603965477568,0.88073065452651,2.08382417170895,0.428418337065989,0.045730347522881,0.072069066363449,0.0975092055770977,0.161217710804873,3543.12723046072,1,1
283,-2,-2.61458505676529,2.19078028262104,0.978787240682972,0.977403436106011,1.93978368553629,0.50686356365629,0.0487892879784534,0.0759916114277686,0.0946249113684376,0.151466981050813,3538.94947576593,1,1
284,-2,-2.88305489045346,2.32100569957676,0.696519541074481,0.844094412548042,2.0433140744999,0.584170093855656,0.0469879707844888,0.0729338984893233,0.0982639030545187,0.158294198803562,3494.38862202369,1,1
285,-2,-2.17794255950732,2.25118694391579,0.906952779419529,0.859197755822157,2.09976169899701,0.442450028906967,0.0477272715797993,0.075166156379289,0.101050766592942,0.165692600318501,3531.24839286227,1,1
286,-2,-2.03647816718332,2.25793923829985,0.914009609435274,0.999121904416565,1.85471505619667,0.409788003995632,0.0468804875875127,0.0750806182700065,0.101693204067169,0.16234356306839,3581.04484841943,1,1
287,-2,-2.37809372178397,2.2704892233833,0.857175424481066,1.00683278327427,1.99752248235107,0.434775550401241,0.0481889556755642,0.075178289108128,0.0972904770837997,0.158171589377116,3541.61184043236,1,1
288,-2,-1.97625087289573,2.32675116968425,0.707372279263888,0.902589255506244,2.12408799304032,0.352471881240003,0.0475158352813836,0.0757664321128203,0.100086794542977,0.158965880169218,3521.65045397983,1,1
289,-2,-1.40693686095063,2.2609891833429,0.891078455211145,0.979550452491695,2.2076268267593,0.252161471026885,0.0498185788089167,0.0783274962155501,0.0978682613782352,0.16423660504824,3514.28153174467,1,1
290,-2,-1.98659397936598,2.32249761242483,0.807361443088847,0.952844270743358,2.08796681907161,0.361848319662397,0.0496422214800928,0.0755253633115763,0.101705549167536,0.163200285894182,3569.8259728654,1,1
291,-2,-3.29237262648486,2.39385343149782,0.669586105739488,1.16943425580129,1.68769524139144,0.673211018841114,0.0483531922159494,0.0759902158929288,0.0915444185673889,0.146434091319307,3597.39828719174,1,1
292,-2,-1.92975358817862,2.22059572020981,0.952993175437996,0.969667358672833,2.04677309421993,0.342327185001946,0.0496717001015575,0.0778320551230626,0.0993525758533401,0.160980380037724,3530.46166337593,1,1
293,-2,-2.11882142908987,2.2702665568566,0.853694882900927,0.964276819604051,1.96279162220011,0.412372352769521,0.048501575495044,0.0749439624022762,0.100540010262654,0.167201261374579,3530.23052327656,1,1
294,-2,-1.61578261716336,2.36390638394681,0.716013571174222,1.02487348559073,1.98849597622678,0.290830912996946,0.0468538515333878,0.0741241059953485,0.0989931335259808,0.159775149507248,3584.98071623247,1,1
295,-2,-1.7148664164737,2.30265814987556,0.853928695896974,0.977551250817473,2.09856588194992,0.318544150209995,0.0485777446866144,0.0760605588390837,0.0983328346350259,0.161971265282606,3570.8303374438,1,1
296,-2,-1.72764263120523,2.39139592777247,0.715189762953909,1.0014238945869,2.03512760004392,0.313485678609154,0.0476558599725163,0.0747817305967355,0.097925865896676,0.156760630760183,3595.10310572681,1,1
297,-2,-1.57181944154158,2.30435324418573,0.761099900826804,1.08279507231371,1.95295689475951,0.278521107104946,0.048852209855097,0.0784004181130441,0.0981689880144576,0.159730033545525,3558.00572409002,1,1
298,-2,-2.30387739080569,2.25656227112379,0.923599674293974,0.837725590854004,2.23969491038027,0.412871198568865,0.0475489008813888,0.0748684566948818,0.102679262793277,0.16470493112996,3514.80604708507,1,1
299,-2,-2.42175278616456,2.36069737059543,0.743893314946027,1.14482259316548,1.73155508578139,0.456387651771046,0.0491442422320334,0.0776836250525975,0.095405966675364,0.158339116979044,3578.0881956223,1,1
300,-2,-1.82403531149457,2.31032865465988,0.882394355640856,0.899546490273179,2.17182401714204,0.331110000651544,0.047013571732713,0.0731403728076234,0.102168277034072,0.163029557684443,3596.88353974521,1,1
301,-2,-1.42163623520626,2.323231668913,0.760400676043348,1.17522841317044,1.8739647367697,0.246805646361451,0.0510726645098834,0.0784188545625973,0.0976741183156045,0.162485960396506,3574.90191773986,1,1
302,-2,-1.74838769803562,2.23860880764045,0.860043630968539,1.03429948479374,2.01896858687342,0.305344446162103,0.0506118945563828,0.0787704589417337,0.0986759046278472,0.162172532016767,3520.44579496,1,1
303,-2,-2.11447532952159,2.36390359785793,0.733419739058532,1.12364115736947,1.90213724260235,0.355899268409434,0.0510962891057224,0.0790820025632339,0.0970684136523049,0.158348979043288,3573.85043046701,1,1
304,-2,-2.49561121815675,2.29364685583009,0.787679791307554,0.921335652870139,1.91989964320252,0.50882426490678,0.0478554780507108,0.0754212184089828,0.100171042040798,0.163988592501651,3512.64167195403,1,1
305,-2,-2.07137695620516,2.31177760020703,0.796027191724685,1.05043733707773,1.94203053787046,0.376022452047596,0.0493062025649317,0.0754279954434051,0.0968053154624241,0.156402679286941,3557.77751697959,1,1
306,-2,-1.74962869933261,2.2879173489991,0.897816824328127,0.854822486468157,2.28587065937781,0.327410584613005,0.0469252566936626,0.0747656321928053,0.0986798169688567,0.167832851556085,3518.68080295844,1,1
307,-2,-2.2830101313874,2.41640808791282,0.651132202956959,1.08211354836904,1.88655054530788,0.407680467285722,0.048679997690322,0.0779246095418392,0.100071544889134,0.168225076779598,3564.85772551918,1,1
308,-2,-1.76769253363728,2.24425731562653,0.857564273472016,0.961789648179423,2.13109221257505,0.319317749392387,0.0498594030107461,0.0789097551887482,0.0968142727973919,0.15935353070085,3509.82110440437,1,1
309,-2,-2.07697319258482,2.32271129042308,0.795679959937955,0.979663839088497,2.02251021522945,0.389709267749577,0.0466590058127713,0.0738280718854896,0.0987371074705961,0.160647703103223,3540.94377222709,1,1
310,-2,-1.94909000735323,2.35489003292738,0.736423616397789,0.9277165073942,2.1046980587543,0.369098310685017,0.0450855331810404,0.0727090733217794,0.0946647692219346,0.161220504392766,3504.67633849323,1,1
311,-2,-1.85085847157783,2.32734479697869,0.798920261300807,1.00191070561226,2.05077247346436,0.330153925063412,0.0484676434852032,0.0771610527989618,0.0980163553176365,0.156740838838885,3582.39890169332,1,1
312,-2,-2.98295097515172,2.23245135276363,0.909679333448855,0.95942658999011,2.06088264934741,0.553463305372541,0.049213263009934,0.0772164433445863,0.0933848667927393,0.152024880548986,3462.58285700471,1,1
313,-2,-2.59690648065221,2.35765733365402,0.740551375990688,1.09795294436854,1.81049216526792,0.494525872152239,0.0479889735109058,0.0768782772236254,0.0937198145688209,0.152678467323742,3572.02611548212,1,1
314,-2,-1.93874990882362,2.27860399038102,0.824896447697761,0.949517459579234,2.21648434454957,0.349123249469161,0.0503202038649557,0.0792041102318666,0.098629328871085,0.165892557794522,3496.27973269249,1,1
315,-2,-1.73555960137361,2.29006738860851,0.838051642580055,0.973211497760663,2.10078228920294,0.317536742962798,0.0490357361610531,0.0780405707355552,0.0990062950017246,0.161847851990057,3549.32456464457,1,1
316,-2,-2.03792058351165,2.37267396524988,0.675958907981753,0.995765798506667,2.04808735616275,0.351465761204476,0.0500847014746113,0.0792993676526264,0.101546802955676,0.163967961770292,3514.14614319729,1,1
317,-2,-1.99158852972176,2.31385866848433,0.840249826746191,0.957677210790673,2.17684216660663,0.353620239186791,0.0479695030453024,0.0748902203065485,0.100572830692072,0.169678453118809,3527.17145257486,1,1
318,-2,-2.10024673925451,2.26961783018226,0.832029726681663,0.889424596641778,2.23243914050304,0.374056262768338,0.0494404641647486,0.0786199408907688,0.101893350372001,0.163675424455474,3497.62159438281,1,1
319,-2,-1.32668530137355,2.32115925509434,0.757860981790087,0.928216396353716,2.25878481047507,0.231213348566779,0.0491000320112735,0.07738963555621,0.105485114357584,0.171196836502822,3562.96529618185,1,1
320,-2,-1.60198588001058,2.28181503315726,0.839556320828345,1.11795841697518,1.98291172908971,0.292805446254836,0.0513555770478577,0.0772035761963624,0.0979137203488442,0.168263764487911,3563.01921083642,1,1
321,-2,-2.04425224149793,2.35985394599462,0.713543859085169,0.97190364173736,2.12418398322578,0.359952958517282,0.0484168126450933,0.0756902467079496,0.0980765471848678,0.160332085811239,3528.6845863448,1,1
322,-2,-1.97948426878483,2.24035811001975,0.825330491976164,0.945791157232726,2.0648998292559,0.356882266844985,0.0489239746007832,0.0760305252126866,0.100281605983509,0.16439383587731,3476.20065992046,1,1
323,-2,-2.01857880440031,2.28416657457189,0.832697099014092,1.02622203075553,1.95929951583064,0.363188580738808,0.0498041173647286,0.0766588716549804,0.0995475036629635,0.161140648795105,3549.30653356022,1,1
324,-2,-1.93526121457294,2.377631970767,0.712754925052428,1.05515578972615,1.90083300536204,0.361043339557244,0.0476061200928864,0.0749812075355156,0.0957845370360405,0.159460635947231,3574.38109594766,1,1
325,-2,-1.69771496598545,2.30835258758824,0.827810617958905,0.941542046179601,2.22015473694902,0.277389012148436,0.0508745616149665,0.0815013834871728,0.1016341500274,0.161648381184937,3542.41646068267,1,1
326,-2,-1.88746842430991,2.23604861412686,0.843603347790096,0.962460158443755,2.06794529710682,0.33797416601358,0.0509530548064436,0.0811349019777668,0.100793363518688,0.161072453017965,3520.9847891493,1,1
327,-2,-1.82448657990858,2.30121139754332,0.79988757264877,0.96349752790437,2.1241560009941,0.316890377941633,0.0479854203922414,0.0767198108702005,0.101898163677671,0.166569272374432,3540.45716262911,1,1
328,-2,-2.24173818501594,2.37003648713529,0.726538768536479,0.881458308616786,2.10374312939509,0.402198690417281,0.0463132931957402,0.0732069922859383,0.103692303097377,0.162076501176122,3575.18050918885,1,1
329,-2,-2.49012713086351,2.37710773306791,0.70341140896928,1.0179609996186,1.86832447664601,0.489109379515512,0.046279096976346,0.0741719573368849,0.0949149991490238,0.152763141051849,3570.88823625764,1,1
330,-2,-1.88615310990352,2.40720309764318,0.690596336198792,1.13593026121002,1.96648080260419,0.312011347719421,0.0504411548044063,0.0798685496624138,0.0979805615032574,0.161686610041341,3583.27798005673,1,1
331,-2,-1.50708877243149,2.27673260829444,0.809241796089642,0.863782472692995,2.25502832686891,0.297712086908026,0.0481625091116787,0.0755523914278432,0.100912503053061,0.167206569224024,3533.54373030936,1,1
332,-2,-2.78761440808332,2.30597561540011,0.855160157247001,0.99564309423321,1.90787437675073,0.556348388615752,0.0483975449907516,0.076928886893492,0.0970637170076616,0.15745325509999,3573.11591469256,1,1
333,-2,-1.45457382693718,2.36185955735019,0.748452386150696,1.0290041495299,2.0189644795805,0.272832649090303,0.0477513822732171,0.0752365867532451,0.100750800142623,0.16817958994953,3575.13246564995,1,1
334,-2,-1.66506668449617,2.33120589116431,0.737867708248155,1.00577343924583,2.07468493552101,0.295270626821265,0.0493501953204988,0.0774411966771955,0.0972755287598084,0.156092455261538,3564.2022760168,1,1
335,-2,-1.91293101747623,2.31025530360604,0.823454612176902,0.997402397627841,2.0363603234791,0.340052960711783,0.0471681109247763,0.0748659138068816,0.0992530603834156,0.162845060864861,3524.88387577918,1,1
336,-2,-2.60305164918898,2.30126088757568,0.840777132934098,0.818444793030682,2.18231929186589,0.520392277335937,0.0457030720925593,0.0707078946866847,0.0997086778180978,0.161203781308074,3526.72709325917,1,1
337,-2,-2.01685303098371,2.23654475036408,0.810675431311466,0.906541324812563,2.09940014081729,0.363776414493097,0.0488518466236101,0.075687052463298,0.100309862283169,0.161730811991924,3469.06404300311,1,1
338,-2,-2.16395023558134,2.35540532832915,0.733909061162232,0.99762428437656,2.12575248353419,0.378337588696667,0.0491943489664433,0.0779443926794022,0.0959821229756556,0.15206042232296,3580.07587879989,1,1
339,-2,-2.10129841386621,2.23975757865788,0.920045195997356,0.787270696096842,2.26244261442931,0.394011250007358,0.0457116365483479,0.0710123537824531,0.101545069099798,0.16664717006972,3495.39934739712,1,1
340,-2,-2.40158793873958,2.30076919952569,0.769434935892374,0.998915006258841,1.91474648612978,0.423727102583485,0.0476538433801645,0.0770832742467301,0.0968986942354244,0.15578745949617,3512.74964530842,1,1
341,-2,-2.18699543545553,2.28656220905115,0.825121836195025,1.04464979221308,1.87545122473384,0.429013442012775,0.0485284638793277,0.0754981447808529,0.0966883286168739,0.15534760447371,3573.7969275259,1,1
342,-2,-2.56696011675278,2.28446903520529,0.807729090812992,1.11340412351322,1.72281545763886,0.507328352905748,0.0496148174331631,0.0780947215056418,0.0961390875010543,0.159128361294859,3548.13573438415,1,1
343,-2,-1.59612904554729,2.24641491777772,0.888737640615997,1.05191560384067,1.84394790333422,0.303481989358519,0.051165398805406,0.0788851568026923,0.098404943455349,0.157402537366682,3583.63505412585,1,1
344,-2,-1.63023640703349,2.30187967603922,0.787822741356271,0.868650112251054,2.2849419468681,0.279758567102904,0.0471010797740431,0.0750769255154049,0.104375171671197,0.170327763552133,3512.2365831022,1,1
345,-2,-1.94515584320998,2.27751276063364,0.875004221269714,0.901636645105951,2.0936280383189,0.362836927680173,0.0469258380750449,0.0748124706096292,0.100909091280813,0.164994205762743,3519.81922343514,1,1
346,-2,-2.44763075920535,2.30301422465485,0.738630426206906,1.00290893602291,1.93698065102755,0.446329774472285,0.0489846403070807,0.0764079739579967,0.0943628702711815,0.153617226346149,3503.92386621423,1,1
347,-2,-2.12541609848312,2.22674853965344,0.916944875865534,1.26250545518382,1.62840641028187,0.37418639157285,0.0525542068641341,0.0833376921908121,0.0927178280227172,0.14911888262783,3542.60245166889,1,1
348,-2,-1.94937503396105,2.35429374789318,0.679633579608826,1.06364085422767,1.99904516173368,0.332476658594306,0.0481113990457315,0.078304523809942,0.0965955829121797,0.156766849655886,3519.24142007845,1,1
349,-2,-2.65923655215883,2.31084058527216,0.820174776308147,1.04286169488855,1.7789346115978,0.52116773142948,0.0467347046143349,0.0746017409546905,0.0972543185305915,0.15614424779892,3555.72166001007,1,1
350,-2,-2.68371091867326,2.3644172863816,0.731762756338692,1.08294111817204,1.77406864055549,0.525355880266935,0.0470144932450112,0.0763106198446514,0.0947342226448767,0.151497774956833,3561.6374729808,1,1
351,-2,-1.75857300912776,2.33804336540396,0.71817736247599,0.838654332375233,2.22902694255508,0.331784145508168,0.0472842818189502,0.0749798563966115,0.103081360060423,0.166119219597502,3514.85004659952,1,1
352,-2,-1.74496010707486,2.22761949865651,0.889703279888348,1.14663838352566,1.80215862034882,0.323567699425652,0.0495190408024438,0.0774054615334034,0.098168339545701,0.163000510617172,3514.9336798849,1,1
353,-2,-2.20254943294647,2.24872967037244,0.844031555403391,0.926765529696763,2.02358574183701,0.410736624749593,0.0492802909603895,0.075777141189503,0.101513068044017,0.164699731657685,3483.15425316489,1,1
354,-2,-1.6364878206874,2.29219428688025,0.822474571845768,0.950471965381623,2.06540264306735,0.29534269508121,0.0490212991970723,0.0754231225185893,0.102174277849644,0.166223979818895,3557.36789957079,1,1
355,-2,-2.10744630215454,2.31444100298723,0.675887102025263,1.00896617847937,1.8651696298893,0.42052020333641,0.047594695681736,0.0755855696921633,0.097417834815561,0.158593986932078,3534.30514585804,1,1
356,-2,-2.86084264764317,2.31136268555946,0.772975596796383,0.952817297669029,1.97211483748836,0.549485933020966,0.0471197271402512,0.0736170820449083,0.0952814201869575,0.153476483679678,3535.21350337654,1,1
357,-2,-1.61123155532052,2.34342627077572,0.733635122404719,1.04116317926054,1.93600253013745,0.311131198194352,0.0480966324951006,0.0763411978906664,0.0979049348379252,0.157156843638364,3573.75824990131,1,1
358,-2,-2.46347817602241,2.3823478402907,0.662059002811242,1.13305197747042,1.68540711184036,0.499495759609846,0.0492611306565238,0.077479448475,0.0929614375965537,0.150287801763138,3599.54788611707,1,1
359,-2,-2.77237893017713,2.34091448330192,0.763910994048557,0.940516821634368,2.01251394943654,0.538806073390343,0.0478130932107928,0.0744626700017735,0.0990944781207011,0.1623483737494,3527.53931487111,1,1
360,-2,-1.70076223829211,2.23721461017359,0.950188446806203,1.05859419527426,2.03040655994726,0.286557780099531,0.05216186094484,0.0795555563596038,0.101647602354656,0.163450969373033,3551.05737238033,1,1
361,-2,-2.34726151548318,2.32235721876452,0.805624362680538,0.981437782007665,1.90594526419031,0.431865900221847,0.0471828304011216,0.074470216302118,0.101454527177645,0.160959348598877,3541.5703564309,1,1
362,-2,-2.52051335485161,2.19861264558024,0.918760804828901,1.06303975756307,1.80866765839912,0.473889742130706,0.0508692059934307,0.0793578191588392,0.0944757504275437,0.151800508811481,3507.88825179053,1,1
363,-2,-1.85455510653324,2.38637518128618,0.650293790670887,1.1960336246811,1.85897611684814,0.310562037653217,0.0496618756088798,0.0790396483485356,0.0959815996481662,0.154883953448883,3586.86969053877,1,1
364,-2,-1.84682075128195,2.30941010736359,0.765999807752524,0.911055539357383,2.06274668934323,0.354628143308913,0.048929550900325,0.0772349401984835,0.102590025371304,0.169054982159706,3525.97378971734,1,1
365,-2,-1.88155163437353,2.26109411640281,0.882532268152129,1.28397157537834,1.63218409329064,0.351233854515736,0.0516598293723685,0.0811696590873193,0.0930620461847829,0.152487680797586,3580.53790273964,1,1
366,-2,-2.16257506432613,2.27640623294797,0.80410718351691,1.02428217940536,2.06610193228887,0.371895490925592,0.0496319869957148,0.0776786511903979,0.0969064294564497,0.161072103661305,3485.75018974564,1,1
367,-2,-1.85931833019554,2.19552539787404,0.914709915176885,1.06030940915818,1.84599078087557,0.355108484624815,0.0499581644653893,0.0780495291567931,0.0979343175495772,0.160877409325274,3516.39776211459,1,1
368,-2,-1.7800928238148,2.3551450435471,0.731220864349929,1.14987296958772,1.79979774988984,0.31794012710384,0.048861522097007,0.0791692697759876,0.0972216704629865,0.156834078371476,3591.04082753822,1,1
369,-2,-2.29396957392543,2.32039939598728,0.672540743991407,1.05459060641891,1.99558737933656,0.406405154776558,0.0501695458389134,0.0791099452070257,0.0964976444557321,0.156980223726941,3476.16719381959,1,1
370,-2,-2.21405915822186,2.28898603547971,0.793565666762917,0.985245151961537,1.97216378294571,0.407615225239914,0.0491175106474808,0.0761310717106294,0.0993736281107154,0.15933975986131,3536.7572480098,1,1
371,-2,-1.90431556692928,2.43612481424268,0.649039420111197,0.996159351666905,2.08971720747717,0.352272889482263,0.0468371376156358,0.0742931090219937,0.100321657521616,0.161265664664021,3641.11649007944,1,1
372,-2,-2.44193659134492,2.27919998658127,0.906723206027465,1.07909162200052,1.84853392130162,0.459307451495887,0.0497484696078424,0.07695485498328,0.0952212170323162,0.157172243993797,3551.93428619012,1,1
373,-2,-2.07066238680081,2.28421522285822,0.82550516103707,0.951546155871392,2.07357329381689,0.368369836970243,0.0476973135472087,0.0743208200074465,0.100852386316198,0.161412473817958,3525.19111457166,1,1
374,-2,-1.96693628010885,2.28226743060067,0.812163419097022,0.743029753696634,2.36258523653714,0.375987435218358,0.0470511208539595,0.0736997516546129,0.102812003139415,0.162693574837027,3531.16464554558,1,1
375,-2,-2.01437994287044,2.26301623158118,0.80488555235299,0.932848813878163,2.02765456935006,0.36533935367679,0.0486159767001319,0.0757079658296759,0.0981554363869476,0.156143797842075,3533.87471522995,1,1
376,-2,-1.55906494461867,2.33442604035189,0.701956642383513,1.02004956453972,1.98364895487423,0.285332303888501,0.0498406582465935,0.0786705517298411,0.102730554054252,0.16714313387212,3552.59296404591,1,1
377,-2,-1.92715261806829,2.37239918879373,0.748372360572913,1.00312212521581,1.9279848740793,0.367745872825942,0.0472631758390338,0.0733168592710879,0.0990274259941888,0.158508181653782,3605.93612848599,1,1
378,-2,-2.55208083658483,2.28593273060114,0.809396561713205,0.935170445842982,1.99619181514932,0.498461050455415,0.0488060930759058,0.076669629945087,0.101109487409816,0.162694258095109,3509.83962761348,1,1
379,-2,-2.07294096754484,2.37740608026802,0.601889703062244,0.912683125127344,2.14288665610726,0.36761819423352,0.0447189626969838,0.0747675313113265,0.0987576730464911,0.161040347560598,3494.42668872408,1,1
380,-2,-1.94664333099406,2.25999659434354,0.790046204873767,0.971618045850329,2.04050877391722,0.358844644692898,0.0481958516508666,0.0761115877113257,0.0974508298959429,0.155583591418035,3513.38086519017,1,1
381,-2,-2.15575929547121,2.38307954887807,0.644654375312635,0.838868450594659,2.24421005355103,0.378584371485599,0.0461760826525332,0.0763304413116093,0.10630554071922,0.167771846112495,3505.85111570156,1,1
382,-2,-1.72741661457555,2.3207195795724,0.807972548162915,1.0768019627651,1.99245402358594,0.310489986957181,0.0485229196395196,0.0776719006424396,0.0981771220857049,0.15872958079229,3568.20953612269,1,1
383,-2,-1.78196555601346,2.37437244486855,0.674953179690887,0.800521322780311,2.26780922479367,0.322832590670887,0.0463246171803933,0.0724757333749058,0.104349938760466,0.164470929940354,3542.68817138196,1,1
384,-2,-1.81154070272333,2.28790827783088,0.784286091944228,0.893064911114143,2.14679929801229,0.3218319849176,0.0475439886332418,0.0755597924805512,0.101054602889753,0.165514992126545,3492.28288110748,1,1
385,-2,-2.68463832841354,2.22007046007552,1.01146249699919,0.968063936547461,1.92578858110248,0.547275812884913,0.0486607451273556,0.0745537567454114,0.0965529173300311,0.155424616963471,3534.4266449719,1,1
386,-2,-2.08204782984788,2.29551328535296,0.755877500654252,0.894402498558197,2.15683684593681,0.366882621759094,0.0476275335623507,0.0766292628219791,0.101302938055283,0.163271148641051,3482.02749348295,1,1
387,-2,-1.87171135248926,2.30532880045033,0.765782816234684,0.993212446500112,1.9551851720343,0.358346451438516,0.0487483693321491,0.0750747675368871,0.100957935825725,0.168012962591743,3547.76359927803,1,1
388,-2,-2.45330284813655,2.35886298329032,0.667912512502734,0.934059398115443,2.06967600834002,0.460503026802134,0.047257490375612,0.0748733528681187,0.0990267873021746,0.166175845192658,3516.38097895134,1,1
389,-2,-1.88480627092555,2.29457329054734,0.824722852302082,0.938520452222473,2.02858804312274,0.354968628675633,0.0501844417213474,0.0781811385747228,0.100938726689641,0.161808222581548,3546.14207445332,1,1
390,-2,-1.70365442060725,2.26572129804982,0.833365079587439,1.13895369980167,1.77196682207565,0.326006951903153,0.0494766678720427,0.0763042924014826,0.0963915652815515,0.159920773524437,3577.15709292305,1,1
391,-2,-1.78308099148332,2.12796614904307,0.983684248227904,1.00666852583911,1.93725382867032,0.32049799553737,0.0520912801541182,0.0805918580442722,0.0963576747094662,0.155646848705416,3489.76671943271,1,1
392,-2,-1.83505392260225,2.27048915812571,0.831525675118307,0.902691031709414,2.06492692952115,0.350138724691448,0.0479932060968847,0.077164278427812,0.103510489368719,0.16416067190321,3532.47426286179,1,1
393,-2,-2.2182656726642,2.27993968127988,0.786515353420154,0.920562617235391,1.95146539175348,0.429713730748283,0.0481559251437753,0.0757806812083016,0.0994454247348564,0.159694602118019,3525.94212506438,1,1
394,-2,-1.64079797183712,2.31489480684128,0.815162601167181,1.00084426434275,1.97014527933029,0.307840162562026,0.0485449702137023,0.0754211541079062,0.102497735029476,0.164882209687769,3592.77181353262,1,1
395,-2,-2.33115401827842,2.35289202906075,0.716476836146829,0.959924842756407,1.902860989297,0.453057516474512,0.0481737356750229,0.075713305796066,0.101304310654662,0.161358537862328,3538.08507699791,1,1
396,-2,-1.94256897572134,2.32139690007269,0.749121814369514,0.881618208479825,2.14774713607219,0.364216906938845,0.0461992520012321,0.0748435163455947,0.103900230797974,0.167696483620216,3559.90954920986,1,1
397,-2,-1.58803674917698,2.24355314420845,0.951887283126767,1.18837469572729,1.77977078759764,0.293320899164474,0.0517899204870752,0.0801377066764915,0.097612884225545,0.159666575370549,3603.85407313415,1,1
398,-2,-1.6950379664213,2.37774542283731,0.713204272152184,0.918122149768571,2.15733376125156,0.307726975873013,0.0493589787447406,0.0772322418703018,0.104383014509662,0.165662983213894,3593.40308458576,1,1
399,-2,-1.96214634066971,2.24069601926467,0.877716936280808,1.08455344566435,1.99894707778244,0.33114630025281,0.0523743318142215,0.080964812167664,0.0970327789603822,0.157737545087096,3509.57867969512,1,1
400,-2,-1.96741978996862,2.28600688045176,0.834475667952167,0.798807049950958,2.31333516828786,0.360163253373027,0.0465291249122502,0.0734520738169179,0.102139472800574,0.165589160178492,3524.30207455717,1,1
401,-2,-2.30094730721312,2.34142661019109,0.763278620298026,1.02121747796423,1.92728669500372,0.451774355704875,0.0465072279214567,0.0746989218506773,0.0966417682754467,0.159795473603926,3540.00384883832,1,1
402,-2,-2.25249791266987,2.28021087725801,0.805228797446388,0.965150001819001,2.09367078603989,0.410030569266373,0.050382365109453,0.0791291342106129,0.0976511370526334,0.163337973491052,3487.51229498603,1,1
403,-2,-1.78354477003426,2.44263782287627,0.557911923399109,0.948147429733235,2.12482424282162,0.33076402769167,0.0483683758577376,0.0780354330248384,0.10045048103373,0.162211365805207,3576.95508258035,1,1
404,-2,-2.04920152674299,2.28501036296947,0.818125131271629,0.941264670280251,2.08630646506644,0.380356640429109,0.049277328072134,0.0772884630756447,0.0989036137003685,0.161783242083787,3530.69821088856,1,1
405,-2,-1.75044366587921,2.27455148778192,0.85620893885432,0.882810530129271,2.16654693009651,0.324246944389523,0.0469045635633768,0.0750786960853654,0.10294468503841,0.17389443643524,3509.56769775497,1,1
406,-2,-2.66901514632683,2.27867034233135,0.880697662348499,1.00900861730706,1.85616886244918,0.501419491645234,0.047776384549478,0.0747926878652197,0.0996354878285104,0.161477890832707,3543.78598812716,1,1
407,-2,-1.75547093081448,2.30276493263089,0.818301834742766,1.169414316516,1.88931742567344,0.315607643639521,0.0506649428645453,0.0808947455341824,0.0982402988540318,0.159476592182983,3594.54656141054,1,1
408,-2,-2.48476138466796,2.2709054172958,0.863576849781583,1.02148707827289,1.79475719649292,0.494780799052901,0.0492820153313905,0.077321301840662,0.0979986636177315,0.157154365251591,3537.13473367657,1,1
409,-2,-1.64224240478781,2.2352133347418,0.87588120777965,1.12980005133901,1.86752954856273,0.300719754743245,0.0500471348053263,0.0782033033527442,0.096211701014568,0.161750742422601,3528.10383778813,1,1
410,-2,-2.33937389919884,2.31564789640825,0.813037192785791,1.0417773613586,1.92159374765139,0.433672961637092,0.0483097324557971,0.0761280320668915,0.0949448811811731,0.157289169123123,3538.79945489273,1,1
411,-2,-2.14364103004852,2.36865112084909,0.748876717875343,1.00498495249426,1.94745194337818,0.396387050684564,0.0466346970266068,0.0729352090566066,0.0998229496933736,0.161992980785341,3567.26267272253,1,1
412,-2,-1.40014676102406,2.30454214690822,0.791529228505204,1.12115098649806,1.93286658607318,0.250461519768572,0.0501499927549357,0.0781307379994729,0.0989181708132766,0.165116668521961,3546.14340427859,1,1
413,-2,-2.06373860174621,2.42349569721799,0.575748876648637,1.03608830109839,1.87680862756273,0.406033087936547,0.0476289739298117,0.0768733367696968,0.0982214509513414,0.15914312937068,3584.53692233257,1,1
414,-2,-2.26358408203769,2.27104141120955,0.86983628112591,1.0986130867869,1.89264912687684,0.400053466590227,0.0505911849703907,0.0765854154274188,0.0974301702716566,0.156513066803906,3568.3175187589,1,1
415,-2,-2.2225527554502,2.25153143997958,0.877426961156045,1.02001653497342,1.92398540517297,0.394100134709049,0.0487252127316715,0.0770602222926728,0.0982249576991149,0.158963069277266,3536.94103535622,1,1
416,-2,-2.35192403936661,2.3181772611601,0.777960716009826,0.997289710723387,1.83771272848273,0.479862396840725,0.0471647600105215,0.0726336483833813,0.0963248120778657,0.152533291849515,3565.80374087759,1,1
417,-2,-2.00875328573736,2.28316395919228,0.812053255727657,0.966220865723999,1.96838431946271,0.367877412516654,0.0492079843108292,0.0771876862042821,0.0993367167769142,0.160580092564813,3522.84318484673,1,1
418,-2,-2.6514715295433,2.3749735118502,0.726793585127396,1.13991781626656,1.71966506126476,0.568312225912704,0.0483199304097352,0.0771100735767808,0.0934501816247836,0.152817063756989,3623.96295552213,1,1
419,-2,-2.28486045128688,2.30760881428595,0.804882718223927,1.01975795433344,1.86376983225244,0.45982748637009,0.0476145666893678,0.0743002973192483,0.0960490446571696,0.15949875053533,3550.09845955311,1,1
420,-2,-2.04500518734211,2.31305946997299,0.829662489596036,1.12300922965001,1.84306913406468,0.386871958162721,0.0494243720000302,0.0777150906107267,0.0957375983407502,0.158908905809274,3579.46665900224,1,1
421,-2,-2.83856960574537,2.22935899765911,0.927213657453484,0.927789488344174,2.05576267316208,0.556581068359498,0.0484067515690324,0.0753681270358719,0.100040572234285,0.159668442518927,3538.77757280905,1,1
422,-2,-2.38288707488208,2.27364448354324,0.862796378204553,1.15546136828597,1.7608305404214,0.445343971474254,0.0509295532535362,0.0790108933257382,0.0940878062446007,0.152073935206544,3563.31154495262,1,1
423,-2,-1.99364252687674,2.31767109363365,0.822895081621171,0.803197041364254,2.23402956769096,0.375071116772296,0.0452534171658288,0.0718121580052401,0.104278247299946,0.166677424431804,3544.28975718426,1,1
424,-2,-2.21864052890516,2.38140842786059,0.660598654739424,1.0514000420533,1.75797888853897,0.441633904472474,0.0468798884461585,0.074663192694629,0.0979113727180282,0.162355528973944,3586.38197531467,1,1
425,-2,-2.4132651702673,2.25177697550225,0.857421846122781,0.955052354009152,1.90541835954167,0.476899470277958,0.0475550778671202,0.0747226981023855,0.0989226426642325,0.162696237389585,3524.39759062548,1,1
426,-2,-1.97299504063379,2.35741882483127,0.776034265545468,0.976135507920027,2.04657930170167,0.364745420527426,0.0477527608962243,0.0745440612823984,0.0975454898155121,0.158088295431093,3606.81431702087,1,1
427,-2,-2.32272600423343,2.30778706944341,0.777223282180913,1.04568144042835,2.08375669433963,0.404297996005509,0.050030351075409,0.0799396005053335,0.0931627470284859,0.148803189968969,3553.16689239745,1,1
428,-2,-2.35939208349412,2.33191420166525,0.76281224822954,0.9138848120289,2.11441284970491,0.431047617708626,0.0497100442842892,0.0776974452504886,0.100995965737491,0.161210174254555,3559.64240256939,1,1
429,-2,-2.16867489215358,2.2928483578386,0.859649881501565,1.064039929097,1.87576975756401,0.408827971513361,0.050932673573276,0.0781865725989115,0.100264358286021,0.161051407510618,3589.77969957957,1,1
430,-2,-2.31874834713721,2.34128769896017,0.733543651506512,1.08045672545782,1.8026412219869,0.453714773190767,0.049464251887277,0.0769746528487931,0.0961858236744255,0.159198083163216,3551.72583707386,1,1
431,-2,-2.66113152513602,2.29706817167865,0.808497481742153,0.989006365525147,1.99659106934002,0.489567833235394,0.0482604793602443,0.0768722008669442,0.0971278089853432,0.157969496450064,3515.17927977656,1,1
432,-2,-1.68089622590699,2.34399545767837,0.736930425534421,0.741646931530435,2.39121266324571,0.326957743266097,0.0461943329645293,0.0752213029001108,0.104413997290984,0.168659896160752,3543.2051319726,1,1
433,-2,-2.61086791353954,2.32607052932854,0.795671872952641,0.915721399915919,2.07462582338554,0.508198131736035,0.0476162692464355,0.0751310964447833,0.101777846827363,0.164859787862735,3554.47032276169,1,1
434,-2,-1.92432462992981,2.32000921908664,0.769101526309688,0.981070683014653,1.99568570197616,0.35514470966302,0.0466343367588403,0.0739656392521145,0.0977822099323879,0.160784909544456,3546.77480501085,1,1
435,-2,-2.035114064146,2.27667524852125,0.750191755087929,1.07063419641502,1.83323619836108,0.369126334604182,0.0498210122655773,0.0805059613592036,0.0947439184515896,0.15543764324524,3484.10283315421,1,1
436,-2,-2.3300051833791,2.30649815762132,0.799053444357924,0.944534275464205,2.11986237994878,0.414961023481458,0.0486649179062512,0.0740073667348746,0.0979214132435604,0.15806689751671,3516.2235374422,1,1
437,-2,-2.11393793076888,2.28074842414289,0.811668482033314,1.02382008526305,1.81835899524431,0.42948494402456,0.047297386408768,0.0751059701440323,0.0967825636555761,0.158280295421514,3544.95819601625,1,1
438,-2,-1.52765673211012,2.29492502996352,0.811300572296395,0.9330866768342,2.19886258571968,0.276088933012652,0.049366464697612,0.0760254266982178,0.0999182898424567,0.164121446823175,3532.22857119973,1,1
439,-2,-1.73476562103247,2.33503642129544,0.797528475259946,0.932473306722728,2.23003454858524,0.296211555470951,0.0471321180415364,0.0742980650972196,0.0988457612835138,0.16014127162336,3556.60691194273,1,1
440,-2,-1.63095147374806,2.30379694958023,0.77476015152529,0.80825558679885,2.35630251349758,0.295377062534643,0.0476927352922548,0.075290848518164,0.102435179408668,0.161898435559801,3555.69706179427,1,1
441,-2,-1.80216735068086,2.34694683365777,0.743995285209893,0.99696844263916,2.09854592942122,0.315589718219141,0.0488968407103645,0.0761037333940777,0.0988508297217194,0.16344137372402,3550.40326110889,1,1
442,-2,-1.75816891575541,2.27795081283083,0.793152180310814,0.97486584131094,2.0762467737834,0.317909185770021,0.0487962922124321,0.0752951823829791,0.0989240143131967,0.167686757120534,3496.69861999056,1,1
443,-2,-1.57932544104834,2.26056104606302,0.842767730494607,0.946027157923893,2.21635082095262,0.274985965045489,0.0484830556430815,0.0760109507177539,0.0974364600327852,0.159665705320861,3511.57376033779,1,1
444,-2,-1.45498598044184,2.19442446900376,0.946138513448549,0.836619133892476,2.41931306001694,0.256873870438649,0.0507173853741111,0.0776773747649562,0.102192466565919,0.166152623694454,3516.45212579785,1,1
445,-2,-2.32131985970644,2.30758551532601,0.800530814249996,0.822347283151126,2.27802302011759,0.398326976838102,0.0472010710549464,0.0769616207348502,0.100550668010866,0.158057241072691,3527.15200259425,1,1
446,-2,-2.26574442792896,2.31544933054332,0.783450816951425,0.834553224792342,2.22911388480383,0.424323491394651,0.0465346337845516,0.0742073265020021,0.0999736289995834,0.160274416392668,3523.72621888743,1,1
447,-2,-2.21186978730222,2.22444533011522,0.938694233201138,0.970241708917785,1.97713104276952,0.425052980434413,0.0481084178080832,0.0757521934226732,0.0956019714683405,0.157010696009881,3498.40529534165,1,1
448,-2,-2.00459166966344,2.27853459546494,0.871205886323492,0.955064501929485,2.11745623822558,0.369000335441377,0.0494150989674246,0.0773693117327538,0.0990123890093323,0.162742960940216,3552.98369798622,1,1
449,-2,-1.43589848498651,2.32351632069992,0.725293798800772,1.06381204892981,1.99003753168575,0.267465273322352,0.0486770457633891,0.0771128314009413,0.0967430234596473,0.157858302165873,3558.84590952807,1,1
450,-2,-2.48532747382052,2.40070309108765,0.634873843686871,0.946985351762759,1.9436412952048,0.467100907840231,0.0456430414589316,0.0732772386807406,0.0989048074834774,0.158272616521154,3538.5028126127,1,1
451,-2,-2.30047075474558,2.27703241750714,0.808227223264847,0.952826600092678,2.14462196809697,0.421497888727614,0.05013101182437,0.0790643531152966,0.0975239101374671,0.162281221351487,3504.63873939783,1,1
452,-2,-2.07307020266237,2.31239288005076,0.755413522888624,0.853947478958725,2.17498171329896,0.384250845073398,0.0468967020762899,0.0721737097637111,0.0994721389337421,0.159646318544919,3521.42550005603,1,1
453,-2,-1.67001902758318,2.33992346315033,0.76501535012274,0.915503560903324,2.2364659798597,0.28383447488361,0.0496977110977379,0.0763054456384904,0.10462965082983,0.16378593483186,3584.8325615319,1,1
454,-2,-1.82723961777162,2.24247757699369,0.860730710915039,0.816906060365328,2.25940041600461,0.340258810040928,0.0479006360785851,0.0739755549412439,0.0985184448953202,0.158132815990101,3500.66752980486,1,1
455,-2,-2.00740729015876,2.37525234030584,0.713737754338876,0.939303026572288,2.10843671705911,0.382140125881479,0.0479904711254232,0.074481750735553,0.100572017268034,0.168813223939206,3563.45892150022,1,1
456,-2,-1.63508560667521,2.29260950851382,0.823367294517629,0.926787991596819,2.12693064577119,0.311685743773153,0.0496532608485598,0.0757358058205493,0.100756748105762,0.165638844284938,3554.2954033407,1,1
457,-2,-1.6201769651643,2.32672054075467,0.780859022113387,1.25406178410863,1.7756336928712,0.277272319974766,0.0519302546979493,0.0831252209416039,0.0958104134231162,0.149556068088314,3597.79336527967,1,1
458,-2,-2.12175744439193,2.37799671253138,0.70390995388806,1.04895198508197,1.95365071945676,0.396917150185688,0.0484013665977904,0.0761912046998914,0.0968749213623518,0.15954794216572,3567.87234933286,1,1
459,-2,-1.6665757306585,2.25829672145757,0.824432384813543,0.914847568116644,2.1289548680878,0.300555483995999,0.0494785937150842,0.0745893788851914,0.10072548817823,0.162750167967536,3530.96762698155,1,1
460,-2,-1.83604449249714,2.25652127953808,0.834688881467403,0.76410184376726,2.29974646625532,0.341241836278018,0.0483739475574366,0.0740452327007969,0.10465818351067,0.169274586789433,3507.46987439967,1,1
461,-2,-2.63162517274922,2.36086347700761,0.699608256389625,1.06091400703987,1.87416584198072,0.47515550070625,0.0476022591508998,0.0761709020946099,0.0937153987576177,0.152238018696116,3543.57745061234,1,1
462,-2,-1.64558538752111,2.31724451167883,0.795348105152697,0.94030045110105,2.11789602431703,0.302322019172239,0.047355808913806,0.0752608671618076,0.10327837406847,0.167469576179868,3554.78003056827,1,1
463,-2,-1.38647819242024,2.13252125853131,1.01958552952027,1.02653213301305,2.10343889971641,0.261514892863373,0.0532854807656153,0.0800005413611365,0.0966201107062597,0.16411762899056,3497.69675151979,1,1
464,-2,-2.34981320018889,2.31877514385225,0.802188194965616,0.922017363381467,1.9867985987545,0.474869796064797,0.0471054412494561,0.0735337812346359,0.0996141935495904,0.159345424324306,3573.1020394892,1,1
465,-2,-1.77736087545822,2.26935507923616,0.849798846135913,1.14301478178605,1.8245924045964,0.319991716916476,0.0500453376115187,0.0772972591269319,0.096403064028927,0.156135300743917,3571.99808514291,1,1
466,-2,-2.19836282492733,2.22819921506805,0.942254180855402,1.08283659172261,1.82048837163328,0.435507046149863,0.0499257834489494,0.0775049932955356,0.0960400671493041,0.156715488156897,3549.08038314071,1,1
467,-2,-2.47962238778078,2.23383903275554,0.88971338427223,1.06063151441384,1.89638829453606,0.484862582383265,0.0517422876021441,0.0806073544688597,0.0982934871755838,0.167051684039678,3502.80218391889,1,1
468,-2,-2.1455247739594,2.31202408095487,0.805646247755562,1.00246589352926,1.99786671485725,0.409877022779261,0.0493900847883801,0.0768790834324915,0.0958958474710462,0.156023505813959,3547.40111125637,1,1
469,-2,-1.74833622347624,2.31697586827807,0.782398628634247,0.930259875538841,2.14514776260834,0.321067669547048,0.0484109750555684,0.077222288903578,0.0967500202358348,0.156818639806271,3538.60239535616,1,1
470,-2,-1.86424878825564,2.27808353184079,0.794701142379234,0.878331807765381,2.17127850640505,0.331621946762633,0.0485641189546361,0.0769933088458313,0.101851759864332,0.164084123653687,3506.22504847637,1,1
471,-2,-2.19459765108187,2.35326802677465,0.708697265668398,1.12485734843735,1.86007973442298,0.377887162357863,0.0502399486837029,0.0783611724804128,0.0964962727858463,0.153228699430472,3565.67184799811,1,1
472,-2,-1.67018963374624,2.27915044211328,0.807571235944632,1.08629645328604,1.9165075575438,0.307514625034455,0.0507371875127048,0.0788553876346793,0.0961484241927144,0.160652635995271,3530.26963485077,1,1
473,-2,-2.54650884057853,2.33769705616747,0.736028333696775,0.977123906510399,2.1161590410991,0.439426908922258,0.0486639070415731,0.0767601998226642,0.0974278083921418,0.158103925246983,3492.5591797319,1,1
474,-2,-2.61252309417824,2.18366849679286,0.931117885462115,0.984895404615434,1.8683160425402,0.51804465026446,0.0488796017364269,0.0759080303045744,0.0970619690833022,0.157276957153242,3485.81583955151,1,1
475,-2,-1.96897274485739,2.20658279867161,0.890118500955295,0.748247987187628,2.33864939599811,0.369722506139442,0.0491784844633675,0.0746061473120932,0.104433258330987,0.165025338854077,3504.97792119555,1,1
476,-2,-2.02447996031758,2.30703448906233,0.818677602536586,0.798929065383581,2.29312837664726,0.371728591097979,0.0476978962060085,0.0736093520677813,0.106727129950044,0.16931750551126,3553.55036520641,1,1
477,-2,-1.75918152762398,2.24912854629612,0.846542898185544,0.86744557953448,2.20946766291509,0.312582589556143,0.0487941118743901,0.0761659844340867,0.102603250281829,0.164466174120902,3496.43459679629,1,1
478,-2,-1.33370570349561,2.3073430532112,0.772074216637099,1.03083663817683,2.13252055725627,0.249099286896226,0.0506123371594115,0.0805977972495478,0.0994089773307034,0.156804856896763,3595.11120762168,1,1
479,-2,-1.83704449507082,2.23204752749651,0.88644977174601,0.93394591207451,2.03180665288525,0.346980852112691,0.049092474290321,0.0770555453598451,0.103401599639233,0.1668385259433,3517.68228381939,1,1
480,-2,-2.31787196368108,2.29444725145493,0.848471390366945,0.959307382327477,2.07798456474976,0.415806064944799,0.0488185534697003,0.0751984001130947,0.0973447050330789,0.158449367442353,3519.73665575591,1,1
481,-2,-1.58491957912903,2.28293340211079,0.853174595875331,1.29054808208778,1.61279324265897,0.29325908059748,0.0514498958544413,0.079183711461395,0.0964107534172944,0.160553028000019,3581.24414244871,1,1
482,-2,-2.01485196744641,2.36624874293209,0.72243821243964,0.853338430420024,2.35241811618121,0.350547293558977,0.0455795805953225,0.0722899278595215,0.0992767621643492,0.162593433052633,3515.51557034821,1,1
483,-2,-1.9020360320524,2.31045951264857,0.781707729811639,1.13143329305636,1.887197988426,0.330547770256037,0.0504413835080306,0.0787336024164339,0.0960831893332043,0.157189541878107,3542.81541584366,1,1
484,-2,-1.36414528555719,2.37716289884938,0.676672686090944,1.14164537912494,2.05944756508992,0.236118688120915,0.0519289792159192,0.0803298503051289,0.0970304535475672,0.164233623262082,3580.34624590237,1,1
485,-2,-1.36877503789865,2.2372659262004,0.955247479990117,1.09858629987623,1.91544020907721,0.258132420512822,0.0484915051951017,0.0756405300390897,0.0962986694615005,0.158069371010914,3578.2901878728,1,1
486,-2,-2.28652022036771,2.35105044332262,0.687521326447534,1.00125066783633,1.91935208220755,0.435548325777953,0.0474541624139704,0.0744590738050037,0.0968486530966313,0.15786469554968,3534.89367317545,1,1
487,-2,-1.89670298822357,2.32601175752243,0.778534575364581,0.988075882492361,1.98570242707371,0.346748010741161,0.0478784446113024,0.0756252973321037,0.0993255322274014,0.159053134049006,3557.64189427122,1,1
488,-2,-2.39438863584889,2.33070994426036,0.757710031030568,1.06321804778151,1.84710931393214,0.434137591975138,0.0476121180549984,0.0741859678769885,0.097985950213315,0.1599271502473,3533.97314947073,1,1
489,-2,-1.93701234063406,2.31875996812047,0.830789826859487,0.868530067020346,2.23150494292258,0.368967872313985,0.0460484038773034,0.0749272459521455,0.103045492564043,0.164544861083757,3575.70404787827,1,1
490,-2,-1.93319301151474,2.34726190527016,0.779847939522748,0.940446011534175,2.03800463722861,0.354622167940162,0.0481493224971043,0.0753385990067875,0.103897035767265,0.164068250470718,3565.04733176641,1,1
491,-2,-2.25291355896556,2.30719301870736,0.833853950832634,0.951013105752886,2.06382889511579,0.424819093668089,0.0473622754572496,0.0755100264923733,0.0992809217024995,0.159235572919799,3546.96987356961,1,1
492,-2,-2.56705281459194,2.38136962314179,0.733507199443333,1.15458841024155,1.78544518467217,0.471272508459193,0.0484730771566261,0.0770244271718788,0.092813608946675,0.151696789419498,3578.63759872828,1,1
493,-2,-1.64025283760923,2.25833551208942,0.906990644424889,1.00673505510307,2.02413431332103,0.311677166712582,0.0494954724781734,0.0761711910992632,0.0997259637548944,0.163349615587113,3556.65043494853,1,1
494,-2,-1.6581289481274,2.2356876232198,0.915598663908744,0.983933190028558,2.11175535085877,0.301986490737115,0.0509528239815347,0.0788754596462416,0.0988350048137337,0.16390751000202,3533.50099986788,1,1
495,-2,-1.74865531037571,2.33769184450055,0.76852986854158,1.08824629536455,1.9182566559605,0.327334696914748,0.048079879945757,0.0754889800337899,0.0995013219550558,0.157958129720884,3605.45466326702,1,1
496,-2,-1.21902691026001,2.3260534941167,0.746251965224429,0.91620707103977,2.30182072099222,0.234069167562108,0.0492231416138097,0.0768510427719395,0.102323855824798,0.163863226492357,3587.95185346876,2,1
497,-2,-1.96044377539425,2.33609299571803,0.792939052969638,0.956879728722873,2.07596615685177,0.374836245525649,0.0492738407061806,0.0767896582987127,0.101641702826434,0.164148518012965,3553.8091748588,1,1
498,-2,-2.41815386678191,2.30062405424155,0.810522369218479,0.894435687138418,1.99848411081148,0.503310633280105,0.0459187965253732,0.0721540663773104,0.0986603165895491,0.159074599218011,3543.32668815078,1,1
499,-2,-2.33459835740613,2.28472528371567,0.849392948777604,0.9612575900848,2.006819587685,0.459676126768246,0.049320837562604,0.0758915078865806,0.0979862736816598,0.15955908747229,3549.08055700538,1,1
500,-2,-1.74030330935589,2.21354169626563,0.85791545871412,1.11690495983602,1.74263037094052,0.32680633017309,0.050151572233531,0.0779235864404018,0.0980700702213976,0.160213267659819,3530.0204673299,1,1
501,-2,-1.52863043122111,2.25448035864862,0.797227507187905,0.923746217294072,2.13996489546321,0.282812559534524,0.0502563839160951,0.0772329777823283,0.10101494101459,0.162406922018873,3512.99538408818,1,1
502,-2,-2.44074280419882,2.33030808725044,0.700466289447899,0.905695324798833,1.9945182277919,0.47718097626602,0.0476915978617956,0.0763059295341981,0.102142562262214,0.166625188900686,3487.79344963748,1,1
503,-2,-1.99114625272791,2.31264834725672,0.794657674858593,1.04539181178167,1.95274520924179,0.35517800468268,0.0484577978607498,0.0764289659513424,0.0972974333307993,0.159194073594111,3549.22369065768,1,1
504,-2,-2.02912059485536,2.2663256169266,0.801187036649785,0.890875316895609,2.00115093637777,0.419354613468774,0.0470907467293472,0.0734490370100015,0.102468068873828,0.171911093671807,3521.79510549897,1,1
505,-2,-2.7841659058278,2.26804103243245,0.821185065836007,0.92694748555108,2.07903933432283,0.532203362772123,0.0490473559978795,0.0779331604552295,0.0983457946388994,0.160312522662007,3481.21903539835,1,1
506,-2,-2.02270532087665,2.29505397492762,0.804593268604648,1.17194109898151,1.56586478122967,0.41828771050423,0.0490537518025849,0.0756891944945313,0.0951852749046686,0.157029529974089,3583.30951990248,1,1
507,-2,-2.22604329382233,2.37789254624991,0.672475938912313,1.03345741657854,1.93670158163442,0.38826553483928,0.0492313543147642,0.0783808307659139,0.0995848869414545,0.157836300009272,3555.9631642829,1,1
508,-2,-1.75396290618202,2.35759864550729,0.719547492738462,0.994287598811848,1.98363148214729,0.353711415973034,0.0472417601344654,0.0739892586958383,0.100555007176807,0.17060029316883,3585.08074213979,1,1
509,-2,-2.77097723788704,2.41631295784884,0.623068636023812,1.06958608721023,1.82784533030944,0.519855633402585,0.0471173910724431,0.0776820428791057,0.0972339406453145,0.156422113504825,3539.32478410483,1,1
510,-2,-2.02191418623584,2.36093276738939,0.694899819639392,0.991934863751106,1.85741703000078,0.391630437738119,0.0476405946255831,0.0754743790643873,0.0986439316299829,0.160835089204101,3570.41916981838,1,1
511,-2,-2.47048400775262,2.22532356135222,0.910327954038023,0.978188709209329,1.9256687146958,0.46032812283635,0.0507292780007755,0.0796818675816263,0.0988711310173492,0.158144586749574,3525.17074932054,1,1
512,-2,-2.01211198133387,2.23856433151806,0.950614278671559,0.794518047440486,2.19276848500241,0.407423596625652,0.0466924536108516,0.0726720221288603,0.102259277779023,0.161810930256836,3554.23699682573,1,1
513,-2,-1.84779598507286,2.23377359814681,0.866654509129308,0.901391728658715,2.09830059690956,0.341060907095779,0.048586964270912,0.07791197928489,0.101130879298861,0.160262507264556,3516.5294335472,1,1
514,-2,-2.31073519568714,2.33949345976119,0.735217072392565,1.01368262289938,1.82923204771366,0.466492832884698,0.0464247775171221,0.0738893143450966,0.0967221778766926,0.1566100074288,3552.41939177327,1,1
515,-2,-1.85234324756475,2.26614135890526,0.765431841241322,0.971551929042336,1.95993699204059,0.348762865543475,0.0496337874749161,0.0763021407838492,0.0982169058012326,0.160779250435206,3516.58164513383,1,1
516,-2,-1.72491823297689,2.31590463595079,0.821094731643899,1.22699434799349,1.66601204195012,0.315868203228341,0.0501262547193655,0.0792597103684655,0.0948305027336874,0.158118968919227,3596.87192531331,1,1
517,-2,-1.7228312301042,2.33865465888681,0.720703086674522,0.942316017043101,2.0225989515157,0.360944151706227,0.0466187769006969,0.0732445196187902,0.101588581209887,0.168437208810958,3569.6831003873,1,1
518,-2,-1.8908248674254,2.38213666424521,0.652033388776865,0.792098471667238,2.30590029408104,0.334391124404996,0.0472180984509019,0.0749987547120339,0.102918196306077,0.165947343869266,3507.1595745619,1,1
519,-2,-2.65188900853763,2.30746407084183,0.821396375096665,1.10317433228645,1.78301245744734,0.502215824349743,0.0478061863155655,0.074239396188635,0.0936815618345244,0.148891833903484,3570.36717185877,1,1
520,-2,-1.85896427093607,2.27395653915568,0.825440496073909,1.14440140798692,1.78785855933257,0.341892587989505,0.0504406129309104,0.0794215768519668,0.0946168687862186,0.154481109226068,3521.14173450013,1,1
521,-2,-2.40603572108824,2.25816864750459,0.828184698188442,0.986155962545757,2.01080940304726,0.435552023096316,0.0487169780645332,0.0767025117239013,0.100709588833234,0.163349179252135,3466.08390852667,1,1
522,-2,-1.94011940579187,2.24798784388079,0.843696765392058,1.05059602420312,2.04160672765993,0.322832209822216,0.0537532511720137,0.0816496506472675,0.0982040036797264,0.158843117878757,3510.08444549122,1,1
523,-2,-2.54702627200812,2.31392209535887,0.801773888170667,0.870304823614466,2.03314174136222,0.502634465564735,0.0454826693547129,0.0735980047296247,0.102007589284671,0.16386963841591,3526.0981891621,1,1
524,-2,-2.22201938677183,2.2598647087624,0.813258134248347,1.09657041729637,1.80494212951397,0.395420084075574,0.0487774122820988,0.0770097028725581,0.0965387420097667,0.15424197090983,3543.39755453204,1,1
525,-2,-1.95746381654164,2.28610500660598,0.856203297396106,0.953341635172075,2.10666122826027,0.344964045501446,0.0484449838140402,0.0758882177133207,0.101320212420263,0.16742408377654,3507.69154922373,1,1
526,-2,-2.00173640090937,2.30833588085833,0.792029030300355,1.03195021368839,1.92254043151253,0.378411094101318,0.046672931640681,0.0740715751164936,0.0974064815915532,0.15930753560626,3531.84282304445,1,1
527,-2,-2.07715227264894,2.31268299293783,0.816270042647977,0.974648766656306,1.91488519263174,0.427418626867455,0.0469230371359612,0.0724217410486463,0.0992772037539601,0.164142945649228,3559.09342818612,1,1
528,-2,-2.04095137624678,2.40498774858597,0.64215150765133,1.08060634851832,1.88260622810006,0.376741917458034,0.0478034157431234,0.0765557551805127,0.0976455717035256,0.160666508068684,3570.30235878421,1,1
529,-2,-2.36951207852055,2.33689286331576,0.725745080885549,1.1460639689617,1.70105070576071,0.471807879990508,0.0500458289010839,0.07864854756012,0.0967063679961322,0.156511317393982,3581.09488787391,1,1
530,-2,-1.40268996201381,2.22601865825549,0.868049340051707,0.864957288181362,2.22696037288177,0.271607591198083,0.0493030404262628,0.0764342705119269,0.104685404001026,0.173044020410709,3513.74090002375,1,1
531,-2,-1.69015762213135,2.29155349817942,0.839766107563207,0.937999601354857,2.0878817098939,0.32160090875502,0.0483048955088583,0.0758910279000467,0.101446983942738,0.163289781562007,3554.500521282,1,1
532,-2,-2.20518110035105,2.27768638352733,0.839501577865504,1.01816931666248,1.88525181470991,0.412930991260958,0.0483641333497941,0.0753341091758906,0.0990055242802483,0.159963411551949,3549.44431220593,1,1
533,-2,-1.58998298353026,2.24961225371329,0.885052673938908,1.08743204626189,1.98911529903081,0.277850548808879,0.0503911168795127,0.0770421347290235,0.0977217210762255,0.160356137964325,3541.51874725933,1,1
534,-2,-1.30540612324381,2.28003475951069,0.791159209743135,0.862820896099648,2.25356824029841,0.253290894261898,0.0483320798938769,0.0754332148413044,0.103638412550717,0.170619383921091,3527.87235859047,1,1
535,-2,-1.63487885222021,2.30286871771612,0.803087361056591,0.921897202793321,2.16829947029107,0.309462572745995,0.0485517407807968,0.0755846042057703,0.101650390529581,0.166989125046328,3548.29073657444,1,1
536,-2,-1.47933388923688,2.35967106343932,0.751156153098599,1.07854892904645,2.02386062671704,0.285595236100875,0.0489148300687835,0.0783520576087127,0.0961654028462057,0.162693848315854,3591.01909538383,1,1
537,-2,-1.87055760406445,2.33622974308039,0.755953126762493,1.03733630472274,2.02627856770567,0.344819735339199,0.0494938057999086,0.0781575140060905,0.0952804743605528,0.154391491414395,3573.55276339898,1,1
538,-2,-2.65262458154391,2.2923229136289,0.79163323329702,0.866076152505088,2.13032101399635,0.491182290166614,0.0481153128471237,0.0753667554391199,0.101550220693201,0.16218585711282,3490.14752216863,1,1
539,-2,-1.9040604409954,2.36396632619731,0.705172280001672,0.996853576905875,1.8638676835341,0.355565937810145,0.0461515023560798,0.0738944301768123,0.101433306190882,0.16584828457747,3563.25504509403,1,1
540,-2,-1.71626767323272,2.26471350636483,0.826770002364151,0.938105817552716,2.16840523586162,0.292947543447144,0.0483192033515586,0.0789855419105687,0.0991338972239272,0.156270435971918,3498.50512957071,1,1
541,-2,-1.9565645178178,2.31916071638468,0.740583383664126,0.938567800256074,2.00254368718115,0.384250952077917,0.047276210595037,0.0738226107842947,0.0986572111183039,0.158007435753079,3575.21564256848,1,1
542,-2,-2.06026136850153,2.38319557656912,0.697411374280165,0.915436726465356,2.16648768653135,0.35937512321956,0.048002107168578,0.0754787850599662,0.101318086889969,0.162029699320061,3580.10522049208,1,1
543,-2,-2.07164113315618,2.33478953905338,0.771846191309421,1.05114587042702,1.85733699846171,0.390533571007661,0.0473447960086604,0.0755959719442807,0.0981760474575614,0.156597238041119,3582.64245089232,1,1
544,-2,-1.50811536113992,2.26698420560992,0.819517513462843,0.906057048334165,2.24370849952743,0.278382005192364,0.0492085164286623,0.0762343557927568,0.100338820332718,0.166652922380157,3520.53827798464,1,1
545,-2,-2.39343491954374,2.31786694234086,0.790933635739653,0.90449052229646,2.08640559310453,0.461003290669002,0.0470726375675286,0.074074014622376,0.102307887563645,0.169403334688,3511.20525164016,1,1
546,-2,-2.52405538550791,2.36460068607362,0.703174675329529,0.988927667444381,2.00877752838298,0.457666929332105,0.0479897388504123,0.076595739976007,0.0963426048164165,0.151580692775519,3557.11113497392,1,1
547,-2,-1.95967598299493,2.28249208589567,0.781944576654341,1.0853005682019,1.87104136548941,0.358192615083012,0.0508991447938969,0.0793638316840515,0.100024710725622,0.158367029284795,3565.84532723742,1,1
548,-2,-1.80874514884455,2.27791513515002,0.843491119709334,0.94756743947037,2.05344634560191,0.347466374369927,0.049667906240155,0.0770136842498111,0.0991141094131326,0.166030016617403,3531.10384204393,1,1
549,-2,-2.02422647714512,2.30962808185844,0.743133753387434,0.877482827879984,2.17505415220136,0.366216378310202,0.0474643678593886,0.0764384305295105,0.100728629618613,0.164873372453432,3488.60732726033,1,1
550,-2,-1.7962435782888,2.27868834110069,0.770131811281904,0.905105255681897,2.16305138618137,0.324674145388733,0.04957148586572,0.0788572879391814,0.102413131461504,0.164821377083994,3507.00027649479,1,1
551,-2,-1.93428940486333,2.43043917754592,0.577662414161607,0.889962603641499,2.13076876114443,0.363889870073954,0.0457954269342122,0.0728608804467999,0.101141067236966,0.163804802912293,3535.06242198206,1,1
552,-2,-2.62541112302409,2.33076161908406,0.809157390595373,0.976489869067942,2.00910421761537,0.505424407031913,0.0470208025214854,0.0745751042515801,0.0963421311148387,0.15768784031103,3565.26277821631,1,1
553,-2,-1.96834045987292,2.37316464912448,0.676260286441943,1.16723813661713,1.62886393508022,0.37918081804128,0.049565755653989,0.0762819966951363,0.0975700926376497,0.156595991711467,3608.9339529178,1,1
554,-2,-1.88448377135476,2.2710003884131,0.825342151721242,1.06679795466305,1.93520968596508,0.334836299271297,0.0492377690949089,0.0781621703901169,0.0970294237220035,0.155947430614048,3540.96026973558,1,1
555,-2,-1.99779055658029,2.311420057449,0.760099551668658,0.939112848377833,2.09355432204763,0.368563258299587,0.0469931352947478,0.0742816299733337,0.098943555738847,0.167396947421245,3510.61995461947,1,1
556,-2,-2.06171155148788,2.31433649648834,0.767201249777591,0.985646795664841,2.06211173204472,0.403072965206351,0.0491457026357194,0.0770175933129339,0.0981241492620417,0.162133177763293,3545.31723092904,1,1
557,-2,-2.02528419959743,2.31904934370863,0.795077443331567,1.1440735102313,1.77752041267545,0.377629764044846,0.0497892712909798,0.0783238194912362,0.0966461504082099,0.161191284462223,3576.69782120474,1,1
558,-2,-2.20813145116283,2.33350253285701,0.761962128602665,1.04801830339027,1.97684063361379,0.376294505357583,0.0487053974848762,0.0791646187358727,0.0999796876895859,0.158450223273507,3528.69049390809,1,1
559,-2,-1.16720834935945,2.23750554122863,0.869402993283561,1.10585472130958,1.79406634310133,0.248980502259667,0.048972134714857,0.0758534979299596,0.0982853820691692,0.163445884742983,3570.15254084816,1,1
560,-2,-2.0737891442233,2.27304996612192,0.825762859672965,0.960534155462024,2.06204079844787,0.379977795292098,0.0499317598143664,0.0784413920766922,0.0985649854214394,0.16142937775313,3514.75367290623,1,1
561,-2,-3.69651433804898,2.22773261482382,0.859776437429426,1.08743124406717,1.77754264229194,0.730107989140643,0.0509982494406636,0.0787958776531196,0.0950910446080655,0.150216049085286,3475.11907129626,1,1
562,-2,-2.18786345534751,2.34908686829217,0.756223094656459,0.86523177070152,2.12548090834764,0.411892125955344,0.0463709744680275,0.074138693941849,0.101841825080801,0.166990981271337,3529.05250042752,1,1
563,-2,-2.19140193651563,2.26483845654426,0.805979814093857,1.03163423259215,1.88994911893846,0.408784247577096,0.0486199512604119,0.0766686724229349,0.0956030041059966,0.155769141874952,3505.64147051653,1,1
564,-2,-1.81917429275489,2.29126406511636,0.819897418889906,1.0622465394705,2.01973348890735,0.329418059900385,0.0511271568681946,0.0789014888140026,0.0982015910342349,0.160045599983773,3539.16106578427,1,1
565,-2,-2.08800406017998,2.33706489999758,0.729898659796341,0.88046762903457,2.20961013558897,0.370770242169217,0.0480254730608849,0.0748883922928049,0.10187293222452,0.16278054375205,3532.30703925471,1,1
566,-2,-1.54851227726945,2.27150601201688,0.803537707090919,0.99457482594984,2.06678568108446,0.294634157284474,0.0495302013260529,0.0789813118690614,0.098504907439343,0.168661557960092,3508.81233767715,1,1
567,-2,-2.09052091804854,2.21760816374394,0.948814592659345,1.07833672212808,1.92963908034153,0.373069851752457,0.051248194147599,0.0792281596846454,0.0972636383696441,0.154831908019017,3551.47199133616,1,1
568,-2,-2.42676537169492,2.32566977227639,0.765337419545903,0.923340849197702,2.14135905948203,0.427334989092102,0.0467597471597709,0.0737687992700786,0.0992026431108887,0.157929679764292,3545.29053834209,1,1
569,-2,-2.03318958636092,2.28609233365518,0.845245995062373,1.1023092460195,1.8371757840882,0.366138765323448,0.0495703224862697,0.0765313976583538,0.0982976897262442,0.160109845659385,3562.55729970199,1,1
570,-2,-2.00490798666721,2.28918658698381,0.776616257193718,1.10011693328558,1.84554790334547,0.354834863887599,0.0497846404688315,0.0798422929420287,0.0945346587805946,0.157471324055924,3506.38323588014,1,1
571,-2,-2.33961798345082,2.3399466454864,0.727061480016096,0.967519283212813,1.95543389291213,0.447922374514096,0.0465487923080435,0.0743764068509725,0.0997766067575065,0.16366744727472,3517.5311924024,1,1
572,-2,-1.60177880215286,2.24156631500576,0.86516787922391,0.982725733547084,2.07917431186109,0.289028587847757,0.0495097544826784,0.0765175146951125,0.0990719953548556,0.161360477415505,3539.63059567498,1,1
573,-2,-2.67011218456188,2.34154807788928,0.733432257253584,1.00262348058082,1.8606866256065,0.508313043078113,0.0467797577852903,0.0746695290885322,0.098682873143975,0.160045662416531,3514.7034118451,1,1
574,-2,-2.43000147836603,2.36061149289737,0.727960150543606,0.994473552779182,1.95398661151,0.468394878261921,0.0471144137280034,0.0747162863051299,0.0980650369602258,0.158697457504718,3586.82054136266,1,1
575,-2,-2.09249234848519,2.24631967548882,0.955268583497621,1.02174836482429,2.02574371907902,0.370914267877154,0.0487765560714162,0.0749989119632633,0.0965716093508794,0.154989650113462,3564.44822605114,1,1
576,-2,-2.35529987813245,2.3866675578052,0.59054992184906,0.972931489556462,2.00590430430347,0.414681769846916,0.0489476883287857,0.0769412937957427,0.0997021881439904,0.159802223249804,3528.6710058186,1,1
577,-2,-2.50623284304833,2.33888824501313,0.710681918984332,1.00079673650644,1.92359098565073,0.478687432216103,0.0489326169242657,0.0780114105037102,0.0970997624215851,0.15817710743962,3525.01272637853,1,1
578,-2,-1.49718711563265,2.32051846461355,0.809881566713448,1.14103283515432,1.9710768560022,0.253445575822959,0.050735428098927,0.0797936511202466,0.0971431548482678,0.154872910972766,3616.29205019718,1,1
579,-2,-1.73647045525008,2.32858261120114,0.748407459131297,0.839295331069978,2.28790025673138,0.326246393918203,0.0470218581273956,0.0741172808282619,0.102528778004104,0.167777541755813,3537.26419484266,1,1
580,-2,-2.09807571747964,2.22322918638469,0.930693602904949,1.10330586556004,1.78427766911722,0.394094630774336,0.0495130062284191,0.0767176867364474,0.0973311472139594,0.160541411976916,3544.43959751868,1,1
581,-2,-1.55693549081108,2.28251989691165,0.788309707881136,0.773766001527639,2.38528361112099,0.276678642257298,0.0483410390096148,0.0756440090717453,0.103435709974323,0.170245586333059,3489.1377880672,1,1
582,-2,-2.11786129275154,2.31871390537698,0.810288353393382,0.986992915326783,1.98629459893671,0.41242445508335,0.0473249727787474,0.0745640173928929,0.0992675436937058,0.163860766012314,3572.48629877701,1,1
583,-2,-1.74056200125151,2.25476870406719,0.856168451587216,0.865017576166819,2.23943105204025,0.32744052001353,0.048849308823319,0.0764087798045362,0.101383606866805,0.163552949944048,3505.56497821982,1,1
584,-2,-2.33094064975573,2.36320198986308,0.708698686869729,0.915193210171227,2.12343958771623,0.408573569342421,0.0472887280199671,0.0749302620499943,0.0983450439346082,0.159684110808319,3515.77948297947,1,1
585,-2,-2.18407844762176,2.20849466885256,0.985575837677975,1.00170201724452,1.99310562020522,0.42120603980046,0.0492800362603827,0.0760395323061221,0.0971430604853978,0.161619250186682,3505.40986799692,1,1
586,-2,-2.01707879321065,2.20823130987097,1.01093599993036,0.929214469250566,2.15238026454769,0.371834759455784,0.0495948593833219,0.077646760957363,0.0992338057004783,0.160699630206139,3525.26219199777,1,1
587,-2,-2.41252996560602,2.26834492880163,0.829441876380984,1.03552559313103,1.82762904045125,0.469421287097571,0.0481906652148748,0.0763382672538879,0.0967080295740255,0.152651362714247,3534.8997431545,1,1
588,-2,-1.47122448441737,2.35495237313314,0.780659132066581,1.12925904845899,1.88617724800437,0.279414268741105,0.0499027569197205,0.0769971236623478,0.0955188806155425,0.160532556637913,3596.16001566628,1,1
589,-2,-1.8895734055648,2.34687107354398,0.760268026148011,0.989771091738461,2.0518915355882,0.34627552125852,0.0482396774677674,0.0772283146246499,0.0981582122145344,0.159228282366726,3559.43842991886,1,1
590,-2,-1.45581886893825,2.30155877746645,0.834175555632683,0.982543203299733,2.13780613195613,0.259010098555828,0.0487613210877955,0.0759171988838683,0.100455114722424,0.162800326829375,3577.15576354641,1,1
591,-2,-2.17323073077303,2.37762766111671,0.665385890043781,0.914479068249779,2.18814358156822,0.396970308166104,0.0478235418685642,0.0759012585202658,0.0999159751708089,0.163912664192994,3539.77948220533,1,1
592,-2,-1.55330959545064,2.27270990588947,0.844766545455404,0.984300645276594,2.09289416276659,0.271641892020966,0.0501816362365691,0.078922333934808,0.101423135863188,0.160286513898039,3564.24673821508,1,1
593,-2,-1.99106024380889,2.31400778822818,0.827090352817911,0.839529813356887,2.16677288348452,0.384608733962493,0.0451331351781771,0.0707828658622841,0.101626655531345,0.165619936437501,3559.85812544429,1,1
594,-2,-2.15127913878143,2.31164691545243,0.797647090385282,1.0937992961292,1.80488180552793,0.409381220723837,0.0479604891316233,0.0762254909621375,0.0963386509303184,0.153377066341162,3586.14478328674,1,1
595,-2,-1.94398492001549,2.27554895705197,0.799285321819629,1.08229600845643,1.77563292816882,0.364605940170918,0.0502722229764959,0.0796488654945384,0.0991303429730027,0.159419720885349,3546.41272469379,1,1
596,-2,-1.73306307674392,2.32883572993733,0.70457377470063,0.984461095896748,2.07214884229537,0.30659786128971,0.0502884847624876,0.0793264739339451,0.103021309543201,0.169611564809077,3505.54169493641,1,1
597,-2,-1.72531852687012,2.36988011562475,0.697831810553247,0.902463486153539,2.32483924895478,0.322302964396084,0.0481718320845874,0.0761078482446193,0.099825176873197,0.166691486322503,3555.0908600737,1,1
598,-2,-2.44023409506683,2.34391090265078,0.723869618064231,1.10525384919067,1.74611631697932,0.470498640884601,0.048976395188222,0.0765803605187877,0.0975601355328372,0.157940700710798,3559.62566097406,1,1
599,-2,-2.0717219452662,2.36641379026272,0.721977196237993,1.01709295717158,2.01010330954412,0.374703810332654,0.048899193019573,0.0770308236809344,0.0984033865308468,0.155760105554603,3567.5191316318,1,1
600,-2,-2.53353600559876,2.23892823490589,0.891822956406914,1.08953741032461,1.76357606413045,0.482584972081966,0.0505199254489571,0.0794623098510337,0.0968561129953806,0.156130107466514,3504.68810730145,1,1
601,-2,-2.71864361957205,2.17412660074884,0.95636859328527,0.990393214135071,1.84297304011282,0.522223914341123,0.0509268470701634,0.0777579113170304,0.100081976820918,0.162085308191551,3488.72064294102,1,1
602,-2,-2.12162889348376,2.27102232077507,0.900205179049161,0.887465298458895,2.22396470987631,0.371238573792174,0.0470474595541708,0.0751695713668443,0.0992376004039544,0.158922992439358,3534.10700012222,1,1
603,-2,-2.3436336735573,2.3314598796111,0.748111832040752,0.906245394511683,2.00562978200675,0.484218888973998,0.0459011618259118,0.0737814148241978,0.099415756324904,0.16127549376899,3541.73675746513,1,1
604,-2,-1.91544736853667,2.30555017502442,0.832354417144925,0.964655894143414,2.08939464758642,0.349364813103861,0.0496677220956677,0.0770750300762112,0.100716562426635,0.157480485921987,3600.76213505224,1,1
605,-2,-2.04742215481803,2.35594046298418,0.742209525037232,1.15313276167568,1.82441800746192,0.363184352607727,0.0488033126840959,0.0756285196546104,0.0935646002964754,0.153870000672314,3591.66620376138,1,1
606,-2,-1.92977107842373,2.28452519186976,0.850691141299493,0.941974648461427,2.12134486360979,0.348595640810114,0.048719110426031,0.0744748333925117,0.0982340270091766,0.160285810896659,3553.53597436273,1,1
607,-2,-2.07705323187066,2.25162905780754,0.863338144417562,0.945064140264962,1.96642076255338,0.39456443782589,0.0479010981239277,0.0754019000770994,0.100129459179657,0.165159999395717,3514.06059766067,1,1
608,-2,-1.43829797333453,2.3488347053575,0.691299233640132,1.01298694870018,1.93916382854805,0.287748472232737,0.0476558560747389,0.0756858468642691,0.102407794810942,0.165336610985421,3575.56573015642,1,1
609,-2,-2.24816145990375,2.34728066681805,0.725431203327465,0.913713809167319,2.09184874376069,0.41958262586329,0.0461125222023814,0.0751135534301196,0.0998502061371314,0.160014331736524,3534.57917857878,1,1
610,-2,-1.88877142100659,2.28827885866518,0.847124972627728,0.862760729722458,2.23844563078376,0.345794359284601,0.046732730310823,0.071921494767633,0.099537392728461,0.166253729868323,3522.1820350263,1,1
611,-2,-1.87996161179032,2.33377405232514,0.760192540626874,0.983294453578829,2.06687749690775,0.357518432070517,0.0494821063185694,0.0769112498601256,0.0968129917645505,0.157855880179526,3560.7320073651,1,1
612,-2,-2.66294312632641,2.31900190583941,0.783015161639066,0.904084661296356,2.05841464661814,0.508070937989344,0.0483820377281853,0.0745239429885284,0.100212191165349,0.160451669249806,3546.43031455047,1,1
613,-2,-1.70221764058377,2.29668993084518,0.806050749402835,1.0218956798376,1.96729997041759,0.331199443967472,0.0490898345673668,0.0754238888804947,0.098489449080884,0.160890328119007,3581.32412840286,1,1
614,-2,-2.13842443121891,2.39612332692722,0.701130891142524,0.7998861419455,2.35913729116499,0.397393471549798,0.0457906724491744,0.072330802837039,0.102060461313955,0.167072978633258,3538.16325281379,1,1
615,-2,-2.70450448919162,2.32730677257737,0.785472857530084,1.16134111045386,1.56825737982671,0.545384281559773,0.0476515875399528,0.0765212089842843,0.0944504165804724,0.149530188100225,3582.22984782534,1,1
616,-2,-1.55315445944642,2.27875247137893,0.878005094899178,0.937961298679401,2.19556986989184,0.283761032457758,0.0486759803740739,0.0760722199428019,0.102136332284001,0.166984841680608,3551.76488039504,1,1
617,-2,-2.19617823252106,2.27553350743064,0.853250623608049,0.947580883495865,2.03076985850795,0.412033671216362,0.0489206701588415,0.0750837750858214,0.0967920060538176,0.153584289219125,3557.62880153739,1,1
618,-2,-1.33875434614623,2.31130794929692,0.80800860441636,0.912211712956901,2.2408524926392,0.254539927374837,0.0479138822533415,0.0738379383888848,0.100203300692586,0.163967061678212,3584.40671097629,1,1
619,-2,-2.42185758027467,2.40440042742338,0.597929906108219,1.03932569101128,1.96383646067336,0.440352563990161,0.0477056839722623,0.0762043650329354,0.097007319844621,0.155971142868876,3542.80235566517,1,1
620,-2,-2.05299243058522,2.31732471248523,0.752810022300041,1.23052258874369,1.58600574545329,0.395939916526867,0.0510113454858427,0.079573457857351,0.0942316809765779,0.15456500956061,3591.89236078344,1,1
621,-2,-2.36958006547696,2.44804754391588,0.605696083596808,0.962797143320913,2.10164213089823,0.447451605239524,0.0450800175937969,0.0723510819576896,0.0953918299743149,0.160399918190562,3534.76245903774,1,1
622,-2,-2.23212767643219,2.3687993721207,0.687693727068818,1.03737355702128,1.86086374676035,0.432787996219292,0.0472201508827378,0.0745615675561483,0.0972507886364881,0.157856901441654,3566.6440882976,1,1
623,-2,-1.7790611815585,2.25805995411664,0.850812625723272,0.988696136326308,2.12812307197626,0.309041293313758,0.0499772850598594,0.0771789434040098,0.0991399889675514,0.162885168693965,3515.14838159903,1,1
624,-2,-1.79005847926818,2.30142414623591,0.83629121026164,0.939304530599265,2.26342516578123,0.319931796065925,0.0486327502751658,0.0761587585907849,0.0975436756586338,0.163076930737928,3506.62661577833,1,1
625,-2,-2.07538154509451,2.35393888261639,0.731863793062675,1.09701362464861,1.83026933631159,0.383107774677429,0.0494459635918867,0.0788974239291348,0.0986702585161659,0.157580656716141,3593.49430398343,1,1
626,-2,-2.51476778695758,2.28371793449083,0.781741657978179,0.967408422427899,1.95693510622587,0.4703651673709,0.0473077725887534,0.0754238971179889,0.0990714048956183,0.157961871641195,3505.75218301129,1,1
627,-2,-2.60124857975316,2.25406393780011,0.917869388692395,1.08954380775281,1.66428139240275,0.540535592528763,0.0470123944958807,0.073809685528182,0.0973303013810482,0.151793604931327,3577.20489703415,1,1
628,-2,-1.84139747770428,2.3007568207965,0.821773419129203,1.04723355075736,1.96234074282917,0.332025770738407,0.0492326796207435,0.0764988263052976,0.0950260826897469,0.154061568553863,3580.84552727144,1,1
629,-2,-2.0667757077123,2.27428737761149,0.853165248168616,1.12487828054919,1.80181317470359,0.405450497457135,0.0505408936959351,0.0790723378250184,0.0930762100281421,0.152399295350912,3587.7166006693,1,1
630,-2,-1.73188589938218,2.34197512681225,0.725665394517413,0.901913115744064,2.17150273968647,0.312715525582011,0.0488190150841042,0.0784782880507424,0.100258331382402,0.162577663496815,3545.67495943411,1,1
631,-2,-1.96869947908295,2.20728773472894,0.941619525362004,0.960615252402301,2.10667781768622,0.349313227296712,0.0492732270590928,0.075979573566485,0.0981215154530899,0.163878095163726,3507.90916870119,1,1
632,-2,-1.64454072476893,2.27501995393966,0.792000348557484,1.01168119446935,2.0533974872976,0.291421812432756,0.0500258289016519,0.0790084532293366,0.101078555842456,0.16313136261603,3530.11339068264,1,1
633,-2,-2.45644903631623,2.29805368535222,0.845591364667485,0.923650740219545,2.05957454306028,0.471264103135659,0.0466056356202897,0.0749674718718868,0.0990353408405429,0.155853243192389,3583.76877448133,1,1
634,-2,-1.90137369237486,2.2461694054877,0.909447456414048,0.859607604245784,2.21030268154172,0.357683265334389,0.0481672812782951,0.0753232892463247,0.101125662446853,0.163960244593444,3536.83822502548,1,1
635,-2,-2.13016504377028,2.32988288645011,0.7299015355649,0.985520206272969,2.0252642803303,0.375104784230092,0.0497364547041158,0.0771684850490403,0.100959832141586,0.164009476852263,3524.46854153555,1,1
636,-2,-1.88394420899463,2.34444525772305,0.727185226856295,0.968747361914117,2.11109428427251,0.323998664146939,0.0491796655517997,0.075989577989182,0.101302083368737,0.164971001209761,3518.86977597973,1,1
637,-2,-2.0823548191001,2.268978099291,0.83124938874656,1.10536405916171,1.86131612752508,0.379675851292327,0.0513702448996909,0.0792998545803699,0.0976223249548669,0.161551923526195,3525.22663504788,1,1
638,-2,-1.62350731181123,2.19172645985944,0.943717836883185,1.0727109858647,2.00767784745655,0.28516961518173,0.0522938568878689,0.0812025827375504,0.0971764850412766,0.16073986659831,3493.07232742346,1,1
639,-2,-2.16680611621076,2.37127677204934,0.627364338989214,0.918044151465741,2.20485694805635,0.376554607183767,0.0474766498531308,0.0768237748362272,0.0963903352228355,0.154756892399727,3518.24796004705,1,1
640,-2,-2.64366976789735,2.33631036365724,0.781412740543935,0.997191375632469,1.95588274823168,0.51830250835454,0.0485482355199524,0.0741857639867258,0.0958620251109239,0.154698648796383,3574.00615573592,1,1
641,-2,-1.79015314308812,2.18187639175673,1.01230912202816,0.989136148679412,1.97591207767974,0.335159645676972,0.0487538003137138,0.0762098460850983,0.101694429157933,0.160483138024428,3587.83281738993,1,1
642,-2,-2.11538023632184,2.25236901339103,0.843801749841583,0.938638201645616,2.03314136273078,0.385604718194484,0.0476415830804808,0.0754986173352214,0.101201290477502,0.161490197677717,3530.99347482075,1,1
643,-2,-1.37355282667452,2.299566661304,0.85327243607867,1.0607003707238,2.00923394111786,0.241704572250985,0.0504575691599488,0.0782201610986714,0.099103726599095,0.157641814011987,3602.53552887239,1,1
644,-2,-1.82352074972467,2.28739831139692,0.82064506433033,0.85306213137639,2.21760075668366,0.349248078678113,0.0496919081756505,0.0773492531161365,0.101270816730612,0.165698577366925,3516.23612427964,1,1
645,-2,-2.0615256095303,2.35659549602725,0.725832679518918,0.920464301683113,2.0915616499857,0.366241434384733,0.0473342700368878,0.0752238593014383,0.10317593134118,0.164165860368691,3562.32317583061,1,1
646,-2,-1.85871897330717,2.29061456588589,0.856368123459793,1.08252585063451,1.92165941039238,0.336031319103658,0.0498010607709522,0.0762301506224843,0.0951930569702318,0.154522485245796,3568.234084587,1,1
647,-2,-1.42931906407548,2.28507025699539,0.796598265768079,1.0802846687154,1.92628406331733,0.274506109686836,0.0518217785162666,0.0803882931447693,0.0988296352968121,0.16216737633377,3552.3464277683,1,1
648,-2,-2.10702514322239,2.21551201750819,0.866651588169501,1.02715343031429,1.88046251726344,0.38864411565585,0.0493031212877561,0.0774349865897941,0.094247723777174,0.154764224164596,3469.99152878493,1,1
649,-2,-2.15262444604825,2.23746213778736,0.914129466525061,1.01508937626169,1.91097739107883,0.42268652116591,0.0493920598297259,0.0770028851001624,0.0955632747351215,0.15261684782308,3551.17931760674,1,1
650,-2,-2.1836685370635,2.39056123259328,0.64243756397821,1.14342262776038,1.72678966187886,0.39513688575153,0.0479188194731334,0.0760185189424222,0.0955165323312396,0.157934114158236,3564.07178496525,1,1
651,-2,-1.92752334676517,2.22031353181811,0.933627687661619,1.00329678798732,1.95251721799849,0.368862134494623,0.0497578379172488,0.0765808013822593,0.0998069522259351,0.162667162598896,3535.40814848789,1,1
652,-2,-1.99462122499353,2.29398556785592,0.804224292305886,0.920790935805738,2.13057134713257,0.371019842335425,0.0471908244179625,0.0740012331592532,0.0993451934452645,0.164092380594613,3526.4749889003,1,1
653,-2,-2.95315338732378,2.27274719500613,0.810924761214457,0.905768585534659,1.96361592902267,0.627195634697651,0.0472185483392577,0.0738000484215985,0.101075138947028,0.158543879374559,3534.13326595909,1,1
654,-2,-2.39310784614331,2.28034282952826,0.834177695916189,0.794848218177173,2.20304276430193,0.464861337976938,0.0446258520785359,0.0719655277978199,0.100675507257589,0.161548789453029,3540.90879786711,1,1
655,-2,-1.33380968263125,2.29874417023275,0.868500308175332,0.890217585761912,2.34401528873301,0.240660697995623,0.0487114066989746,0.0761619462627726,0.101227064969969,0.164104010482042,3574.19765341904,1,1
656,-2,-1.73606869858807,2.24954647436368,0.823780951645614,1.0749834827193,1.67678613318916,0.364838922687489,0.0490595616588412,0.0776700594281097,0.0979060683542369,0.162196136340669,3540.29093214182,1,1
657,-2,-1.83464625546645,2.32256410385981,0.741344539927361,0.928335865788282,2.170724722385,0.342142577705241,0.0480890883495862,0.0771427273666322,0.0985660407715545,0.161378012005289,3539.14902318329,1,1
658,-2,-2.30823975114402,2.21957766422294,0.915986154854745,1.10883192192275,1.80449848027513,0.42927480174899,0.050894654156271,0.0780593620913382,0.0965304065607112,0.156642550714037,3520.45823740678,1,1
659,-2,-1.47417175998298,2.32883968658523,0.773347708254765,1.03415802904487,2.14844170537104,0.26267252349525,0.0510847652964532,0.078412919197371,0.10090851494523,0.157956583464217,3600.90313694324,1,1
660,-2,-2.34179642327316,2.30714008723869,0.856415410953747,1.03531736617337,1.99906572386903,0.430470956502391,0.050347771316112,0.0793696880383519,0.0980989066299642,0.160239547459589,3585.45068305522,1,1
661,-2,-1.88142220342151,2.29372504250007,0.794958298472696,1.10719746314021,1.86828245637437,0.328359549055867,0.0500135941007737,0.0779787837372876,0.0955470426831182,0.152512146441887,3543.59683016281,1,1
662,-2,-1.65362807699296,2.29120961065174,0.818391771517745,0.997307015310503,2.07804294349676,0.305336649501236,0.0472926228498936,0.0757405329781361,0.0986873811304175,0.163240463175735,3536.86397186271,1,1
663,-2,-1.90325525327458,2.23874859338339,0.934212545752314,1.03320109530125,1.9745994385778,0.349624905417991,0.0492753495290465,0.0768750487985363,0.0954051192217416,0.162854269735769,3505.61921347566,1,1
664,-2,-1.98745774861747,2.3613153345784,0.766253442997862,0.997422293715022,2.08260452719955,0.366899364617756,0.0471350862477327,0.0739813708765356,0.0991623751007089,0.162698219528623,3562.90677006262,1,1
665,-2,-2.06769895840908,2.31326490689677,0.74627818387503,1.11427609973613,1.79491359735538,0.37028846833967,0.0498788325945549,0.0778962312320225,0.0969518706550557,0.157130737333908,3575.95759370268,1,1
666,-2,-2.16235138051306,2.31193645584938,0.779363406574525,1.0084013316077,1.95292378452021,0.394407780591064,0.0483343337158702,0.0762989282250422,0.100730463591453,0.162424815161556,3542.98045895871,1,1
667,-2,-1.80725749789756,2.2752063120254,0.794248623832874,0.913251666304917,2.06994461452135,0.354340670475634,0.0490880352537283,0.0749901296809297,0.102453571694843,0.170802511798418,3534.93336667589,1,1
668,-2,-2.17455302655141,2.3435611380486,0.727383136340699,0.862338298184362,2.0851461493858,0.424317995452288,0.0447139283981061,0.0712207396961769,0.100295428411179,0.165306104241026,3521.66485992598,1,1
669,-2,-2.01966284506589,2.35980338088562,0.63433970460009,1.0014040388134,2.03994708124585,0.355715496799741,0.0478264449581216,0.0784638587231655,0.100191659412444,0.157881477997549,3537.55933407233,1,1
670,-2,-2.40751965643485,2.26492883870619,0.83081545726449,0.795951433756137,2.29717304922373,0.453983885507505,0.0474236970746561,0.0731534045308228,0.102352729575823,0.167030355888617,3467.20175894907,1,1
671,-2,-2.00440638900509,2.25192402958816,0.909997330545028,0.870912326825595,2.13462873785988,0.383292014501758,0.0463273826385258,0.072968931255303,0.100070002273744,0.160465745010916,3550.37150214268,1,1
672,-2,-2.642223537715,2.2328341240052,0.880531709832222,1.16356489369571,1.63575591090066,0.501251212423126,0.0480627279730846,0.0770729661086231,0.092880495532559,0.150725499555012,3513.52443172232,1,1
673,-2,-1.58230953555889,2.30147458416911,0.826656680503313,0.838545698394017,2.3617208400147,0.278925870761874,0.0491014967773842,0.0773592274167502,0.102716564592088,0.171147600737405,3497.80477881145,1,1
674,-2,-1.70494347117812,2.37270307890669,0.750650820543749,1.15722764628784,1.89017169521244,0.309427169226823,0.0510190981871453,0.0779820612823421,0.0997343154761995,0.164927077546005,3626.60210845376,1,1
675,-2,-1.71290855385099,2.28132782087028,0.803576565381897,1.11632849801081,1.88385402158559,0.327736797418659,0.0487189809611822,0.0777337960462241,0.094650807245365,0.161538299812061,3533.002118392,1,1
676,-2,-1.93544460567883,2.29328230467705,0.801278132265224,0.674191745795571,2.62169559259795,0.320305269123292,0.0477838309954792,0.07492682466563,0.10713451712703,0.171562139964576,3483.10944433531,1,1
677,-2,-1.82868504822924,2.27843759389028,0.832828681501263,0.934899308284412,2.12308285154186,0.335238509438815,0.0484937880646078,0.0749668538475709,0.102255199391986,0.16248566149358,3549.59918946132,1,1
678,-2,-2.01119833971009,2.19065224887244,0.912729645180062,1.05456943060727,1.92932073472197,0.381002205334649,0.051606814673097,0.0807958383401925,0.09861965279638,0.165406056403435,3508.71881657182,1,1
679,-2,-1.92563925136251,2.27005355077654,0.755270206201292,0.850330057094947,2.12476574798028,0.366453267589626,0.0482156477399181,0.0753691550995842,0.0991614980829392,0.160817565404856,3493.82682188411,1,1
680,-2,-1.673710115342,2.25569550144996,0.85688308940362,1.00822412632729,2.10909471859276,0.299727483274088,0.0491384440060408,0.0775754620258665,0.0961648324454645,0.15785656290598,3529.04412546487,1,1
681,-2,-1.94607157309355,2.24570844212561,0.892488318207336,1.08827814360441,1.80439502730889,0.356764520994356,0.0496465203167581,0.0769857222355545,0.0995775258130333,0.157105929680952,3572.2597938932,1,1
682,-2,-1.93313889388866,2.23372192343428,0.903428365221313,0.899592933175463,2.10375240187374,0.376199061586395,0.0468705951429324,0.0732264517071265,0.100191776517522,0.167397992669091,3480.8902828692,1,1
683,-2,-2.20797768583408,2.24479687893927,0.786947375380888,0.890264944709119,2.16324942316776,0.398936696752917,0.0501730759383119,0.0789687322847238,0.0993674604891725,0.158406135803821,3493.22206861625,1,1
684,-2,-2.15796810057076,2.32024817936058,0.780258451220324,1.14818768528835,1.852292316365,0.40079287297592,0.0481712713958085,0.0771136244268252,0.091707906654599,0.152534356505287,3563.88779442386,1,1
685,-2,-2.42125642257069,2.30586011831369,0.778952797428096,0.942484768533447,1.93912090951085,0.474495538960479,0.0472493348665385,0.0750548358907196,0.0990525006498979,0.160913961260847,3534.60701759032,1,1
686,-2,-1.8320247879461,2.2714079765296,0.821565332407997,1.0372333223941,1.97717876565847,0.322546523978944,0.0501163230795137,0.0789988524782329,0.0978745110382883,0.159644170709937,3529.51077230377,1,1
687,-2,-1.84887773008154,2.34656064387361,0.748547670027669,0.893774860181582,2.17089153671687,0.336606131160164,0.047585306260806,0.0736963887131173,0.101021390534272,0.162371919419568,3585.19977728279,1,1
688,-2,-1.86430690987127,2.32589589994722,0.782818018493185,1.17266252446724,1.66991315761905,0.354427911828276,0.0491520962732853,0.0777491916264725,0.097035230876521,0.1576479218259,3589.48371847748,1,1
689,-2,-2.34361302237567,2.24636527571539,0.836261516069179,1.08683504941048,1.88316730849292,0.412095441632263,0.0520869622876299,0.0802905206337324,0.0949786916522612,0.156849709370419,3503.12780175988,1,1
690,-2,-2.17819811959254,2.35026484358401,0.750898715848708,1.11651462120246,1.75196450241163,0.419527234435039,0.0496612942670098,0.0795981026476157,0.0975297622890576,0.15526675768294,3591.64259772879,1,1
691,-2,-1.88989555971399,2.26148727258676,0.874950141755992,0.958985358229134,2.02290428085568,0.371019153695557,0.0477704175517112,0.0732594298832459,0.0974239138768532,0.161974577598527,3535.76539474,1,1
692,-2,-2.45816647159156,2.31780465942711,0.757624728867655,0.949516117248867,2.00409768747893,0.470062119897309,0.0474455307569441,0.0747818006097086,0.100203396118896,0.163152801136709,3528.79644506813,1,1
693,-2,-2.11051280852269,2.33250736862814,0.73222936996378,0.984436338113774,2.05842326294091,0.370236804922268,0.0495559745903809,0.0782330445156068,0.0975807578787186,0.15596665595555,3529.8602700673,1,1
694,-2,-2.04860110143179,2.24560723425607,0.877442945707234,0.922396006921378,2.00167247900814,0.400736312080166,0.0482950006571872,0.074716611908179,0.1035374348786,0.172302443908434,3504.24579822335,1,1
695,-2,-1.63840416571658,2.19487867322477,0.941080313043012,1.06168803586504,1.93431697052662,0.304334609357296,0.051018432182725,0.0782724099922207,0.0953515784527358,0.158471758791301,3514.43134601433,1,1
696,-2,-2.03767717363167,2.25353119513406,0.855047799931966,0.962939798214045,2.11356814538714,0.361734177301631,0.0504366740235326,0.0778570218443463,0.100720379313594,0.16678321249782,3494.03022990234,1,1
697,-2,-1.65005641950918,2.42962782618473,0.603779272123386,1.04216488095056,2.01500555709103,0.293829848445308,0.0485474307740116,0.0796402699200573,0.0967392579730389,0.156637511758741,3571.27907368731,1,1
698,-2,-2.09346835425735,2.24061935784815,0.874628647054064,1.13807972331947,1.77302642008219,0.372741722133496,0.050208615308013,0.0803903899532063,0.0955708252565991,0.153054880487093,3521.99850111331,1,1
699,-2,-2.16724874633812,2.31204300711923,0.775313096139938,0.972868644356998,1.92515048099798,0.419945052734375,0.0470339265403875,0.0746115978844177,0.10017128109773,0.166713568857381,3524.86355180923,1,1
700,-2,-2.13886394839192,2.37659529455413,0.748343922944897,0.870400626330947,2.24298094734317,0.39698361026457,0.0453751029551988,0.0729605612302117,0.102541828403455,0.170350727247714,3546.43178898055,1,1
701,-2,-1.53928452233463,2.34637975233976,0.759974270517898,0.911828358298229,2.290450536293,0.257059532176604,0.0484392953142339,0.0768138833526125,0.101398799619605,0.164079888956964,3538.41427270472,1,1
702,-2,-2.31471745355243,2.31245055944586,0.761171281132084,1.11504776637543,1.7556497021482,0.4328302216749,0.0487834440491624,0.0777320417004991,0.0953238162660912,0.157346000031435,3570.65871732774,1,1
703,-2,-1.57205372907531,2.30322042885562,0.808686665354694,0.965694629525804,2.035842674641,0.303528908106199,0.0475314223461451,0.0756890986706388,0.100995617720291,0.164945121362706,3564.2180425503,1,1
704,-2,-2.00783471250867,2.34461955749439,0.722732247535077,0.993739924444046,2.02030394433417,0.350472929782291,0.0486772923028099,0.0789215119883452,0.0994649179971841,0.157258965288459,3532.21531150803,1,1
705,-2,-2.48106184900508,2.27227594538228,0.844228370110758,0.962736181691717,2.02509174317819,0.453823010293949,0.0510600391889432,0.0770759010108018,0.0983329187508095,0.15630346612907,3524.08657284724,1,1
706,-2,-1.78192551019604,2.32654132023395,0.786602706821274,0.929382790691567,2.13558963985159,0.324837253853615,0.0470831845341184,0.0746424888533311,0.100062080245593,0.163020616269048,3540.26159393117,1,1
707,-2,-1.84254689473828,2.31277516457365,0.799082050768001,1.08805946705687,1.95456787879496,0.324118487761894,0.0502175559193834,0.0785615955890269,0.0959994139329296,0.159006881562044,3532.12110141361,1,1
708,-2,-1.67429853555226,2.29402685311583,0.775795114208496,0.904662659368053,2.15060249774587,0.309513739397017,0.0478646179618979,0.0750538551856863,0.100492424984211,0.163666094389875,3517.41062128762,1,1
709,-2,-2.3967443365649,2.34198097919129,0.71222430130652,0.793215258593278,2.21782573044663,0.456939936787573,0.0459500370054722,0.0726942608869778,0.101668116390802,0.166573271697987,3518.67069322376,1,1
710,-2,-2.07653773370106,2.19886674785114,0.948600613260285,0.973434406814874,2.08120031104924,0.364246152397831,0.0502770137077389,0.0771882069797642,0.101457019451009,0.164631821116624,3526.42419994198,1,1
711,-2,-1.73165091715691,2.41021849063014,0.675451805779966,1.05016743147634,2.01394622121101,0.310215377070734,0.048064230109199,0.0763452807021237,0.0972089380594069,0.162215638255796,3583.1915063851,1,1
712,-2,-1.66257354952232,2.30681054417194,0.788435162457477,0.941995044740373,2.14617488945239,0.297141637541517,0.0487978094888527,0.0757566176595329,0.102025127072696,0.166281831121387,3545.49014073024,1,1
713,-2,-2.14913842066063,2.32925343407085,0.8006105957421,0.969692262777308,1.84858594519475,0.483228637905076,0.044441930937567,0.0711241135983832,0.0970029747855505,0.163963681133927,3543.9837813631,1,1
714,-2,-1.78457987001798,2.24116736700885,0.914243608543486,0.933801092465166,2.16247504775754,0.32511704623712,0.0509884676917131,0.0762982764275826,0.104098131297681,0.168741810007036,3523.14321176014,1,1
715,-2,-2.01316755202347,2.28919262130891,0.825297997433447,0.837423373189488,2.26265935505778,0.364345396714219,0.0479253205770032,0.0731461581835808,0.0996742866897396,0.163548886744937,3502.00529763799,1,1
716,-2,-1.60620028756365,2.30129964539576,0.75413871866901,1.04221984827533,1.85190478517969,0.315032333807996,0.049678086427225,0.0775281313204987,0.102882839099615,0.160259567476418,3586.15854588579,1,1
717,-2,-1.94411380851147,2.29211354692364,0.808176829981396,0.993135544018477,2.02302377003703,0.347899922680698,0.0481587206443024,0.0758383333996477,0.09905499860189,0.160273086008974,3545.3977598605,1,1
718,-2,-2.17785772563628,2.33373081877582,0.789793323517843,1.11052198142608,1.79752490973674,0.403242761924324,0.0499220351787249,0.0778708033140176,0.0959274284318757,0.154130038233322,3595.66712119528,1,1
719,-2,-1.93067083316304,2.33604571737165,0.733253934246127,1.07443767128735,1.81840100722984,0.403492347967782,0.0488456273384555,0.0752531513366722,0.0951951097323625,0.154223207656082,3599.51495494709,1,1
720,-2,-1.79865287565555,2.32983728531422,0.757169110342211,0.935464406087173,2.00992206521789,0.368211399953258,0.0461351544033963,0.073059401834467,0.0999920807592248,0.163226125842855,3556.97616012685,1,1
721,-2,-2.48890814884411,2.30187106995468,0.802191708023283,1.03203051117126,1.91393933761635,0.469732942381513,0.0488529689700394,0.077003598208712,0.0962353857364383,0.156683366924122,3545.06480117921,1,1
722,-2,-2.10575431453046,2.35821844628457,0.72835537541435,1.00646981777885,1.96720134002508,0.371279074962677,0.0480057908194443,0.0749928980028269,0.100883890451586,0.157456341178063,3583.29921001508,1,1
723,-2,-1.81213554989638,2.2502852401464,0.895937402239461,1.22129798050565,1.72989979174888,0.320816726375673,0.0501776575237365,0.0777281741900813,0.093530688126596,0.150601443130869,3566.14471432866,1,1
724,-2,-1.87939988464649,2.39802808748157,0.718481802866569,0.933701104944337,2.0797750474847,0.389282703632719,0.0455773283739593,0.0723250579933529,0.0999973009721562,0.167542674714132,3599.25342567688,1,1
725,-2,-1.76610557403038,2.27834628469184,0.837713172979324,0.98460769544502,1.9834621935206,0.33694476107093,0.0500679872958334,0.078193578318943,0.10024372754941,0.157914669125002,3563.85457480765,1,1
726,-2,-1.44864093876781,2.27553993772946,0.805356914123731,1.03767119151941,1.91225445146233,0.29228951194578,0.0481680986897718,0.0747767380058956,0.0997490970001418,0.164665388463785,3565.34627168448,1,1
727,-2,-2.32458493100896,2.2810402933467,0.834563723765828,0.918294421320007,2.1365546469995,0.412445350624294,0.0483008230365622,0.0756236679869399,0.0981143827785993,0.160308226202922,3503.74229157214,1,1
728,-2,-2.45849806583515,2.29734932050863,0.785589132283614,0.847343911894771,2.18897347364583,0.455982967026095,0.0476169980780783,0.0756749094261952,0.101332464449616,0.166128497032057,3511.82369395448,1,1
729,-2,-1.94243490113332,2.26994650745514,0.846856002110034,0.852290899437491,2.22862006935669,0.357558663834988,0.0477836547558049,0.0742061483221179,0.10538035931995,0.166637284894739,3558.98968474537,1,1
730,-2,-1.99694211977582,2.35677839096389,0.713129096510425,0.974987029735441,2.06000802977846,0.36638745226461,0.0471879660585371,0.0748424460080011,0.0988514311971078,0.162203937997196,3553.79906877863,1,1
731,-2,-1.77785501943323,2.31807695947415,0.767016963223451,1.1885684967436,1.78328204965714,0.333528768591655,0.0492516732488893,0.0794228302584232,0.0931175953162536,0.155965100904359,3561.20761953819,1,1
732,-2,-2.51868980739999,2.39829172188702,0.685011947931163,0.949342828808125,2.0122753633933,0.465975534735278,0.0480287281755564,0.0754364021813113,0.09945264784744,0.161066298438458,3573.27720380585,1,1
733,-2,-2.82192663774224,2.24817074216159,0.876440238281779,0.908137731564126,1.95156465660392,0.583994007520829,0.0472814855782434,0.0737225912629797,0.100535730720309,0.158862619979383,3522.23629455074,1,1
734,-2,-2.13489313699169,2.33706964215377,0.761403937389442,1.05545768120262,1.89652640028986,0.404325191544026,0.0473621581153156,0.074083787264695,0.0979575920523038,0.156438068040133,3586.55836711993,1,1
735,-2,-1.92271959039033,2.20451942097819,0.967937032989651,0.989023152504959,1.94680168996778,0.362495169334506,0.0488477176217244,0.076029536437008,0.0996118119028461,0.159713461248631,3547.38017713704,1,1
736,-2,-2.23649235692866,2.32181583358943,0.789833233128528,0.894375734563126,2.17945320830014,0.421168330986024,0.0472232948709136,0.0744314631260264,0.0996475425269496,0.161290139247836,3556.39943268956,1,1
737,-2,-1.75928711565328,2.35084784827779,0.701528932267721,1.01560822925534,2.05159226063195,0.325155846732897,0.0476886057689398,0.0749436801588994,0.0968866760226818,0.157700458369837,3547.08478571282,1,1
738,-2,-1.69747080907607,2.26485179599539,0.850795973324907,1.10613383013163,1.80630917065151,0.329404578773536,0.0479442733429645,0.0768479557334526,0.0961182371005657,0.157302249721489,3569.69881101078,1,1
739,-2,-1.58807537051815,2.26817659153195,0.831873284981813,1.03872568612227,2.02638781030237,0.286150793566915,0.0500371376354445,0.0786751320575392,0.0970204856492072,0.161310573121718,3509.90823165306,1,1
740,-2,-1.57083411664842,2.30266593189172,0.778921578300531,0.958374226073733,2.12182920220428,0.28428323644439,0.0487877532381734,0.0762295917172513,0.102725526099999,0.169131091402013,3541.19699913323,1,1
741,-2,-2.10644660440646,2.33780384300222,0.755691439900203,1.07692722665101,1.81538457674289,0.41766179236088,0.0487872049763672,0.0776116095145796,0.0977916042067304,0.159330946601954,3582.18967657051,1,1
742,-2,-1.3538623482557,2.29205263906297,0.799864498087816,0.817936970270039,2.34225408055605,0.251565147386383,0.0472070642494529,0.0743587282684287,0.105833107665117,0.175575257095325,3512.06365327156,1,1
743,-2,-2.03877306910108,2.32690337771555,0.766505428730698,1.08727521532489,1.95254573804708,0.372387264559439,0.0486401288564273,0.0765818113584777,0.0941603028116161,0.15293638641132,3547.74132306791,1,1
744,-2,-2.44112755551614,2.36109896879834,0.654971553491944,0.950796554186041,1.97726370199993,0.470237085915644,0.0466894818575582,0.0751490392919305,0.0969176439964243,0.162139998691035,3485.14263881467,1,1
745,-2,-2.1602931839699,2.30037344549289,0.789441099582794,1.12622244812564,1.80213014698641,0.401043633533829,0.0499921635150136,0.0788764330708345,0.0948745945852331,0.153983045585609,3546.62690629054,1,1
746,-2,-1.93303544287124,2.18993299774435,0.989400484565013,0.865092912109599,2.23826328491189,0.35652104847275,0.0491877422527602,0.0747197869886761,0.100260546828211,0.165223871782861,3498.81933461222,1,1
747,-2,-1.6726950129126,2.33101572194125,0.773086326333401,1.00510566134365,2.077640832939,0.284567463673037,0.0499278500693058,0.0785050424259047,0.103228809213087,0.167467193870568,3570.694601136,1,1
748,-2,-2.27535820211965,2.24386163873727,0.845170578176813,0.950506573535217,1.94720397787294,0.450047647274702,0.0490467826730117,0.0760352678237342,0.0979233449808809,0.159211931743728,3526.30371022682,1,1
749,-2,-2.40323543031163,2.28979080442313,0.783851067192842,0.936557059750785,2.06576174306852,0.436378514621222,0.047841777076731,0.0765300393942597,0.101528618380477,0.161763469632828,3507.7343287579,1,1
750,-2,-1.80831005298312,2.46239707190969,0.538622515083956,0.960202065409021,2.05125465627177,0.339422429402769,0.0462308670707067,0.0750574016397737,0.0983373826113066,0.164640649205869,3556.36442139794,1,1
751,-2,-1.24624042117919,2.36316549139866,0.674018908014081,1.05199976256248,2.09309935553617,0.227143913331749,0.0490224519069859,0.0777591275229915,0.0991127371194609,0.159858544158084,3590.46235374694,1,1
752,-2,-2.48749064590373,2.27042411814146,0.864109386146726,0.955956191784811,2.038238616449,0.447818838027252,0.047772988178836,0.0753446383195022,0.0967083264224559,0.156571922515052,3514.71795896338,1,1
753,-2,-2.72298274821721,2.29644132769512,0.812864236072222,1.05775685269701,1.85319478620301,0.495596362169038,0.0497235502171551,0.0763549567326247,0.0978237382006838,0.152214247935272,3565.36729804177,1,1
754,-2,-2.50764782792952,2.31526008343267,0.769346250588222,1.01048499472574,1.93990031581505,0.476058060015528,0.0470499795664201,0.0730633124422499,0.095726993441661,0.157972209556497,3534.25391801123,1,1
755,-2,-1.68192086233019,2.24813677968592,0.910947550983427,0.800565872562972,2.38760897619966,0.30100654307436,0.0492981532543719,0.0757640818709111,0.108883586312324,0.180702476680208,3485.02444081318,1,1
756,-2,-3.23350012680105,2.33289742095445,0.764004708816107,1.12097261611224,1.67634844187654,0.632386367277539,0.048001212417368,0.0759703160724115,0.0966529339236185,0.155776545360824,3539.42926877611,1,1
757,-2,-2.28553164248658,2.33116832490045,0.742482759551738,1.03245142957963,1.95329363074444,0.411098291524201,0.0481013319933952,0.0784721444810635,0.0996555370836764,0.15790917747323,3543.3257063894,1,1
758,-2,-1.57045714224645,2.30773502545799,0.749716872585351,1.08635580764742,1.98511157848309,0.264872708500014,0.0517551888471039,0.0802020241570266,0.0980208710257284,0.154450229611221,3559.75571390971,1,1
759,-2,-2.08421146120275,2.25110519466626,0.920416913065462,0.963024468579939,2.09488321350673,0.389094632952188,0.0501196759725476,0.0770673367019303,0.0999127219461617,0.161782935019314,3557.24709303125,1,1
760,-2,-2.62682417948356,2.26676716428685,0.824984169493337,1.11296808966552,1.77755114171715,0.508647622706003,0.0501961552923621,0.0783282673294108,0.0939895922217843,0.150462950572871,3529.74925166942,1,1
761,-2,-1.31274214081928,2.27795810453606,0.781991124625294,0.942641359673976,2.2734878637803,0.24116326111561,0.0480807390430416,0.0772358636669336,0.0993798291530356,0.171395742761078,3504.97143145202,1,1
762,-2,-1.87787718576982,2.298208691929,0.778734159309208,0.972073291761889,2.09192472378948,0.33885222257689,0.0476651616351082,0.0751247974304538,0.10042375921832,0.160620887544837,3564.60351293305,1,1
763,-2,-3.22571696962554,2.3256442667591,0.7186184271603,0.925550391822756,1.89752090031557,0.679204562280391,0.0456204868298563,0.0730888469965624,0.0972015873725467,0.158627708212083,3500.84246898389,1,1
764,-2,-2.24433498060566,2.33616218570473,0.70981792236305,1.09107123895311,1.8312568052576,0.424102089176751,0.048653333440768,0.0772261806426365,0.0917348243186822,0.152818789369558,3545.77558727053,1,1
765,-2,-2.04802347699299,2.29317911712587,0.736773269391522,0.909081218997529,2.06329274022317,0.381967325103186,0.0477446179082418,0.0763439548699613,0.100838303130725,0.159880571343669,3522.36781907772,1,1
766,-2,-1.4945203641631,2.28742605104173,0.813694953114932,0.776577744118534,2.45142146840035,0.264170754335124,0.047798915685057,0.0737248598536109,0.105569378561189,0.171507930259983,3543.62702109412,1,1
767,-2,-2.30890098787254,2.28249515974408,0.858047535125887,0.934976042710198,2.06192077280755,0.41511867899995,0.0482698806384014,0.0746130569336847,0.100196839513524,0.161678046465393,3503.27247535455,1,1
768,-2,-1.70316545361354,2.34118389273989,0.808934652322949,0.960446831718135,2.03830947053468,0.330960040154186,0.0475289569848245,0.0741771922754523,0.0984222386062133,0.162419652065365,3602.73104938603,1,1
769,-2,-2.44137523245363,2.3029794801162,0.766440831876154,0.926743338197645,2.03644964339444,0.472704140412533,0.0483919056257509,0.076145323898192,0.0971228054203174,0.158097570212494,3499.73082753685,1,1
770,-2,-2.38737422296148,2.30989799222891,0.778998593801014,0.955966590139416,2.02762652719194,0.431487972725702,0.0486434673799351,0.0755810107097825,0.0981196271130565,0.158530263957786,3525.34891252261,1,1
771,-2,-1.78604637937331,2.20223713578853,0.928078969250293,0.880114875919949,2.33425707063006,0.305511243093895,0.0506315373795434,0.0770599599812553,0.0993861247504526,0.163395603337105,3511.03930094631,1,1
772,-2,-2.2225921844388,2.33162992825018,0.784624162194343,0.987499384004199,2.10269453898779,0.384757593871355,0.0485159118192846,0.077393057621662,0.0984864645795971,0.161468696243782,3518.68308277734,1,1
773,-2,-1.78304820507549,2.26701373416008,0.865404934721847,1.04789065785917,1.96329435699961,0.336043117257037,0.049639843333146,0.0788393675250865,0.0976255302261917,0.161182765785218,3551.60778725183,1,1
774,-2,-1.99158121971757,2.32067035859973,0.745351709247614,0.987775803254371,1.99815726790584,0.362792958777285,0.0480284335870938,0.074350658855502,0.0999483075175676,0.161168031015669,3541.59895380459,1,1
775,-2,-1.60951626604637,2.25010572845044,0.835132484974767,0.992596518144216,2.12752718219146,0.278901877406069,0.0494060549272668,0.077707219789306,0.0978860575397472,0.159306081317251,3492.51337432989,1,1
776,-2,-2.15158774912842,2.37284479365525,0.705848645037791,0.991733787999862,1.96240642349864,0.442148209911916,0.0465662645868428,0.0734102577820634,0.0974177206177432,0.166183657941033,3538.09484403776,1,1
777,-2,-1.94791850748465,2.35170227116252,0.717843216197496,0.863799394441867,2.17728125289426,0.364513209611076,0.0453660145822429,0.0736814810036653,0.0991703214622026,0.164234722280744,3528.43707346938,1,1
778,-2,-1.97351459092252,2.26392056736054,0.863282693265917,1.1475246936279,1.77705558066412,0.349130315018273,0.0508140773421813,0.0800824985340128,0.0986796868009982,0.157673136404163,3559.58180219311,1,1
779,-2,-1.76205809086232,2.25478466339628,0.913641300703088,1.07588698813401,1.89400933447667,0.33381633519415,0.0495701977948778,0.0753760879105207,0.094329164555283,0.158326001391589,3580.49940641618,1,1
780,-2,-1.91316605642927,2.28265702230004,0.8654656142903,1.12127297332421,1.80509874942314,0.350194472256547,0.0494216296554017,0.0783713168037564,0.0960119533555425,0.153987614383236,3578.61220654487,1,1
781,-2,-1.89024154704814,2.3165774210667,0.804249058099125,0.994549945171868,1.98669934199432,0.346134601932579,0.0474969623599127,0.0748529375842153,0.0982427214790274,0.159294371840289,3570.17679708353,1,1
782,-2,-2.00926480284223,2.27859482089022,0.812641889563623,0.942587804324037,2.04469483806594,0.370644043588998,0.0496519033121437,0.0776609131794798,0.101633621708756,0.161995430034988,3543.19167433096,1,1
783,-2,-1.75932639726843,2.33996425388408,0.730055564078018,1.15276137968948,1.75377753031254,0.315625302838089,0.049051454429911,0.0777563575386658,0.0969897902060681,0.160683286061597,3558.54126146551,1,1
784,-2,-1.53247402246837,2.41401549696803,0.648948365821152,1.01518510005197,2.10862076349415,0.28535983422403,0.04838658241077,0.0760149240339874,0.101291022099068,0.163249551168686,3611.93505776871,1,1
785,-2,-1.5976775414015,2.22829615644915,0.905604828487398,1.11519164312756,1.93459487933432,0.295784942345034,0.0513232460351164,0.0780948401051202,0.095665981632439,0.154689129407053,3558.86258874714,1,1
786,-2,-1.57888017620165,2.37314559509604,0.724071484773452,1.08785816853648,1.95360878990926,0.294138627350148,0.0489151507845466,0.0766095734131735,0.0976757259633336,0.16110779230602,3603.80653177846,1,1
787,-2,-1.48744247566292,2.26837042048868,0.862172426658202,0.999716994204249,2.14445355104371,0.25669587403177,0.0490200939868206,0.0762177408769242,0.0989559802380484,0.158779189851294,3554.15564595106,1,1
788,-2,-2.30135023226481,2.27264068912382,0.881224396145966,1.03507688276711,1.88563627327247,0.43909784465627,0.0491480910939148,0.0752454235865234,0.0971935595617164,0.159735693534185,3564.02866197042,1,1
789,-2,-2.273699245997,2.21525381656514,0.899811061268121,1.02158112443313,1.90162973495022,0.439165718993159,0.0493693857111724,0.0772626069796901,0.0969674869455275,0.157456626303204,3528.84184459272,1,1
790,-2,-2.10922099195086,2.32703483795795,0.827722363617873,0.990156490084176,2.01001275418801,0.389374033775403,0.0479977981545056,0.0754096551133202,0.101653124686991,0.162651367449745,3574.731147814,1,1
791,-2,-2.47605973032735,2.33790666079736,0.729381014117254,0.968899390065089,1.94497066976395,0.468382193353051,0.0476577968985408,0.0769084297677503,0.0998332190026337,0.164176518833968,3500.73001025643,1,1
792,-2,-1.51607977315454,2.34261201847403,0.729505472265103,1.02744128355847,2.02182788159304,0.274220686756463,0.04852013576036,0.0777716240100734,0.100493761202044,0.160862369445003,3580.3226358319,1,1
793,-2,-2.44708200400755,2.29892332142518,0.849072541805852,0.970499447734396,1.95668208758789,0.469931973401942,0.0484908694281808,0.0754744602460266,0.096890032728214,0.154810292111064,3541.13891592416,1,1
794,-2,-2.55535778100337,2.31689969265381,0.700984413505684,0.99951629388131,1.98637518720041,0.457976405779695,0.050000365894306,0.0788721671308534,0.0966025571144656,0.157272705094079,3531.83817200696,1,1
795,-2,-2.10799232059979,2.2707928791757,0.87574548304872,0.922588756795147,1.95395654384389,0.413848045010471,0.0462134222188825,0.0738466727107981,0.099463550014626,0.157605891220201,3548.26456246494,1,1
796,-2,-1.74673628605167,2.27677146599726,0.861343825997517,0.869809564810038,2.10619180474358,0.340948839006491,0.0456657409329996,0.0723282343745933,0.101852657606223,0.171426839197516,3524.36546621173,1,1
797,-2,-1.87975882287305,2.30585521482758,0.789294544741814,1.08376216662713,1.82285768545786,0.373353894146532,0.0483338334679068,0.0767883992166593,0.0971992078329061,0.160864138638587,3562.96258818276,1,1
798,-2,-2.02581161854349,2.30798450733706,0.825127252591009,0.918052367787151,2.15754157673255,0.362332235792437,0.0487690221242943,0.0760945960749146,0.0998399598478115,0.161851668396641,3533.35064047462,1,1
799,-2,-1.73762248187192,2.25053763554421,0.920295488718516,1.24865955757275,1.74940616020572,0.304039360812745,0.0514835443789009,0.0796620897331171,0.0920347881614754,0.153933591443098,3559.29926231122,1,1
800,-2,-1.85853131391354,2.30490582878433,0.792567522761497,0.944643394855342,2.0299338591707,0.352746919687633,0.0464155399671787,0.0739737904353524,0.100653691212201,0.16389666866756,3543.9647620895,1,1
801,-2,-2.1264621877383,2.27048477263227,0.787463894419136,0.85716964509154,2.15029383868108,0.394121684365004,0.046418734919279,0.0741236400207961,0.102938401733276,0.167033063747635,3495.43698689035,1,1
802,-2,-2.42002041588185,2.37224113874566,0.642633208017811,0.787216127650844,2.22301502783551,0.458178415704246,0.0455424755133248,0.073553585069518,0.0987795096735296,0.159709745044197,3491.23046653435,1,1
803,-2,-3.26527822827486,2.29675015399434,0.800982666613217,0.938081949979181,1.92876567262887,0.685424451212613,0.0482912977519104,0.0757413611694485,0.0986352309620393,0.158573646384092,3495.58547002249,1,1
804,-2,-2.26973563340344,2.33110845327679,0.765119826181531,1.00750152054902,2.01097191244477,0.383792830522769,0.0480616693130649,0.0753591177249721,0.099263275490272,0.157484087799926,3548.62941558487,1,1
805,-2,-2.69181762273109,2.26964145875511,0.823347877256449,0.906154908523673,2.04232908299547,0.526241804568404,0.047304148430037,0.0735124970825502,0.0966137466047749,0.158546212885082,3475.01515535493,1,1
806,-2,-1.46225852764278,2.27171083815026,0.806003796913842,1.10463408350893,1.98735984821458,0.273392672882411,0.0515408099406351,0.080080189123167,0.0966416905722124,0.161012393594101,3514.59604842707,1,1
807,-2,-1.88230286043435,2.35043672069626,0.815879843798622,0.989134491658649,2.08884525766445,0.311973633633132,0.0499280080982286,0.0771903906574042,0.101555218721092,0.161223953941668,3556.10798181216,1,1
808,-2,-1.80689069477937,2.29063892146558,0.894249176638865,0.717648252154414,2.41903029431082,0.328812477581309,0.0460390856191474,0.0727982174478981,0.106942417261736,0.171504039094709,3539.39182673046,1,1
809,-2,-2.23378335406379,2.25553796778678,0.829959204066381,1.0862285686248,1.82871751070301,0.418210087537131,0.0490615589691609,0.0779815871809799,0.0950974132650122,0.155398196604676,3520.38414064393,1,1
810,-2,-1.50325447121991,2.26254171684269,0.846770592594131,0.880455247557767,2.22420050110056,0.276014780515631,0.0484336034381406,0.0754100408000154,0.104326064238207,0.166101115077775,3547.5087391331,1,1
811,-2,-1.74530772074592,2.29393820320153,0.813019763048443,1.01097015719565,2.07382186433796,0.316629030504034,0.049160604434866,0.0761098453125774,0.0968157821048611,0.15817136501535,3551.9474205738,1,1
812,-2,-1.98139809381203,2.27536818694697,0.82455211783532,0.940199826556967,2.06538589821055,0.361802464393333,0.0490392981455693,0.0781249608704695,0.0999696555781483,0.163258205400081,3515.97707236508,1,1
813,-2,-1.96305465619936,2.33920700072609,0.7395301736894,0.995386326260958,2.08023441069728,0.343572923873099,0.0484660364758541,0.0772820359576178,0.0994490038036421,0.161157772495361,3533.94745899964,1,1
814,-2,-1.92647572360994,2.31268715628099,0.792042483518411,1.07171549784305,1.83289686098887,0.351248671713894,0.0478313065261016,0.0739079302095603,0.0989739564200911,0.161199244374858,3578.37715804916,1,1
815,-2,-1.58625187214614,2.37999637493083,0.693904544376426,1.11645065673544,1.94997553784135,0.286470055519662,0.0504449518252995,0.0784561939330379,0.0963391767167578,0.158419412248304,3612.166278153,1,1
816,-2,-2.45009908082678,2.24727915587757,0.852234034065898,0.955054080691737,1.96352778234214,0.468851303801891,0.0484982931578027,0.0760663392856556,0.0978080274782094,0.158780393433931,3499.83466988938,1,1
817,-2,-1.85517162911301,2.37476573989935,0.761210832245682,1.10292772485842,1.93623319966307,0.331108391600396,0.0496127885924175,0.0782224435676297,0.0981295259826486,0.158797608099045,3592.78171351869,1,1
818,-2,-2.16593119400505,2.29587509771932,0.78899234861167,0.927502630450037,2.03695625717789,0.385778786493931,0.0479272803002838,0.0752512618586093,0.102755104688693,0.16354446420676,3527.73475607421,1,1
819,-2,-1.73057935392491,2.30347797669755,0.778948400866539,1.00807467596828,2.0065147950473,0.331704832471257,0.0502746004969515,0.0771258989175778,0.10190674111719,0.165240383986628,3575.10939149216,1,1
820,-2,-1.93557433869273,2.31428257270921,0.75493073407118,1.07282040473013,1.85877098508076,0.345262949099614,0.0493299821670701,0.0785798692011503,0.0977242990877988,0.159542288854107,3543.2471703279,1,1
821,-2,-1.44827112453605,2.35040334328371,0.72273983278782,1.01140002868264,2.02218590006396,0.270330710340826,0.0484013264701497,0.0754818936839877,0.0978034092235805,0.159106430286841,3569.16644588769,1,1
822,-2,-1.7024011041781,2.26727379344758,0.866142334284345,1.00185556673135,1.97413200124479,0.346073595475278,0.0471693686310781,0.0730247556405953,0.0965406691367554,0.159468097903902,3569.37255658306,1,1
823,-2,-2.40678919195557,2.35000647435103,0.729719218914818,1.00316231228088,1.86120456842332,0.466510858063803,0.0481095742543447,0.0758477993552131,0.10045489816664,0.169081999724914,3534.24250694819,1,1
824,-2,-2.06588803576709,2.27298821603669,0.853375611279487,0.996445668850393,1.99984389758608,0.398332553898166,0.0498346288561469,0.0789360051044363,0.098561996633949,0.161535141168626,3552.17919903199,1,1
825,-2,-1.68516767054726,2.27432464179546,0.855591168571731,0.841252641918042,2.36378453601141,0.29401938473103,0.0493836597009837,0.0762089600078918,0.101780192603636,0.166262248318695,3531.48556874769,1,1
826,-2,-1.93724250077614,2.33404250216733,0.788443872351369,1.09760196265161,1.93851552709297,0.347675349704906,0.0490393457170337,0.0780541480361857,0.0971112061392886,0.16208367422133,3563.3366786588,1,1
827,-2,-1.89470729355962,2.27587706536173,0.85645411236052,1.0820725517511,1.93096640226333,0.344152939147278,0.050782996642397,0.0793874840970809,0.0936043199818798,0.15593902770702,3544.32158575381,1,1
828,-2,-1.62330737312976,2.2675162631717,0.833119965484642,0.913114884952552,2.11694926787162,0.307171999962559,0.0484424035598472,0.0747831645746794,0.100382613399103,0.165324206762922,3538.71321472193,1,1
829,-2,-1.83292868026077,2.33962839930115,0.759547887853404,1.09094022519233,2.02671385367328,0.314100696309719,0.048033981814037,0.0764691330949375,0.0969763331878139,0.159692143704316,3529.45247476988,1,1
830,-2,-1.39180551217142,2.26749418895063,0.876413150839124,1.13427089505048,1.93227512017465,0.247249573020221,0.0506940095199042,0.0809290330560983,0.0981708701974914,0.16089172036247,3573.22690239214,1,1
831,-2,-2.2579284972632,2.29838059509237,0.837661057895249,1.06477541598975,1.92324874972437,0.423983894061841,0.0501202695002322,0.0790152308594251,0.098509940849808,0.16002568837334,3556.99832081284,1,1
832,-2,-2.55023996183837,2.31318324163517,0.736082780982982,0.890174080962623,2.10547645332591,0.510092236039648,0.047271883003362,0.0752871668222868,0.0963563992718685,0.160774205634814,3490.5609510643,1,1
833,-2,-2.22976418215979,2.34570391256925,0.772959060720675,1.01054507073669,1.88825083585055,0.431631775346939,0.0469548749402255,0.0737319498364629,0.0985621874088154,0.161054550398279,3570.4383002037,1,1
834,-2,-1.8310536672066,2.2874667783476,0.850987519142732,1.01399715054663,1.93774076966309,0.355800445640378,0.049450103178016,0.0770637180836914,0.100962545990381,0.168491845672433,3546.29650411959,1,1
835,-2,-2.02177580174361,2.24256605342144,0.859890019043963,1.17840801209601,1.61303242309861,0.387936180354675,0.0512040143695192,0.0794463284696637,0.0950335647804195,0.154799098035254,3554.56328572068,1,1
836,-2,-3.01354795978092,2.22626125416639,0.885672067218721,0.913613704497432,1.99299204077184,0.592216280713006,0.0488552509009278,0.0753837433632604,0.0999306284675222,0.156598949179066,3514.93859686686,1,1
837,-2,-3.377895176353,2.26801955002187,0.842610804583613,0.864319308709279,2.05758784791486,0.695673986036043,0.0457967676003543,0.0721056703391194,0.0967505125686093,0.154962007046433,3483.53832313712,1,1
838,-2,-1.82822319376116,2.27335027875945,0.830670277076842,1.05907379046072,1.94496139840684,0.352071720156243,0.0493342469699867,0.0782384627322615,0.0952671603806667,0.15769930921863,3548.94850506257,1,1
839,-2,-1.5113738933921,2.28864368008565,0.845323940905835,0.981475957052295,2.20568140239825,0.25845493644323,0.0516469205170304,0.0804762729322237,0.103269662929963,0.16765067822562,3567.18991990163,1,1
840,-2,-1.72809069962506,2.27069566069372,0.839876235768881,1.18182287558083,1.75010606441466,0.323379931621507,0.0496302134719747,0.0787903580832868,0.0974527523955339,0.158823496411263,3570.47846118321,1,1
841,-2,-2.88350227189684,2.27697990334577,0.819960198757374,0.942166776840377,1.96924969026905,0.564352036473062,0.0483054337065084,0.0766822674750905,0.0967296314822703,0.157051664984012,3502.09859713677,1,1
842,-2,-1.58916306671373,2.3546164891361,0.699831899706733,0.754190488581943,2.47715972249893,0.2794504056155,0.0470343437025656,0.0739888918135383,0.104247560020688,0.171925548263579,3510.46547148086,1,1
843,-2,-1.85415346204587,2.31663399908104,0.743069464057041,0.957388100016467,2.08335452555771,0.353336144674284,0.0484144799610614,0.0777620989326975,0.0997583141555877,0.156367653188167,3543.49977250366,1,1
844,-2,-2.61270555274813,2.27870151637462,0.884462427496355,0.996664737145553,1.79629983085828,0.525637391424378,0.0472747679151049,0.0737881817740377,0.101248911169998,0.162650559712259,3567.42018542561,1,1
845,-2,-2.69632194916207,2.3152363348388,0.726617786323811,1.03341382653189,1.81421976887779,0.540822044958232,0.0485136068261425,0.0765604697108455,0.098779608992515,0.16110274762775,3529.69187358218,1,1
846,-2,-2.45360781352875,2.27698146396777,0.822978810232269,1.07402692005058,1.87909373746522,0.447586457057457,0.0495480097127035,0.0760501199015388,0.0933914125361533,0.151579770148778,3535.46618894107,1,1
847,-2,-2.05375267529465,2.39528959170011,0.576982699041486,1.16496337788826,1.79717385411533,0.384199509368399,0.048077596193435,0.0806463604596357,0.0936276753088104,0.158814363362867,3528.31778004703,1,1
848,-2,-1.73462996744962,2.23574520395801,0.866585241213214,0.943197050167038,2.05291088894498,0.322883633364665,0.0495571364773976,0.0775859655204792,0.0974890307353489,0.156528125298325,3516.0379137981,1,1
849,-2,-1.97772811364165,2.29595907676784,0.823460211573304,1.24605376585421,1.62774906292504,0.376612848507739,0.0517559590987291,0.078451432530779,0.0954715307668813,0.156280830053366,3583.86506363883,1,1
850,-2,-1.62312883616712,2.39795657440589,0.715587634630816,1.13000205490349,1.84467615750295,0.322203969904908,0.0461420331279869,0.0728681444192669,0.0968623342968841,0.160698691438373,3619.01991588775,1,1
851,-2,-2.25641430348485,2.35199118224777,0.752146473598777,1.13165458780177,1.83236909895814,0.4199288490259,0.0483653407161163,0.0770240395390053,0.0943194838704784,0.152948615681676,3564.06423985101,1,1
852,-2,-1.57396690954728,2.36488131392636,0.667723154211318,0.935468675838182,2.20148616776825,0.292094684563177,0.0486777278544047,0.0771386784091263,0.102185334675427,0.168348094511448,3536.42613482671,1,1
853,-2,-2.70886200858838,2.28431578100111,0.786792788290521,1.01738865109336,1.83413496432553,0.528302398271085,0.0497487009864344,0.0779267053408995,0.098272194097988,0.157499416315469,3534.15718252539,1,1
854,-2,-2.19025693818486,2.31552805090586,0.846663157088056,0.911438547688139,2.14478803965951,0.367727016955972,0.0496076734591948,0.077113805407665,0.101832915694073,0.164500589146952,3543.33203296981,1,1
855,-2,-1.76156851619727,2.25358370430969,0.816995637301246,0.991581232029186,2.0601873579271,0.306178656056073,0.050252779522945,0.0779483041134378,0.0997150540593922,0.161498417767909,3517.20548103904,1,1
856,-2,-1.62567282428894,2.28592030623389,0.824081332299963,0.856986545514374,2.1791230837576,0.306274301754505,0.0478621006942146,0.0753532873066125,0.10537237179388,0.166324027180197,3569.37387214164,1,1
857,-2,-2.65977209520123,2.23089017163439,0.923682064074342,1.03053011580211,1.85791234207321,0.511185086832803,0.0481061033347017,0.0765232776061821,0.0965844745494715,0.161144569647018,3504.89199056744,1,1
858,-2,-2.62127193944329,2.2861250814263,0.811582491379927,1.14026061413417,1.74320778574419,0.502522886011313,0.0506020548707148,0.0804498176825075,0.0931717726867225,0.151894759386835,3536.95407379628,1,1
859,-2,-1.89603975218788,2.38727199448187,0.661131834035964,0.901724191253038,2.25697510175786,0.326557818043522,0.0463168441035531,0.0750844665063386,0.0999642556281137,0.162656790991386,3501.68604656983,1,1
860,-2,-1.94095329323842,2.26487376023903,0.803999391613705,0.820907252495481,2.30583898595761,0.340736486534982,0.0466848697426578,0.0741071766731323,0.100591219174351,0.164285120297097,3479.78019535786,1,1
861,-2,-2.13847358625176,2.34843006867296,0.741811993824941,0.870552051316662,2.16376491233408,0.385656646290333,0.047965170628781,0.0737317026004853,0.103783788689808,0.164055710261474,3553.96732749416,1,1
862,-2,-2.98823137093458,2.23810937018174,0.873255531364406,1.06330459751608,1.79326541814376,0.562185363774685,0.0486174801589708,0.0759136268588037,0.093547720084401,0.150867429811161,3511.49702997936,1,1
863,-2,-2.01943239585588,2.33662536507724,0.775159576968217,1.00311635556279,2.03184227115595,0.361432122387207,0.048921436469153,0.0767392255075017,0.098012100391146,0.15924991674962,3560.59549218911,1,1
864,-2,-1.9513248488724,2.29348899278112,0.833621071813416,0.9917563077964,1.99861351242858,0.362338764563375,0.0482579983415224,0.0755263431890411,0.0990194088934463,0.162627283142163,3556.00733059111,1,1
865,-2,-2.46102254901155,2.35948249597627,0.630876445218204,0.977552638861357,1.94145748904001,0.502581686290459,0.0475734201135098,0.0751177871569466,0.0958763957921287,0.155865740934287,3527.66130694464,1,1
866,-2,-2.45373357609894,2.31634706138929,0.832125221946298,1.06438687954622,1.74120055987464,0.490706329884834,0.0464538755949341,0.074879016009036,0.0967418113069707,0.154137298327332,3584.5891258924,1,1
867,-2,-1.90146700490898,2.33807322172518,0.708575818381809,0.908559141266719,2.23127711431291,0.332600320081199,0.0485102021183693,0.0768054994587492,0.0976104121774355,0.157845795991501,3512.53048809643,1,1
868,-2,-2.60559677379776,2.3219799894841,0.763136807188757,0.930787583141315,1.95859633492451,0.527945678643678,0.0477805398463541,0.0733183115859534,0.0996674563834984,0.1624365548129,3513.12757345969,1,1
869,-2,-2.08729643907077,2.2982319780327,0.733515218717849,0.984429648555177,2.06748108196019,0.346249957761829,0.0494338743719765,0.0769356738066004,0.0977524944851605,0.156959280663588,3502.09665778359,1,1
870,-2,-2.05696152106197,2.35483534566759,0.688666372014178,0.995272714864217,1.99314801059561,0.391215969998151,0.046721861541871,0.0738558060495174,0.0944027022744086,0.155872206015582,3539.90006995942,1,1
871,-2,-2.30344781908662,2.26121460980357,0.831604630036245,1.04459092446245,1.87790330462342,0.456838536075339,0.0484806189295135,0.0768127858585053,0.0941413614167829,0.156605871957372,3513.80733398987,1,1
872,-2,-2.01812925024718,2.29891126029235,0.825920272446281,0.711904634470569,2.35455794345868,0.412537571671486,0.0447164381655326,0.0706709914919485,0.10485385873004,0.167640330124236,3531.64435874715,1,1
873,-2,-1.71282098418026,2.32098111775151,0.817398657352224,0.972437394130516,2.11007985414435,0.31226491035522,0.0473185156132854,0.0745949435531313,0.0988567124076884,0.161157203887262,3545.70917780083,1,1
874,-2,-2.22303036182217,2.24324135899594,0.839834362701111,0.947888013402779,2.09445976957558,0.381144426930603,0.0497312462709962,0.0768091011816921,0.0981873076900471,0.160263238276413,3444.83193624311,1,1
875,-2,-1.82678508693122,2.21340427280066,0.880128965582132,0.978888391566115,2.14763149230188,0.332001128634404,0.0523484614744256,0.0788393282849753,0.0973262553451235,0.156730451124968,3519.15760932335,1,1
876,-2,-2.40385208019334,2.33671947127291,0.80016477920215,1.0557151514363,1.84257218675694,0.443356723170516,0.0483993250972255,0.0769590323888951,0.0966253497407217,0.154590701638527,3563.82742482627,1,1
877,-2,-1.71194238062681,2.24853276590465,0.831040614752169,1.18746799274581,1.72182256560326,0.327494356463699,0.0519024019387219,0.0800667978563087,0.0974925472775577,0.161800661054654,3559.17951075968,1,1
878,-2,-2.33751800844484,2.30473698638519,0.829505927113626,0.942623487710673,2.01331094419038,0.450708826831263,0.0473229445860842,0.0737688809214883,0.0997204051796077,0.165149266507785,3545.26436011786,1,1
879,-2,-1.8327864892008,2.33218163035269,0.771453777142237,1.10101020768133,1.86703698992702,0.338803366265373,0.0484747484304967,0.075200252175901,0.0958658793848181,0.154755137691184,3584.61093764733,1,1
880,-2,-2.83427925270061,2.32769332533205,0.726044776232031,0.818506397913493,2.11159841233152,0.564331054519286,0.0468914718512656,0.0733240264991945,0.103471017993964,0.164738062651603,3515.84992039461,1,1
881,-2,-1.78389873838292,2.32457464346768,0.749495572428758,1.01445748887269,2.14408791109645,0.315311176580869,0.0502692119867139,0.0804203533460043,0.0962300461156751,0.159817898511684,3517.54742994203,1,1
882,-2,-2.23835298116737,2.28617935687529,0.861843898871449,1.07367838646288,1.82272618658584,0.421880180063069,0.048392334429963,0.0756507404530282,0.0988461651421352,0.164089527949246,3556.92479268315,1,1
883,-2,-2.33453187505643,2.24236811757006,0.853948008374333,1.02648751445122,1.9207647977658,0.406197524343401,0.049999837547996,0.0785494122620309,0.0998699660028845,0.158634519815409,3511.06169163615,1,1
884,-2,-2.28549868339981,2.2875248443284,0.815106942060852,0.996109969130212,2.00275231629314,0.421594985445757,0.0499082173075751,0.0788310313011345,0.0986298811705682,0.157900482084499,3552.89616772695,1,1
885,-2,-1.5632600857705,2.29552762447598,0.776806252009889,0.878685743750771,2.23797480727468,0.278938859573273,0.047821080849264,0.0761206489443032,0.10290638171619,0.169443008973571,3503.26316973673,1,1
886,-2,-1.7985617340402,2.26572201703821,0.864766915467296,0.861612584190588,2.19803878969891,0.326578202272197,0.0466339769147361,0.0729809782995989,0.102723442895009,0.166210572345653,3492.85071419321,1,1
887,-2,-1.39938575946663,2.25221556195921,0.815434651941324,1.00874497259788,2.02745492798339,0.280896094700415,0.0487140257321808,0.0781837710442149,0.0983811602640284,0.163314277549825,3541.07497959823,1,1
888,-2,-1.80286653451373,2.27358119668468,0.863316168749077,0.927288418829205,2.13993115889275,0.336543592135092,0.0484175908391896,0.0752312258905589,0.101525759953096,0.166223974336567,3567.46528252611,1,1
889,-2,-1.7518840459852,2.4030494283285,0.659145566162298,1.16299691332609,1.79460266088913,0.31854976776873,0.0490192560749486,0.077595008642758,0.097994503391098,0.157451625860277,3608.5347531171,1,1
890,-2,-1.96590641019941,2.26722698284991,0.888057731066815,1.1667981404677,1.68588776291259,0.356996034203324,0.0491520093937147,0.0762402071647021,0.0970788844348514,0.155582983087449,3591.73224442438,1,1
891,-2,-2.78777194254107,2.28429810303154,0.844147745670947,0.883776358449898,2.02442459522649,0.550272594704345,0.04718606285315,0.0761807782786953,0.101741188136358,0.162103625203326,3530.37714354629,1,1
892,-2,-1.70007623433505,2.31854595203996,0.810531168790786,0.957313626759477,2.06950155245455,0.320647408590503,0.046798042122506,0.0753856688993819,0.101436876059138,0.168363245255757,3569.31808946077,1,1
893,-2,-1.9597628695903,2.30350729701857,0.784120081501651,1.04914036160889,1.97284212059898,0.333132887556811,0.0494657677465381,0.0776040687766848,0.0982578136454811,0.160212766006838,3523.90076633544,1,1
894,-2,-1.20053045615092,2.38892280106179,0.710903800072423,1.25041366790811,1.76467001069593,0.236004102837083,0.0503437662556956,0.0799426774071531,0.0935276833906446,0.154241516396581,3616.88824399803,1,1
895,-2,-1.92924506169793,2.2689425884501,0.815773770496124,1.08712244682422,1.92647808678333,0.3354471550704,0.0493442212977305,0.0783898032446164,0.0943585791633455,0.157803145719792,3498.08679827973,1,1
896,-2,-1.83825133663596,2.34789021792978,0.725848156575635,0.815063484258485,2.29814532027836,0.338368401792706,0.0470265667954659,0.0733344827031483,0.103244429271882,0.16760917705187,3535.98101693427,1,1
897,-2,-2.28045159338047,2.34962578084407,0.721163898454313,0.924180923039823,2.04240260643346,0.446123250151191,0.0476295395528744,0.0760092082943485,0.0978049443628441,0.156581976478677,3553.92876987635,1,1
898,-2,-1.6126968084489,2.29314607421531,0.740113794760883,0.912924526628004,2.20210109117996,0.312300268636367,0.0485915550967618,0.0775221393283923,0.101457879121719,0.170063751096531,3498.48064547675,1,1
899,-2,-1.8773304086923,2.38358319150363,0.696468582662298,0.939101885363775,2.18335820853154,0.339574311669878,0.0476309144054193,0.0746006615456273,0.0992137916559179,0.16569789066203,3523.28410113156,1,1
900,-2,-1.76976395579315,2.28731265606698,0.792468477191343,0.972987291732349,1.93934344961075,0.344831642884754,0.0468725062130314,0.0743011941802878,0.0998657846637388,0.159429029307332,3556.67485688689,1,1
901,-2,-1.92219805937658,2.3377787939234,0.797516216111105,0.836657208085327,2.21995456380777,0.369198565932206,0.0464132588166392,0.0725122672517736,0.10320041710647,0.164254296150304,3565.94896763058,1,1
902,-2,-2.55786746511518,2.26452382825883,0.820774057326196,1.0890278539617,1.88681302507879,0.455687672001105,0.049443479762346,0.0772350702900508,0.095109761870208,0.15783636800649,3469.53534621119,1,1
903,-2,-1.64312947534909,2.3133600194733,0.784354630644742,1.11470512909121,1.90747205906588,0.293520211058694,0.0502398899376736,0.078631631624316,0.0970791063828016,0.157233538721202,3586.91828082813,1,1
904,-2,-1.96901399536061,2.33241796247809,0.804608288704337,1.03272402238907,1.99450643618555,0.358316016006597,0.0471600167428203,0.077005949594642,0.0987530407564581,0.162645301345681,3555.15230216571,1,1
905,-2,-2.1041988243844,2.19454973559377,0.976897211135973,1.02652078952099,1.88827819571113,0.386513544605224,0.0489769618693431,0.0757034594235263,0.0999576637856041,0.164063434987442,3511.13843098295,1,1
906,-2,-1.63822280087758,2.27531082154801,0.822559364507944,0.965847922621294,2.22391005810132,0.289069513151277,0.050811584463923,0.0777185817824564,0.0964258554110519,0.15978519633963,3500.21371451975,1,1
907,-2,-1.97860991277613,2.28845327884797,0.819772359492498,1.05445102176312,1.91194991509831,0.337267886616847,0.0499999594668952,0.0782877560394389,0.0998355420653079,0.158337954811031,3532.34579109183,1,1
908,-2,-2.05144659438706,2.34836432911255,0.747166153700154,0.843625552198835,2.21567750278055,0.384578061303551,0.04655616025675,0.0729859879476905,0.102916836177275,0.167600536832991,3547.77865277296,1,1
909,-2,-1.81889565879511,2.19655211041756,0.971181693036849,0.923179507658662,2.10717688584374,0.342366805418536,0.0504473483819085,0.0801548869284944,0.0991666960930765,0.161179164386756,3484.35713641944,1,1
910,-2,-1.6752428297059,2.27075374153146,0.853454775777558,0.883928018449384,2.24524833690847,0.308442508275086,0.0494973772628495,0.0762236322201907,0.102498707328532,0.168567846152456,3509.48705160658,1,1
911,-2,-2.54250318359076,2.2444897942766,0.863981813965926,0.971865343020108,2.00964665816769,0.457518107860289,0.0494932735757844,0.0767347424339832,0.0992394040399081,0.16114044581237,3516.1031301145,1,1
912,-2,-2.14575532874286,2.25993866645495,0.9087492531023,1.05425538199009,1.94550905919109,0.371384461296131,0.0484946901658141,0.075695542180896,0.0931937357430518,0.151536190139267,3531.54572301572,1,1
913,-2,-1.18403142569953,2.22497758688567,0.919767063189009,0.966437415835849,2.11423971221078,0.238836609413627,0.04922652853093,0.076065280009571,0.101065981127609,0.161108072205427,3596.74493032627,1,1
914,-2,-2.29775204140377,2.30840567392537,0.851225520738242,1.002683225684,1.9936275949515,0.416770212780595,0.0490899652683929,0.0758818300572175,0.0969218050671311,0.157445229992384,3571.95374161756,1,1
915,-2,-1.9867547222323,2.32303771175146,0.784104019186892,0.871681047083136,2.08020066952965,0.381517229724278,0.0457246705670137,0.073056425497436,0.102641756455339,0.169926090558239,3536.75516729892,1,1
916,-2,-2.02633931825357,2.30953360392403,0.801002169726357,1.02468729545718,1.99834881894918,0.361149798161131,0.0481594763773385,0.0769009684296959,0.0947394847682204,0.160437121881212,3526.52727698477,1,1
917,-2,-1.47711016156571,2.30389091587275,0.720106629400008,0.898240674035634,2.18544582752088,0.2840156790592,0.0485975435606874,0.0774386522696376,0.102105010762981,0.160965445592534,3541.60669302828,1,1
918,-2,-1.56117954698798,2.33541173558176,0.790062875091991,0.975349213554989,2.02533029378466,0.310266169611876,0.0490815643501872,0.0754475510992107,0.104210346440084,0.167051674365169,3634.2478777031,1,1
919,-2,-2.2651009704898,2.33988073709017,0.743540635694879,0.914145104470466,2.05836602871347,0.449093826513601,0.047778435233109,0.0745422274826227,0.0993069004422923,0.158255085680397,3553.3791954566,1,1
920,-2,-2.04586347003185,2.3176822307571,0.755758259831064,1.06301243592268,1.87604697650926,0.373608130375935,0.0476132133439215,0.0746811131120657,0.0982832227959222,0.158493868446647,3567.62930007742,1,1
921,-2,-1.73149812010072,2.3404315122532,0.676385880993794,1.04022591333631,1.98476308882123,0.321838573732754,0.0481481018392585,0.0764773412257631,0.0958372703622237,0.1510364226968,3546.02144469491,1,1
922,-2,-1.81618111476918,2.25992474378662,0.882647535917946,0.884785039612805,2.13298081205946,0.337681862510471,0.048177591279762,0.0764110852613142,0.103603804415482,0.162385145024708,3539.45206454427,1,1
923,-2,-1.8922201079515,2.2429633921778,0.912437512972695,0.916402832379752,2.09826613242081,0.327247376903446,0.0481323409555937,0.0763698554183966,0.102667220983219,0.162183211335366,3513.09884521916,1,1
924,-2,-2.5992488433312,2.32802217908579,0.746664412893079,1.05878435596782,1.81389966922083,0.495593262392992,0.0474997865049987,0.0746238842656325,0.0971786524149953,0.157516459119994,3550.65516561279,1,1
925,-2,-2.4512371970977,2.28397276327755,0.86820298063531,1.02403653666549,1.97756056489031,0.467907954189753,0.0482690323965085,0.0767949295794753,0.0955133185522406,0.153445611807685,3553.77146016586,1,1
926,-2,-2.07684659706639,2.2880557352075,0.813850370265988,1.08275727270196,1.94348107866409,0.363959316256009,0.0499666182920943,0.0768499077438672,0.0971355004888575,0.157684646739803,3546.37302964203,1,1
927,-2,-2.40444799339478,2.39974061392178,0.672340151049649,1.03353148294529,1.87701846498922,0.43905825408483,0.0484180421108237,0.0770433300327548,0.0992789164605048,0.15859885191177,3566.76459734518,1,1
928,-2,-1.93022319317765,2.37262794442752,0.712838091474003,0.983837063122618,2.0554333164674,0.367837930259818,0.0466675851477722,0.0729343069176139,0.0994838646505896,0.167211636100936,3572.42148639488,1,1
929,-2,-2.23825561900325,2.32310456024859,0.705188443508205,1.06484269394053,1.89509226309782,0.398379513318526,0.0484560316679958,0.0780511875488536,0.096395678181133,0.155291718602723,3506.72964419694,1,1
930,-2,-2.72491398709799,2.31234315632726,0.855157230125679,1.06264401879396,1.84183128653787,0.507774230712275,0.0502320635972213,0.0772500586507363,0.0966084525187922,0.153796651527423,3576.09644702437,1,1
931,-2,-1.88318451001616,2.22594872286035,0.91121203185548,0.796547927541085,2.34232598982596,0.348536960738061,0.047846082807373,0.0730159258020049,0.10249430005772,0.169345530824044,3520.08899904564,1,1
932,-2,-1.97321860532225,2.33550100708952,0.717023531110216,1.04392246086832,1.85338641575336,0.37095270139644,0.0480206245556508,0.0762342052454075,0.0988111349830184,0.163256586508464,3550.22724775102,1,1
933,-2,-2.23617133825878,2.26794503205847,0.802783038544161,1.10059238881341,1.84934117748278,0.396235019505787,0.0493638335191918,0.0787073857646905,0.0947264644927492,0.151890565307246,3534.54178954082,1,1
934,-2,-1.74655048002107,2.22829791743963,0.881416043712566,1.09920967505447,1.8250406582461,0.337872679309874,0.0497791296511723,0.0778442000540465,0.0958349999770556,0.15904040754067,3526.16943246801,1,1
935,-2,-1.39596286323666,2.36130341237762,0.716434556740743,0.935434547933071,2.11089545351095,0.25552136391105,0.0466487772541755,0.073567262104092,0.101946122944622,0.165148351404055,3560.85409152031,1,1
936,-2,-2.10597156669123,2.21182293293252,0.902582920718204,0.992261801492693,1.95018756375021,0.396827821619483,0.0511958120303437,0.0777671536476403,0.101874902900096,0.166103229241136,3499.76217011297,1,1
937,-2,-3.00725665012736,2.31419729471156,0.815332904329556,1.02098784567293,1.85992427914116,0.592849875488023,0.0481970893843907,0.0734189328341866,0.0963006770987855,0.152921143983423,3529.19912921987,1,1
938,-2,-1.94226662784365,2.3967141737085,0.656581749635177,0.917416502135295,2.09544895813576,0.360586311602158,0.0481135526358803,0.0769162858629462,0.101412253556866,0.169432859755808,3551.36863804131,1,1
939,-2,-1.59403211898462,2.23384130246462,0.967784081349354,1.12860766867452,1.87158916969981,0.294736984714621,0.0510185355272284,0.0784170121338143,0.0982879441947577,0.158928875536452,3605.29673861635,1,1
940,-2,-2.01610791030932,2.35815821867887,0.760062465723351,1.09356709182885,1.86190247898046,0.391639441230833,0.0475098493835579,0.0744244438179579,0.0954248660953087,0.161386344157358,3572.51086421607,1,1
941,-2,-1.56090099329356,2.32682035298447,0.795354271818044,1.00017258206823,2.13675226243882,0.278055265519115,0.048463795228432,0.0757944030969261,0.0968818383986263,0.157450179839301,3575.19520343793,1,1
942,-2,-2.13578284951037,2.2907961552913,0.848970516232011,1.03011779175306,2.01705069303506,0.363790379527686,0.0496184683996319,0.0796603575805331,0.0970483219409163,0.157247522584067,3516.11851094657,1,1
943,-2,-1.7894119879862,2.26922429332187,0.798124170420472,0.846779919770331,2.19529853959684,0.3309306594403,0.0475705926210705,0.0737689217440502,0.102018136404011,0.16524293902501,3519.38269049401,1,1
944,-2,-2.34913707108964,2.40255374001485,0.669395672698992,0.977591819813307,1.91705395284916,0.461654362252246,0.0459478927220921,0.0735217555952296,0.0998587858292115,0.159242829836271,3584.67965321236,1,1
945,-2,-1.58882311406707,2.32331193935403,0.802774693143747,0.993612704705064,2.08915466108561,0.282765211213172,0.0486968621159134,0.0762302921974501,0.100817670965715,0.16478128708037,3561.87716136219,1,1
946,-2,-1.64025686922722,2.3531827558702,0.738671813705272,0.909199029738665,2.30228293720713,0.269940255674669,0.0484766662736058,0.0762286670834598,0.101988707479831,0.160697955357303,3540.76232220662,1,1
947,-2,-2.10610167846017,2.34054376321201,0.733004311029453,1.11153094239132,1.8396500970608,0.386183731261049,0.0486016576052641,0.077160360348954,0.0961873447120135,0.158046621462399,3551.07220457195,1,1
948,-2,-3.73109214499795,2.30587756686186,0.770625869623213,1.11553845391013,1.71884823206696,0.795659357075955,0.0490410829879819,0.0777587052726361,0.0921280407933272,0.152630550078929,3514.29654268598,1,1
949,-2,-2.36087575592936,2.32433885063087,0.782669606112461,0.961022219501062,2.08284059012029,0.419211795329535,0.0495887697128813,0.0777604773398221,0.100123412829503,0.15686534794216,3548.92627385678,1,1
950,-2,-1.79717452176369,2.38907811792637,0.739518886269482,0.962696404348919,2.11377262467852,0.323316748070739,0.047447735387472,0.0736483388595021,0.0992525999219468,0.160678450121491,3593.77235451393,1,1
951,-2,-1.44259306762258,2.25944764710678,0.912959964558819,1.20498163034096,1.84880009520613,0.253303761414494,0.0512497174064162,0.0802369261830329,0.0968462488526441,0.158273731146101,3599.51928342971,1,1
952,-2,-1.84528329176281,2.32877745346058,0.747731513800626,0.845050942340322,2.2930132102893,0.326950137115201,0.0467943742078389,0.074874633949463,0.100759245139818,0.163049122689128,3516.88598540597,1,1
953,-2,-2.64151028459915,2.28694964172464,0.72869365546572,0.954586606120214,2.02860405323972,0.483470075693,0.0495889583416359,0.0786749879338422,0.0975998382087402,0.157688819431219,3480.22592883133,1,1
954,-2,-2.02559883580798,2.26925143793466,0.838954837424466,1.01908008729232,1.89732021625708,0.4049697190069,0.049281013461262,0.0760405238370826,0.0992304041601495,0.160458572537151,3567.11890140238,1,1
955,-2,-2.14359708592703,2.3723870494545,0.727154858502485,0.8617724483564,2.27631768415027,0.385563081157911,0.0463979067534501,0.0752373799224323,0.0987127332357734,0.158577142636102,3556.44934069207,1,1
956,-2,-2.66065952647689,2.24005435120155,0.81228240959264,0.953277581685454,1.87269228142825,0.524895949139851,0.0491134654405228,0.0781578336884901,0.0982851613058325,0.155233242237225,3478.31006961774,1,1
957,-2,-2.66870111619675,2.34378907472656,0.798089668532265,0.867852518431798,2.18555720267196,0.521155814299578,0.0451011397191527,0.0728234609854436,0.0984072942593674,0.161920863087516,3520.23309249464,1,1
958,-2,-2.11005382563469,2.34186043726132,0.791693046057986,0.961168325682795,2.05503688431147,0.42041265794012,0.0468170195300647,0.0731857335497734,0.0970051391532967,0.159765019428057,3587.91637858536,1,1
959,-2,-1.61736741306365,2.19805699712595,0.938249843007661,0.893641806388586,2.15798782217753,0.298109001362888,0.0496733392183156,0.0768484060631187,0.101560050476115,0.166206458755331,3501.41215853141,1,1
960,-2,-2.09170025644422,2.25370120446792,0.789670742358162,1.00150200469812,1.86742363694283,0.399685725070069,0.0470345280453967,0.0740457262158247,0.0960286359433629,0.157576874236526,3481.80054885596,1,1
961,-2,-1.45072366001654,2.29505638662704,0.793753020638448,1.03993891040903,2.09741888879307,0.25939111425354,0.0496449365935412,0.0807178400830658,0.100439065698105,0.162096999811179,3522.39739206499,1,1
962,-2,-2.20142672105876,2.34686713945195,0.78904657675551,1.01264523631645,2.05471092764089,0.403851764498551,0.0500594586958522,0.0796671643919581,0.0972030965142774,0.15707806571909,3543.62393559056,1,1
963,-2,-2.39189275969371,2.36435589229757,0.672071944733077,0.965318438550817,2.04058665255099,0.437098628314026,0.0456039269803736,0.0749996154008539,0.0982392089123338,0.15807254418875,3521.8409715551,1,1
964,-2,-2.66060905236439,2.39683997686221,0.600653831525011,0.950197225584307,2.07634019941487,0.510598413478654,0.0480011263485091,0.0767972908861497,0.0962097466775162,0.155681928808232,3514.39787845963,1,1
965,-2,-2.04091748145159,2.38387563079761,0.668399395139484,0.87565416532099,2.28305800642858,0.360377148847135,0.046084270786498,0.0737746022523619,0.101403008509008,0.169379439363654,3496.82788796722,1,1
966,-2,-2.52444870555469,2.34054201649197,0.74614984770599,1.01905935982427,1.92759898469137,0.469574698849857,0.0476242968571117,0.0768723653817523,0.0983897156215218,0.159904143374068,3531.39730436179,1,1
967,-2,-1.59020723994852,2.2626873342352,0.839290975473481,0.983033991459952,2.01403864426247,0.318582770725006,0.0487712172402502,0.0770326402704163,0.0986622410621472,0.16009540948556,3559.35696151059,1,1
968,-2,-2.00186257844144,2.38229496678635,0.702108821973599,1.09300696790126,1.91053540719138,0.368225970497199,0.0480775164590939,0.0761626009463002,0.0974684352938994,0.157819388068757,3571.05789293004,1,1
969,-2,-2.10796857721181,2.35393913131181,0.692341930572306,1.12282213793492,1.84304346565834,0.387235247544341,0.0495979017585758,0.080569389644109,0.094052278429401,0.154378719314394,3555.44805570504,1,1
970,-2,-1.95049412165696,2.35176935593103,0.772196233952168,1.09668650488834,1.86881838530455,0.353293721200592,0.0480856038232148,0.0767415515512453,0.0949264739304132,0.154369809207418,3571.25043628791,1,1
971,-2,-2.70219927790331,2.31901932041059,0.777801605735852,0.989125060083739,1.85001893077773,0.549591417745998,0.0460515247242391,0.0738836031148119,0.0970774625530639,0.161867791901474,3525.7017058568,1,1
972,-2,-2.23400490944925,2.35865092415298,0.790921032351554,0.998340390695703,1.93935431399329,0.438837609259761,0.0455665176671199,0.0735165693110315,0.0979390103066,0.158298749102939,3560.08089783838,1,1
973,-2,-1.88574941377272,2.27300766236341,0.830426110037892,0.969302536379442,1.94953997629535,0.358182151775757,0.0475994938390382,0.0756140782226744,0.101378946421458,0.164953677203144,3554.06573432292,1,1
974,-2,-2.76031572284406,2.28300293793547,0.827051779035669,1.10126186790168,1.76701325756328,0.537520637407818,0.0487849592314975,0.0767639452797976,0.0953864024815874,0.15756389417301,3516.8247595684,1,1
975,-2,-2.18720518384515,2.33479526855885,0.77319193066195,0.917432314475196,2.10816128810939,0.401795048246101,0.0482682020017683,0.0752345497000213,0.100297500814522,0.160413068194798,3561.28747088516,1,1
976,-2,-2.55294175669877,2.2372330231435,0.927957204748513,0.991808132909657,1.94298322943794,0.499037948670357,0.0499612537870668,0.0785123977276307,0.0998990814148685,0.158966293560418,3526.33997093133,1,1
977,-2,-2.35206591435149,2.29247936355201,0.812741655068392,1.0578432614232,1.86324137633486,0.440178256140261,0.0500403028054484,0.0782520800182745,0.0956806427892213,0.157930785092144,3508.97438928265,1,1
978,-2,-2.6236919848937,2.33139155835114,0.690946684736321,0.979327878288391,1.99100338835454,0.499071217055039,0.0487747850659422,0.0773090433501183,0.0975116062472291,0.159014231934107,3504.30312986269,1,1
979,-2,-2.39757631057683,2.27319624315131,0.874350275960928,0.97396456250013,2.03682663386824,0.4506061181149,0.0489095626362017,0.0769659479954944,0.0982635283377739,0.165204769412095,3495.05315737957,1,1
980,-2,-1.72972715743467,2.30416405272751,0.765937814092899,0.969543763101283,2.11641627679887,0.311769031594408,0.0494367653951697,0.0782748568090726,0.0999878777567025,0.164870580264175,3515.98171753848,1,1
981,-2,-1.99487671363883,2.35757911638998,0.716810203435069,0.941723546481399,2.08158245545942,0.368533141762823,0.0480548850805409,0.0755487991491079,0.0956557586661688,0.155954426356138,3520.64996639519,1,1
982,-2,-2.220880961488,2.20207583306877,0.943931579529309,1.06941894746325,1.86571883332763,0.395991299912943,0.0502534974491693,0.0750325367085029,0.0981050019850622,0.162184726063178,3523.63810120433,1,1
983,-2,-2.35737823179461,2.35812759817857,0.685504644344548,1.01780101356429,1.93723917353402,0.440130668376354,0.0470854533789849,0.0769932484007747,0.0963653183956517,0.158377028542124,3522.13118425788,1,1
984,-2,-2.44818138039861,2.24444742769986,0.869298366522683,1.00935193114816,1.83465188218393,0.45548268227163,0.0504617758305738,0.0789627460476628,0.0990880325256888,0.158767844768815,3496.20761893309,1,1
985,-2,-2.14012876560934,2.22744711653614,0.914463607675218,1.04690030793566,1.79619259686827,0.408645539412877,0.0498945008998347,0.077682140521294,0.0977672404194578,0.158093681526661,3523.896685953,1,1
986,-2,-2.88697436954861,2.33069948149931,0.749603449009994,1.08173833208063,1.69454070884319,0.573681552143425,0.0477311332834825,0.0756091264571659,0.0931200525958304,0.152995818177956,3550.57888814267,1,1
987,-2,-1.9889294374293,2.21519776395736,0.927899806711814,1.02632201723458,1.94839130561889,0.357076950101969,0.0490492005658973,0.0763768437905056,0.0941422321760399,0.154151943807557,3503.61276308985,1,1
988,-2,-2.3007556773636,2.30038024141144,0.763536693748627,0.978800274278226,1.99805508082785,0.422831052656048,0.0498887375391478,0.0776595804539899,0.0979250989770417,0.158774318303946,3508.81719155425,1,1
989,-2,-2.00187808688608,2.22886324649858,0.935991018834595,1.19925091941406,1.64413039627889,0.382229000226957,0.0500123320349635,0.0803674328426007,0.0970550735989252,0.157194361491676,3562.18280386498,1,1
990,-2,-1.66805141195405,2.27398738992428,0.799873622095212,0.873624315152491,2.16714492986777,0.32372378392371,0.0489051145589075,0.0748911284988653,0.0998414590060394,0.16073435711066,3551.25650666658,1,1
991,-2,-2.62072220742934,2.32585234391831,0.757725435872217,1.08301743866847,1.82736217925118,0.51408194440883,0.0485729082121909,0.077256234396998,0.091915832959608,0.147430821884159,3561.10255639207,1,1
992,-2,-1.6523365419147,2.33051049144342,0.739290902906109,1.11786908966284,1.81116149197565,0.311775686064314,0.0492898483466712,0.0777774240946758,0.100047005320137,0.162979147142384,3568.60331033957,1,1
993,-2,-1.54291416792676,2.34833424347046,0.681608122155536,0.854084254584302,2.2030156572249,0.280731434111678,0.0471659242353587,0.0746171596111567,0.108106451852509,0.169819180536066,3572.47844870979,1,1
994,-2,-1.34207859856924,2.34702404563112,0.688120332604496,1.01733602708089,2.00422817688723,0.254573564284851,0.0470387771852691,0.0757883170333411,0.100700071690642,0.1591693828899,3568.02718039427,1,1
995,-2,-2.06250467341138,2.3443165801672,0.776699175312766,0.966094444753838,1.96024796228774,0.414219720366888,0.0476698241107363,0.0732625794516999,0.0962505071530542,0.158947614126544,3577.09448937794,1,1
996,-2,-1.70244493116297,2.26745107958458,0.906657968072239,1.13891709123664,1.87588934432611,0.313323374281097,0.0496246474891355,0.0790610476230274,0.096422171239054,0.154311582452762,3578.72750723967,1,1
997,-2,-1.43779613828679,2.30829144259576,0.775593563737562,1.00183819770649,2.13804820630469,0.255784085846466,0.05084655208336,0.0782322594216112,0.100540163181041,0.162674346272891,3577.45809447413,1,1
998,-2,-1.8661261100323,2.35823297754585,0.631690480756108,0.82009805417705,2.17855406558422,0.348324637047318,0.0468464281458569,0.0763995371735584,0.10326559827588,0.169594069233834,3477.17588386571,1,1
999,-2,-1.77697512350152,2.32657575999978,0.763918465789732,0.993314315573418,2.10651967080776,0.320482636862866,0.0481070506467151,0.0761515123736608,0.0978669993119144,0.159313392730083,3546.59082313117,1,1
1000,-2,-2.16478797226909,2.30598009576713,0.789395556728314,1.02728412610266,1.98939212028771,0.387724498084267,0.0486759729615539,0.0773277357501636,0.0965986497273063,0.162460392068451,3503.44731358509,1,1
1,-0.5,-0.293404128120748,2.32985048862304,0.731886314974335,0.992130075193466,2.14897911513208,0.128002781893138,0.0472832415764869,0.0734406921325564,0.1043748469894,0.181882691097081,3578.34216628929,1,1
2,-0.5,-0.474249285866378,2.33533453418318,0.769550448588833,0.853856608811535,2.16985965988282,0.158946634024876,0.0453207661042037,0.0706170593561055,0.109082122969939,0.178855161973694,3600.76984791395,1,1
3,-0.5,-0.820176670531655,2.34474382033599,0.760113370945463,1.03539306641647,1.87985770298711,0.198529386527014,0.0476427738094299,0.0736972749765848,0.105908442288095,0.176643121864174,3625.08487794149,1,1
4,-0.5,-0.583290320913673,2.27593265369893,0.839082998671106,1.03717155864056,1.88704394282468,0.164038991919844,0.0468218496864679,0.0744351823399411,0.103661304275611,0.174371498670917,3574.36637502144,1,1
5,-0.5,-0.486069076713937,2.33655245785762,0.757589501287354,0.966156216441025,2.06303860258611,0.148222659611025,0.047160299532309,0.0737870374207037,0.109412304076775,0.182592660872878,3602.58022290455,1,1
6,-0.5,-0.481372670831247,2.35101681277628,0.744884100428291,0.866269709535753,2.15435659646345,0.152070485252934,0.0448166814810421,0.0699481098161925,0.109813178301469,0.179885601516075,3611.52150475215,1,1
7,-0.5,-0.445374962504546,2.14571806912826,1.0509811426002,1.1078977619971,1.89163950341963,0.151942401245908,0.0507295373995129,0.0763441888707523,0.103959264625554,0.169875595468436,3606.24632338614,1,1
8,-0.5,-0.650087264506931,2.37838640563158,0.734376273665882,0.908917287861371,2.0359490682531,0.189159490849651,0.0448233962072437,0.0702617143247458,0.108613423461471,0.176462111557323,3629.20077028272,1,1
9,-0.5,-0.631686486713599,2.41688396251941,0.648413527213678,1.04622766804772,1.88297930286913,0.183697387939418,0.0463286541739441,0.073005307873216,0.104089405999493,0.178836161641223,3628.25852003375,1,1
10,-0.5,-0.653247509680524,2.27282155126141,0.896676272050452,1.07764208001808,1.98787362616461,0.166151366926752,0.0495094184593176,0.07517566953297,0.104805816422574,0.172626434534226,3632.6133174816,1,1
11,-0.5,-0.329117947648129,2.31492192185912,0.738850450156745,0.817807370580641,2.28001614412883,0.130035387438538,0.0468108772220246,0.0747702054176499,0.114141755021854,0.186881244608574,3571.62812618082,1,1
12,-0.5,-0.299142780308598,2.38829978484189,0.737781095338816,1.06764997484157,1.97359381769159,0.132986777338782,0.0463091675740114,0.0732261064699053,0.106808350293652,0.185667390433348,3645.34694018662,1,1
13,-0.5,-0.499651740243761,2.30583929084994,0.822868723300355,1.10916159938868,1.90490755971235,0.154203303967208,0.0489522541972761,0.074809444060411,0.104192471388466,0.17532292958897,3619.99505434088,1,1
14,-0.5,-0.104125699137699,2.28505370442199,0.852087427657598,0.973104555652233,2.3479962945485,0.10387844060101,0.0464836775499256,0.0722378854546425,0.106998873754863,0.19038667427354,3573.5437940484,1,1
15,-0.5,-0.622603701423131,2.37826161522556,0.725324851634013,1.09235197598734,1.69274663920486,0.181371664153977,0.0482126215620435,0.0739389032710258,0.109298608713744,0.180825229538134,3639.68779756146,1,1
16,-0.5,-0.36058096599587,2.28091281690386,0.88143645504891,0.878955200335789,2.23912869182083,0.131910450803361,0.0475980186358866,0.0730601728417224,0.110343093594923,0.187526140516278,3601.30215922953,1,1
17,-0.5,-0.411386854276023,2.29232787490539,0.810764246981971,1.05198751261162,2.03060338753205,0.134915801267704,0.0485423763311757,0.0760660163835402,0.108081735581605,0.181473472565687,3602.90860877078,1,1
18,-0.5,-0.75810563516419,2.30448113268013,0.799915171950256,1.02071906725909,1.87331332702695,0.19449684126241,0.0467245275400036,0.0729324503957494,0.104325556045607,0.17230347004031,3604.08844912887,2,1
19,-0.5,-0.593611387277212,2.24200729295119,0.842510506200851,0.996721289591168,1.97219398797231,0.169573397662508,0.049243990946231,0.0754005488617476,0.106059137835923,0.181260856826857,3564.74840168059,1,1
20,-0.5,-0.691105617271944,2.25505118282869,0.825811547344036,0.981850167583778,1.88991864642789,0.19555304593246,0.0470147433814245,0.072552710002457,0.102687519979591,0.173049338071006,3549.0494039451,1,1
21,-0.5,-0.723088722793614,2.29983173595254,0.816827080273527,0.94995709332916,1.91031104990975,0.195105692688711,0.0477635172629207,0.0733345218773217,0.109162965735687,0.172432452544831,3621.4160337388,1,1
22,-0.5,-0.745712834968624,2.29041662685931,0.768541946624967,1.10969437831147,1.69056241877594,0.194841978634188,0.0477552981780597,0.0769347638237796,0.102484773000143,0.168149014750522,3568.28563262837,1,1
23,-0.5,-0.59610755321641,2.29406261742153,0.818231514291142,1.17134099254643,1.79510061644501,0.16439790782816,0.0491507948714984,0.0756472303801784,0.103017682643416,0.171563254033386,3612.76363340091,1,1
24,-0.5,-0.348326502016549,2.2062756702,0.956303151909064,0.824949842756831,2.36220749840708,0.128902388403746,0.0480597982116302,0.0734222822589873,0.109902053046728,0.185088064984766,3552.95549251763,1,1
25,-0.5,-0.26754911134067,2.35878392893932,0.692338274579785,0.717203556294659,2.395283128338,0.124348162209292,0.0444634858438148,0.06892165042116,0.115663567234329,0.192669320387289,3575.16896676394,1,1
26,-0.5,-0.333282633653146,2.3154575233593,0.727075565904134,1.04067332155261,2.08192747920321,0.127413932969732,0.0481409979356022,0.0754197389181474,0.104848766495487,0.181282435809101,3570.31922349555,1,1
27,-0.5,-0.356239322603866,2.25344786039628,0.88519323925841,0.896011181245167,2.22280886533357,0.137383904620596,0.0477837690252641,0.0718657142950564,0.109374379085499,0.181964249292806,3583.91168693271,1,1
28,-0.5,-0.242833041966763,2.27738631097917,0.774677162006379,0.899598770643445,2.15380310938816,0.124008887038377,0.0458363782151174,0.0735357686753341,0.112546128011026,0.186715481616218,3564.05418953626,1,1
29,-0.5,-0.586549415156091,2.27095983482103,0.8048352705252,1.07640518219025,1.93541345276758,0.16986306225229,0.0481129374441697,0.0753994659461794,0.102913685512646,0.169904605448837,3573.18017521721,1,1
30,-0.5,-0.554050863246127,2.3055405821286,0.777374809737165,0.980838699729803,1.99252253173343,0.17140401552828,0.0449250896871474,0.0711608584570563,0.104482199440944,0.173426199412405,3582.62555123575,1,1
31,-0.5,-0.510032347679369,2.3409320477325,0.773134271858228,0.779780828919138,2.37317783320726,0.154723249260859,0.0459830029942524,0.0708356275587809,0.110355399719542,0.184710690353663,3600.84279648636,1,1
32,-0.5,-0.370259578061573,2.25239382983991,0.810960400067153,0.791071843754405,2.40444080614656,0.137333877866567,0.0454246768922593,0.0725112123330135,0.111446665045179,0.195285287913625,3526.15212326736,1,1
33,-0.5,-0.570092641414451,2.29265868192319,0.851830088856644,1.14209181352394,1.761362762509,0.169990485161169,0.0477529149050365,0.075173907684387,0.106243787513321,0.176501736935699,3622.09856856157,1,1
34,-0.5,-0.473648745645079,2.25412327292381,0.870989861084689,0.916356377219313,2.14849584392846,0.149448144089851,0.0480333250665378,0.0742584356227828,0.10871371275468,0.179450001756403,3592.26848038094,1,1
35,-0.5,-0.380551053932721,2.35457596838791,0.761381702523229,1.13011881533951,1.9671454404141,0.128718352495154,0.0494602823682099,0.0757553938430466,0.107588727748049,0.173093911211367,3667.60282396213,1,1
36,-0.5,-0.29843328690497,2.23966291272013,0.870873770361849,1.05585793321548,1.9045507443156,0.143551603430177,0.048958070828642,0.0758585376717998,0.103610767517657,0.180516125371884,3567.95189568337,1,1
37,-0.5,-0.667701974003039,2.37659438597574,0.652067556707304,1.04607125979456,1.93139623087873,0.183847394289304,0.04530783503849,0.0736304662079348,0.103960697137582,0.177825523466549,3591.03771126198,1,1
38,-0.5,-0.473844150082255,2.31705390658936,0.75821380454898,0.918778526229759,2.06981219699089,0.14636150634689,0.0462814497071887,0.0740900657460005,0.109375006870579,0.179090079193508,3597.21227631688,1,1
39,-0.5,-0.497542128522732,2.29674276367373,0.843049936376862,0.994450920018817,2.07700501389604,0.145612293734507,0.0466832134182771,0.0726029042337353,0.103812328045678,0.17377501511621,3606.08151428725,1,1
40,-0.5,-0.639023435982127,2.35660402636047,0.721731013840907,0.893733809589642,2.05285513954012,0.183672891896908,0.0457124525164032,0.0708231174112914,0.107689001307954,0.176685141091543,3613.16480188436,1,1
41,-0.5,-0.32231026437158,2.3118475023158,0.804148206454319,1.03269941058465,2.09885970740715,0.127485625890018,0.0485490807503997,0.0758532000430156,0.107629120667416,0.175753432932518,3637.60528022664,1,1
42,-0.5,-0.442919591361432,2.26959735525117,0.878099599751803,0.961406838207432,2.07327847302581,0.141128013457269,0.0459245315363506,0.0717040205352645,0.108115897539178,0.179006345450427,3590.62868725167,1,1
43,-0.5,-0.563043431942539,2.29605269834059,0.806135547974628,0.853830130695841,2.16672278209831,0.170051252538353,0.0460703985281051,0.0715701770741052,0.108341427967845,0.179151488483077,3566.70961335731,1,1
44,-0.5,-0.470124715087247,2.28247876223904,0.810785754375534,1.02689884358116,2.04402799656073,0.146184459848609,0.0471051986441999,0.0755672302486553,0.107873740522786,0.183473699463348,3581.17328372375,1,1
45,-0.5,-0.649423587265285,2.35041625719749,0.718401194720349,0.949449549550717,2.00575673415256,0.178390390567687,0.0458362736427413,0.0737147394872008,0.10330259128642,0.16943250656212,3585.36859341039,1,1
46,-0.5,-0.515483461295259,2.3063228408924,0.852436274753271,0.963380090723697,2.1175128290313,0.153158442530087,0.0465481191487584,0.0728136003243422,0.105134280567872,0.170502208917446,3637.67144844649,1,1
47,-0.5,-0.257469440121964,2.22579853200961,0.869030674967334,0.960400832965734,2.16404944145247,0.127906092345154,0.0477069118181796,0.0727558672259926,0.106211444100718,0.188657297722118,3547.52158052999,1,1
48,-0.5,-0.5050596703072,2.31609329752101,0.842907445835889,1.01685425021856,1.90655079185167,0.167353332164196,0.0471138388907191,0.0731758667291684,0.106422468880606,0.169266481618623,3662.80979226169,1,1
49,-0.5,-0.530033182606425,2.320064533774,0.806869867542884,0.967239766277917,2.10598577483175,0.154239407317621,0.0472066842966189,0.0731198487092976,0.106121058318734,0.179079537682714,3620.58807532522,1,1
50,-0.5,-0.404290077179144,2.31708615853905,0.796204854424323,0.714435482049981,2.58024267019582,0.136644525477776,0.0443254193318037,0.0694403745247014,0.110781875889361,0.189785044381567,3557.06666028047,1,1
51,-0.5,-0.586327740424582,2.3210468032017,0.807884010799116,1.30029330403659,1.37931998911846,0.178630252482024,0.0483552023671113,0.0751923344673446,0.102991979503809,0.166894614762543,3649.60469604003,1,1
52,-0.5,-0.476788400787048,2.2511809904878,0.876391208601645,1.0122132700621,1.92863201130993,0.154811697452241,0.0482374936798468,0.0740667911570721,0.106126285909037,0.17769863953337,3576.2262509457,1,1
53,-0.5,-0.520685632763558,2.36525017896738,0.721223645786457,0.768879315471971,2.45033704325747,0.151448817944305,0.0458360682223846,0.0728368955284203,0.105905251521334,0.178370262797828,3589.31296152746,1,1
54,-0.5,-0.59674636634052,2.27534277824997,0.798953423462544,0.959397194247125,2.03041241567022,0.173474099425408,0.0479761208019626,0.0752430453917439,0.108328318994477,0.183235057780792,3548.49335758,1,1
55,-0.5,-0.392307857305727,2.30578265969701,0.80133278653569,1.06934059392162,1.90882161941151,0.138187734591081,0.0469268629773752,0.0735542669438166,0.103585342760338,0.174469241876846,3594.41762493055,1,1
56,-0.5,-0.261213380216951,2.31108492853942,0.834657051040007,0.754470169753784,2.46973504351372,0.124380292098588,0.0444394494048318,0.0690221327669726,0.110125409703866,0.190167538148313,3571.96433990119,1,1
57,-0.5,-0.701593283619986,2.25808483860113,0.886686582856795,1.05697715165382,1.85343909812153,0.184950335478741,0.048096658857671,0.0726980479916517,0.106377196565056,0.178749740210067,3602.6791382503,1,1
58,-0.5,-0.615268947528065,2.33470615584641,0.764200774107987,1.02285770546897,1.99925907694797,0.161861324263162,0.0481121894872458,0.0769416541170289,0.104826862443202,0.171305914980058,3604.74727421678,1,1
59,-0.5,-1.01790511216343,2.26658441870433,0.845705966949414,0.901425234120079,1.89362214202975,0.243821508836825,0.0468419002941901,0.0732322020991502,0.10636264971022,0.166484067737307,3576.98892996979,1,1
60,-0.5,-0.604619039750482,2.27201963591605,0.820675586756526,1.01331368233209,1.94713277818504,0.158118570788391,0.0497435143980585,0.0765642860991352,0.107377886739601,0.165791433463739,3616.35369928216,1,1
61,-0.5,-0.372998442949297,2.40379107123103,0.681659004525968,1.1263047123531,1.87980767017299,0.148986554853097,0.0459944849429648,0.072661553615415,0.103283266001604,0.178719030471506,3642.99874036025,1,1
62,-0.5,-0.640675759230714,2.32518918670204,0.781299531269581,1.27125469993875,1.59742196657077,0.174353080090895,0.0515605139455894,0.080358368506882,0.104739059555654,0.1659504616493,3668.52846080657,1,1
63,-0.5,-0.576850715267889,2.3052469245914,0.794959042321234,0.843954481495231,2.18652733532374,0.166672579083628,0.0452784331837964,0.0712292337664647,0.109057773079686,0.182332914435523,3559.87980928295,1,1
64,-0.5,-0.743509556859249,2.34293381685053,0.77410905298138,1.20862813457889,1.54018768686631,0.216180917565923,0.0467612596258726,0.0725709529144842,0.102105705930475,0.16475709618165,3653.81388633313,1,1
65,-0.5,-0.598175926404542,2.29970327994892,0.809222879580809,1.05058561801056,1.7989228582341,0.173615428580345,0.0468938609198172,0.0728105797936815,0.10136094441468,0.168554461672047,3585.14730229229,1,1
66,-0.5,-0.616423549827507,2.27158654341454,0.873322136204786,0.895365175615365,2.04537097127473,0.177600627050851,0.0482059862438058,0.0750398976342376,0.108011864170553,0.183788475838907,3571.54970933417,1,1
67,-0.5,-0.425338614319906,2.26721288370693,0.861627651425548,1.02955585369209,1.99403715655366,0.149457963375703,0.0497737265279507,0.0779664695013849,0.108484117357499,0.184609463579419,3603.6841624189,1,1
68,-0.5,-0.453104047667528,2.38327387257632,0.692074409032545,1.09514473818481,1.89560439783067,0.143691274746408,0.0470127465329347,0.074252851462147,0.106041283639004,0.179490490920042,3624.84931052818,1,1
69,-0.5,-0.635367017085645,2.2719814651909,0.807357180822199,0.901789386731836,2.15354242108157,0.181309438267051,0.047899463567599,0.0754320554309142,0.103645503805756,0.176471390755053,3546.47215670074,1,1
70,-0.5,-0.841834210867598,2.30215946592,0.806000952394231,0.86744691108738,1.97208877771974,0.233278595918521,0.0449316619413024,0.071955881212427,0.1093155695901,0.179779646426103,3592.20462765474,1,1
71,-0.5,-0.420093557467569,2.33534245637407,0.732725306590649,0.934243135303078,2.19138099970836,0.135817335928024,0.0479453474587548,0.0748380240187957,0.106185296898891,0.170604178136659,3611.38877719908,1,1
72,-0.5,-0.748615137445368,2.31762932802027,0.790770004105678,0.9124218901055,1.98799011849645,0.196620637042606,0.0461518907369441,0.070533956260838,0.108145849644149,0.175613738000617,3616.3812319607,1,1
73,-0.5,-0.439198251580143,2.28222496731442,0.858362661971785,0.935249197359294,2.25345757486239,0.140903665853436,0.0472457290670477,0.0731176988793982,0.107346353748207,0.182516722969178,3584.27841830181,1,1
74,-0.5,-0.356490868187694,2.34802087479338,0.757949691061978,1.06453668520503,2.01543903881405,0.136299369527716,0.0469716577855982,0.0724903117912971,0.104126604681266,0.177840437559724,3622.4930469348,1,1
75,-0.5,-0.501724523738236,2.34235371016447,0.76481845032619,0.900203515199517,2.18241566639855,0.151859391477581,0.0468954134454912,0.0740108600659125,0.110659624993184,0.182536377013621,3613.98351525825,1,1
76,-0.5,-0.623596557228084,2.26268090612649,0.909631913808479,1.00526452623906,1.95782768604822,0.177588084889239,0.0499574208290616,0.0767345099999179,0.105008838622274,0.175328537117111,3606.86706796871,1,1
77,-0.5,-0.210110875948889,2.27867651632089,0.81438171882513,1.0469430009123,1.96746830202436,0.117391834271618,0.048187629318821,0.0739898791356015,0.108609204896612,0.1840103050222,3607.56122916591,1,1
78,-0.5,-0.679115839130342,2.27984316904695,0.843737846433605,1.02929491796567,1.87428390071178,0.179501370345313,0.0483006697335803,0.0747073718714872,0.105768134488968,0.177470473786619,3596.76547673198,1,1
79,-0.5,-0.42428691426791,2.25773895053904,0.907087474257341,1.04617697722997,1.98911235864102,0.14046487782347,0.0489145159518585,0.0737943491595819,0.108422947936352,0.172868917886527,3650.2433770567,1,1
80,-0.5,-0.572391226201102,2.2868812200151,0.817443686750683,1.1503428472822,1.72276531203558,0.161182367975509,0.0490638095235204,0.0768123124244075,0.103898085763808,0.174912128541998,3607.63592199474,1,1
81,-0.5,-0.323635608631081,2.30154090790652,0.78862051350974,0.948715759440643,2.07854579039095,0.132381535016739,0.0459963644273209,0.073222378980094,0.109498236253166,0.186197352022564,3586.64563105362,1,1
82,-0.5,-0.492613257168052,2.36449877340732,0.66872268753318,1.07222981377335,2.00241431578549,0.148969554008016,0.0488020043303895,0.0751021805961986,0.104227620933726,0.177663464022265,3605.01178221306,1,1
83,-0.5,-0.692211696255055,2.39400215808564,0.659515072084124,1.01909657148975,1.82696795581702,0.199131670424512,0.0457493121108288,0.0715410901258258,0.106867953008257,0.177194098970783,3620.40007183367,1,1
84,-0.5,-0.355060491702056,2.36123575487788,0.742177539109397,0.811509010320508,2.33259516197573,0.134348960494775,0.0473559664942394,0.0729135360005089,0.108883502612797,0.186008491009892,3590.32918685105,1,1
85,-0.5,-0.450069943768189,2.39328203175002,0.73410180291443,0.973393652269582,2.09294541853341,0.149593777467884,0.0445405376307972,0.0709036462989741,0.106740012733614,0.186067675963606,3636.65917975589,1,1
86,-0.5,-0.784714236505266,2.34438619087702,0.678509298563168,0.927867043728769,2.02481344820468,0.197441459421749,0.0465214012871942,0.0747836757242625,0.106759229283759,0.174319336192395,3568.31557065074,1,1
87,-0.5,-0.818192135217396,2.30674561092446,0.762754197165672,0.820837951419609,2.15606484997212,0.203135948451314,0.0466606159357052,0.0738156981772275,0.107325383521297,0.177595951767342,3550.34104441941,1,1
88,-0.5,-0.800532063571763,2.25026079843594,0.891807953579856,1.04915032092014,1.8605865327075,0.198140352518107,0.0481002983141228,0.074783891125383,0.103700826471897,0.171205829518458,3605.4252865808,1,1
89,-0.5,-0.721454093174559,2.28642671311296,0.803359820109589,1.10302748859335,1.72650599483973,0.206743135758795,0.0481642522914502,0.0745389451981649,0.10639534869231,0.176307459546051,3603.97810577468,1,1
90,-0.5,-0.540343435170074,2.31976150710851,0.776193808789103,1.07737945522414,1.94193945513524,0.162750062299875,0.0489780259194934,0.0786824237173716,0.107119104775691,0.179309486085457,3613.6241856494,1,1
91,-0.5,-0.510847008410802,2.34308150994373,0.689892627998227,0.98049949217142,2.10164056328078,0.145390985064314,0.046550305378786,0.074199888391484,0.106666993981965,0.173578687998669,3608.45325023513,1,1
92,-0.5,-0.360331670562405,2.24091451127255,0.898739678758325,1.01046868763455,2.01721999972081,0.143522445866836,0.047824234344444,0.0732146478846643,0.10575832217426,0.175824045812203,3612.71016106275,1,1
93,-0.5,-0.461119935914016,2.31183468515041,0.821779509889244,0.782622404442773,2.3085273663877,0.153448786185132,0.0451238341249174,0.0701835568264497,0.112185237405504,0.186844524234877,3591.85584328142,1,1
94,-0.5,-0.362613303360768,2.34185227206248,0.764213296219008,1.02950969961096,2.08591255029721,0.131691669324971,0.0494938083039505,0.0770323598273697,0.109524281507191,0.18452290654471,3628.10708713724,1,1
95,-0.5,-0.574333867236447,2.37126504933208,0.780838745831334,1.09149677753392,1.91656737940387,0.177189699751626,0.046161534333508,0.0728776346507276,0.101142098951361,0.175338515903736,3634.90027850942,1,1
96,-0.5,-0.559942401541221,2.30240528561464,0.829911791100626,1.04487127100084,2.02310224797671,0.158694953914569,0.046559652366487,0.0728044161952456,0.104408276805216,0.172914147235865,3612.91820816417,1,1
97,-0.5,-0.883891143688907,2.26216976131196,0.807330201191688,0.957418152097409,1.94796809755822,0.224966467931304,0.0467161610187894,0.0743109080702215,0.103039223480039,0.171748801038742,3547.79840781336,1,1
98,-0.5,-0.27001379535313,2.2368980599027,0.965285004982888,1.13824962136598,1.87561240431671,0.127231755894184,0.0483128443316105,0.075395868290513,0.106740139349104,0.175079218084118,3630.85385792532,1,1
99,-0.5,-0.33163775867947,2.28042054965483,0.854431127887244,0.77932537613778,2.41288877831813,0.134488186307711,0.0450547271747487,0.0701085141807683,0.110749227730751,0.188817523540594,3560.54706456257,1,1
100,-0.5,-0.351129242465592,2.29278601337394,0.78818517290027,0.758333001601936,2.33580173880614,0.133356343495121,0.0463021778528294,0.0715269993505425,0.112562134807979,0.185647613606963,3583.20064051301,1,1
101,-0.5,-1.0054994155898,2.28531973790466,0.812166545465794,1.16684443213735,1.64050361773001,0.226238837963551,0.0485324665319179,0.0764025395578826,0.102997699601454,0.168106189744358,3596.98572911478,1,1
102,-0.5,-0.263211229134512,2.28062311796785,0.805312316087088,1.05541639411561,2.0440835088062,0.120621538401069,0.0487638369476603,0.0774170251234685,0.108261420346557,0.181767856951028,3604.97797695574,1,1
103,-0.5,-0.46928165503142,2.28322571616761,0.852409383601014,1.1062145914905,1.94198515570691,0.144327408345776,0.0498143020856708,0.0763660384894613,0.108343459180781,0.178345545841264,3637.93093674886,1,1
104,-0.5,-0.477212734341585,2.35089617114606,0.749951267219537,0.943986599258855,2.10033906134555,0.150025156101605,0.045427306339348,0.070890578955798,0.112714798440136,0.187615326412057,3604.76289931995,1,1
105,-0.5,-0.372253479593994,2.27874201856448,0.847669486747475,1.09375472906222,2.03401824488922,0.128674627941862,0.050528811781457,0.0765482205527142,0.106372626872792,0.177842107567274,3621.03177511135,1,1
106,-0.5,-0.331364935067711,2.33036942238835,0.768408981174402,0.874419615950439,2.22731694870418,0.13237945230387,0.0464031763641599,0.0731575433223843,0.109639113302146,0.18527259425571,3588.08230928822,1,1
107,-0.5,-0.641188680215183,2.29153625324363,0.811980823221849,0.78115731492201,2.1849480683873,0.191857576753229,0.0447342797306671,0.0700020803719581,0.111999523220941,0.182122586049868,3577.30009208233,1,1
108,-0.5,-0.604235337251966,2.30248079501146,0.76890656188036,1.11172454067636,1.73551356417526,0.17139850808704,0.0474980823508852,0.0760569059025398,0.10435098959895,0.173590022058413,3591.8941292725,1,1
109,-0.5,-0.800682364652093,2.30635430504982,0.840591109506237,0.864758741124152,2.06556193409815,0.206817452147491,0.0455234060316935,0.0703869689735972,0.106604223682987,0.174969085053228,3615.20284140896,1,1
110,-0.5,-0.377587337403674,2.19116517920588,0.975966606994899,0.931922291448319,2.14649140845152,0.135103492711057,0.0483434522111371,0.0748763263373079,0.107321841646533,0.182405120314193,3536.77519862937,1,1
111,-0.5,-0.598349932736034,2.21891453827298,0.880480592912463,0.920023597258317,1.97336940936602,0.173754269744047,0.0477427966945222,0.0750295038399859,0.107308946174406,0.175983732575634,3552.36340362183,1,1
112,-0.5,-0.469234960604818,2.34750370496199,0.760651035702909,0.910131233669925,2.16281525998489,0.13972627551343,0.0476800459570109,0.0736496226275029,0.10758524967139,0.168944745484788,3650.53502878137,1,1
113,-0.5,-0.427830500007506,2.29597436853385,0.838120504823904,0.802387258105166,2.4193384376701,0.136265070401925,0.0472489913167889,0.0720513527908205,0.110512498170992,0.178156587215849,3618.58079759188,1,1
114,-0.5,-0.460812691228839,2.36268784866554,0.723764063315347,1.06157779156299,1.89199119638966,0.158395543003889,0.047143828962856,0.0740224219895754,0.105257909716371,0.17411471155012,3627.5143513362,1,1
115,-0.5,-0.341377276728021,2.28807977199032,0.76523408168531,0.855716377857655,2.26651360572851,0.130239347349598,0.048164214319036,0.0748026071238773,0.108975980996113,0.175260648193504,3585.62958314075,1,1
116,-0.5,-0.439628716955962,2.25800432056856,0.887636090677904,1.03544532126927,1.95219699789256,0.15502621867745,0.0472959833948107,0.0732547243481466,0.105612572291472,0.174122751304183,3601.98261032759,1,1
117,-0.5,-0.545872041206687,2.34387408554947,0.722235457170477,1.07844178216238,1.88138238781278,0.163778019884289,0.0495076424320706,0.0751834196919807,0.104997380839372,0.173909153545485,3618.98110323534,1,1
118,-0.5,-0.331522271566465,2.35260187605557,0.72733782436536,0.809080024914354,2.34915362770005,0.129032742513151,0.0465712327940117,0.0715269411089201,0.1135216366145,0.183502878103937,3618.62818566922,1,1
119,-0.5,-0.464640190079442,2.30178325244375,0.829251909578448,0.967300130186938,2.1798125678378,0.146276079690767,0.0490178149422267,0.075235111036112,0.10572639522298,0.175712111535816,3627.4179221916,1,1
120,-0.5,-0.377595304575037,2.24374670666323,0.859324043939567,0.898658406368041,2.08305407824399,0.13901669592781,0.04682589416709,0.0726612158488329,0.11264072182256,0.186516877981118,3572.32686357746,1,1
121,-0.5,-0.422698146844629,2.3225629236095,0.748112780092678,0.896515583191521,2.13354274825489,0.148878751774378,0.0477835008617161,0.0738775199538427,0.111549239358026,0.182332144828689,3608.23873350338,1,1
122,-0.5,-0.796217216401626,2.26031438437838,0.864669367657011,1.05172560047147,1.8472989000083,0.192269831765485,0.0490532422866012,0.0754230422915669,0.103124032005148,0.175570612645639,3581.83775084428,1,1
123,-0.5,-0.612201780260687,2.19819345996458,0.971560299415517,1.03117009622276,1.9384963150172,0.172507663396878,0.0499202062093069,0.0764902540780319,0.106350716383662,0.171080601070618,3602.40091294721,1,1
124,-0.5,-0.471690912606127,2.28523259093847,0.789488587879759,1.08912617241916,1.96180132614064,0.141013220389379,0.048724264971596,0.077279038104572,0.105612647491419,0.173330090671275,3600.55690757272,1,1
125,-0.5,-0.440830601778231,2.34131224662486,0.786254879188903,1.14600923648257,1.82846330120916,0.147072155455581,0.0474904692588971,0.0743247926555085,0.104008724008029,0.177518453000212,3634.47188603454,1,1
126,-0.5,-0.627282141222169,2.29694630966282,0.796924152813798,0.911779206616507,2.11142610430758,0.181317176965014,0.0463814195544229,0.0730672790856487,0.105666556089574,0.174381578754727,3595.63020007239,1,1
127,-0.5,-0.437698737567061,2.3135252917338,0.768273302732111,0.991269727738338,1.97279015009997,0.147235367474866,0.0470462080079058,0.0740668422629747,0.104883604280378,0.174797537874583,3591.87226446979,1,1
128,-0.5,-0.436508959423303,2.2620558240685,0.844534326752632,0.856463542843913,2.22120191420244,0.152728331139757,0.0458285033022115,0.0703010020979101,0.104990951280268,0.182965969432082,3550.22347108861,1,1
129,-0.5,-0.319793997970455,2.30085279270185,0.827163897896913,0.96200947049147,2.22028819380619,0.125026410853862,0.0467106510658623,0.073947334014628,0.107015686304734,0.187561895784111,3572.76701169625,1,1
130,-0.5,-0.527297897347651,2.32041675809902,0.796555137992192,1.00645337497717,2.00929135626588,0.151961872956514,0.0467879006972095,0.0719967732648678,0.103711142609215,0.174050081797188,3610.24774978594,1,1
131,-0.5,-0.305899558411997,2.22452036653602,0.820624769318941,0.996957945722204,1.94937360055588,0.140112378928817,0.0483757129702527,0.0761614582533669,0.109858657545418,0.186184348487127,3529.51015480124,1,1
132,-0.5,-0.479731047989243,2.31166416669863,0.754320896316134,0.973395962434953,1.97233660449598,0.158311732042592,0.0461503944483938,0.0715057666753567,0.106674011237847,0.174153454100833,3599.45080724949,1,1
133,-0.5,-0.629130365725217,2.36238760200492,0.694651984566739,1.00834147638835,1.86531198265827,0.179522100804087,0.0453740790299375,0.0722659635092991,0.10553135912822,0.171700991241433,3617.65760460316,1,1
134,-0.5,-0.495880215337677,2.25523350856065,0.856062692968506,1.10180990148753,1.69312309128837,0.164870351586488,0.0479449051577614,0.0754531478458178,0.107453775938688,0.183706804002754,3576.44770751435,1,1
135,-0.5,-0.480742563762391,2.325761487218,0.79102503863094,1.03799793046567,2.05975342324228,0.14134599863702,0.0488140558151829,0.0774154479597143,0.105822723570712,0.171951344939052,3635.92843000542,1,1
136,-0.5,-0.501312903586812,2.32191479580477,0.792343683704985,0.831366076296974,2.33800391105361,0.149596728902755,0.0468222886264158,0.0732258435916914,0.108908412090898,0.17678299614487,3613.99408984079,1,1
137,-0.5,-0.349441712969689,2.29773705838902,0.839043164181059,0.970221480726131,2.01027854458201,0.140305610692957,0.0466932877587788,0.0727737424117235,0.108517659684152,0.185937709763486,3599.00517880489,1,1
138,-0.5,-0.502281238996939,2.34559288453883,0.67514601719157,0.962020265081816,1.9102858344538,0.162875840831628,0.0458711972142776,0.0725192618239949,0.108540792673293,0.178702802083416,3592.01358215771,1,1
139,-0.5,-0.515149428499783,2.34752493669728,0.752100467123334,1.11536608215564,1.80951987345473,0.161665698092864,0.0475320008260946,0.0755654756785876,0.104683794994717,0.173637670440304,3626.56151656314,1,1
140,-0.5,-0.4495350026409,2.36406781728387,0.67579158051486,0.981958498616613,2.1580073435408,0.136827367837812,0.0499991663672262,0.0757875700540405,0.104526101851831,0.171810829692412,3617.81831541573,1,1
141,-0.5,-0.265710252327624,2.32956577762685,0.817800827327256,0.982494958597647,2.23652854904837,0.120319791011335,0.0483809153181551,0.0734557654106964,0.108307562956593,0.17894602653984,3668.38076255634,1,1
142,-0.5,-0.545707412113862,2.27429691733337,0.904696985123343,1.12370142073294,1.79385989185985,0.161350898558761,0.0494212625150487,0.0770990243824123,0.104251356055151,0.167747120582718,3647.47176923929,1,1
143,-0.5,-0.877173079732248,2.30960343696068,0.77801687141944,1.05988674074806,1.53726330657853,0.273249187235087,0.0449474441982371,0.0714420179950557,0.103580871152953,0.180475331912506,3569.12467991946,1,1
144,-0.5,-0.318005319247048,2.3266974154231,0.856789030926357,0.996199396430056,2.10971683969982,0.136618566436986,0.0451612786917266,0.0712551231616493,0.106052986406043,0.184456313817849,3624.75438821143,1,1
145,-0.5,-0.581425923491753,2.27695577758813,0.807217989822969,1.08704254298993,1.88521778236422,0.158500460070912,0.0502937277395823,0.0762213076642959,0.106236255489839,0.174944288626327,3595.12527978779,1,1
146,-0.5,-0.420337585966452,2.24996939152304,0.917375489814759,1.15991210670083,1.74147480229009,0.147096815166804,0.0490265534344631,0.0750291947068363,0.103006604917192,0.179721098357479,3609.5218412272,1,1
147,-0.5,-0.522783648118657,2.27821409965144,0.812807922621267,1.02369695898083,2.02997842470544,0.155823510309133,0.0495710299610468,0.0757849786378035,0.104803050898428,0.171966683530646,3602.78552078307,1,1
148,-0.5,-0.688928506982291,2.31239058810946,0.819089322857001,0.964093445294778,2.03847116149784,0.179807150835737,0.0471671194586343,0.0732732723527288,0.106252463503506,0.176581401342154,3597.88659926405,1,1
149,-0.5,-0.587793356632797,2.3581476632528,0.749922915750427,0.881569248070861,2.33653246224135,0.141723656187179,0.0487313842505162,0.0752033568165947,0.110897295272122,0.181945162753396,3594.63249358111,1,1
150,-0.5,-0.881059123526368,2.35910026125815,0.686273270208325,1.12151950735431,1.60757440348434,0.234909242681786,0.0469981824827385,0.0742759540563818,0.101504862522024,0.167949044466061,3606.70841260945,1,1
151,-0.5,-0.71337683051424,2.31433749199021,0.769047852766308,1.14140096075949,1.67269720415496,0.194757577977567,0.0497997587196641,0.0775686963044065,0.103334384595759,0.169773507804822,3612.08656814692,1,1
152,-0.5,-0.400856885674001,2.32610286552664,0.824234235540831,1.19389435755597,1.72718459584784,0.147551738067953,0.0484140463075513,0.0756533932692456,0.103069961863799,0.173514586884354,3651.37934535991,1,1
153,-0.5,-0.465184201356759,2.26450943661727,0.830648828698938,0.985420531571375,1.92873253212016,0.157559538220309,0.0460198562496014,0.0730899152454746,0.107976786710859,0.183134055911632,3560.3692389736,1,1
154,-0.5,-0.311003428965463,2.2684252884652,0.827909324522183,0.959065809886076,2.10349107255804,0.1260477699903,0.0483365410526289,0.0734985215595001,0.111342340505784,0.181096105898119,3610.29165656181,1,1
155,-0.5,-0.521742550461359,2.21569187754434,0.935287537204706,0.942254802793132,1.97864720030028,0.175260359160565,0.0474089018650782,0.0738997218005913,0.108611125168602,0.175943432220826,3579.05228208423,1,1
156,-0.5,-0.721565293294614,2.32652480673218,0.801016983606408,1.16387866339319,1.67441426936452,0.187116721627258,0.0474245341508151,0.073598074244199,0.101756012462479,0.167970847904647,3644.70833218488,2,1
157,-0.5,-0.403168407114267,2.24505650472419,0.925867776744387,0.934733582865717,2.1497726038471,0.136583456081966,0.0479704469180114,0.0735252501005847,0.108547571275361,0.178079565278549,3605.42196895801,1,1
158,-0.5,-0.380311547993268,2.32353342204348,0.759023111455563,0.797342980520801,2.20755770882082,0.158867163816885,0.0442275830349929,0.0689518024257872,0.108800230055141,0.19009412120779,3571.84380162658,1,1
159,-0.5,-0.459532970792896,2.23519921644723,0.954753695178494,1.10280869326321,1.89989446265751,0.148517622716464,0.0493107671786412,0.0740849935164062,0.104784846577705,0.17398016168806,3621.17589346859,1,1
160,-0.5,-0.456726743275868,2.26898763726691,0.840997264607638,0.908992281725468,2.20130976899594,0.139137287977171,0.0504765800555699,0.0767726401722385,0.111726331674215,0.180163375233808,3607.00080058343,1,1
161,-0.5,-0.475054548347135,2.30187785598906,0.805824223031682,0.977954728194289,1.86453494536321,0.168474808764233,0.0464110415698715,0.072136347222298,0.105471662364579,0.175832625783481,3594.20350840648,1,1
162,-0.5,-0.727216190884951,2.33565060905873,0.769113341543451,1.02461766917199,1.98494224614593,0.178339034600485,0.0472583879810354,0.0755641603071475,0.10304913014378,0.171553888913869,3600.80182526748,1,1
163,-0.5,-0.505340294335505,2.27348600779495,0.842920198401288,1.11248403105573,1.80412535619879,0.166246616120891,0.0478426955500445,0.0742722858534675,0.101556878203809,0.170711961261222,3606.40230732249,1,1
164,-0.5,-0.403467085528853,2.32098885454018,0.754097438082696,1.14346040415137,1.63519919857816,0.15564157843355,0.0480993323111769,0.075775697447919,0.108370318580135,0.179676809775597,3610.73947494493,1,1
165,-0.5,-0.543260584632529,2.31643857487471,0.792469029051249,1.12173210937511,1.7524983942203,0.164775425537823,0.0479576141075479,0.0739542693109048,0.106235631078708,0.172530909082377,3642.43459118221,1,1
166,-0.5,-0.599260458682306,2.1968535914199,0.890784312613378,0.9051847353177,1.95137711500167,0.190527516658713,0.0459707689698824,0.0714594720573365,0.108160846445751,0.181442718965379,3539.63110045866,1,1
167,-0.5,-0.196337498707968,2.28262601101205,0.766594808516289,0.915047977925164,2.18495361838819,0.114008619177931,0.0483635760852079,0.0754978285958131,0.112246871418649,0.191164038285898,3576.74619781099,1,1
168,-0.5,-0.684672739970785,2.33144146503887,0.716338107985114,1.03233908243803,1.98421557658828,0.172403969200805,0.0487097369784406,0.0764061328323533,0.10628076700284,0.173852505547529,3610.6158610784,1,1
169,-0.5,-0.570420091418552,2.26795485858342,0.890260350330257,1.11636089641794,1.92667840459784,0.156418976547868,0.0497708794998986,0.0762627719783636,0.106249917272843,0.185479685731552,3593.78270137401,1,1
170,-0.5,-0.491730825738173,2.38229927150645,0.750054176444427,0.863604147172861,2.30278491097075,0.149447335482388,0.0457917078624343,0.0710011995401239,0.107851420081405,0.178420289016121,3629.84084562399,1,1
171,-0.5,-0.597027146952012,2.37832110669829,0.728008202007667,0.848904846196102,2.30558800363837,0.163877335548906,0.0457690732017481,0.0724229107863686,0.10890287068455,0.183317080482045,3616.91397599837,1,1
172,-0.5,-0.544446339790758,2.21658029211534,0.897462650510273,0.996291618014744,1.89513583766998,0.165459904604048,0.047642409785106,0.0753052641217269,0.103649600212939,0.167030681125638,3562.37359051327,1,1
173,-0.5,-0.666080029352597,2.32462437835729,0.739864269441268,1.09339102362265,1.84392297315868,0.180773500171541,0.0491573739108641,0.0763182076223904,0.105026924511838,0.175780326285544,3616.28135860648,1,1
174,-0.5,-0.496694201347992,2.30805869574734,0.784396080757351,0.976696067041667,2.03433605800821,0.161397028398634,0.0471685264620993,0.0728725076270918,0.103342100490578,0.172893715757491,3591.77495005965,1,1
175,-0.5,-0.283993651370751,2.36675425788995,0.65006340253177,0.757928329449465,2.42766309352243,0.125061630902401,0.0442722846425553,0.0707180087687671,0.110532848115757,0.186605596641531,3553.13821234341,1,1
176,-0.5,-0.487076832094319,2.36185452684939,0.737618921243786,1.03667645541867,1.90308498845402,0.163123073633063,0.0473933349602575,0.0737185334741672,0.105612284733847,0.174742780342669,3635.61987202295,1,1
177,-0.5,-0.602094615875791,2.27006341085015,0.802712015712349,1.01618582113626,1.96959975524668,0.168745661803114,0.0486023065568054,0.0754954384243002,0.104222912319568,0.175965196240735,3589.0884773016,1,1
178,-0.5,-0.659960090729681,2.34313621552387,0.749142037198028,1.14671518546652,1.76828147347407,0.17838774821937,0.0470704762282627,0.0736350369383219,0.0999700834239263,0.166177255179921,3619.7926005389,1,1
179,-0.5,-0.675029910911564,2.34449284362237,0.762266472595746,0.992201661089951,2.05068532428182,0.170694461386766,0.0475156298910591,0.0731226843099111,0.108202944497378,0.171332669671856,3651.93229799585,1,1
180,-0.5,-0.547926633192363,2.24819901137724,0.846299817334016,0.849523630378857,2.13862910127597,0.163460894638827,0.0460978001439751,0.0714235651051485,0.109033209507642,0.17933100718866,3561.86533314773,1,1
181,-0.5,-0.222564263596007,2.34998428082971,0.743077079497816,0.989328687760287,2.13207688358277,0.116339447726186,0.0469151134180582,0.0762037906782789,0.109944800413485,0.176783447216173,3642.48320379195,1,1
182,-0.5,-0.324862197285678,2.39773746647742,0.686085086573165,1.14807918548867,1.78387678026542,0.139317947481403,0.0459229777194312,0.0728723804458306,0.103976060432784,0.171770716721406,3653.44186542205,1,1
183,-0.5,-0.255055042343306,2.37022572254417,0.693370920255499,0.904016047895706,2.20686831471494,0.120993253246761,0.0461774033433032,0.0738783744964012,0.111811016481794,0.187621201984567,3605.94329681977,1,1
184,-0.5,-0.489644156969011,2.34427788677308,0.678717780500413,0.863380288117617,2.10436118114997,0.169490102579372,0.0454591555904538,0.0714318673251751,0.110642199406262,0.178289850037962,3606.51522529055,1,1
185,-0.5,-0.425602526021685,2.2029819068754,0.900576355844966,0.939868463878371,2.15873779705301,0.137210564863588,0.0493894002608527,0.0758519746819585,0.110362411478413,0.183257641687709,3552.12386351337,1,1
186,-0.5,-0.422148130579469,2.39887172363123,0.676560876796947,0.847255933373899,2.39339489202448,0.130423876571105,0.0469502068420373,0.0737655288897866,0.107078364241211,0.176039765826321,3610.6934262554,1,1
187,-0.5,-0.387230054938566,2.27422430136734,0.815561918609952,0.843050729972083,2.21819031641859,0.144128366693708,0.046789226347058,0.0722140595866231,0.107801847243768,0.178023513368892,3567.70485957929,1,1
188,-0.5,-0.337977605521214,2.3746140424224,0.72583797760619,1.16172212908597,1.77956238064344,0.137419888562716,0.0462464410162464,0.0724049805968805,0.102019678840611,0.175484934410389,3630.98221491249,1,1
189,-0.5,-0.643533411073836,2.22018263478943,0.914798631779374,0.982988610098074,2.0075703337107,0.17529785665956,0.0491767077383602,0.0748135939048403,0.106426674998619,0.174134102697534,3588.23349477868,1,1
190,-0.5,-0.681226066732725,2.3264119550112,0.79094741038651,1.04743914822821,1.94243982399115,0.176790306711881,0.0485412796258425,0.074863336685207,0.105178591702694,0.166262000669691,3648.15468511899,1,1
191,-0.5,-0.286201534743684,2.31980164380236,0.746764094798535,1.01214888381957,2.04121574949307,0.119691719007892,0.046686743439554,0.075115835997496,0.111565580412567,0.184746392207773,3598.8988948417,1,1
192,-0.5,-0.594607129787452,2.23905188057999,0.872199318284101,0.868551145450274,2.05248730333754,0.179152664344239,0.0479552875925185,0.0734860552936234,0.112498028393053,0.183722698674327,3583.39299514004,1,1
193,-0.5,-0.806710430477342,2.35496586283977,0.791364105072552,1.02118800200821,2.0182975173983,0.188593451531904,0.0481522581098958,0.0757853533967661,0.104430915336524,0.172041349828221,3637.53573622915,1,1
194,-0.5,-0.475236180184301,2.35045470894556,0.712966216278792,0.872353303815258,2.17999778512908,0.147547527960549,0.045253692884705,0.0731463448984327,0.109587575787335,0.180324219353385,3591.21304454797,1,1
195,-0.5,-0.416455116715203,2.30274774073677,0.728657042663002,0.84820647464224,2.30886847886288,0.145196182375978,0.0463392961626427,0.0735003415525405,0.108018015034957,0.185850221406466,3537.38042237027,1,1
196,-0.5,-0.50670892297223,2.33422903365601,0.709369407398214,1.00965204592941,1.86997627961449,0.162261834491015,0.046258794399575,0.0719659742141295,0.103982939482786,0.169701930353473,3596.40691868069,1,1
197,-0.5,-0.544114284929701,2.2896423009607,0.817834950088021,0.898054545424567,2.07587791671033,0.17089645315584,0.0449903599920832,0.0698132042296988,0.107793196911032,0.180792725495456,3578.11056972565,1,1
198,-0.5,-0.473179952939999,2.26934408612217,0.778726419420626,0.976507072404003,1.85859584873666,0.160031552581476,0.0462119836815536,0.0724816998893325,0.108103312241802,0.180366592788351,3558.11736391827,1,1
199,-0.5,-0.367640072657384,2.35570236879418,0.69295058155396,0.967404747400662,2.24071866742324,0.125418158492163,0.0471281915609709,0.0749656795473088,0.105783026878109,0.178580671943051,3593.53135279994,1,1
200,-0.5,-0.443853235362981,2.22449878695372,0.954466701689175,0.891813643212451,2.26425378915613,0.142019810640875,0.0488326919245626,0.076863629049337,0.107193461236005,0.183069814344377,3571.10729557793,1,1
201,-0.5,-0.455426391377521,2.26396203258488,0.836397647474128,1.15366693340954,1.73711910713749,0.150411100682633,0.0483956086087822,0.0749874202584742,0.105843198496435,0.171630409257302,3607.28199674287,1,1
202,-0.5,-0.691480948730014,2.21318977564057,0.898164931204858,0.823879710664809,2.26029069482344,0.173938010484329,0.0468133918522587,0.0712959061595539,0.106729684627957,0.175143785868498,3547.40680268779,1,1
203,-0.5,-0.386242614736546,2.24484215329735,0.808647833072473,0.80915399581611,2.23398316468102,0.142546772304931,0.0474731265290181,0.0731858331530322,0.112449186124035,0.188722177512361,3541.03950441384,1,1
204,-0.5,-0.634585093783132,2.25467116681861,0.837194576127224,0.971272624102355,1.99896059449158,0.163442499984633,0.0489660930690216,0.0765196984739736,0.106821211720779,0.173011939133819,3576.40703229252,1,1
205,-0.5,-0.640114391652006,2.38829973326154,0.684793490679091,1.00569653877943,1.93547031972778,0.185799395262404,0.0458064839265006,0.0721055721257673,0.10399714272489,0.169324615927857,3627.88842521436,1,1
206,-0.5,-0.339404119706243,2.33509677494207,0.737687749752065,1.20060251821869,1.74650930441465,0.130787889403485,0.0481683837906266,0.0762772173401159,0.106171927917605,0.172678181147512,3639.47979159663,1,1
207,-0.5,-0.724564901263228,2.26361311764743,0.855880577217996,1.03697935678559,1.92382183237556,0.200281554853017,0.0475339055571517,0.0739411012761512,0.0999059865118286,0.166450149921888,3579.92132109693,1,1
208,-0.5,-0.249763147061687,2.36321855701704,0.760331760040746,1.03479289056585,2.04713067104167,0.126005889663433,0.0463812459896536,0.072119863651141,0.106618463706782,0.179477501838515,3642.96197985484,1,1
209,-0.5,-0.738874337284817,2.36202718959042,0.656943343888788,0.960786083836289,1.88654295485458,0.22064512657384,0.0450732287362608,0.0724087809321245,0.106654393697188,0.178141830457153,3598.25046004462,1,1
210,-0.5,-0.57956385748354,2.44269928621778,0.632925786962851,1.24636432703977,1.5779620207977,0.180243794141382,0.0473894472621082,0.0747191099291997,0.101390652327819,0.165993613373264,3692.55341139459,1,1
211,-0.5,-0.583310359520437,2.33014232066847,0.768244553696937,1.1455273003296,1.67198154439525,0.176011610770744,0.0473607587614839,0.0750561715086789,0.104438891214706,0.172858561452581,3622.68286714455,1,1
212,-0.5,-0.382366574555272,2.35204648540187,0.705927855349604,1.11538412137327,1.94297998249339,0.137621686530389,0.0485468922862815,0.0762869151914158,0.106206487083706,0.177905857722439,3625.56342034988,1,1
213,-0.5,-0.627354660906323,2.31334044364161,0.767300470187353,1.05151559543631,1.78625357270466,0.196951319634309,0.0471896252056382,0.0734361056080981,0.104437753226597,0.17484535404122,3596.33711666033,1,1
214,-0.5,-0.904867509521948,2.23351582244277,0.892259852993056,1.08624727221911,1.71706088871255,0.214607723729718,0.050144783952012,0.0789037404103886,0.106389017427115,0.171518951760405,3590.83268031157,1,1
215,-0.5,-0.587457818460791,2.33654387628761,0.734466032681564,1.10479944274105,1.7582700965665,0.173223440086134,0.0469506857990095,0.0743168957179933,0.10219133280821,0.169469678765898,3613.19924074908,1,1
216,-0.5,-0.656592650069002,2.23682330623136,0.911640625479391,0.947326532422552,2.10251146228899,0.178105585038417,0.0472897475052572,0.072620318527742,0.105764583340371,0.172350238061376,3590.70547597345,1,1
217,-0.5,-0.207710886606286,2.26479421597491,0.83831775007032,0.957417163193738,2.18906082588875,0.115753248091751,0.0483601077202318,0.0751843368749293,0.108661298121563,0.17918404868804,3582.04725756583,1,1
218,-0.5,-0.450914031106096,2.34505688217234,0.761098057028462,0.915186208191281,2.25002925559951,0.139595455629493,0.0465960626686524,0.073951137353221,0.108881978832688,0.183152989895276,3600.2650645637,1,1
219,-0.5,-0.403388388849675,2.34880616404284,0.79297860860799,1.17490451077058,1.74772819912538,0.157607140196795,0.046443776246068,0.074416140316424,0.100890573061892,0.172107900143654,3643.03880030486,1,1
220,-0.5,-0.266372685218698,2.18815958908784,1.00677027389107,0.966652567680547,2.20316151310647,0.11751803730019,0.0519675567863311,0.0777048450276798,0.109560636785309,0.181865049701597,3633.10429572007,1,1
221,-0.5,-0.252152813016142,2.35597627970793,0.734465118563745,0.926568523119036,2.26502335277478,0.121999424407254,0.0458784039159826,0.073213165417251,0.107085103067972,0.18340308376934,3606.67429311595,1,1
222,-0.5,-0.530772078914146,2.32528206641594,0.83635882170054,1.06784986045657,1.90836819045429,0.154373811931301,0.0475985197596794,0.0748785672095579,0.102830415429266,0.175702541768045,3618.08864112591,1,1
223,-0.5,-0.729377339548584,2.25789388918642,0.864511477005285,1.06624182928503,1.70747302359312,0.211586596557816,0.048453742493266,0.0745518174508989,0.105763014139983,0.175337140943193,3599.05293867369,1,1
224,-0.5,-0.472699822271471,2.20935276618986,0.959829160920931,1.00872352610977,2.02298693520678,0.149968045600065,0.0482447492943635,0.0746760476012354,0.109088828166216,0.188291120880452,3567.42073753871,1,1
225,-0.5,-0.18242803620854,2.27774217857576,0.922279372125497,0.989503366148742,2.03388826897777,0.120608803171632,0.0459008350773529,0.0720011601684108,0.109423719380917,0.182696839898293,3618.08313087909,1,1
226,-0.5,-0.594097401460388,2.25701594816952,0.888769121983159,0.904780901694025,2.23402442377707,0.162832273097426,0.0490895911565776,0.0753852254185111,0.107178107460131,0.184164453458991,3575.16985216752,1,1
227,-0.5,-0.486652709019581,2.27762075112772,0.797606486752709,0.831247883082373,2.2084512257107,0.151013965521647,0.0450270464067811,0.0719128039539443,0.109029599830464,0.179387970988766,3559.37503436817,1,1
228,-0.5,-0.874308646786932,2.24448422705958,0.894279947381998,0.860535347040118,1.93134405753804,0.242312462250006,0.0456172231632462,0.0709937880238339,0.108421405086017,0.182216888759515,3563.40905574343,1,1
229,-0.5,-0.274726492532989,2.2859767859558,0.828862308478016,0.712407570540469,2.35037483892658,0.127506108118201,0.0440751485471131,0.0700755140995118,0.116479277955007,0.183887260836507,3589.00863834377,1,1
230,-0.5,-0.501510228827024,2.28909229810333,0.845755798361821,0.99964529692797,2.05434018549108,0.147480810717624,0.0485679199122108,0.078107587854974,0.105281179306568,0.177416739561123,3592.70555461634,1,1
231,-0.5,-0.641131487337101,2.31111385765197,0.839520926621852,0.772537580188693,2.27783148687484,0.178011792508103,0.0443831529279368,0.0688253303353574,0.107065481782254,0.178397769500483,3566.21880532765,1,1
232,-0.5,-0.525030605391003,2.28376844911892,0.812373023995909,0.930332874032921,2.08669380841954,0.150717766967684,0.0483477897503736,0.0740810882115704,0.111972194980807,0.181284808305469,3613.60616587253,1,1
233,-0.5,-0.785132964117386,2.25419889472113,0.852006618904938,0.950575866745607,2.08119833414432,0.199279785289611,0.0497099368313255,0.0769250900792627,0.103436064488032,0.165420016602395,3610.00287147644,1,1
234,-0.5,-0.402945743685281,2.30634302963183,0.796950370965054,0.871660811966355,2.30581228588138,0.137307561303752,0.0471904565038726,0.0750543595015887,0.108501215137375,0.17858807920675,3598.1190704722,1,1
235,-0.5,-0.59327973890485,2.30214763082917,0.870550595287008,0.976250173713663,1.97992039678284,0.163646524551496,0.0466323202844653,0.0729766406536737,0.108419242525657,0.171417438244922,3640.4231264889,1,1
236,-0.5,-0.722132771210889,2.35456896974704,0.73617582559249,0.996467788558103,1.85108640176609,0.22136104388221,0.0471098208608714,0.0731812249225831,0.107240857030436,0.185034326618227,3608.48216582873,1,1
237,-0.5,-0.705031818577715,2.28726852398348,0.816458945264202,0.926549437646413,2.00015899349703,0.190263104606982,0.0459822522031234,0.0717853270736811,0.10600481745313,0.165864692134589,3609.8347370193,1,1
238,-0.5,-0.552203205576762,2.29496791245254,0.835304470218543,0.871166980723718,2.17143811402683,0.15603152830825,0.0463270642271409,0.0722036271823897,0.105596748354806,0.174932855813143,3578.42110356631,1,1
239,-0.5,-0.552289014059824,2.34906075464663,0.705620830099512,1.04742284395246,1.78981977856492,0.181255881447167,0.0473117923142153,0.0750482814405727,0.109482339041365,0.178921724120284,3612.01482757697,1,1
240,-0.5,-0.616187883900844,2.22634803870492,0.918817143142931,1.0212700967976,1.78500543618854,0.181908733544773,0.0466866673063392,0.0736641998572165,0.105590292345236,0.177440637961052,3572.53678456764,1,1
241,-0.5,-0.925635070399264,2.28607005338587,0.823773403825452,0.941179021922128,1.98851848942839,0.212518371570727,0.0485879215812904,0.0761701154756814,0.106305010554035,0.178223103187059,3562.31383322732,1,1
242,-0.5,-0.382230937096868,2.29530412862248,0.739537439883865,0.777119634634147,2.18275391153588,0.140301828792798,0.047461418121646,0.0736030368167017,0.11406493171298,0.186197321374591,3558.21337070032,1,1
243,-0.5,-0.671842225435617,2.31028344041807,0.701727613907911,1.10273665302363,1.78752618037546,0.173880779583568,0.0478856504217245,0.0761365720726271,0.101084492289627,0.17435023639533,3552.57862695616,1,1
244,-0.5,-0.452326702698936,2.30920727733765,0.823009318950916,0.804692393048786,2.22313529771849,0.153126825912181,0.0455038597125447,0.0704778749762106,0.111357518314002,0.187883548739071,3585.8617351804,1,1
245,-0.5,-0.522254065937484,2.25539619811832,0.882234966836936,0.957116710215377,2.02589240850206,0.158533255682275,0.0478821174881335,0.0743101618788759,0.107194381777973,0.173654760956146,3603.92510162131,1,1
246,-0.5,-0.538723241880051,2.35866936633949,0.74790976654933,1.1286464547372,1.88474251813664,0.156079983267033,0.0480082264014075,0.075518004343756,0.107077382982276,0.17431007154352,3652.9963589263,1,1
247,-0.5,-0.665224601589547,2.29974918031742,0.851979483453415,1.05725414884795,1.90174785185178,0.179911589556925,0.0483458959904434,0.0759980893346403,0.105737492921518,0.176140075053564,3610.96382241535,1,1
248,-0.5,-0.267816956441373,2.32389376650105,0.805113739795348,1.06306407187362,1.98585468234431,0.130014068193956,0.0471903785250541,0.0738815918701091,0.106062328503214,0.180369583910829,3612.26193143187,1,1
249,-0.5,-0.524263374411838,2.34171573308001,0.785284091380713,0.901698155698815,2.20500223584231,0.159552887310303,0.0460059903486532,0.0715476803042794,0.110314803670121,0.181345532144395,3627.11670342128,1,1
250,-0.5,-0.455695670929327,2.30506943033713,0.82083736486068,0.966752244139203,2.05613768445181,0.148633631652222,0.0474444079768329,0.0743285076311753,0.107559728172286,0.17357881843272,3612.44435957501,1,1
251,-0.5,-0.291434051517697,2.27236450015665,0.842221075028633,1.01398707555715,2.00510516205049,0.125258509671038,0.0482849965444868,0.0757720066360883,0.109149352681227,0.177419672105507,3620.90775990252,1,1
252,-0.5,-0.318542637698914,2.31346239480883,0.85143693752098,1.10451055982283,1.87641969916407,0.134039011860133,0.0487548173570996,0.0750135759001012,0.108959810331553,0.18092816147878,3661.99549334789,1,1
253,-0.5,-0.701343376778941,2.33090811378642,0.714379855981145,1.05643560823569,1.88741526047528,0.185878179496541,0.0465604499043659,0.0744468731818301,0.106576282560485,0.178601559951614,3601.6725245749,1,1
254,-0.5,-0.682054338915392,2.20868622741181,0.99246626164989,1.01990477721455,2.04896980336035,0.17845264283709,0.0494865156397582,0.0741187812957608,0.103723006440244,0.174878513750923,3580.18922097508,1,1
255,-0.5,-0.387307191961983,2.42624625683649,0.654026042487868,0.879087713617233,2.24136827991188,0.136523996259505,0.0456427513645039,0.0705880476529678,0.109065999905128,0.183323680145949,3627.96105399201,1,1
256,-0.5,-0.254665711240937,2.27288733206131,0.880128484555205,0.806749435967966,2.33424383514281,0.12269059731572,0.0472567396232737,0.0733931333943915,0.115473611264474,0.19156587391181,3603.42919566121,1,1
257,-0.5,-0.318345827808435,2.32704708046306,0.731002767545986,1.04448726085995,1.92030512798403,0.135292698090933,0.0476395843934456,0.0742596506441068,0.10852475367623,0.18670872926387,3600.0532066194,1,1
258,-0.5,-0.618676579771554,2.27476982811294,0.819525596321313,0.882085376034996,2.16194307334089,0.164557117911764,0.0478627494668792,0.0755467802864337,0.107837061628175,0.183259510096799,3549.81947627348,1,1
259,-0.5,-0.706126603495477,2.3120968505549,0.768156263389226,1.02681137537948,1.87625434384481,0.189508925476315,0.0476959178998771,0.0746403892746679,0.102815673093962,0.177596388301597,3558.82184912483,1,1
260,-0.5,-0.614844006917521,2.32679397163139,0.814636644954405,1.10000369084018,1.95960314590486,0.15878338655074,0.048802650354887,0.0743077067672659,0.102683257681972,0.172168502029729,3643.67313223884,1,1
261,-0.5,-0.333688234327212,2.27643605768166,0.875827106659498,1.04579062065303,2.0668325108006,0.13671537371265,0.0487056271304492,0.0755094313513084,0.10554151553384,0.184941227147571,3603.28103431183,1,1
262,-0.5,-0.470235164546216,2.31527077331881,0.817065098233109,1.08345931801256,1.89037624755078,0.155933085942726,0.0474375815136004,0.0716754018195101,0.107211489778516,0.174499621066628,3657.77424634352,1,1
263,-0.5,-0.31203804560035,2.33437697678723,0.779751187429443,0.871312806780389,2.50429276879126,0.120263627321882,0.0482380426150885,0.0778251217091698,0.10970495202009,0.18922999590338,3599.19572500571,1,1
264,-0.5,-0.296328933639487,2.25526772119654,0.829695669331611,0.983738066447999,1.95206147687536,0.146095426353699,0.0473425085830473,0.07520156998464,0.109316478474708,0.188843675018524,3549.52252160162,1,1
265,-0.5,-0.503094775431578,2.28382731862046,0.820881260966032,1.0538467722233,1.86177445968467,0.15680612212467,0.0463005956193913,0.0733034276233029,0.106216979660017,0.174759893748029,3589.57579624239,1,1
266,-0.5,-0.567096851222385,2.32735840931685,0.766631734894619,1.08291696323865,1.94737291861539,0.156277640225561,0.0474055602258742,0.0734866421598094,0.103579682450805,0.175048881708205,3597.8380565119,1,1
267,-0.5,-0.793636236717356,2.36895688965257,0.722477257523356,0.978396973592596,1.87976186228394,0.208773296881992,0.0459736819910712,0.0717240917484863,0.105463482471347,0.170269209819075,3632.13886420196,1,1
268,-0.5,-0.451351676478977,2.37698448928556,0.680008219347336,1.13125480238384,1.73964215640594,0.149190791368519,0.0469444360164822,0.0751962479484396,0.108353331823682,0.172498910084414,3652.83811049049,1,1
269,-0.5,-0.447200490199502,2.26737530225964,0.886782747134292,1.11807423762133,1.76497602631778,0.151811784266528,0.048869502036911,0.0770767881291964,0.107860380223612,0.174941590247021,3632.39701846021,1,1
270,-0.5,-0.444133307152957,2.31605970820902,0.759386643127049,0.825448456235233,2.32500037727772,0.148996122785528,0.0454388735591857,0.0713930684481721,0.109368981278716,0.189424584849708,3553.39821403244,1,1
271,-0.5,-0.596925197971621,2.26130881940359,0.856922161777678,0.93255854366514,2.14817794693011,0.165009668166881,0.0495355845612371,0.0760623543769308,0.107978292545272,0.177967412169998,3594.42627521763,1,1
272,-0.5,-0.28728902729364,2.274598404678,0.859861555857263,1.12118172088986,1.7900629816876,0.132278801454772,0.0476183444106975,0.0748335298304641,0.107685174950498,0.175380355838799,3625.32841283725,1,1
273,-0.5,-0.656936964234718,2.33099163159862,0.719462295358689,1.03583161070926,1.89960779373179,0.185975219705897,0.0498516709542112,0.0779025928132012,0.106513286780621,0.176893596618751,3618.47475230098,1,1
274,-0.5,-0.438211861627186,2.35545174881923,0.682493667592434,0.970065596581785,2.09768330939499,0.137341072219053,0.0471778410789916,0.0737788046041028,0.107029552392686,0.180476383420464,3594.69618975998,1,1
275,-0.5,-0.698704815060349,2.27144590700847,0.87980201031402,1.2231766426781,1.61212344665682,0.1928897169722,0.0498622866380247,0.0778220995254862,0.0997603979085123,0.164073581262945,3625.83184277617,1,1
276,-0.5,-0.667077806709387,2.27018082778737,0.836081010473004,1.0402853995912,1.95227915207581,0.172258710890331,0.0497307283000046,0.0752638237944622,0.10281066574101,0.17400811466002,3583.27549036019,1,1
277,-0.5,-0.349483336393346,2.3795531284832,0.64627484118054,0.808924400408688,2.28106636056151,0.141482958908929,0.04387657607588,0.071008066603809,0.111012855860515,0.182770531728639,3588.76389062487,1,1
278,-0.5,-0.580521015355571,2.22578006384454,0.886385048513033,0.8112918836241,2.18129444108077,0.17607624735062,0.045563453978629,0.0718986063920228,0.10992788076764,0.182317514783774,3532.24598485625,1,1
279,-0.5,-0.428817069226921,2.27120334635714,0.809430811043272,0.730031249958135,2.39001096112661,0.147130289179773,0.047009494885517,0.0720168181821172,0.113972364399731,0.186035837027302,3569.06197693278,1,1
280,-0.5,-0.438038617217903,2.35160528498463,0.703767924166402,1.10874694116891,1.83789643057314,0.149125407680318,0.0471280934517719,0.0768840775499512,0.107043172770708,0.172584688978173,3625.11021057074,1,1
281,-0.5,-0.547096299007576,2.33334103342612,0.777934962881658,1.00265884378189,1.99524454933342,0.160448407629454,0.0467178073006444,0.0731214582239271,0.106382915135985,0.173905038276987,3624.12048391047,1,1
282,-0.5,-0.518997522301134,2.33157721298376,0.768026162156116,0.888742033330995,2.06200274477634,0.171943769080452,0.0449882010982253,0.0704941874129276,0.105419257298014,0.179122236382844,3588.0743866587,2,1
283,-0.5,-0.692474928737673,2.20144462623619,0.958603705780912,1.02135756586274,1.87682712189997,0.187588532437685,0.0480920787111672,0.0746248404839268,0.10483821531521,0.172203495996042,3596.07065705795,1,1
284,-0.5,-0.523249736709576,2.31892967419319,0.697482378313274,0.890846314877938,1.94772765783675,0.17397280249454,0.0461820428917818,0.0712519859983581,0.107878394341558,0.181677256734557,3560.00482575708,1,1
285,-0.5,-0.432895911496233,2.24737666361121,0.911174637010888,0.872970081556765,2.11727961179524,0.154143390875094,0.0470667591161185,0.0736274200705587,0.110099185113852,0.187314007936307,3574.52300559811,1,1
286,-0.5,-0.729023878233471,2.26676568828437,0.895427642050761,0.971172589592959,1.90208490941217,0.209615713457624,0.0459439815031899,0.0734133277425169,0.109406404061201,0.175907591257327,3610.68836553707,1,1
287,-0.5,-0.643367841941287,2.27294301435877,0.851164523106743,0.978893983043104,2.05133759110061,0.16455672080926,0.0469999486677201,0.0729414193356303,0.104464061421633,0.171222004251157,3602.65573520975,1,1
288,-0.5,-0.445611587497071,2.31794465762545,0.72383662463643,0.923562782705744,2.07761532874431,0.146145085032932,0.0466205897597195,0.0737288794342933,0.109009184736672,0.177919359102842,3581.84359416377,1,1
289,-0.5,-0.169976491513716,2.25983330562882,0.895581208675235,1.02106706102778,2.15345883936545,0.109740416939646,0.0485569074046029,0.0756160435062548,0.107543549636786,0.187809997415779,3587.12225459127,1,1
290,-0.5,-0.500270188659087,2.32128107979027,0.810216954197363,0.972922530099109,2.06233450053701,0.152046683470879,0.0486461967709772,0.073533609640787,0.109151936388658,0.179760045142651,3632.98548450886,1,1
291,-0.5,-0.583220191789936,2.38484041006029,0.685408060659146,1.22792334826399,1.65563985431613,0.161450512096282,0.0480753075820328,0.0748218234605868,0.102472621326795,0.166013598672824,3665.73870643368,1,1
292,-0.5,-0.69659871548514,2.2226109738109,0.949561107575676,0.961879381371883,2.00487636830083,0.18155243241572,0.0483267781922931,0.0754119999145426,0.106380213830895,0.175129445700452,3584.47515300101,1,1
293,-0.5,-0.577375877564597,2.26824522057173,0.85334911594777,0.957781381193836,1.96720451331659,0.173208817504285,0.0474990308099406,0.0729979577180018,0.10778632257641,0.185529848537009,3576.00813928585,1,1
294,-0.5,-0.461310451770072,2.36114780076758,0.720971915468484,1.01915996974622,1.97145322918256,0.152115360032319,0.0457500534572567,0.0719187451285323,0.105611519250161,0.172728768226703,3625.94547133893,1,1
295,-0.5,-0.412656938392574,2.30247307408448,0.857811734905757,0.969444837216007,2.12517666174737,0.146718539505771,0.047273687298098,0.0734455321973285,0.106482628590688,0.177948521236375,3618.96669843224,1,1
296,-0.5,-0.501960018995007,2.39422288873075,0.708769775050096,1.04937113408672,1.94558627902553,0.154016000488796,0.0468208141419567,0.0730765351485547,0.1051030778378,0.173841019663258,3645.16916563258,1,1
297,-0.5,-0.405311671933468,2.31234817869708,0.75260842375406,1.11136582876545,1.88745206390138,0.139817749605091,0.0476480369919952,0.0759800581194214,0.107314276447755,0.177843806227099,3613.22364370226,1,1
298,-0.5,-0.518188208859617,2.25270407479113,0.928634146684364,0.807580517375556,2.32503177503,0.146125933406008,0.0465339992252604,0.072787700218899,0.111050108092398,0.184140259368304,3582.13493232825,1,1
299,-0.5,-0.591607256514427,2.35369540710119,0.755251062282375,1.20327666875931,1.61830534109099,0.170144380197046,0.048345001268804,0.0757984861233746,0.103975076394992,0.17832657978894,3635.89757203539,1,1
300,-0.5,-0.782559737790901,2.31594323739972,0.870645148697939,0.872355587624495,2.17273906882596,0.199116380824555,0.0458892468314606,0.0712428430788593,0.10788445808926,0.174479240860848,3635.79235974649,1,1
301,-0.5,-0.528897587092506,2.32644422670462,0.760174567641661,1.14193223016159,1.85167770183839,0.156856087476495,0.049222351965157,0.0752444851140715,0.104061993604452,0.174777832552127,3623.49587206544,1,1
302,-0.5,-0.597658749592979,2.24325360183712,0.851633847601068,1.02643180940103,2.00567345758866,0.160113157978521,0.0493383483704678,0.0764697122929738,0.105257073994014,0.176756830711619,3573.04270299897,1,1
303,-0.5,-0.736784940740937,2.35263938805401,0.754390821615741,1.121012950477,1.85777791259958,0.17781144536888,0.0498916826031513,0.0767282539572376,0.104130330726248,0.172038010704345,3638.14742763216,1,1
304,-0.5,-0.740431678002401,2.29433842209239,0.78557612558041,0.92683488644768,1.88720183955167,0.214182096661057,0.0470073143405897,0.0738224587415669,0.107492970997159,0.180328764042075,3562.54371963323,1,1
305,-0.5,-0.557897586883189,2.31733576848531,0.786969375692403,1.05838317288462,1.93180443799545,0.158611173882455,0.0481531447449026,0.0732741789911085,0.104663356900417,0.172563323981551,3615.89705194745,1,1
306,-0.5,-0.46110771487201,2.28821408749916,0.896275326652841,0.84512062230607,2.31523503702798,0.148405301882628,0.0459540185048243,0.0728090813091248,0.105265520060979,0.18417987862284,3575.50129360495,1,1
307,-0.5,-0.599488956084096,2.41723710294414,0.648660660418712,1.07967017981988,1.848651330691,0.170906668446939,0.0472282956442199,0.0751584124843831,0.106973113493174,0.185097305151228,3630.00514266193,1,1
308,-0.5,-0.468969506193227,2.24109558566944,0.863801352536778,0.974088653137613,2.10321325469945,0.143671404421789,0.0488000178241904,0.0767051802199274,0.105717791608569,0.176324796909084,3569.81184766176,1,1
309,-0.5,-0.451172402158214,2.32088831672992,0.797590863768094,0.983596384106562,2.03936603663235,0.146194761117177,0.0457023353390371,0.071744054322163,0.107025768292975,0.178515367494077,3600.07226454993,1,1
310,-0.5,-0.580573418358527,2.35169968491429,0.741657697182853,0.904556890876786,2.13930403328756,0.177506335997729,0.0441750161978881,0.070832156552292,0.100188761623721,0.176718205600327,3554.9515693261,1,1
311,-0.5,-0.434679443882189,2.32714674372273,0.798621029055207,1.0557950180321,1.9779194455752,0.138631616867005,0.0478575689545602,0.0756628816173767,0.107813418732326,0.174489971791829,3643.37349010539,1,1
312,-0.5,-0.664984288093149,2.23142084906514,0.911033023094202,0.979673816538,2.03394663068364,0.163750254364451,0.0483975942700932,0.0754942853354185,0.10168272257989,0.173030641662783,3551.11328605581,1,1
313,-0.5,-0.694436060051125,2.35584747139586,0.74305882424268,1.10734086964916,1.79786501819094,0.18254297941495,0.0469730860592418,0.074736939711984,0.101264267803596,0.168875481508328,3627.1151328206,1,1
314,-0.5,-0.215178394894887,2.29554355956882,0.798833329984298,0.960949917438534,2.30211323743825,0.110379682334524,0.0490602782756837,0.0766235095206144,0.109203247738177,0.192102937443537,3581.68958660173,1,1
315,-0.5,-0.436037052309864,2.28357656394981,0.850690494913583,0.968772475084904,2.09920453405078,0.148713545167214,0.047954707609518,0.0757864244083889,0.106112880072736,0.176584759732648,3603.61644212053,1,1
316,-0.5,-0.438420463934376,2.36842994638884,0.682314937140041,1.01290515784983,2.03236205811628,0.139790230237687,0.0488162427796099,0.0765300961459054,0.109705978639142,0.185238124699962,3590.77120139212,1,1
317,-0.5,-0.382060768908239,2.30981805686482,0.846960895762214,0.944472859125406,2.23384165987354,0.130547987165718,0.0468738045453615,0.0725615605199633,0.110347572670013,0.193580868105082,3603.24067723914,1,1
318,-0.5,-0.63980117610951,2.26037419841832,0.84997605011815,0.912070857377784,2.19219511775655,0.167191454285062,0.0486798348356571,0.0768298644277047,0.109537800131404,0.181087415687889,3569.86059127996,1,1
319,-0.5,-0.29097821970128,2.31947601172435,0.763504898492458,0.920316226957584,2.25757223500574,0.118438714653412,0.047559637616594,0.0743369061638854,0.113279037339168,0.186363143923505,3618.09455616194,1,1
320,-0.5,-0.56388606394945,2.27737452226562,0.849458880728431,1.1239776050157,1.94793584590723,0.171286700247065,0.0502220810406062,0.0750444765183449,0.103916021946489,0.183845042228375,3615.09202948156,1,1
321,-0.5,-0.593078342926742,2.36208402839857,0.709415964721862,0.968976946625977,2.13348898637741,0.159726628768121,0.047247449768613,0.0733943026830321,0.104798918949375,0.176086462069076,3597.74112371945,1,1
322,-0.5,-0.519296443595684,2.24511760972091,0.81687022165966,0.910195316405938,2.09748771759223,0.157655149945799,0.0474022906266341,0.073296104120783,0.108801815699422,0.18434472499341,3534.5799365953,1,1
323,-0.5,-0.508073510552118,2.2871005525899,0.828535183377768,1.02747677757708,1.95131922669773,0.156010855741392,0.0483727077106835,0.0739429313403995,0.10802315123431,0.179652794635887,3607.34862017455,1,1
324,-0.5,-0.613981680469868,2.37812335850531,0.711376574346773,1.07975770693381,1.81586829252298,0.181998783947331,0.0466586468795277,0.07315595782811,0.102214592923442,0.173570339394677,3626.12423969479,1,1
325,-0.5,-0.582078007052906,2.31922343038212,0.810853806986008,0.99120384426,2.09692512663102,0.148854439753059,0.0496800661582747,0.0793185498287603,0.107969615046226,0.176078513927671,3616.70787396333,1,1
326,-0.5,-0.476517014743732,2.25661396819027,0.808241419110585,0.933932599097344,2.1048738727073,0.148283322862517,0.049204743856884,0.0781301655260957,0.110173812763278,0.177044187585438,3582.72049749926,1,1
327,-0.5,-0.535545740230356,2.30495291315796,0.793201990296449,0.959613524765072,2.09422816669161,0.155940269288379,0.0465809492136913,0.074020566447899,0.10935417182912,0.181675315166094,3601.33842433645,1,1
328,-0.5,-0.646674729061271,2.36090182654915,0.739173268497932,0.858876935475564,2.10275427592794,0.178027973943743,0.0451090357986531,0.0708049288858019,0.11095125547069,0.175120622608786,3626.84144388349,1,1
329,-0.5,-0.638426340064024,2.37921783910882,0.697254550781225,1.03085692550364,1.85177451827201,0.182979236350707,0.0454059602429127,0.0723696406798126,0.101603688105299,0.166991422624602,3618.37000698263,1,1
330,-0.5,-0.387449240466899,2.41524680792107,0.679301109270042,1.19622268374721,1.86303992577286,0.129746424253012,0.0491541915646269,0.077255359631084,0.106982671648163,0.181753951014266,3671.05532338984,1,1
331,-0.5,-0.255210413269678,2.28405160488096,0.797191971789756,0.865740374728985,2.28815881864196,0.127579544804518,0.046935994262412,0.0731421701834378,0.109662282070038,0.184719461620367,3579.81000021259,1,1
332,-0.5,-0.710368128903267,2.29141660538735,0.881359645766794,1.02123078687098,1.89754766301577,0.190185391587289,0.0480553743432476,0.0758149414042599,0.105720430568108,0.175480616527373,3623.54367038374,1,1
333,-0.5,-0.50660462965225,2.35510598990904,0.759595659457156,1.0158954827469,2.0195133291902,0.162871846906357,0.0468753496156859,0.0734548922301252,0.105688130035495,0.178992929190738,3613.98070996063,1,1
334,-0.5,-0.713792832760039,2.32762535037562,0.743306150115266,0.991514602802205,2.05927453782224,0.17975409173577,0.0482824307700687,0.0754483517038141,0.103217851077689,0.167352370249001,3604.19159938387,1,1
335,-0.5,-0.503642575198762,2.30672850029623,0.829851189152565,0.987093698937898,2.04271174968894,0.157802075162654,0.046167411290793,0.0728101799719021,0.106656421317583,0.179594007922663,3586.3863556201,1,1
336,-0.5,-0.56980843564312,2.30367773301289,0.834538392554141,0.869708656248105,2.14689653924322,0.168277280420955,0.0452066393289724,0.0694721409234877,0.108472599988156,0.183708836560523,3588.31171181355,1,1
337,-0.5,-0.352112699536101,2.22914188260057,0.822973758692639,0.905499711625311,2.10206597376094,0.133547841598253,0.0475439919694583,0.0729846380360097,0.109808844667692,0.1832404857133,3536.21876583587,1,1
338,-0.5,-0.551859031648157,2.36166414983368,0.728160865969277,1.04317644233315,2.07829524986444,0.147417977499601,0.0484073777968549,0.0761992513260966,0.104694122726455,0.170077379072213,3648.61008615002,1,1
339,-0.5,-0.644694341118313,2.24403274587832,0.910849366952771,0.756275444105329,2.28233046864786,0.175801500477402,0.0444584245909055,0.0688045367444271,0.10911225333744,0.18258069026786,3548.54604816903,1,1
340,-0.5,-0.66842047510152,2.30136058924112,0.767295607865651,0.992882434163882,1.86469069634517,0.172631838224857,0.0462877669482537,0.0745126644331076,0.104382877664339,0.171378413587493,3573.77743198021,1,1
341,-0.5,-0.565582982969958,2.28059643849218,0.830236357905694,1.07311258783962,1.84074574064471,0.171865664505274,0.0477963160554176,0.0738348505597673,0.104079542744478,0.170124553242349,3616.86700684118,1,1
342,-0.5,-0.388150865488259,2.28353761666491,0.806122788469058,1.12083109057225,1.74664450111987,0.14608981914786,0.0484803514027511,0.0756999419601732,0.107146990360712,0.18247709025567,3601.31650730465,1,1
343,-0.5,-0.458921023192671,2.25094479704122,0.880952061621314,1.06473983194952,1.77651422134914,0.158729711729076,0.0497904034769891,0.0764632494148993,0.105770183343524,0.171770171949825,3615.36711820378,1,1
344,-0.5,-0.509253148390041,2.29463081753244,0.800948195088264,0.825243491046747,2.33812148292013,0.143259702962942,0.0457250581992867,0.0723424283021765,0.111429759489708,0.185454822996621,3570.72877669244,1,1
345,-0.5,-0.502949667931045,2.27608916417858,0.87788878673771,0.860290573206041,2.14528786627489,0.161959847247317,0.0454627924102321,0.0720102959876594,0.108341199971221,0.18100127198416,3570.90947315971,1,1
346,-0.5,-0.889422966985932,2.30242668876206,0.739839449892821,1.01359526208281,1.84879937674913,0.214894899969694,0.0477817994712277,0.0742357232721698,0.100611730995269,0.168678473165614,3558.87153785187,1,1
347,-0.5,-0.544038992912755,2.24881667250065,0.881971798652044,1.23735666207027,1.66697953397488,0.155194246800922,0.0506897186492204,0.0801183603402708,0.100620940540519,0.164505977743851,3607.73964147079,1,1
348,-0.5,-0.319682629213808,2.36054143319385,0.6699136075587,1.08782402477489,1.97129565996803,0.122229701420398,0.0468181209726326,0.0755249557948062,0.107418328691381,0.17946437006376,3603.7462424204,1,1
349,-0.5,-0.621961182829308,2.30607425768411,0.825506265731881,1.03253940902574,1.80716815343663,0.180906645980816,0.0457844867138432,0.07259085176447,0.105952967615311,0.174407270006386,3607.23997326174,1,1
350,-0.5,-0.488744681271695,2.36149673679822,0.737600184481334,1.13481445482343,1.74166187392514,0.159319304485537,0.0464385087113696,0.0746609685060607,0.103933584727803,0.172176529799264,3623.61910965674,1,1
351,-0.5,-0.219086449300424,2.3327473257023,0.731877626106904,0.812449990640607,2.32729194312525,0.120244200442188,0.046036326756485,0.0722262740066859,0.113027346488021,0.19035754469602,3573.79526344258,1,1
352,-0.5,-0.487139716857994,2.2245535587336,0.899408247457858,1.1239119214251,1.83045337260792,0.158506974867905,0.0480284876088356,0.0744210534686243,0.105247270001406,0.179119224319085,3567.00462436787,1,1
353,-0.5,-0.742479330960211,2.233329189896,0.866762624459913,0.961323416098862,1.91337539152682,0.196028293009314,0.0484900675824941,0.0740923664024313,0.108363374963221,0.182065287453484,3542.24004739862,1,1
354,-0.5,-0.309757628942762,2.29598710066738,0.816756575018924,0.935279962481163,2.04071302757248,0.135140936930582,0.0471038218589909,0.0720286824334041,0.110803141535862,0.181870836687403,3609.66786804008,1,1
355,-0.5,-0.339471685564503,2.31561195896123,0.672646241036825,0.989707605509689,1.91319143150784,0.139625767757072,0.0462694668320236,0.0729157792908696,0.108162191104809,0.180194548375814,3571.25657350575,1,1
356,-0.5,-0.696546132353013,2.30771490202747,0.773838002173122,0.946047287029748,1.99006991735375,0.181342561788552,0.0462871561080518,0.0719307819184498,0.104025741897559,0.170897515278935,3593.60143711956,1,1
357,-0.5,-0.273197452569006,2.34273598414053,0.732529819587716,1.06090268001699,1.93258853607557,0.132964824301101,0.0469522245641083,0.0738458069273689,0.1073891842795,0.176087884982318,3617.7843051849,1,1
358,-0.5,-0.691970291311525,2.38796318213449,0.651146674844512,1.15662263404006,1.64944788311414,0.194419788148147,0.048428266970743,0.0758830500575385,0.099922549382916,0.16402057988096,3639.75582639721,1,1
359,-0.5,-0.439958200220496,2.33799522447311,0.76925210942405,0.956930441690512,2.02932070545213,0.147240540916172,0.0471813564494178,0.0729819616615608,0.109470201054788,0.186653292818334,3606.61666330756,1,1
360,-0.5,-0.47732376835556,2.2396920188274,0.949111575078869,1.07854349214232,1.97134378981648,0.138911975579644,0.0507120449855002,0.076902208918586,0.109998346010402,0.179781529687376,3624.16008723982,1,1
361,-0.5,-0.842921993825815,2.31026847376193,0.824474576858291,0.95289189850642,1.9215326891785,0.205498372913403,0.0463865232788249,0.0728466321103002,0.107253793085145,0.173956863545693,3588.89494424032,1,1
362,-0.5,-0.424902786981197,2.20367288098507,0.908057583899882,1.07753878299263,1.77058182202762,0.145788431537668,0.0493873199905445,0.0765722985909039,0.104858125315323,0.169884349318676,3577.63104971977,1,1
363,-0.5,-0.692437195767741,2.3775807089566,0.665705737693549,1.18359264413804,1.84476543549525,0.164785420933884,0.0484586507387489,0.0765541711341597,0.103097098398072,0.166897420804061,3642.78751443233,1,1
364,-0.5,-0.481476250036219,2.30753262547944,0.765930572717003,0.893412671778751,2.0809950218678,0.160807042889822,0.0475790659619523,0.0746499022699302,0.109261554399009,0.18467902321232,3574.08846722339,1,1
365,-0.5,-0.355323782103454,2.27250150410654,0.868067241703455,1.30394923072301,1.64825751024495,0.133579892353592,0.0504672897763284,0.0787497341996455,0.103098900233938,0.1741537295654,3634.63446567547,1,1
366,-0.5,-0.725873794832015,2.28146083667971,0.799321975539941,1.01427776177035,2.05172302452046,0.176414784069797,0.0483586294215865,0.0753686952548171,0.103321495004371,0.175879751237385,3560.92684588178,1,1
367,-0.5,-0.530391016800063,2.20292001553848,0.901072175740713,0.978416113091011,1.97525567486306,0.159604442773612,0.0481461437694674,0.0748386222662413,0.106449618901958,0.175065469306235,3554.62023760353,1,1
368,-0.5,-0.562358998408903,2.3500218019114,0.739781915715429,1.22370994083005,1.63455262155168,0.166891539849003,0.0481676871244347,0.0774792156607304,0.104378716625614,0.169902708538689,3643.98686717589,1,1
369,-0.5,-0.457175109389386,2.32036375253513,0.679413279785662,0.975519758783983,2.18170886518249,0.138177559955062,0.0483988109504877,0.0755717340715429,0.105230505940768,0.177830945111564,3551.15319387326,1,1
370,-0.5,-0.631993377602285,2.29105363548529,0.788854719890977,0.980742192574145,1.97200576686211,0.176378649522678,0.047897223112299,0.0738293825187198,0.108049302569115,0.177984925025428,3591.76769022027,1,1
371,-0.5,-0.525185726786407,2.43863487024917,0.647048903167643,1.01598145523388,2.07149778891328,0.156159202173762,0.0460220036951033,0.0725174156859519,0.10793954438998,0.176261702987879,3690.49884803284,1,1
372,-0.5,-0.519939869232095,2.27195648326581,0.920273442231251,1.08623248430985,1.84150501187246,0.163120979279572,0.0488937920970918,0.0751304956767786,0.103275822895824,0.17475273450092,3619.56183808249,1,1
373,-0.5,-0.43656561326562,2.29210048074385,0.811447408608558,0.964349942844936,2.04336235027684,0.143570808788392,0.0463718320447499,0.0718193922297084,0.109938438172108,0.181469148954418,3593.21048534144,1,1
374,-0.5,-0.334579373725911,2.28130968840049,0.814245989354138,0.770864942867254,2.36477900388957,0.133803480245482,0.0463954305254956,0.0721230159001246,0.111773177093719,0.180134660755844,3595.28105071398,1,1
375,-0.5,-0.763407757285852,2.26519599218214,0.798559718229402,0.929720203057195,1.96537445208327,0.204152665645912,0.0473232119402672,0.0734434234544037,0.10427983238551,0.167534705318985,3573.87238450899,1,1
376,-0.5,-0.330527423912207,2.33943706792121,0.69270366228388,1.01944019147326,1.98302985378524,0.133733350929218,0.0483708609809285,0.075825230223156,0.111165113851884,0.186549653545861,3599.10911094062,1,1
377,-0.5,-0.452600586141485,2.36986349457853,0.752964631489399,1.03451355511975,1.89052829887925,0.153803993572068,0.0464963168923242,0.0716452250440804,0.106237087695861,0.173846162175533,3648.77362061149,1,1
378,-0.5,-0.515409414927375,2.28244735887559,0.810659413357082,0.92165399873602,2.02953332683455,0.160566015372322,0.0475949569748006,0.074258774539494,0.109486802735735,0.182888744736915,3573.46668859934,1,1
379,-0.5,-0.488150964253413,2.37281540722137,0.610040429334555,0.889855813400732,2.1650828420459,0.148262331138733,0.0435101544836743,0.0721185876857342,0.106798798106649,0.179273962526821,3555.893582008,1,1
380,-0.5,-0.298707469120412,2.27508234322176,0.765804295247975,1.03460251134387,1.96531996145353,0.125473202114555,0.0470846299512566,0.0738133132741949,0.108316772130618,0.177946135544151,3579.22463318932,1,1
381,-0.5,-0.528408840316158,2.3653580753924,0.676247900431815,0.799665295420728,2.32193944982842,0.148905949805549,0.0452258572210921,0.0739718026661649,0.114555481566499,0.184187632549331,3575.9911581886,1,1
382,-0.5,-0.386378239632859,2.32737368425325,0.79931994354036,1.06300040844362,2.04407366665969,0.133580866438675,0.0473068148434366,0.075245576438728,0.106572393358068,0.17686033204095,3626.76252070906,1,1
383,-0.5,-0.456593904848681,2.3800796107947,0.663647765646833,0.798194046485359,2.24157736262938,0.150759541650276,0.0450523501528591,0.0701448291837931,0.111316350127835,0.179384245120828,3599.64366816371,1,1
384,-0.5,-0.405224983598805,2.29422820041129,0.772562325877988,0.907383162436502,2.10200169616246,0.141203771057658,0.0462975491142143,0.0731579825869336,0.108926118968696,0.184212264837137,3559.17054993315,1,1
385,-0.5,-0.488049340011567,2.21613624092471,1.01668877306655,1.03694662245144,1.83276862068177,0.165238494593406,0.0480204821126571,0.07307587513765,0.10499582092545,0.175131070791287,3601.91296895474,1,1
386,-0.5,-0.473403535839897,2.2787145995387,0.784908352243396,0.8482819779118,2.22217591889893,0.143984770271454,0.0463537649745891,0.0738488073738013,0.110733434983077,0.182578264827691,3545.01930407746,1,1
387,-0.5,-0.680086997730269,2.3087543727072,0.760643172889705,0.957063093941103,1.9667325123182,0.197104765979238,0.0473295429267514,0.0726296215201777,0.106796869612093,0.180204603337854,3587.17835503078,1,1
388,-0.5,-0.60029658366658,2.34656016002172,0.689095220757652,0.917041991822305,2.08440189640418,0.166917263112235,0.046266192234108,0.0727438065572111,0.107968298775737,0.186088538135081,3575.27523134918,1,1
389,-0.5,-0.471107462308798,2.28664292630072,0.837106844407621,0.945058975044699,1.98800409785277,0.161504849365441,0.0489484853530017,0.0757531054898624,0.10771075221386,0.175160624021157,3599.94221668932,1,1
390,-0.5,-0.52906690301692,2.27617230553497,0.817635503489547,1.12353636238204,1.77018472635542,0.168485228067664,0.0479732787570253,0.0736951531312383,0.103862752709933,0.171478891106733,3614.11262602475,1,1
391,-0.5,-0.774848486916918,2.12388212954472,0.988386411699475,0.962550935307249,1.94344178553271,0.194422600799529,0.0505834644446299,0.0779820865163407,0.102849774365393,0.166400909570902,3529.19722283442,1,1
392,-0.5,-0.511272089491874,2.28042058517722,0.812574299372303,0.914086726904232,2.02859087081673,0.165311839289577,0.0467869913052076,0.074916157243793,0.111480019315726,0.180059822000232,3582.64781618245,1,1
393,-0.5,-0.714007404908246,2.27594755910044,0.790241631222659,0.92383902268162,1.89695332677414,0.202609894374953,0.0470677520886599,0.0737212706482223,0.106328489296974,0.173967053505418,3569.07695058392,1,1
394,-0.5,-0.599313093832083,2.32200926719099,0.802274540834931,0.988051926909167,1.94578273357885,0.178621742765291,0.0471696342337561,0.0730397787127352,0.107749457959597,0.175001632720401,3630.81966584231,2,1
395,-0.5,-0.512655564047247,2.34705502613478,0.723140695691537,1.00918825180239,1.82534442854328,0.171933772995933,0.0474752675374201,0.07407581962331,0.108344535887861,0.177823330366995,3598.39508645762,1,1
396,-0.5,-0.429605587432468,2.32893402507106,0.734821224843608,0.859789362384273,2.18193115824516,0.144553183531855,0.0448936644237669,0.0723187447820987,0.113210303451501,0.18544953141506,3605.03715458418,1,1
397,-0.5,-0.457588156175862,2.24870190048883,0.943230969710688,1.22827567479717,1.71847556996146,0.151314547129836,0.0507667381290684,0.0781097354859667,0.104431432190395,0.172018575140149,3652.88958026524,1,1
398,-0.5,-0.364332903603178,2.39151513302063,0.689802783925206,0.941134314916498,2.15454962392673,0.133327135190277,0.0482702308176545,0.0751558751108715,0.113387952254144,0.184975504736624,3649.06170005872,1,1
399,-0.5,-0.336161846133916,2.24368330568369,0.876665753304395,1.08205273409943,2.03570767151019,0.118275332437584,0.0507263590588379,0.0776713212807845,0.108190616646038,0.181825807516916,3591.77082606129,1,1
400,-0.5,-0.418123749005222,2.28456071441228,0.837092882994182,0.813306449414397,2.31617454462142,0.138277816865735,0.0457420614776125,0.0717175217744339,0.110625720621955,0.183985673428757,3586.37882359775,1,1
401,-0.5,-0.543835694308601,2.3430684133879,0.764489899031159,0.985676383634089,2.02693970222403,0.173292455483372,0.0454106812325313,0.0724517725648599,0.106051171774906,0.184217371886534,3590.08097878526,1,1
402,-0.5,-0.54495854977445,2.28595902999854,0.797907578032229,0.968141881013611,2.11616721396852,0.159354717709647,0.0492596261067494,0.0769018496821275,0.106070120613785,0.185157293339669,3561.62457207229,1,1
403,-0.5,-0.483660468345905,2.43989635582771,0.564188504118257,0.965488177660795,2.10786339627521,0.152995723165677,0.0474558643689676,0.0760095316272573,0.108147947585505,0.17782320585137,3627.97191770551,1,1
404,-0.5,-0.41231636141853,2.28320524128494,0.821440955162882,1.00201153790582,1.97670770921093,0.149932507803178,0.0482572816550591,0.0750633932879148,0.107966825135568,0.182359885914748,3596.31525732467,1,1
405,-0.5,-0.581557353795305,2.27506147306409,0.854023532207855,0.901806306677067,2.09129913957641,0.170443191798142,0.0458719023403755,0.0730515220650583,0.109015485715603,0.189741782620858,3563.93506425424,1,1
406,-0.5,-1.03271478889025,2.27689616219417,0.881940930116342,0.977675327441949,1.83348828258454,0.251466695014564,0.0464305434234653,0.0724448406722536,0.105957311934601,0.173502265460808,3597.16734646804,1,1
407,-0.5,-0.344724823593,2.30141017661927,0.826015521936642,1.21070693747905,1.84009065356885,0.128545074978658,0.0494403425761393,0.078150336501883,0.109339102865494,0.178414819613198,3656.94585976004,1,1
408,-0.5,-0.688050622824732,2.27519113640468,0.85282967884742,1.03014899654004,1.79077561476093,0.191767522879429,0.0482965156016621,0.0754063754157465,0.104245575129613,0.172007194042722,3585.37800018106,1,1
409,-0.5,-0.358567716654519,2.24655089510579,0.860042963424263,1.12363161731675,1.89003253195678,0.13674701144954,0.0484786549275207,0.0752445825839978,0.10416677844592,0.18006166507818,3582.20222582196,1,1
410,-0.5,-0.6215003435245,2.316516893148,0.813535892497248,1.00329399389694,1.98846801942239,0.171100745554189,0.0470087295063533,0.073663349287835,0.102984637127464,0.174613141760012,3597.82858564037,1,1
411,-0.5,-0.593757632880388,2.36845370904499,0.749174547915569,0.999078987771772,1.95887434836328,0.170266534319214,0.0457056824233799,0.0710802301987208,0.105758662198115,0.174204654803944,3626.49334030396,1,1
412,-0.5,-0.406112252320371,2.30756934327027,0.789918390596974,1.11587848664913,1.91354100131943,0.139052657288594,0.0487330971344814,0.0754919384918098,0.10539513573791,0.178475209574492,3601.88958447396,1,1
413,-0.5,-0.542651671570178,2.41724582392651,0.589154875629446,1.05448665603193,1.8719627717067,0.169759442719361,0.0468533108291171,0.0750071257631215,0.105397005487452,0.175218613183076,3623.23019863286,1,1
414,-0.5,-0.488235179610296,2.26822100691684,0.87528192008451,1.12295407964778,1.87039953339793,0.146865255062293,0.0494324443603444,0.0742181076391486,0.10662550828514,0.173395105018064,3639.85617825005,1,1
415,-0.5,-0.65097534175345,2.26148000707613,0.861884027868758,0.969808213388048,1.952322651406,0.178463316596957,0.0469807069785663,0.0740727755041211,0.106718955515243,0.174073426469543,3593.02699917828,1,1
416,-0.5,-0.518771455904312,2.32121209422457,0.772176556714964,0.966401257128723,1.89659663047363,0.172093470824564,0.04582317470819,0.0701309483700458,0.104488323779015,0.167247911198503,3602.89506275454,1,1
417,-0.5,-0.61883191377541,2.27600588103567,0.820467489893283,1.00389157056845,1.87781867722362,0.175070635675626,0.0483905456543369,0.0754548129790423,0.106266896088468,0.176217820028809,3577.67491490385,1,1
418,-0.5,-0.445138172858142,2.37076671636571,0.736240086014591,1.18042195293223,1.69435172812678,0.159173693055134,0.0476537685903346,0.0754146989331949,0.103737968348479,0.170385496848231,3669.11276364185,1,1
419,-0.5,-0.25273701612511,2.3191249446999,0.784016406250463,1.05572831873395,1.86061855480444,0.132681764451971,0.0463522042999368,0.071711405409003,0.106147198671732,0.181903789329044,3605.66601047186,1,1
420,-0.5,-0.407943781576136,2.31124712099783,0.832746406148391,1.09714367355774,1.92349697338205,0.142898022373997,0.0481396526858517,0.0751101142477574,0.103905220879519,0.175865390356433,3632.62374206976,1,1
421,-0.5,-0.559915481422026,2.22534429602813,0.936121461879569,0.94872365736976,2.02638477573983,0.167707735559771,0.0474909024361293,0.0733788969745477,0.11036237394364,0.178047921787097,3610.26063565542,1,1
422,-0.5,-0.541477291112573,2.26696708092791,0.871526109998789,1.2057772787429,1.70298428844219,0.156815723489957,0.0502059824660043,0.0772755736308881,0.103048288173522,0.171333220058823,3623.63937928036,1,1
423,-0.5,-0.373216855709031,2.31740276878569,0.822543253205437,0.777723257990318,2.30906237700293,0.135023975486513,0.0442652877175214,0.0697785007573734,0.112961492378076,0.182322265160062,3602.01044786864,1,1
424,-0.5,-0.554103204256453,2.37758527009178,0.665194001831005,1.01550210470042,1.79814156503982,0.176574270792008,0.0456607933443383,0.0722995568586197,0.107113158212261,0.178074452266723,3618.29440863714,1,1
425,-0.5,-0.736103239916997,2.25440802041184,0.850410135313288,0.974338655855405,1.83303938249708,0.205692871328165,0.0465923577495795,0.0729625774448356,0.106505753016138,0.178708166448983,3568.65921255799,1,1
426,-0.5,-0.832623399165518,2.36045609632323,0.768825767949277,0.995121433213966,1.9897199800393,0.208692947699758,0.0471302675200823,0.0734050037538261,0.102639909010337,0.168989316921198,3648.00377186471,1,1
427,-0.5,-0.550735729374529,2.31623749733628,0.765992225793389,1.06967341697578,2.06952449672769,0.143016718155582,0.0490119149548967,0.0778567340027559,0.102843911172256,0.167244143561907,3628.83009175331,1,1
428,-0.5,-0.79169665680878,2.33113300311048,0.761754595530057,0.907365367193036,2.11035827553989,0.193734163021541,0.0486964089851941,0.0757914061205019,0.108236110847746,0.175886697067432,3614.40271860678,1,1
429,-0.5,-0.457760260172562,2.29636628898687,0.854581489381272,1.0498038978082,1.91993077207402,0.152108276816588,0.0497381330275795,0.0759373024733085,0.109031709863913,0.177794937387781,3645.35578485874,1,1
430,-0.5,-0.460207898968953,2.33199121196964,0.748321191008867,1.09535883271094,1.78895437709465,0.157327879471493,0.0484768981271604,0.0748070638249641,0.104687525583279,0.176964235213258,3608.76677031839,1,1
431,-0.5,-0.651512230396637,2.30334166166854,0.796115290985283,0.987172744834546,2.00042039445866,0.164997661003204,0.0470670360270308,0.0745763444222671,0.104992229487221,0.175791245764225,3584.81534260621,1,1
432,-0.5,-0.389416058731346,2.33551002682384,0.750744815085799,0.770495203812399,2.34821448095717,0.151798785856976,0.0454059331124038,0.0733257437321724,0.112522026138672,0.186781368324055,3590.79816338475,1,1
433,-0.5,-0.69626459947169,2.31910045318031,0.806089328975762,0.94042618503437,2.04075866573099,0.190359814693223,0.0470315439720128,0.0737419006825338,0.109743960716798,0.181707306706638,3615.98039046306,1,1
434,-0.5,-0.49618120899221,2.31601849711616,0.774908581636337,0.958676383230421,2.00937789277239,0.160801875412081,0.0454050052573231,0.0715404238334733,0.106388227115456,0.177148968738353,3597.76400747017,1,1
435,-0.5,-0.370310295994748,2.28316379655522,0.741424244119171,1.04067144769173,1.87809929661566,0.138580597264652,0.0479340640536355,0.0768175533009222,0.104818389190714,0.178082894612107,3543.33799140962,1,1
436,-0.5,-0.417009214633649,2.30735578415119,0.799506030886093,0.917111848630099,2.19093708041829,0.133747991349034,0.0472764043870951,0.0713186212789454,0.106943679932737,0.177476896460929,3594.61708217083,1,1
437,-0.5,-0.668765315028257,2.27434621486548,0.821035416577277,1.02610062272118,1.80436370374019,0.198661623262563,0.0465219173760054,0.0734652751854005,0.104348572448992,0.175345194136124,3578.55885520321,1,1
438,-0.5,-0.258693090778839,2.30648570055492,0.792013499546151,0.948339712843602,2.19259004677261,0.121468752258683,0.0479287343410554,0.0733182303759805,0.108707604483796,0.184337893508908,3596.35909339641,1,1
439,-0.5,-0.506016286603564,2.34569295899354,0.780991669393883,0.928544866293966,2.21397374530953,0.145742025962471,0.0458453806686815,0.0719681398803192,0.106416083134929,0.175778305346154,3622.69373216839,1,1
440,-0.5,-0.337374784552516,2.30415995570257,0.777288483839155,0.804932700274839,2.34783726947694,0.130477817303344,0.0463770272084354,0.072698410596419,0.112408423907305,0.179959554162295,3605.84084096769,1,1
441,-0.5,-0.352713085937478,2.35804547215401,0.726405302512974,0.999480140330553,2.13257478086918,0.128368838617292,0.0477155103118327,0.0738375712811797,0.107707793587081,0.185096876133202,3616.9423236438,1,1
442,-0.5,-0.46899472553138,2.2775410976864,0.796249001814001,0.948544625414822,2.12259974774988,0.145347988945766,0.0475122648836985,0.072824624595756,0.106612852093801,0.185615480516422,3556.17248695595,1,1
443,-0.5,-0.314386565094463,2.25853848868315,0.84889994466639,1.00685833307384,2.09690069953616,0.123689413658343,0.047452183854249,0.0737403510893666,0.106069359181933,0.179397526162104,3580.4837111464,1,1
444,-0.5,-0.239725899275716,2.21109757238159,0.921884517242642,0.866013358526908,2.38786585765377,0.112396915611957,0.0493887030018304,0.0752736670843794,0.111581942483773,0.185523109657782,3589.4313137246,1,1
445,-0.5,-0.618033996253345,2.3178705717408,0.778416398410052,0.827956974223961,2.23873610043423,0.155691877951988,0.0459900575975991,0.0747561909469349,0.107903755245409,0.171568174651629,3600.07446927899,1,1
446,-0.5,-0.52265444396708,2.31492374374426,0.784851306063349,0.851523930299514,2.19437331333514,0.1580236581206,0.0456341222079452,0.0723606659320788,0.107997152118549,0.176490614328414,3585.55715319141,2,1
447,-0.5,-0.431042248674408,2.22659494885919,0.931747933047713,1.01467753504796,1.91241576570808,0.154274814138753,0.0473241934306026,0.0740657183889692,0.104593618766553,0.180847167986662,3562.78854886522,1,1
448,-0.5,-0.429572405760426,2.28344768774573,0.861701693712338,1.0142638345253,2.03695189158466,0.142002630529609,0.0487468516091985,0.075916118047253,0.10691473354516,0.180652344274711,3620.10382834548,1,1
449,-0.5,-0.363048139247242,2.31818303749211,0.737719738801867,1.08514170007694,1.9409656885005,0.139090739644025,0.0475698710017053,0.0747109313322162,0.104303645770289,0.172936372647111,3607.71873559841,1,1
450,-0.5,-0.82933727718838,2.39950757623711,0.636198115002108,0.915664181126544,1.93371138176898,0.210112303336538,0.0443545266863023,0.0709040985229054,0.105335300874126,0.171674686273224,3589.0153340986,1,1
451,-0.5,-0.280915098463967,2.27623658105221,0.810556038712928,0.997559551980326,2.14126280315578,0.122077138555518,0.0492069238739305,0.0768492885313032,0.108689204904441,0.189443207253952,3588.04531886462,1,1
452,-0.5,-0.401162348411176,2.31348191827447,0.752476602816991,0.911078419156899,2.07246213656849,0.143426198922476,0.0460119218162867,0.0703324894405492,0.107842886202367,0.178135880538713,3585.72585344101,1,1
453,-0.5,-0.539485631482311,2.34468897812485,0.756903571269414,0.898934918760595,2.25789252828512,0.148779927629,0.0484712981559578,0.0740775722112857,0.111745954738782,0.177843339522,3641.10264242406,1,1
454,-0.5,-0.313175930976522,2.24572346848506,0.856049806531851,0.873943440633848,2.16187512343565,0.133555155450905,0.0467672799747018,0.0716785276105797,0.108749378285246,0.181263797641096,3564.40857075315,1,1
455,-0.5,-0.498002715351702,2.37133319964523,0.720894645037873,0.942802935592413,2.12918889536216,0.159092234785856,0.0470810900736795,0.072544976823709,0.108500701095193,0.188792388782035,3615.9395049012,1,1
456,-0.5,-0.479287743182134,2.2935462818668,0.823454553374814,0.942223381739004,2.0867206465914,0.160874976430118,0.0485605350979619,0.0736775705482621,0.107229641320162,0.182096999870212,3599.58142569405,1,1
457,-0.5,-0.397739964876561,2.331266235983,0.776931050994399,1.31560962751427,1.69967978698944,0.130123163764782,0.0509463168974732,0.0808724726565191,0.104696554247822,0.166807429115643,3659.54951882616,1,1
458,-0.5,-0.53029265661066,2.3689358030863,0.720239921574135,1.04253087871073,1.96452416755202,0.167126726674605,0.0473194030603003,0.073888719234892,0.103912123505657,0.17597275718292,3625.44129402564,1,1
459,-0.5,-0.308686945503122,2.25794936266186,0.823354227031604,0.937167248708862,2.09256250889944,0.127772766412649,0.0482131794666664,0.0721443139571126,0.108917435895288,0.180957517466615,3584.12479895768,1,1
460,-0.5,-0.54145772503247,2.25260145385426,0.839069696825383,0.708736950301308,2.37169159131711,0.162340599993659,0.046963522497989,0.071512262385283,0.111645356106152,0.183825366188651,3552.28603571429,1,1
461,-0.5,-0.761563411460427,2.35022839557608,0.716166043601391,1.11216192065048,1.77429367508804,0.184551243718406,0.0470368426509795,0.0747097047044966,0.102279695665814,0.171647043400322,3608.14093114064,1,1
462,-0.5,-0.501770605481128,2.31801927556997,0.792782605987775,0.910560079618604,2.15521096220288,0.15516058350853,0.0462371130670867,0.0731303224910452,0.10968843009604,0.180257343625143,3601.3897872492,1,1
463,-0.5,-0.186949570277526,2.14953730232881,0.99452238641585,1.05304906682795,2.09468395677723,0.115326041438684,0.0515910176578942,0.07692602524653,0.10610437739092,0.185237327987654,3557.81185793132,1,1
464,-0.5,-0.59930433555708,2.31534268618728,0.805096906544801,0.958498675084093,1.94545272098546,0.180051683866296,0.0465629017014259,0.0722784936449044,0.107595824128138,0.175416875611853,3615.88499757438,1,1
465,-0.5,-0.396135904068513,2.26470993861118,0.860131276204292,1.14207360409244,1.82482222113876,0.138429780886289,0.0485580871676181,0.0742933748292436,0.106289991576607,0.175453714901029,3620.41407948898,1,1
466,-0.5,-0.484457518897955,2.22240293751467,0.953533863235858,1.09397825159919,1.82554773731166,0.159307631811346,0.0490456998626714,0.0755749852277641,0.104691450585771,0.175573977157418,3598.16114913644,1,1
467,-0.5,-0.428169799893014,2.25650706771693,0.852432516762875,1.0167566891438,2.02968809354963,0.14898472793435,0.0501015321275253,0.0776974935533064,0.107702403343805,0.189856982842258,3573.09717952469,1,1
468,-0.5,-0.339368425512155,2.30758340180184,0.814308991733714,1.03013111882784,2.01594538170219,0.129277729921255,0.0485500219025372,0.0748866938049756,0.104455267051361,0.175470478550665,3607.70620709822,1,1
469,-0.5,-0.821543495944609,2.3085231293223,0.795544093109912,0.911852068639158,2.14431047451914,0.20285890384035,0.0476375879023725,0.0756855437790022,0.101352357376538,0.166700005129632,3574.61349718632,1,1
470,-0.5,-0.519920606145146,2.28160675797586,0.788653902762514,0.902970281957152,2.11888050503583,0.152781563315721,0.0475936071896337,0.0750638019352586,0.109460082171841,0.180262392821885,3566.88771442311,1,1
471,-0.5,-0.518971761751565,2.34645056851532,0.722455955170788,1.18652557081246,1.75248342746772,0.148464731812633,0.0494220040073781,0.0764613823886422,0.104849849670013,0.170902763106952,3636.83065232159,1,1
472,-0.5,-0.451659583086184,2.28355742355253,0.800446939166553,1.07422227020064,1.91639702797118,0.149660441826595,0.0493911784678441,0.0763934226927146,0.104034387723106,0.178441055702991,3582.41627713114,1,1
473,-0.5,-0.588644713777726,2.34279724155755,0.729771141580573,0.925449780974565,2.24100250159568,0.144597153918779,0.0472905218429048,0.074097558502429,0.106050310904374,0.177614763923442,3578.35054576197,1,1
474,-0.5,-0.544190563802015,2.18613119887805,0.926239064160876,0.965243640016961,1.90843470015788,0.169099519314661,0.0476294871110126,0.073523528143667,0.10741894869866,0.176828060429991,3540.95531354585,1,1
475,-0.5,-0.589441646991507,2.21133499689078,0.882295308315077,0.777638690327518,2.26948030145331,0.16953829487494,0.0482134499010026,0.0728741827635319,0.111491426938057,0.17946707497868,3560.33484729766,1,1
476,-0.5,-0.37284853995134,2.32137905373637,0.792571170236493,0.823471658417331,2.3009715078454,0.132764174738469,0.046699368451238,0.071684767676616,0.116637960818471,0.191145617972708,3623.1220294356,1,1
477,-0.5,-0.565073941222982,2.25205097934272,0.841032062163043,0.832809462096954,2.21889804943081,0.162000142653702,0.0472985118029917,0.0735206087382581,0.109605936143095,0.178928812831336,3553.47938470276,1,1
478,-0.5,-0.204321993930182,2.30092572939982,0.784065604355546,1.02202442718391,2.20584022259143,0.107678348839443,0.0493403929203583,0.0777554637479035,0.109640917235517,0.173390191384096,3638.25864351432,1,1
479,-0.5,-0.568974584810075,2.23129580208851,0.888413761726723,0.892054396171564,2.05404340010318,0.179997684039542,0.0476591152756772,0.0744673249258269,0.109823859265799,0.181599772043008,3562.66017794809,1,1
480,-0.5,-0.512959219854635,2.29753108392498,0.843328128342826,0.94459102064908,2.11101090678757,0.150271471974369,0.0475605452247343,0.0728321761943231,0.106003002971767,0.177033193915184,3597.74353997402,1,1
481,-0.5,-0.404291341772872,2.28822768102153,0.847577216281859,1.25485513809284,1.67141148539141,0.145674101708847,0.049890874420101,0.0762531249473141,0.103603849580905,0.175359317599353,3622.04158346157,1,1
482,-0.5,-0.359358310175354,2.36666097711822,0.725076240263576,0.898627690774507,2.32974622747941,0.126509024655092,0.0448315059779318,0.070391010982905,0.108068110760129,0.184723547493033,3599.38823737875,1,1
483,-0.5,-0.484734121221919,2.30623946212163,0.791036815635459,1.21218452180188,1.74716320090679,0.146465193995834,0.049792546175874,0.0771887503299853,0.104027788863452,0.175506995151908,3614.823408023,1,1
484,-0.5,-0.294208287366875,2.37415498025438,0.684691621430798,1.19443493702003,1.98984101503438,0.115708524787846,0.051002966808774,0.0782352229019076,0.105643542130071,0.182611050510665,3647.24029971428,1,1
485,-0.5,-0.406424033788843,2.24170822539609,0.94878974191822,1.07975682212571,1.94148032559761,0.142940637558504,0.0472333838198222,0.0732948311717205,0.102906901654644,0.170940076401309,3613.48802893687,1,1
486,-0.5,-0.548117767581578,2.34977271237031,0.68941543286829,1.06160861413727,1.80046491868234,0.169325727667788,0.0467080092284263,0.0728465234586535,0.105309896747021,0.177211890384761,3597.92809549147,1,1
487,-0.5,-0.54331982185051,2.30797691700481,0.809502181258252,0.977027421245418,1.99404531590475,0.160566291390763,0.0469140459544855,0.0734267184120649,0.107027116436738,0.173342187872448,3603.1984419066,1,1
488,-0.5,-0.391453527958248,2.33001167089804,0.758660067924673,1.03691295620895,1.9117369337058,0.139329032476304,0.0461821387250735,0.0713371771796413,0.107201622881846,0.181057710223912,3603.77110478658,1,1
489,-0.5,-0.461026076932782,2.31292216328622,0.840136226085034,0.882132174416107,2.22258312491208,0.154305833585665,0.0453465715694379,0.0732544529794456,0.110944765868181,0.179441188661234,3626.12624787155,1,1
490,-0.5,-0.602671864764194,2.34520116144379,0.782686557689904,0.91238613103648,2.08162332984726,0.168781632900884,0.0470768242534423,0.0732639283080239,0.10976663777732,0.175495887930509,3615.80440556212,1,1
491,-0.5,-0.391198760525847,2.31530521146833,0.819482565256157,0.984889378854068,2.04020058270209,0.142476906543964,0.046403895465284,0.073475610476789,0.108642537989879,0.180664724368965,3614.89143528756,1,1
492,-0.5,-0.780712578844177,2.37757466665448,0.739183267981512,1.22056249460583,1.69887482564437,0.185315659728751,0.0481571129221343,0.0759946621903074,0.0999837054090525,0.167674862306311,3645.34595262538,1,1
493,-0.5,-0.22633358405482,2.25752316937642,0.909174775915286,1.04382051296393,2.01546017848133,0.117219692846711,0.0485865269959451,0.0741077805451403,0.109053972760256,0.183721073563188,3614.81212417952,1,1
494,-0.5,-0.360775084076765,2.24706789137447,0.898393933077202,1.01218582299895,2.08322303959172,0.132928877563639,0.0497427307231653,0.0765909965806504,0.10706336506684,0.182983057132664,3598.0839836745,1,1
495,-0.5,-0.259724296769052,2.3446182359041,0.759822813580991,1.07866727583512,1.97229301151863,0.121357831820611,0.0465871201459098,0.0724610583968565,0.110086265470258,0.175925083310105,3655.04409004519,1,1
496,-0.5,-0.236299334650932,2.32033803973731,0.759705596038825,0.925308081356325,2.32163129258855,0.116542535024092,0.0480924532960131,0.074342889453846,0.110344614584082,0.177659064035594,3629.61064784072,1,1
497,-0.5,-0.229752601731566,2.34400259265774,0.777631100177565,1.00703755267298,2.08683218227423,0.117493249461987,0.048454603257807,0.0748718186106033,0.110904779173497,0.18499351107959,3626.68039514523,1,1
498,-0.5,-0.761282927561189,2.30733118322404,0.795471572534089,0.879241561888566,2.01960460042474,0.217654983858306,0.0450675736329812,0.0706503625066394,0.105693497239971,0.175552238323091,3578.70739384575,1,1
499,-0.5,-0.553679575881758,2.29395747186891,0.832205428398725,0.975991124413874,1.99807011623366,0.169113395620971,0.0482643997137026,0.0739550175228178,0.104986278763204,0.175645606173804,3607.23511872647,1,1
500,-0.5,-0.579894769359092,2.21840400491363,0.849696327034485,1.0248226927475,1.84883418210074,0.173835022962866,0.0480553677830749,0.0743104768039269,0.106411117849128,0.175614244158157,3558.59171787725,1,1
501,-0.5,-0.450404927658762,2.26044147526932,0.787157126684858,0.933695207846398,2.10054228264182,0.148910378865878,0.0489792309024316,0.0749237824013962,0.107544643937804,0.176809203596184,3564.97551408137,1,1
502,-0.5,-0.463408397233824,2.32164999026836,0.711836254112672,0.869798322148314,2.04235322859051,0.160909685660975,0.0462684956967571,0.0734033863072754,0.111087584155483,0.186213527456579,3550.70291137765,1,1
503,-0.5,-0.553698011770379,2.30257369743049,0.812475972827291,1.04642791787151,1.9242220387319,0.163652207669713,0.0473438998069972,0.0740930377398275,0.105397738359285,0.175158903889593,3606.40319150258,1,1
504,-0.5,-0.382052752861838,2.26564767857911,0.800469722515061,0.866259034652573,2.04809652552459,0.157561626905295,0.0456714445149905,0.0707019914121524,0.11122021697622,0.190196424881927,3557.45614498918,1,1
505,-0.5,-0.538504921901771,2.26944107825373,0.818178282296354,0.943208028210765,2.09278232681027,0.15321596145119,0.0483160302239965,0.0763060180690348,0.107610146814368,0.181952874088273,3563.61342259996,1,1
506,-0.5,-0.76301575439876,2.29531723501293,0.803210148723433,1.1373838736199,1.56569889235031,0.230654884738448,0.0475358471836508,0.073039178603282,0.101292087003429,0.169187343648189,3608.88244842242,1,1
507,-0.5,-0.494677767730688,2.38330071359272,0.662135805427567,1.04621268512606,1.91412079365204,0.142034298138782,0.0478613461542264,0.0756853408502343,0.107351107219307,0.174317337574772,3624.73152811621,1,1
508,-0.5,-0.315493380631295,2.35907428198261,0.720546415351504,0.994422540575016,1.99858772478165,0.149341574907425,0.046015361304013,0.0715133811494345,0.108800436748256,0.188909319775597,3624.48041048458,1,1
509,-0.5,-0.525938488380285,2.42000212859041,0.61576955911982,1.04777262758847,1.89098832211194,0.152041341934384,0.0458566465940728,0.0750020088036553,0.107004122893869,0.178090300912685,3610.23386717749,1,1
510,-0.5,-0.9227319873529,2.35715113967875,0.697089502343079,0.97364627473989,1.79574308928576,0.240940627035723,0.0463116856739839,0.0731085161107019,0.104035775356113,0.171457712946724,3598.21621681561,1,1
511,-0.5,-0.548141884561392,2.23925951416743,0.884135562590407,0.964514503266421,1.93203624075911,0.166135624399423,0.0491840052022503,0.0770151861965344,0.107709991104254,0.175918877354229,3585.36588461472,1,1
512,-0.5,-0.515752038195237,2.24086418699959,0.946178876078066,0.796952965869636,2.20339141679863,0.171615267421428,0.0459384231105483,0.0711903590891487,0.109116753786206,0.174125818375158,3597.783585608,1,1
513,-0.5,-0.384676645950749,2.22668727893135,0.879279138188774,0.919052274767156,2.06070478033078,0.138199949221055,0.0474859107059156,0.0755077400079393,0.110655493616047,0.178117132298614,3570.56720972615,1,1
514,-0.5,-0.744334055481354,2.33582957543805,0.74034067865431,1.02980391538648,1.78153362167202,0.207119645917732,0.0455634213373958,0.0720995521107196,0.103834947462277,0.172614467957002,3592.21234918564,1,1
515,-0.5,-0.598045224411642,2.26981793672221,0.755207426825223,0.950164603039091,1.93388843086292,0.17786463196762,0.0481870549258222,0.0738730892384058,0.105030225028203,0.17396509858416,3558.08900209914,1,1
516,-0.5,-0.490287933784712,2.31785306051201,0.81991851237509,1.17822804428245,1.72916399187627,0.159021847159617,0.0485598373913605,0.0763875938108255,0.101653499014809,0.17271543189739,3633.08834953923,1,1
517,-0.5,-0.354185639447318,2.32538428936333,0.744413970651018,0.956056205698861,2.02736131812241,0.146390161611595,0.0458365841677226,0.0713097547459623,0.110353920416832,0.185033085812873,3605.35075440308,1,1
518,-0.5,-0.637713655291142,2.3769649512891,0.661235966429041,0.771614588651096,2.30334693651505,0.168266074945076,0.0460472261288258,0.0727367472363143,0.110141029640044,0.183371591846377,3563.64833723878,1,1
519,-0.5,-0.54209217547097,2.31117327751494,0.814106005069549,1.12787859363911,1.74315499672313,0.161235408803326,0.0467569971433078,0.0721502607608246,0.102065412059754,0.165717308524205,3630.56649731356,1,1
520,-0.5,-0.605352101677655,2.26776243113232,0.83761272122429,1.12438441907799,1.80510802894093,0.17141890454141,0.0491884300496101,0.0768821910216563,0.101678211202691,0.170558363172962,3571.96011709204,1,1
521,-0.5,-0.58209908279894,2.2551551906167,0.836489351639994,0.901807148415366,2.16851907486177,0.162503632855115,0.0471547894161605,0.0736665721039787,0.108615131118878,0.18282036820153,3539.63161333723,1,1
522,-0.5,-0.42839872356525,2.24909719057863,0.839124301173197,1.09553624329386,1.93505228848554,0.13291557795753,0.0521432203792266,0.0786526126797118,0.107355723805566,0.17782717579262,3600.45882913248,1,1
523,-0.5,-0.332838945528458,2.3090079627412,0.804796590357407,0.899050145523499,2.01896339631825,0.134274024181458,0.044585122003865,0.0714494793533374,0.111862431719239,0.186236486851613,3585.35964948645,1,1
524,-0.5,-0.657429004958929,2.26076936793051,0.812856514966105,1.0899929729146,1.75331870170486,0.178274912090363,0.0472943324485151,0.0742407731672635,0.105109948509185,0.168513337392173,3595.9912743135,1,1
525,-0.5,-0.54414407756823,2.28690594478357,0.857955641434352,0.840138461421616,2.30892106878555,0.152051425176096,0.0466850347585064,0.0727007116320756,0.109272711720572,0.185920511073338,3564.21638655017,1,1
526,-0.5,-0.635171415786085,2.30668794616816,0.794593675572056,0.988483516002311,1.99895032971063,0.176081808113104,0.0455912726818954,0.071928531900473,0.103988201358712,0.17346976944801,3575.26471452527,1,1
527,-0.5,-0.285096403066667,2.31463422356794,0.81102184840199,0.994215526195756,1.92543138087432,0.137413663908317,0.0460068068738174,0.0704695844417107,0.108232510416294,0.183008900200178,3609.13422480606,1,1
528,-0.5,-0.51592610667788,2.40272232014312,0.646425691781188,1.09841481560519,1.88485748377024,0.151674677073507,0.0470491241094327,0.0747564455636043,0.105532265695229,0.179749316711733,3624.41901172558,1,1
529,-0.5,-0.56839522828085,2.33759621665809,0.722705241335171,1.16993775665973,1.71191559316028,0.170011243796023,0.0493098838044547,0.0769637479505779,0.106330248340661,0.176472396119001,3629.18089472246,1,1
530,-0.5,-0.567145466517135,2.22059077300316,0.878635729471766,0.866571246600554,2.18292749967609,0.178076421361944,0.0483451397232681,0.0745958396840529,0.110049201604711,0.18588260590232,3553.132798485,1,1
531,-0.5,-0.455610585011465,2.28726799494472,0.845738629009611,0.904202341444416,2.15576041374619,0.148377577501887,0.047222798705793,0.0737355991113236,0.108050932439934,0.175316482586444,3597.05592487447,1,1
532,-0.5,-0.656916334745381,2.28487688287564,0.827001086300961,0.977640643646499,1.93320974885601,0.185548213665173,0.0469084945344951,0.0727783710701887,0.106249794158642,0.174435611783498,3596.33373061267,1,1
533,-0.5,-0.491016347895313,2.25843652494825,0.870300235736162,1.10765612518397,1.92038198373768,0.152954117381014,0.049028311071304,0.0746112755600085,0.10400113435141,0.174752746330624,3604.01016212905,1,1
534,-0.5,-0.223352857616514,2.27933019535492,0.794354264025923,0.856596486494086,2.25696663757935,0.125686533597748,0.0469483023134205,0.0727007368945718,0.113173557782581,0.191782170724552,3573.63085941878,1,1
535,-0.5,-0.261528676519094,2.30347093477944,0.804197319643293,0.913215139614532,2.20829691763879,0.129444825352242,0.0471574912337751,0.0727891028018474,0.111776735495554,0.189783243903782,3598.96365757425,1,1
536,-0.5,-0.286165824806167,2.35991686253031,0.752569253365086,1.08560482513718,2.04364095244847,0.127675446906431,0.0479097478389636,0.0761634794933361,0.104383033847315,0.178995089470345,3638.15205285504,1,1
537,-0.5,-0.462345444658545,2.33857185169397,0.753708614737421,1.02934674519897,2.06418080350752,0.151601979649879,0.0484583828112366,0.0760810063593765,0.102967373928338,0.169490840360746,3625.07195046154,1,1
538,-0.5,-0.507549187104397,2.28752933650132,0.796235218789473,0.843240198359739,2.18715348310634,0.146913640450054,0.047005408268447,0.0731282656163562,0.111311578135768,0.180401808342458,3571.4442244741,1,1
539,-0.5,-0.956939328080879,2.36079737513051,0.708213674101365,1.0051133638186,1.7700402971609,0.241631121345008,0.0452535306658462,0.0722337131498364,0.105529471146665,0.175352018986915,3596.17067220321,1,1
540,-0.5,-0.415527934015834,2.26283460012457,0.832022071223291,0.944909963686842,2.12977030945158,0.136097412845196,0.0469552025196671,0.0761038310388649,0.107400677773158,0.172262767571227,3565.19214058452,1,1
541,-0.5,-0.444708792104896,2.32183242126578,0.736656787121668,0.949620702016741,1.96225441785983,0.157666548827823,0.046126763748481,0.0716158221383558,0.107834990062499,0.174762765460025,3613.98180552683,1,1
542,-0.5,-0.624091320607971,2.37642254786803,0.706691342462155,0.897493013688693,2.17565811167009,0.160573926625221,0.0469432423439244,0.0733535350478966,0.109148026895082,0.178501167696411,3635.39441705391,1,1
543,-0.5,-0.39185172544921,2.34507825771076,0.753104062164119,1.14573724947644,1.70961910392593,0.143984413510327,0.0465907102055225,0.073935742506256,0.108287676556527,0.177175436633363,3637.78050053791,1,1
544,-0.5,-0.379382287438462,2.27558405436849,0.807939791160004,0.934733592626092,2.17183432103908,0.143296885769208,0.0478814087825855,0.0737827539696484,0.107379673160931,0.182504260220446,3578.5488391862,1,1
545,-0.5,-0.429977276628095,2.31212637064697,0.79823941072173,0.905646471048975,2.09311423658835,0.152327876911094,0.0460390939825276,0.0718921483098759,0.110483253008793,0.190564172944894,3582.0319789558,1,1
546,-0.5,-0.6015093582324,2.35772261218502,0.713973251538589,0.973603233420169,2.04458330131204,0.157712796442721,0.0470919449550218,0.0746702341572526,0.105334714971639,0.167410977194459,3622.04792034685,1,1
547,-0.5,-0.357555256889172,2.27848729047025,0.78928027057207,1.06189113345302,1.90737377037576,0.136932849277948,0.0493035407401438,0.0762311867178051,0.111094373391211,0.177127156826481,3619.10154155805,1,1
548,-0.5,-0.452632775219986,2.27166158216896,0.852242420263677,0.95319511401544,2.04108837109984,0.158621915565333,0.0486372685655898,0.0749080814816412,0.10590415314296,0.183241322124837,3578.07488434156,1,1
549,-0.5,-0.604486993837701,2.31557276971735,0.730632473341034,0.848467762591974,2.19567881917513,0.167482376408285,0.0460666939163359,0.073861190440175,0.108152195663253,0.183082724035115,3547.25026092455,1,1
550,-0.5,-0.406676473128585,2.28347340530089,0.763094816602499,0.874124679721653,2.23302483004312,0.137671245989686,0.0480907518002419,0.0760178646719326,0.111233976383828,0.184690085201574,3562.49559246193,1,1
551,-0.5,-0.269852320371243,2.42350790697189,0.588474687847423,0.939698346444497,2.05761735614246,0.135908793155839,0.0447806654726054,0.0704326252119346,0.110578233047923,0.187234687807581,3602.67971861027,1,1
552,-0.5,-0.869878832245534,2.3418527070955,0.788815625387967,0.956388735427815,2.04673062180612,0.204479942090398,0.0459846859901706,0.0727706334914578,0.101534905460021,0.168152915159997,3619.5428868793,1,1
553,-0.5,-0.575425269924918,2.36452337008678,0.690127410472533,1.15474068201928,1.61597022261426,0.182351556051789,0.048238607985651,0.0737286435126585,0.105353420911244,0.171541760515725,3637.39113240897,1,1
554,-0.5,-0.474891678864704,2.28048667735529,0.807422163976229,1.02775733163046,1.99716033020339,0.143548381959162,0.0475050759988071,0.0749681021919092,0.106008730564608,0.172852540779625,3596.01445764417,1,1
555,-0.5,-0.714024588009132,2.31155924093098,0.758519552415294,0.920940776080143,2.09765029587023,0.183831169467768,0.0459976531501793,0.0724172913225983,0.104607673649679,0.181816432029835,3559.6325834581,1,1
556,-0.5,-0.501862464916511,2.31499408674476,0.76701432200482,0.990138260614615,2.09556792657897,0.161830410964016,0.0483216904736103,0.0752413015099723,0.105580265652342,0.177229358084999,3598.78495587927,1,1
557,-0.5,-0.613002103282878,2.3258148770546,0.782950766862282,1.09407520053928,1.84279946525282,0.174457385506481,0.0482750749646472,0.0756794564526857,0.103598559069909,0.174826942916509,3622.44910702808,1,1
558,-0.5,-0.657149223052523,2.3274177791363,0.77154959714632,1.03300748994023,1.9797937862003,0.162613780938545,0.047502807757079,0.0766569648908308,0.107420031213427,0.173304264497685,3599.45600866936,1,1
559,-0.5,-0.312234290794567,2.24924864985437,0.851031828535191,1.13519169602155,1.68819677325385,0.157389120241478,0.0474487738983111,0.0731522522773223,0.106300361751456,0.176251439351494,3595.32955538279,1,1
560,-0.5,-0.404482635427088,2.27233921890729,0.827623497185407,0.96422525329773,2.0724917620298,0.143589338999207,0.0487329597564633,0.0760012989986354,0.107683556406455,0.181959467008905,3581.92212922476,1,1
561,-0.5,-0.534022314729314,2.24599339769855,0.829813512141391,1.04239938218269,1.90896662804702,0.14667255794755,0.0495267873230121,0.0761458304759844,0.106297309457223,0.17301653285119,3571.99359635835,1,1
562,-0.5,-0.612159627713906,2.3430099722771,0.765619054636814,0.855712553154277,2.11271266885779,0.17733450793443,0.0453036299158952,0.071984521004477,0.109395345155603,0.182141391176835,3586.69060098035,1,1
563,-0.5,-0.508777367560982,2.26268908354499,0.808275347176908,1.09640380582831,1.76041395809999,0.163818862985855,0.0477377955375193,0.0747466615341191,0.103558074401935,0.173412335749017,3570.46216767348,1,1
564,-0.5,-0.379170347669394,2.29481142803393,0.815057503980215,1.10066968440332,1.98728969668342,0.134215798703759,0.0501637385154065,0.0768730752232722,0.106727007164394,0.179279423721254,3612.17517339957,1,1
565,-0.5,-0.525850532430446,2.32167609583255,0.756890157962556,0.927897860506034,2.11882498833225,0.153141232194961,0.0472979437478626,0.0730630846735835,0.109403682998444,0.179425616707823,3603.60705762526,1,1
566,-0.5,-0.275843682568221,2.27575967116516,0.80048074935428,0.966345308905402,2.13737828818903,0.129899848659272,0.0479787778415743,0.0759188289164688,0.107993297446329,0.193199966884024,3557.02979314388,1,1
567,-0.5,-0.631557927324865,2.21797322744099,0.948827955712245,1.06146900008973,1.93741442836663,0.167044754720053,0.0498885418777034,0.0767303177447754,0.10503128529108,0.16854280047093,3608.255963782,1,1
568,-0.5,-0.630805860416895,2.32625584101897,0.762576813398443,0.917910493491892,2.15065919121622,0.1614555173485,0.0457255005407185,0.071687145042637,0.107172680978726,0.172204718577974,3612.91118360307,1,1
569,-0.5,-0.486353552044344,2.29576429060397,0.830702858585621,1.08189270296034,1.86741574952648,0.149578807936114,0.0480880401231091,0.0738812080122562,0.106936241789804,0.178296963469869,3620.42123824292,1,1
570,-0.5,-0.577061220367015,2.27617940620067,0.79939466843319,1.07362368339103,1.85855770945919,0.16044377252732,0.0485587610798767,0.0772888874460209,0.102376866228127,0.176632698316451,3561.10086539115,1,1
571,-0.5,-0.541762630420426,2.34353990547813,0.722303415067569,0.927559308419676,2.01883367241171,0.17125584920988,0.0452038163970978,0.0717911716725387,0.108178240990138,0.185179200620153,3571.5062105188,1,1
572,-0.5,-0.464957550854092,2.25227476478175,0.850138814574589,0.978913443916947,2.06680421388206,0.148582117850399,0.0481827657995305,0.0741846103653417,0.107021234677003,0.176720215859442,3592.81932314686,1,1
573,-0.5,-0.600135311947349,2.34383676645526,0.7259005351145,0.973751088657616,1.89865344836049,0.169903834921338,0.0454721107333546,0.0721181419152358,0.105463084087562,0.176149269899299,3576.10808488714,1,1
574,-0.5,-0.61500912281088,2.36379909256699,0.718563791157033,0.965584057110609,2.02790394586298,0.172452262856161,0.046170562518167,0.0729078032987019,0.107160744788941,0.176427159913437,3634.41781924723,1,1
575,-0.5,-0.675260017512211,2.24098599923132,0.963679994114549,1.04420150786187,1.96102907401681,0.170884934318986,0.0478610683652246,0.0731307426217711,0.104780456290628,0.17133280251872,3623.79054582351,1,1
576,-0.5,-0.636972455425669,2.38948744346505,0.586488582465598,0.962842958034197,1.99032731292203,0.167792676848412,0.0476345544789111,0.0745147964442269,0.107553397957695,0.176090177989076,3593.60444168198,1,1
577,-0.5,-0.708319474723396,2.33397076290869,0.717617047099121,0.998489148742261,1.92615562255842,0.183186227078211,0.0480549374045608,0.0761798350198801,0.105092732856326,0.174806587209302,3581.56367041293,1,1
578,-0.5,-0.404385827108781,2.32368638248081,0.812661661047205,1.2127724418626,1.81837912907814,0.134284182700615,0.0497335514036521,0.0776614777099965,0.10618295134371,0.169914857493584,3678.98034886882,1,1
579,-0.5,-0.186239389201202,2.34352112338109,0.721095538471104,0.81914965813879,2.37938980566082,0.114188458063643,0.0455745773347356,0.0713783763061471,0.112132241237273,0.188504749652219,3596.09079913703,1,1
580,-0.5,-0.431538585793349,2.23074903996892,0.919014858335764,1.11485132059377,1.76235115405234,0.155088252059479,0.0481522603831576,0.0741568229511297,0.106706467315715,0.180942225987654,3598.47223563187,1,1
581,-0.5,-0.337404043445366,2.28953044655095,0.776359035471246,0.797083680593969,2.32061925907413,0.130774405374708,0.0470935588001286,0.0733395891286302,0.112981407384406,0.191695299448557,3560.14928282137,1,1
582,-0.5,-0.418739897580913,2.3114998604545,0.822593338103563,1.02868957899082,1.95029742366415,0.150573577530627,0.0466914470768042,0.0729156077163406,0.10740619872816,0.182208309107455,3624.69836248017,1,1
583,-0.5,-0.405584923171086,2.25425720059006,0.857201008120802,0.863483957976015,2.27896622433735,0.14341870589005,0.0478926503330983,0.0743884226624682,0.109199122159083,0.182453211683371,3558.3071645719,1,1
584,-0.5,-0.619911133938963,2.35987859856283,0.711699029231668,0.888947313852828,2.16463237241061,0.158298954955764,0.0461790487068695,0.0727298343408741,0.105658231878283,0.175524248078492,3583.30474210221,1,1
585,-0.5,-0.419440147811469,2.220558016851,0.965451418287969,1.01014922394486,2.04446078176341,0.14536540566587,0.0482879215073836,0.0740666385156304,0.10566614589317,0.184192291754616,3575.53528955497,1,1
586,-0.5,-0.512142835030806,2.19842219368774,1.02736152831819,0.956107630541224,2.14316216611989,0.153525934754187,0.0489477769193592,0.0760171359424519,0.107474216067071,0.180054844579177,3585.62566522136,1,1
587,-0.5,-0.467302710617825,2.27557465851447,0.816917458559076,1.06202195682968,1.77980543446059,0.163825298021161,0.0470899388836215,0.0741749907168002,0.106403507494818,0.172829291845528,3593.70814324306,1,1
588,-0.5,-0.442514287458429,2.36340329111633,0.770260038395747,1.13473933016238,1.8636841660981,0.157935809252648,0.0486457863335215,0.0746957146273792,0.101512239601609,0.176320511120929,3639.84494843931,1,1
589,-0.5,-0.418566183169953,2.34055642086627,0.773507828100041,1.02182992413885,2.02654547392692,0.140503770270632,0.047421528995262,0.0752327189648133,0.105951542636607,0.176390351467954,3621.09967391254,1,1
590,-0.5,-0.533516446847248,2.30733972588372,0.824522225500998,0.948941179694396,2.15769253186804,0.159136375528995,0.0473325851626503,0.073416127365454,0.106593503374391,0.174985338969084,3619.70351241425,1,1
591,-0.5,-0.576666267773357,2.38268932631518,0.655985611117189,0.947003164200956,2.10834594819558,0.165194238442457,0.0467383639490884,0.0737997822989672,0.106880088003688,0.179254393610816,3609.92985082442,1,1
592,-0.5,-0.575246905132745,2.27085471437261,0.850178568515972,0.986324415819646,2.01680910230574,0.166944554200404,0.0489245354313363,0.0765957133655715,0.107763572810178,0.17125057520158,3614.64557699587,1,1
593,-0.5,-0.546287851950771,2.30610062836165,0.836542342982314,0.791642546952068,2.26064371918441,0.166179662468891,0.0441628728378012,0.0688286610905196,0.109187045359525,0.179915667360736,3598.94021695651,1,1
594,-0.5,-0.532490731783967,2.30738781672734,0.80588002035145,1.07747892145544,1.84713715513527,0.165075494838638,0.0469036272459389,0.0739867763808464,0.105514994308695,0.169904791722048,3626.99774183561,1,1
595,-0.5,-0.3385985194155,2.27375913976061,0.804656172378293,1.13186328633122,1.65526618710558,0.143483070846459,0.0487806177796714,0.0766291595490176,0.108474888573493,0.177461576579121,3597.23821764366,1,1
596,-0.5,-0.468027614251239,2.33548214875191,0.696165997198676,0.891421703636473,2.22327850722033,0.143240689444069,0.0483538725590419,0.0757584148327579,0.109574496405651,0.183424561955161,3562.08836970297,1,1
597,-0.5,-0.161821530019076,2.38789547092064,0.668302904143856,0.928625808141388,2.38183908010181,0.1051219279618,0.0469940856826464,0.0736412647339851,0.110340931337145,0.190290785876301,3627.40700873424,1,1
598,-0.5,-0.719828314683199,2.34052142919676,0.728228582040356,1.10743105678288,1.73839800726505,0.195642846531609,0.0479014121478433,0.0743908083767984,0.10516996480501,0.174321158685381,3609.83156584915,1,1
599,-0.5,-0.428230955494503,2.35591215807867,0.739481866451749,1.02933184345096,2.02403647390254,0.139504984846394,0.0480719926872491,0.0750257607351264,0.107899350933311,0.175933475932671,3631.70994836693,1,1
600,-0.5,-0.664498911812632,2.23092033417328,0.905527239169059,1.07883926896781,1.77479236428393,0.177700803421289,0.0494274895327615,0.0772039673167244,0.105067322869473,0.17393305007644,3565.59233348469,1,1
601,-0.5,-0.681671168961627,2.17048801066297,0.961807110741308,1.02395285208698,1.75051880778126,0.190674394798584,0.0498924192507508,0.0758095597075137,0.109344749816951,0.181829053278328,3557.94386731931,1,1
602,-0.5,-0.493903766284516,2.28211361947997,0.883269515647785,0.878577823826108,2.24506802054153,0.145935913714694,0.0457241653588259,0.0726754603755882,0.106963342501104,0.174956003095159,3602.4465972824,1,1
603,-0.5,-0.477295889761669,2.32747160753213,0.753882735504929,0.968531809033588,1.92396423757599,0.171906601694901,0.0454361431901467,0.0725039750135601,0.108406116835653,0.18019811588427,3593.06004928175,1,1
604,-0.5,-0.48037191142483,2.30645782310269,0.832182891662855,1.01206783660696,2.02500270423535,0.150199323377386,0.048850416664937,0.0753004822451065,0.109907730535753,0.173216975970808,3658.27457018685,1,1
605,-0.5,-0.603704062378582,2.36312862501152,0.732552967527987,1.1448125039526,1.80495377671601,0.164458097978855,0.0474159888337408,0.0731736663647882,0.100516991778477,0.16690411607172,3647.82824182667,1,1
606,-0.5,-0.612892234227451,2.2902359857137,0.841620847616639,0.96034087519544,2.07487491293736,0.168126861098278,0.0477227898578316,0.0726351168704763,0.104404101374185,0.172741022822898,3613.05143174365,1,1
607,-0.5,-0.506556718229272,2.25366089553761,0.860631394080729,0.948645782139303,1.91599555678035,0.169090603125029,0.0464452268087266,0.0726862085495846,0.109277194266111,0.183539036233703,3566.40622429792,1,1
608,-0.5,-0.276538648103546,2.33747785546553,0.712396720173742,1.01005098626193,1.95391134288322,0.138460001519596,0.0465410941424525,0.0731713921655176,0.111153834634144,0.18157565306951,3605.85088180764,1,1
609,-0.5,-0.715810449158583,2.35260776720657,0.713403296528552,0.912810046080033,2.09451776931299,0.187731092554508,0.0453647893798824,0.073657791537218,0.105778819013533,0.173740147469317,3588.99457496434,1,1
610,-0.5,-0.533605894649879,2.28734006090424,0.848421231167548,0.855545273841814,2.21492481063016,0.164254134878505,0.0456630764071801,0.0699451623464697,0.105551892287998,0.17939840313175,3582.94931969923,1,1
611,-0.5,-0.351098364575625,2.33189638978353,0.762586351424997,0.995534619778847,2.07207968382614,0.136300898163733,0.0483583176256361,0.0745840703050847,0.105207823715987,0.175854992819328,3620.25704899404,1,1
612,-0.5,-0.663536451109242,2.31223434196459,0.79022958220981,0.900049962894868,2.06573190911223,0.177448098321075,0.0475159119417486,0.0727837653268403,0.107308258886656,0.176473679289037,3603.21824590733,1,1
613,-0.5,-0.473395929148106,2.29320176192387,0.81167800906792,1.03132579389853,1.9398184958162,0.157067043011077,0.0480775349335879,0.0734345468139578,0.104989188974688,0.172949105121499,3621.4540262957,1,1
614,-0.5,-0.497760138688389,2.39540465024842,0.696837804732834,0.7820788381391,2.46100131758855,0.145021914725392,0.0452273908546577,0.07102453231734,0.109028920380389,0.184471742416276,3599.4930941936,1,1
615,-0.5,-0.809356432705386,2.32786191537331,0.781759274640813,1.1487516797901,1.59005991919927,0.210526799800044,0.0466891685437259,0.0746096316670367,0.102392233570701,0.166177362780518,3619.88637921558,1,1
616,-0.5,-0.305168614533331,2.28052548461189,0.874427491217806,0.932404035552926,2.21675539452032,0.129436163609448,0.0473919646824653,0.0735411814686165,0.110890680461876,0.186463808931063,3608.49717093128,1,1
617,-0.5,-0.591743324536809,2.28298154351976,0.841158629917674,0.980651871730625,1.96622309667926,0.171400967971864,0.0479671135177488,0.0733425402143011,0.103638684757756,0.167690319477419,3613.74597716312,1,1
618,-0.5,-0.351100049021297,2.31919905867115,0.795026212187959,0.932671101442762,2.19594818664057,0.139393661381419,0.0467480166468488,0.0716730392929391,0.107543586264747,0.177235827856621,3628.23439190555,1,1
619,-0.5,-0.623410338115928,2.39052566629173,0.620986328886473,1.0181109475469,2.02347865323469,0.159067246258738,0.0469435283818364,0.0743177910251011,0.105569086352143,0.172371677901437,3603.64285248274,1,1
620,-0.5,-0.724744159363191,2.31839322047503,0.752374844326685,1.23939852096648,1.52132220464017,0.207097628298946,0.0496848381506716,0.0771322994515243,0.101884261829113,0.168201003637169,3630.05049587647,1,1
621,-0.5,-0.574558243206743,2.44059319214423,0.621061931379452,0.95590211063324,2.16106411246366,0.159355011832858,0.0444170607236311,0.0706591915248644,0.102895846284386,0.178019938892662,3603.73920520559,1,1
622,-0.5,-0.551360188980534,2.37200564162232,0.681666541410383,1.04977514151084,1.85498616097468,0.164248921228003,0.0462810269420056,0.0726361985166288,0.105127495373646,0.173212437445897,3618.64497322001,1,1
623,-0.5,-0.409925855639069,2.26513626232965,0.839734443010305,0.956092768178639,2.17703189381958,0.136392233256689,0.0482607818286098,0.0740691232800466,0.107368224123633,0.181123873642391,3581.89017807424,1,1
624,-0.5,-0.2563295216684,2.30247349372072,0.836272547531134,0.957676989746008,2.31939683482921,0.114447954921481,0.0478529625013156,0.0742389304049368,0.10803673744915,0.188823410294988,3586.10423290006,1,1
625,-0.5,-0.565570611735183,2.34831326156368,0.746000847817211,1.15952260843737,1.72606347102949,0.167905906380838,0.0489079166186141,0.0774943641719976,0.106357307580801,0.172898537800418,3646.0544208695,1,1
626,-0.5,-0.577948613290052,2.28601188990359,0.777074166291002,0.936197074557886,2.04316467849022,0.161644885580071,0.0462475107555928,0.0732920347444804,0.108133992828743,0.176831222253045,3563.7475493185,1,1
627,-0.5,-0.696135825950024,2.24829322671718,0.923656501129792,1.11467893385749,1.62546933306235,0.200387833973917,0.046326308371886,0.0722592860465605,0.105166930684259,0.166333527823474,3613.6730049873,1,1
628,-0.5,-0.74565031086562,2.30663178976367,0.809273351215397,1.04518393156068,1.9317678608113,0.192834692193026,0.0482051151682045,0.0747155031581901,0.100908220850997,0.166202930988001,3623.73779819049,1,1
629,-0.5,-0.484461895445147,2.27508054245372,0.854627835327106,1.16442356947972,1.74645034562147,0.160125158903314,0.0495376536268555,0.0769843716632038,0.102146617878903,0.167747100348559,3636.63441535865,1,1
630,-0.5,-0.533945379850876,2.33782802003067,0.731642670991654,0.924640558754905,2.10550675381533,0.163011886949735,0.0478351056476227,0.0764388784508168,0.106962846356426,0.177335898698602,3598.75932309262,1,1
631,-0.5,-0.679913545821724,2.20095110896099,0.949005390260813,0.961787998191082,2.07069463421788,0.173425338301732,0.0483578096393302,0.0742226306426892,0.105264118700336,0.179743647185899,3560.90839035651,1,1
632,-0.5,-0.398828399526005,2.26604591900133,0.810453149632005,1.04256806201687,1.97861402659303,0.139644293473382,0.0490385578996984,0.0768213346675198,0.110078718797523,0.180651267326546,3592.41350499599,1,1
633,-0.5,-0.412067150409719,2.30242172169819,0.839708090642638,0.975334848434041,2.01102135593652,0.140778825517141,0.0459883529171158,0.073422521679528,0.109411815728438,0.173596655811133,3638.82959574521,1,1
634,-0.5,-0.631106386963811,2.25411415897672,0.894517839076902,0.806298014414858,2.29273354909983,0.174612175158209,0.0468465614232691,0.0730272116980354,0.107871301477791,0.17645529831746,3583.86362956801,1,1
635,-0.5,-0.46307513583254,2.32289122286273,0.742591946475214,0.956820554201025,2.087142060288,0.13946039354651,0.0483005476834944,0.0742501137442614,0.110044055508683,0.181836915361507,3592.24911430123,1,1
636,-0.5,-0.529703761605587,2.34495514266783,0.727807392779914,0.903782840345973,2.19497164845749,0.14754984627283,0.047442100950804,0.0728299788277235,0.108341099996476,0.180328033699707,3582.66056439295,1,1
637,-0.5,-0.444374101219265,2.26033287463548,0.849397447579001,1.09648403071204,1.85810592224681,0.152387915066444,0.0499737408035942,0.076525783080031,0.107155503252548,0.18185919489463,3591.81276047037,1,1
638,-0.5,-0.384182849547474,2.20416358914095,0.927079768646582,1.04528659953255,2.06015509142583,0.13190976762513,0.0503841040607216,0.0777540493576443,0.105760218403236,0.181315406067945,3558.79996161661,1,1
639,-0.5,-0.530697136337628,2.36329048056284,0.638742349150433,0.913735694209981,2.22791374355956,0.143437748946015,0.0467075684026395,0.0750554565993683,0.103647223577283,0.16841213792895,3587.32798682555,2,1
640,-0.5,-0.706506460434006,2.32785214982,0.795632027525455,1.0423034616424,1.8971739612611,0.184976462394867,0.0481760565506393,0.0731989895027707,0.103450609928058,0.172152657692444,3624.51436125858,1,1
641,-0.5,-0.506345830469963,2.20459724399168,0.972660925544089,0.973281757055746,2.00386166851915,0.157877809198443,0.0474099022017533,0.0739691014330932,0.110928765951728,0.175995642345108,3627.91852053331,1,1
642,-0.5,-0.69029811199722,2.24493009289898,0.855840581482823,0.927022478777329,2.01814698619659,0.18425557250752,0.0465456327616987,0.0732581498034876,0.109422513107146,0.177670851507758,3579.11855959209,1,1
643,-0.5,-0.281441718325145,2.30898495538233,0.839944521531986,1.10387875509281,1.91221121110663,0.126748503727729,0.0489415682243388,0.0753427517617033,0.106359153110378,0.169716066615939,3659.74463924891,1,1
644,-0.5,-0.405302769471757,2.27528760423174,0.84259054354701,0.864291506694585,2.23101875765196,0.146120991406462,0.0490993631528198,0.0758495889880075,0.109876272644547,0.188833730359168,3569.27390725203,1,1
645,-0.5,-0.6006499386259,2.35265330993909,0.729027692502132,0.85861047907656,2.16809708810836,0.162962135632964,0.0458946663695747,0.0725424699703887,0.11087149904599,0.177862501555405,3611.94805713895,1,1
646,-0.5,-0.512412920139216,2.2988771384494,0.842648534831555,1.12857515220614,1.85428970616408,0.150163294860442,0.0489628414786444,0.0746388070581869,0.102195459734383,0.170832008163809,3625.87011444729,1,1
647,-0.5,-0.219829139292151,2.27954297078702,0.807591113545683,1.12039274592857,1.86301689554785,0.125168391453107,0.0502551066213075,0.0771094685945508,0.108143659372756,0.183699849829201,3600.64968696948,1,1
648,-0.5,-0.549696560695621,2.21835014063718,0.859119759946788,1.02182904244614,1.8401181267861,0.169516526972997,0.0477333946371675,0.0745394777893469,0.103460562486125,0.174974130469567,3530.42333025541,1,1
649,-0.5,-0.430860194618795,2.23680945544251,0.914378656932366,1.00963874591334,1.94094725872442,0.152614291347853,0.048206435907039,0.0746447384224389,0.105591412485561,0.172012514192727,3597.7060834614,1,1
650,-0.5,-0.705967378527535,2.38437598430794,0.652332994187879,1.11684798750527,1.71426412720045,0.189057084797625,0.0464683273454092,0.0732438230542493,0.101550018361633,0.169620591214181,3613.00358805228,1,1
651,-0.5,-0.499850935066323,2.23869291015777,0.902543711383462,1.02045776528078,1.91574862679713,0.16472793491443,0.0483464376093865,0.0741544324393959,0.107641049050182,0.181198982909631,3590.63204434803,1,1
652,-0.5,-0.517673527396876,2.30081019822438,0.795350415776153,0.880864919437366,2.19919724996899,0.157870502199136,0.045774288902669,0.071421412890925,0.108031583362466,0.182064996449837,3582.4552696944,1,1
653,-0.5,-0.431564644657242,2.26603572249969,0.818595691818974,0.905644895841245,2.00753636944329,0.15961499915095,0.0463701656293646,0.0718854117037436,0.111529304763235,0.180028387327403,3586.18895736091,1,1
654,-0.5,-0.442934536247967,2.27827656387424,0.835532939821836,0.859781498004155,2.13222623909026,0.150974555244124,0.0443150051831082,0.0709125526178148,0.110650902460779,0.182893692066764,3593.71645569103,1,1
655,-0.5,-0.415016297876055,2.30259105731258,0.864182028690744,0.894439135636374,2.33626950534589,0.134040918720634,0.0476678003176757,0.0741318426205847,0.107681694238107,0.177683002361263,3624.4297099794,1,1
656,-0.5,-0.605033916254816,2.24987520603444,0.821957623113304,1.07947521384555,1.61930145865484,0.213848827533024,0.0478229423063049,0.0753664812316352,0.104306063359956,0.176864556483968,3562.70836707338,1,1
657,-0.5,-0.304100195815398,2.31332896877224,0.759206160197712,0.946830106783744,2.18430060951622,0.129405256206892,0.0472634691071441,0.0750444679886093,0.108494120661106,0.181563097246282,3601.36764704494,1,1
658,-0.5,-0.462861399751138,2.22339684823003,0.908739361384553,1.14533118675241,1.76445721911282,0.149529151602609,0.0497601998018966,0.0757501137532314,0.106609002996783,0.179592569486029,3591.80249773938,1,1
659,-0.5,-0.314634480795662,2.31612341590799,0.7989221008832,1.06794445309374,2.1387459500162,0.115420231826972,0.0502967164885435,0.0764455876412204,0.110968027424516,0.175293945796286,3657.98095747284,1,1
660,-0.5,-0.609648176182055,2.31183881422372,0.848246637414726,1.0386232136965,2.01555124368806,0.163584144712364,0.0493350189813315,0.077406195097192,0.106016655623528,0.178041373567157,3644.34652443852,1,1
661,-0.5,-0.722259055548504,2.29025475954368,0.801900308635102,1.12145093490714,1.80611450164144,0.178843269104357,0.0490543343218498,0.0761329888331412,0.10212977523669,0.166248106423055,3595.28596429737,1,1
662,-0.5,-0.184682764405547,2.29076859400973,0.822738589878758,1.02000019330455,2.08551123779783,0.113082760679615,0.0460094611964789,0.0728094499494516,0.108821641993725,0.184113596861263,3598.11476542264,1,1
663,-0.5,-0.697523659969957,2.23730842842041,0.93435806257694,0.999689150345941,1.99535917323427,0.1846779347423,0.0480567388871808,0.0746867992102486,0.10085215524051,0.176673996858476,3556.36316615877,1,1
664,-0.5,-0.456826032239176,2.36168500597688,0.76762605599919,0.994610437993606,2.15299526489744,0.142004958739596,0.0463493918773497,0.0721649459920093,0.106526461826291,0.180354259615279,3624.90892306825,1,1
665,-0.5,-0.428250135934206,2.31966631211488,0.737195211088517,1.18908108033731,1.63281588972029,0.149147487820583,0.0485363366010229,0.0752460066851671,0.106256420715595,0.173800450629899,3633.509563041,1,1
666,-0.5,-0.638741750228894,2.31794343782531,0.766982401402421,0.987567498435046,1.91426607253417,0.177704323122106,0.0466404808745312,0.0733151148532677,0.107908068839468,0.176314237008861,3602.64724635899,1,1
667,-0.5,-0.506378775836901,2.27614194024773,0.794756393691117,0.92047143138833,2.02813410046204,0.177900850322712,0.0479735779431627,0.0729344041157568,0.110234393000854,0.188660200048016,3577.10481435646,1,1
668,-0.5,-0.75130536453793,2.34545789604985,0.720881246606733,0.787155189817368,2.16525946854452,0.204443081809739,0.043316371474106,0.0687670507474962,0.106511785610995,0.177187106857023,3560.00703377735,1,1
669,-0.5,-0.599471175081834,2.3553917258975,0.642859373847831,1.03751705405625,1.97982955915855,0.157156947207533,0.0471974668291905,0.0768063502678477,0.10780759006587,0.173253502889816,3599.65484923717,1,1
670,-0.5,-0.507444615859364,2.25346622773908,0.849725780316845,0.770407829064213,2.37163740899057,0.151733055056444,0.046584171643209,0.0712792714401404,0.110049524803532,0.184899636732557,3544.48931987942,1,1
671,-0.5,-0.291923756570082,2.26662679134806,0.882910977833767,0.903774864784165,2.12304453088926,0.13021186921441,0.0453412183247432,0.0709987339805901,0.109802279592337,0.179868265949158,3609.90532858261,1,1
672,-0.5,-0.69918821274285,2.2363468701604,0.876384828046413,1.10102522843876,1.71725279231269,0.186455792049892,0.0463954249032584,0.0739768796662879,0.102632779020377,0.170251449296742,3566.66864147204,1,1
673,-0.5,-0.345040397296338,2.29097224537937,0.845464512124135,0.803024470004127,2.43811247416913,0.128216690953911,0.0480530269430562,0.0751267261069163,0.109536286953825,0.187847755396133,3563.743424575,1,1
674,-0.5,-0.399250210266531,2.37955687879111,0.7387496538759,1.17181278370922,1.91284674893775,0.132076625485318,0.0498405996905802,0.0756349732188061,0.107293502428919,0.17837797089286,3685.30988780227,1,1
675,-0.5,-0.380415305292012,2.27642112909537,0.814424804215724,1.13854954141314,1.87927195953761,0.142129365248311,0.0477763030330539,0.0754961366965468,0.102933519731003,0.180561237083678,3586.09672689899,1,1
676,-0.5,-0.328750356215228,2.29916299917278,0.788037540390193,0.608220660632623,2.73892099539868,0.114526913433324,0.0460307603597934,0.0717610370776772,0.11886518188359,0.194408736466683,3576.51210913776,1,1
677,-0.5,-0.377797475325724,2.2752258686498,0.837707031442344,0.880768707894929,2.24044401950978,0.134048673131457,0.0469341860620479,0.0719063004414077,0.112223835638426,0.180822007372229,3603.49540869056,1,1
678,-0.5,-0.385041491105856,2.19042906124667,0.91302077100395,1.04863223961794,1.97467229897535,0.138089976858439,0.0503071369259182,0.0781657039546653,0.108428664402818,0.187574517432722,3564.42694494108,1,1
679,-0.5,-0.45132158719378,2.27291694153899,0.751238334204754,0.827422904217726,2.12222785974481,0.15994355115263,0.0467422803235832,0.0727179204511184,0.107385791954466,0.178022363233153,3541.72467533554,1,1
680,-0.5,-0.422337598907228,2.25983612401271,0.850466283253756,0.996725614771258,2.12940083557974,0.138983206092618,0.0478022748873435,0.0750158591719725,0.104468096533616,0.173818376138467,3585.86562913963,1,1
681,-0.5,-0.617669964076781,2.25562426553932,0.873873308909951,1.07320619102253,1.81881535101,0.169027182657044,0.0484614728974926,0.0749240347184856,0.108631628359983,0.17472856134323,3612.17248841768,1,1
682,-0.5,-0.288095300751282,2.24405094383738,0.884723247105042,0.894384658335484,2.14735446912083,0.135442040368629,0.045585525456548,0.0707280980052292,0.1096923006081,0.192330020669779,3545.1422102791,1,1
683,-0.5,-0.416822248836809,2.25107884945143,0.778398120137221,0.927746138984338,2.12494082452275,0.133935935498034,0.0491929585691003,0.0769483980194508,0.108731961824946,0.175772802460459,3563.89548769923,1,1
684,-0.5,-0.493478919621162,2.32640837004483,0.772429378104378,1.16820854426587,1.85633314593643,0.150554728985368,0.0471883066365556,0.0749834053561525,0.0992370279802488,0.168216962125664,3621.90649144943,1,1
685,-0.5,-0.706567843536607,2.29145828560419,0.803964343562162,0.969720034016189,1.87479737986732,0.197120967651277,0.0467076887691974,0.0736693349418647,0.105823739994728,0.175181677590485,3582.28449076158,1,1
686,-0.5,-0.591487499212427,2.26671987595775,0.829921366794579,1.0215004742981,1.95976474911208,0.162953279192201,0.0487275601978456,0.076386501973693,0.104963031859686,0.173206240142272,3580.22244223569,1,1
687,-0.5,-0.488845571270372,2.35224065680854,0.739133686649964,0.935698758512435,2.07435869070317,0.157105244749035,0.0465966688769579,0.0718353477022827,0.108415218511507,0.176990975658592,3638.82375721077,1,1
688,-0.5,-0.64880107486838,2.31929618404729,0.791846906824531,1.13545861728181,1.71488532831455,0.183340270051748,0.0479790453420118,0.075453897368097,0.102605537077329,0.168643155301562,3621.08177893453,1,1
689,-0.5,-0.705537988987713,2.25494578026559,0.822955769212827,1.02905344555036,1.93851579663566,0.178300435922323,0.0501264330961125,0.0769760496757845,0.103406615350027,0.174356954866448,3569.21768375285,1,1
690,-0.5,-0.285866612760006,2.35049041674327,0.753149373914434,1.17748820623994,1.71030712414478,0.130775786263833,0.0489617960584407,0.0777731724397302,0.108100714160799,0.178606931766312,3643.61632690318,1,1
691,-0.5,-0.589780585990089,2.26035173734914,0.874872485340289,0.92227874771513,2.07066915810831,0.17845027061253,0.0466121726814714,0.0711794675291725,0.104894635332368,0.17872640801531,3574.2625880398,1,1
692,-0.5,-0.44905563169514,2.31888962918145,0.755760448036078,0.907682823041582,2.08783090099331,0.152095888643334,0.0460329455264181,0.072072163313454,0.109465731142051,0.182323647907499,3593.65942718875,1,1
693,-0.5,-0.485695803623551,2.31633941099616,0.761516301456029,1.04492143688048,1.96215281877113,0.143115833462113,0.0488630333445446,0.0763577053193772,0.105618336162185,0.173462685415999,3600.297099268,1,1
694,-0.5,-0.491779206808625,2.24370701829978,0.875626136373261,0.892973594014312,2.06210441263463,0.160473672140089,0.047185198676031,0.0725732043017522,0.110586795192221,0.188297693643576,3557.11378097826,1,1
695,-0.5,-0.41996734387889,2.19440897623975,0.94378769668684,1.06421557442598,1.91095737905724,0.149530366041775,0.0496160339062541,0.0756256831566686,0.103835061025988,0.178038824413669,3563.81813076,1,1
696,-0.5,-0.596342736690931,2.249672761719,0.861958240804389,0.937743892392158,2.15662880428655,0.159896840579879,0.0492319385303918,0.0755332439873602,0.108568076704966,0.185840193882055,3558.68744865172,1,1
697,-0.5,-0.454152386313293,2.42759320532739,0.608485782260138,1.06513122921064,1.96539519717536,0.148802580951943,0.0475926530129963,0.0775465138397184,0.103023507633189,0.171283117212236,3627.87384612785,1,1
698,-0.5,-0.512696921799247,2.23925532399425,0.877496722466269,1.15939125125396,1.71664474568336,0.152247357845955,0.0490204272120545,0.077947895485305,0.10629076728296,0.172827347171718,3588.04457407762,1,1
699,-0.5,-0.65822934388445,2.31446158688957,0.771532565916824,0.966858839847563,1.9010504426815,0.19285921714784,0.0460230384247149,0.0727090201800831,0.106923396012782,0.181683597530443,3574.35189481821,1,1
700,-0.5,-0.516695203856569,2.37228457831399,0.753916356207274,0.867970315464374,2.24476110191164,0.157775705835323,0.0444189701777468,0.0709313711909451,0.110175150371013,0.187284730002428,3611.17914035272,1,1
701,-0.5,-0.354779964744894,2.34722228005858,0.759763185307092,0.920937453478943,2.2547098625543,0.126270681996345,0.0471403597884819,0.0742605975500017,0.10870510193001,0.17989875872637,3611.82455418562,1,1
702,-0.5,-0.621136243188087,2.30839824301972,0.76590156343878,1.15401566304939,1.66200450839919,0.174303057967167,0.0478947276400716,0.0757701100066528,0.104119663988667,0.174888244881221,3619.58030173304,1,1
703,-0.5,-0.38344256436533,2.30429350713487,0.808484539813065,0.959674492138916,2.03807757505783,0.148797834783463,0.0463722689991232,0.0733937983956368,0.108937282586572,0.181958896442636,3605.09234227438,1,1
704,-0.5,-0.58602801522514,2.34224839017214,0.723928752372478,0.968354621374942,2.05330479238071,0.153709630627218,0.0475397447308225,0.0766362660065624,0.107776144687009,0.172818057618168,3591.49388429079,1,1
705,-0.5,-0.52869206409146,2.27986395161463,0.831055282052461,0.899650122679478,2.15091809909191,0.148935987025087,0.0495886866483185,0.0745481150059291,0.107332891533359,0.174819184841811,3594.35298076186,1,1
706,-0.5,-0.641472526052424,2.32707166000888,0.78499963131347,0.970324508496099,2.07228307193415,0.171340210564464,0.0465679684556391,0.0734585761763316,0.104582989120147,0.173894561138586,3594.1437751719,1,1
707,-0.5,-0.400155103682231,2.32248368358677,0.782922469681267,1.0772889545299,1.99146529060408,0.133860518166624,0.0487099870565099,0.0757080824111419,0.103633066206652,0.175958631064477,3602.22907973524,1,1
708,-0.5,-0.561024598447574,2.29582646269242,0.772761663902124,0.912177886684853,2.0884831408305,0.172173915308566,0.0466195457208431,0.0727327904962648,0.106750052736507,0.176576877875506,3567.54770249943,1,1
709,-0.5,-0.834663036243996,2.34462554264839,0.70414438363513,0.744173042074441,2.27889446371861,0.210427149509811,0.0449490557424618,0.0709731680520736,0.108473500497246,0.180990358297165,3566.42645672312,1,1
710,-0.5,-0.509752384053488,2.20328082880079,0.93843036931732,0.948642131709533,2.12633369057064,0.146672287187655,0.0488493032573402,0.0746101682501021,0.111887794769237,0.184222761318676,3593.18061078693,1,1
711,-0.5,-0.74166979114204,2.41018281909981,0.675422834523468,1.04815448027134,1.99627912560249,0.183874910633378,0.047254319556497,0.0747876362463917,0.102034461851789,0.173638161996977,3627.16701597854,1,1
712,-0.5,-0.377732035644545,2.30924163664914,0.785426294529514,0.933510848028188,2.1570727829402,0.134233766365171,0.0472513096925549,0.072783376735988,0.110438841507298,0.18507054881404,3598.56616739115,1,1
713,-0.5,-0.397761330387845,2.32070028412232,0.812823459929301,0.976625835660839,1.87847305507185,0.168361459072624,0.0438798554336116,0.0696298837647052,0.10395680959865,0.181358906780104,3576.08485823216,1,1
714,-0.5,-0.422313877695418,2.23441469870745,0.926534407030623,0.941942489232002,2.1603852486493,0.14441301549381,0.0499843361222483,0.0742241246553126,0.113324739443161,0.19215346815909,3587.3162098033,1,1
715,-0.5,-0.610464237857055,2.29309152566508,0.817421990689347,0.813261527358711,2.27840001463879,0.167640451967259,0.0467454554365605,0.0711030308928754,0.105922904796917,0.179510933359006,3562.38996626461,1,1
716,-0.5,-0.257344653918344,2.3039745964099,0.746687223080954,1.05887548575763,1.82995125747214,0.130499162136274,0.0482626384965458,0.0747050451990563,0.114670673738428,0.17805549100421,3623.92031192788,1,1
717,-0.5,-0.521687018135098,2.29368049198128,0.806762953542611,0.955583675800557,2.06193061848202,0.152181885067656,0.0465934613499399,0.0729356245835532,0.108694050310177,0.179085855155127,3600.01520811346,1,1
718,-0.5,-0.751544802320693,2.32620772579182,0.801394779715734,1.09794907211117,1.78769519839038,0.203310453945046,0.0488665600940189,0.0758248596278178,0.103049737871461,0.169240026907754,3637.41807642275,1,1
719,-0.5,-0.376426374384032,2.34090357077912,0.725068483212668,1.12926073963956,1.77162876287951,0.152001233902694,0.0481487653062663,0.0736992436343333,0.104280891248058,0.171450454545315,3636.28946765487,1,1
720,-0.5,-0.318548062186499,2.33308206644955,0.750817954631656,0.948930921733184,2.01141191577013,0.144125010915505,0.0452040464956733,0.0711072351913495,0.10817045499151,0.183370693854536,3595.02435110227,1,1
721,-0.5,-0.717333295566368,2.30139813458727,0.804600747341414,1.05100248100364,1.87324147900227,0.192817136757779,0.0479646174669094,0.0752164963494224,0.104822525141696,0.175930020150867,3602.63762718972,1,1
722,-0.5,-0.537302033926608,2.35213524024599,0.742209119037437,1.02782399982168,1.91086964350114,0.156206523040862,0.046958824279583,0.0727620964607809,0.108502183284348,0.17257092897723,3642.60370278254,1,1
723,-0.5,-0.327494578569371,2.26128966607073,0.879584990611972,1.25595163573745,1.67420564189844,0.127186747841771,0.0487796565877905,0.0750460499138404,0.104676921578509,0.171003887687533,3632.00313730287,1,1
724,-0.5,-0.528964686102311,2.38713732263925,0.735664738491888,0.949085403414093,2.09624367256971,0.170701298580979,0.0451284799205864,0.0710448793545408,0.106540727105149,0.181810149741093,3635.64257468326,1,1
725,-0.5,-0.552684581317141,2.28373250740169,0.827424161196156,0.955957383803678,2.03295996849132,0.169495159003967,0.0488276093756635,0.0759530250975094,0.106750759058531,0.17077594929558,3603.82616686696,1,1
726,-0.5,-0.190413336230939,2.27344036830233,0.81000776175925,1.02314894335644,1.92368048579052,0.123982376066127,0.0464791572040866,0.071493022314627,0.110065641562315,0.181773647373849,3595.69734280952,1,1
727,-0.5,-0.597595765221849,2.28308358128914,0.831424430690866,0.870096391875053,2.20079950324055,0.157668491328692,0.0466416884856297,0.0726066240164365,0.105870888070888,0.17757669898191,3570.85679041116,1,1
728,-0.5,-0.715966249411865,2.30275501095015,0.772147138337489,0.77895038872648,2.28501260793076,0.185308942099933,0.046014861933201,0.0728659568583072,0.107560406448136,0.177823849624212,3565.88144771545,1,1
729,-0.5,-0.244536536164092,2.27096820791718,0.848133800714579,0.920550452745753,2.13552647270736,0.116668677479542,0.0467123890788478,0.0718003015923688,0.115868072718578,0.18622132715156,3624.38929828088,1,1
730,-0.5,-0.527205130126309,2.36260207198488,0.704263447183569,0.929471042557633,2.14383232181419,0.156794390156081,0.0458177724665594,0.0722818095454502,0.10701331244632,0.178335678627622,3606.7722278719,1,1
731,-0.5,-0.378317650076725,2.32547055153435,0.756502988825117,1.14013754148348,1.88711510733387,0.142426289740849,0.0476253206839732,0.0762874374723064,0.101457300532113,0.172804853621619,3607.19307045551,1,1
732,-0.5,-0.755212394999592,2.39440898815134,0.68947679154596,0.985580579620442,1.9221058448333,0.193410835611663,0.0472099919844537,0.0737552540347479,0.106389601979125,0.178239494657285,3629.64800781766,1,1
733,-0.5,-0.707719116187025,2.24952179144925,0.871228689569269,0.874237169486252,2.02529761182771,0.202476619135974,0.0461773629167305,0.0716419254633588,0.10839816192483,0.174954263240651,3571.92622820719,1,1
734,-0.5,-0.584722247986317,2.33925592617472,0.755594522456017,1.06742606812167,1.89126623715028,0.168939200762446,0.0465530418041155,0.0724114800337372,0.105903920614862,0.170538190023976,3637.95376981979,1,1
735,-0.5,-0.474259095870397,2.20673034993691,0.964182387522905,0.959671403774887,1.97230317837298,0.160887237920025,0.0473179157253835,0.0732290623762554,0.108878646034121,0.177918020414496,3591.5522740097,1,1
736,-0.5,-0.415876852916631,2.31925205833291,0.792317665207875,0.883551799888787,2.2470954550013,0.138059630107557,0.0462255750894064,0.0723062668934425,0.109243716883105,0.179708190585589,3616.89870576645,1,1
737,-0.5,-0.463861518566141,2.34343222195254,0.716749203044153,0.998145713015468,2.08541846048435,0.147557282300037,0.0466059311792061,0.0726291785148886,0.104024436672848,0.171764096753457,3594.99941569191,1,1
738,-0.5,-0.352791749988926,2.26559996022441,0.850236071002739,1.05519793057835,1.91088065684371,0.141199907639568,0.0463810388128736,0.0737437012370754,0.10696162929849,0.178352269713702,3600.58020052474,1,1
739,-0.5,-0.330567173973482,2.27376931162516,0.824279497449527,1.05042605455601,1.99583886265156,0.132051561473864,0.0486305282664123,0.0759682843576647,0.105722920468273,0.181877461618042,3571.64388483922,1,1
740,-0.5,-0.36301746469843,2.3114655802844,0.761972152294889,0.956193339375617,2.12096162276757,0.133782525553815,0.0473846736964434,0.0736339055214872,0.110120913305368,0.184188628105124,3597.34502610848,1,1
741,-0.5,-0.673225272008798,2.3360475580696,0.761948311048926,1.09396381449638,1.77922839897771,0.197048178676962,0.0479356141309445,0.0758579678513853,0.105577632981396,0.174209734325182,3625.83406702055,1,1
742,-0.5,-0.347928796031721,2.29698537031229,0.793244198327334,0.804374609296596,2.34793396803204,0.135690985939628,0.0459975178178933,0.0721166882182489,0.112445250991313,0.18988942238414,3568.19118968359,1,1
743,-0.5,-0.451997949417532,2.34723079665224,0.733621223742409,1.08097264898082,2.01122963525553,0.142373438646754,0.0473820559520324,0.074246840411243,0.102589535141426,0.170662242715577,3612.39007180478,1,1
744,-0.5,-0.654599808268418,2.36301135338707,0.651684248996481,0.907248725252369,2.07465984550683,0.182298561977481,0.045596737932136,0.0729674185526088,0.104336037968396,0.182190588275602,3538.13310722615,1,1
745,-0.5,-0.462342057296585,2.30010437006605,0.792324815297707,1.18278241384304,1.69489597712689,0.154196882853486,0.0487694395570839,0.07628982009469,0.104055420511893,0.172737781858922,3612.19824774952,1,1
746,-0.5,-0.256294529820326,2.19688268511973,0.981633625410046,0.894627488789866,2.2318909524503,0.12420525581538,0.048236454652498,0.0728428605056142,0.109279666028782,0.186438065627015,3575.16609658251,1,1
747,-0.5,-0.586650291416367,2.32588889717828,0.780115535641682,0.994815095650461,2.05571027080386,0.160216233067876,0.0486313172296256,0.076002770531225,0.11036655089405,0.182056055732989,3624.61540027192,1,1
748,-0.5,-0.478292611588299,2.24677558605086,0.838601811298474,0.95666693056867,1.94957529397265,0.164490685669671,0.0479341436565907,0.0738965003510634,0.106609915194854,0.179482308734843,3571.57601135744,1,1
749,-0.5,-0.580968505851329,2.28889954731246,0.785564792110941,0.883548046138842,2.14151201626565,0.161622694468033,0.0463169395906583,0.0736382273005662,0.109970812022163,0.179391152866831,3574.20996573425,1,1
750,-0.5,-0.43762202851416,2.46590441567662,0.53130447908588,0.969486063860697,2.02610827246368,0.152460958171278,0.0452025114308241,0.0729804788161775,0.104571349799345,0.179328539675993,3608.50824278597,1,1
751,-0.5,-0.415392508032096,2.36964464611738,0.666653843669959,1.06310590920094,2.06701804040418,0.139205013487448,0.0479319604333637,0.0756113671640453,0.106733862554727,0.176412586990253,3630.20890249966,1,1
752,-0.5,-0.789107876495342,2.26544061462219,0.870931542085346,0.938604787478523,2.02986374625907,0.189710719832542,0.0465877635950986,0.073058114820464,0.104185121701782,0.172512722863481,3575.17724448096,1,1
753,-0.5,-0.582273152651759,2.28098776864736,0.838762483234804,1.03810635483635,1.90032668749677,0.161208677889416,0.0487046488841818,0.0740972536025577,0.10885794674914,0.172010760887934,3630.344045043,1,1
754,-0.5,-0.330801955960177,2.3131735699946,0.774337780666244,1.03208801250565,1.92107666081654,0.13603835409291,0.0457743696370225,0.0703381057898263,0.107510646080458,0.181232988778466,3606.7530286262,1,1
755,-0.5,-0.251330793671967,2.26243380939017,0.887566356136364,0.76326110384213,2.48167206913135,0.117756670890889,0.0475554618592993,0.0726482795050934,0.11803553651364,0.202160220558617,3567.91066614781,1,1
756,-0.5,-0.918508798179383,2.3200940145953,0.781928919126729,1.13364598527952,1.64438086081895,0.214425143749783,0.0473611075661276,0.0744380283801752,0.103876973950453,0.169613687891529,3600.97966914887,1,1
757,-0.5,-0.483347640850993,2.32247878125599,0.759646018003412,1.13036330745413,1.8113110616897,0.146794653105244,0.0476968430142603,0.0770348289068329,0.108760028557919,0.175213953859525,3620.84299826439,1,1
758,-0.5,-0.461044848306551,2.30495570503772,0.757327966713931,1.09357663806104,1.92414348663934,0.145417276018288,0.0501362798206452,0.0771284183426778,0.106020976137003,0.168500289912873,3618.9654858612,1,1
759,-0.5,-0.340206730715981,2.26956216207979,0.887600725729344,1.01763684127617,2.04835041561823,0.134726898221351,0.0488685545143126,0.0746862859017076,0.11021718406321,0.183665800753571,3630.69099371759,1,1
760,-0.5,-0.549440618685389,2.27099403232934,0.816918017337732,1.13906708240498,1.77080810243764,0.164970336256668,0.0492248458761941,0.076290247517459,0.103167789300824,0.173427944682422,3593.60954963047,1,1
761,-0.5,-0.116940419047465,2.28309868542389,0.77286184468839,1.02057049781439,2.1834723333657,0.102431493073731,0.0469277475820009,0.0744800740561659,0.108853405568655,0.193937711520694,3567.27027953409,1,1
762,-0.5,-0.313217656273702,2.3095164681213,0.761748438193329,0.973000021008124,2.1211971129579,0.12242540938688,0.0464425785173897,0.07267058747706,0.111951744116885,0.181897925032162,3623.72631721658,1,1
763,-0.5,-0.844905387190533,2.32288371294881,0.721155687578986,0.911387002737093,1.93187243948835,0.215325216570069,0.0447888221967094,0.0713586798020168,0.105946289515728,0.177706746413061,3555.1508376743,1,1
764,-0.5,-0.629384666543245,2.33007895177339,0.721241499712432,1.12280027601169,1.73514252202039,0.180643002187222,0.0477248823935635,0.0752914638345802,0.0992807719741007,0.169516932001878,3596.70571607371,1,1
765,-0.5,-0.487574411044679,2.29726864356294,0.72732355421492,0.910358889914977,2.06757671610954,0.154031547590329,0.0466281655553604,0.0741128029385939,0.110027766812062,0.178268261913439,3572.45205417714,1,1
766,-0.5,-0.301118370943553,2.27940085884032,0.826615582152833,0.788670413800824,2.429868631538,0.118452670051416,0.0468126028641523,0.0716014484762331,0.115667525481534,0.191060430265666,3602.28866632056,1,1
767,-0.5,-0.706430902030443,2.28729962390313,0.848081703332291,0.938317664734219,2.02226865761555,0.179421154171948,0.0470751381431425,0.0724856755788595,0.10731022876288,0.178098158462476,3576.67955065276,1,1
768,-0.5,-0.290457913171917,2.34357889184774,0.804822136328935,0.987732605569631,1.99778755508767,0.138670302510045,0.0463655667911005,0.0718401087770207,0.105545843100236,0.17756721838982,3642.34721539808,1,1
769,-0.5,-0.715799826691826,2.29572663917094,0.778856707793531,0.929309919102746,2.02821313366052,0.194265767136003,0.0474628506077264,0.0741660772113003,0.104017151208836,0.1741920254979,3555.3370355369,1,1
770,-0.5,-0.679581662717811,2.29753868903353,0.797847001917125,0.952268521861672,2.02573429340873,0.176866193019049,0.0478064150048946,0.073775008848286,0.104729902311876,0.173650241593863,3582.67147628863,1,1
771,-0.5,-0.482984814138011,2.21362572427481,0.910922080773962,0.870253710360459,2.34298587524743,0.138649921303149,0.0491056570576779,0.0744055407713933,0.107622668573901,0.179695811141312,3582.26908219563,1,1
772,-0.5,-0.497143804851235,2.33618269100906,0.776828771036225,0.971889629756745,2.16873459726946,0.139421646799002,0.0474171007085375,0.0751624556086743,0.108057421744456,0.182647130902654,3600.20164788947,1,1
773,-0.5,-0.350207688084149,2.25941330279091,0.88036069816872,1.0975855573957,1.90597151919778,0.138536189435298,0.0486928701990079,0.0765098290641785,0.105361928328338,0.178958603614022,3607.09875900215,1,1
774,-0.5,-0.504032097635374,2.30714632022151,0.768433250661108,1.01249995143654,1.94298790793352,0.161327884590016,0.0471048426269666,0.072273188278691,0.107944702537821,0.177070125590081,3600.94937396155,1,1
775,-0.5,-0.31445425709957,2.25920251650441,0.822173965139234,0.981466116694351,2.1492217828191,0.119513334597827,0.0477751789728188,0.0745846912275539,0.108064512205868,0.178501122541441,3565.43231238617,1,1
776,-0.5,-0.202212669141514,2.36088598042894,0.728370208211388,1.02541020869506,2.00836430768919,0.125544270767913,0.0461426679682503,0.0718294132891425,0.107289882415172,0.194350818567329,3594.78580802091,1,1
777,-0.5,-0.476171085925512,2.35009568265761,0.719621575753417,0.903309006893196,2.08997656342463,0.157795254620141,0.0447882564714448,0.0723543015857421,0.107025436126828,0.181197077073854,3586.50514610884,1,1
778,-0.5,-0.52922379381947,2.26540206429515,0.860958039440642,1.18785244328088,1.69831272183785,0.156179215240892,0.0497936852692573,0.0779776882003826,0.106846426246108,0.175190354766124,3620.38541867548,1,1
779,-0.5,-0.362234696751938,2.27492874450432,0.878561763663751,1.10489882495077,1.86035761392973,0.138439985523719,0.0482967925020134,0.073198925006285,0.102978519300532,0.174736421309745,3628.89651097105,1,1
780,-0.5,-0.698014565878581,2.28120855359563,0.86834300853699,1.09484798036457,1.817185904533,0.191485771112468,0.0481802736062682,0.0760467447030184,0.102197495672098,0.166347287958883,3619.64068868931,1,1
781,-0.5,-0.59620151923793,2.31423766934901,0.807931494604271,0.981660712743239,1.96719810478556,0.173751344526792,0.0462738089690783,0.0725170741781345,0.105291266389986,0.173977392409598,3612.39710810817,1,1
782,-0.5,-0.61790202717178,2.2794303729746,0.810419907678424,0.964680220907772,1.99249019119309,0.17352762227932,0.0488169851638996,0.0760601929300801,0.108670579739593,0.177301432826226,3594.08372907374,1,1
783,-0.5,-0.690901010308306,2.33964450237945,0.728626556012311,1.15100364006233,1.68828946312822,0.186167290256702,0.0476912999742065,0.0752894821543969,0.102915589341012,0.173117187775652,3604.96247383981,1,1
784,-0.5,-0.249370621761896,2.40813944379329,0.661972949258475,1.04978319760571,2.11242037917371,0.118733926698349,0.0474284733699969,0.07361878966539,0.110756946050084,0.181499106873552,3665.93162297799,1,1
785,-0.5,-0.359145430178475,2.24102511163507,0.889488996025496,1.17139099154125,1.87276545051575,0.132711856284994,0.0500668908262919,0.0756377830725437,0.104719567716959,0.17289049019631,3617.0625238921,1,1
786,-0.5,-0.373977144720084,2.37654508057187,0.721442763833675,1.12933528575486,1.89999409716203,0.138777030490989,0.048043426448519,0.0747255961982996,0.105796929874861,0.17802608721434,3654.59586090168,1,1
787,-0.5,-0.46638789371981,2.2781728634185,0.846102250109213,0.985308537509214,2.11897977468063,0.146103002655316,0.0475418046453795,0.0736620815688734,0.106006388007105,0.170542868452481,3613.20437916545,1,1
788,-0.5,-0.698830404713055,2.2723723884077,0.883047871404378,1.02488046740945,1.89983451612377,0.188613438420203,0.0481577316610061,0.0733863376904789,0.104024137595062,0.174251358236707,3613.49931905181,1,1
789,-0.5,-0.589637710560455,2.21648853209242,0.896675422520182,1.04548455833566,1.86953911624419,0.173586915591207,0.0485384061734472,0.0755225673294043,0.105706458648246,0.174964410524118,3582.8561250705,1,1
790,-0.5,-0.51029667858735,2.33253486402087,0.818335173585209,0.969195285002429,2.03930053714782,0.157530980897074,0.0466668911960081,0.0729264755205068,0.109621670225357,0.178153781662878,3635.95948881537,1,1
791,-0.5,-0.796341622593901,2.33843013096738,0.728741104862423,0.933701069774368,1.96628553597482,0.203537489883923,0.046452718645966,0.074672114501887,0.106393202962746,0.179729179431276,3559.86224661925,1,1
792,-0.5,-0.40803151036812,2.36339146036848,0.694110977018252,1.00942900443528,2.02773216262766,0.139051487834605,0.0469141846958336,0.0749825074959409,0.108570494116974,0.174962754426762,3631.95823907749,1,1
793,-0.5,-0.567883918275786,2.30170159936071,0.841325543241659,0.991531340008951,1.93924800043037,0.165452220835441,0.0476362544347671,0.0737713238639161,0.104652490216795,0.171966420792868,3604.67491503697,1,1
794,-0.5,-0.65625703564763,2.3101654959197,0.710730748574642,0.925567480892895,2.09034947916759,0.165477815875073,0.0482801559189271,0.0756553411912828,0.105363503152774,0.172473262601158,3588.5435369233,1,1
795,-0.5,-0.426141040779363,2.26597808885247,0.879676075290542,1.00964778904279,1.80356142061055,0.155697549888636,0.0455135412002119,0.0720660636800056,0.107913908691,0.175513241452476,3595.51218393119,1,1
796,-0.5,-0.563817274033638,2.27717824767696,0.857045887729619,0.828046263779727,2.12345260853747,0.18199055740518,0.0443094316232409,0.0699036435350823,0.108481476152799,0.186472446195705,3560.48264679791,1,1
797,-0.5,-0.506189903207465,2.30971914545525,0.782358083760044,1.08152301961222,1.8350210812483,0.16946110675463,0.0474014866592924,0.0749422407158725,0.105536872902334,0.176697963494046,3602.87359758577,1,1
798,-0.5,-0.401488507603992,2.31086131698306,0.820848671823252,0.917950641077607,2.18084505557413,0.13879351028805,0.0476350382971793,0.07382342245871,0.109327939540694,0.184066908698434,3600.38150135687,1,1
799,-0.5,-0.41305952044592,2.25429987968164,0.916158137478669,1.2187053465836,1.81207706148976,0.135609043190084,0.0497306449786834,0.0763143963184494,0.10045235265074,0.171617427023059,3615.62096707166,1,1
800,-0.5,-0.385523746536845,2.30998584189055,0.77854492966983,0.914431731211304,2.08214006024233,0.14699758605727,0.045099931435085,0.0714907166227592,0.108715042119272,0.181516614466337,3589.7592228534,1,1
801,-0.5,-0.666092415691075,2.27367939703609,0.780470213991887,0.863491077206868,2.1155619615909,0.183383233009745,0.0453526796898358,0.0720325786353065,0.111011033244366,0.185283257858943,3549.13610206517,1,1
802,-0.5,-0.495304686758486,2.37235732181239,0.641855319610719,0.773771625820746,2.26149443962674,0.154029690645475,0.0445695330691636,0.0715358413963192,0.107463129827386,0.180029663170731,3553.27524006007,1,1
803,-0.5,-0.742401662427973,2.3063375008841,0.784365613838273,0.886864844501991,2.04962477574904,0.19478207360474,0.0471708439266428,0.0737504375998847,0.106041631287159,0.178333470269974,3558.34060429973,1,1
804,-0.5,-0.611798141574312,2.33433186330361,0.758339658626781,0.964510821521242,2.03446280999016,0.158343733333733,0.0462759360456123,0.0721569131669848,0.107250641520735,0.171301510602431,3618.57686502012,1,1
805,-0.5,-0.527440664552123,2.26712204694169,0.828976266392011,0.920859818180318,2.03481854596761,0.165095352702665,0.0463848015452471,0.0715544636545074,0.106590533550005,0.180785186566485,3553.44078235436,1,1
806,-0.5,-0.183442217013524,2.2774836949958,0.80296528987946,1.113486417978,2.04504917730493,0.111282991340665,0.0500901401499552,0.0769355209014045,0.106734241375715,0.185244517872387,3574.95992319922,1,1
807,-0.5,-0.750973827086814,2.35551658927387,0.803426005360688,0.99631675669386,2.03839776535128,0.172702925233219,0.0489072386724721,0.0754665630472605,0.107897774257878,0.176605591698057,3622.87831400246,1,1
808,-0.5,-0.35064378132004,2.29358530684259,0.886431625189212,0.737633870170407,2.4040809741716,0.135375033777447,0.0449276015166924,0.070518839171637,0.114905089663678,0.189801840669438,3600.39020070702,1,1
809,-0.5,-0.472159115015826,2.24981224083046,0.841389114829536,1.10876194231513,1.78193635226731,0.152757679983931,0.0479642226580517,0.0756020525455915,0.105143879325824,0.175787799492133,3577.15323355167,1,1
810,-0.5,-0.287999791013508,2.26750698994218,0.838116899893053,0.887524603236488,2.21929867760096,0.129923728943744,0.0471885191562089,0.0729628261431951,0.113287759106851,0.183379714538095,3599.65311592473,1,1
811,-0.5,-0.373327455391507,2.29502680108961,0.812506834890229,0.981662623944439,2.11744101558053,0.134535463764496,0.0477157756871349,0.0734087845933007,0.105747054611343,0.175573946147724,3608.46135032716,1,1
812,-0.5,-0.263807964760912,2.27378085659775,0.827833978053898,0.956460545528621,2.03877705526323,0.122365528694292,0.0474793667188955,0.0749177142822074,0.108877729400829,0.181419801737002,3582.16291594855,1,1
813,-0.5,-0.60184523591979,2.32540199527977,0.762873205965396,1.00205268833902,2.06799260424141,0.15640411749421,0.0476705221620997,0.0753669157361008,0.106384098720877,0.175646009627053,3595.80508937323,1,1
814,-0.5,-0.648424616759833,2.31757571813303,0.783464691877191,1.03039245605431,1.84434364311303,0.183782166555459,0.046238345447156,0.0711759887944409,0.107034336087113,0.176314070085168,3617.34731519181,1,1
815,-0.5,-0.454817527857031,2.38396245644459,0.690727160892276,1.1043368788763,1.96888706524724,0.14487593637683,0.0490886601843175,0.0759005587379117,0.10425234011013,0.174447273356121,3657.10276614886,1,1
816,-0.5,-0.580101318227607,2.24671039133589,0.850408059178099,0.970551557963018,1.94056963247877,0.168104540819118,0.0476127844140826,0.0742516036354357,0.106860071862602,0.179230156595232,3559.92640900961,1,1
817,-0.5,-0.387425467224385,2.36239810149477,0.785954175403399,1.13505684728827,1.91079882290473,0.137285316036334,0.0488873357354379,0.0763182924633749,0.105785995039168,0.17653335515584,3657.72195485611,1,1
818,-0.5,-0.700441248838941,2.29450731779199,0.78891839191716,0.907685652432948,1.9817881941319,0.190205792825969,0.0463791271836695,0.0724984989170658,0.109378846583177,0.174861599922236,3589.73894351169,1,1
819,-0.5,-0.300473708234164,2.3046508449703,0.774587482112703,0.950314887496132,2.12137127272735,0.134034787605753,0.0484825959772635,0.0738133527917201,0.11180505894419,0.182671847615822,3621.06836069539,1,1
820,-0.5,-0.687344057939167,2.3164757633478,0.749898894456006,1.10271158625285,1.7432611144064,0.184015287156402,0.0482160340701482,0.076579099102579,0.10487749947689,0.173632143318839,3596.83912740647,1,1
821,-0.5,-0.588530838460501,2.34580973987444,0.728531901169222,1.02922678655625,1.93575393222067,0.178209609970108,0.0474349518478867,0.0736111404128326,0.102696063332446,0.17019645201151,3608.44681452458,1,1
822,-0.5,-0.281755908761266,2.27315211541792,0.859883799866814,1.03524052590559,1.9502106295826,0.135863195348218,0.0460255782809824,0.0706347877088842,0.105803827160817,0.176797426885352,3611.45058970228,1,1
823,-0.5,-0.660866528229111,2.3529453888307,0.721811850238329,0.992722181119701,1.83831719808789,0.196041337020845,0.0467198937748967,0.0732982080202736,0.107203721998503,0.186866823205258,3587.53814493698,1,1
824,-0.5,-0.402570326925458,2.27829715913824,0.843765119057822,0.982949300217802,2.05862451304062,0.143921763249459,0.0484673476285426,0.0762475493028574,0.107918060405625,0.180262384168553,3604.34989210249,1,1
825,-0.5,-0.56068779895789,2.27304211477543,0.858073445216714,0.86547704701098,2.30906335048488,0.152533901850662,0.0484853158175253,0.0744279503614792,0.10810839361681,0.180633720716753,3592.30542238545,1,1
826,-0.5,-0.493004551346827,2.33075410538744,0.794704533765929,1.10538450478358,1.93621378371614,0.150725804247225,0.0479836696349591,0.0757991470471748,0.105538272565601,0.181362699720733,3624.36897564865,1,1
827,-0.5,-0.524344290689777,2.27486569619034,0.859148678318997,1.0309089557497,2.03118388607002,0.14957163099417,0.0494096704039589,0.0768016217134887,0.100042682771675,0.169389075836604,3591.89769327151,1,1
828,-0.5,-0.35646425704417,2.25760664380763,0.848051633194631,0.916015721905178,2.09656701267611,0.144242457220884,0.0471711310606571,0.0722046314775767,0.107989686891432,0.182098862172011,3580.09340837691,1,1
829,-0.5,-0.341081942282286,2.33884620153004,0.765726632215589,1.07085070516591,2.09707623161916,0.124062602053762,0.0467316363422521,0.0736198118220387,0.106071355707605,0.18081975447808,3603.63175012802,1,1
830,-0.5,-0.333130906539219,2.2733379918367,0.868193493757487,1.11086354843193,1.96680241039578,0.1260883423686,0.049070642417296,0.0778282247510069,0.106450865756066,0.175701252389999,3621.83987634495,1,1
831,-0.5,-0.418394909908668,2.28753670074236,0.860375421153252,1.04518239524925,2.01288887995026,0.144364089657715,0.0489461988319668,0.0763653155780624,0.107427244821901,0.17803128819604,3620.53660009449,1,1
832,-0.5,-0.503527919630528,2.30488551006533,0.750928251096907,0.959635234750843,2.0083836516795,0.162405053857931,0.0469964791602606,0.0742945525520602,0.105355595832599,0.184642219352247,3557.77268725346,1,1
833,-0.5,-0.783409868523382,2.33070087187646,0.796040083137222,1.03286711690539,1.82739088848479,0.20979290531184,0.0463421077122815,0.0722425946005563,0.104514088097644,0.173293583218072,3613.13461395149,1,1
834,-0.5,-0.340805523535152,2.28392919164758,0.857172736256989,0.991854002512189,1.99463011460242,0.142111127515116,0.0482816243122585,0.0747308559780952,0.108529852260198,0.185498378265558,3599.12374881293,1,1
835,-0.5,-0.474728591899743,2.24998491446695,0.847206110033174,1.19120747725583,1.56715813073581,0.161553464536234,0.0496606579549153,0.0766145519391202,0.104549118840743,0.174036537558716,3601.07979117644,1,1
836,-0.5,-0.619860178814453,2.21180009834059,0.908227071290611,0.985425710501947,1.86466539010209,0.17777997332123,0.0482351879924204,0.0738352426163864,0.109414622998244,0.175298180684541,3579.99775087144,1,1
837,-0.5,-0.594745812256514,2.26672549128941,0.841405684024938,0.874582018636241,2.07338805842193,0.170631724482031,0.0450014454904441,0.0703614186988917,0.108402061079779,0.180247650380891,3560.85037649354,1,1
838,-0.5,-0.354763504307716,2.27929688403378,0.823830247778,1.04436330506769,2.00289786820948,0.139121977424432,0.0481182189381272,0.0758565932333216,0.104655521964318,0.176721860767595,3599.43807226129,1,1
839,-0.5,-0.38975216004551,2.29274063852212,0.84206848897261,0.980008335739502,2.19967966949419,0.133755915060897,0.0502596904006397,0.077878445508692,0.110457601286489,0.181761860442986,3630.08853721566,1,1
840,-0.5,-0.581833630443015,2.27087728990079,0.84003053698393,1.160063404822,1.77031282130906,0.168400093870211,0.0484571995107016,0.0765181166202198,0.104857957130286,0.17164583008338,3613.16613396597,1,1
841,-0.5,-0.711844003940175,2.27488629671517,0.823446604171207,1.00106768633384,1.85044449448361,0.187997325662665,0.047706921850827,0.0753607689933152,0.105165862375496,0.175781138602977,3571.44516386405,1,1
842,-0.5,-0.368338448009872,2.3535740959903,0.701774388595399,0.702381495598342,2.56313198671743,0.127744960890597,0.0455762684111795,0.0712408409832218,0.111057719841863,0.186339601394232,3570.21706552615,1,1
843,-0.5,-0.397288054359905,2.31427247024947,0.74832391711201,0.982022025625249,2.09923809228894,0.142881161171897,0.0477647432106423,0.0760794314631358,0.109227559503738,0.17642748842038,3596.74499857614,1,1
844,-0.5,-0.831962734994878,2.27279172934278,0.887674770780689,0.91444934152083,1.89653335293959,0.229106507913469,0.04597732974371,0.0715094815098239,0.107933604911336,0.172809416197004,3602.45146232577,1,1
845,-0.5,-0.637561971814984,2.29772801603517,0.756508457324795,1.03213885444609,1.82019040161619,0.18294066144107,0.0476691060883279,0.0745392214935188,0.108335058888495,0.180818317725027,3583.15962046463,1,1
846,-0.5,-0.581585863239994,2.27720096738199,0.823851817750402,1.11026050725341,1.82651264096309,0.156734583734626,0.0485418924001585,0.0740034818587754,0.102653295279071,0.171749060581935,3603.31393885913,1,1
847,-0.5,-0.631060819013118,2.38835931118666,0.587547614970173,1.19368727372933,1.76504667446541,0.175670183714047,0.0475224387795482,0.0790877291911937,0.100439917470104,0.177000160559957,3577.07282664695,1,1
848,-0.5,-0.235068151851117,2.24529414958166,0.850405012836728,0.966542264785854,2.01726053076089,0.128853352270069,0.0478606740793341,0.0743123369558448,0.107736687842845,0.178118850157693,3574.05671132259,1,1
849,-0.5,-0.502690184921128,2.29029535017484,0.835308248858104,1.24977189934707,1.65034800020616,0.160748111441699,0.0507226945750263,0.0762511270920274,0.104013352554173,0.17467626803477,3632.76790981435,1,1
850,-0.5,-0.428706952127165,2.39846810821056,0.714644990790409,1.12193508685852,1.87931556035775,0.161010171580139,0.0451294218558685,0.070740722845118,0.1047086897986,0.177220249089573,3655.76233488659,1,1
851,-0.5,-0.443415739699743,2.35153919522871,0.755596888518755,1.15310096524412,1.84754441032383,0.141494196567965,0.0473676352275038,0.0746987522620103,0.103774205022268,0.173590735905217,3629.79292182135,1,1
852,-0.5,-0.280616952472094,2.36824074689121,0.66423762518014,0.889241623338644,2.3107574226834,0.123191434760688,0.0471721316052233,0.0742077683337114,0.111178624845759,0.188058637938324,3594.57945136113,1,1
853,-0.5,-0.579664384375854,2.27836449677777,0.7949685202148,1.01142073880889,1.83296328167981,0.173563584589477,0.0484862905005139,0.0754145911436607,0.108618855544729,0.176383038070178,3586.52021053125,1,1
854,-0.5,-0.935790930753258,2.31609332982227,0.839306353823465,0.892477256515236,2.10077972876598,0.20207844968461,0.0484566472076068,0.0752515385344594,0.106699525739542,0.175899405058918,3601.06697355223,1,1
855,-0.5,-0.596747831491365,2.26404098332428,0.79869485180312,1.02166404973983,1.95661132115977,0.165821388464043,0.0489316494383352,0.0756423652049415,0.106971772247482,0.177566761067322,3576.46821238346,1,1
856,-0.5,-0.351208832744296,2.2762708957721,0.839319927948432,0.876054330406823,2.12511985475167,0.142835496773627,0.0468581688933635,0.0732470623872663,0.113941530524969,0.181131970668076,3610.40503003795,1,1
857,-0.5,-0.684207435650362,2.22987100302125,0.922235055643376,1.02167567050817,1.84375378823402,0.183762021319901,0.0469015256397513,0.0742064837382082,0.103948126455055,0.174539780706434,3570.28066635353,1,1
858,-0.5,-0.619735047124331,2.29551936527187,0.794769222952259,1.11127965913815,1.82856583687968,0.172632929768547,0.0492652523877311,0.0779113758654958,0.102388756106301,0.169744769005171,3599.35364062368,1,1
859,-0.5,-0.371635378418546,2.37676477412561,0.68222437962208,0.852170139556224,2.35324714440467,0.126979688791598,0.0448932121564614,0.0719866682156037,0.108144435863188,0.179241858893217,3578.7114030339,1,1
860,-0.5,-0.550797017670434,2.2613026430911,0.807467555490714,0.8364754441952,2.24331810360271,0.155044823724842,0.0456241038016494,0.0718941903274467,0.109084991770672,0.184394705730398,3546.05088566858,1,1
861,-0.5,-0.65912031972581,2.34467517231987,0.745438048233864,0.834139843353355,2.20295197710606,0.178903742324594,0.0468589645987652,0.0717029333452455,0.111565649597607,0.178943377596264,3611.9153758834,1,1
862,-0.5,-0.644162085993507,2.23225808757638,0.879585354831717,1.05087833354067,1.79925131652762,0.171150518829897,0.0474715506168244,0.0736409805440858,0.105099247115643,0.172500918133065,3577.18597151407,1,1
863,-0.5,-0.712878786834744,2.33812666771795,0.769815087024759,1.00313713589571,2.01101879410795,0.185714681475664,0.0479165871138854,0.0748644187515437,0.103870122662939,0.172893031420056,3611.96512014175,1,1
864,-0.5,-0.562785983973866,2.29639864388676,0.827874311287381,1.02051065454592,1.92872051267951,0.170582330447763,0.0472873846717559,0.0736428157638569,0.105681788099202,0.175749779696373,3611.13720010742,1,1
865,-0.5,-0.532932385568271,2.34598909556789,0.653475777657507,1.02898273111275,1.85919524044751,0.175252303524868,0.0471751288041604,0.0738694800493485,0.104471644159472,0.176383568634331,3579.01703220797,1,1
866,-0.5,-0.678308875366733,2.31097243466971,0.837784586538361,1.05603491653196,1.75452241452881,0.189379516182154,0.0456880723993967,0.0732547619463232,0.104047063732974,0.168882051841561,3620.18723485362,1,1
867,-0.5,-0.377055225923223,2.34406437966023,0.699864689524998,0.948606751005694,2.18079712895204,0.128815442505964,0.0473918325113378,0.0744710934392194,0.107366181192077,0.177432275291692,3595.09953042882,1,1
868,-0.5,-0.401619780525951,2.31985487942793,0.769524408722114,0.867881237950721,2.13448294939413,0.146165508902334,0.0463537027404918,0.0704802038184299,0.107948111144144,0.182699271552124,3570.41333806664,1,1
869,-0.5,-0.655191762346298,2.30503769954094,0.723433721793324,0.978713944870561,2.00041795038989,0.163127087158271,0.0476481341600313,0.0737986105940972,0.106105441415051,0.172998473762847,3576.40817945652,1,1
870,-0.5,-0.399683821719511,2.34416507504697,0.708633934670419,1.01929881140824,1.95716028406646,0.148166929167093,0.0459827430000443,0.0720313131145914,0.103381774994971,0.174661874374848,3594.3689428561,1,1
871,-0.5,-0.58608107312009,2.26090829110423,0.83090448900145,1.0335044572844,1.94405003125233,0.174240254556699,0.0476694024656999,0.0750793827218815,0.102867150000243,0.177973069433745,3560.01367585732,1,1
872,-0.5,-0.408445338019202,2.29375462743494,0.831624790891462,0.724983475582371,2.37381598589296,0.158627657620803,0.0439827022264898,0.0689640461541309,0.111691270621758,0.183021898521118,3578.80541747026,1,1
873,-0.5,-0.321051472589594,2.31030407721027,0.838395165137793,1.03142607523591,2.04378244754659,0.129126859654873,0.0468052011219991,0.0730379590674456,0.107283858428569,0.180019944546358,3611.32890479488,1,1
874,-0.5,-0.666827508011548,2.25610739796912,0.817285830913501,0.930944229663477,2.09370445560248,0.163852691667626,0.0481541740057171,0.0740641509636595,0.105537754737592,0.178621118234784,3524.96454487605,1,1
875,-0.5,-0.49849896941674,2.21981421404821,0.873413960017236,0.975140776134412,2.15216616288453,0.148959711192141,0.0508899532633402,0.0762300623398112,0.105717767363965,0.172677989834603,3583.78509872472,1,1
876,-0.5,-0.587142920268667,2.34388118178928,0.788777968216957,1.11713444863814,1.71008562867784,0.177699920244013,0.047490400299239,0.0752213298352788,0.105380128482467,0.175009914825541,3629.95967079794,1,1
877,-0.5,-0.349297993412653,2.25426764838449,0.826704069733583,1.16419808193167,1.7511859563422,0.14558054195519,0.0501937953987506,0.0769370274480203,0.107365642072065,0.179431097327631,3604.52632970179,1,1
878,-0.5,-0.70268076884793,2.29272713193312,0.847941037116615,0.925382476163514,2.04934432608276,0.183175194241779,0.0466430906784818,0.0722706307455926,0.106745300070119,0.180093149710862,3593.61094011115,1,1
879,-0.5,-0.390230917692028,2.3280280386002,0.78191360912362,1.10675790178588,1.86745281538023,0.139801515380111,0.0473848214419815,0.0728917890228674,0.104075687443357,0.170091567385919,3638.35570215844,1,1
880,-0.5,-0.699821260982666,2.32400850349813,0.728723498571348,0.853859800413495,2.07223523945064,0.189030965050648,0.0462768697342013,0.0718906388552894,0.112082523795815,0.184284648264899,3578.37992578203,1,1
881,-0.5,-0.298831733038571,2.31695035639373,0.769571444827541,1.00508783805,2.21955917114466,0.120212801630173,0.0491657424386809,0.0778434992247166,0.106066955466749,0.182737989731729,3590.36652057798,1,1
882,-0.5,-0.533443077668627,2.2794860637596,0.875336556025092,1.1134554923072,1.74485673599145,0.170909160683628,0.0474272305546539,0.0735135070799411,0.10633925225829,0.182529991243808,3613.34251070803,1,1
883,-0.5,-0.749594340352131,2.24008596101371,0.855210156815854,0.970985191952537,1.94950764678185,0.178219741196487,0.0482711440720701,0.0754703674301054,0.107787706998682,0.172873338486194,3570.21258426148,1,1
884,-0.5,-0.622998141907145,2.28668175213048,0.814941910061294,0.981702580904603,2.03782372001185,0.165117325356848,0.0488829795776566,0.0768060190823442,0.106389211722804,0.172677870480551,3606.55952241681,1,1
885,-0.5,-0.310424841568083,2.30759579247897,0.757586830445227,0.826039366742244,2.29873937187091,0.12594988870778,0.045884593587714,0.0726497315421501,0.111154918400813,0.187268840155354,3561.04194537739,1,1
886,-0.5,-0.326380810228434,2.27186376506824,0.85492845310739,0.833436153204115,2.25344445061422,0.128708557768903,0.0451749043135678,0.0702168505648072,0.1119182716533,0.188076966770819,3560.79716234841,1,1
887,-0.5,-0.0775169438965591,2.25963372900399,0.805418192809296,1.03035115804887,2.03906983138757,0.104383438030768,0.0472190497164562,0.0749577859512251,0.111135964046587,0.186935095207169,3582.41864078971,1,1
888,-0.5,-0.433735417462425,2.27995756108878,0.854806632989235,0.93167714359042,2.14136472524804,0.146500357948208,0.0473154394722115,0.0731221003195189,0.109612982255939,0.181293040969234,3620.22239162012,1,1
889,-0.5,-0.428659066412242,2.40361329779521,0.660662609095134,1.2151837173231,1.70681817727013,0.147548503354961,0.0480022997476443,0.0753799009155169,0.105554294865257,0.173004800836829,3659.4071104096,1,1
890,-0.5,-0.652784285423414,2.28072299112602,0.865179180035436,1.14750687690282,1.68269816203298,0.178816303106991,0.0476629060153074,0.0737421988555505,0.104278273155085,0.169215500280405,3632.2854103993,1,1
891,-0.5,-0.413749979938111,2.27443725950156,0.86083179223711,0.86920365509167,2.0707868967556,0.148367285649768,0.0460628879249854,0.0736855358133616,0.113815471052215,0.187401549063406,3595.58827417414,1,1
892,-0.5,-0.442545902808062,2.31409301979277,0.819128888515578,0.952405062974504,2.0573098252282,0.156442153713376,0.0457140220798679,0.0731492993729348,0.109253271392352,0.183718310195336,3610.63429037241,1,1
893,-0.5,-0.441160972650003,2.30368441097967,0.783771753178647,1.00298855895144,2.03211720106697,0.13480291105691,0.0477746236599132,0.0744473163971102,0.106782603983047,0.177419365711814,3591.54045056541,1,1
894,-0.5,-0.21117915060423,2.39331536589404,0.707433610001908,1.29348098904703,1.72664753126284,0.124227662124941,0.0492233671636615,0.0774166263678948,0.100396540861467,0.171611936192464,3657.64291533804,1,1
895,-0.5,-0.451614316690857,2.27040435719338,0.814028327484754,1.10359877162804,1.87914039231893,0.145203035525069,0.0479292581822374,0.0755558360913693,0.102533301550294,0.177090700559157,3570.40946340805,1,1
896,-0.5,-0.473295734909601,2.34921552244123,0.72140727569045,0.764064446554013,2.40496975743539,0.151797319515088,0.0458604909441125,0.0711455101909401,0.110664361124368,0.183502395436745,3584.60602482792,1,1
897,-0.5,-0.559041898110051,2.34200766244138,0.735691973636859,0.951301604191063,1.99242999351047,0.179925252717778,0.0467832559446094,0.0741119645663015,0.106238661580302,0.174338918649473,3603.03972825232,1,1
898,-0.5,-0.306781944684861,2.28810884571873,0.750230227378729,0.949851875821523,2.16195200706433,0.136082743863973,0.0477095397621885,0.0754101224267039,0.110498620840876,0.192383682475535,3557.8125239619,1,1
899,-0.5,-0.525661928570805,2.39311806161479,0.679500387701643,0.948317269928546,2.18608159331498,0.157590197270493,0.0467155706489728,0.0728252172145709,0.107200820954483,0.185883050756962,3592.51694673546,1,1
900,-0.5,-0.582224492815497,2.29093622123071,0.7850279873424,0.925117222050448,1.98211047803456,0.183593163252458,0.0454435861624191,0.071746941109769,0.106601833590069,0.171341835525933,3588.13587251322,1,1
901,-0.5,-0.385102738939921,2.32675950513334,0.813256976573678,0.809237781527998,2.27867489099136,0.143513346057899,0.045289011224545,0.0701800751397253,0.110591193552769,0.177763240578259,3615.25447684638,1,1
902,-0.5,-0.748153409089543,2.26861959124823,0.813795945514043,1.09711086769571,1.87469949393153,0.180996313958445,0.0484530106071518,0.0752798833356531,0.101372007670393,0.175166057570592,3549.60015859064,1,1
903,-0.5,-0.372516616081672,2.31592207335856,0.779949865745866,1.14790345292535,1.84749091080546,0.136191603285778,0.0491185879881289,0.0763336623846772,0.105698653433964,0.173801046164708,3641.46375766008,1,1
904,-0.5,-0.356211649086531,2.34779165165366,0.778652945785963,1.07813798512496,1.95469463201182,0.132430927961494,0.0462056890242702,0.0749849480788457,0.108048838603016,0.183121930086882,3624.41463917657,1,1
905,-0.5,-0.629858447157828,2.20150420842602,0.963078772430317,0.981526473775489,1.90928810353936,0.178793292043203,0.0472289411192738,0.0727384445398537,0.107783464067327,0.181383466147701,3565.46450021091,1,1
906,-0.5,-0.445199607426948,2.27413882158749,0.824894908378291,0.981594718757841,2.21307469019776,0.134323427935864,0.049897702094818,0.0758703394988035,0.103025569139277,0.174167579867946,3572.65499441405,1,1
907,-0.5,-0.582377110636496,2.28098027637167,0.832477129153195,1.05174612092185,1.88332356738109,0.158637776526642,0.0486598991218636,0.0756400378001763,0.106642321057669,0.172274805669847,3595.97544006116,1,1
908,-0.5,-0.579547441447788,2.34050225410627,0.757646221535157,0.813731327135352,2.29447629627941,0.164463392735308,0.0457646699020404,0.071290938867859,0.11068878360251,0.184260860028939,3597.03898447034,1,1
909,-0.5,-0.227064523712312,2.20425286012953,0.962017288493133,0.955849555711362,2.11106000550497,0.122928953762707,0.0490985499118801,0.0773066505537896,0.109639241823083,0.188364164140403,3554.61142647361,1,1
910,-0.5,-0.315852178656245,2.26471385302056,0.865921393846488,0.91306847308231,2.24363492403274,0.128018934524228,0.0486422186743205,0.0742230828288064,0.111771841510831,0.191311602912607,3579.18473458394,1,1
911,-0.5,-0.577417125921155,2.25732379902752,0.83798700204274,0.991265166806509,1.9601169322319,0.157804974452713,0.0482628833959633,0.0745661409359065,0.108891722160348,0.180620498481887,3594.05414556703,1,1
912,-0.5,-0.559800745241362,2.25694884290967,0.914218831120298,1.11354035619725,1.83830141333037,0.154352914651015,0.0478205548391685,0.0741278211697673,0.100778743467063,0.169450353188575,3601.46112160652,1,1
913,-0.5,-0.157722395252488,2.22738630763405,0.917708619190213,0.995138955542131,2.08454013042487,0.111476822974808,0.0480643770220932,0.0736154976700198,0.110910261632877,0.177397920718235,3629.39891959529,1,1
914,-0.5,-0.43647309632502,2.31771714034093,0.836878774617987,1.01530598535643,2.00597532328827,0.139004778328432,0.0479577041542205,0.0737193310966874,0.106704888244667,0.176965593058434,3642.34271793219,1,1
915,-0.5,-0.761562724439979,2.32021413856737,0.785422960796343,0.831445616292482,2.09965439180946,0.204554154626043,0.0445766630342818,0.070942256211421,0.108621063962202,0.182697307074847,3571.70547104848,1,1
916,-0.5,-0.500752591079447,2.31708032232082,0.788054232453564,1.00172660114051,1.99755609083372,0.154108625421679,0.0465572663379603,0.0739950229406646,0.102747699051328,0.177852543259953,3590.99647333619,1,1
917,-0.5,-0.2446887622824,2.31007147936484,0.710398438278628,0.887810420926046,2.2288774728276,0.125923481791913,0.0473074134941115,0.0748577432078822,0.11201915027772,0.179581256306233,3586.63058836652,1,1
918,-0.5,-0.363238431881502,2.33042783916737,0.799872941516166,0.985767541635681,2.00348562570991,0.147595747508837,0.0479754372839534,0.07322241309881,0.112430516767923,0.180829500085188,3663.95074822814,1,1
919,-0.5,-0.542038138672062,2.3349278013122,0.748226156519414,0.899079449753848,2.09055807267554,0.173026546419526,0.0467898028694498,0.0725701390614027,0.10532586507197,0.169709767503976,3604.73409965743,1,1
920,-0.5,-0.385380837493878,2.31811467696794,0.756540938742519,1.06705955783732,1.84853423879964,0.143520576199674,0.046053176460727,0.0715884913516513,0.108458080438839,0.176968745636943,3621.52451748541,1,1
921,-0.5,-0.365869982217166,2.33053225360282,0.697206239666727,1.05486592896769,1.97383451532375,0.138898080730781,0.0471135085482002,0.0740174794261827,0.104520402576458,0.167484566520925,3598.52975870563,1,1
922,-0.5,-0.683028753281915,2.26695464263828,0.868500358346723,0.860088733135516,2.14077058177579,0.192924401679823,0.0470124776453587,0.0743975896761412,0.109940925870271,0.174468700890536,3585.92435999838,1,1
923,-0.5,-0.581036426711978,2.23955520263118,0.914472956246636,0.909745263148063,2.05703139380118,0.16124051665045,0.0468484492148259,0.0739368469154882,0.109479903360281,0.176441522965021,3571.98001660637,1,1
924,-0.5,-0.737842279478705,2.32813055756185,0.745050209284286,1.04082660555766,1.83838420862168,0.189690219207908,0.0463589591440692,0.0724193847901273,0.104663208571497,0.171760328009885,3602.116095433,1,1
925,-0.5,-0.636685513098368,2.29368160822712,0.851450335992001,1.02022844520405,2.00395179898129,0.178355827800564,0.0473844117934213,0.0751945766974054,0.103115996041174,0.168317449383331,3616.61388865611,1,1
926,-0.5,-0.272329783991836,2.28648137016097,0.820175129376153,1.06620921637429,2.02353810364423,0.117945874876825,0.0484612597004791,0.0737322972429346,0.108457760771758,0.181361635795725,3618.12746576591,1,1
927,-0.5,-0.632299264962558,2.40258657270695,0.665119183793689,1.05047714590123,1.83658404705112,0.169901538027985,0.0473927132594087,0.0750352158334779,0.107214816301291,0.175304226862869,3627.78756296404,1,1
928,-0.5,-0.291003585763533,2.36806778544807,0.723440506170496,0.981753573364264,2.10575286442329,0.129219560026601,0.0456233507538593,0.0705994881465084,0.108719418857971,0.186876630064633,3629.44658263286,1,1
929,-0.5,-0.594260513729923,2.3223424531319,0.708882481198299,1.06988789192097,1.88571188757289,0.163905524932365,0.0474646534600845,0.0759419298993613,0.105644456807799,0.175630359810026,3574.8074836689,1,1
930,-0.5,-0.592394198621431,2.32222464936768,0.836399736061932,1.09222966598047,1.81416805476254,0.161666074507436,0.0492086879291453,0.0753437068770366,0.104864181515221,0.171170900650806,3648.63665985282,1,1
931,-0.5,-0.251156339371111,2.22181990945911,0.91731354485432,0.816923045813632,2.3271611571689,0.118342130024193,0.0466969005266744,0.0706750244451193,0.11235788984489,0.189193495663065,3585.37532118618,1,1
932,-0.5,-0.873086938419014,2.34456859706557,0.699884802476518,0.986852457281346,1.88705377795814,0.220771396544655,0.0465486908394344,0.0738189712001687,0.104186195762558,0.174068677477565,3584.45939121462,1,1
933,-0.5,-0.495397091463343,2.25946432747084,0.817927697760213,1.08757441266093,1.85341398363588,0.148190533835411,0.048069963964479,0.0759947048088668,0.105733960113112,0.170907122511582,3596.54324819375,1,1
934,-0.5,-0.542408685128414,2.2264506669439,0.885316883337986,1.09909196660322,1.81907215024158,0.169743099228306,0.0486752688877854,0.0756206724622012,0.10250360690561,0.173218014281729,3566.10216789716,1,1
935,-0.5,-0.409060172096148,2.35265802155607,0.730604462269403,0.909824996452906,2.12768753780262,0.141319857477542,0.0454619844862919,0.0711635877326353,0.108128330050402,0.17857467846474,3598.36440098251,1,1
936,-0.5,-0.60391520579039,2.21712485688922,0.891631726311859,0.985975590666193,1.94474168314106,0.171037969745707,0.0499002704038532,0.0754981391531133,0.109464970066092,0.182551733246114,3560.02110000958,1,1
937,-0.5,-0.643211146152984,2.32494378297849,0.795750580025928,0.978900044303358,1.99759244352516,0.164616080813682,0.0470233460037593,0.0712199856930653,0.10364134180976,0.16940464215902,3598.53260761899,1,1
938,-0.5,-0.381011671207067,2.3960734336072,0.658633096671,0.917832540184194,2.08759275788809,0.144769473723369,0.0468327538130178,0.0743555107110481,0.108822724575361,0.184377163643917,3611.07944277299,1,1
939,-0.5,-0.40614665936706,2.22767115611967,0.979314018026574,1.12915170561873,1.89169168690662,0.140594844532867,0.0500929336324482,0.076452790877244,0.106715948107059,0.173504148200551,3646.33672872407,1,1
940,-0.5,-0.390638025277165,2.36630903089246,0.744231203412008,1.13478631922162,1.84657829353358,0.146711938828272,0.0468216011212624,0.0728708043210756,0.10342247253756,0.182370785563813,3628.69351086106,1,1
941,-0.5,-0.430071500445721,2.33445505424681,0.78494785706059,1.00729827809217,2.13132493323549,0.139697376292078,0.0474941041924,0.0739452013575405,0.104145227938206,0.173512586158298,3627.65937568025,1,1
942,-0.5,-0.705506730560891,2.27630482431556,0.874390344515024,1.03947567760268,1.98618381640174,0.174237584605959,0.0487332451779367,0.0775765160043093,0.104691401931128,0.175634722182506,3580.23005329014,1,1
943,-0.5,-0.640750443510935,2.27061784739424,0.794534648941265,0.796996550647328,2.23698104630649,0.180376422679589,0.0461944809001994,0.0713706040019367,0.108534343086663,0.177796878407375,3560.12484261261,1,1
944,-0.5,-0.284257360275328,2.39749694719181,0.680027606949758,1.03855632771502,1.84766484259664,0.131413771619519,0.0451255886348504,0.0714600144595531,0.110383476726941,0.179516177708503,3642.95778805665,1,1
945,-0.5,-0.571996403570853,2.32996810717872,0.793833689083981,0.905208308846136,2.20407464727344,0.162507767315324,0.0469874284218715,0.0733147421535477,0.106980056839379,0.176647236747687,3604.79400522406,1,1
946,-0.5,-0.305435893812662,2.33527962227334,0.772878749704563,0.903025815224833,2.32329546016534,0.113603368611413,0.047295934180735,0.0735021905730196,0.110432789568697,0.178520156021794,3617.83545933315,1,1
947,-0.5,-0.70969646415555,2.3387666749531,0.737099388508855,1.04369071916386,1.92551685814276,0.186034622526408,0.0470871577213664,0.0743635002114937,0.103799360045468,0.173543496890231,3599.05865628457,1,1
948,-0.5,-0.493319245332603,2.29199176359741,0.79560111518036,1.14099920158768,1.75444317235536,0.154399155171951,0.0483564488398714,0.0757950213095441,0.104222447075327,0.178730008006955,3598.73812934382,1,1
949,-0.5,-0.638569326636386,2.30719097923313,0.812172910802577,0.991555889578569,2.03222431646913,0.163163800749326,0.0489848788236444,0.0762344416806687,0.107892313178674,0.172260627540777,3617.62197637667,1,1
950,-0.5,-0.26605861677887,2.38774251648019,0.745314813612923,0.989392910073005,2.08697872333545,0.121254521259163,0.0463922577819373,0.0713958412022467,0.107794738427962,0.179109280558378,3656.32500498774,2,1
951,-0.5,-0.496812229992802,2.26850817675232,0.899782143114957,1.21472954901852,1.81854387778402,0.145298338415874,0.049951754578118,0.0778285243803017,0.10346829747272,0.170358986510188,3646.84400021547,1,1
952,-0.5,-0.329216256831609,2.32048747977568,0.762635129813623,0.825255113025613,2.32502261977629,0.124347429789019,0.0454768188289692,0.0720743917722247,0.109815101638317,0.182265830554922,3582.8013641016,1,1
953,-0.5,-0.501298688044194,2.27903989632825,0.741145227118777,0.93323103855808,2.05840323942039,0.149186534001739,0.0481173647255617,0.0756779382601044,0.107484025564599,0.176684748216451,3557.45487375287,1,1
954,-0.5,-0.245118733154007,2.27923481166944,0.823951009634839,1.05164792318221,1.89993400577611,0.129040065671468,0.048037327210951,0.0735104441252701,0.110391688821121,0.183403215740992,3615.19899608217,1,1
955,-0.5,-0.428624747938755,2.36940304467684,0.732583433373946,0.866349327502682,2.2995551283886,0.137652004055956,0.0454263455030681,0.0730635793820455,0.107347760569271,0.175500272330092,3624.24186643555,1,1
956,-0.5,-0.461791639882167,2.24874627890748,0.796688147994008,0.964150830599419,1.87117586714962,0.160041501953363,0.0476985409628943,0.0754563858834089,0.109310960351795,0.180027447514983,3543.08604089481,1,1
957,-0.5,-0.562337272528519,2.34730821430372,0.791738536244167,0.85961885158091,2.29174576460434,0.159315414221909,0.0446492912618262,0.0717317261844566,0.107929479602888,0.186423121882688,3589.6387410496,1,1
958,-0.5,-0.448522081609697,2.33616926383695,0.801012507905205,0.952709276953409,2.10207314170519,0.16032245154425,0.0460107427474586,0.0714096029152439,0.105808352659431,0.178496495553089,3629.77500207156,1,1
959,-0.5,-0.390163660779336,2.20988988462827,0.920248102350765,0.866700919484899,2.1635335789596,0.143866057095558,0.0478429198613991,0.0737099307751151,0.110226007043577,0.183371462867377,3561.69542978673,1,1
960,-0.5,-0.521817878374035,2.2447211908408,0.803234325390808,1.00901050389223,1.82493532928863,0.171806923042463,0.0459934282745792,0.0718264426142795,0.104403805418251,0.177571284565237,3531.79498307243,1,1
961,-0.5,-0.225590377064617,2.29466734686493,0.798480994370171,0.989585443153217,2.23155247439257,0.111615968331566,0.047802385005504,0.0768603889391186,0.110025233121814,0.183046962559225,3580.91807067117,1,1
962,-0.5,-0.433976455798988,2.3339566745476,0.813568103468638,1.0362032017622,2.07996247724452,0.141635361434456,0.0494415059013256,0.0779076089634429,0.105996506812586,0.178827032799643,3620.17405450419,1,1
963,-0.5,-0.527718722167595,2.35547109966492,0.688504096717491,0.993485472279947,1.98627706940643,0.156120661492087,0.0447525293448159,0.0728779397596974,0.107062993729738,0.176584461346586,3591.06804592005,1,1
964,-0.5,-0.395953617269826,2.3841343322031,0.62441124501911,0.981522807882894,2.11961850695738,0.137646130420864,0.0473287593288771,0.0747206660593855,0.106952133311038,0.182119594866433,3592.00857583533,1,1
965,-0.5,-0.560994764769357,2.39356323230985,0.654738140966906,0.789441215107316,2.4580918441466,0.152464428955188,0.044673970475116,0.0712092577995252,0.108306819076871,0.187572934296713,3558.65153246354,1,1
966,-0.5,-0.673923726519183,2.3343932247598,0.75603954385927,0.943257109132399,2.04906435201056,0.17604297320928,0.0462534548310448,0.0741826478812017,0.106372364289491,0.176149702236384,3585.18607600654,1,1
967,-0.5,-0.289416780224586,2.25910868795489,0.845585158998053,0.967706399429313,2.08104427609948,0.137125053883871,0.047661873576458,0.0746469697177998,0.108455695750494,0.178821824945154,3593.28789353369,1,1
968,-0.5,-0.590585914442491,2.37191245986275,0.721528806292243,1.0491220230179,2.00026003612083,0.164675601371378,0.0470099411070272,0.0738399402414733,0.104073895377485,0.170141401186833,3626.27316752641,1,1
969,-0.5,-0.498497084513823,2.35170082626688,0.696785052727127,1.1862236171844,1.7506267107919,0.15372197493472,0.0489434466163091,0.0788965187830258,0.102648796423458,0.173687924629021,3617.37096290982,1,1
970,-0.5,-0.636992209713305,2.34183817708553,0.788498870972752,1.09186310458283,1.86389039557865,0.173580489115976,0.0472055188242783,0.0748231112960005,0.101206202101288,0.167659007898168,3617.23792087111,1,1
971,-0.5,-0.767178745520504,2.31718999148771,0.778412083950245,0.961496222737104,1.86845300459261,0.207079651224334,0.0449006680189917,0.0716666341549758,0.104424227812054,0.176058501560753,3573.22799152827,1,1
972,-0.5,-0.519064150420514,2.35756025901953,0.791423105561392,1.04613071985472,1.86896241320584,0.162928437536486,0.0450363334286045,0.0721971965352988,0.1055733989216,0.174545096870529,3623.79254658941,1,1
973,-0.5,-0.528202560752002,2.2790066742683,0.818713784391948,0.960932614718443,1.94749752718245,0.165182660993769,0.0463164548173077,0.0732279749279156,0.109813535851395,0.179434807971022,3594.90237397199,2,1
974,-0.5,-0.579795237748205,2.28993346033008,0.81283033048063,1.0838274729772,1.80430518207607,0.167696766684341,0.0475510884357658,0.0744495254969824,0.104423397258322,0.176017928693621,3586.21995416422,1,1
975,-0.5,-0.605647406106167,2.34348358271321,0.755145036857434,0.905944032412632,2.13978465734951,0.164078877586603,0.0471220313819213,0.0731421460862982,0.106837594177563,0.17306712740855,3619.2483969862,1,1
976,-0.5,-0.635698889332475,2.23971690575813,0.921595201953026,0.979049641842259,1.99647057505442,0.174895947245044,0.0489460825194866,0.0765051995747908,0.108394023346597,0.176416856654066,3587.93453090686,1,1
977,-0.5,-0.51166112774259,2.28131105811241,0.8326017554363,1.07192563562163,1.83751233823731,0.156510183742017,0.0490343674216083,0.0760332999542283,0.102422128833556,0.174109471004389,3580.44676524802,1,1
978,-0.5,-0.602347913320211,2.32802759989622,0.6979929413431,0.959587440392254,2.03430542233851,0.170496081092575,0.0475610136323954,0.0747992737448866,0.105859294165556,0.176901475073314,3571.6056810244,1,1
979,-0.5,-0.49392268741636,2.2689348602889,0.879018418082562,0.976968432968166,2.07333740288074,0.148763742406374,0.0482038356497531,0.0753886474415427,0.105182750016855,0.182778755560391,3572.55410876282,1,1
980,-0.5,-0.442848717921522,2.30362769158881,0.76894156115857,0.950882963738189,2.1495110486245,0.147210367528363,0.0481760401618573,0.0757705307995481,0.107499386880168,0.182641083996181,3576.86071782132,1,1
981,-0.5,-0.36542121102725,2.3618166080963,0.711711692394475,0.929939911923283,2.15748062884579,0.135281999448675,0.0470172899299308,0.073401020771483,0.102836249631824,0.174674199656948,3582.12043982862,1,1
982,-0.5,-0.547371001788201,2.21532678928362,0.921411613934473,1.02135402067803,1.91244422657214,0.159117816795936,0.0483429072916944,0.071931608722687,0.106629776048009,0.17936990169583,3586.63173895273,1,1
983,-0.5,-0.529354806014553,2.34616794546815,0.706389939254338,1.06371928366571,1.87225792903386,0.159288963278968,0.0465588131609592,0.0754085589274054,0.104301538148312,0.176927389017312,3587.74186965268,1,1
984,-0.5,-0.713365310347827,2.24723829276061,0.860527856807013,1.04908408039501,1.75009146834383,0.186822810853315,0.0495685372080831,0.0772571672184188,0.107536433033089,0.17687178903549,3562.06618457998,1,1
985,-0.5,-0.392821339895758,2.22275597859905,0.921249262085562,1.03941648567488,1.80160790642933,0.146263941832647,0.0486150775194796,0.0751542405540392,0.108293047759937,0.179496225741771,3578.82062105152,1,1
986,-0.5,-1.00393070516034,2.32122840528569,0.762214044415353,1.10261663597119,1.61939763223142,0.243121379102973,0.0470316793967941,0.0741349499303766,0.100001746351679,0.168282689539623,3593.24884746145,1,1
987,-0.5,-0.524823413026926,2.21596926146935,0.925219554281063,1.0409905325236,1.87398117369658,0.158990196325685,0.0476363107037976,0.0737210995042522,0.103571161796237,0.174549764135684,3564.98027800905,1,1
988,-0.5,-0.740005081198217,2.29303149230551,0.776012579028921,1.00045687773149,1.94328274666732,0.188085103602189,0.0490993226679538,0.076002311022802,0.10482695659541,0.172554317413212,3575.33600467291,1,1
989,-0.5,-0.486654202666956,2.23424547811927,0.925549963797234,1.20264535991249,1.64481991694028,0.163255399407851,0.0487990192063316,0.0779516517742248,0.105014962478671,0.172186159463784,3608.78023088396,1,1
990,-0.5,-0.64104176665012,2.27036300489907,0.803958471392916,0.86333007874716,2.14702192741878,0.189627293315759,0.0479552247715979,0.0731666829120508,0.105549589737581,0.171959674331415,3584.74363288524,1,1
991,-0.5,-0.671122501624144,2.32087613383118,0.766771524322756,1.11332473025747,1.78064468092183,0.185415256486763,0.0478223545526169,0.0755428556469837,0.100859351750347,0.166944936854219,3613.01658214456,1,1
992,-0.5,-0.57719733301784,2.32491385110302,0.748868821876584,1.11462477824758,1.79049560448716,0.175001010090071,0.0482484312691234,0.07569051694941,0.10638997569318,0.175526599507139,3606.15425793454,1,1
993,-0.5,-0.537506165222923,2.34356561184491,0.689931508736256,0.799233029746275,2.23699266908116,0.167317887654314,0.0456836355036169,0.071862010848671,0.114498881882145,0.179720106576477,3610.58297769262,1,1
994,-0.5,-0.255622895749668,2.33829408189569,0.707378833330105,1.0577088460722,1.93472662777583,0.127453797186578,0.0459078582147297,0.0730052722530265,0.109034435409447,0.173643675016718,3612.18413589829,1,1
995,-0.5,-0.657502406439901,2.33972377700503,0.78256517302497,0.949392342419543,1.98826873808657,0.196263139711621,0.0467982192202297,0.0715584359679067,0.1030706967927,0.173512286997855,3612.43059931752,1,1
996,-0.5,-0.281941143746525,2.26291880579415,0.919082946454743,1.20464384171975,1.81057157346419,0.125206084234661,0.049033214253485,0.0773225079849058,0.106518105807704,0.17480454080276,3639.28074405679,1,1
997,-0.5,-0.452671692674877,2.31606882092744,0.766172744537115,0.983115988426895,2.15520882363268,0.143218239245584,0.049338090147287,0.07555104322216,0.1072264144054,0.176334985270222,3624.87539072017,1,1
998,-0.5,-0.467644251356836,2.3611992002672,0.626125145398222,0.836130961311223,2.11978952286715,0.1572380865618,0.0456682231565846,0.0740349459026293,0.111429393251207,0.189351319059642,3538.95872425841,1,1
999,-0.5,-0.290508742194509,2.33525215880016,0.751140642229116,1.02243407567028,2.08215862580902,0.124858982106431,0.0467958222345709,0.0734513082331077,0.106461321180439,0.177410842477974,3613.71012153001,1,1
1000,-0.5,-0.587432909763535,2.30448382924096,0.796334823819871,0.991213729265871,2.04026115390641,0.162837989639187,0.0472588596137717,0.074571764783657,0.103349334456225,0.179566445346212,3569.28979795092,1,1
1,0,0.0673004347615224,2.33196082681892,0.729458943500442,0.98327443273177,2.15857361908405,0.0933888607343799,0.0460228402638153,0.0709688773198855,0.110101982403971,0.194660243539425,3578.02932366246,1,1
2,0,0.0469247888848327,2.32625203703658,0.785649705198949,0.842735554269529,2.20511661172081,0.0936851449570893,0.0441405305348525,0.0680701337624001,0.116306366415832,0.193210199744619,3596.65374791749,1,1
3,0,-0.221220232406216,2.34391408170735,0.760335851659519,1.04689131933091,1.83940415446455,0.131820996820013,0.0466624606917549,0.071810734559212,0.111672568893389,0.188226572594471,3631.79297740522,1,1
4,0,-0.0802300998262862,2.27683840991315,0.838131417748043,1.04661697525882,1.84641279390858,0.114046370325122,0.0456868188869979,0.0721454118147389,0.10965154913975,0.188277671522615,3576.14501418993,1,1
5,0,0.00259708718079491,2.33537544982639,0.759939432020794,0.969276550863308,2.05590543331361,0.0974608124173052,0.0460019508205209,0.0714274709853252,0.116176155274605,0.196313780749335,3609.3626672621,1,1
6,0,-0.0546951949837714,2.34739515317601,0.74842797306932,0.858426557015746,2.14578707736866,0.111014686319781,0.0437734705740404,0.0678799755839919,0.11534650702659,0.191122858082332,3609.2846625508,1,1
7,0,0.0471750308446102,2.15202623018032,1.04192750244188,1.12542168387937,1.87061740714891,0.093972152692111,0.0492327596290971,0.0735284863806634,0.112633662712392,0.184285842985841,3608.09800012718,1,1
8,0,-0.0673021814337931,2.37379882233279,0.740341490349699,0.870620645118347,2.10507600829237,0.115635033985361,0.0438151102881033,0.0682549376889795,0.115613018845095,0.189732160843094,3626.10771204816,1,1
9,0,-0.0654323272479359,2.40988508163252,0.659811078126381,1.06370841540075,1.86727766272078,0.112380266290287,0.045455599290948,0.0710176357121793,0.110158861981366,0.191945515798939,3630.55373044407,1,1
10,0,-0.200575023497164,2.26696193551615,0.908957296850044,1.08456096072144,1.94117736439847,0.121489037457381,0.0485044565443567,0.0732768226732649,0.110691091456768,0.182860576490236,3642.58919633922,1,1
11,0,0.100395983136187,2.31310045328301,0.742687320484694,0.770449552213063,2.34873662812434,0.0881036435984181,0.0452412543199125,0.0716915157242497,0.122015515377528,0.203235027967451,3566.67580386587,1,1
12,0,0.132940611917503,2.39098224889042,0.733728420495584,1.0769760764688,1.98934426454354,0.0836286254948892,0.045034743485162,0.0705053591908486,0.113661405999809,0.200075719114184,3639.7081576953,1,1
13,0,0.0484639636196145,2.3107999340982,0.814084141045532,1.14531834392789,1.87651499920224,0.0917178038211685,0.0476899264919462,0.0722152287128612,0.112419404485566,0.192325124501654,3625.25952900374,1,1
14,0,0.291945540049275,2.29482716141283,0.839087946954212,1.00005079708616,2.40321021347201,0.0639451303063464,0.0449547548302891,0.068767236232927,0.116764996819923,0.212435114866372,3576.7523235586,1,1
15,0,-0.126871238911718,2.37132948154731,0.733750400426996,1.11098036673014,1.63201007144149,0.126403270824323,0.0473362889029356,0.0722121841642402,0.11470379664215,0.192077050699639,3637.16206540269,1,1
16,0,-0.0104062332317371,2.27995973630784,0.881837020309833,0.861661348736178,2.23268616103567,0.103339931335288,0.0463320523715176,0.070751286857537,0.115598360139631,0.1988071620364,3600.56946985484,1,1
17,0,0.000113717797799787,2.29830581175807,0.801036380637485,1.05831292514991,1.99141448778367,0.0981960189736615,0.0471322795089829,0.0734124859020731,0.115000396770627,0.194208473340303,3607.01718680884,1,1
18,0,-0.252819375938771,2.3103422906132,0.789270268408488,0.95605971738697,1.94373651604026,0.140002811172387,0.045184360653152,0.070275234753619,0.109192626567123,0.180439659782302,3601.74011292124,1,1
19,0,0.021347756512607,2.24270663351129,0.841816525781636,1.01175425270936,1.95081387054004,0.0940651886665091,0.047849789987066,0.0726619364148791,0.113985655396727,0.197625593989473,3569.22237451143,1,1
20,0,0.0317932787397832,2.25036936241369,0.832558785243278,1.00340949675144,1.88023438281002,0.0985294415085951,0.0458856496638781,0.0700691713762548,0.110602838772386,0.191033807966818,3550.74210349726,1,1
21,0,-0.0979044833894109,2.2949943259573,0.82185281751377,0.919542467944626,1.94973894371758,0.11648541170001,0.0464291554090613,0.0708089862662072,0.116958800045056,0.186438900702735,3617.58551688082,1,1
22,0,-0.116880626724029,2.27814268780102,0.786722665549639,1.12887086549536,1.63941653595422,0.117291263360751,0.0466694976428721,0.0744628584762789,0.109441042680729,0.18142950087574,3570.98817990121,1,1
23,0,-0.0854785163696252,2.29450193089151,0.816654852287403,1.17963412678444,1.78683855793888,0.107888459218479,0.0479245285583652,0.0731542163657719,0.109269545450559,0.184573957710792,3618.05776384068,1,1
24,0,0.0774024744505935,2.21487040753268,0.941887246304185,0.823783734527522,2.36895596374106,0.0893428665489353,0.046763502115043,0.0710325865824489,0.116541062199914,0.199490868464023,3560.56275220881,1,1
25,0,0.138269695697568,2.36109103043081,0.685859932453155,0.711498432236335,2.39950552606061,0.0850305334811619,0.0432466924510028,0.0665446081118309,0.122553202560964,0.208080505460025,3568.81846168526,1,1
26,0,0.146135535726885,2.32023440051096,0.721784582796094,1.05215587393403,2.10274710006424,0.0770768886966003,0.0466856889280951,0.0723098461652316,0.113340758042882,0.200348134480506,3572.35224899281,1,1
27,0,0.0890426698958666,2.26018814298403,0.872941884153171,0.892756873725185,2.26624729636013,0.0876757577574327,0.0465229667490747,0.0694369826807452,0.11610951033478,0.1957740169044,3585.81047250685,1,1
28,0,0.0792937908611352,2.27566203881032,0.778217490508335,0.865959900719831,2.18464325899355,0.0947880734954436,0.0445407861213048,0.070988772867053,0.119107134370194,0.198090653058612,3555.38464332934,1,1
29,0,-0.0180324266507254,2.26198880623868,0.822643195706332,1.09186748173314,1.93466143109623,0.101025289318984,0.0471362153524699,0.0730842805273645,0.110452578533788,0.182997939743206,3585.1138117063,1,1
30,0,0.0283886772852995,2.2973582405384,0.790904495778343,1.01753980194979,1.9554086317072,0.0980158477731824,0.0439487398841055,0.0687294454027604,0.112123933981621,0.187924494219916,3586.82559646173,1,1
31,0,-0.0284977502849012,2.34021001441035,0.773336418217239,0.745739012936033,2.42900112109923,0.101317981558166,0.0447285570477184,0.0684759863689709,0.116640463851411,0.197663398207607,3601.83664063128,1,1
32,0,0.0250134217775866,2.2427920956662,0.826535322113936,0.793024688973803,2.3805769972914,0.100132868950061,0.0444268282586328,0.0702899962431461,0.1174942095909,0.209146950824794,3529.39698229697,1,1
33,0,-0.0921232292444661,2.28996799885208,0.855458421482567,1.12691353955494,1.78804218076433,0.113816294878241,0.0466248396257068,0.072876206267941,0.112763280660054,0.188763055661228,3621.19110851147,1,1
34,0,0.0157300606860066,2.256128295047,0.86941124523085,0.911081249753369,2.14714979796066,0.0970425520512232,0.0466429908276635,0.0715910691584918,0.117122490120008,0.195074159997981,3595.80167873582,1,1
35,0,0.0613494614628768,2.36196966715168,0.751932685107621,1.12265884307739,1.99873868923678,0.0857891201018524,0.0479472326667836,0.0728427823258,0.115493420955559,0.186230052631631,3667.83378197379,1,1
36,0,0.145535012183399,2.24200849669913,0.867295901939054,1.07413377683673,1.90692343596375,0.0874862950200341,0.0476414998223863,0.0731060835572313,0.110197364221558,0.196758061116581,3562.02613025341,1,1
37,0,-0.125227600533677,2.37058267153651,0.664664113656944,1.03404255695004,1.95324607626887,0.120647307804461,0.0443199667205501,0.0714087808829166,0.110346855127577,0.191729777229186,3594.86131687541,1,1
38,0,-0.147301159108745,2.31173895603634,0.767001038200787,0.911851013583936,2.01461567232948,0.121382381439758,0.0452622278044773,0.0721255814994224,0.114049988904414,0.187258360237257,3592.70484341729,1,1
39,0,-0.0861783257059378,2.28958866391663,0.855724906447678,1.02788784061564,2.01203873816728,0.104737656179632,0.0460371211869003,0.0711065775718414,0.108810787882367,0.183564555798053,3612.56608714475,1,1
40,0,-0.0823904424329345,2.35915117492748,0.715959490818907,0.907786131376282,2.01590565354431,0.114635442373469,0.0446570558210951,0.0688099760280517,0.11415892490202,0.188585734716438,3612.43321004229,1,1
41,0,0.0996496118060159,2.31633170108544,0.796869963748111,1.05916278838104,2.06459381412723,0.0837222982791397,0.0473037322708544,0.0732907994132367,0.115207318025221,0.188254162540771,3636.60813383444,1,1
42,0,-0.0182875701769735,2.27925211699797,0.864057014546669,0.885402850651034,2.16878807316073,0.102844277242084,0.0441162022417276,0.0685581972766409,0.114179804374785,0.190508915785729,3587.6793767746,1,1
43,0,-0.0324719462006608,2.29086967717265,0.814498674791946,0.826034943244576,2.21599389206723,0.107817368739487,0.0448561969948035,0.0691184472930573,0.114767345130819,0.193060271202771,3568.41887143295,1,1
44,0,0.0100011190768841,2.28499424323692,0.808695135656413,1.03304736625793,2.03160208288706,0.0949018181514514,0.0457903461549901,0.0727955842005467,0.11524512659926,0.197945879333479,3587.32197191724,1,1
45,0,-0.0273928505433437,2.34934376858967,0.719504269552399,0.955693263169451,2.01229682889755,0.102099404294172,0.0447370547610334,0.0713224635874593,0.109818361641164,0.18401572799291,3588.71183212592,1,1
46,0,-0.00733634613106802,2.30100282560871,0.861073752597851,0.957417504675229,2.13515126693778,0.0981947329020569,0.0454673887799938,0.0705443996338058,0.11204138928861,0.182705070475523,3640.25124959476,1,1
47,0,0.220327339388939,2.22572590808485,0.871892517515936,0.965550070054658,2.21870471683977,0.0740409359449898,0.046143171363701,0.0694535153946914,0.115500454518928,0.211971085784857,3544.36190650677,1,1
48,0,0.0581173445839171,2.32009919716483,0.834728395222145,1.06240926427767,1.85765365613395,0.0940623251970925,0.0460857480511319,0.0709889539724349,0.114587781471859,0.181343436196413,3659.81613098772,1,1
49,0,0.0151899422620433,2.32285154705901,0.801510490890846,0.954078787598935,2.13892250426162,0.0939156347116919,0.0458316712000067,0.0704713205600839,0.113654726923319,0.194128386249051,3624.06054440883,1,1
50,0,0.0689078207152247,2.31099926924642,0.804980557463407,0.737795413439819,2.5848625912975,0.0851438662788641,0.043640982615657,0.0677050138724858,0.117012896662999,0.206317146141973,3567.12192411434,1,1
51,0,-0.113627443034913,2.32465505187548,0.80048198370787,1.30402116831754,1.35001821105094,0.124975880011083,0.0471203803676697,0.0728831032152397,0.109240450265085,0.177121827741177,3642.69467470953,1,1
52,0,0.022282697628849,2.25720030635606,0.865616925599591,1.0338387461566,1.88740977255857,0.09930176959942,0.0469869990722292,0.071662721397821,0.112109141045794,0.190743664330527,3578.15971763411,1,1
53,0,0.0576067119572388,2.36125338832583,0.728115252194598,0.761865331852421,2.48818871471179,0.0907511888014121,0.0447109038826755,0.0704454214715126,0.112909486222594,0.194239812227812,3596.52589747998,1,1
54,0,0.0679696373211732,2.27386702031926,0.801471606067722,0.934957331802126,2.11979450167013,0.0921581223900029,0.0465424630882817,0.0721904750615828,0.117154237477581,0.203310942519941,3554.54911411733,1,1
55,0,0.053349042486133,2.30225649036659,0.806310310207781,1.06976636019691,1.89151491675546,0.0953080483933921,0.0456109061269336,0.0708512529955051,0.110581661518505,0.189027040710636,3591.977044908,1,1
56,0,0.164560713011871,2.31988564144096,0.820639876180472,0.736665337745608,2.54645781719797,0.0812620321711759,0.0431604487575159,0.0664861157099901,0.117063151241204,0.208938987988305,3568.50346690723,1,1
57,0,-0.080219248635693,2.25978574863144,0.883930813030072,1.0668605201119,1.84284974670105,0.109177991818176,0.0468654296313823,0.070309027871021,0.113720778276093,0.194395247925918,3607.69785272225,1,1
58,0,-0.00720705897371639,2.32847970918614,0.775232658725033,1.02742743427078,1.99997376503929,0.0938164280789118,0.0468314401324457,0.0741521203438315,0.111917839297789,0.185276924213054,3612.04071233688,1,1
59,0,-0.310454599040205,2.25670659837747,0.858048859865269,0.867777598358962,1.92727703483854,0.148033520228432,0.0457893337661809,0.0711714648878736,0.112330585124448,0.177112198525729,3577.65067688999,1,1
60,0,-0.0199132542428109,2.27483773157583,0.817283721889314,1.02380846318987,1.90438781002653,0.0940084582386596,0.0481213020881243,0.0735752353625787,0.116080091162288,0.178488402522385,3621.02281177953,1,1
61,0,0.0983232571156084,2.40466505950193,0.682735932867805,1.15564487710235,1.88865898908808,0.0896354291959155,0.0450687349849778,0.0704153972425442,0.110251263930359,0.193809477260602,3641.5147343595,1,1
62,0,-0.0612577037869089,2.31918312338572,0.792789185701726,1.28313009603809,1.59242552211646,0.104842389925552,0.0503904198715682,0.0778372021771406,0.112895130153311,0.178794753822687,3670.51731738366,1,1
63,0,-0.0556919915423861,2.30475684127385,0.794153988954576,0.848212530881225,2.175010198073,0.110025853130287,0.04415641269884,0.0689191078349508,0.115068155723579,0.196538127150643,3568.50223275764,1,1
64,0,-0.109318180050264,2.34238371308302,0.777220747039141,1.21161169234243,1.53791176133853,0.127822846722565,0.0455596411657245,0.0701299570142832,0.109084886488178,0.176183222238061,3648.05400732261,1,1
65,0,-0.0446074166670329,2.29447142248723,0.815876012863523,1.08643251729318,1.71505116157788,0.109617985696087,0.0459565234772867,0.0708411176298833,0.107360906226692,0.181435518372761,3586.1728053697,1,1
66,0,-0.0904222345160377,2.27664335867763,0.86213314691812,0.892511928653527,2.0320375831642,0.118553740523674,0.0469683117388642,0.0727701719271783,0.113668037477125,0.197639582137978,3578.67298710579,1,1
67,0,-0.0291412775541629,2.26648491951887,0.864616489549245,1.03125860008175,1.98311865366879,0.10959285268098,0.0486781215497349,0.0757984260941652,0.114505496440131,0.197284721259893,3604.08687145068,1,1
68,0,-0.0160890253507053,2.38685400511046,0.686737138041798,1.12328747873781,1.83786900756438,0.101747324184323,0.0458880763487403,0.0719185943156266,0.111514596126159,0.191901428269403,3628.52985664903,1,1
69,0,-0.0217798839453584,2.27123518458165,0.809527141236153,0.929491579094818,2.13771735752612,0.103657879753125,0.0468899932826388,0.0731982947913476,0.109687076598287,0.190743686509481,3558.59966813701,1,1
70,0,-0.121903416420271,2.30574010959511,0.797134480501137,0.860490207653867,1.99004200196771,0.12814936087542,0.0439108678639987,0.0699337106760063,0.117238049494092,0.194602619356256,3590.69565831219,1,1
71,0,0.0280769789273623,2.33474651998766,0.735493837351448,0.946797258874891,2.1709952425797,0.0910904363597451,0.046733486821054,0.0723748541027693,0.11287885068091,0.182406171699119,3616.50031471728,1,1
72,0,-0.151993681902807,2.32442038388803,0.778079266197882,0.872918219378202,2.01857185686501,0.129651148949711,0.0447253895166626,0.068099883884326,0.11485210797249,0.187248445958086,3613.44699629627,1,1
73,0,0.0676522209669662,2.27834360175516,0.866966556516782,0.938296123491616,2.28169335198155,0.0868141018150076,0.0459198167945456,0.0702453503609495,0.114763782257322,0.199659909290723,3591.2126561517,1,1
74,0,0.0293601169889173,2.34201524177988,0.768759606002519,1.07060832961306,2.0145760970203,0.0964459888260037,0.0460248504597451,0.0704417901434693,0.109677263218665,0.189195319388633,3622.14949679079,1,1
75,0,0.014839977439695,2.34192985310437,0.763943926371274,0.853134085723083,2.28543899257473,0.0952305951356479,0.0455642604678574,0.0714086270111477,0.117085362422794,0.196211481602678,3612.82624476213,1,1
76,0,0.0282006761328449,2.26589846545712,0.905983862462617,0.988011672329508,2.01704086416302,0.0961064770214593,0.0484073689019263,0.0737618326163898,0.112719034668146,0.192508173026988,3608.96474748617,1,1
77,0,0.121930826700762,2.28648860708575,0.80413798080339,1.04546597233973,1.95346747299706,0.0870516524583076,0.0467257038571686,0.0712959305988081,0.116000284262136,0.195788240627365,3601.18480064054,1,1
78,0,-0.179978002028666,2.27109017842187,0.855283323838231,1.02556561147893,1.85238210902859,0.12613409000044,0.0472239145276937,0.0725569150341967,0.110837857441259,0.188629098501337,3597.94137303183,1,1
79,0,0.0333480347821833,2.26629286021835,0.894440920261463,1.06454488433378,1.97142282872902,0.0938451109185435,0.0477373870824768,0.0715573170271734,0.116475123624127,0.18544484904747,3651.48247456266,1,1
80,0,-0.140137888395028,2.28585760431437,0.820766001690923,1.14761146361849,1.67937850142902,0.119935620408028,0.0477848035682829,0.074418769931894,0.110250263369595,0.186960207290715,3606.57578191492,1,1
81,0,0.0585821589865526,2.30960795077845,0.773651894416968,0.944865659058761,2.04899273791088,0.0967599746028333,0.0445505237089404,0.0704932341257116,0.115999552075114,0.198882128121346,3581.36807512306,1,1
82,0,0.0928522122108947,2.36331561658464,0.672990145162499,1.07830469278522,2.02864746268177,0.0819845341230754,0.0472787002338262,0.0719029496168902,0.113004695234849,0.194909666072732,3609.69574078091,1,1
83,0,-0.146424428699078,2.38785822978362,0.668007163423373,1.04428274578104,1.77266310403294,0.132643753862348,0.0448744678359515,0.0696252873049286,0.112331430281204,0.188608016487225,3619.58258105121,1,1
84,0,0.0423678668014436,2.35864939429349,0.744981441197273,0.820387468141457,2.31532467935071,0.096195290272139,0.0463129238521914,0.070837513259566,0.114168009399635,0.198880229730816,3593.71561913557,1,1
85,0,0.0682312924688375,2.39501552203855,0.732274276685153,1.01483522765704,2.05831948523371,0.0907295332158969,0.0436735034984162,0.0688403446370666,0.113364936173598,0.200377435823008,3641.36154549389,1,1
86,0,-0.146705541048485,2.33815982644119,0.685825798763238,0.897452282712733,2.06934091577952,0.119418585583238,0.0452853227649195,0.0722284879790958,0.1133885088335,0.186895655259319,3573.49389629664,1,1
87,0,-0.116843731803238,2.30208403069582,0.76916578335396,0.816895969966259,2.15638434677877,0.115592618409342,0.0455345006408025,0.0715219190352098,0.113805705306306,0.19279774485002,3561.47652316043,1,1
88,0,-0.0217801969546329,2.25088061022432,0.892345700251755,1.09270782829658,1.80111810412991,0.0979895080871196,0.046843583928485,0.07211657038868,0.112190104629184,0.18638231155267,3612.59559036316,1,1
89,0,-0.0475710529093267,2.29043885623277,0.798235079906004,1.10216828817351,1.73612815174513,0.114587315160417,0.0467180561592265,0.0717172981107542,0.114279781896813,0.191176763247102,3606.53378463533,1,1
90,0,0.0885825500508168,2.32946950032654,0.761707941295313,1.09666370289614,1.9683251527637,0.0854294483264393,0.0473772095064878,0.0752537362792128,0.117139255964497,0.198969452016022,3620.91229382364,1,1
91,0,-0.098619862149835,2.34633872967874,0.683432330696366,0.956378083847726,2.1127446386415,0.10669423451087,0.0453672694263906,0.071974832441776,0.113311216624587,0.184255627607305,3610.68219806927,1,1
92,0,0.0835641575114011,2.24649320220705,0.890655616047217,1.00751560946256,2.03834532994573,0.0933916791945905,0.0464039295955413,0.0704767677655856,0.113278760385666,0.190386231544706,3606.96316518682,1,1
93,0,0.0162606257326068,2.30956454505304,0.824165801928468,0.756560127674391,2.35361390437226,0.100280632130658,0.0439387890465281,0.067854178508282,0.118657637061494,0.200986775206332,3589.37410092978,1,1
94,0,0.0836841380895844,2.3428434194893,0.763070019323753,1.04458900088122,2.07606626680192,0.0855991264665727,0.0480962236923029,0.074181888635785,0.116692224145309,0.198940738309256,3630.53894323889,1,1
95,0,-0.00766329737528753,2.36778263728186,0.78588148886508,1.1181855900872,1.91413286003041,0.103867147772102,0.0454342526861334,0.0710768106736332,0.107302522637712,0.190341900584182,3637.98907559846,1,1
96,0,-0.0402384205949025,2.30404417302307,0.82783384860704,1.02913446070477,2.06897481499144,0.103559221246512,0.0453890571427965,0.0704488080097766,0.110060829303021,0.185419868064469,3618.42773316903,1,1
97,0,-0.140219862604219,2.2542994191823,0.820858156836232,0.96462037014168,1.942388614076,0.123085756153122,0.0457414543069518,0.0721160606486964,0.11015530822011,0.187056295403688,3555.62458931898,1,1
98,0,0.186341300349305,2.2389817429283,0.966107639441228,1.17174322180201,1.85931094972341,0.0755402229788564,0.046875420296025,0.0722590164216391,0.117126383776096,0.191689336763712,3629.12197851307,1,1
99,0,0.150357525411247,2.28475199291425,0.848633130884,0.753402438585619,2.48912006437461,0.0819544919889656,0.0436752952959853,0.0673851217334374,0.11872393172814,0.206815090713541,3564.12054366367,1,1
100,0,0.0209453573725286,2.2835603691628,0.79999594042523,0.748643806884098,2.31533988034514,0.102255463869762,0.0452038056738786,0.0693537103238543,0.118460269793586,0.197878789084952,3579.61122526191,1,1
101,0,-0.252917549564119,2.29050620181251,0.802087748985605,1.14688579019358,1.65991295037828,0.130090704382375,0.0472007646606792,0.073911553162982,0.109708298851522,0.180071709109247,3606.46170340155,1,1
102,0,0.123270596937005,2.28677446576151,0.79796844359183,1.08132499743827,1.9883665624069,0.0846929951028725,0.0472445090979375,0.0743242471096958,0.116431647524369,0.195577660596866,3604.13841038146,1,1
103,0,0.0016508966318051,2.28377921694227,0.850970904704861,1.09172031408212,1.9641149642982,0.0941357104033295,0.0482637113150571,0.0733959522102001,0.115862809323274,0.191495211567283,3636.90647672296,1,1
104,0,-0.0137337349363241,2.34886664201183,0.753398888881858,0.916763096642041,2.14635588808444,0.101363605165005,0.0442525077472466,0.0685192814703787,0.1194532710472,0.201497762964622,3605.7971461283,1,1
105,0,0.050078626872688,2.2824390755216,0.843482505393054,1.06396396044933,2.08517872018215,0.0876237524699338,0.0489167306788339,0.0735919992924787,0.113996875976416,0.192102055721595,3621.89890644197,1,1
106,0,0.0611226155740072,2.33014199530126,0.767318122533669,0.880690080685674,2.1976604579155,0.0936438290536832,0.0452494914550228,0.0708745308577546,0.115770553023839,0.197465477772009,3588.77702206308,1,1
107,0,-0.104428697830346,2.29132635148034,0.809280512303562,0.778676638775217,2.17552830782396,0.123065867494755,0.0437699952258887,0.0681209204910424,0.118003683894654,0.193107783457443,3577.75600287378,1,1
108,0,-0.0763429390335451,2.29822348334029,0.776012911307214,1.10440590209827,1.72601831128275,0.112117354991845,0.0461875722152568,0.0733688709375416,0.110398750035988,0.185470117521968,3589.4127428288,1,1
109,0,-0.162880373035842,2.29992792644968,0.849949686604511,0.857269494046667,2.05059475349591,0.128792605731482,0.0444970113289634,0.0683774394176404,0.113146530125803,0.187510987965678,3615.18687335352,1,1
110,0,0.0407046650030359,2.19932145571252,0.960873864871231,0.955431451134361,2.1150254167496,0.0928510499827207,0.0471891506574077,0.072627689628332,0.113041527592406,0.194983894828251,3545.21009433987,1,1
111,0,-0.0924526016615515,2.22021029204088,0.877645057345649,0.921669420735019,1.94180337046668,0.118217224126866,0.0463838778045604,0.0724277925206481,0.113593823163265,0.187102907965177,3554.90792908902,1,1
112,0,0.00324528009627178,2.3457969467774,0.764652225528115,0.924166835528723,2.1318422190994,0.0920255988749078,0.046555064619831,0.0714143976373644,0.11431503123483,0.180291090508422,3651.58718568035,1,1
113,0,0.060596881878316,2.2907326938324,0.847104556923447,0.814544328751981,2.43476687072454,0.083898063812975,0.0462074893863882,0.0698037101434183,0.117670608320292,0.192138292184211,3624.41284370759,1,1
114,0,-0.0118437034592882,2.3588059811944,0.730896537402967,1.05720253513382,1.90627211929679,0.107225348651186,0.0461004818226711,0.0718294550998558,0.110968870470794,0.184915644123054,3625.17018025427,1,1
115,0,0.0826672940401655,2.28382492194605,0.775731773177422,0.832207545391231,2.30864241922805,0.0864321293999625,0.0467360230373601,0.0719756265367124,0.116659558630032,0.188366168077541,3582.45040054528,1,1
116,0,0.0899866509534317,2.26608965944549,0.876067831924245,1.04687024967932,1.96770122521157,0.0891581555069295,0.0460316010778477,0.070719921728154,0.113847601070072,0.189014201087061,3603.26865916532,1,1
117,0,0.0455863766607408,2.34719052255305,0.719044556292937,1.09212072163543,1.88081679504807,0.0938626987694583,0.0479811670819925,0.0721974217733698,0.11289400576651,0.190032347801063,3623.4561873208,1,1
118,0,0.113134803619581,2.35463501683642,0.722748667946557,0.8293631652262,2.33680467571717,0.0843241008398776,0.0453688991088451,0.069062080061938,0.121007648955459,0.198290439061261,3618.49763259471,1,1
119,0,0.0285654836378415,2.2997247619752,0.835875742613228,0.963648570539485,2.20206808555869,0.0937717708178161,0.047617800169386,0.0724450441021705,0.112715496719979,0.188743395468103,3632.26631237194,1,1
120,0,0.0510040694139629,2.24399351156733,0.857364469569807,0.865158397833547,2.10322187819859,0.0964455713363762,0.0452298448005996,0.0697061182722974,0.119615595789741,0.199276411014873,3565.32758708042,1,1
121,0,0.0440950387203392,2.3173588092497,0.759588655912287,0.89159576307516,2.13255054181306,0.0973813772952501,0.0464916481608413,0.0713056167430057,0.119565668294181,0.197032606627825,3604.61871868683,1,1
122,0,-0.245330150097686,2.25291092851783,0.875697224280156,1.06448646469145,1.78344323289992,0.136416564795625,0.0481126657192045,0.0735823643515587,0.108161891347813,0.18812160658859,3589.04046255309,1,1
123,0,0.0295284311683373,2.20720939575814,0.957876768057514,1.06207876164518,1.90746008536105,0.0911092900266232,0.0484692760258287,0.073719951338682,0.116008331180316,0.187190055227956,3608.04296613178,1,1
124,0,0.0280915985304043,2.29120887834643,0.781520432432058,1.0457936925291,2.02387399572611,0.0889328373907904,0.0468457433923934,0.073705626386444,0.113960289023999,0.186455679335495,3602.07874517253,1,1
125,0,0.0138550190750348,2.33538964668802,0.796578062188473,1.16697569900293,1.79831980059336,0.0995295824649928,0.0464476043200111,0.0720133370921421,0.110119306993416,0.18978514298387,3633.02738168112,1,1
126,0,-0.0559358588823713,2.29240423289157,0.803503723796031,0.927344045835671,2.09020722819361,0.109477884817231,0.0454085965797385,0.0709390905861706,0.112741741652541,0.187123201046804,3600.70986173977,1,1
127,0,-0.00211266644549918,2.31451435546299,0.766096829327323,1.01614421549587,1.89748015500529,0.103924611415952,0.045785576009157,0.0715521833660368,0.110535099395241,0.186093169637291,3592.75408057171,1,1
128,0,0.0592085102286666,2.2615538777372,0.843586905142716,0.852556677651639,2.2383694010415,0.095163915477236,0.0446303107243575,0.0679162472305547,0.111812856687956,0.197954529508525,3549.20706306658,1,1
129,0,0.115744707797647,2.29247445298346,0.842425504851895,0.959417884168773,2.25565443277475,0.0814366909052351,0.0454641502765995,0.0711032584608258,0.113869755557435,0.204424969397367,3576.23778411169,1,1
130,0,-0.107292611117377,2.31681769097934,0.803420616922634,0.981725669662534,2.03560535883463,0.110593538583551,0.0456855250454161,0.0698804145121542,0.108881439836564,0.184728450252335,3609.52190125503,1,1
131,0,0.201507412183576,2.23479135679613,0.806058498895004,0.962406796688356,2.06293976307118,0.0795234209006478,0.0464508821810174,0.0722531788746438,0.119101600244957,0.205935629416264,3520.49771147401,1,1
132,0,-0.0367820575061187,2.3092166039096,0.757742318852982,0.970109643175099,1.96296662789633,0.112207180161586,0.0450505282466393,0.069316784115253,0.112330078802783,0.185143743048297,3595.00120169196,1,1
133,0,-0.0810083531074418,2.36951074559776,0.679346007208233,0.984034738056107,1.87045345999182,0.116104307467168,0.0439406115620265,0.0696327004212401,0.112453749644707,0.182422255216816,3612.90895343277,1,1
134,0,0.00976248942555089,2.26382279704654,0.841219404430053,1.05797542705022,1.74539556948052,0.110045111754872,0.0461472613389592,0.0721600095810041,0.114829518758246,0.201300215085652,3567.03040860445,1,1
135,0,0.0309515331894338,2.3233691510736,0.797228837654687,1.0493325602712,2.04687413529666,0.088779103734521,0.0474233475607886,0.0744949851284587,0.113784983155182,0.184547536706094,3644.95674055902,1,1
136,0,0.0239477601103789,2.32995448390139,0.778085645724335,0.847677731832395,2.34277737874404,0.0905965656836765,0.0459017006972358,0.0713937738899228,0.116782675432628,0.191363012650321,3622.4450076285,1,1
137,0,0.024932739662405,2.299479303394,0.836201303245717,0.980014824664673,1.95741339734958,0.103572874073519,0.0454418927460692,0.0703805260457379,0.114161795624718,0.19899490654106,3595.10245183901,1,1
138,0,-0.0869477297376552,2.34376238993215,0.676396998862766,0.95037429365988,1.88872024301574,0.122657474644583,0.0447284025017762,0.0703335815539694,0.114126019447598,0.188240525210357,3586.15781284753,1,1
139,0,0.0999417726718187,2.35130461728433,0.746001560902358,1.12257800937282,1.84452693660068,0.0844417979937246,0.0460464452967014,0.0723725209468274,0.113930753278228,0.191385302689994,3620.43986155636,1,1
140,0,0.0675518818890878,2.36187743631564,0.681688258121878,0.984806770798234,2.16710863812109,0.0848382075212407,0.0485159452614653,0.072883474458053,0.112245835372487,0.185651960942386,3624.0491990503,1,1
141,0,0.121622595480693,2.33392287622824,0.81091944257454,0.982111081286615,2.25693781550054,0.0819338250077035,0.0469713618054798,0.0707453849632508,0.11596582748,0.192002126961297,3665.76152656107,1,1
142,0,0.0195823681555129,2.27667434222499,0.899262274466838,1.14123040946958,1.78506914904218,0.0948219909390166,0.0482106558307622,0.0746418233857803,0.112713493762768,0.181837406470398,3646.6342738664,1,1
143,0,-0.0718723549901975,2.30854758539779,0.779819098447632,1.03186412789543,1.59510810313192,0.13685812589581,0.0436157626678354,0.0688008774587307,0.111531145063463,0.198541695004907,3562.23571248559,1,1
144,0,0.130953441396409,2.32493518756757,0.861309894024592,0.980101617010159,2.18405484283105,0.0847150300857424,0.0439661031002606,0.0686673338082689,0.113209181377742,0.199553634051668,3620.57222511715,1,1
145,0,-0.0845422655688684,2.2746910844869,0.810710688971517,1.09788875101731,1.85376840030742,0.105571217938766,0.048918831150262,0.0735256884528643,0.112399302818005,0.188474631983708,3598.37615936779,1,1
146,0,0.0788658691072193,2.25875932724131,0.901187471207693,1.17395114622751,1.72673961522789,0.0914131418599118,0.0475304882525777,0.0722026007655612,0.110608978022615,0.195359174767562,3606.26598510796,1,1
147,0,0.0142345597887308,2.2764710888311,0.816792606475631,1.02880465490361,2.03863957893647,0.0954682036129197,0.0482205500142946,0.0730690843907758,0.112507362974079,0.186066808857557,3609.38974802238,1,1
148,0,-0.0473280858364872,2.30715081508274,0.824849858446923,0.966524786031406,2.057606237315,0.102529103386582,0.0461148851839269,0.0710155424831372,0.112920232221291,0.191309402916861,3606.44621481023,1,1
149,0,-0.00270249576415584,2.35067990701062,0.761196876568422,0.886765070389685,2.3529070602913,0.0842035829747586,0.0475648988347829,0.0726611574534167,0.118372639222296,0.19872933127456,3616.80913114686,1,1
150,0,-0.140152254307401,2.3608152065761,0.680513483002177,1.11608216156595,1.6042759422796,0.129824170353393,0.045681721539062,0.0717132545667008,0.108413384613647,0.182157302394055,3602.07610842281,1,1
151,0,-0.022843698421077,2.32010900653648,0.759291381632116,1.14561594946595,1.68867628744579,0.104199587621533,0.0482982625583474,0.0746167766598384,0.111391826875948,0.185112198680825,3613.74260129164,1,1
152,0,0.0421735830298591,2.32663132395972,0.823737417471665,1.17606857942214,1.78047916250965,0.0975142956902746,0.0471864420804668,0.0731973291946269,0.109263049189601,0.185191762355216,3644.07831980565,1,1
153,0,-0.0211351652419665,2.26194022431041,0.83528718216693,0.972969291157616,1.90833465360153,0.110512631968992,0.044683001973635,0.0704666957484581,0.114581019842782,0.195602539087858,3558.09192888191,1,1
154,0,0.067751838927545,2.27716763104229,0.815520234606769,0.953677439864597,2.08726288183532,0.0897521123465534,0.0467776884311769,0.0707091910532377,0.118441440843971,0.192673578392741,3610.29230003336,1,1
155,0,0.0257304528595245,2.22046560358042,0.926447769946731,0.978157158461439,1.92262511946987,0.104193873404319,0.0461522349127744,0.0713596921724933,0.116420177517275,0.190661330354476,3578.02865158284,1,1
156,0,-0.165618751620509,2.32944586393576,0.794188333605369,1.17915177411797,1.62404429018168,0.126925905911093,0.0463353418420872,0.0715201833957129,0.107851078689235,0.179329467115934,3645.26355839028,1,1
157,0,0.05737781820225,2.2457865662849,0.924143840345674,0.981147780727034,2.06589335294849,0.0884991322806142,0.0469241820062548,0.0713865775435211,0.11540102540975,0.191032412078249,3609.50427675135,1,1
158,0,0.0689188927557103,2.31937227313412,0.763548773305435,0.783499425341079,2.23239232232967,0.103988616000748,0.0431904620700378,0.0668718184548057,0.115431729269974,0.204210589857222,3562.8457094202,1,1
159,0,0.00182165845141314,2.24307140093738,0.94124731667204,1.1199429136081,1.88606947731969,0.0979393120320764,0.0480630537529544,0.0717455888482768,0.111345786107831,0.187083533908729,3624.88955914404,1,1
160,0,0.0150330439833244,2.26981190879795,0.838491026336797,0.869820880408314,2.25384436976692,0.0923194769728844,0.0487917754206371,0.0737505739420763,0.119738435541113,0.195320054513104,3609.22344132951,1,1
161,0,0.0465625092462414,2.30692051722157,0.794962471490639,0.965831891459112,1.88680404070221,0.105639516451042,0.0450197601530892,0.0695101696542377,0.112016429875327,0.189526456138823,3583.74442217174,1,1
162,0,-0.0995874560370036,2.33970213343592,0.763962564994353,1.00803309978606,2.01104392048543,0.107636444823005,0.0459113621323669,0.072934950437598,0.108918635681066,0.18524109030621,3608.32293901067,1,1
163,0,0.0239032977124586,2.26574037495877,0.856678929459723,1.15565760993608,1.73510898911928,0.101042174287007,0.0468297354765956,0.0719471375430241,0.109447418137762,0.185458070822046,3605.83972723844,1,1
164,0,0.0437076499127439,2.31791965768462,0.760441910113511,1.15281705295364,1.60979270092341,0.102235877443142,0.0466514247166455,0.0727957268290451,0.115288577908432,0.193285486174967,3599.04571944488,1,1
165,0,-0.0167015241334249,2.32171103494864,0.780432073831494,1.11783910969903,1.75729862035564,0.102517865002305,0.0465856187370212,0.0713741604397464,0.113363544870849,0.184324571744174,3637.08928030604,1,1
166,0,0.0528444432352311,2.1960084223286,0.890617357404555,0.887531674832624,1.98025526128984,0.103357565212302,0.0444598167234452,0.0684943266878129,0.117466877388851,0.200455871479491,3530.40972237437,1,1
167,0,0.183722604283403,2.28691398501298,0.76101898830296,0.938017283556631,2.13439227492796,0.0769974601307287,0.0469381137379169,0.0726677241684314,0.120140426219836,0.206310977019112,3569.98861061673,1,1
168,0,-0.0510931635428941,2.33682309662744,0.708030983297142,1.0484084111501,1.95458940068362,0.100929805753758,0.0473655749737618,0.0737530898882277,0.114768984906899,0.188510381180773,3623.50368291078,1,1
169,0,-0.0126806764498162,2.26950201463304,0.8890074012933,1.10157390550908,1.97842994400166,0.0965645784567114,0.0484187390118137,0.0735462316735527,0.113540019454667,0.203139016244853,3603.47519315111,1,1
170,0,-0.041978449964516,2.38548935184158,0.745040427862941,0.899906933414905,2.27135437270283,0.103520632641113,0.0450971707076317,0.06948146938367,0.112584091704042,0.189670000224194,3642.57623225116,1,1
171,0,-0.0134889452847348,2.37622364161859,0.731853608891661,0.900229990671689,2.25237355915106,0.0962134616116466,0.0452052622288643,0.0709488473970665,0.116175664313979,0.198390525532448,3630.93155169951,1,1
172,0,-0.0801700949379231,2.22373511949958,0.883548215042868,1.0234377830311,1.82407888877263,0.116088780493898,0.0464762134291895,0.0730685530270858,0.10936361067195,0.178147952267601,3566.58624340701,1,1
173,0,-0.133319084221424,2.31878359549469,0.753172106002569,1.05479661439308,1.88389074394051,0.124035469323762,0.0476733967322915,0.0734786592050977,0.111444753865207,0.188016005411856,3616.06183099314,1,1
174,0,-0.0191294074844651,2.3095743065367,0.782099668610481,0.96621480646591,2.06596108607729,0.10512194175427,0.0460437400623089,0.070685520702993,0.109372800887248,0.185004002805594,3593.49423164814,1,1
175,0,0.173860996814361,2.3615623164814,0.660877341322243,0.758209111843358,2.44694975404179,0.0762961952087978,0.0430760465363214,0.0680148414915772,0.118919964420551,0.204984493566589,3552.82862041736,1,1
176,0,-0.00598561056917319,2.36248748046054,0.735643135967446,1.05963817048002,1.86110677167769,0.107526585489488,0.0462672953884627,0.0714421358860675,0.111490042471627,0.18676601149829,3631.98985133027,1,1
177,0,-0.0812770177786135,2.27295914638381,0.799660082673271,0.9919789340462,1.98614709624651,0.11140420967708,0.0469974015876307,0.0725328086675728,0.111197954470996,0.188902364016628,3590.98756491677,1,1
178,0,-0.118976968657176,2.33736352726016,0.760275252425236,1.15951093340746,1.73616371220017,0.114314015811253,0.0460284443253046,0.0713974792196897,0.106029568227877,0.17792663773118,3622.51198864859,1,1
179,0,-0.0979097283010991,2.34863380821108,0.754107363225855,0.974179538207717,2.081199506265,0.105081983880163,0.046103991978591,0.070457688118393,0.115744169135562,0.184172058817801,3659.18588537199,1,1
180,0,0.0499647712298653,2.25380526157135,0.836903126421146,0.836389804144197,2.16094331676951,0.0941053373472417,0.0446392042783312,0.06865539993653,0.117698248468411,0.196001236717617,3564.53967356185,1,1
181,0,0.173942453729811,2.35617850555595,0.732761261675417,1.02116507614582,2.10877149709967,0.0756989280661075,0.0458207758350797,0.0737324174833045,0.118981106334244,0.19134432900904,3636.20429640654,1,1
182,0,0.135131277303584,2.4045114495082,0.674268579262323,1.14572258135285,1.80793236735832,0.0853968336753808,0.0444142400857731,0.0697841517029046,0.112530872811186,0.185972907857129,3640.94519097085,1,1
183,0,0.103355305945373,2.37065908305824,0.691652786890885,0.920165424900064,2.1918389644402,0.0865802076522764,0.0453281544526861,0.0720237684361718,0.118096146600027,0.200651305376655,3602.64026976275,1,1
184,0,0.0246221092167115,2.34606528066983,0.67351760585042,0.885221354144524,2.0740635129253,0.102787002405908,0.0444986331859883,0.0693945462120684,0.118692032289875,0.19246737457841,3601.94811272863,1,1
185,0,0.071931412435275,2.2101222311927,0.890696645061721,0.905496394103884,2.23245574597904,0.0861038671647646,0.0476389649210074,0.0725661118954075,0.119033811802384,0.201082544203131,3555.01035086748,1,1
186,0,-0.0214567612278099,2.39503899336634,0.683887973475206,0.845976728411557,2.38160480678964,0.0970614050952344,0.0459208927736727,0.0716618706259151,0.112471920402851,0.187218280049892,3620.108309763,1,1
187,0,0.0790356641233323,2.27348055117305,0.818174459415684,0.851600467456153,2.21989153992612,0.0928540330701435,0.0456588991931132,0.0698958323790528,0.114841740396471,0.193114325217121,3569.38884426934,1,1
188,0,0.0452706413566258,2.3720522483932,0.730863612115955,1.17508389348692,1.75593740903128,0.0995677487640046,0.0452907003779322,0.0703531093567834,0.107861958599948,0.188243803979136,3625.26702122149,1,1
189,0,0.00485956341676437,2.22346305972976,0.909909760391341,0.95242338798398,2.07971652628239,0.0953041434973089,0.0475460949467104,0.0717709579803627,0.115581187714839,0.191390302080368,3592.51509312096,1,1
190,0,-0.162338532845952,2.33033331158406,0.784417571367851,1.01554515453687,1.98028576252219,0.117068175342016,0.0471045659942973,0.0722597204199351,0.111925586609018,0.177209075465939,3652.3715083842,1,1
191,0,0.0631801481545248,2.31849923905427,0.750059518729396,0.990920173671045,2.03048901844229,0.0919903738895491,0.0451813013165169,0.0721343263590585,0.118954957598016,0.198131812019715,3593.37526999392,1,1
192,0,-0.0327342118526509,2.2414879471474,0.865405657242254,0.842062310779458,2.09061514544331,0.111518969233835,0.0465774942950656,0.0709782336383641,0.120204269727732,0.198291072967934,3580.76799060781,1,1
193,0,-0.138482356511934,2.35393748643435,0.794023736041996,0.994744784861884,2.08979336184033,0.108512542494193,0.0469845198889322,0.0734253436774007,0.11146270173845,0.186917384096681,3646.44967612076,1,1
194,0,-0.0114400036011377,2.34911253377173,0.712998871372664,0.829636906892968,2.22242445560583,0.101784498296014,0.0438928767886846,0.0705146878242604,0.116414600035716,0.192383868810166,3588.18317957352,1,1
195,0,0.0713066477081578,2.30143150715636,0.731891713235453,0.831863875094981,2.36982025248814,0.0911455363090363,0.0450745861778794,0.0708019242162125,0.115524432660353,0.202652865122979,3542.78389733537,1,1
196,0,-0.0887584442104475,2.32548176180364,0.723146599776048,0.976471778251255,1.89321581279135,0.119183453115746,0.0450756171292747,0.0696585306271107,0.109535252099042,0.178916671900012,3588.20451361354,1,1
197,0,0.0574734833874061,2.29449332392775,0.809130966048106,0.927191009618131,2.05178862940248,0.094522361695597,0.0439329167414311,0.067582550580282,0.115442566412349,0.196846644844617,3580.38725375805,1,1
198,0,0.00241381563173314,2.26670090106584,0.783801452008537,0.983191234996868,1.78862617146208,0.108056328279056,0.0447487171887589,0.0696509068823198,0.115553167703067,0.19355087051598,3550.30404965555,1,1
199,0,0.0261212653080709,2.35310338273077,0.701792281194345,0.95877964031834,2.25199396426909,0.0915978170668949,0.0459521221455665,0.0725111299316392,0.111800241407528,0.190705918422341,3598.9967875864,1,1
200,0,0.000472503363050664,2.22827938313466,0.951877760903854,0.865186628965252,2.32571222072422,0.0967027930753722,0.0474302271299998,0.0741643924230051,0.113019377553631,0.197328328246196,3575.66941696392,1,1
201,0,-0.00347822343769305,2.26056398344287,0.844896342681334,1.13992656542225,1.76041736288639,0.102615134295941,0.047022692133746,0.0721985935108485,0.113050050705038,0.186367881613986,3601.28549356456,1,1
202,0,-0.0415124602447912,2.22004392973584,0.88776593627455,0.793191184230935,2.32311758542552,0.0982407183734307,0.0453702711065082,0.0686565854497989,0.115342924953387,0.191783358436594,3559.07499171857,1,1
203,0,0.0336746254258153,2.2437706673059,0.807048202014191,0.807015559971515,2.21313251426717,0.101198132550422,0.046199348426882,0.0707673122383712,0.118791031601984,0.201736593552028,3538.92586319062,1,1
204,0,-0.116533194892508,2.24918424427154,0.845507303382526,0.963906410010772,1.96511736922245,0.112535712056831,0.0476612534160541,0.0740180682606261,0.113483990479201,0.184479095971545,3583.27470831022,1,1
205,0,0.0671759833355168,2.38986885229001,0.681071573603988,1.03688674755951,1.93971895820032,0.0913931323039622,0.0448769580110866,0.069933722844392,0.112854256853014,0.186924104478038,3627.44738207974,1,1
206,0,0.0361388303334426,2.3377230601076,0.735745548450083,1.18573538164012,1.75306726998872,0.0933418690889164,0.0466856251587288,0.0733827244301707,0.113533138240951,0.183971094902729,3631.23435432413,1,1
207,0,0.0640409959416309,2.27629882180704,0.836435250752553,1.0717491658017,1.9396147612618,0.0910898062963768,0.0462159341044462,0.07114370468459,0.108213330985193,0.183739820213739,3588.86053032571,1,1
208,0,0.0870940357181062,2.35800327283566,0.771409085169586,1.04703992282723,2.03841404781044,0.093508578623671,0.0455523464222932,0.0702568904926356,0.11206924447741,0.19028165814275,3639.93705310882,1,1
209,0,-0.0703036455794486,2.35992128708694,0.660882263070784,0.989847846967602,1.83534473214392,0.123099344529507,0.0439942875692047,0.0700023455393061,0.114380275900389,0.192587848112354,3595.21496441036,1,1
210,0,-0.0628256753521752,2.43552161198117,0.647184782926676,1.29290399266765,1.50679895430748,0.116537946812294,0.0466018051231838,0.0728349379500514,0.108061954748358,0.176112355654616,3689.48886144215,1,1
211,0,-0.13086541178281,2.33044115275523,0.767192043022845,1.12501587083254,1.67084008959167,0.126893470235,0.0460290100956265,0.0725509357268208,0.110492267112399,0.182821929631059,3616.7149781793,1,1
212,0,0.0869841011405915,2.36324572829292,0.687082182243088,1.15433863775107,1.91593126949305,0.0854015903130706,0.0472964232074951,0.073649885376565,0.113843046880002,0.193984692672537,3628.06681371719,1,1
213,0,0.0348677057778076,2.3092871122708,0.773323815931574,1.0674458334076,1.78061919618305,0.106028281822673,0.0457945432520823,0.0704812007893701,0.112106594434286,0.189801569177168,3592.73689339433,1,1
214,0,-0.269881296653205,2.23371438652772,0.89026320993526,1.0465745606975,1.75130250200067,0.138591306331442,0.0486742943056702,0.0762307251569887,0.11305975059208,0.183286953394308,3594.26524423531,1,1
215,0,-0.12766413919034,2.33900827271685,0.729432759163359,1.05668918327901,1.80150346734724,0.127337797048538,0.0454406617541399,0.0715748640078798,0.107752022964699,0.179865842909672,3603.76740131067,1,1
216,0,-0.0194950848019748,2.23796061954153,0.909404410389032,0.921372953511496,2.17521086453431,0.101228552139965,0.0459676809935573,0.0700282285325213,0.114103292795879,0.187358214099199,3598.34638136533,1,1
217,0,0.205182496287201,2.27570424911644,0.822158825021001,0.975001333099152,2.20773556876393,0.0718656610181758,0.0469802701326653,0.0723893762278715,0.117102212034407,0.196053269971163,3580.2464689174,1,1
218,0,0.0205056315725937,2.34564802635821,0.76241579795772,0.904838531378346,2.27225389768927,0.093108797146897,0.0453471486485482,0.0713903236131455,0.115817752718988,0.198318475703659,3607.78026502703,1,1
219,0,0.00482119257207558,2.3511606534068,0.789103442204543,1.15963541675536,1.78990670207477,0.110346418957138,0.0453589276960176,0.0722104163436345,0.106938684647064,0.183267584644532,3635.857938597,1,1
220,0,0.194132645782103,2.20106649224643,0.987107874295573,0.989793310573694,2.17511704771941,0.0726152857588755,0.0500994782501737,0.0743719032431535,0.119426011842934,0.198420768918248,3630.72059528168,1,1
221,0,0.0569420215766974,2.35342305009417,0.739381413870287,0.921749693882903,2.27040908043641,0.0949939926555875,0.0450023417200166,0.0713665512731828,0.112444829235458,0.194377151383214,3603.80624264868,1,1
222,0,-0.0953609643249295,2.32579016713396,0.835746582490533,1.07448514807435,1.87056394280941,0.113752949514335,0.0465300857551114,0.0728118425160482,0.107769584948023,0.187221671085272,3621.37864065962,1,1
223,0,0.0128930816688409,2.25820684575016,0.86299271710715,1.12653280279839,1.62386505268752,0.102185868221879,0.0472269301789401,0.071986372959039,0.114010909895789,0.191307804794349,3596.84264773756,1,1
224,0,0.018520321972987,2.20909208748888,0.962269229134096,1.01614526375113,2.02738106537434,0.0997993968358753,0.0471153802625269,0.0723332963412037,0.11553070397763,0.203535694694514,3575.17893826847,1,1
225,0,0.17133413350714,2.27902437570171,0.919022714860684,1.00467717627386,2.0268932949419,0.0841648364815564,0.0447266362800653,0.06951608638007,0.116102468806038,0.19591334244249,3611.1714487848,1,1
226,0,-0.000460890793779399,2.26027059717771,0.885190335366494,0.910385345312787,2.25921511753626,0.0939941478642614,0.0476989777564971,0.0726221503237392,0.114566640451324,0.202226274871613,3586.28089831846,1,1
227,0,-0.0334337622833231,2.27835104476604,0.796702935520128,0.846661819081718,2.14816959644281,0.104869905451608,0.0439572433149274,0.0697916925766131,0.115674922861964,0.190997853265959,3563.91560126536,1,1
228,0,-0.186509804282866,2.24668044891695,0.88627369817356,0.847168764218707,1.9405808957451,0.142859763075699,0.0445046595065004,0.0689288642738281,0.114033324098588,0.193102005496593,3562.33630251659,1,1
229,0,0.0526838388978345,2.28825343240921,0.824771064079027,0.661614833449327,2.40584621622981,0.100142109349484,0.0427905899190753,0.0677251479783455,0.12255964346494,0.193888070900312,3579.68198825365,1,1
230,0,-0.0370339146691044,2.29195645540258,0.841222995764693,0.98706363095816,2.06279653384251,0.103101802987881,0.0472077448641968,0.0754559295647087,0.11118787503737,0.190531355776438,3595.87377638653,1,1
231,0,-0.157560103280849,2.30812432734836,0.843378037719474,0.763535868956365,2.27623078030943,0.126234441653064,0.0435124729387528,0.0671076948134846,0.111635548494136,0.19006261149696,3573.22347678748,1,1
232,0,-0.0421881964159482,2.28517957528446,0.808277620502539,0.882666287915997,2.12326491941998,0.10450836669723,0.0466395235277074,0.0710722847596005,0.118935630681786,0.1928519101664,3610.43522916903,1,1
233,0,-0.0344238642868722,2.2559621628381,0.84823674066472,0.979253117689275,2.06010009143594,0.0973692521791683,0.0484801980905202,0.0743737160125068,0.112956590543507,0.181449629745536,3621.06440960003,1,1
234,0,0.0628901393015579,2.30405880554099,0.800950474018989,0.837545460187398,2.37403342805406,0.0895636438855698,0.0457218347154135,0.0721017076333638,0.11635289833829,0.193869585222211,3598.8181992401,1,1
235,0,-0.0357903090792814,2.31083085067115,0.855861221337002,0.982392533016869,1.94925944803271,0.102852498358274,0.0452065899832898,0.0703251882944583,0.116138506978726,0.184899814579566,3643.47424506748,1,1
236,0,-0.0121521684107297,2.35845495026854,0.72568774132769,1.00712433142323,1.88050739973663,0.113033159442395,0.046057369499318,0.0710140942585848,0.11422373826127,0.201012192070908,3608.79022244752,1,1
237,0,-0.0178658429847807,2.29244423780936,0.807236546496714,0.951315291126912,1.97516178445555,0.102182086067034,0.0448981485407429,0.0695266421197973,0.115189023856741,0.180928010648387,3612.41886627781,1,1
238,0,-0.0838915013836916,2.29826964411629,0.826378779511216,0.868156013267904,2.14906453066829,0.108657484324901,0.0452289322391377,0.0701818571337117,0.111238656905338,0.186979129560717,3585.05128988532,1,1
239,0,0.0347148673137588,2.35051666969543,0.701081255264953,1.03625302666631,1.81658976705021,0.101014555962743,0.0458366442601096,0.072065138704819,0.117719290979752,0.194449044939986,3602.98999718024,1,1
240,0,-0.108332669193268,2.23344049738932,0.903288693362343,0.995845887682717,1.78433560592753,0.125899630504785,0.0451801605606847,0.0709869317523743,0.111902887304585,0.189256901565907,3567.49498925176,1,1
241,0,-0.304177497321428,2.2881194333143,0.8195296507287,0.931451828412073,1.97924436456822,0.142335823044387,0.0474093282061873,0.0739621565282592,0.111966863713138,0.193399991837587,3573.21116944086,1,1
242,0,0.0957961538669768,2.29074862225199,0.746914442198865,0.797991938498983,2.12110717718811,0.0912780388088133,0.0461043878518396,0.0709035798832087,0.121602952191544,0.201423062241972,3553.4739939594,1,1
243,0,-0.0982780244680457,2.31333216520701,0.69554217807856,1.12039712449687,1.72644439581132,0.113210203279685,0.0466323061465132,0.0736411611416425,0.107486843587893,0.18885166045626,3563.46157769423,1,1
244,0,-0.0167466624836043,2.30203674755582,0.83421580211802,0.783648520337975,2.23602991888251,0.109048109517436,0.0443531886583658,0.0682289682734903,0.117033892355754,0.199574157013059,3582.33730229002,1,1
245,0,0.0472018887043165,2.26054389782344,0.874439551956676,0.957723767055863,2.03186424456679,0.0908718859427277,0.0464646482473443,0.0715769877912405,0.115525288924143,0.188755234859761,3603.02333820169,1,1
246,0,0.0533476394707847,2.36079993747803,0.74485861636587,1.13296768665507,1.91890214476476,0.0870711261588737,0.0465640071047253,0.0724152410310497,0.116226677936497,0.190480666085128,3655.73000642941,1,1
247,0,-0.0027257097463204,2.30302536515732,0.84774594085591,1.05387251706928,1.93296472505759,0.0989657262282835,0.0468882324720317,0.0730540073560013,0.113778297532432,0.19157999277162,3620.05276950395,1,1
248,0,0.131720596182167,2.3218086441746,0.81109702118688,1.05020255320173,2.02858703535158,0.0857044228227325,0.0457894076886413,0.0709352058058648,0.112828512070005,0.194422013761235,3603.31926527824,1,1
249,0,-0.0339010693294988,2.34382352450967,0.782017162470114,0.932268198052372,2.17845661545967,0.105002356195113,0.04523536310908,0.0698426909774822,0.11625650581411,0.192630836897299,3636.55256425875,1,1
250,0,0.0541322047904194,2.30631005160561,0.818105421177669,0.968261968906386,2.06740773825695,0.0947606205143398,0.0460561504174664,0.0715057911828393,0.114559688368149,0.187966510872436,3612.40767249654,1,1
251,0,0.0639942487324775,2.27291474054611,0.842918697730967,1.0015826659483,2.00330948383845,0.0938705264157137,0.0469119493021128,0.0731473454751593,0.115940472515093,0.187701054713947,3614.76592053908,1,1
252,0,0.127742168112112,2.31738552985785,0.846708023016397,1.10467274032917,1.89561264792775,0.0844662602681558,0.047049886742431,0.0716719547239623,0.117520514466574,0.195923772473485,3653.15875904217,1,1
253,0,-0.243861677228451,2.3242201517753,0.725520607238831,1.03869675788507,1.88519663894396,0.136067634921305,0.0455212086903016,0.0723175255339703,0.111957050524523,0.188590024700237,3601.48330334261,1,1
254,0,-0.0150347231237499,2.20006845292054,1.00680184325682,1.02789661344071,2.093134240397,0.0969151432221887,0.0484667500020865,0.0718230815201285,0.111069118417569,0.192293245843278,3596.51295089323,1,1
255,0,0.0125769131694635,2.42456323197076,0.655418592822856,0.882384252222344,2.22544751693232,0.0981904670866319,0.0445901842233232,0.0684891527169075,0.114422164672569,0.195672488757846,3628.26176716555,1,1
256,0,0.169182431128622,2.27802651996095,0.870591387326169,0.830289896295223,2.31711451248988,0.0782451605517976,0.0459317002430278,0.0707132883133552,0.123179902184832,0.206371360493655,3597.71672745868,1,1
257,0,0.0813987774982845,2.323620342404,0.735104091477493,1.01408444700118,1.966173592589,0.0954947128076933,0.046193288781737,0.0714182621719022,0.114861222548523,0.200033222786725,3588.32195428399,1,1
258,0,-0.101180415970853,2.28421909392441,0.802215683584538,0.869154497543913,2.16405150745933,0.10993891201204,0.0465461458292194,0.0731703167585649,0.113857913812712,0.197444035392088,3561.63983497778,1,1
259,0,-0.112916407594664,2.31420668948836,0.765872209889949,1.01599115832753,1.88530349630624,0.119769087250598,0.0463565020561982,0.0720167094330008,0.108445384689054,0.191587059487354,3567.17801280367,1,1
260,0,-0.180897705185466,2.33314329718646,0.805273902624879,1.08892931079094,1.96507401309978,0.115843018613642,0.0476648614462004,0.0722935458948876,0.107814631643406,0.182329628680978,3653.1456300764,1,1
261,0,0.094188907654391,2.27786856521337,0.872251133926976,1.08089545108544,2.04003018980007,0.0890095821144017,0.0476874853647953,0.073293674349504,0.112405268107277,0.200928621157168,3604.56660720664,1,1
262,0,-0.0503026877230548,2.3184948233614,0.813699044751672,1.09566868714958,1.86547173574534,0.113143285769584,0.0463647319582684,0.069635885057763,0.113487054171225,0.184780168821291,3656.61718816001,1,1
263,0,0.100889688375988,2.32764895785455,0.79393578018607,0.896450307753443,2.49613782073633,0.0805015619273608,0.0472311587708013,0.0753893703412895,0.116840787182942,0.205670181190386,3610.59297428232,1,1
264,0,0.225938438825451,2.25718329061925,0.829359359804819,1.00151315014544,1.97414451261046,0.0789864574102827,0.0456803160672241,0.0715185356672329,0.118805679946123,0.210815038700242,3540.2790567648,1,1
265,0,-0.00736660413797721,2.28189282970972,0.824776699881791,1.05309768797872,1.8565194884825,0.104042760744848,0.0450309274289672,0.0706489565056769,0.113227866249466,0.187577643516167,3586.87102289752,1,1
266,0,0.0282480789433937,2.33477968068184,0.755299645800181,1.06603441941107,1.99104063984919,0.090563458708702,0.0458201851997371,0.0704111791646855,0.111657004257206,0.191618732891959,3606.24497938147,1,1
267,0,-0.173038088116048,2.36338570725538,0.731267490597207,0.96502865298648,1.89001215592634,0.126178186197105,0.0450455361898085,0.0698739906012516,0.111869888247591,0.181656468911419,3630.96568566411,1,1
268,0,-0.0315975914285935,2.3809705378966,0.674162374922487,1.12221554287402,1.72495954767976,0.10715381380056,0.0456228019406748,0.072645664663367,0.11530173049715,0.182263776449451,3646.72932595962,1,1
269,0,0.0350503614507023,2.27733800517988,0.870002420474187,1.1113300662083,1.76717811647028,0.10147740417748,0.0474267697848581,0.0744051914442572,0.115688661944682,0.187733410788157,3624.80601481043,1,1
270,0,0.0961861575537526,2.32062615016711,0.752996949429331,0.813746407500019,2.38309200293144,0.0889864387172371,0.0441316728091769,0.0687060799035351,0.117685629899655,0.209662048840293,3559.43642498445,1,1
271,0,-0.0196810394460416,2.26052800395341,0.861005005234756,0.957144132086373,2.13023428153251,0.0978397536846548,0.0484905030566736,0.0738707996592919,0.115412663890093,0.192849081341819,3605.42922137464,1,1
272,0,0.103757906864332,2.2739950023235,0.862622814793929,1.11761857214655,1.79278080299262,0.0917651041151912,0.0462369262684055,0.0720187206612744,0.115484352453131,0.187354191373403,3615.20238482407,1,1
273,0,-0.0395684973239611,2.3364256884405,0.709798901104606,1.04711021214051,1.90643571802458,0.106353838230888,0.0486500580161247,0.0755338811938224,0.114625924834043,0.19259871456172,3620.71510251517,1,1
274,0,0.0668496557156973,2.35627876752843,0.682168456496664,0.945951261129555,2.12765993242629,0.0872581582723789,0.04565599256208,0.0708361602428564,0.114851600098732,0.196169327359689,3595.08255814359,1,1
275,0,-0.0653588654965516,2.27066191454649,0.879627757528801,1.25014282371903,1.58837847164307,0.107487830723952,0.0487292658950496,0.0754241264023776,0.107460560049286,0.177525463231036,3630.72186912012,1,1
276,0,-0.242958125680827,2.27317959980716,0.82984108266119,1.04334593006549,1.90948277438511,0.13011940331355,0.0486068834692996,0.0733143587909998,0.106923135530485,0.181953809245311,3594.04251123873,1,1
277,0,0.0697272970524991,2.3754672461337,0.653594396747002,0.76918665945235,2.34375034359293,0.0941379248720648,0.0426960817527123,0.0685688649026108,0.118406712818287,0.195673969616745,3580.79362964821,1,1
278,0,0.00939239399015759,2.22474968477777,0.884774979730224,0.786495797516796,2.24252177436052,0.100196881185857,0.0443803041640086,0.0694888007435481,0.1178944272357,0.19807030585775,3532.48174509316,1,1
279,0,0.0566191759628429,2.26724133705661,0.814964159587674,0.717471078679142,2.42221495511092,0.0916450064222666,0.045683174976566,0.0693900418098653,0.121616135400473,0.198756274365502,3569.35242807181,1,1
280,0,0.0235790342811587,2.35455356850722,0.700210557334404,1.0947201629819,1.85796175756192,0.0971515517048332,0.0457325643144954,0.0739966000830354,0.114995537729232,0.185787562816755,3619.83852316352,1,1
281,0,0.00346699931505301,2.3372840035326,0.77038171943808,0.980939745291795,2.03982278552639,0.0972359228992341,0.0453298222003174,0.0704329623788272,0.113601260389095,0.186412698242337,3621.68481646283,1,1
282,0,0.0361576940651342,2.32580245550145,0.775912219401849,0.906409162351943,2.02587451806686,0.0999791948257978,0.0440271306223487,0.0684424711599927,0.112243091018053,0.192682093227479,3584.54387411802,1,1
283,0,-0.152227060041318,2.20939748587959,0.944950660943094,1.00561003679741,1.88309988433582,0.124808945417429,0.046771173319519,0.0722674235714207,0.111408675510729,0.183447280601649,3597.6705333579,1,1
284,0,-0.00464238808963293,2.31335551717183,0.70447490737233,0.886831294152264,1.92204804054334,0.113178358268187,0.0449836606952174,0.0689159943561354,0.11414651192395,0.194298960062922,3551.34577340647,1,1
285,0,-0.0119167330206037,2.25226718407148,0.899589508060837,0.883099710985486,2.09571625877419,0.11082550583394,0.0460957514618415,0.0717821559484027,0.115697833156058,0.200137158805163,3572.69375598432,1,1
286,0,-0.0529248598396943,2.27683814798188,0.872852730609268,0.914969409238409,2.02295776115522,0.112740906418504,0.0445227109138825,0.0707417309490818,0.118614163991525,0.190788669957304,3604.71036288362,1,1
287,0,-0.0178888893456569,2.27033553206381,0.856434240703906,0.988050735402212,2.03380961022163,0.0962226526565221,0.0457280202294893,0.0703136769191687,0.112748848952223,0.185461330506302,3611.63378112676,1,1
288,0,0.0897175111229499,2.31734627238519,0.723818781737923,0.895003851686487,2.12676485223403,0.0871790512460797,0.0450786708286278,0.0706495303617361,0.117670318348837,0.194117406564193,3575.53301412658,1,1
289,0,0.218210802054872,2.26632966530606,0.883194660397682,1.05070099929729,2.13306729178886,0.070217311823538,0.0471193165468368,0.0726538013769767,0.116163269700082,0.205053711910501,3586.94724945712,1,1
290,0,-0.0365103830635251,2.31726190906474,0.816339708353228,0.969195453839888,2.05575042605607,0.107355135957188,0.0473903932707721,0.0711282576561809,0.114811330490822,0.19186985781699,3635.48292963636,1,1
291,0,0.000852966347063853,2.38926131996165,0.680074549251391,1.23078672088451,1.65307545294393,0.0973373560439312,0.0465667806523539,0.0718362095725091,0.11063393255928,0.17962683801508,3664.52023272119,1,1
292,0,-0.135756255793095,2.21722312319739,0.956091935607559,0.993771488503189,1.94443894602816,0.115708179102202,0.0474282788262445,0.0734694543249909,0.112718922752027,0.1877150561754,3594.34710658015,1,1
293,0,-0.1064844731852,2.28070452722252,0.829620894018023,0.965615530122787,1.93132678240139,0.12337363531998,0.0463335482610109,0.070976604608825,0.112450621503368,0.197132342223941,3578.57882511336,1,1
294,0,-0.0426548515777978,2.36535667373817,0.712296665726643,1.02562664296726,1.95552136418619,0.109082790094014,0.0448206911272504,0.0700875302016357,0.111316954922682,0.183356833938799,3623.97343965902,1,1
295,0,0.0749707351613158,2.30713669337531,0.850872834047934,0.975476994377716,2.14601978067711,0.0895266253743795,0.0458841970361696,0.0706335761959434,0.113612347527136,0.191208821868201,3619.70340941396,1,1
296,0,-0.0718670515145291,2.39112429836218,0.713480688931528,1.07698978094048,1.88663765141778,0.110733548941793,0.0459148715273745,0.0711648179977528,0.110137639551043,0.185510760353696,3646.08396192584,1,1
297,0,0.0632123949102699,2.31375303230018,0.749078258864589,1.12877975628277,1.86431295370723,0.0900659671149621,0.0464098105505352,0.0733094538854562,0.11580371270309,0.192636872303129,3612.63240708498,1,1
298,0,-0.0254467465883617,2.25822640597211,0.916869772106825,0.797642106360107,2.33809344298372,0.0970954733812258,0.0452965477562017,0.0704669962687055,0.117638218787413,0.199229028833189,3591.41967305893,1,1
299,0,-0.14881705591758,2.35279628855772,0.753101890240377,1.20343286883485,1.57727162722392,0.12825994002269,0.0471438929004856,0.0735160825914902,0.108799337296233,0.188985798393305,3632.86447863369,1,1
300,0,-0.113393289981636,2.31875546789988,0.86496416835173,0.865499914615958,2.19866630437091,0.111842954191949,0.0448018321880297,0.0691186755438027,0.114678683156462,0.187648683451584,3643.79632800375,1,1
301,0,0.0113608629394901,2.32419628740512,0.764965929119522,1.13409865142299,1.88626114984937,0.0930383412849608,0.0478911301513935,0.0725349359630371,0.112193658034692,0.190216845481115,3624.90054314982,1,1
302,0,-0.0638876119818267,2.24259307710696,0.851885676415724,1.02457995218438,2.00147915821754,0.103454018842558,0.0480443340755383,0.0739329788942091,0.112012203161285,0.190544834523739,3579.04800674091,1,1
303,0,-0.131621325882807,2.35454051559327,0.751201896839936,1.12926385979307,1.83981992009313,0.108709366127207,0.0486473148128917,0.0743481343965425,0.111424537466271,0.186230421797345,3650.0783135534,1,1
304,0,-0.186930647221601,2.28864162077222,0.790891000792984,0.923793701213256,1.8681087042702,0.143645116059565,0.0461195623333995,0.0720573017373487,0.113007567759527,0.192503214811746,3561.47498070287,1,1
305,0,-0.0675674203540373,2.31881052547573,0.784398665204715,1.06444687663378,1.9162186545105,0.10871327762452,0.0469339962569413,0.0709379429224665,0.110669098322623,0.184121773210028,3619.76413312278,1,1
306,0,-0.0161998320415387,2.28887294408437,0.896774150805678,0.822795117507105,2.36198566436886,0.105174511157943,0.0448363156245393,0.0705890944237021,0.110609536985443,0.198166331224903,3578.58943500514,1,1
307,0,-0.099265824876675,2.42058341103497,0.641960069482919,1.07138681881223,1.84434644739452,0.118547392883044,0.0459365646905079,0.072660376876215,0.112311128992054,0.197404324460509,3630.89073361657,1,1
308,0,0.0458620143685345,2.24610665539254,0.857311235743482,0.978325888657187,2.09262658274204,0.0892456142435715,0.0472748393670877,0.0737197952052876,0.114155787624069,0.190643293628525,3577.39108750407,1,1
309,0,0.0566590825623476,2.32312272978012,0.793257125882465,1.00122012036708,2.02071042611234,0.0910410212042184,0.0444852784319574,0.0691695081318574,0.114522351019636,0.193561879114059,3603.4167605281,1,1
310,0,-0.0653280359489199,2.34349222905848,0.753421801216577,0.931738523612796,2.11557642753885,0.114527880943831,0.0437042007761982,0.0694978019839268,0.104766902387279,0.189833334473995,3562.61759087773,1,1
311,0,0.051557738048202,2.32354025393867,0.805772505968489,1.06858864828967,1.95976523069457,0.0879412792598622,0.0466352697189205,0.0730345616908253,0.116305236577204,0.188305392583459,3644.39510442682,1,1
312,0,-0.221256505973115,2.23307441731231,0.909145537643257,0.931450881821207,2.06765772184387,0.124770419555175,0.0469987993772293,0.0730460601828606,0.106068936902321,0.183050882774821,3557.52606973666,1,1
313,0,-0.125514531578704,2.33974276748362,0.771338795054177,1.10456062737701,1.78778483252995,0.114625543830049,0.0458469846400272,0.0721946333036409,0.107652497539366,0.181420261256155,3625.14571511369,1,1
314,0,0.176369346672974,2.30119595031025,0.792443175582058,0.948775261716586,2.34305107309505,0.074737233906141,0.0473692827853587,0.0732878529738156,0.117016461932278,0.209371570753695,3581.33670937943,1,1
315,0,0.0448518119567399,2.27069270392141,0.873248133365373,0.980719015613532,2.09353601707068,0.0953346056044331,0.0469741394247547,0.0735019996995145,0.113127753869792,0.190350039638942,3605.9931447392,1,1
316,0,-0.142842044623957,2.3643842457823,0.688142152823651,1.00411733539755,1.9959409087398,0.120965049938802,0.0476989648416638,0.074412708420222,0.112985462343647,0.193163117571526,3592.41331283214,1,1
317,0,0.0437412632656748,2.31038097226805,0.845633288159334,0.914460629516667,2.28191072359856,0.0912261124157455,0.0454796772673167,0.0699104986950392,0.116948730103483,0.208496926153926,3604.57255482787,1,1
318,0,-0.0641894770133472,2.26203109498577,0.843569176158579,0.939024389812867,2.16340171015979,0.10213182263541,0.0476524494531752,0.0746495261289954,0.116282707991296,0.194229391607899,3588.83500132238,1,1
319,0,0.1259255596311,2.30848924862754,0.782139329500515,0.925078554529166,2.25355096351931,0.078895744734045,0.0462660599289093,0.0715184849570334,0.121448416801776,0.201519797465819,3613.86570189941,1,1
320,0,-0.00765756332248851,2.27709423242066,0.851377375103498,1.10389630592835,2.03498809280661,0.101021255152964,0.0489281719497717,0.0724618686923097,0.111246431346592,0.200181155454207,3620.44984338564,1,1
321,0,-0.1021837352747,2.35787047779612,0.717395209783701,0.962412305009358,2.15338111957315,0.108579833841684,0.0462029221529147,0.071205701001664,0.109900379531775,0.189046631553366,3606.183255147,1,1
322,0,-0.0366144630052892,2.25105474309388,0.805114487212728,0.929700775196394,2.03974246288569,0.108245156134831,0.0462275066195985,0.0711057731291781,0.114869092667146,0.198998871980549,3541.95656760044,1,1
323,0,0.0188677598372865,2.28625501038899,0.831613196845895,1.02242156860339,1.97207442497146,0.0974063238966282,0.0468875922800289,0.0709894941574569,0.114907945871654,0.194147282209838,3605.05018983841,1,1
324,0,-0.0747395311571359,2.38068052599366,0.708162329796137,1.05657310509951,1.86812493071257,0.116069466988763,0.0455129874665443,0.0709207020235159,0.107694329190739,0.184999984811084,3625.07270652865,1,1
325,0,-0.0708740283270674,2.32630883758269,0.794347443637199,0.986832952898371,2.1000518109,0.0994655708810739,0.048304549467601,0.0767140340945397,0.114333759271731,0.18828247367249,3626.64729826663,1,1
326,0,0.0181528598003255,2.25242494727172,0.814366515557691,0.917132911822896,2.13466402269832,0.0961184165975167,0.0477753921645046,0.0752099071507785,0.118198265378641,0.190771621597581,3582.96277349396,1,1
327,0,-0.0866063230706846,2.3073672848742,0.789056423199998,0.939799076062371,2.0999120213843,0.113583288663025,0.0452273156868903,0.0714229756044818,0.115099648374061,0.194182029284239,3602.09036683103,1,1
328,0,-0.165120624542875,2.35756962401956,0.741583984080991,0.852134792438479,2.08748146534512,0.126398967062932,0.0440852604684534,0.0687892767918621,0.116541239989456,0.185306505701943,3625.84501930262,1,1
329,0,-0.152158166614546,2.37047886905533,0.710632816755366,1.0476429436895,1.80619437026096,0.130695427165255,0.044640601025081,0.0706289747689656,0.106127973260615,0.176229519688158,3616.68547351425,1,1
330,0,-0.0483097316618569,2.41068447322063,0.688626015111632,1.22126347105368,1.78774472405711,0.104674482395349,0.0480763527481894,0.0750363858861714,0.111637184529618,0.191554363989411,3672.87106336911,1,1
331,0,0.21040628887376,2.29489296146711,0.779512582167717,0.892351192994131,2.29524343343637,0.0733644862780086,0.0454562734071375,0.070102267149614,0.119156845007889,0.202198172730912,3577.45155218907,1,1
332,0,-0.172275163146888,2.2860985078628,0.887045039644057,0.993565549971351,1.92625470760919,0.127958104099942,0.0469372529362493,0.0736577721882981,0.111648096431372,0.187295505094044,3621.05998238784,1,1
333,0,0.0578544805282541,2.35096516781483,0.769174303054383,1.00937120798969,2.07706607554041,0.0939902729308365,0.0458353453793676,0.0711064308483108,0.112983852977641,0.1950639933037,3615.7291290419,1,1
334,0,-0.124671373437547,2.32405846225213,0.749619052091844,0.940258323109931,2.14309917476741,0.113299693576754,0.0468219787227151,0.0726404379805769,0.110441507716206,0.180487003521549,3607.66098065983,1,1
335,0,-0.00324640978944728,2.30004211097584,0.842501331012327,0.984123266977197,2.05320251224702,0.101667656825931,0.0451731218750266,0.0706034545828196,0.112797696182709,0.193344874409556,3588.99503029038,1,1
336,0,-0.137863287707789,2.30555577780919,0.828405395585635,0.873197613739306,2.12589201882991,0.126491116362996,0.0442901602555587,0.0677308752561777,0.112609859655252,0.193604811119176,3591.81200966852,1,1
337,0,-0.0106269570297082,2.22680083695085,0.824254352066379,0.878016821722753,2.09374447445797,0.107736881855348,0.0461458738384727,0.0704631033695083,0.115015885621593,0.194453068147815,3529.9471942728,1,1
338,0,-0.0218880902148883,2.35468511322576,0.740918681279331,1.07153237538102,2.03382573443074,0.0911672468677929,0.0473051583159928,0.0737189851813039,0.112072617592302,0.182147703684226,3657.23175130651,1,1
339,0,-0.0225657339314945,2.2383316609701,0.917604239055642,0.751404791081608,2.27457985851159,0.101344178960077,0.043256528400077,0.066388777680881,0.117090448309845,0.199332648920968,3553.37039402043,1,1
340,0,-0.0918427553000653,2.29555715580188,0.775766552069842,0.989764289439795,1.82084527865306,0.112379116335192,0.044953804321744,0.0718313437077991,0.110705111860111,0.184016837359276,3570.99602098914,1,1
341,0,0.0130153288557746,2.28234115840128,0.83025391481525,1.0692167185556,1.85351040483189,0.101645078531744,0.0462687971715914,0.0708224194327896,0.111884043968625,0.184346626080921,3613.89417946954,1,1
342,0,-0.0216625588409505,2.28475212453893,0.806170019395484,1.09008001520339,1.76509624840251,0.11450918981716,0.0470587190509463,0.0730861602024729,0.113092488313574,0.193483037880851,3591.08995179106,1,1
343,0,0.0476720578189457,2.2513077570535,0.877718356560028,1.09857461437405,1.71075343463214,0.100753673391986,0.0485212299486516,0.0739975552651024,0.113306133587171,0.184427473130311,3606.25227987985,1,1
344,0,0.0163505959224643,2.29850215077191,0.793149394306869,0.830835272519171,2.33725548551243,0.0890658587225603,0.0444673190812307,0.0697679420500621,0.118895835185578,0.200204527856924,3585.41932791725,1,1
345,0,0.0889554626361364,2.27686856340072,0.875768367371799,0.882458535796955,2.13208618433668,0.0904206538466027,0.0441468467582207,0.0691846718951899,0.116599775745908,0.198548948813217,3576.10316275441,1,1
346,0,-0.223167235427984,2.30684704668509,0.7303509447123,0.999173149391947,1.85434433726959,0.131977304214672,0.0465260520825534,0.0719397272245878,0.106723904851779,0.182458589447181,3565.87408807501,1,1
347,0,0.00478174985279067,2.24519003522772,0.887343597809058,1.26347042999625,1.63776216021652,0.094896987862232,0.0493772218942805,0.07725050181628,0.107758485177786,0.177501151819069,3607.54356977908,1,1
348,0,0.0199753156169092,2.36371478807102,0.665222540860701,1.06156524586,1.97697964710906,0.0967901346027019,0.0453721775938091,0.0727264767270652,0.11350764555404,0.191216969903385,3601.08622074613,1,1
349,0,0.00922053729976038,2.30628570287161,0.823171118175179,1.0312767940461,1.81240371830222,0.102052123033205,0.044466184657991,0.0698888416980738,0.11440964140878,0.190751128856722,3604.806496339,1,1
350,0,0.0846251843413456,2.35898758435748,0.741037803483322,1.16773448155814,1.70828963399508,0.0916310580789689,0.0451599639501277,0.07170467869565,0.111517552653703,0.187047725690557,3617.68012755583,1,1
351,0,0.124390190935973,2.32631021545989,0.740207878263882,0.843062763139219,2.28571791522037,0.0881654610537219,0.0452279826508226,0.0703537245087917,0.11910918045935,0.204778793579151,3573.76588807996,1,1
352,0,-0.0160839081482776,2.22598478675856,0.89587331359337,1.1172968847512,1.85589917581142,0.104997510260039,0.0467445535474038,0.0718014160668574,0.111645050550841,0.192531671511905,3569.10872041476,1,1
353,0,-0.109087658825624,2.23348448252731,0.865599314259162,0.905018444824738,1.99906926396371,0.119160328843779,0.0469815122326963,0.0713092214444084,0.114883636380294,0.196043827821533,3545.68493115666,1,1
354,0,0.0808310915565046,2.28718600498509,0.829816935834545,0.934528706686367,2.02291946381423,0.0933116905088918,0.0458572052460766,0.0695699711250681,0.117952747662787,0.193993249513197,3600.64940764639,1,1
355,0,0.129033258563785,2.32306987504347,0.66026888114781,0.995305147969534,1.87994387018739,0.0903303729453709,0.044721504915905,0.0699288365576468,0.117007663285224,0.195928771165119,3560.66109546004,1,1
356,0,-0.191915550758192,2.30559197607672,0.779045231411543,0.923293339742252,1.96531195746643,0.130964389798224,0.0449759068864099,0.0695402705660062,0.109625040840101,0.181538525726876,3591.57209806706,1,1
357,0,0.0994892120810021,2.34197290758463,0.73288199260734,1.06659351105637,1.95231554270524,0.0913136812557878,0.045905559826342,0.0715621650493899,0.114487007643031,0.189400718912759,3611.64951440656,1,1
358,0,-0.0355720226980656,2.38528882548089,0.657423720172047,1.21766871604666,1.54105709787923,0.107131607307422,0.0473174478095903,0.0734913498934618,0.107384510003248,0.177470604817663,3639.51053568348,1,1
359,0,-0.0412037431122431,2.33591326610363,0.769502429107857,0.929304401841973,2.04262275190927,0.113050268341235,0.0460047529258475,0.0708280921869877,0.115100112660921,0.199441716735932,3602.71578862197,1,1
360,0,0.0427155078561008,2.2578240994824,0.920747084105406,1.07064361581403,1.99459276391251,0.0868760886176366,0.0488433373460108,0.0736215362832076,0.118300094857863,0.193985649284675,3633.65592142296,1,1
361,0,-0.194957016144268,2.29934719735742,0.842052060864489,0.927019927857712,1.95172821837902,0.127662050005304,0.0454858084614328,0.0709609405121456,0.112900339233609,0.185440202615678,3593.75497857835,1,1
362,0,0.028224352837764,2.21355280619693,0.891310099488505,1.09239402818957,1.70837101290534,0.0987608583273351,0.0478345024478086,0.0737769253909149,0.112486793075156,0.182350062775482,3574.24817643501,1,1
363,0,-0.148979800871696,2.37857530316271,0.665854331025731,1.17632974848162,1.85817856547794,0.104664790372561,0.0472345679499393,0.0740509075934288,0.109773509987356,0.177450352717308,3654.99815451326,1,1
364,0,0.0773437255048293,2.30539991849113,0.770267162644414,0.876485263725056,2.11729661063787,0.0930103532732419,0.045924655101529,0.0713558244281851,0.117204214514092,0.202630568924863,3572.03249371238,1,1
365,0,0.0721529203494942,2.27955655704218,0.856979078629487,1.32294561162598,1.62972732375951,0.0900772154533925,0.0490781899967249,0.0759638673031689,0.110880832118263,0.188732297423578,3632.61566212865,1,1
366,0,-0.0678823670397493,2.28798572216555,0.788714466154098,0.986839193041216,2.10272469971192,0.10101927327157,0.0467854038588186,0.0724120743782886,0.110708987062741,0.190354680176156,3577.51528180704,1,1
367,0,0.0788832330438837,2.21692408646717,0.877491076535196,0.980367156518513,1.98427771557487,0.0877351360743484,0.0464088929793611,0.0715650360421887,0.116383459322299,0.192962460701795,3555.59005360515,1,1
368,0,-0.0867202482031528,2.34997950383272,0.739377287098896,1.22341741235132,1.6106352338283,0.112099467873173,0.0469259131682972,0.074972627791137,0.111014382366407,0.179933511973115,3642.37901332985,1,1
369,0,0.0623653844751126,2.31481959660758,0.694166591980952,0.992178671155825,2.18979467102024,0.0849707786303942,0.0471788609817035,0.0727742300552366,0.112665708671642,0.19491197330705,3565.16634240155,1,1
370,0,-0.102619179743753,2.28423207530995,0.79859141036707,0.983615522153054,1.96305946529399,0.114213708266111,0.0468116221178492,0.0715858122840948,0.114188242539464,0.190152111715577,3595.73386020189,1,1
371,0,-0.049096890825634,2.44181954091385,0.640705632436892,1.02406928399506,2.070920984824,0.103611567681938,0.0450302236492506,0.0704435853462337,0.114386452928853,0.186917668219638,3690.15051360388,1,1
372,0,-0.171769985642727,2.27824859039654,0.908631720698891,1.08855119250972,1.80325519366391,0.132273700075748,0.0479658830287458,0.0735517939420094,0.106880931782742,0.182396839843739,3623.05549381321,1,1
373,0,-0.0120436933588683,2.29258696350957,0.809664380677211,0.922646510329224,2.08716550700037,0.103118810401989,0.0448965406558246,0.0690636162263221,0.116313139993395,0.194113731570639,3587.61692946704,1,1
374,0,0.109804705262336,2.28028939391417,0.815054955757381,0.753931560379745,2.39475360918328,0.0873385849425092,0.0451105085402537,0.0695631833002448,0.119790470193126,0.193645722372506,3592.34267273015,1,1
375,0,-0.110162348535762,2.26959343437083,0.789547117434602,0.93808140434728,1.9426203776452,0.119483847165665,0.0460875078408628,0.0711019080829721,0.110583846084834,0.180210432819769,3573.35752229103,1,1
376,0,0.147128156833054,2.34774297272702,0.681784554333061,1.06034326152699,1.92254446552091,0.0807639435266122,0.0467826337666461,0.0725902611200926,0.119967592136451,0.203831447895383,3597.83728673487,1,1
377,0,0.0156189235665834,2.36738557687558,0.756417149718076,1.06258220766075,1.86449295104683,0.0985021860337151,0.0456316956138817,0.0697572917467486,0.112562741050982,0.186060707121891,3644.88119410351,1,1
378,0,0.0521294331690581,2.28003425589621,0.813377401403192,0.953810143069233,1.99243344312112,0.0934287859213511,0.0464242575118423,0.0717307571123659,0.11664429284009,0.199050229488678,3578.40462380157,1,1
379,0,0.00714182747715378,2.37480555014345,0.605686913202164,0.894108967096485,2.14094922000057,0.0955506246495135,0.0423734282627778,0.0696513898587955,0.113948946143894,0.193276078032098,3560.73471957053,1,1
380,0,0.136768875264446,2.27849696848014,0.760794330207134,1.04750355866365,1.92426285861758,0.0820026960731959,0.045488194918667,0.0706104540061908,0.117260300279661,0.192862618331232,3572.06372924679,1,1
381,0,0.0630978319850426,2.36338719250778,0.68051317159224,0.778650661578929,2.38133520022658,0.0847552146407887,0.043931160291289,0.0710885749981179,0.122689287313395,0.199603294505675,3583.31091451781,1,1
382,0,0.0974053786607779,2.32052329961256,0.814382008746575,1.08801634452015,2.04048265424751,0.0816009953297256,0.046278275254896,0.0727117429012993,0.114226834538245,0.192062920980893,3630.63496543701,1,1
383,0,-0.0261878345340711,2.37594750618863,0.667224239466718,0.817619744680618,2.18948000760367,0.105513926389946,0.0441370464164531,0.0682390441534855,0.117001213282353,0.189985584941418,3601.52413177001,1,1
384,0,0.038870617119286,2.29075229809059,0.779535110781943,0.887987098281024,2.10230086026036,0.0980766549736113,0.0448786883058481,0.0703510252491757,0.115204119750786,0.197230469406767,3557.28507901217,1,1
385,0,0.0163091872198935,2.2183970328501,1.01211985504761,1.0378361078749,1.83640498810528,0.106372208795223,0.0467010509826488,0.0705675808853915,0.110899844012939,0.186823913721394,3599.06134076255,1,1
386,0,-0.0392047169229949,2.27975574597291,0.782781319101472,0.824719453468852,2.23629967572396,0.103560498766461,0.0450949466380339,0.0714284928567266,0.116624706934781,0.194491824830968,3548.11057341967,1,1
387,0,0.0123041107617768,2.31421553696911,0.751500375896135,0.92730327133626,2.04423586473177,0.102145813466907,0.0457749950689934,0.0696630344168013,0.11519073096375,0.197342447293276,3583.7892232073,1,1
388,0,-0.0585161866658445,2.34898796624432,0.684472891262041,0.866304557050942,2.15786689895536,0.109519453751502,0.0448185132340269,0.0700626547489035,0.11452246729578,0.199276001440937,3576.2374878095,1,1
389,0,-0.133639231171118,2.28150453447022,0.843371533955304,0.925862476617639,1.9879589081065,0.13207177780168,0.0479050008425305,0.0738156683112839,0.111427186716354,0.182549736328974,3595.57009996404,1,1
390,0,0.0927643778620223,2.28256157692583,0.804515370822051,1.17640056914774,1.69857554152784,0.0878427355023305,0.0465294553625681,0.0707341280306643,0.113748533774398,0.187790818734849,3610.79171134166,1,1
391,0,-0.11731154764283,2.12752665967994,0.978943150103611,0.938882900403304,1.95123836428899,0.113841453129525,0.0489245514032855,0.0750449266112022,0.111222748394469,0.180313158818857,3534.05081942446,1,1
392,0,0.0499409446785781,2.28162384149951,0.807953795859887,0.899780343611382,2.06949303981074,0.0974053642319884,0.0453748722159937,0.072011008792223,0.120047034764185,0.19627295303574,3577.43820048301,1,1
393,0,-0.120349818155204,2.28341822178031,0.773997629738467,0.932868677351786,1.85181408058867,0.124592575852468,0.045847266390856,0.0715120024292661,0.112452923986557,0.185437257717429,3568.80625414127,1,1
394,0,-0.0942143947363374,2.32246498846863,0.80045461204412,1.00732988863383,1.90619733502762,0.11814822968149,0.0461513280956675,0.0710111613112918,0.114012500553407,0.18739267156241,3631.22865886247,1,1
395,0,0.021148586703117,2.35557267762153,0.706003435164402,1.01917787574674,1.81853564217058,0.106541534796133,0.0461979889426198,0.0716071965766909,0.114716294418127,0.190884878919483,3596.08315147234,1,1
396,0,0.0564647028214433,2.32952790041122,0.734900953732614,0.87273986145167,2.1466097363342,0.0939643529117692,0.0437135399204233,0.0698120959932199,0.121224058355028,0.199273340135963,3600.85817416493,1,1
397,0,0.0229212734736323,2.25627083896627,0.932233599380024,1.22327415300407,1.74575946969568,0.0969460765675986,0.0492052909745636,0.0751477397275477,0.111938191860498,0.184974298847961,3651.52912535554,1,1
398,0,0.0840602586008501,2.39187473993083,0.688563116898785,0.918007428651436,2.2151950640103,0.087491996684784,0.0468361905602663,0.0723002121355567,0.121342389442376,0.201376352988378,3644.49749125862,1,1
399,0,0.127345608881401,2.24938920939611,0.868979132270919,1.12016157287165,1.97679881380077,0.0768072961899067,0.0490066648594546,0.0742690593008128,0.116974834218486,0.199148645127375,3597.78747667081,1,1
400,0,0.0229031290824051,2.28833603976556,0.82950471792822,0.790652291763564,2.33672386427781,0.0960352368308087,0.0444328446361721,0.0692680845925926,0.117426705441743,0.196553004546847,3589.12671571687,1,1
401,0,0.0360657194383508,2.33869990380246,0.772844382843702,1.00082161065564,2.05422049192814,0.0972736300271604,0.0444942467191291,0.070226910375391,0.113721375344714,0.202303020651536,3593.87260087817,1,1
402,0,0.0233627319734499,2.28095164383459,0.804837058653269,0.979908166896371,2.11006148807979,0.0966921684699688,0.0479216803920851,0.0740636052685194,0.113314344779718,0.202909335861156,3569.67626640269,1,1
403,0,0.0744687536459853,2.44184184885544,0.560563404871765,0.981961506293898,2.1236416778457,0.0886873842768513,0.0462144164624401,0.0732590239481219,0.116289438085324,0.193932244194623,3630.77447877154,1,1
404,0,-0.0209317367589946,2.27479408739675,0.834354629006027,0.996847281297828,1.96078216905142,0.10962987555763,0.0470506117584925,0.0726272664572425,0.113725321175043,0.193976858589756,3591.32084890915,1,1
405,0,-0.0716357876211607,2.2778255884867,0.84557366948761,0.901094336525813,2.06171251677606,0.116107929124094,0.0446268965742153,0.0706604146877551,0.114992481194161,0.204970406064805,3567.19237463973,1,1
406,0,-0.328611106343747,2.27940310235463,0.874908518323228,0.939079810137873,1.8880819789073,0.158211718644447,0.0453223808256654,0.0704445013014159,0.111911776778579,0.184846356644736,3601.51026809238,1,1
407,0,0.107289503177565,2.30687284480954,0.819500440797118,1.24494334635977,1.80878795288091,0.0799535351902823,0.0479743701075119,0.0749787455862607,0.119294946579801,0.193514679324264,3658.59621758679,1,1
408,0,-0.18061443603412,2.27876763500331,0.845238007389168,1.05697432474399,1.71606863429359,0.136659829199869,0.0472144736943374,0.073380692802622,0.108642058378523,0.183205962014631,3587.4884977531,1,1
409,0,0.0617309467065009,2.25132627160171,0.852955931983579,1.10565939294734,1.91743210230791,0.0941169901183751,0.0469012403995884,0.0722088284681389,0.110393953331063,0.192128376510782,3578.57689354712,1,1
410,0,-0.023330626728323,2.31714364369545,0.811428951587261,1.00107671082885,2.01278527624531,0.101414185967815,0.0457946676510261,0.0711860666681213,0.10994024483209,0.191473999031643,3601.35830676597,1,1
411,0,-0.05598187364094,2.36510577486907,0.751028419573084,0.991681334871033,1.98246118654449,0.110179182234054,0.0447498486084014,0.0690977962821655,0.111386854804257,0.185436665841528,3627.32210929786,1,1
412,0,-0.0157419349243191,2.30666826808747,0.791059883611598,1.10554826757994,1.91407536725583,0.102071315404133,0.0474625603097909,0.0730449773931121,0.11093577199285,0.188971210059046,3602.46788767766,1,1
413,0,0.015013485125006,2.40763212822132,0.610608507394195,1.06652104529759,1.85243157756696,0.104143332399983,0.0456042250782829,0.0721767644758248,0.11282038622428,0.190540462335713,3618.76816810841,1,1
414,0,0.00145174737839756,2.28000107629628,0.856344520567215,1.08251342762057,1.93012500616887,0.0977171620521288,0.0475449571348311,0.0709482087924707,0.11387513792656,0.185499186420728,3637.92943854887,1,1
415,0,-0.115304931285038,2.26375922065609,0.854659983157834,1.02784053017549,1.84548271404259,0.115331211955659,0.0462620415713638,0.07252370378653,0.113298364540104,0.187399283440031,3597.53924297811,1,1
416,0,-0.0195473936609551,2.31371018557051,0.783173262792955,0.970957512157062,1.87743823316669,0.114711003380051,0.0447446480261093,0.0679320927477848,0.110848144834511,0.177951549303846,3595.78060990258,1,1
417,0,-0.0988210159203583,2.28263442408456,0.809084446270854,0.969162169095418,1.91691841890305,0.119555714451296,0.0468948286587945,0.072768764230897,0.112676106951681,0.190355853385097,3577.59487204652,1,1
418,0,0.0617752762342247,2.368345889218,0.741088247811666,1.21718370527939,1.6399665329535,0.0993863055078196,0.0465760593193648,0.0730045129680512,0.112033271267048,0.183921738762951,3663.00270113343,1,1
419,0,0.151259263967098,2.32424250824104,0.775554233720097,1.05467642957787,1.8712432064169,0.0894928912448638,0.0448759835319694,0.0687971472503491,0.113443784194999,0.197092488991986,3591.89293464205,1,1
420,0,0.0323565851496398,2.31162381793167,0.832296706483782,1.11653849802596,1.89443580906359,0.0975525165123125,0.0469554047642886,0.072665736364294,0.110731767101273,0.189652654738985,3633.0945130826,1,1
421,0,-0.00655626400683809,2.22851737231502,0.929667268803144,0.930732656424538,2.05119622487437,0.101707674163377,0.0460711614375323,0.0706977575796948,0.119250440941944,0.19222197649702,3608.17216515519,1,1
422,0,-0.0667793096112761,2.26727170095944,0.873622433175173,1.2255477330554,1.6471720297092,0.110624489727626,0.0488423074734186,0.0746429308097491,0.109102659368108,0.182004630208771,3627.0157075732,1,1
423,0,0.0355380713635609,2.3181094876693,0.817916355570181,0.76112526239893,2.32182918830043,0.0992349036906606,0.0431570064126252,0.0676418389885642,0.119598848278507,0.19364071681408,3601.841170782,1,1
424,0,-0.106089631343847,2.37563597872415,0.66451550104189,1.05544416048529,1.69698148116625,0.12563367946583,0.0448731815163512,0.0706672960595647,0.112962469619684,0.188006381081047,3612.46953168677,1,1
425,0,-0.161937316091797,2.25283261935343,0.848235511768712,0.983342890490699,1.77800908192487,0.134700591366963,0.0455205355529752,0.0709343967293611,0.11293749553926,0.191634492878432,3567.23363154633,1,1
426,0,-0.167587295517073,2.36268984147935,0.763985151597948,0.995083202711982,2.00147972135219,0.122335008547408,0.0461872929606376,0.0715555432652457,0.109325642683578,0.180728651897548,3656.03947941937,1,1
427,0,-0.0197325582957538,2.32483650149853,0.75319030701402,1.04828998701054,2.10286112907013,0.0915307985051853,0.0473384812167449,0.0746767697109158,0.110895785705444,0.179544111175729,3637.79888116954,1,1
428,0,-0.250230736630416,2.3235164539199,0.773081609689408,0.886431407397718,2.12455410376822,0.131809150000939,0.0475952857203373,0.0736552608889818,0.114307039215334,0.186970183750623,3620.2843397876,1,1
429,0,-0.00734658646799213,2.28917032169818,0.86543658945963,1.03844047035263,1.9452173321293,0.103015396568133,0.0486104402687637,0.0736747776352032,0.115256737264961,0.188593612453837,3640.53511023974,1,1
430,0,0.042827586600433,2.33328088327987,0.748523886040331,1.08924542406467,1.79335336615728,0.0997296375079044,0.0469577709607473,0.0718716904282178,0.11143820508852,0.190787487143671,3603.73060509182,1,1
431,0,-0.120827439756117,2.30366964698281,0.795166495831633,0.995942747669997,1.95312471361909,0.110919278011279,0.0458451622675903,0.0721669624660681,0.110605652819224,0.186886473274892,3591.92925084632,1,1
432,0,0.112129926070844,2.33911451389731,0.742952768402572,0.771420420427626,2.38578260262043,0.0895856387862918,0.0441951760511891,0.0707455966546096,0.120571466919967,0.202243767824229,3588.00369650077,1,1
433,0,-0.0725431195275829,2.30881494924378,0.822274116295403,0.925853975324352,2.07845193737249,0.112260525158484,0.0459379915972598,0.071396378381354,0.116761945694309,0.195719187750559,3617.25830467371,1,1
434,0,-0.0260371540129585,2.31364244785997,0.774509906122567,0.953155562967915,2.01787890145787,0.107615828416046,0.0444387822269181,0.0695572862495387,0.113050024543535,0.189449005551947,3595.50660880376,1,1
435,0,0.0628463412957986,2.27867115362239,0.751632939478002,1.0118428233946,1.90355588735231,0.09471564604679,0.0463148863908637,0.0735091718193183,0.111480740790461,0.192178859787909,3534.22126330611,1,1
436,0,0.0202630345864174,2.31287190864561,0.78872198720762,0.897139281369064,2.21840863597599,0.0936356214831235,0.0458862912978637,0.068801211825981,0.113408192342726,0.190280417434147,3596.45928348476,1,1
437,0,0.00968673817954801,2.27574391094983,0.816770001216283,1.06431062165547,1.77760816479975,0.104560561425975,0.0456277162426257,0.0714253090347889,0.112527925178877,0.192406477770393,3579.72130942546,1,1
438,0,0.0738280994821712,2.30686974999393,0.79155675426224,0.940208326812322,2.19351726059883,0.0925865214053091,0.046653760496461,0.0708835928119841,0.114279412251864,0.19561431712727,3593.84507849674,1,1
439,0,0.0206291640666658,2.34199254356948,0.787698971603743,0.9209474246202,2.25437080232139,0.089576904080474,0.0447149285232645,0.0695198071161799,0.113216490639076,0.189928125456522,3626.90769310267,1,1
440,0,-0.0140059568969217,2.30758065003672,0.772134255608812,0.749579473449957,2.40016834376264,0.104001080359312,0.0449399361716663,0.0701608912450273,0.118823926921327,0.189658699223824,3600.0792922092,1,1
441,0,-0.020027143956045,2.36006066349949,0.724786468840584,0.966135360039963,2.15729028873824,0.10175189446552,0.0463439758852593,0.0713442666573198,0.11264601567633,0.196050206385916,3615.19213858093,1,1
442,0,0.0410645960043492,2.27415372473416,0.803480514608281,0.918339240820491,2.16024878406701,0.0945941934786877,0.0459509944609078,0.0698077383002188,0.113995918046935,0.203103159461659,3557.79496517257,1,1
443,0,0.101450160364433,2.252031585961,0.86143939873548,0.983151200259606,2.11550501350398,0.0848978770696217,0.0458837071585124,0.0706052053045659,0.113272897896751,0.193009573428481,3574.07233825579,1,1
444,0,0.127536446361683,2.21960555506181,0.910728062933666,0.85247780948047,2.39775693961965,0.079622637447946,0.047797307002866,0.0724163554298766,0.119320491216072,0.199406178572301,3591.44084882245,1,1
445,0,-0.118522499212077,2.31957123893658,0.774181356781891,0.800621378151442,2.24177636504658,0.106608044417443,0.0446230991616881,0.0721861073833881,0.114182319656059,0.181379931797837,3603.97028624543,1,1
446,0,-0.0106180574811223,2.30821133822796,0.793787048244748,0.862519726808404,2.17861553804362,0.0984303954188745,0.0447445956198579,0.0703969996782723,0.114186066195981,0.187858903107748,3588.2503450038,1,1
447,0,0.00527287257173511,2.22897707463833,0.927642578512643,1.01716131346006,1.89741763752978,0.10951608849132,0.0461722181503483,0.0718044168091676,0.110390509298331,0.194940408317765,3561.90388163106,1,1
448,0,0.0386175228418159,2.29411930708758,0.844160571026798,1.02123764661918,2.03204556616766,0.0945431678711008,0.0474229017927174,0.0734433120841356,0.113676993386437,0.194962160075087,3622.1119579432,1,1
449,0,0.110154592607896,2.31070345521876,0.752285703011759,1.09817175869958,1.94669680568082,0.0848758215019706,0.0463422504298246,0.0719148489039292,0.112478939903667,0.187607810868398,3606.81050434017,1,1
450,0,-0.10000010488187,2.39465784948658,0.639785931622416,0.925618045098546,1.91172153308323,0.117369772312797,0.0433757330317733,0.0687958544152976,0.11208944016134,0.185964537079668,3591.23272264696,1,1
451,0,0.129777986359324,2.2848113154449,0.798334180893549,0.984163744879597,2.17294354508511,0.0822719540125925,0.0475293030892736,0.0736614214841602,0.115870003514612,0.203810883631532,3587.42297808545,1,1
452,0,0.0944390781900179,2.31383409912752,0.749052255905366,0.896315314287503,2.08225284150624,0.0907220612801761,0.0444662466456977,0.0673919838249517,0.115314747434163,0.192310019821838,3579.83911457695,1,1
453,0,0.0666611064200877,2.34766739352981,0.752042256644674,0.906671181856083,2.28945875631553,0.0824197026369609,0.0470282036879618,0.0711365004992622,0.120912971280008,0.194982754551297,3649.60453345866,1,1
454,0,-0.0619724366885942,2.24179780300421,0.861253545172658,0.840957125544907,2.15680519262022,0.11616960303412,0.0455745111273222,0.0695727657668759,0.113255044079654,0.189617351083652,3557.64835971809,1,1
455,0,0.0722552028729017,2.37405132236551,0.715094308325498,0.943237308701543,2.15731755115599,0.0911720480640108,0.0457041967097184,0.0697851834580298,0.11639245807063,0.207402243700198,3616.30687604525,1,1
456,0,0.0697601394019147,2.28709723044791,0.8336269201214,0.984986663034379,2.05013282263701,0.0925345731214434,0.0475132827572746,0.0713527769388024,0.11426446095657,0.197770223527485,3603.44590587961,1,1
457,0,0.0151960830360617,2.34079352274076,0.76411422664988,1.29068258586672,1.74286347553597,0.0923061193393773,0.0492384440390597,0.0775868009148013,0.111985103996318,0.178105814359662,3662.46377496878,1,1
458,0,0.0744168289765854,2.36989630363669,0.720098583716191,1.04896280375542,2.00137352022305,0.0913322217745617,0.0459621224656394,0.0710056736669552,0.111777478465206,0.192351762450747,3628.92017356625,1,1
459,0,0.0236942754019884,2.26572381973913,0.81044829347348,0.915647326267603,2.07803512759653,0.102192299728922,0.046652791821844,0.0695262205317258,0.113991628312564,0.191022748542271,3578.18954828525,1,1
460,0,0.0235348171615754,2.25039781340416,0.842072825056054,0.664860909609995,2.44714856918636,0.097040157367284,0.0454793995618999,0.0687577166210837,0.119611538127563,0.200175067944293,3551.58240962174,1,1
461,0,-0.326173713174444,2.34974414219751,0.71524323586782,1.07056538373033,1.78796841180808,0.144673968403599,0.0457551910051395,0.0724109139487574,0.107046405713668,0.179869197609847,3610.10508751391,1,1
462,0,-0.049869772103233,2.31392544970318,0.799077589321055,0.906849315896872,2.16457016385936,0.107059067253421,0.0453423825119363,0.0712160492467763,0.115652023314694,0.191896672430838,3605.7870396179,1,1
463,0,0.2226040693662,2.16246692771075,0.977956061625172,1.0639103085202,2.12370012133397,0.0710528384997603,0.0496767740161059,0.0733119880333306,0.11498581433394,0.203189202364458,3555.57473668819,1,1
464,0,-0.0597985853313446,2.31674608441676,0.801582781511528,0.930873973933927,1.98238424713666,0.114328583993642,0.0452284541941176,0.069782722019352,0.114505257442065,0.186878005136447,3612.4224445446,1,1
465,0,-0.00744768408000227,2.2665011885894,0.85763854477174,1.15191984422564,1.78044202511513,0.102688076458641,0.0471768260607646,0.0716595670003538,0.112932622536267,0.1871640038929,3617.69523587795,1,1
466,0,-0.00504222127092316,2.2282243110378,0.942882465379537,1.10606406975385,1.80681907981684,0.105960350913801,0.0478037153037715,0.0732122375044544,0.111455902192337,0.188500088028807,3602.00029515813,1,1
467,0,0.116188923331797,2.25692800873446,0.855937235848692,1.03201164743841,2.04837511562868,0.0856738649385328,0.0485869323173582,0.074487280265103,0.11641079980774,0.211039480985034,3574.65525802593,1,1
468,0,0.0087072783583103,2.30071494372883,0.825110860292281,1.02306925415225,2.01050923290088,0.101503781056395,0.047447119976358,0.0726966537675229,0.109368815342681,0.18523470494586,3605.18535823733,1,1
469,0,-0.0943242617481273,2.31389396218281,0.786744584958983,0.93072873614399,2.1499071768301,0.107262555993003,0.0467315860412341,0.0737922013975393,0.107715655358653,0.180086859393949,3593.10372838844,1,1
470,0,-0.0864287375794573,2.27533900572378,0.800989250565942,0.87343268297206,2.13414258372228,0.11099834539289,0.046290532350797,0.0725008240939979,0.115228364373952,0.191946037054859,3566.61619674492,1,1
471,0,-0.0575660364158815,2.34326518079162,0.727920535452754,1.21321838485604,1.69335693183359,0.103126336035673,0.0483195656556453,0.0742017546531432,0.110614948649952,0.180156955555657,3641.44179182933,1,1
472,0,0.00095742629017095,2.28713189744405,0.796002339320336,1.0842883883912,1.89468576885972,0.10293663141512,0.0481893271943756,0.0740609557997715,0.110085376457292,0.192034528472261,3587.33356595716,1,1
473,0,-0.185609311506521,2.33442984658263,0.743404963096174,0.887301135886959,2.26454470105004,0.1125417225434,0.0460758115953784,0.0717593767716852,0.110553869595874,0.186837472782835,3588.10110348496,1,1
474,0,-0.0677990382036878,2.18184361103871,0.93113882429538,0.948381845421178,1.90671987912462,0.115019493243732,0.0463670559542906,0.071107974133885,0.113621358778838,0.188171081521807,3536.46555301698,1,1
475,0,-0.0454721660307786,2.22196275818729,0.863284562999401,0.766902604636213,2.27068761846266,0.109054329732193,0.0467100568904278,0.0702737948261905,0.118618575929157,0.191678702366926,3567.90490198939,1,1
476,0,0.111506469455037,2.32351867097688,0.788591266792524,0.80470084596782,2.34324095139625,0.0839334956608586,0.0451995684183217,0.0687851911915983,0.125489322824919,0.208068761220296,3617.99588435561,1,1
477,0,-0.0652861709190181,2.2496732441374,0.844112499802113,0.814789978446629,2.23246796314394,0.108366581901889,0.0460623975622725,0.0711337643749497,0.11606929462668,0.192568846427992,3558.36450420149,1,1
478,0,0.199120387798288,2.29829825910016,0.795692035991172,1.03821583886186,2.21576135598303,0.0696432708954509,0.0478268521829946,0.0743934008528356,0.119146053109722,0.188127893059559,3636.71973114262,1,1
479,0,0.0364124452671483,2.23359163789743,0.882218739645807,0.906718364802964,2.05225943234662,0.101369085367862,0.0465722880330008,0.0722327630419893,0.117775094214994,0.19865834287622,3562.99204542498,1,1
480,0,-0.0263991244280485,2.29635064232373,0.845015668995753,0.919083225018087,2.13827991413157,0.101111659740656,0.0461668071550365,0.0702255154172862,0.112143463331066,0.189981685173081,3599.92370560232,1,1
481,0,0.0272677277657217,2.28265778787567,0.857069144819616,1.27948364649113,1.6425406015647,0.0969348335885785,0.0488333234277947,0.0739246943907192,0.109758615181367,0.188280758353523,3619.22252187853,1,1
482,0,0.0748383904621983,2.36059916798889,0.733923501553252,0.900663425789905,2.34409563144296,0.0858099096565058,0.0437399963202368,0.067933144379953,0.114382705986055,0.199462514453534,3601.26698529902,1,1
483,0,-0.00217557132723905,2.3003469312873,0.801232964204378,1.20923576738648,1.74460065067624,0.09737383538766,0.0484565304174657,0.0744415964053896,0.111071646496828,0.188822778606329,3616.68124684424,1,1
484,0,0.083581993165853,2.37783327959428,0.682361376475009,1.18495777167416,2.01000632057865,0.083825791995456,0.0494526817772236,0.0752573437760629,0.113061395179242,0.197530634448407,3649.81667381484,1,1
485,0,-0.0238785014035559,2.24332918488986,0.946682019674429,1.11655759466798,1.88484436094783,0.103385061872942,0.0464556948093987,0.0716264389596052,0.108364707411796,0.180810429818506,3617.75962457749,1,1
486,0,0.0174331375758091,2.3518638856226,0.685028407549515,1.05338354550239,1.81575176537225,0.0996951493939315,0.0453411353003919,0.0701391291443706,0.112670241865,0.191320102477061,3592.86177388246,1,1
487,0,-0.0200504509147111,2.30695966252447,0.809653408528388,0.964326517123077,2.01581017220906,0.100250887653006,0.0455754380724257,0.0707585859289777,0.114140824626821,0.186702744553999,3603.6816444731,1,1
488,0,0.0847799071354997,2.3304399450984,0.759036519065129,1.00852315185399,1.94100248202118,0.0909089196816925,0.0445311126526781,0.0681710903838976,0.114641188198079,0.197161063432368,3593.72502580904,1,1
489,0,-0.017111368140536,2.30986254898097,0.846182684934086,0.894894800133535,2.21298956000636,0.103366325389478,0.0445373489577215,0.0714083307186662,0.117079909113449,0.189574469103489,3629.00665953831,1,1
490,0,-0.0861602860121731,2.33972246169197,0.790044370573526,0.915360368945283,2.08710788240807,0.112387959168667,0.0461847290748546,0.0713749022609419,0.115264534183155,0.187225970563637,3620.06672729615,1,1
491,0,0.0189957136062306,2.32154299320008,0.810644949502403,0.98038589081991,2.0540864769232,0.101223723711074,0.0452417602094884,0.0711683341666544,0.114327213793863,0.19249476122945,3612.58507267017,1,1
492,0,-0.118973860776781,2.37434625483154,0.744819799826048,1.22170348027649,1.69676191921202,0.110978772446956,0.0468414877794291,0.0732482614105312,0.106494587578635,0.179833397615171,3654.30625574465,1,1
493,0,0.0799188769377108,2.26305513995753,0.902312461849993,1.03586482283814,2.00879459343144,0.0933260826050182,0.0472572859335462,0.0716837800053637,0.114687807996508,0.194923092434482,3611.74745034176,1,1
494,0,0.0827673485115465,2.25225556612323,0.890707685236856,1.00120657916,2.11541848603599,0.0874626833700466,0.0481450526722554,0.0735629797768814,0.114153214081821,0.197247446069431,3599.07583201552,1,1
495,0,0.158611984627042,2.34741323370954,0.756970026083749,1.08668913696548,1.99643366121209,0.0771694325824248,0.0452510144709853,0.0695757439237337,0.118952517855761,0.189247651474272,3647.01238825239,1,1
496,0,0.117698149522917,2.32031800587302,0.76180946494695,0.903899558582546,2.36793102121913,0.0825516476782361,0.0466504866850925,0.0714919697305638,0.118260804997744,0.189492212625154,3627.65035566242,1,1
497,0,0.11882209260792,2.3394400971804,0.786852411710563,0.991736218996424,2.11117154508121,0.0859805871202403,0.0470738383787839,0.0721062293047239,0.117145896831626,0.197014380046322,3621.64272886756,1,1
498,0,-0.00898592386537432,2.30776083939288,0.792129595897034,0.896787143393684,2.018264500115,0.105720846043095,0.0440768392662409,0.068530023394425,0.113989330897846,0.192171068903974,3580.16851283896,1,1
499,0,-0.0493894118096896,2.28860751228056,0.841353952220946,0.97707942997635,1.98847929246124,0.114915688107453,0.047060706351183,0.0715758227941609,0.110299121057741,0.187276374547569,3607.1796700933,1,1
500,0,-0.0163646430623952,2.22157920437637,0.842947494795306,1.04662287275655,1.78813626171769,0.106332764942807,0.0465922109152964,0.0714800137370878,0.11489303467087,0.192316605305223,3557.62260736093,1,1
501,0,0.0741843080809387,2.2588076556406,0.791652954702268,0.91460403835232,2.14260525819536,0.0893810857222746,0.0473834497971738,0.0718182481603863,0.115923464559425,0.192964594015164,3564.66083450553,1,1
502,0,0.0639289078417082,2.31346612151214,0.725611778089548,0.832714423722359,2.09659836582792,0.100449843897781,0.0447610836081856,0.0703118077009528,0.119155564898685,0.20368201135169,3543.61426755492,1,1
503,0,0.042481986092834,2.3000051937578,0.817668437074539,1.05199461019834,1.93149240295075,0.0928166274756147,0.0460090071955877,0.0712763775447901,0.114131272110863,0.190993392537701,3609.41059544998,1,1
504,0,0.0560121695065957,2.26596973840737,0.796629439023368,0.852447431816639,2.04860970496181,0.107355476120908,0.0442808234737704,0.068065185513424,0.118077419513175,0.205783776432967,3544.65204212681,1,1
505,0,-0.0788665943884519,2.27752366921515,0.802727786577384,0.939310318838855,2.08114514005687,0.108037890039468,0.0471206802165861,0.0741192813824966,0.113273509068902,0.194061975638709,3572.34899478189,1,1
506,0,-0.176752704253165,2.28898272771261,0.811034129055611,1.12279415591412,1.59282620601404,0.145203469663814,0.0464968330098802,0.0709654117461383,0.107111567249683,0.180783943903397,3600.43498152875,1,1
507,0,-0.111407023943282,2.37720508931225,0.671426552826307,1.06878431595749,1.83290996940418,0.112885507983222,0.0467926507059878,0.0734793215667999,0.111914356965137,0.18281643328029,3627.73480523723,1,1
508,0,0.144958000032779,2.35564439350269,0.724387582345783,1.01068826760852,2.01933568966212,0.0872202670915178,0.0449513577470819,0.06912157626769,0.116654112805036,0.204978921629435,3614.62022922178,1,1
509,0,-0.00317152300704337,2.4125364478828,0.629789012601776,1.08517303839524,1.82316716871662,0.0976186250030894,0.0447987470031034,0.0724606165292908,0.113956487391284,0.193533975624718,3611.81539542355,1,1
510,0,-0.332614331134695,2.35149661582313,0.703048679816809,1.00233609036671,1.71095877260796,0.165289231537589,0.0455511839045439,0.0715297843106553,0.108775726940185,0.180827146145928,3600.02620455306,1,1
511,0,-0.0403749761206528,2.2381236747835,0.887622554841707,0.950947506337607,1.93177914180169,0.110205247452452,0.0477605808135619,0.074308499761875,0.114335621345311,0.18837556030596,3580.21841768367,1,1
512,0,0.0188893902091168,2.24283956529642,0.94220786684441,0.773799768815266,2.26328891101221,0.103030813559134,0.0448166395107184,0.0690335463766316,0.116237924988514,0.187321784839467,3593.49135095706,1,1
513,0,0.139448792958556,2.2308629387768,0.871004242539831,0.937827483718391,2.02559354046943,0.0814652702247044,0.0458762799986012,0.0722340294379524,0.120561681187879,0.194578488914174,3567.77870113698,1,1
514,0,-0.155984866587123,2.33829623866173,0.733729932882732,1.01252622131912,1.78401494853086,0.133096614695533,0.0442803885073252,0.0696742737512538,0.109980779638588,0.184662224188569,3589.02846918256,1,1
515,0,0.0156551544866323,2.26492367429251,0.766906834024248,0.961705209737481,1.88437051810378,0.103155047896184,0.0467630945899212,0.0711014742935367,0.113233664254233,0.189142120015406,3556.41913812385,1,1
516,0,0.0177852716844661,2.31402349638561,0.824649094913608,1.19865121952775,1.71385734573889,0.0985737137262615,0.0475330358237056,0.0741314469232778,0.108087535499879,0.18639530753492,3628.88681076296,1,1
517,0,0.0844073461206311,2.32471968595532,0.746024708364675,0.969470169239055,2.01193480515986,0.0956762188766035,0.0447004989869851,0.0689460487707006,0.11796535202857,0.198254102675138,3601.16405371722,1,1
518,0,-0.119816104566722,2.36756951012472,0.676480654086145,0.768535097042885,2.27692048878868,0.115712494088839,0.0449815084212077,0.0705605464099624,0.115709427895912,0.195320237771635,3573.97768590331,1,1
519,0,0.049896539102219,2.31231713340421,0.815019966987335,1.1547239710716,1.693888878044,0.0929997908351338,0.0453627223558937,0.0692932910772149,0.109996754668253,0.180722519670571,3626.98513141954,1,1
520,0,-0.0584470160008564,2.27221877114884,0.832838564142432,1.10588688448767,1.84649009491344,0.111288440744543,0.0477073720310347,0.0739833806535337,0.108436504042395,0.187693962914067,3576.62692350978,1,1
521,0,-0.11473852830065,2.25285673254067,0.838335881529774,0.880121002439194,2.19349203124905,0.114268781627999,0.0460281372508778,0.071456446317476,0.11389049105901,0.19548823670215,3548.23393388629,1,1
522,0,-0.0216822209781966,2.25733137764055,0.82879132104719,1.04353361586572,1.97217440567534,0.0985696307537912,0.0499830161640826,0.0750002567878075,0.113784576001804,0.189962477532982,3600.5926556816,1,1
523,0,0.0670822684290799,2.30494677025637,0.809876927864788,0.905181560106917,1.97188024769917,0.0977729771870849,0.0433608126406039,0.0689078176378175,0.118268542395272,0.198282504995975,3575.86561330895,1,1
524,0,-0.100144113215664,2.26374998442991,0.808510173085907,1.0882841417251,1.71828327212643,0.114235999945435,0.0459089858716751,0.0715947567345723,0.113130614182953,0.181157493902314,3594.58017710279,1,1
525,0,-0.0165553306183799,2.29644029535987,0.842706047495822,0.822772808744496,2.35930687539103,0.0977134967358772,0.0453543094532014,0.0701897162942864,0.115518082532698,0.202710225873823,3575.8527364765,1,1
526,0,-0.0512490447994799,2.30533732524967,0.797222246002818,0.991734220114228,2.00576825245007,0.106315805679766,0.0445549862462102,0.0696901664063944,0.111138229572776,0.188447759963112,3583.41928599806,1,1
527,0,0.129240700354414,2.30487170504425,0.828872297624099,1.001933256058,1.91727171179948,0.0944551526916122,0.0448904039441084,0.0680584194827984,0.114789618537352,0.196495658598724,3597.53584684731,1,1
528,0,-0.0762323654117428,2.40042013958075,0.650308959110986,1.08895347686434,1.89060694874244,0.109937421871732,0.0459380296752448,0.072468831777063,0.111139643009826,0.192099889170221,3624.71726214192,1,1
529,0,0.152617386119356,2.36004581175106,0.686292240412407,1.136514385545,1.82181422464387,0.0812786715086299,0.0468558355363839,0.0723484531543287,0.117856646553076,0.197508366087146,3620.21160366467,1,1
530,0,0.00171088047541044,2.21605945776025,0.886570235569336,0.862739444756544,2.21898215862285,0.106008983357046,0.0472159613995703,0.0722352159284052,0.116883569191647,0.199945044649934,3559.89229872291,1,1
531,0,0.105133986420792,2.2895378531203,0.842068629613104,0.910599126685467,2.17513986740268,0.0848237090873061,0.045858400749089,0.0709459212272651,0.116321913030253,0.190405840065324,3600.04530327075,1,1
532,0,-0.0768267167307681,2.28371478156611,0.828058027854463,0.982336072862702,1.92559906542202,0.116213717075028,0.0457579221237642,0.0704584634952544,0.112769587648175,0.18732967169833,3595.60121375951,1,1
533,0,0.0408318682895988,2.26294275467623,0.867637318214941,1.10240301126553,1.96141792078092,0.092735176629507,0.0475432685685614,0.0716584304206786,0.111248253751383,0.191044683582604,3607.86424852727,1,1
534,0,0.128329938443334,2.2708032742047,0.808558176342922,0.862057959772857,2.25884899711387,0.0875458568076439,0.0459564932003158,0.0705156244498392,0.119970565142085,0.205576662624787,3569.72513415564,1,1
535,0,0.167490072340162,2.30609480292605,0.797916801420908,0.924890397200967,2.22407990299913,0.0791007202917632,0.0458334673328123,0.0700580279268336,0.120555416686125,0.207229462037541,3595.41968398806,1,1
536,0,0.116388462727211,2.35340216794591,0.765641140459308,1.1116905360559,2.02298617947892,0.0829121539756307,0.0469326082160363,0.07384636096707,0.112136500938162,0.19310887671446,3637.49582064296,1,1
537,0,0.0968309464515836,2.33602807858661,0.760260068840296,1.07983081261803,2.03153508519426,0.0843060466701351,0.0474709585130705,0.0736936736125137,0.111319189055239,0.185426742976838,3629.62689354479,1,1
538,0,-0.153280411774372,2.28333643645556,0.801377513891394,0.82149569308512,2.15881165201796,0.119461765286417,0.0458173550636741,0.070973681502695,0.115649905153251,0.188895201991572,3573.37404022021,1,1
539,0,-0.312103400338485,2.350792993399,0.717290712626186,0.983700324389385,1.77129496594156,0.158818702325058,0.0443383358588212,0.0703805401252046,0.111172540576481,0.186724899321908,3594.00927501192,1,1
540,0,0.0785047402317098,2.27531465562594,0.810997146729104,0.956127340496126,2.1190361609003,0.0840625799746016,0.0454744949365635,0.0730959737867007,0.115436870197659,0.186981976578117,3573.57303030167,1,1
541,0,0.0292945511369064,2.31592381293815,0.745273974103491,0.944397780763639,1.94913309869852,0.104541732527085,0.0449113774816255,0.0691681477376647,0.115763966897559,0.187281930424424,3603.6064524563,1,1
542,0,-0.193477966027193,2.37570830834772,0.710329675340949,0.909815922771538,2.11778802141329,0.121085499936889,0.0460086761609045,0.0715457420656433,0.114098059624173,0.188199089944115,3642.70319327563,1,1
543,0,0.0299061344547017,2.35017176078339,0.743665663246536,1.15221996826232,1.68611636834392,0.101987405478481,0.0453452695767963,0.0714795827840505,0.11540472471213,0.190123910725105,3628.48117596856,1,1
544,0,0.0261823008515265,2.27676232180458,0.806370942493795,0.927071335223407,2.18462479360877,0.099385450889337,0.0465816120931624,0.0712773881719623,0.113331193795467,0.19378492789068,3579.82914693401,1,1
545,0,-0.0621248747879968,2.30596947007963,0.808005819203693,0.893733434192169,2.07907032427753,0.118685672509203,0.0450410031858119,0.0699346908665041,0.114804554234582,0.200488084764744,3581.0009871228,1,1
546,0,-0.0600050194976269,2.35359539421048,0.721624485917866,0.955054529652734,2.04784543915975,0.101539148708618,0.0457872179968187,0.0720888244461485,0.112964050362896,0.180282166308346,3625.42007581076,1,1
547,0,0.0611118324056132,2.2819133433512,0.786569050486139,1.08325258875658,1.85695837382103,0.0939595610708348,0.0479255306426456,0.0735473791490858,0.118577601913195,0.188775366436847,3617.06366655696,1,1
548,0,0.0903173302129499,2.27639864899557,0.846409513366536,0.940718041222627,2.08202558401298,0.0933379408620503,0.0470722260148565,0.0718982103271425,0.113330944213197,0.201601607609756,3575.03948839709,1,1
549,0,-0.0382812034256001,2.31819330512442,0.726121938981435,0.844522900296246,2.19106171708384,0.105639240115636,0.0447715272551151,0.0712598690675878,0.114901887396761,0.198822618569774,3554.75511031956,1,1
550,0,0.0519762174675651,2.28540683804564,0.758536615164714,0.83195510282161,2.29315626651861,0.0919446981546134,0.0464172487534361,0.0728336755499816,0.118064832489557,0.198829231782783,3559.23858621502,1,1
551,0,0.135908742476011,2.41738171287768,0.601304223832991,0.922814120460794,2.08733454597151,0.0923236309757376,0.0434509568199886,0.0676065529514748,0.117316694712499,0.201571132637093,3592.89070049107,1,1
552,0,-0.0701754929703974,2.33871494347839,0.79445285178407,0.974675217134004,2.01602855255891,0.106582003726312,0.0447419565036058,0.0701041682353966,0.109476249830588,0.184138458678748,3632.96242313751,1,1
553,0,-0.0426064690287506,2.36443654679119,0.690547283036807,1.18601625926138,1.54602842056932,0.114172262360516,0.046960668825222,0.0712566879046659,0.112268290306926,0.183689348187067,3631.42303907798,1,1
554,0,0.0478722327939836,2.28372259328357,0.803394367608255,1.06569970982036,1.92654558037611,0.0892938924307751,0.0460630267866546,0.071891273162418,0.114600898223223,0.18771928231196,3601.6440895663,1,1
555,0,-0.128891985036214,2.30802356790168,0.764121303792629,0.925084443978229,2.06975112588284,0.116441933190843,0.0449831512980871,0.0703288113248463,0.110371718690614,0.196010883920148,3568.09864885549,1,1
556,0,0.0956453372906019,2.32330487894595,0.75597152340387,1.00798785575509,2.13375842056342,0.0860694105327952,0.0470254364528564,0.0724887665999871,0.113789359189742,0.192931955375497,3604.16476196279,1,1
557,0,-0.0718169345905505,2.32104815728058,0.789229306594935,1.11545768393336,1.81918299276587,0.108859455650256,0.0473659026470218,0.0736815892946128,0.109973553606785,0.188148564992629,3625.69802754872,1,1
558,0,-0.0955155864757332,2.32451676014414,0.777373830485414,1.00308611812202,2.02865412885369,0.103536436033837,0.0461559959489569,0.0738725659450402,0.113799897842377,0.185636000179223,3608.19782952989,1,1
559,0,0.114385614508135,2.25043369386124,0.848887246625422,1.12455901315638,1.70088657077405,0.0977898827119454,0.0458690186469705,0.0700776139899568,0.114771214245317,0.190972099134736,3581.08152112725,1,1
560,0,0.0826937637362694,2.27192869781488,0.829774805363423,0.947902716397476,2.1133560082247,0.0909119953941691,0.0472575180635675,0.0730691178872992,0.11488164215357,0.196939036841247,3580.23025966102,1,1
561,0,-0.0657957764861481,2.25027934646868,0.819872391017295,1.05533337833257,1.84758347598457,0.105159941147485,0.0482124741983236,0.0737818871561797,0.112898731974063,0.185340002797992,3576.93714806667,1,1
562,0,-0.0923975897544978,2.33502205120847,0.77859532095578,0.851152742210267,2.09596199135088,0.117601659762243,0.04425452488815,0.0697996847206723,0.115290363598912,0.194205734389411,3587.92467567927,1,1
563,0,0.0164727858214092,2.25924859117234,0.815861554441074,1.11088936698177,1.71680873706759,0.105637937099829,0.0463783419398087,0.0719435321699716,0.110662885217524,0.186126594653032,3568.80164424926,1,1
564,0,0.108786277823124,2.28779001902322,0.828601287920322,1.1107228572984,2.00115523901319,0.0815193209594255,0.0487775904488444,0.0738786162954667,0.114975866446529,0.195335382810767,3614.30677319314,1,1
565,0,-0.000235955502345955,2.31790129461665,0.761619832099511,0.889185546537144,2.17617605829835,0.0961358956822914,0.0457815715181232,0.0701380503545315,0.116805779569975,0.193457395833698,3603.07325591914,1,1
566,0,0.156210638688698,2.28021434384339,0.794741795590949,0.988160155894066,2.13216146897979,0.0823815122334149,0.0466920772986676,0.0731558192265312,0.115574909676626,0.212168587491586,3553.9806448005,1,1
567,0,-0.0442222266888329,2.22261660840951,0.94236715137673,1.08264862326394,1.89538547872066,0.1005103129411,0.0484767067236166,0.0740251851134678,0.112935803140477,0.182138675748143,3618.72063945819,1,1
568,0,-0.0897205038079968,2.33368180164315,0.747309412992401,0.941695307726323,2.10180742272108,0.102874298182833,0.0446773330513666,0.0696299477630642,0.113615679914882,0.183929713633652,3622.19364635011,1,1
569,0,-0.0030047805434237,2.29587326247364,0.829142684405432,1.04350154127635,1.92447853082976,0.100198630736526,0.0466328350600015,0.0711676818880968,0.114070920258455,0.19215238458801,3615.77709210417,1,1
570,0,-0.176469040609615,2.27371154905016,0.803359178131595,1.05891946732473,1.82231862844046,0.12778160951932,0.0473371690683006,0.0750288661292164,0.107162572517052,0.18762603165965,3562.68271854065,1,1
571,0,-0.0118678942876886,2.34419291145802,0.721274261152778,0.937320686161641,2.00030570437996,0.111700229467185,0.0441485060009668,0.0695795396554999,0.114497363552374,0.202824393634728,3570.20116065865,1,1
572,0,0.0457904982719092,2.25303557085517,0.847211683980853,0.9795583230395,2.07355252629737,0.0925603572346567,0.0468270535550554,0.071525097934607,0.114758580001422,0.19019718452462,3594.18401526211,1,1
573,0,-0.0316804313102839,2.33798380964751,0.73499534228631,0.962567001654247,1.88768216009631,0.1069857076684,0.0441388049198151,0.069365256218845,0.110989333503641,0.188965539997046,3570.03464363631,1,1
574,0,-0.0631266807040252,2.3700097773197,0.70829268708843,0.970748077139937,2.01515549840382,0.107518521404721,0.0450658726401196,0.0707559996368244,0.114903360315937,0.189402200229681,3636.6193829203,1,1
575,0,-0.235980642424035,2.24575261674149,0.955440926062947,1.02418147928257,1.96469380157659,0.129150433136271,0.0466606097621239,0.0710472492299102,0.109804340923747,0.179833725691558,3630.88569701169,1,1
576,0,-0.0592895782672802,2.38333619185118,0.598412628428504,0.957376148749711,1.97481020350134,0.104074679346495,0.0463363169325539,0.0718928049542697,0.115138331575179,0.191028404542229,3597.71499658183,1,1
577,0,-0.16269847873419,2.327984640264,0.725922786871907,0.993086358659106,1.90804611071269,0.121341947047272,0.0469466629151883,0.0739577359804001,0.110913890527563,0.185874798229767,3588.45408951698,2,1
578,0,0.0214662959210887,2.32056580569333,0.822101685883099,1.23805303498523,1.77418184705015,0.0909594328964823,0.0484938724470346,0.0750286231350633,0.114095557245205,0.180933751567508,3681.28519715573,1,1
579,0,0.217801678373463,2.34205298328023,0.725154803060613,0.828223239121704,2.40599955113587,0.0711666796957769,0.0443367240775448,0.0686497576421186,0.120696232305125,0.205198285862207,3588.31876564402,1,1
580,0,0.00223245621214991,2.23152365519601,0.916305726209178,1.10402016336621,1.76774391199348,0.104906666190666,0.0468069356315071,0.0715948398374352,0.112934277586721,0.193531721193442,3590.35342165159,1,1
581,0,0.0291475906547193,2.29359556228038,0.765423830459005,0.743556972718681,2.36418905462371,0.0970118000496119,0.0454940966432998,0.0705568085258632,0.119697092397243,0.203999175482761,3556.27962745953,1,1
582,0,0.0512591657492838,2.30974200815866,0.823417207009747,1.05400169087286,1.91356430192948,0.0994254249167069,0.0456297341655725,0.07064444116098,0.113696664857013,0.194843898306158,3621.48510300523,1,1
583,0,0.0322021064228574,2.25891098187991,0.851875820823764,0.847504715920546,2.30360050697266,0.0972262162663713,0.0464642045202694,0.0716720041450169,0.115799431429152,0.195944860245953,3563.20395777594,1,1
584,0,-0.110485290142934,2.36024361184652,0.71059450689644,0.894064716958153,2.11771088355904,0.108475448064053,0.0450288800753302,0.0705362044891026,0.1111766382697,0.187140029855933,3594.23557204373,1,1
585,0,0.0615552416762347,2.22378876906532,0.960910346379112,1.00436592078137,2.09400548646759,0.095318982440752,0.0470221336461588,0.0715109751923393,0.112479862267757,0.202576806265039,3577.44960639948,1,1
586,0,0.0382141689562524,2.2108091251838,1.00633195829421,0.909806373085208,2.25917600638167,0.0916058288432956,0.0471811166985764,0.0727691334592878,0.114753400674639,0.195859289096089,3590.7152307398,1,1
587,0,0.0488401510324575,2.27189363121632,0.821167467525837,1.03029985128614,1.82244813580896,0.101428843355852,0.0455446136809255,0.0711053583735225,0.114645730935303,0.186529418494222,3582.70328271916,1,1
588,0,0.0701529791437046,2.35831676858021,0.781284703486631,1.14489209334072,1.8871728917122,0.0956077494380582,0.0474606539988357,0.0720877939936069,0.108058733353309,0.190947125696088,3636.16370731504,1,1
589,0,0.0738480645572929,2.33815631146192,0.778153789792163,1.01053843053388,2.06185305089315,0.0873370245712512,0.0460396105461521,0.072344258141392,0.113357439822196,0.190819451424197,3618.83561215018,1,1
590,0,-0.0406032038553804,2.30777957324523,0.82219596023706,0.947724230733642,2.18734837786136,0.101528787479337,0.0463545715532616,0.0713964772679276,0.113254452261127,0.187693709595817,3624.11364434216,1,1
591,0,0.0431746224148341,2.37993193103384,0.663537939453493,0.958092045098546,2.11315510127848,0.0907046830674063,0.0454088399311845,0.0709129081697908,0.115182884336805,0.196295141790599,3613.56415401736,1,1
592,0,-0.0160409231448573,2.27257933081837,0.846191396337956,0.969554227085653,2.05496046679953,0.100163387159097,0.0475937911636973,0.0740068013269149,0.11580738835002,0.183941212472328,3619.39280272034,1,1
593,0,-0.0323162622131851,2.30337294863783,0.839064482766264,0.76567968505585,2.30612851759772,0.107034095024025,0.0430966866223963,0.0667271287166478,0.115491810351507,0.19147691949208,3598.88998645296,1,1
594,0,0.0890075862725964,2.31272389471473,0.797410897789449,1.10301574306711,1.83013971269443,0.0871849116094725,0.0454764842752767,0.0709524415056611,0.115020649277825,0.185853696377772,3622.21423787501,1,1
595,0,0.0861146884155962,2.27691108424161,0.798723360102624,1.13181252845378,1.63520363502532,0.0961670328755386,0.0472169420011918,0.0736173814865857,0.116007286914651,0.189371305958997,3583.59481679063,1,1
596,0,-0.092379949014648,2.33185433413456,0.703780585615548,0.875630115560372,2.22361783853786,0.111839902556132,0.0472199398825728,0.0735290447479338,0.114306782972909,0.194955662792719,3566.39367968867,1,1
597,0,0.168014448626581,2.38962913879665,0.667420493124992,0.906780185457716,2.43577614288672,0.0767027492878406,0.0455619743901582,0.0707606943886319,0.117384334539358,0.203835768441152,3622.72337813797,1,1
598,0,-0.103503962130104,2.33870103238842,0.7316213340849,1.0942635692636,1.77061747015578,0.120320914616599,0.0466080089212146,0.0717616226450648,0.111267184154185,0.18625723024205,3609.92250121322,1,1
599,0,0.0492434672180505,2.36012915178965,0.733629380667586,1.04801134919077,2.01633130445999,0.0885804473841933,0.046910862549158,0.0726114654933073,0.114854696918704,0.188884197408261,3636.90646842936,1,1
600,0,-0.113800635220197,2.22652354242501,0.913534506816577,1.08332335968412,1.72714173302456,0.119640539875284,0.0480520088415035,0.0745515437267761,0.111345796238371,0.186921749243022,3572.70287712151,1,1
601,0,-0.193176313751898,2.17083160859725,0.958187932542488,0.989122137659204,1.75858298965679,0.13900371787978,0.0484484757060704,0.0733351968313045,0.114220342246495,0.190387285407557,3556.31384985994,1,1
602,0,-0.0104934049229941,2.28406105518205,0.881724368810027,0.886987968432725,2.23289587081768,0.0946617114972646,0.044635030683932,0.070424651231315,0.113373542212101,0.187311935801308,3608.60000959809,1,1
603,0,0.116231426004552,2.33179665857384,0.744572392344193,0.953305355211537,1.99318304548982,0.0900455423294082,0.0440592508553339,0.0696079911607375,0.117894693997067,0.197733503799598,3582.76441949298,1,1
604,0,0.0749221304567117,2.30317161799376,0.838073263658232,1.02781035980284,2.01933702096746,0.0858932707319337,0.0473725296453623,0.0722496886812674,0.119785127346553,0.188791275320549,3658.88788148241,1,1
605,0,-0.0471554762209112,2.36328569082308,0.732374524699119,1.18127527902251,1.75432234556838,0.100555650548757,0.0464293585067529,0.0710829989182116,0.10746515299695,0.17943756941537,3651.56536143946,1,1
606,0,-0.0614593904451677,2.28676309887231,0.845440743767791,0.935330140332311,2.12640428096926,0.105231520186669,0.0464649858525602,0.0702227363933877,0.111355070125989,0.185947762364405,3616.45453412976,1,1
607,0,0.0633825826711168,2.26018008358739,0.848492054269906,0.948804476734035,1.90611659315287,0.0970008722962137,0.0448262862677846,0.0695944292602082,0.117770532130731,0.199570894334489,3560.78595050837,1,1
608,0,0.208675114760527,2.33741453307792,0.715226146528604,1.04479908512114,1.94315600263641,0.0756264613906135,0.0451719045387417,0.0700546864601217,0.121398261320693,0.198796866443423,3597.87459634589,1,1
609,0,0.0418216279871113,2.36044794353658,0.697912131315891,0.932244441448178,2.11540126293589,0.0924064415436756,0.0442772822163385,0.0712455681756906,0.114362677123813,0.192018643654208,3596.08437042985,1,1
610,0,0.038043962172811,2.29140131178748,0.8427992214324,0.832028814971229,2.27483260949428,0.0984931909734901,0.0443663755380319,0.0674917602903736,0.112052934275098,0.194540156099469,3584.89602045771,1,1
611,0,0.113291482232889,2.32739889892209,0.772036157442243,1.02132765473251,2.05835750355295,0.0854155545653015,0.0471705901584187,0.0719979918187495,0.112707082581052,0.191108490399451,3621.99268279965,1,1
612,0,-0.0771423421989265,2.31507090756308,0.783717951577504,0.877351345742982,2.07861006969555,0.112549518740103,0.0460562677461417,0.070168318321052,0.113739810205689,0.189583521935722,3603.39357926892,1,1
613,0,0.0483531206436488,2.29170565909443,0.813348950830709,1.05994780868654,1.90051150343676,0.0968333710564337,0.0468909969664362,0.0710228616397093,0.11271410020529,0.186158244564867,3622.60434328254,1,1
614,0,0.0052349219928002,2.39324429771466,0.701052958739528,0.768368371519762,2.50767703567062,0.0921301917004373,0.0442056952366954,0.0688889431023112,0.114778287170429,0.198156364029897,3609.10640959489,1,1
615,0,-0.108005761624601,2.32963421016404,0.777456447736856,1.15695681132894,1.58086070301429,0.116429012333418,0.0454500612160244,0.0720596006202151,0.110108597104064,0.180890621660612,3618.77991996786,1,1
616,0,0.164691822098561,2.28010455400359,0.875436042398994,0.957698215730511,2.21901033812702,0.0770885891548096,0.0461468374176718,0.0708109518458454,0.119851604705838,0.203520417048249,3611.86700484777,1,1
617,0,0.000977922437693956,2.28667589934095,0.834110922645025,1.00760697242659,1.92314237563144,0.10208478994782,0.0467346132154566,0.0709667816335956,0.110886217045926,0.180159012839707,3616.29278020867,1,1
618,0,0.0620894541334856,2.31937214766076,0.795053006693784,0.9311028775719,2.21118501287472,0.0941031970965826,0.0455595085777376,0.069296896550441,0.114614296949276,0.188917235267688,3625.30657504525,1,1
619,0,-0.0607895982956739,2.38815961113833,0.627917188073221,1.01939121500911,2.01126433501034,0.102327683619709,0.0457891814506228,0.0718915633472817,0.112765751090803,0.186594060264499,3612.70821146916,1,1
620,0,-0.0717155571079705,2.31222304614674,0.761637793415461,1.27822980414235,1.46251674760923,0.114467178782183,0.0485528574550349,0.0746688200202258,0.109961776334123,0.182541386088046,3629.55898022178,1,1
621,0,-0.0715574550995188,2.43734044884561,0.628823879328895,0.937913205152579,2.19629772887633,0.104329087433653,0.0433839460157616,0.0684489981630643,0.108551493748026,0.19137777192844,3610.54538743889,1,1
622,0,-0.125158555026376,2.37098654522895,0.680989540803205,1.02824469336146,1.86059873657767,0.123243750583349,0.0451005920417518,0.0703935206543002,0.109987733449686,0.181411403343401,3615.50177607705,1,1
623,0,0.060372719310124,2.26643498047428,0.838947998445087,0.998950467049714,2.10707869402194,0.0895382489591018,0.0470996947167102,0.0716329593542712,0.114626873975101,0.197139375006772,3591.99511103552,1,1
624,0,0.139121611665156,2.30950900391099,0.828516160561468,0.958617422327985,2.35402601215169,0.0784143243149908,0.0465673012595793,0.0716277273423321,0.114918702168378,0.203449860249363,3593.88920082409,1,1
625,0,-0.100824047554621,2.33448018371657,0.771609893368704,1.1752829319581,1.68389538995142,0.116339402117928,0.0480411967139649,0.0754828304575976,0.112685404423244,0.183487273880813,3644.89373849416,1,1
626,0,-0.0146312109331817,2.28633021966648,0.774373124313864,0.917312935263304,2.07406375442068,0.100139169561019,0.0449376980086767,0.0706549281700339,0.115547070021815,0.19202513123013,3565.12518421279,1,1
627,0,-0.16651767682377,2.25056283110294,0.917928604501647,1.11155614114725,1.61084020449681,0.136549257385019,0.0452289261358112,0.0701714607864422,0.111254363750938,0.176265102269723,3610.00530271503,1,1
628,0,-0.0848651373171618,2.30947367180229,0.804976286271826,1.06643944754687,1.9168732796904,0.10807456199707,0.047150800318067,0.0725491726113383,0.108332641965966,0.180628567678566,3631.96779045982,1,1
629,0,0.104072614752423,2.28502825562182,0.83875948991788,1.20386019639892,1.69946932104901,0.0869221467922184,0.0478821982163184,0.0737034330524554,0.112272665768083,0.182662402493526,3634.73861914838,1,1
630,0,-0.0138425649153075,2.32946304349001,0.745587649582753,0.897590873923334,2.14608215024132,0.104233944665559,0.0464404793044878,0.0735908524315293,0.113407649673411,0.188961918343246,3598.05525129839,1,1
631,0,-0.00907228738420574,2.20192514607383,0.946357770823222,0.974771522062842,2.058194327405,0.0962427935569587,0.047105638778079,0.0717479137516937,0.113431077686738,0.196627986569826,3571.45583988186,1,1
632,0,0.0790616802699507,2.26643723141368,0.813193085526453,1.02756174331365,2.00097434814294,0.0890559868233677,0.0474488023984105,0.0736731395432099,0.118467319584346,0.194686431050315,3593.63316130057,1,1
633,0,0.0992261780695135,2.3139504703364,0.819034335276164,0.994795181539261,1.97762827506437,0.0859984079260124,0.0446320354716837,0.0706926279838396,0.118647869724269,0.187753978164704,3632.07574512424,1,1
634,0,-0.0186306838606608,2.26008291142487,0.880152936393747,0.809744992689464,2.31994311125799,0.09695745437681,0.0457788038805558,0.0709054362376261,0.116060453938339,0.191716826892931,3592.40789962809,1,1
635,0,-0.00709589478051368,2.3262994143135,0.736816801010523,0.9400603705687,2.0950387753642,0.0968285647624183,0.0467829116364103,0.0714548423099071,0.116655173514715,0.194857040903006,3595.71853759419,1,1
636,0,0.022541654170151,2.34529748229614,0.727328992880276,0.903934346559443,2.20005518986119,0.0902122684446476,0.0460280393602545,0.0700140538049962,0.115422349838549,0.196684054509055,3590.99546429731,1,1
637,0,0.0719107637533691,2.25575447415809,0.855852033234453,1.08258179989147,1.89633580646767,0.0896514765024291,0.0484523555867624,0.0734994804041309,0.115375068359501,0.19848469718378,3589.9999956231,1,1
638,0,0.0674986384118713,2.20161720122171,0.931783170489639,1.06936993458441,2.0236433733707,0.0889154389873321,0.0489491752684984,0.0747696210770461,0.112748109940071,0.197090356534663,3566.77991199939,1,1
639,0,-0.039323222269635,2.35551503305873,0.655016989453139,0.923171933455973,2.18746498451188,0.0975154927441351,0.045664169184467,0.0727535392047141,0.109983544667689,0.180058199698608,3597.92381692417,1,1
640,0,-0.0713024380724831,2.32395094387221,0.801663130201573,1.07153918556494,1.84384365146555,0.109395075438737,0.0471259606088172,0.0710904037554201,0.110955986538171,0.188096776072188,3630.08410617712,1,1
641,0,-0.0580848078928921,2.20525635010131,0.971095804089519,0.955297151246041,2.01024814434956,0.108751294177729,0.0461551845447946,0.0715416812216442,0.1184681722108,0.187490357557816,3623.10168632629,1,1
642,0,-0.100288990108192,2.24692750302006,0.850943101733644,0.915033129752235,2.00643626225399,0.115914232930305,0.0451514396474885,0.0705743705510871,0.116808632646038,0.191050846373452,3583.7200093276,1,1
643,0,0.12566124004625,2.31561359100003,0.829466440129463,1.11198831764132,1.92131410708625,0.0839600395983998,0.0474680277865582,0.0724473327073895,0.113538215514109,0.180551922271045,3653.79594174236,1,1
644,0,0.0872654301716399,2.28063444486565,0.833075392981535,0.876195564927069,2.24372563228557,0.0904205526046473,0.0479561874673493,0.073579119252572,0.117036014098135,0.207128980860984,3573.55640902737,1,1
645,0,-0.00991880328896556,2.34902999968795,0.734900644951681,0.877994442505125,2.14031726961084,0.096146223426855,0.0448067964845602,0.0702059872187098,0.118936471081407,0.192978287750746,3619.34247390554,1,1
646,0,-0.00384370302415809,2.30478596434764,0.834030465277441,1.116450032778,1.87166956492173,0.0950893756190023,0.0474371736491501,0.0718116294255664,0.108764820938593,0.183246085457842,3625.47617899505,1,1
647,0,0.210037545489464,2.26968105015446,0.826302215925144,1.15362690089671,1.83762611459064,0.0770188941015827,0.0485681103656599,0.0734173517159208,0.116626702160285,0.201205115872295,3591.17964853112,1,1
648,0,-0.0104968830400135,2.22020510164697,0.856985169598803,0.995893002100371,1.86004853248216,0.104686525311955,0.0460797048290477,0.0713895783885315,0.110607277599927,0.19105903234605,3526.9278763147,1,1
649,0,0.0191424452433941,2.23317577356717,0.922509870936213,1.00568447947093,1.93620893637444,0.101311699544408,0.0468540907948206,0.0719894706063657,0.112664048216391,0.184974285024193,3592.07681226781,1,1
650,0,-0.061093937966827,2.38379625881863,0.652165270444393,1.13941988971935,1.65494778247532,0.113678015759148,0.0451910902039887,0.0706475262502759,0.108687089736396,0.183301158356986,3614.59275861996,1,1
651,0,0.0246467260631079,2.24524529748937,0.890450013273272,1.03484001466177,1.92112304594089,0.0994524519751883,0.0470781483918834,0.0716475502630137,0.114670878032672,0.195224999289572,3590.35652788964,1,1
652,0,-0.16974609557114,2.29320511285925,0.806953572314468,0.856476093668357,2.20444947016084,0.127067230553407,0.0448549559667829,0.0696261306692296,0.112633692428275,0.191136152503372,3583.12263795786,1,1
653,0,0.114629803683901,2.26984394476091,0.812051187994026,0.899369148188916,2.01812823120408,0.0929095289507997,0.0448459636177223,0.0689207495073398,0.119568259824938,0.194732737157835,3576.28384518399,1,1
654,0,-0.0435061529820795,2.27913195027026,0.832057166180099,0.83882059927982,2.13101767808429,0.113799848418906,0.0431946838528576,0.0687692449273745,0.117024375538862,0.194586293960451,3586.709118595,1,1
655,0,0.0300995998395936,2.31065473039006,0.853572221225173,0.918422350402129,2.33560586508754,0.0888533233222873,0.0466985852250206,0.072109906978863,0.11327758371797,0.189649269821764,3635.21437440816,1,1
656,0,0.0645280719862893,2.25459062172663,0.813910104715776,1.06936060409717,1.66437301253145,0.109138099996745,0.0462083415027199,0.072142060429071,0.113214591154528,0.196434166466215,3550.47269782691,1,1
657,0,0.119052013037648,2.30979950864474,0.765485736101192,0.943767572417168,2.21463789747483,0.0837944430034248,0.0460607617956737,0.0724318441483432,0.116161543612861,0.196550493121569,3597.8585165257,1,1
658,0,-0.0582180356988099,2.21720013375401,0.921343537252451,1.10852457755855,1.80334694961869,0.110893994893611,0.0483028057695858,0.0729709402290327,0.112531771454279,0.191473528293179,3586.06956635903,1,1
659,0,0.11684483007014,2.31560093688875,0.805244730920972,1.09433840848741,2.12079556955378,0.0753402029026213,0.0489539609183987,0.0736682032352478,0.12083188385413,0.190917660233006,3666.71510938394,1,1
660,0,-0.128383974093972,2.31149088775573,0.848061957818903,1.05162140437492,1.97771673068877,0.114952341159376,0.0482887406880492,0.0753410623391865,0.112168558059159,0.190022410671373,3650.53730785585,1,1
661,0,-0.08277836908236,2.29813268186892,0.788524809677065,1.13017569517689,1.79367883135123,0.102538109484755,0.0476998702830397,0.0735660882750262,0.109442134903138,0.180180910279037,3608.1102580564,1,1
662,0,0.23091342967541,2.29081285497663,0.823947241916077,1.01705404360355,2.12821204336326,0.0701884010611191,0.0444280141138321,0.0693599094962592,0.118206538995838,0.202077926162139,3586.87585875592,1,1
663,0,-0.0764939920306449,2.23854465518698,0.931857062299007,1.00812450831104,2.005000969054,0.109809301411347,0.0470917475441328,0.072707830302328,0.107012620413944,0.192586890869164,3570.86664110613,1,1
664,0,0.0778028395609175,2.36258169580673,0.765514122065883,1.03367059922055,2.14474187247528,0.0862010550169208,0.0453854413950195,0.0698690735272018,0.113674837679647,0.197331117765477,3634.88204492112,1,1
665,0,0.0790618940192531,2.31966056783623,0.738559434201704,1.17568245663917,1.63894273120013,0.0923780257414999,0.0467143889521289,0.0716908482120939,0.115327279190435,0.187648754586696,3619.3964851879,1,1
666,0,-0.116198796365068,2.31793197740267,0.764621800760628,0.963996747468296,1.93099204797407,0.119728540633759,0.0453689038179896,0.07089722122112,0.114282732757372,0.188119802672657,3600.72438909163,1,1
667,0,0.0875411880833381,2.28063411167399,0.7891007003526,0.904937165553847,2.07631257654313,0.0957324934878786,0.0464260845585178,0.0699991020912948,0.119492251327587,0.208811519790712,3573.27691736128,1,1
668,0,-0.122903858473343,2.34052659327778,0.726278436903973,0.769092272635251,2.19021780490087,0.121964445543322,0.0423745526342825,0.0668342150842371,0.112761312848582,0.189861842728788,3560.33991750662,1,1
669,0,-0.0658312294736668,2.35573363652681,0.642617650664833,1.04774907837613,1.96008395254436,0.101503671301079,0.0460878962300151,0.0743533535255007,0.114831875684351,0.185196330077549,3609.49349619294,1,1
670,0,0.0581580613997489,2.24465506370529,0.861657605031274,0.764004757135475,2.42148854675126,0.0874398145926094,0.0456154375000049,0.0691456714435096,0.117460754187732,0.201198799863111,3553.28287166332,1,1
671,0,0.0483171723090811,2.26701903326118,0.882526557815687,0.915228740608409,2.08949532935385,0.0976139712350828,0.0443914171171316,0.0690710959774488,0.115468549293689,0.18946266369422,3604.36108782278,1,1
672,0,-0.0473658119352319,2.24317826697726,0.863090242634272,1.11388577357754,1.68685882609183,0.106457481089728,0.0450018587993407,0.0711847374665402,0.110687646640919,0.185466788454507,3568.8883697931,1,1
673,0,0.0824404936697739,2.28667858077837,0.850451882909858,0.817216630207149,2.43545116187355,0.0858327058991629,0.047217265636626,0.0733145603640252,0.115633155319504,0.202018131930758,3573.34694427645,1,1
674,0,0.0561226236115559,2.38460229057503,0.73394218259578,1.14197268583339,1.9755293447599,0.0876848398486999,0.0480114606508948,0.0722010070593695,0.114669069634744,0.190285065047692,3685.82374910179,1,1
675,0,0.11877125116518,2.28466840194693,0.803252733525882,1.12569060621046,1.92629930575239,0.0854920976308344,0.0460052214702994,0.0719346108329893,0.111013774192161,0.197584137770838,3583.30026920856,1,1
676,0,0.0501206722036708,2.29841334521488,0.785158773610228,0.571608070904626,2.76500058977224,0.0831044284968957,0.0446131371700903,0.0691488080660547,0.126384943305337,0.208277942942685,3584.4428405278,1,1
677,0,0.018574684819148,2.26524302032837,0.855100841894005,0.905447652332553,2.18677975784459,0.0962612071671459,0.0459865802593173,0.0698198573646744,0.119020668491145,0.193076201260571,3606.90163230999,1,1
678,0,0.126503236113211,2.18748792748076,0.919946437383067,1.06664506523664,1.9616307155943,0.0831602797940475,0.0486974972796233,0.0748033913678056,0.117650376674115,0.206686298959028,3562.17424961076,1,1
679,0,0.0531241247968958,2.2769113701256,0.742867003267142,0.804551559327556,2.15098688454363,0.0994044444762556,0.0453136079641254,0.0700678755787167,0.114734245177422,0.192410544935278,3536.07556505646,1,1
680,0,0.131677089423804,2.26412375289264,0.844419452469435,1.03208254698212,2.11229629628359,0.0765261273057656,0.046423477988653,0.0720184856126846,0.114204247236479,0.191604206583784,3594.75972814824,1,1
681,0,-0.00663025417445461,2.26056183336359,0.864020207050158,1.0537042281496,1.86313562244707,0.0954652865880042,0.0469713835587824,0.0720728699732554,0.118557264476323,0.192304900757839,3613.06079498319,1,1
682,0,0.0935358206283162,2.24979641102365,0.87396056697894,0.893400872741297,2.1502375046716,0.0963861115987022,0.0444233686819924,0.0684606781111271,0.11554374024472,0.206403322365149,3543.90938474363,1,1
683,0,0.0569925841196894,2.25474355441542,0.774061809096635,0.917052009993783,2.12131790043177,0.0869296280893473,0.0475547044475914,0.0738481230143055,0.117154699701184,0.189805018329596,3562.69912208415,1,1
684,0,0.0192328904700992,2.33184657816581,0.764567373137369,1.15444492641306,1.91154810152753,0.0951824575196739,0.0458083691850723,0.0721417239824695,0.105602057893826,0.18101902659222,3619.35023280538,1,1
685,0,-0.163193586608018,2.28484316345676,0.81357975485258,0.970073906358407,1.84807602666167,0.135152746719148,0.0458257755579906,0.0718649329007525,0.111917621566256,0.186043636197315,3583.0922507233,1,1
686,0,0.0221188585485693,2.26967793817838,0.824579216365837,1.06704828773217,1.89054674460418,0.091451940603086,0.0474171773701899,0.0737141072431006,0.113148484939657,0.187635621242969,3589.97121929887,1,1
687,0,0.00397605837778974,2.35665273212771,0.730782239253028,0.941066667510011,2.05972604391165,0.100456962840626,0.045374471032355,0.0695191492082388,0.115610951912261,0.18959633184719,3637.577900924,1,1
688,0,-0.101380005876549,2.32014618397369,0.78985849757794,1.1654656350753,1.65763648513792,0.117405059306287,0.0470114084726433,0.0734315814853846,0.108549978148527,0.181874979344202,3622.72160954404,1,1
689,0,-0.104307341619979,2.25430248754214,0.823179375801667,1.05980672613111,1.87937782643268,0.109304520583908,0.0489440494157678,0.0746212909663657,0.110430569694597,0.189763687606444,3581.00498554404,1,1
690,0,0.144036182161271,2.34607232624491,0.760625858022294,1.2045753538241,1.68163836802082,0.0839936865984066,0.0476960304426088,0.0749590018960896,0.115812854258314,0.19267457774031,3631.9349404202,1,1
691,0,-0.0019354774963148,2.2586157285578,0.878434231481329,0.94257867623521,2.03878889145479,0.102733632153141,0.0454884832866793,0.0689155990367824,0.112078404793082,0.193213525549857,3580.7501485966,1,1
692,0,0.0194630444079746,2.31260659920217,0.765410789397149,0.886781291219141,2.09815472635787,0.101574627123836,0.0446906839551908,0.0694038248392981,0.116856947690203,0.197125801352242,3586.54392989385,1,1
693,0,-0.021808394042104,2.31172109365559,0.768872599083762,1.06112730106987,1.90804593814169,0.0995119103520336,0.0475919875819559,0.0737906217880777,0.112165972435989,0.185567877936516,3605.46793807985,1,1
694,0,0.00331991699531579,2.23807429240113,0.884247072691831,0.861674350685358,2.10481780284133,0.107268787474558,0.0458752804747809,0.070016857159787,0.117174275912963,0.203511291855566,3553.54398753043,1,1
695,0,0.0302661166696222,2.19432288487082,0.943884836366458,1.05198163511536,1.91282421293534,0.101868954194145,0.0480398525214504,0.0726754205891476,0.110922211394306,0.192256278820742,3561.0309053777,1,1
696,0,-0.0582716146498239,2.24869873558116,0.862486330415917,0.963976740598275,2.10387444112978,0.104299965785965,0.0481183322065537,0.0733155168150583,0.11566840027144,0.202482425804183,3576.26352648647,1,1
697,0,0.0105398171029173,2.42100196250394,0.620158063961185,1.09976738896551,1.92701257162688,0.0973880267452546,0.0467582023058929,0.0754637582943074,0.108950066450936,0.183453421110916,3634.14404230604,1,1
698,0,0.00968002644973608,2.24082519567534,0.873342110283509,1.17144526641653,1.68439473730747,0.0943800357395939,0.0476462248918403,0.0751642857985467,0.114526994633947,0.18648554350494,3587.36084248988,1,1
699,0,-0.0933401264013197,2.31353348698892,0.771237479772992,0.965179224308632,1.88699257055094,0.123846638661764,0.0450132893400148,0.0706741880340726,0.112721948114502,0.19469316238721,3572.09700625032,1,1
700,0,-0.0524069745620611,2.3672274242326,0.761606287019486,0.862199132629004,2.26223595771396,0.105216575360756,0.04356178332146,0.0690521621841132,0.115708231905244,0.198453723157679,3615.04353330682,1,1
701,0,0.0481259626586423,2.34600327721932,0.764485639104532,0.912426306374747,2.25880129097682,0.0899821567499688,0.0458586958178774,0.0716970898049475,0.115154704944871,0.193339267945322,3615.09479992689,1,1
702,0,-0.158671626305144,2.30505903363384,0.770869931843819,1.09480922258314,1.70133447827404,0.129589714806973,0.046245411001671,0.0727713002717072,0.110504524477037,0.186264523400556,3608.70001350255,1,1
703,0,-0.0446183182116441,2.30043006645092,0.814686814231743,0.930078962188957,2.06079511468674,0.116350465240471,0.0452772046129844,0.0712856507139683,0.11413745623901,0.191667588331655,3599.15823012075,1,1
704,0,-0.00661072623237769,2.33367262137005,0.740227717325456,0.985450551173967,2.03344065041651,0.0924719028301532,0.0464422815147307,0.0740790689687918,0.115511195231638,0.188334080538222,3599.93370279576,1,1
705,0,-0.0405952701862976,2.28162251745967,0.828688724948484,0.88949507473935,2.14627151638689,0.101717729110882,0.0482547071815653,0.0721830218764398,0.114266718716956,0.188564563782854,3600.34653394623,1,1
706,0,-0.0524363232865823,2.32133606576653,0.793827750161412,0.947241880496398,2.11540402330806,0.106908729849958,0.0452767816248901,0.0707686029316896,0.110898403403843,0.186290958215163,3600.09652151489,1,1
707,0,0.0193075493823573,2.32627243044184,0.779102823636868,1.07801280132003,1.99133357939128,0.0942876904080428,0.0474173364541188,0.0731734010439443,0.109798388836841,0.190478341587957,3606.23234691674,1,1
708,0,0.0040102247789858,2.29491989338818,0.775098530995631,0.902414561671601,2.11431060420512,0.10293278515932,0.0452668269426806,0.0699796350943637,0.113848531469721,0.190366133710954,3569.0131059433,1,1
709,0,-0.0808570486009,2.34628079554275,0.698935136947256,0.72142446914597,2.33108153418007,0.110990897692131,0.0439257357426851,0.068985515074224,0.115616467332031,0.195736374242694,3574.35568549989,1,1
710,0,0.0476902497898239,2.21787147312193,0.913512534112519,0.906266676449543,2.19962478034287,0.0884771560008318,0.0468986674010637,0.0711871626281063,0.121673310692293,0.20140455587723,3598.29407827811,1,1
711,0,-0.162186027133002,2.40091942039077,0.693698150658395,1.03277928421687,2.03872711447147,0.115919673862932,0.0463421334399078,0.0727453706441851,0.107714998390369,0.186107687619826,3635.68180488872,1,1
712,0,0.0232515990765018,2.3113170699966,0.782523007823648,0.945732179438167,2.12372637477912,0.096276743801248,0.0459915283174468,0.070328638850295,0.116819310088093,0.197719842047256,3599.96149440271,1,1
713,0,0.0745867313863441,2.32062513635765,0.812598219924586,0.98258322511226,1.89148979396261,0.10421668081169,0.0430007382245766,0.0676885583412186,0.110121711569899,0.195916140226363,3568.55031648103,1,1
714,0,0.120684462376346,2.23203018014237,0.933345637417835,0.92492927428825,2.25689863986377,0.0817512321737721,0.0485785672088038,0.0713098096344609,0.121887429536522,0.213357449404282,3590.39393423795,1,1
715,0,-0.05093616593028,2.29019172198251,0.81954166588594,0.85274326380083,2.21829045163118,0.103974088366468,0.0460369275964425,0.0695733917014472,0.111717684725537,0.195182219509857,3576.33787084675,1,1
716,0,0.180577576520622,2.29791148425801,0.761754212900703,1.09147851266516,1.78038450908399,0.0786340975582052,0.046756137088458,0.0714536667630216,0.12540251464596,0.193676916058678,3611.31356287125,1,1
717,0,0.0519895623810527,2.29704182810929,0.801639934279655,0.97952709541833,2.02315051633003,0.0891220077759976,0.0452247291604186,0.0701332857024102,0.117785461736874,0.195039901742685,3606.21104060155,1,1
718,0,-0.097012188101644,2.32832851108759,0.797915060272417,1.09265211833928,1.82011598877138,0.114598096485648,0.0476960088534127,0.0735208337296383,0.110343762236711,0.182878156334001,3638.35661899699,1,1
719,0,0.0586198442381041,2.34541075851173,0.720275921876291,1.1492866411273,1.74656030786801,0.0997678299904783,0.0469085581198361,0.07125267797328,0.111519919484571,0.183218243786259,3630.76972846868,1,1
720,0,0.0376829854871243,2.33142239231492,0.752093379826741,0.937362888946803,2.02192880625162,0.108953813470213,0.0441880112791657,0.0690721860539065,0.11354986347594,0.194324113707279,3586.83490677195,1,1
721,0,-0.0931477259619833,2.30008697207151,0.802363171187795,1.06082500364604,1.86577960692023,0.111749528235905,0.0469019073861292,0.0730327659917023,0.112042758467296,0.190306755073113,3606.91203842227,1,1
722,0,-0.0288025658082976,2.34675474018295,0.750756989302838,1.07065739158766,1.81778874997091,0.102730408067838,0.0459375648227766,0.0705430864093843,0.115207696394937,0.184408538847083,3643.77936460387,1,1
723,0,0.0717817731279299,2.26469184856407,0.875196475632837,1.25819560088811,1.65836447285592,0.0902524402056293,0.0473023661610334,0.0721793300841318,0.112733244690339,0.183746652322635,3627.47486495774,1,1
724,0,0.0118012864227028,2.39110460896284,0.727443417991705,0.954840707748685,2.13249556861116,0.104095694223068,0.0441287504004794,0.0689161907201476,0.113094607022131,0.195099887336797,3637.24676977655,1,1
725,0,0.040955440378117,2.28940677866423,0.81886586888486,0.975009190263033,2.03058391487863,0.0943153655353787,0.047527714545042,0.0733387869288006,0.114958893197851,0.186116463238882,3609.01459386578,1,1
726,0,0.125679339928735,2.27300052860506,0.811682602962543,1.05260401710381,1.86138451249501,0.0905843346883619,0.0453999391844372,0.0693030447477758,0.116983825830395,0.193387123734718,3588.11540403571,1,1
727,0,-0.0865478298319862,2.28733894260391,0.822060901783305,0.859165158719584,2.18816835735083,0.107174256290229,0.0452827960086051,0.0701276523276444,0.111701431271765,0.190300570952304,3578.87852955857,1,1
728,0,-0.213642156736466,2.30106149023123,0.77270974410759,0.775586847230072,2.27081298901999,0.130605753396068,0.0450909949913306,0.0710402129630324,0.112187215640182,0.187469574401479,3572.15117402541,1,1
729,0,0.118912118193483,2.2753759519404,0.838780828129579,0.915016616388644,2.12136100884815,0.0841051164675845,0.0452226339684508,0.0689893407420052,0.123667443823761,0.197497286043334,3617.85110329622,1,1
730,0,0.000622115122081098,2.36396169852963,0.703130830278397,0.893463245818646,2.20832947742542,0.0989202248896121,0.0444159070744999,0.0695252302949413,0.114608787167061,0.193215068092035,3605.95248672829,1,1
731,0,0.00823236898222934,2.3252514483044,0.761487468778372,1.15700170143164,1.87364980058005,0.100904860685076,0.0467165171221571,0.0742296911526755,0.10713508724047,0.183861196240047,3607.41675491607,1,1
732,0,-0.0530207610859451,2.39374131431517,0.687347519504287,0.984114620312491,1.93030987333544,0.106542892568427,0.0458758761988175,0.0711185462605692,0.113837589241007,0.194193135897789,3631.98446358216,1,1
733,0,-0.225047916519195,2.24927145927215,0.868250146218361,0.842278026475322,2.05906891572813,0.14571973069006,0.0450980058056417,0.0696717083920228,0.11282152553603,0.183173872406556,3571.1339006821,1,1
734,0,-0.0648883577472637,2.33136774347307,0.772249122501845,1.07510470722579,1.88105276315054,0.107371536675216,0.0455704457161423,0.0702193131327943,0.1126103734128,0.181699817988935,3640.86371438711,1,1
735,0,0.0118086259648787,2.21134911226427,0.956627726665868,0.928486384589463,2.0164574779617,0.105175580688,0.0457788473958567,0.0703929506090226,0.116842575449401,0.192711509193814,3586.50034809237,1,1
736,0,0.0257726641459639,2.31503018279495,0.80087117522017,0.862507021356019,2.2755906179457,0.0941011724644353,0.0449294748602044,0.0697069423860671,0.11636616838123,0.192728746556284,3614.32830906902,1,1
737,0,0.0955590448802866,2.3344114902521,0.733035801130576,1.05186643886167,2.02514402629646,0.0842204407292648,0.0456260159409975,0.0701845641282048,0.11215179147246,0.187936136162718,3600.90837276968,1,1
738,0,0.0718039825022794,2.26937830146018,0.845470542262757,1.07357442535458,1.87683946810915,0.093231979712251,0.0451614266903634,0.071189692936774,0.115455623839674,0.193586342805493,3597.27816354876,1,1
739,0,0.117878333472043,2.28223551819964,0.811677702538687,1.05141769729009,2.01276603513622,0.0863050484015275,0.0471551044417376,0.0730324104721148,0.11296358762585,0.19893040325,3570.45822752845,1,1
740,0,0.142643303261063,2.31835735242884,0.748893094606533,0.969682581136195,2.12853559409074,0.0795092240298551,0.0458492712062298,0.0705203334632131,0.118626829971245,0.200214140727758,3596.24096083678,1,1
741,0,0.0101062128731585,2.33796672113351,0.756385927538407,1.08596249143745,1.82741706364412,0.102909152761958,0.0465484809888215,0.0729989768978022,0.114437481916298,0.190514367685738,3624.03053430051,1,1
742,0,0.141182742435384,2.29057829478365,0.80436130303076,0.788843598385021,2.41894747854004,0.080529988586787,0.044859438115525,0.0696015227479398,0.120372352870477,0.206294410111732,3566.12904489749,1,1
743,0,0.0468421525855052,2.35280326535506,0.725991172262986,1.08273090973556,2.02754981577099,0.091207146822519,0.0459898738791913,0.0713761576725481,0.109679560917311,0.185033067503552,3614.18943461134,1,1
744,0,-0.0743868936965741,2.36675961752425,0.641924261107647,0.922594170025061,2.06082179286308,0.115521082245678,0.0446737388087858,0.0709886733786872,0.10958001295408,0.198758185590838,3547.73395605652,1,1
745,0,0.000287964462151121,2.29403475866112,0.80302599169257,1.20812085397098,1.64535932255019,0.102155837171416,0.0475404963482074,0.0736507122833156,0.111001708243145,0.185269146854986,3611.53122990004,1,1
746,0,0.109596500118774,2.20104551053921,0.973746345764126,0.885161549687964,2.23870412391318,0.0883513763042559,0.0468938113736207,0.070427223381756,0.115464830964323,0.199255194324154,3573.22301808226,1,1
747,0,-0.029982096815074,2.32382250255736,0.785936105968264,0.976269572249198,2.09242146272456,0.10070079117971,0.0471548710774014,0.0730404167470862,0.118245458682151,0.19773131612447,3628.76009309175,1,1
748,0,0.0996633102496997,2.25164361787473,0.830046741628891,0.934703243169205,1.99510749179345,0.0948187269867086,0.0461919830130134,0.0706247046624666,0.115172999705427,0.197094124679549,3562.52202747115,1,1
749,0,-0.0311475287377642,2.29066700640874,0.782548975614373,0.888829342810051,2.12669997238881,0.0999443513964024,0.0451593674946278,0.0712689361291418,0.116947681496297,0.1946962693071,3581.0507835023,1,1
750,0,0.038160756583037,2.45745143372402,0.54655019846838,0.958084641634681,2.04807461410033,0.100341901075936,0.0441336891727457,0.0705795960430784,0.110504264168359,0.193183291412743,3601.68638093913,1,1
751,0,0.0513640758533946,2.3800839586941,0.650353147036631,1.05093583682556,2.11913891978199,0.0870439170990392,0.046522313379372,0.0728008150634144,0.115242994529834,0.192057568614908,3632.38833178262,1,1
752,0,-0.25794318372836,2.26631148875156,0.867666151356983,0.94450068498663,2.00568020946437,0.133694378652895,0.0457316561005282,0.0713901770083545,0.109232165715394,0.183247766673701,3583.93925874742,1,1
753,0,-0.0765408626673446,2.2838749426005,0.832968974262415,1.01442993413227,1.92656882251882,0.106049842772961,0.0473224360079874,0.0715825008961035,0.116048977038351,0.184051498451652,3630.0508369544,1,1
754,0,0.119468521426019,2.30902549761082,0.779163398907634,1.07144261512172,1.84645813114356,0.0866151526548642,0.0445846671006967,0.067768364508483,0.115536604446174,0.194851240948339,3600.07343215808,1,1
755,0,0.101000922292485,2.27050699151927,0.872429062013513,0.743868873761918,2.5136534212071,0.085307036222278,0.0461394610645505,0.0700882968062551,0.124157682007134,0.215616339060017,3572.36241278472,1,1
756,0,-0.314361205253173,2.3191804252756,0.782625162756075,1.15583109616692,1.57507792524535,0.144310885930973,0.0464574637854349,0.0726359362194482,0.108772663269574,0.180207144599879,3609.75679268639,1,1
757,0,0.0582986978803632,2.3245464278841,0.757258824914184,1.11751298180121,1.83686814753303,0.0896954747320534,0.0460925654982699,0.0736835592002289,0.117125733046538,0.188258850723459,3621.33448465477,1,1
758,0,0.0770146117523884,2.3151573039097,0.743138213858116,1.07702237925509,1.98517744912894,0.0846965368729382,0.0483662905131603,0.0737141822856467,0.114887805354395,0.184045061191571,3619.26894218126,1,1
759,0,0.0513117934769525,2.27056246124185,0.887439654695951,1.03593381116392,2.01209305299027,0.0941259099823582,0.0475176897310379,0.072032549060381,0.116804125503635,0.195853786358524,3630.04415674064,1,1
760,0,-0.00391605216458228,2.27285853194843,0.81554376712802,1.17368631383363,1.71355700228648,0.101741146281329,0.0479548219753658,0.0736542724695724,0.110459480496273,0.18925702149756,3597.01917182247,1,1
761,0,0.159237134052403,2.29224134601133,0.760136240767647,0.987436362239308,2.20628967718856,0.0824839538211434,0.0452110794690702,0.0712507619600123,0.114812945267695,0.204943393558262,3557.43259738211,1,1
762,0,0.0312512721573734,2.30976336082226,0.761368700780757,0.960249602536096,2.1128770830354,0.0943733803215478,0.0452144740544796,0.0702621407094651,0.119141121471033,0.193486076488099,3618.95681452815,1,1
763,0,-0.260455290866481,2.31843935825095,0.726644795544561,0.883038124843189,1.93857133391546,0.143878772115206,0.0436373805904403,0.0691123615464058,0.111321712649973,0.190064440426618,3555.13876975151,1,1
764,0,-0.0783431998005308,2.32715016099963,0.727709721671511,1.14731769543264,1.67251008992111,0.114591444160929,0.0466586188260832,0.0730818227143204,0.105370409784907,0.182373174456381,3596.30399186933,1,1
765,0,-0.0257716912805688,2.30215214171878,0.717868764534763,0.907094114305009,2.0464567416908,0.105143328447755,0.0453071423352364,0.0715739057746321,0.116751364042166,0.190827788500968,3569.05858666276,1,1
766,0,0.0458771594642727,2.27891007819554,0.826956344557238,0.757877502665365,2.44421670594413,0.0899312556134763,0.0454429921898168,0.0691001318673673,0.122858213758688,0.203481639664812,3601.59295619304,1,1
767,0,-0.185834632106405,2.2854055388568,0.849906380510369,0.916012207561692,2.02744597103416,0.124691103159387,0.0458667336229022,0.0702397919087448,0.112379033134291,0.189911731316791,3583.1488098597,1,1
768,0,0.142523630519189,2.34653817668313,0.79811423028092,1.04195489252942,1.92298519878575,0.0878241297767107,0.0452752614765645,0.0695195836575253,0.112018301628521,0.191057531893397,3635.13881761707,1,1
769,0,-0.0895621107312254,2.29052620480787,0.787120717885074,0.920707619545634,2.04029757554498,0.116541942082142,0.0461726988307745,0.0715233346749428,0.110405064335001,0.188811852379814,3562.18917833211,1,1
770,0,-0.256750836594222,2.29811198343782,0.797041821118346,0.93156947899977,2.01810784358409,0.139453102580456,0.0467384411815829,0.0718915739663196,0.108379727614145,0.182273735688858,3584.91433544899,1,1
771,0,0.0443218723258274,2.21593102454087,0.907971532789804,0.885999318637718,2.3257727635049,0.0858855714837575,0.0476864161760473,0.0716587873084343,0.115471471267858,0.194802035940106,3592.34459683498,1,1
772,0,-0.172694879794634,2.33041657470315,0.785334157979028,0.99118813196223,2.08251140604154,0.117579415205411,0.0465439714635308,0.0733764052062723,0.112294862004848,0.191818352905981,3610.91886028849,1,1
773,0,0.0893789754823916,2.27150118710746,0.862719379519943,1.08668197948368,1.92233979637825,0.0923884193318918,0.0468782643381448,0.073082540943476,0.112293462150118,0.193050768742866,3604.04749319301,1,1
774,0,-0.0303957114394892,2.30430980409464,0.774595817862907,0.967354726997475,2.00815492237332,0.110377812327434,0.0456869535423697,0.0695799429289519,0.114458363291064,0.189050096186717,3597.79957511031,1,1
775,0,0.0102176169541204,2.25861356705562,0.827636491349244,0.939283948717967,2.18172247186003,0.0932072348905747,0.0462825868726039,0.0717828260323543,0.114294898853173,0.189617924112338,3564.66944626579,1,1
776,0,0.118590907647805,2.35500671673328,0.739193624718503,1.01351521683198,2.0215670157357,0.0976133764022666,0.0450620533479256,0.0695606081510093,0.112609151217353,0.208721894242833,3586.3112826567,1,1
777,0,0.0162264191752653,2.34523638251658,0.728470545329071,0.871994947000079,2.14303614528417,0.100749130381524,0.0436926954741733,0.0700608164143854,0.11383522354908,0.194785349331769,3581.8277541669,1,1
778,0,-0.0988211045582751,2.26361038824941,0.86480290735227,1.17084606001863,1.68773263345143,0.115432530610661,0.048403463283617,0.0753463121490686,0.112839076266803,0.186703013033142,3617.12890441457,1,1
779,0,0.0120778101945869,2.28592081035291,0.861864773497588,1.07692916502928,1.88970297882285,0.10451925854343,0.0468006263222921,0.0706335179280015,0.109190696479418,0.186065604800468,3619.27332718815,1,1
780,0,-0.118388838466285,2.27913702094143,0.872610749152574,1.07636898331189,1.85143874514037,0.121249643049049,0.0469960676685962,0.0736885623653968,0.108577469557937,0.178297613877659,3620.84867760663,1,1
781,0,-0.109273100299195,2.31071394172463,0.810666773296954,1.00512743915338,1.92793107159961,0.11644130333789,0.0455097499548429,0.070837675998955,0.110882516045281,0.185188992638946,3613.6993708095,1,1
782,0,-0.0410902804183434,2.2820387558919,0.804866674004673,0.948724037554388,2.01652922819696,0.106579677955568,0.0474238562572988,0.0734273275011534,0.115949454690634,0.19072979562885,3594.73235582431,1,1
783,0,-0.0930684628101203,2.34005781012562,0.726239509027447,1.15946548899294,1.67338211170842,0.113337721612438,0.0464883331863983,0.0728274650496595,0.110175038457445,0.189023198396758,3606.6584205744,1,1
784,0,0.171785524035939,2.41530500842523,0.654115690403333,1.06837148072376,2.12326905971263,0.0757894309101827,0.0459207837873361,0.0704387603091355,0.119505170427663,0.196895112192971,3664.25038607181,1,1
785,0,0.0971085974129278,2.24522608253045,0.882661014062394,1.20907420916572,1.83646226625475,0.082744023580261,0.048573196490052,0.0726083321676314,0.113732034435027,0.188112494484079,3621.75162343326,1,1
786,0,0.0694410631232564,2.37660375014241,0.72441311795231,1.11021332401005,1.95717982412179,0.0919415658774323,0.0466804279686559,0.0719515015513502,0.11304580397348,0.191711792725483,3648.28143094881,1,1
787,0,-0.00454331989377256,2.2857042598786,0.835272604904,0.990383709118442,2.12617612402596,0.0953504585035576,0.0464231090187081,0.0714832358088707,0.112890024573596,0.182457021415834,3621.06795974394,1,1
788,0,-0.0674182640117569,2.27247111213909,0.880712950780703,1.00543684032924,1.92750069969946,0.112659886356293,0.0467479650471984,0.0707650589952249,0.11099932054162,0.187938185132662,3613.395467513,1,1
789,0,-0.0111349913993801,2.22081136501786,0.889773175632755,1.04975492555107,1.86976876193043,0.104183931724003,0.047199832544689,0.072888810008575,0.113685460418326,0.189717860480622,3584.57322517187,1,1
790,0,-0.0342047826165075,2.32624474236524,0.827147902658057,0.995172033068547,2.00292453780184,0.105634449188085,0.0458474763927981,0.071076556323709,0.116322903749361,0.191236202822789,3639.10394252987,1,1
791,0,-0.16950072027828,2.33773527797224,0.730492988493567,0.892685862602465,2.02282274940401,0.126806751310846,0.0452251521513049,0.072283692423376,0.111961621143489,0.192786437677529,3563.937991291,1,1
792,0,0.0600398202055244,2.35619784969272,0.705114609064131,1.03302125278521,2.00181557657431,0.0884551365003694,0.0458737391223642,0.0725423575301355,0.116907413071153,0.188775705579278,3629.33855799809,1,1
793,0,-0.0664320344394387,2.30290746888842,0.8363362245698,1.00256448908514,1.90211606978127,0.112086502411851,0.0464852980849498,0.0715899164204748,0.110232525447447,0.184012566136847,3605.59463852654,1,1
794,0,-0.117351046668511,2.31629110297279,0.699784239274281,0.944568501635972,2.02036488140555,0.109868039768941,0.0470501962700902,0.0733558818351736,0.112256683993018,0.184837661398698,3593.47904560758,1,1
795,0,0.0185880335297485,2.26900565409932,0.873190284465305,0.975675826367227,1.82633281829993,0.108063209938159,0.0439074832241953,0.0690449073438396,0.114866414920206,0.188565591911216,3580.9115443965,1,1
796,0,0.0365464454234552,2.27531070144763,0.858950496584896,0.82689142471139,2.13804876918228,0.102737545411804,0.0432077136165897,0.0676060825867806,0.116606202746981,0.20462338852289,3558.88722258712,1,1
797,0,0.0169991935559926,2.30947254859874,0.783018689282559,1.08624283452451,1.82786835979891,0.102254884935918,0.046178585759893,0.0724046607829738,0.11319579052706,0.190908202654736,3598.62256029447,1,1
798,0,0.00358647299834278,2.31142673837169,0.818471509290782,0.907389340155564,2.18774639763908,0.09847271504484,0.0464111915306089,0.0714822247053611,0.115433147331718,0.19724493763362,3601.80925987206,1,1
799,0,0.0179178170367407,2.25700786401583,0.914176784240159,1.22445384669076,1.80154025970223,0.0944841207019209,0.0482681094665717,0.073459207171928,0.107401416384056,0.186066164445571,3619.13777341281,1,1
800,0,-0.00759708205461939,2.30653300830048,0.784343305834555,0.898643949047985,2.08633057092786,0.110030034667747,0.044031580466307,0.0693421213066749,0.114528740735519,0.192994564467906,3583.97141455383,1,1
801,0,-0.0653664741919242,2.26937128869776,0.785498114436947,0.852995832542114,2.1230408617338,0.111988872831373,0.0441057806788814,0.0694138093973585,0.119276010902548,0.201391332871004,3553.049083285,1,1
802,0,-0.0207363261778823,2.37328187792527,0.638286036778044,0.739139440886295,2.28750504778793,0.10825537747902,0.0432529536691563,0.069036024628555,0.113554585272833,0.192955542945096,3549.4082320872,1,1
803,0,0.0588474431271002,2.30837768281945,0.780455677092533,0.906584705653538,2.07971926514807,0.0923253696003741,0.0460132537100005,0.0712092739125184,0.113937225807459,0.200333834026653,3564.3638632029,1,1
804,0,-0.0695121199528161,2.34453969364117,0.740041520791334,0.956453268118849,2.02770070847886,0.100831554918057,0.0448177986186309,0.0694939042093746,0.114521945055649,0.184209258151934,3624.85398156124,1,1
805,0,-0.0737822634676836,2.26913082717409,0.823186279289126,0.893518019937595,2.04470087074537,0.118878284988901,0.0449915934092612,0.0690280866645513,0.111787402582606,0.192493624150816,3552.96761614475,1,1
806,0,0.171340394507773,2.27531387231873,0.812566842930222,1.12379013687562,2.05759255988956,0.0772109223964505,0.0486070270994635,0.0737175272710932,0.11419648087046,0.201646271232547,3574.85131490534,1,1
807,0,-0.197203045706984,2.34970894213832,0.813221967151305,0.995007225351566,2.0328988924997,0.115703034241791,0.0479478126312048,0.0735182162944375,0.113196691467911,0.189314414286778,3640.27631167018,1,1
808,0,-0.029287291798551,2.29703279691808,0.879837898387268,0.724814448875362,2.40938784489454,0.107774078889775,0.0439066200787382,0.0686068636470923,0.119414850521904,0.199086993144209,3598.45441779157,1,1
809,0,-0.0330507831326595,2.25762580852146,0.825750589176138,1.09152410785716,1.77987642261204,0.109246242063131,0.0464882156032077,0.0729176457227788,0.111784260783906,0.187061074772342,3573.1305424894,1,1
810,0,0.158857200783977,2.26929966009688,0.834712895272155,0.877519532820457,2.27548894434191,0.0792689336299259,0.0458143320542439,0.0701277924564055,0.122362635177847,0.199836226859342,3592.44409196004,1,1
811,0,0.147046398524861,2.2921685139872,0.817403485586709,1.01504157902692,2.09276576579988,0.0769925120124277,0.0464842811244138,0.0707101528949409,0.115265273141292,0.193099490495251,3609.37869874564,1,1
812,0,0.0976307584091931,2.26691951884559,0.836923275672405,0.988716649667753,1.96386300195597,0.0892721547322826,0.0463849914697672,0.0725803688611842,0.114639175316794,0.19270712776477,3575.63525074696,1,1
813,0,-0.101730226917683,2.31818295848935,0.776943961592971,0.986337025130954,2.08744374568075,0.107053259682183,0.0465181956041221,0.0729348506610489,0.112294740020265,0.18815487376417,3604.72113172075,1,1
814,0,-0.112628714014933,2.31160227513995,0.792168859067567,1.04894787157352,1.80759349408208,0.117901467385845,0.0453819556088634,0.0693458543555294,0.11360969650348,0.188505517067211,3616.02632562447,1,1
815,0,0.0202582714812742,2.3842835002528,0.691646130270406,1.114392409411,1.97726602047446,0.0935665326342323,0.0478660119967266,0.0733731248400626,0.111447778533095,0.188417975402702,3657.42221244265,1,1
816,0,-0.0909042645454687,2.25015459280124,0.843471522533281,0.971968834330448,1.90872316755328,0.117834435637615,0.0464118614250399,0.0720070780355664,0.11291232859935,0.192146723386461,3563.10039398276,1,1
817,0,0.0955085582724581,2.3604988238596,0.789863269253942,1.16217617946979,1.90830833216302,0.0843818400180762,0.0477874665631444,0.0738433483336368,0.112862490029414,0.19130576532985,3659.56034714583,1,1
818,0,-0.160100250632846,2.28502454600265,0.803932064254438,0.900696328094285,1.96747308270257,0.12593620963444,0.0453976661276682,0.0704980820742145,0.115370767543682,0.185937409150662,3589.96450161952,1,1
819,0,0.147742065040629,2.30542803356636,0.772678456509976,0.955486572834288,2.13773019933274,0.0831146415403036,0.0470127042923642,0.0708851383608071,0.120568341078531,0.197802829571703,3616.84749101541,1,1
820,0,-0.0148824882363065,2.31274583982229,0.754852948110351,1.12118451185852,1.71428555537736,0.100343175473813,0.0469504352777462,0.0738930677421567,0.113619626614145,0.189868668475735,3598.0913423073,1,1
821,0,-0.0186341176932465,2.34516731967703,0.729736212968484,1.02662441572607,1.96642606226534,0.106060307188401,0.04629170168614,0.0712505471422087,0.109250726764157,0.184780356444172,3609.64559564971,1,1
822,0,0.134338001086929,2.27973601897115,0.846795461146665,1.05006168715279,1.9394619756365,0.0861911562819829,0.0447092312134604,0.0680302952017926,0.11404882140361,0.191538219435161,3603.85034753486,1,1
823,0,-0.117263902558745,2.34463565573586,0.73396469191312,0.991839913291194,1.82464141726146,0.130750145232613,0.0456783371017544,0.0711269240506952,0.112178033613099,0.200855010151396,3584.55755439082,1,1
824,0,0.0445595748356451,2.27752837883265,0.847907892022789,0.983108533637302,2.06666158414625,0.0961078379258939,0.0470801022834042,0.0734267436955989,0.114732425797168,0.193827341265884,3602.45038796164,1,1
825,0,-0.0241919785643933,2.27222585677903,0.859890371445316,0.875419069683388,2.29362896026856,0.095367320051324,0.0472293058763341,0.0719511406992806,0.11512426752893,0.194203355297235,3606.76768142571,1,1
826,0,0.0376931771100276,2.32983145893603,0.797086747986431,1.11728152263157,1.93567196809964,0.0920365100077643,0.0466763522603792,0.0730169351544432,0.11340347635854,0.197173134739028,3628.52060882106,1,1
827,0,-0.021579011217266,2.27923069899554,0.853061007502061,1.05492229086639,1.97621491455884,0.097921893299527,0.0480975049891711,0.0742729737606571,0.106034612270358,0.182021728664367,3600.22116598572,1,1
828,0,0.0339137309965206,2.2539364516521,0.853871364416839,0.915520393485459,2.07244809358431,0.104563663110917,0.0459166551661778,0.0697895692613276,0.114065612095951,0.19473949465323,3573.15696954624,1,1
829,0,0.00964405604976992,2.33805963889967,0.766562031452868,1.09036180323403,2.06364731134961,0.0934959789297883,0.0458484294976992,0.0716832654063411,0.111717509208127,0.192601854541058,3611.17331788111,1,1
830,0,0.129343527778646,2.28732693962674,0.84832339985283,1.1320004667805,1.94545298083637,0.0796382619303846,0.0474240620887074,0.07454514796185,0.115815323086973,0.192060711655843,3622.72969594034,1,1
831,0,0.0222329600708962,2.28280268258747,0.868453871954271,1.06375898068178,2.00494689185838,0.0964707131560949,0.0479070366371126,0.0740702637152398,0.113744358708847,0.190603768250304,3623.47626308797,1,1
832,0,0.0237867650008094,2.30433910533358,0.751610516303049,0.95825676926423,1.99960746591997,0.101321222593542,0.0457924574458212,0.0718840913203176,0.112471108825639,0.200190860370646,3557.67744576973,1,1
833,0,-0.158962798030225,2.33239236888892,0.791961469740755,1.01044029032235,1.8635069712436,0.130587659705869,0.0451766633215401,0.0700150734982308,0.110140690708004,0.18429483373857,3614.00422368541,1,1
834,0,0.116532047224456,2.28011404276291,0.865653532241852,0.961882245006788,2.06668699706883,0.0912388830007967,0.0468722126123716,0.0719222584290093,0.115626251951753,0.202033134980701,3591.15103605097,1,1
835,0,0.0172921538364178,2.25014702238441,0.846777197434627,1.16222087932814,1.5973796965233,0.106763148730857,0.0479311418984184,0.0733975472722575,0.111790620274162,0.187636648301474,3590.52819952544,1,1
836,0,-0.0634429584388687,2.20830083498551,0.912429252333074,0.971019626719653,1.85643177902615,0.111984417438185,0.0467514425479386,0.0710715990499134,0.116613519959978,0.187725150353094,3575.99317005856,1,1
837,0,-0.113994632475033,2.26014652511033,0.848884744677091,0.875944948383819,2.03198345343343,0.123012819465923,0.0439711052457325,0.0682731766551521,0.114231245684559,0.193061108308806,3560.35357598051,1,1
838,0,0.117962726738491,2.28343747342353,0.816448944045773,1.0535710509914,2.02582282591359,0.0855303077272777,0.0469136334396394,0.0733352044129871,0.1133633925031,0.192961462635797,3596.70178161344,1,1
839,0,0.0994078600100549,2.29657422594783,0.83658553193001,0.988153465086857,2.22274078691099,0.0815421947093131,0.0488233060926876,0.074989507808464,0.118489990290595,0.197325150934257,3635.55066473525,1,1
840,0,0.00789200089927271,2.27168026175965,0.841474164903606,1.16549019802095,1.78428612971867,0.0966645880148802,0.0471634942750599,0.0737435173453845,0.11409214975967,0.186920423632283,3617.51091401866,1,1
841,0,-0.139262847460802,2.27361391842983,0.823502131463225,0.971573279094358,1.86468765407242,0.122945691719767,0.0463292174957841,0.0727920438475333,0.112162022615265,0.189671587786502,3572.72795589234,1,1
842,0,0.0284753042569347,2.34829971194077,0.712072147666945,0.69064270721811,2.5572137961158,0.0932084071200893,0.0444127312859328,0.0689450120815081,0.117045875102877,0.199301930598416,3576.38839491161,1,1
843,0,0.0901800550292734,2.31445489959392,0.751119506696569,0.969728615450305,2.15803057713689,0.0881500427827374,0.0464380938325385,0.0732106008030027,0.117333915035626,0.191727463570308,3598.19504303581,1,1
844,0,-0.167292907368861,2.26973716647162,0.888139990288866,0.896814553060271,1.90614879935164,0.13693609639963,0.0449408541421668,0.0695571823129929,0.115472070331195,0.186137105233553,3599.7316152352,1,1
845,0,-0.107118479226283,2.29777374129055,0.754846143843449,0.982093379223981,1.87034849068416,0.124071610515783,0.0461295061028512,0.0717168603738421,0.11502560851991,0.194019855272824,3576.77427222177,1,1
846,0,-0.0461534274687901,2.27959454733217,0.820390381244315,1.11624438116555,1.7908949499109,0.103570333374656,0.0470296468941208,0.0711863213941433,0.109135932109921,0.184920311440931,3604.97124968591,1,1
847,0,-0.128778746520197,2.38682283741878,0.593921235938856,1.19305821768126,1.76921920186223,0.119068517387153,0.0465158310736808,0.0767760144156732,0.105860755949286,0.18870900688167,3584.42650063328,1,1
848,0,0.176153029685303,2.25102368944004,0.842357831614248,0.949296299737299,2.06175575795812,0.0815342120617618,0.0461136053889117,0.0709432547165772,0.116228504305896,0.19467237209795,3565.03215626137,1,1
849,0,0.0993617489685728,2.28986605855891,0.836560012101947,1.26656286065962,1.65584830172631,0.087241899766023,0.0489623693898298,0.072702807090772,0.113482445325423,0.193683507912317,3633.33584810431,1,1
850,0,0.153917017011596,2.39921251958358,0.714557211208952,1.12529336266132,1.94162811320031,0.0811440499692178,0.0437123593940267,0.0675286955886125,0.115031668751593,0.196030802354147,3651.07244179956,1,1
851,0,0.0239301495632567,2.35069352202117,0.75703603689741,1.18131163120262,1.81517650620528,0.0938204674498325,0.0462339333115487,0.0721862908864928,0.110869897022727,0.185674732546693,3635.31102057111,1,1
852,0,0.163239638186636,2.35245794745093,0.68925276381496,0.895956398691722,2.33990122775718,0.0768245097135796,0.0460814718157519,0.0715701078929164,0.119422522940869,0.204258978476906,3594.006121104,1,1
853,0,-0.0908621775574629,2.282663445519,0.785726027789929,1.00806085936471,1.81058167934124,0.119967851420846,0.0471194071361827,0.0729237172222716,0.114644087198897,0.187670516887045,3583.06823244969,1,1
854,0,-0.312418943766439,2.31280082785508,0.841842571453251,0.857251809531145,2.11482671347503,0.132535774672984,0.0472866304110101,0.0731830427893427,0.111806203859797,0.186960222496334,3612.12132444526,1,1
855,0,-0.0287342791255634,2.26574764324661,0.7965991144547,1.03414305637594,1.92961889222894,0.10133209513384,0.0475479043494539,0.0729127068590529,0.114417833194747,0.19229454728747,3582.57135918737,1,1
856,0,0.087290141206341,2.27470020017748,0.844444870042216,0.886918756256509,2.10789274331864,0.0937205501781616,0.0457120274055796,0.070904901600606,0.121626990035564,0.193087723173119,3605.17182861899,1,1
857,0,-0.0934935014335435,2.23307835787081,0.918156037674011,1.00529021601189,1.83887880427321,0.117968424179789,0.0454420822711298,0.0714469674041642,0.111250992106981,0.188070651005146,3571.67865372952,1,1
858,0,0.00373398899422632,2.30849952915772,0.773916110909275,1.13165279847376,1.8201044496371,0.0974254137765188,0.0477245002000512,0.0748538729865491,0.110344782681475,0.185976595394979,3604.90757622477,1,1
859,0,0.0775845029451826,2.36401950219584,0.705498872906624,0.854402716971333,2.35627694571162,0.0840692964208396,0.0438084936783062,0.0693908681901177,0.115368232345588,0.194732375852455,3585.72270711696,1,1
860,0,-0.0376086219739367,2.26131231575614,0.807605684109414,0.770978009390556,2.32175508791609,0.103661267730461,0.0439432362848576,0.0687972121909976,0.116756156267184,0.201420950625652,3546.13399163443,1,1
861,0,-0.0105715235330482,2.33151804195483,0.766784973708427,0.836841313287281,2.22370378468045,0.0976307426589037,0.0459495160916474,0.0696444264898831,0.119570711925486,0.193714383998908,3618.94690389558,1,1
862,0,-0.0992685425345637,2.23886499506988,0.866868400661094,1.03703806136793,1.78912620207953,0.111708623305828,0.0460699137418507,0.0711280488465384,0.112061214862449,0.184911031631334,3576.79525308902,1,1
863,0,-0.214801603700403,2.34471249880213,0.756925145730945,0.995028975291527,2.01974026410443,0.129713590944199,0.0468553990937238,0.0729223749287366,0.10815405842575,0.182420763302204,3619.84528336099,1,1
864,0,-0.0200609310019688,2.29265428755403,0.83509915981252,1.01536741063575,1.93208620124355,0.104441773867776,0.0460097877582371,0.0710540029650704,0.113091878676417,0.18957441009334,3609.81658734829,1,1
865,0,-0.0179788826597119,2.3406381859657,0.662884109670532,1.00223526179575,1.90227952371638,0.112574478115946,0.0459685700381018,0.0714348329724345,0.110980339844785,0.190097820169084,3572.56528986964,1,1
866,0,-0.0361537803508112,2.31432591564741,0.830253949654141,1.08422770304729,1.70192149455803,0.108620146879007,0.0446297047347717,0.0710412893755695,0.111657076280133,0.18312793269059,3618.71419348042,1,1
867,0,-0.0187084996853147,2.3370649032128,0.70997914097988,0.917748321328561,2.22006488998891,0.0964574906510916,0.0461641294554739,0.0720057990663377,0.112989214047529,0.18768419534653,3595.14209898385,1,1
868,0,0.0590883865205878,2.31345433142875,0.778196635834923,0.887224567561804,2.10293785216258,0.10006801029433,0.045281600411723,0.0682225795821984,0.113498784539088,0.196868223325098,3571.36492713429,1,1
869,0,-0.0632175492239489,2.29265776369267,0.745020558950131,1.00021692234696,1.93254402621092,0.101189028329674,0.0463369987066636,0.0710123526894543,0.113817482365463,0.186945508560183,3583.95393699388,1,1
870,0,-0.00245961213416484,2.33663408887192,0.722519024504603,1.03488437966626,1.92344719676197,0.10645653072119,0.0451974269435332,0.0702439485926687,0.108684585120946,0.185247795142331,3591.33019667511,1,1
871,0,0.00319513461637716,2.25446795975931,0.841262590413458,1.05457445227556,1.92772359017195,0.102319967966924,0.0465598458367065,0.0725826159656535,0.109901075801599,0.195704682250552,3561.92746483415,1,1
872,0,0.0813243820401555,2.28987935735605,0.837020428900138,0.713702440548466,2.42261520643024,0.0970252239811478,0.0428936889259662,0.0666418299156029,0.118808631044973,0.197560741758273,3575.66938312239,1,1
873,0,0.0719337499441937,2.30702380535297,0.843163110463406,1.03985969593413,2.03032043161612,0.0914794836402532,0.0457391870545019,0.0707791807524926,0.113182962798767,0.191767869664923,3611.41423953157,1,1
874,0,-0.13951256799953,2.25867278372993,0.811562293470056,0.917535020921769,2.07892675106103,0.110668611227537,0.0467374398145119,0.0714394063982211,0.111124640871239,0.192275509038286,3539.65786414871,1,1
875,0,0.0705918215789252,2.21995240524405,0.874092932829855,0.999617466242075,2.14575640123765,0.085206538897718,0.0493653678970528,0.0731855055953469,0.114666422935206,0.188870646008573,3595.73857815119,1,1
876,0,-0.0774115473018363,2.33411249188541,0.801540631842485,1.13713160256959,1.66346541402256,0.116218644011111,0.0465869723050172,0.0732233129193015,0.111521716071374,0.18824399129059,3626.45919997526,1,1
877,0,0.114630580701087,2.25304214347546,0.829159846479269,1.187806352896,1.72691768350214,0.0901751836431931,0.048820404245822,0.0741016565758705,0.115582465844144,0.193637523096033,3598.54557147379,1,1
878,0,-0.154355790884013,2.29192772496519,0.846212829424492,0.93537706139817,2.01628850114499,0.121862593876335,0.0457075078127953,0.0704570114718024,0.112385632993518,0.192198148151882,3600.87115768114,1,1
879,0,0.029066892558996,2.31769198586605,0.797637390259457,1.12645175312866,1.83029801700278,0.0970864678763871,0.0464654669955023,0.0708193451988029,0.11046405785777,0.181762509825428,3636.21521396692,1,1
880,0,-0.0940970455820845,2.31893674213845,0.735930921887804,0.819730467742676,2.11810733238772,0.115533228188359,0.0449213002997366,0.0692537102956155,0.118735051813657,0.197237634450813,3579.52625112042,1,1
881,0,0.172948181918003,2.30633724895446,0.791132265466939,1.03344182860042,2.21357291260125,0.072884244819287,0.0479004686187982,0.074804117558052,0.11450228147899,0.201298042475996,3597.04912197999,1,1
882,0,-0.0309438402686467,2.2726855697802,0.886044718945303,1.12020500341735,1.7370015394486,0.113704461593367,0.046343734508083,0.0712010985385521,0.112394176502458,0.196990778888279,3608.34990571765,1,1
883,0,-0.242668807114581,2.24840480653602,0.839148130949068,0.980879851174333,1.88568886756451,0.126238640047669,0.047063626411419,0.0733673078978094,0.113557183920116,0.182982953523688,3582.03532025091,1,1
884,0,-0.0711397231523717,2.28268718763525,0.822355645387734,1.00637859658629,1.99055368203819,0.101958099129881,0.0478694821735212,0.074671261852877,0.113988895620184,0.186706614138453,3614.24209842353,1,1
885,0,0.108376600388144,2.30059996553788,0.767269590434316,0.843174670922091,2.26170756855298,0.084846543079508,0.044745488495874,0.070162955956457,0.118483754259057,0.202201548665703,3558.74644072971,1,1
886,0,0.113743526396353,2.27724945668689,0.843779601454585,0.811296271890373,2.28543627901032,0.0859851066494119,0.0436819238255325,0.0673781290273301,0.118807246549732,0.204106367904878,3560.23427211605,1,1
887,0,0.23671859785895,2.26983260564257,0.791038464933362,1.04280302748449,2.00829026065488,0.0741462303346733,0.0456334351194874,0.0718001504600478,0.120430399646784,0.200736996507244,3571.62263665008,1,1
888,0,0.0146783238183209,2.28090802432461,0.852886489584905,0.933442732673764,2.13145970687229,0.0980665774821251,0.046151465120092,0.070845882206275,0.116389735174342,0.193247905335064,3620.01697749087,1,1
889,0,-0.0299795079463738,2.39693110937748,0.674534294470158,1.2192791948508,1.69503368815636,0.107746678614097,0.0468894571580503,0.0729747007645743,0.111343238978623,0.183670475137824,3655.96908880741,1,1
890,0,-0.0803728516397937,2.28190049406439,0.863590643676046,1.14489228401528,1.66496944967819,0.113139808779412,0.0462552781524773,0.0710483556585125,0.11130450589041,0.180893010915991,3627.54200608557,1,1
891,0,-0.0441051591826717,2.26622329152694,0.87222979823798,0.839038794478384,2.08691107334991,0.112901310138914,0.0449242608656189,0.0714262284386585,0.119004727377197,0.197314874020077,3585.5971083654,1,1
892,0,0.0947133514095887,2.31521975706424,0.819147108481109,0.970435129545156,2.03591713727267,0.0905561485761789,0.0444760911181992,0.0704998298410093,0.117280639802222,0.199271199445,3605.79973455231,1,1
893,0,-0.0147174502631641,2.30880005661565,0.773309659864131,1.00257093798493,2.00845149283227,0.0961033493384453,0.0465014467802385,0.0720803374757797,0.112633805176894,0.189317059687124,3594.76467897535,1,1
894,0,0.162040439338649,2.38927601227305,0.716026063349585,1.3382028464249,1.70219849195851,0.084093642495106,0.0481540642043362,0.0747283725784317,0.106842366299069,0.185602385079938,3654.00478658133,1,1
895,0,-0.0260395699152533,2.27776319600666,0.802577288265427,1.0886918325894,1.87202002957868,0.104453857758471,0.0463768021592275,0.07267212729369,0.108458947954054,0.190122350008783,3572.08929072298,1,1
896,0,0.0591833280871659,2.34735721070465,0.725122892190538,0.765599968314671,2.42636400234512,0.0905556135890107,0.0447547293453782,0.0688383535348018,0.117980172414831,0.199062905350741,3589.34896841435,1,1
897,0,0.0699244533249789,2.33953782055508,0.736843961884462,1.00121709857384,1.93291125773932,0.0953430176328554,0.0456789751060036,0.0716214157284177,0.114622327200169,0.190218205186136,3603.72445903956,1,1
898,0,0.152081529228745,2.2920013274869,0.745959087505666,0.917227944690419,2.25792110098789,0.084730894785922,0.0460787912829241,0.0720899406734425,0.119116742709206,0.211050408555819,3555.4694984888,1,1
899,0,0.0884317649333909,2.38720302863316,0.692903222256175,0.9253942582553,2.30504361354302,0.0836007315116574,0.0454754727876018,0.0699705625101634,0.115718323029714,0.207524558300227,3598.17503940537,1,1
900,0,0.027332114339541,2.29042396615831,0.784580835628281,0.928483364242943,1.9955956189042,0.101732631462367,0.0442563252935271,0.069230126583463,0.114780305819086,0.185802027545932,3584.74197216009,1,1
901,0,0.0628483281603727,2.32089642087181,0.821278747246223,0.802327155235229,2.29844019187273,0.0928332727742426,0.0441954405994367,0.0679259540329933,0.117040851879659,0.189590786186723,3612.70774220169,1,1
902,0,-0.162334170944514,2.26977012407473,0.811332447189641,1.08333058765351,1.88499442654842,0.117818506551719,0.0471577990018729,0.0727667103574996,0.107172214137642,0.190133398477596,3564.06936344748,1,1
903,0,0.0503432903359967,2.31557954089688,0.783484436069731,1.18474663095595,1.78649895636885,0.0931706312551947,0.0480128725262449,0.0739479213911576,0.112605776870584,0.18545570105644,3641.93497606911,1,1
904,0,0.00839615937483308,2.35100041015445,0.771270320097347,1.07616004255156,1.94447227543931,0.101703880269306,0.0451032692246221,0.072743153047076,0.113826727951681,0.195055860138215,3621.72751206757,1,1
905,0,-0.195388320649973,2.21273894969785,0.943590347461451,0.943080760760651,1.93368071849995,0.135704085646916,0.0458094944726769,0.0703819749739668,0.112609701790047,0.19222851108004,3565.14575919781,1,1
906,0,0.0812641393945629,2.27020788283655,0.836784835574157,0.979405423171307,2.23518209131196,0.0811570169888551,0.0483697002162981,0.0728054971545249,0.110690426070913,0.189293414804019,3587.39684909152,1,1
907,0,-0.02752068830476,2.28382068205625,0.825947764803924,1.06894683007422,1.83574116703414,0.09926192690238,0.0471833791305287,0.0727997991121145,0.113528757155687,0.185301938809691,3601.52782559298,1,1
908,0,-0.172621863360487,2.34172849137433,0.75494089092466,0.805115873820605,2.29700538488032,0.125236429633076,0.0449228826264142,0.0697001912469872,0.115178041076159,0.193732539825311,3603.71216267838,1,1
909,0,0.167782978328543,2.20389656894906,0.960796629126486,0.973551737802178,2.10141074864655,0.0829545753406779,0.0476176291986776,0.0741973161247702,0.117108578117089,0.207112036932908,3550.54894909517,1,1
910,0,0.134151139914463,2.26492159253433,0.865906827655025,0.896992442882285,2.29715667950579,0.0815163369791843,0.0470754185247563,0.071153791899802,0.119372092127653,0.207166556881197,3582.2457176227,1,1
911,0,-0.0401324340771488,2.2643794194767,0.826037799778115,0.991324946853805,1.93332899633925,0.101087691353183,0.046812742268654,0.0719129218272567,0.116412045642064,0.194138665698759,3596.73173952176,1,1
912,0,-0.162636200228188,2.25598790494988,0.912562657342798,1.1051283777921,1.7921116676278,0.120827897863155,0.0465941195210119,0.0719083291353865,0.105268979942809,0.177667228173112,3603.19077115856,1,1
913,0,0.191271200491728,2.23390329847323,0.907550750371693,0.994293812332626,2.09399185893757,0.0756920203034212,0.0465734112455621,0.0707265196391554,0.119758610186275,0.190418561198921,3618.11406004291,1,1
914,0,-0.120565097514061,2.31774314660918,0.834538997066965,1.01414021900886,1.98205940678219,0.114047991855227,0.0470253055387586,0.0719906591762888,0.110748012759093,0.185062034490382,3642.08870099932,1,1
915,0,-0.181845347867231,2.31952446406736,0.785449453446759,0.804179358043084,2.10990001557072,0.135124080163901,0.0434024411667535,0.0687136819272176,0.114826142059983,0.1975585315323,3568.8052322785,1,1
916,0,-0.0360685542455871,2.32339537539075,0.777122217439966,0.976237129119574,2.00776949190648,0.106993026108704,0.0451389587386528,0.0714007497741091,0.109159418103704,0.191041089758711,3590.24033782012,1,1
917,0,0.169447835558876,2.31247963641048,0.708916154712478,0.905936540261884,2.23686630481892,0.0790006798759506,0.0461418470388794,0.0722905457528987,0.120725255898543,0.194063826965721,3584.27541172016,1,1
918,0,0.0404665919335385,2.33034753576143,0.79880351511217,0.991176297969712,1.99104865713945,0.10042229453495,0.0467858909205402,0.0709329654217818,0.119542167260682,0.192354288913645,3655.75278178823,1,1
919,0,0.0403383629320127,2.33506089768348,0.749224692630841,0.875924175538301,2.14381941019986,0.0991490014995519,0.045339478443395,0.0697474716456413,0.112764912123201,0.183478292183486,3604.76653075308,1,1
920,0,0.117212688545407,2.31283038640765,0.767551486460166,1.09937782401667,1.79432462881125,0.0866477999023068,0.0446875710551552,0.0685820864021607,0.117315298280652,0.191800256836394,3612.63517463855,1,1
921,0,0.129374240007096,2.3296289005634,0.70233497918844,1.07598625254336,1.96278592847597,0.0817345202584005,0.045794417671927,0.0710742012229297,0.113234402337971,0.182729209850313,3596.86654507348,1,1
922,0,-0.00288501711321505,2.26578038999758,0.869988168020614,0.873669792888058,2.15716338120008,0.0998365948630066,0.0459712100625474,0.0721000368361113,0.118287221012514,0.189056559025178,3596.84568306992,1,1
923,0,-0.0119829466179699,2.23383304015112,0.924149988684888,0.910252325726409,2.04779175968983,0.0984360513697967,0.0456605709275924,0.0714611380181801,0.116950185253473,0.190238358528885,3575.9861087392,1,1
924,0,-0.102842880346632,2.32586696182259,0.747965537627656,1.03026665624829,1.83145433587246,0.114771952330414,0.0449513612855414,0.0696603519644578,0.111755948751717,0.184963512396145,3602.9827208528,1,1
925,0,0.0628708182474355,2.29005346308199,0.858405338753953,1.02790546378599,2.0358331530774,0.0889382959105824,0.046165760654731,0.0725226595279282,0.112834727732353,0.18540347239564,3622.24534294014,1,1
926,0,0.101145485237648,2.2866880784764,0.820600105236152,1.09807670059262,1.96511873932573,0.0847672773202917,0.0472622857860434,0.0712762375614712,0.115384667220476,0.19417731089499,3618.94780830313,1,1
927,0,-0.18795477015448,2.40088222353279,0.667571501303184,1.02392339895733,1.84525437796277,0.128367131739033,0.0461777076946731,0.0727378157306597,0.111750354980293,0.184495094908598,3625.925075998,1,1
928,0,0.132354722585642,2.36420944494178,0.730786530130459,1.00263560650651,2.09309371839985,0.0840242774418554,0.0445846556372564,0.0682757601648373,0.116109316822592,0.201480472658258,3625.91225359409,1,1
929,0,-0.0853131085156516,2.32116057066939,0.713048058351573,1.00606551628563,1.96927596129396,0.111370225700054,0.045880602015455,0.0728890227974084,0.11282859875294,0.189729914663579,3575.54324597432,1,1
930,0,-0.205587756461022,2.31810365483304,0.843592452880494,1.08166821451058,1.78075786787711,0.129848188475407,0.0480110823457918,0.0731807288655302,0.10901730188594,0.17900026387724,3646.41947148296,1,1
931,0,0.0884416251819481,2.22927942076492,0.905787454379687,0.848079789268365,2.24563234147595,0.089286532828366,0.0455817026239008,0.0686535862307013,0.118236081668988,0.199535766262885,3587.02966921594,1,1
932,0,-0.107030331095998,2.34125058587008,0.703330566240255,1.00451971929816,1.87772878465783,0.1171720673943,0.0456506826646672,0.0718083335055204,0.111536352914221,0.191051186444949,3588.57407100702,1,1
933,0,-0.0682640610121303,2.26019095243955,0.816903733858365,1.06363055058664,1.85326702166741,0.106750443442724,0.0467161850097724,0.0734508938479611,0.112598731769587,0.181888051528043,3593.25243982478,1,1
934,0,0.0364799219538254,2.22621459852943,0.885485080723386,1.13434245096252,1.7871220210186,0.096639366507406,0.0474120731968188,0.0728635313473542,0.109963147499547,0.188973913326294,3571.42167152974,1,1
935,0,-0.100435447775269,2.3563528910842,0.725041373925311,0.888631624580672,2.12119753159118,0.121038966812898,0.0443804411936776,0.0692337442296753,0.112049886886932,0.186837192351559,3597.11438227563,1,1
936,0,0.0458432001072013,2.21914559373449,0.886952470748748,0.969819034228443,1.98412447951843,0.0937729016612001,0.0481402893802084,0.0721767251586581,0.11789731733514,0.200308708216201,3566.2665738339,1,1
937,0,-0.171995145036114,2.31227026563793,0.815172947768482,0.982011910286542,1.97826289765069,0.117107865007178,0.046153816443771,0.0693725462873778,0.108731994181335,0.180576200302883,3604.94260570699,1,1
938,0,0.0595801709244781,2.39590683630047,0.659063781654397,0.889565541222433,2.11935663079096,0.0983061526648986,0.0453242469864331,0.0714373544818468,0.115814327788197,0.199362676355615,3603.21883482739,1,1
939,0,0.0225656897830846,2.23036178556084,0.975352552105177,1.12481299517691,1.90742962504641,0.0926704962196707,0.0488428124597177,0.0740749479831533,0.113930874280365,0.185186165286945,3644.1713774832,1,1
940,0,0.0531378142134141,2.36323794375342,0.75133230791086,1.12241400409044,1.88684239995367,0.0985537280700126,0.0456330198816695,0.0703450139195527,0.109664258870538,0.197406914826767,3621.73730448303,1,1
941,0,-0.0394624263389388,2.330865571168,0.791227584710527,1.00671157843855,2.13692641155693,0.102992973573054,0.0466428507195168,0.0721568453106059,0.109372340815977,0.183970623223128,3628.65570402412,1,1
942,0,-0.0625339203187189,2.27505579703369,0.876085954559305,1.06177460911402,1.96528121760625,0.100599538446322,0.0475070042236283,0.0748979508510517,0.111984448558637,0.19290500155869,3595.96151994985,1,1
943,0,-0.0581350383901632,2.27545073890974,0.783897399609031,0.774092602081214,2.26451041511213,0.109082514156545,0.0448875475722416,0.0689863796470553,0.115760129388889,0.192217655918649,3564.71939475895,1,1
944,0,0.11831481446903,2.3913663273201,0.689996456057612,1.04038426418405,1.83191687168894,0.0908976554150766,0.043872794255783,0.0688030192754369,0.117642210340748,0.191074084786047,3629.55908759468,1,1
945,0,0.0223606311700417,2.32868367731756,0.792861210533654,0.913217252363683,2.23936410560578,0.0911225842293733,0.0459723099511105,0.071091981745951,0.115099954322235,0.192407402182188,3612.36099098944,1,1
946,0,0.0833244010316166,2.33070140324276,0.781514392796073,0.920524834067044,2.29073860847805,0.079915787584334,0.0461833984176398,0.0711454271119428,0.117508522008809,0.191263177819613,3625.78788039628,1,1
947,0,-0.147615114408363,2.33264066834575,0.745901967372997,1.08767172874596,1.86708746581791,0.11796816685228,0.0464752428764998,0.0727881952427026,0.109671559726594,0.185040988927513,3612.63230536504,1,1
948,0,-0.0391937856270575,2.28472356474481,0.80648360655137,1.12060515518123,1.76325131603993,0.110424391376918,0.046946004593003,0.0729944858264926,0.110237846014636,0.190786753910272,3594.04241729346,1,1
949,0,-0.0834345083262388,2.30462125442526,0.818632336459859,0.970264305691982,2.06672953946481,0.104255882957276,0.0477072112301836,0.0737407563762143,0.114667005339901,0.183862484262177,3625.95809517519,1,1
950,0,0.115365428694898,2.38464427124968,0.750130833604379,1.0244059750055,2.04160331357006,0.0826479500648474,0.0455056415374704,0.0694337023263509,0.113874770049383,0.190555333128204,3654.63244204549,1,1
951,0,0.0260017977051631,2.2697660433106,0.900308970709248,1.21683602787578,1.84078394232682,0.0906743390360403,0.0484126838178344,0.0746467265332587,0.111630007240679,0.185277194234472,3647.36771337997,1,1
952,0,0.0208693553353507,2.31541112745713,0.77138735721662,0.811836749819382,2.32727053224138,0.0944830289064735,0.0444281362377293,0.0699245250431679,0.115048701899723,0.192096302752459,3581.64625858372,1,1
953,0,0.0680466487788224,2.28567698808824,0.729617460782334,0.926094038904866,2.05740573575275,0.0885149143474106,0.0463672179987202,0.0723426926847443,0.116194557836665,0.192740882773275,3559.93900522358,1,1
954,0,0.0950284316056284,2.2798924415383,0.819340240318406,1.06125556910515,1.87745588560705,0.0944291892534776,0.0468339457040557,0.0711676428481247,0.116875548911794,0.195239864614707,3603.90766108243,1,1
955,0,0.0714476577533952,2.3708842901897,0.729848559200206,0.889339990242166,2.2784757380486,0.0853470224086973,0.0443198369633505,0.0706345139169307,0.114652032882903,0.188414287927655,3628.06612642806,1,1
956,0,0.0868629601929173,2.2501975213306,0.791444322611744,0.961632712913242,1.87362774434437,0.0950608019016677,0.0460968242028647,0.0722768194277985,0.117325826856018,0.196582071893662,3534.54864047217,1,1
957,0,-0.032255581379097,2.35205906688104,0.781970304781996,0.850943061361983,2.33115145781377,0.101572275245376,0.0436934320396831,0.0697825602036232,0.114066812779612,0.202602097861158,3599.24116186297,1,1
958,0,0.0672513174806759,2.33248461262722,0.808788310881953,0.968769412105348,2.11232861029447,0.094393832347361,0.045093901537111,0.0693482112678157,0.113220658377159,0.193227637630555,3627.76457759209,1,1
959,0,-0.00714582706723737,2.21081986134336,0.916906459511273,0.838318153907761,2.19186044268758,0.104375001099292,0.0465161832486827,0.0712994678120695,0.11630789310847,0.194429338648265,3559.18591372731,1,1
960,0,-0.013749843806134,2.24249526505378,0.809168958295506,1.0024605578955,1.81128451426453,0.112082601127286,0.044714723568349,0.0692607437306336,0.110985223938749,0.19101502819295,3528.27499942377,1,1
961,0,0.190725197912533,2.29391634223191,0.805947806131551,1.02751862692606,2.21668267986444,0.0705313318204826,0.0463864631320173,0.0734330250340586,0.118627079677226,0.201554270168957,3586.91846655912,1,1
962,0,0.0446011564493133,2.33175972044094,0.819709585663031,1.03386219719074,2.11912151569193,0.0923622116878528,0.0481615809760294,0.0751970767719649,0.112781275593792,0.195169985820412,3627.95317927029,1,1
963,0,-0.201536437027089,2.35432623989989,0.690563613823477,0.95163357706973,1.99985656314798,0.130744308906198,0.0435973445567815,0.0707098725282108,0.111253454095873,0.183381544674696,3588.74261744142,1,1
964,0,0.051579897772537,2.3891476080082,0.618467720597925,0.947278521336195,2.18902473743533,0.0919585203135371,0.0457347936978205,0.0715714375153853,0.113679285140205,0.197903409048092,3591.17599313949,1,1
965,0,-0.00189492420224162,2.39582186609215,0.650759438037203,0.780729963155892,2.50155563537845,0.0941619041523587,0.0436657246752323,0.0690635615665061,0.114797543020481,0.205875257533843,3572.30486310638,1,1
966,0,-0.139158696199267,2.33083150022993,0.762804648850968,0.949024470077349,2.02376203534248,0.119572471379131,0.0453112286293696,0.0722083995783832,0.111781279916978,0.187941282395012,3591.11117649364,1,1
967,0,0.0972864637311039,2.26320921417599,0.839441423724448,0.948244283992726,2.12431629314746,0.0928982270219465,0.0462789382429607,0.0719458335408266,0.115903174903463,0.191959606602617,3586.84652228724,1,1
968,0,0.0328291944978645,2.35960817382819,0.742006091529992,1.06412365299008,2.04168796743524,0.0898919824887602,0.0460951980117454,0.0714392016437366,0.112058884126072,0.185665079343075,3634.75842335605,1,1
969,0,0.0127220894283479,2.3499437864595,0.702932001431252,1.18796642246493,1.74854303651468,0.0964897584394429,0.047526102412385,0.0758927511006568,0.109977675291407,0.18726114361989,3616.74607680711,1,1
970,0,-0.0397924545838811,2.33758444767597,0.798120111155196,1.12612140392267,1.82570691908091,0.102843510279526,0.0462541677002492,0.0726012411283912,0.107075380866171,0.180175146275369,3624.76376899597,1,1
971,0,-0.212762579693363,2.31266827517556,0.781245529975353,0.97493755056894,1.80867667185486,0.140016507815402,0.0440252625802709,0.0698936969271764,0.109971886990631,0.187386571510262,3573.69782054949,1,1
972,0,-0.195597268077836,2.35232617792892,0.797717030918971,1.02809287433837,1.8651384711507,0.13959002894143,0.0442414762098781,0.0706137758174814,0.109424162306225,0.181643362844521,3620.65492136897,1,1
973,0,-0.0048888949900856,2.27699770820687,0.819951575958103,0.963810333962247,1.92890412790141,0.103697773264841,0.0450160390759016,0.0705927715957843,0.117609112503305,0.192526155780982,3589.77278146575,1,1
974,0,-0.0567802863915772,2.2889770106111,0.814798874053953,1.06116006327414,1.82058651963462,0.109943433735155,0.0461423333394513,0.0717263437461948,0.11119852301759,0.189783649236928,3584.90906595764,1,1
975,0,-0.108144207422923,2.33633357654983,0.766960362004454,0.902554330892772,2.13810641536888,0.111715898976255,0.0460411080034536,0.0709350535117978,0.112521063460239,0.184018486106921,3623.07672879592,1,1
976,0,-0.0684241535799244,2.24761901365232,0.908018473056137,0.959387223400495,2.0316132201119,0.108878678783683,0.0474441925944838,0.0737175791188497,0.115337961319378,0.189475916679468,3594.53952287407,1,1
977,0,-0.0504354702345439,2.27217186014047,0.846732315363228,1.0654290341088,1.81629435204623,0.111418331474588,0.0477877595836675,0.0735589466083746,0.107449595537535,0.185418253955742,3580.57445040644,1,1
978,0,-0.0141193978556298,2.3296370961373,0.695537307717227,0.978560224634716,2.00737642995383,0.102545217008833,0.0463054930701592,0.0722209966813065,0.113264583314579,0.192457606589614,3577.75378379466,1,1
979,0,-0.00915440213812499,2.27384695224556,0.870797464797727,0.966932946548885,2.07337464823389,0.101204595979698,0.0468353504965278,0.0728377736582337,0.111085738226691,0.198031514789349,3579.36903078517,1,1
980,0,0.0432933666739931,2.29999235380198,0.779231486619173,0.95265371969893,2.17204218772493,0.0934292915868301,0.0470380738805065,0.0732979446495785,0.114628952144538,0.1977244905138,3582.70309393598,1,1
981,0,0.118738060188551,2.36491992020526,0.706062786965568,0.947714425045394,2.15451571899002,0.0864269260549105,0.0458037021455604,0.0708692685415337,0.109350063161856,0.190916669788837,3584.43841958552,1,1
982,0,-0.0532079718640254,2.22295739297171,0.908506005739928,1.00191032368253,1.92980809896573,0.107139883676397,0.0468853116851501,0.0694225113719817,0.113456952360424,0.19179423205096,3586.67783009128,1,1
983,0,-0.0813689219429337,2.34350055485866,0.712707400523614,1.06150596913389,1.84426552348859,0.117926041651549,0.045463849024264,0.0731492270405859,0.109403783928851,0.188458014284213,3589.52820283539,1,1
984,0,-0.052033931100614,2.24820251011239,0.857624193275683,1.0414387087598,1.74635138099579,0.107385560919699,0.0479906594334269,0.074235897305582,0.115157623896834,0.192617731202338,3566.66567903184,1,1
985,0,0.0936982265687708,2.21754011138235,0.930063194536362,1.06071575642889,1.75042500170934,0.0930459747695155,0.0472530292584584,0.0724066399593141,0.116256965133081,0.19477764670415,3573.32265503773,1,1
986,0,-0.200468442550431,2.31995813764582,0.759971641323066,1.10126627982685,1.59497184059844,0.134684721634395,0.0457900006890103,0.0717423479170151,0.106802190097431,0.181268669803517,3593.92122213218,1,1
987,0,-0.0432473545733806,2.22120250639484,0.915220397366158,1.04160166356577,1.84991301226541,0.10684793823324,0.0462576016221163,0.0711456161505594,0.110494878977825,0.188811639554021,3566.02855866351,1,1
988,0,-0.117870000377054,2.2828699491368,0.793383823877383,0.98917191829487,1.95759500729253,0.115136868127038,0.0478875357794297,0.0734982969346714,0.111393934746217,0.18597571745238,3583.68275834528,1,1
989,0,0.101169189125052,2.23406088219946,0.92958994847611,1.2733684572906,1.55545460431496,0.0890224230956015,0.0475407663814319,0.0749338681905415,0.113919862278746,0.187631845208742,3609.06615708642,1,1
990,0,-0.0420793185281151,2.26857427334885,0.808195569497728,0.84409904909363,2.18020916840217,0.11205180291062,0.0467066998802797,0.0708049986047026,0.112224699329419,0.183443510246311,3584.31779144169,1,1
991,0,-0.0755743208781738,2.32041423488928,0.768037102313167,1.13539392233638,1.75233860737088,0.108525992617729,0.0467744395836762,0.0733074812779115,0.107798071732802,0.180401272344862,3615.42825246118,1,1
992,0,-0.0619416621384678,2.31714075076647,0.763635019057121,1.10969187345239,1.80145841081315,0.112437110882143,0.0471044809218052,0.073228129458876,0.113227082411412,0.18773180919409,3606.3311649527,1,1
993,0,0.0399020937788543,2.334081104965,0.704582316135113,0.802602804679407,2.24263696385975,0.0952252456171507,0.0445765041785015,0.069371697199142,0.123066436981681,0.193575604761054,3608.22223385912,1,1
994,0,0.221993695919284,2.33593094357268,0.715680728479181,1.10214241737916,1.89533860733198,0.0732895360747318,0.044355513216739,0.0692633213236846,0.119581339540495,0.190138457486973,3606.4923300715,1,1
995,0,-0.0232494099618305,2.33985206602824,0.783042511263105,0.942190466633813,2.0360879677374,0.106543677533323,0.0457260627143522,0.0693943303181051,0.109900436206907,0.188482265595482,3610.84567179411,1,1
996,0,0.185987158356013,2.25837878375884,0.929415408813507,1.25457285611397,1.7650836066349,0.0739397470648403,0.0477322862263348,0.0741880658375576,0.116897307752645,0.192231681423626,3638.06155708935,1,1
997,0,0.0726206408686396,2.31632930134223,0.7653496910863,1.02356923364124,2.13383633287604,0.0841159463007853,0.0481670666200209,0.0729981419876683,0.115414881710912,0.191888927301389,3630.67263129959,1,1
998,0,0.00423714106875218,2.35591887831788,0.633635677378473,0.818573527455156,2.12831748894222,0.109779302589952,0.0444238103560562,0.0714248737635397,0.117836525743311,0.205998210392374,3534.44520210018,1,1
999,0,0.1473541131542,2.33268027374661,0.757411780324557,1.045076214089,2.07431099595121,0.0782784679880589,0.0455587119163103,0.0706582466979187,0.114419789496433,0.192045855030471,3612.40454655,1,1
1000,0,-0.00961674552509101,2.31023510017358,0.786796937965053,0.981913441946211,2.06975331766302,0.0990150841250191,0.0458814050779434,0.0718796306708398,0.110260589974167,0.195881674493538,3578.7208869433,1,1
1,0.5,0.544869851404606,2.3406396330138,0.7186250907722,0.983501514310068,2.23227780908483,0.0418739982963349,0.0424745779574469,0.0634834733153498,0.131797549776906,0.237622860304802,3521.17833595186,1,1
2,0.5,0.508602582620666,2.32517328632137,0.784698079065529,0.831923494866977,2.20948207499796,0.0456748285330262,0.0408538643990306,0.0614521149212146,0.135833111432097,0.227087160659593,3538.0782270988,1,1
3,0.5,0.444399482497298,2.35097190148502,0.745010989652374,1.03052925676887,1.87796915676383,0.0537703817976166,0.0431909572807283,0.065015553514414,0.131147433213739,0.225095513108816,3573.03960754504,1,1
4,0.5,0.4813193722274,2.28250624303624,0.824807416745797,1.07174658067919,1.79467174820324,0.0508050377584667,0.0423526124554608,0.0651847871997331,0.128510347996435,0.224584329031553,3519.55134622928,1,1
5,0.5,0.503061553448881,2.32989945449408,0.769087669900407,0.942885695260357,2.10583930184897,0.045785183243275,0.0424542135877433,0.0641626468423505,0.137248253897892,0.233969917886766,3555.88200211935,1,1
6,0.5,0.494619155509647,2.34758266238062,0.746162689278095,0.824186807584087,2.22099308886547,0.0482509188875718,0.0404594259720918,0.0611241058079138,0.135504121504517,0.229373078575376,3550.35069899544,1,1
7,0.5,0.50557760265723,2.17687542098812,1.00480639940973,1.15300292907379,1.82401380993601,0.0454444970018841,0.0451563818095655,0.0659278667463029,0.135933969461436,0.218072021573324,3557.11057218885,1,1
8,0.5,0.522483553272176,2.36370826969141,0.754516242666968,0.878083729236142,2.13957511676589,0.0446742430308728,0.0409309042403609,0.0620544817029199,0.139014249496424,0.230146174275293,3567.0130116114,1,1
9,0.5,0.474213881165573,2.39895659797107,0.677715635841037,1.07924377463237,1.84892567269164,0.0512804487133287,0.0423064262283874,0.0643033723762069,0.128775356640602,0.226385993737557,3575.76730187332,1,1
10,0.5,0.412781314643665,2.27547497941063,0.895739058839476,1.096335477229,1.9097159805992,0.0527592530999725,0.0449885790328007,0.0666819461077998,0.130802628714592,0.214865748453535,3604.75833406996,1,1
11,0.5,0.551222149264287,2.30641896848281,0.755087833516131,0.728516167356524,2.4438405517731,0.0412840004645688,0.041677461951907,0.0641783662337696,0.144826598543564,0.24793691473787,3507.50175915418,1,1
12,0.5,0.552774481451969,2.38382343740169,0.74433040939904,1.11377051653722,1.99416646270192,0.0403326554292934,0.041838725145026,0.0632420354812354,0.13410965637734,0.240595523433137,3575.0007398404,1,1
13,0.5,0.502553311999176,2.31098571296041,0.819207189382775,1.16281657781072,1.86931218038931,0.0453378685666188,0.044058019370161,0.0648078036101115,0.133335723575463,0.230137695484395,3571.22740500359,1,1
14,0.5,0.628516313817047,2.2989783327861,0.841422935324868,1.06596980754439,2.49060562662918,0.0312494529774232,0.0417383425633767,0.0607768654502308,0.144622440181736,0.261562476871817,3519.42358030377,1,1
15,0.5,0.446050360880581,2.34908763733084,0.764707867155278,1.07866727441247,1.64290940604327,0.0565291111876987,0.0440670835231848,0.0656787942941664,0.132214412361716,0.227160000553568,3572.01543988134,1,1
16,0.5,0.500374793776829,2.2822534959415,0.872986229849366,0.849630506782746,2.27025406984098,0.0465903572203238,0.0428450257361202,0.063922942763468,0.135067404184602,0.237235060674699,3544.45858807512,1,1
17,0.5,0.451635559751233,2.29515555079644,0.805860721498501,1.03162020404565,1.97252829815857,0.0508855899850107,0.04351916043469,0.0662731518483152,0.133985882323059,0.227306852167793,3553.10661616111,1,1
18,0.5,0.399694254094807,2.30622538162647,0.791898734803954,0.980442573485916,1.85845598490454,0.0615659566042363,0.042112690457725,0.0640873357225434,0.126647633874111,0.211522495947313,3553.17015013995,1,1
19,0.5,0.448716232833963,2.24856536589089,0.82772023903233,0.973336240018122,1.88512279359524,0.0545564692421572,0.0440099379988171,0.0658221522418471,0.131090046389756,0.228175578636787,3511.58433358269,1,1
20,0.5,0.508886853119588,2.25128290362146,0.829505924277351,0.981883229080529,1.84040263025861,0.049293274437253,0.0421033906913961,0.0627606093963409,0.129274450211084,0.229353313131517,3484.53975720676,1,1
21,0.5,0.476712117895024,2.29285085571034,0.819164808649447,0.898334541451805,1.95271026185796,0.0509878084635119,0.042762215087517,0.0637893455234992,0.138032946136671,0.222078332113112,3556.56778572567,1,1
22,0.5,0.451141757866258,2.2745599740541,0.792736278336792,1.10653046142274,1.59535376283526,0.0555687585880782,0.0428128276259514,0.0666493392779945,0.128829439406526,0.215640458232837,3510.71595669878,1,1
23,0.5,0.475563247322504,2.3054629742609,0.805821497657744,1.18589187237819,1.81124778625828,0.0487327104059668,0.0439944178259748,0.0651224089477441,0.128672642539361,0.222091589929607,3566.47703683836,1,1
24,0.5,0.556847413901195,2.23573489645177,0.908004932654579,0.806208027780835,2.4849572972422,0.0399585982423109,0.0429291013326062,0.06351084610861,0.139318535608984,0.243241701544364,3508.20371930587,1,1
25,0.5,0.551571388771558,2.35464534315172,0.694577986000137,0.668965126749408,2.43208152205227,0.0427733678393029,0.0399465234636335,0.0599232798450374,0.1430545277436,0.248263921613856,3498.88034308931,1,1
26,0.5,0.567650652001317,2.33131786926756,0.709522805001235,1.07201219306234,2.12522499085297,0.0380744953855857,0.0429002898783068,0.0641870692056688,0.136749421917229,0.243798123029525,3510.35200877086,1,1
27,0.5,0.554332907988461,2.26538600885898,0.868830602631227,0.920552825596955,2.28284746020679,0.0397101885713123,0.0427490955607726,0.0618001217528008,0.138520175340092,0.235747078506514,3531.66991572369,1,1
28,0.5,0.554461819421622,2.27927536710466,0.772606986332081,0.83452132365674,2.24715079577375,0.0418307986637122,0.0408791272034047,0.0633115965768907,0.145161682333584,0.240328772231853,3492.11502802233,1,1
29,0.5,0.515190321920025,2.25027436966409,0.84980748411828,1.06560712999321,2.00871367910823,0.0438449124065295,0.0430290299309922,0.0643749089504637,0.134068470576781,0.220238130684937,3532.62331891471,1,1
30,0.5,0.508974491374027,2.29804341090508,0.79186038490017,1.0168362704332,1.93998739882653,0.04644057149343,0.0404318613241555,0.0612877017348519,0.132864508975292,0.222644768017331,3530.53894468519,1,1
31,0.5,0.454234370961233,2.33305883942497,0.777964265924855,0.703893355447065,2.45996624313678,0.0516662557360889,0.0416248656765396,0.0625179117188698,0.133613058334645,0.230094734865235,3552.47659572223,1,1
32,0.5,0.523866277873238,2.24565865433725,0.823176978599955,0.760534359551726,2.44360350020481,0.0444049734789887,0.0409170494927713,0.0629713542139499,0.139243770617276,0.249998199125403,3475.03751300575,1,1
33,0.5,0.489823778500119,2.28313132436097,0.86663682739799,1.15620891343635,1.75799116679148,0.0475401533407822,0.0430219939177966,0.0651077729939111,0.136151921926202,0.227842635649151,3566.96070737648,1,1
34,0.5,0.509958390547966,2.26387916641887,0.854106530616361,0.904039432762315,2.15549227849731,0.0449870259937383,0.0429261413129197,0.0642942588006076,0.141006405640871,0.233368168381288,3542.92500673492,1,1
35,0.5,0.522479575654303,2.3687741803256,0.743934051999638,1.16711356439709,2.01449670213753,0.0400299753997799,0.0444248546843098,0.0653405016546388,0.140240575775904,0.224163799551472,3615.98940486393,1,1
36,0.5,0.587503553068965,2.25379264454012,0.851879174408586,1.10592575546704,1.93051137489353,0.0385009036711868,0.0436091619850515,0.0646510115143272,0.131718855944925,0.24461523341765,3492.8667777924,1,1
37,0.5,0.481283325637057,2.36738026430375,0.670910971445039,1.03717962734419,1.98700444733116,0.049891889709253,0.041160815193694,0.0642520645401206,0.131156564742008,0.230351773537963,3543.56189581838,1,1
38,0.5,0.38583396301269,2.31332093142656,0.759367679981964,0.853695640179188,1.99487671037165,0.0623127084814834,0.0419802837619697,0.0659189033802376,0.130373025251198,0.216721600338137,3534.36847913406,1,1
39,0.5,0.440716043396332,2.28838998126934,0.85530724250145,1.02972594154607,1.96147985349205,0.0511538174280185,0.0428490205815533,0.0648027604763579,0.127194238624714,0.213088795505916,3563.23589152764,1,1
40,0.5,0.434483692643656,2.35286424697982,0.721810117399825,0.893929359781219,1.99285116907467,0.0568818034141126,0.0416717026496011,0.0629703710124974,0.131244066059816,0.216533575305331,3556.00158828263,1,1
41,0.5,0.519596700403087,2.32951875472496,0.778195851590037,1.07031806646051,2.06562071075318,0.0423875963931138,0.0437021409420728,0.0660034622526103,0.136672251612914,0.222377676277004,3579.52235659932,1,1
42,0.5,0.47038081244709,2.27607339506099,0.86360022179786,0.869840719114706,2.15508479281042,0.0503387933288014,0.0409677535430134,0.0622231626741267,0.132797729792049,0.222665783366451,3535.12436983259,1,1
43,0.5,0.496771028720174,2.28726593105289,0.820245475381513,0.812095170151501,2.24968451339643,0.0486217374031067,0.0415574828838971,0.062376944369482,0.134296850511759,0.230446554538354,3517.72065887527,1,1
44,0.5,0.520544876544935,2.28787727197995,0.807072222269509,1.03097108796172,2.06753050127538,0.0426739683532411,0.0421203501895548,0.0647574856316042,0.1389943700537,0.243450235398071,3528.19816029652,1,1
45,0.5,0.484653611774976,2.34633026348594,0.721033069020911,0.982977306148696,1.931315295917,0.0497757758992643,0.0415519879189557,0.0645382897623514,0.127162651790253,0.2174887840954,3528.24096376628,1,1
46,0.5,0.499654921508009,2.30079063190872,0.862646488311102,0.993171651697808,2.12796456089053,0.046161144364833,0.0425255816535315,0.0641872728963595,0.131666953760069,0.214922074313948,3591.71804078109,1,1
47,0.5,0.606724631816609,2.24138034348588,0.854593348347041,0.966996024716352,2.30544388036396,0.0360269905932851,0.0421267309721209,0.0612116089103806,0.139623016344532,0.263263635683807,3479.8031351552,1,1
48,0.5,0.533435648708013,2.32351089238697,0.829716136498926,1.12806648040393,1.76706467345305,0.0420623768957235,0.0427093014271959,0.063930067973602,0.139517998434465,0.213679331731565,3596.47563592699,1,1
49,0.5,0.485759994831531,2.32397329577625,0.799029916135383,0.942895773417567,2.13562003883513,0.0478028382075773,0.0424575291679841,0.0638724262195082,0.133049004439821,0.226058513011167,3571.16705632082,1,1
50,0.5,0.528054337023332,2.3150532858217,0.80317742657818,0.744620299716466,2.63348651998746,0.0426926971112659,0.0406629350963452,0.0612872511004423,0.134577265533569,0.245999723134055,3521.30586800819,1,1
51,0.5,0.431936555795963,2.33074488576518,0.782597348618893,1.32222927256156,1.27138246461078,0.0584550407567407,0.0436188380021475,0.0660609658796049,0.128342653198434,0.207235118149379,3581.00464866284,1,1
52,0.5,0.499605456702303,2.26837838107476,0.844782748479127,1.04014238587335,1.84295382835449,0.0484775986022139,0.0433448518111316,0.0645828940467422,0.129777603857993,0.226241317879834,3518.15429394238,1,1
53,0.5,0.504553516525006,2.3613541590213,0.725180200726335,0.771551122168577,2.4908763295903,0.0460544490336611,0.0418580717549586,0.0645221275803111,0.130107284536796,0.226981356670063,3548.62800634931,1,1
54,0.5,0.572889587248625,2.28865599919443,0.785594502620787,0.88273873956338,2.3090603927504,0.0396985439518211,0.0423441180030744,0.0634395645300887,0.141942000469685,0.256634160531128,3490.81796581137,1,1
55,0.5,0.521381375320216,2.3020085577888,0.807444860505117,1.0681376693015,1.91078753661836,0.0448894704899744,0.0421724381234117,0.0636267791127379,0.131268572899642,0.228431323452988,3530.57586358232,1,1
56,0.5,0.571966830768434,2.32199936815189,0.815557334934311,0.760611634364245,2.59070283680329,0.03949143637228,0.0403502430770863,0.0603269707807588,0.135960437343941,0.251565328816298,3510.29260245484,1,1
57,0.5,0.444984355622377,2.25558185216851,0.889471073036104,1.03787489763174,1.84709377416375,0.0558317960865803,0.0432566341731635,0.0634342975403631,0.131339646682482,0.228103829056551,3553.24541882799,1,1
58,0.5,0.472243957944197,2.32195785557744,0.788195951574098,1.0265518132869,1.97657058670647,0.0496625881001248,0.0433656113126095,0.0669177322839428,0.12937988288913,0.21655184059843,3562.21999335621,1,1
59,0.5,0.417587760161837,2.25515189092032,0.856071748815926,0.850443605281191,1.88731661390406,0.0597177206089278,0.0422665476762048,0.0644035998661186,0.131244384153671,0.209902939236824,3522.67280698259,1,1
60,0.5,0.479721246626152,2.27587464589329,0.814688062396881,1.02279324727622,1.82523220776066,0.046679516776786,0.0440257630303249,0.0658786682358815,0.139600920593813,0.209414334867337,3559.97032328133,1,1
61,0.5,0.57511764536325,2.40704859381617,0.682475760915501,1.24326179930828,1.90320090671036,0.0376935014028828,0.041977271129936,0.0627672745579884,0.136001498193317,0.239996972251371,3578.64083072334,1,1
62,0.5,0.498905120617538,2.3098211011041,0.811520602585153,1.32296863978442,1.55657520813039,0.0451207618480877,0.0463381357481899,0.0692694052414234,0.138083846669508,0.214743361351888,3610.25519540471,1,1
63,0.5,0.450383858582269,2.30366799264343,0.793724592490985,0.810009463939056,2.22930879568217,0.0556575065465442,0.0410619389962238,0.0625976497622734,0.130879033748018,0.230729617044434,3520.52007599761,1,1
64,0.5,0.50518022648028,2.34468789591474,0.770468559369647,1.28741464258782,1.43782906489145,0.0479386299332203,0.0420192470552522,0.0625597438950495,0.133190179977961,0.212455920024544,3583.50988884863,1,1
65,0.5,0.487282793367646,2.28522375654152,0.828497651823722,1.10940948959539,1.63585374212795,0.0512014544945979,0.0427395273543369,0.0642637130758686,0.125093685401939,0.214939783534406,3525.06238714366,1,1
66,0.5,0.489577965120286,2.27798765046332,0.855417023744205,0.841367750160526,2.12054124020698,0.0513548945590858,0.0431224916000002,0.0653146909177019,0.131703976275059,0.238633883134133,3519.42374431712,1,1
67,0.5,0.499763687773602,2.2743575877625,0.852260454042636,1.02305680174981,2.01993873622634,0.0479545188326239,0.044751320059482,0.067980600084196,0.136625730070946,0.23803625054607,3551.21752409653,1,1
68,0.5,0.490468149375101,2.38402144311762,0.693708478831701,1.17256448248785,1.79154784582998,0.0461091678301238,0.0427458243560692,0.0648146202723851,0.129948964527004,0.228741977156795,3571.72217990891,1,1
69,0.5,0.505771696501326,2.27113053771898,0.812665048373128,0.936518859147487,2.13233374974438,0.0479760360073556,0.0431781387367035,0.0655229296436463,0.127827740581362,0.230062292894021,3506.15919834701,1,1
70,0.5,0.470325132569492,2.30954491207484,0.784582563325754,0.842337447797851,1.98325947629373,0.0543157634334602,0.040781491985521,0.0636453826512358,0.13954924944511,0.233044560476436,3531.66124897431,1,1
71,0.5,0.523791220895797,2.33328479705006,0.74205546414278,0.948041584990459,2.1741751401563,0.0412261225213806,0.0428271183187928,0.0644354342950325,0.135665280461899,0.218187079239238,3559.54163339419,1,1
72,0.5,0.438148673330442,2.32504998973368,0.767837176438761,0.840275180630535,2.01442684478695,0.0571853640963676,0.0414325069428181,0.0619391968555885,0.133527308783805,0.219954766845374,3549.02978330986,1,1
73,0.5,0.540392997187151,2.28918971306657,0.852195494076112,0.97991424439492,2.28128134711474,0.0403420790537377,0.0422215381489883,0.0623818500808644,0.136253312534223,0.243237484227479,3541.34257666016,1,1
74,0.5,0.521869102050645,2.34293517130989,0.770838750826936,1.11099099122042,2.01862603259328,0.0429844535345933,0.0428128399523818,0.063503592554895,0.130660394875416,0.227582909318346,3570.42281025894,1,1
75,0.5,0.506646060597661,2.34582140624633,0.75399574671397,0.818397003975656,2.35678408513053,0.0463446858656282,0.0420951864077482,0.0644121367057808,0.136301637965617,0.233218174609824,3555.16040725719,1,1
76,0.5,0.519789623782595,2.27272638988534,0.892129361129816,1.02631656515289,1.99504238975168,0.0449203448346526,0.0447705958682822,0.0665373739322613,0.132643670792936,0.231904611876313,3551.69323172691,1,1
77,0.5,0.550597269108863,2.28762982381505,0.804572759242214,1.04348629016366,1.95376108562109,0.0411068387967348,0.0429031672104485,0.0636774051835756,0.141588702437005,0.233676883216598,3534.39910077657,1,1
78,0.5,0.431958015606307,2.26977593198647,0.855516025437828,0.998572618990587,1.86810676898621,0.0579530409530866,0.0434582536038322,0.0652462964142543,0.127481717973267,0.223699123447621,3543.31073496885,1,1
79,0.5,0.496934277722158,2.27219577506278,0.887380954568543,1.06983161097246,1.98340477039264,0.0451414106762008,0.0442728073845796,0.06474444964053,0.139099392458422,0.21844191917167,3594.44566069326,1,1
80,0.5,0.415789884421568,2.27939293658645,0.8291074181835,1.12273815190214,1.6529747203105,0.0579905780902191,0.0442461665184887,0.0675312393936108,0.129746176774315,0.219234872606469,3552.13014703034,1,1
81,0.5,0.488697881868865,2.30443791567737,0.783007188981964,0.914652185029062,2.05508099859999,0.0501318483877322,0.0412817957057485,0.0637472696908243,0.134407936648478,0.233517398024162,3522.10037875801,1,1
82,0.5,0.498002547210338,2.3552241856926,0.690623865377665,1.04614301303614,2.04462878075026,0.0459406942245874,0.0436066251518774,0.0646474437714605,0.132231900373399,0.228046883799564,3555.09066821239,1,1
83,0.5,0.486824867305155,2.38843367778838,0.660728469615703,1.04976216176709,1.77855250928936,0.0511752139555837,0.0412793435642922,0.0621469868417614,0.132787480545166,0.227016987277987,3554.70898692718,1,1
84,0.5,0.534567590129553,2.35998390315434,0.740214805636977,0.834919238141596,2.3643409028064,0.0432530382587234,0.043010586218638,0.0640253159855852,0.133161519786544,0.24035501932127,3541.56846224071,1,1
85,0.5,0.523152815638876,2.39238774022521,0.738677069981124,1.05914317448274,2.03750469227081,0.0437665551010756,0.040824176862323,0.0623293208799745,0.132974571887191,0.234906174482836,3585.59516557248,1,1
86,0.5,0.42204595396839,2.3192488969567,0.719305014233914,0.881912918918702,2.00377315336771,0.0586383535319963,0.0419280942641517,0.0652484783206426,0.131798328365184,0.217372958515858,3527.26357100454,1,1
87,0.5,0.45143064332598,2.28486811676673,0.794666812181005,0.779655796414717,2.16897254249682,0.0542548296525384,0.0421865744291693,0.0647428944784791,0.129779623311058,0.227661908464305,3505.94788989086,1,1
88,0.5,0.474877795583924,2.25733627453867,0.880646360418287,1.11977698760759,1.68972640075309,0.0493920841188757,0.0431881018832539,0.0650030858150003,0.132656996876698,0.217166516041106,3551.91464078797,1,1
89,0.5,0.488810978837518,2.28624293320088,0.802158542917169,1.07801387858602,1.76150575278697,0.0515777177940422,0.0428927555418132,0.064083404471267,0.135189848024785,0.226943679217971,3542.72709415768,1,1
90,0.5,0.540168630272995,2.33228835493,0.761611903330754,1.10635211713058,2.00569040924984,0.0408267836861979,0.043386696101584,0.0665491499971954,0.141408218843089,0.240253493081588,3562.12996901335,1,1
91,0.5,0.441145710636485,2.34159940787012,0.691075235887409,0.939863526174168,2.09407193297122,0.0510941497234663,0.0422655598457282,0.0655387704991475,0.134136125936632,0.215218788898141,3560.36277276676,1,1
92,0.5,0.5533556223147,2.25537203508771,0.874846987083098,1.06793791018932,1.98717272482741,0.0407576733587117,0.0428208385032984,0.0630090994653918,0.137922634534946,0.229330204073399,3545.11269700262,1,1
93,0.5,0.478270747228784,2.30724408746641,0.824376803468384,0.692779914367392,2.41939746308757,0.05201697569908,0.0407649787181963,0.0617172014471505,0.135261277582461,0.235413053877659,3529.92753659711,1,1
94,0.5,0.515349453238326,2.34529394267701,0.760610102978467,1.04988391525368,2.0818311537045,0.0432613544489841,0.044270981496166,0.0664358471287596,0.136479013261009,0.232655631056995,3574.67247984059,1,1
95,0.5,0.534619621854805,2.36161975789369,0.802445812574967,1.17634071676245,1.96109147515367,0.0425381430018993,0.0425343291506811,0.0640599042640392,0.128343168413641,0.232563854067731,3583.90033405445,1,1
96,0.5,0.500201067928405,2.30105502476812,0.837643329847552,1.07243646353736,2.08708612219415,0.0466833087139656,0.0424225468811431,0.0636445875541036,0.129152705508702,0.22384577371094,3574.45774605719,1,1
97,0.5,0.476768649467717,2.25631080791837,0.818973614313811,0.956805771474671,1.93447258929851,0.0517437575964128,0.0421016757760347,0.0646743429371791,0.130587571168819,0.22450377170105,3503.09202064371,1,1
98,0.5,0.593393380912487,2.24939811340151,0.956166772940703,1.25818130210824,1.83976612093481,0.0343513829716589,0.0432796033284321,0.0641093922686146,0.148156269958089,0.232442401267482,3567.91925517553,1,1
99,0.5,0.542122404426888,2.28407030158129,0.846602076086833,0.688314825814089,2.62335581814718,0.0432293406014724,0.0404677515343516,0.0609249632293714,0.137689649199138,0.246736317940373,3509.5203458217,1,1
100,0.5,0.513528435228998,2.27771558596743,0.806282615307177,0.725668495116532,2.32422994095129,0.0467252083777813,0.0416669875577983,0.0623957637660615,0.139576261037857,0.236003315335639,3523.47886115349,1,1
101,0.5,0.367831274256651,2.28781961577192,0.801385066927249,1.1535238850545,1.55635374636719,0.0629849014688265,0.0438539293225367,0.0673200716263536,0.125757245885804,0.208002982700557,3553.1058720604,1,1
102,0.5,0.518042700206107,2.29188472187631,0.796884517953659,1.1181117638787,1.93908789330428,0.0440530112574655,0.0437560377791755,0.0668538879070495,0.13819583704898,0.229979145244976,3553.92741840539,1,1
103,0.5,0.470205132893576,2.29343801437367,0.83703262102858,1.08883414417988,1.94154307663636,0.0471271942913023,0.0443320569862441,0.0658549396604567,0.136247896945066,0.223488686245409,3583.29638438768,1,1
104,0.5,0.504060243729513,2.33926439949113,0.770311614930351,0.880370252498606,2.2431660489452,0.0453502248903408,0.0410387160149812,0.0616050668558544,0.140625023017477,0.241885404957725,3549.28481811758,1,1
105,0.5,0.472345479129365,2.27934303860527,0.850301024163133,1.0739313874265,2.05815868751712,0.0476754997193701,0.0455631159258062,0.0670212875391485,0.132974293862765,0.223861094614659,3577.61779079641,1,1
106,0.5,0.50531052488526,2.32188712933325,0.77763222690691,0.861566584472593,2.19418730480293,0.046957395127316,0.041869857128459,0.0640053344160545,0.133773265155818,0.230331690850388,3529.73894356008,1,1
107,0.5,0.470837575422728,2.28691422686113,0.809198333007807,0.735661658251767,2.19102750610352,0.053975111662125,0.0404460072796083,0.0616056642168891,0.137994440361351,0.22835840997762,3515.53523101347,1,1
108,0.5,0.465609262475143,2.2964664617795,0.778896742253577,1.11562139145817,1.63888259756003,0.0532902040918389,0.0425695728254518,0.0659563132842438,0.129142642757997,0.219297441580234,3528.64033693465,1,1
109,0.5,0.447382496728379,2.30534025538435,0.831306741114608,0.825605022000895,2.06107651692858,0.0562572274661417,0.0412748876868693,0.0623371309198397,0.132317349611073,0.22255835383101,3553.06425066311,1,1
110,0.5,0.532162771019558,2.20927566318162,0.948048115474296,0.968807603846244,2.14504273364704,0.0441447286724739,0.0434642771298247,0.0649203913355619,0.133310415478822,0.23737195028412,3494.64679213648,1,1
111,0.5,0.520721945203031,2.21300400292566,0.890020037339361,0.924425099064638,1.93392667307451,0.0466857373912506,0.0422961775481892,0.0640164337735577,0.136458637978627,0.22588446996691,3491.19921531378,1,1
112,0.5,0.46300983382134,2.33936805116624,0.769892361825011,0.905099157905002,2.10254976003306,0.04847568325706,0.043195214683774,0.0649803073649344,0.133303820930337,0.208073432273155,3592.21140851788,1,1
113,0.5,0.518392679653052,2.30004743282462,0.832179966890923,0.80110751941947,2.47990425581728,0.0417178441676151,0.0426188721191733,0.0628451727122813,0.138824194918777,0.227416957191747,3572.68477555495,1,1
114,0.5,0.528951084059998,2.35146810335482,0.744169680797075,1.08925187630153,1.91711039024039,0.0427142919548714,0.0426921349464359,0.0643328354914704,0.134750389261879,0.224194446131964,3565.95427510209,1,1
115,0.5,0.513045351037822,2.27951175068008,0.784150549476723,0.80503898884688,2.31702808411481,0.0446956540391512,0.0431188696201491,0.0648929746059364,0.138232394825452,0.221200391328422,3530.65172592609,1,1
116,0.5,0.537875737759085,2.26835068157154,0.873523970523956,1.09248344817197,1.92434524334787,0.0429170043645565,0.0427398408352979,0.0637891853087706,0.137026378275981,0.224994894652249,3549.46660101416,1,1
117,0.5,0.522042450142169,2.34295939870455,0.728016729135711,1.13569393309341,1.83094800982004,0.0442703320697138,0.0441993281446215,0.0645866282464892,0.134016754459506,0.226157311540255,3567.47277896078,1,1
118,0.5,0.539048262084066,2.35597781753754,0.719402865772458,0.81580292242403,2.38752862534943,0.0422815047996509,0.0418490684286863,0.0619638491454198,0.141951045478995,0.234978950921133,3557.36584266777,1,1
119,0.5,0.508075936722982,2.30067482011756,0.835131271783352,1.0016728840397,2.18205174284764,0.0447031312194568,0.0441184454713139,0.0652992602800184,0.133404971204501,0.223129105818924,3584.89995526372,1,1
120,0.5,0.492937243237678,2.2411585741446,0.85896226194061,0.804182834474215,2.12193848583271,0.0514083367519819,0.0415812120216075,0.0627536759912775,0.138265304327384,0.233591085041057,3503.57185151546,1,1
121,0.5,0.537887655725985,2.30930051874756,0.77088336160451,0.90226849064266,2.10755433892638,0.0422227804357199,0.0428085486556096,0.0638836124469337,0.14492712976969,0.235856408154569,3539.9471304315,1,1
122,0.5,0.39581691565188,2.25450573724808,0.870987630849055,1.02581921689422,1.79218583059251,0.062662915438125,0.0445267352727754,0.0669172105924025,0.124547625365911,0.22230646524796,3537.67220256556,1,1
123,0.5,0.496523750937455,2.21763975149285,0.94146160753612,1.07573257139409,1.85260433731797,0.0450668669486227,0.0445043226093022,0.0662192998601661,0.13947491180768,0.220742503637413,3550.51195152981,1,1
124,0.5,0.497442865264605,2.29533832218988,0.777454927203191,1.04648172758735,1.98957696226421,0.0439190408350309,0.04312130003502,0.0661021962643684,0.136482823377587,0.219889854169135,3545.45039731335,1,1
125,0.5,0.515322851662843,2.32819721581053,0.809101283356713,1.2209865729169,1.75522595930012,0.044621499598456,0.0430434072796017,0.0644550529016007,0.130722512936163,0.227355945486326,3574.67728313505,1,1
126,0.5,0.49427917080958,2.29695149720823,0.795861470287455,0.901666810592676,2.11881629322737,0.0472140904258962,0.0416721703435105,0.0634603146072351,0.134748012394997,0.223144685967511,3542.26605786547,1,1
127,0.5,0.477624084855359,2.3121757634654,0.767985871321884,0.991407920311847,1.89001118895226,0.0517251983547708,0.0421966608001799,0.0643869330593786,0.128160643732847,0.219474074004015,3531.49035209683,1,1
128,0.5,0.543403657354738,2.27094062822057,0.826686981229668,0.846322866945418,2.26520183316958,0.0431911258732608,0.0411276748455192,0.0610019995476571,0.133180767553175,0.239516400560224,3488.58412906442,1,1
129,0.5,0.548827547586459,2.29686271982525,0.841729386799089,0.943647120342915,2.3591149090903,0.0403514603516199,0.0418541225160551,0.063250183125216,0.133276871743112,0.248872124825006,3518.57657627452,1,1
130,0.5,0.476480033258209,2.31351964978806,0.809797744014804,0.998721753412589,2.01645839463406,0.0476432432957904,0.0423557988668368,0.0630505285221334,0.128608176792825,0.220716689218257,3557.71354374464,1,1
131,0.5,0.613922850842945,2.23740950493284,0.807917721841038,0.959701374541833,2.13632167260018,0.0366482629866313,0.0421861156903444,0.0629548303692063,0.146587195853587,0.259524280368435,3448.7582385772,1,1
132,0.5,0.533605264813802,2.30428047040707,0.769528764059016,1.05112152773414,1.85898655460957,0.0444833426245231,0.0417230725320221,0.0620222300540875,0.134916593671968,0.222620511455311,3536.12965552217,1,1
133,0.5,0.458473313742246,2.3601114183364,0.690258961763158,0.993107555379639,1.77737645887577,0.0539809821372186,0.0407486603898477,0.0630024984424987,0.131177313087714,0.210499282586838,3548.27345319376,1,1
134,0.5,0.492910799839849,2.26642953586502,0.832554870522989,1.03536281314065,1.75135232404117,0.0529725768557667,0.0425234187015722,0.0649030228513942,0.133907106175278,0.243498808587503,3503.3776843886,1,1
135,0.5,0.492695502037273,2.32573178633679,0.794425386987863,1.05824121887799,2.02262243833898,0.0451962831339174,0.0437089079483816,0.0668902672686301,0.135841884623827,0.215652492040348,3594.51986614841,1,1
136,0.5,0.486494603557895,2.33580328207487,0.764095884516517,0.819251495250362,2.38877210499721,0.0456392525999689,0.0427253930639322,0.065213809896414,0.137608888048622,0.224446019840501,3569.5553808911,1,1
137,0.5,0.476838715970631,2.29475687779548,0.837007387542969,0.975863328312255,1.91231691307143,0.0535742757429465,0.042115063909046,0.0637565318079959,0.13097187616083,0.231798307908163,3536.79943239943,1,1
138,0.5,0.504051143983305,2.33669516992719,0.691403921844743,0.948805075267994,1.86846957695065,0.0491206142435962,0.041190531401188,0.0629885525687119,0.136167581250874,0.224575969048795,3520.83174477461,1,1
139,0.5,0.530601766191714,2.35009600595001,0.748935636310277,1.14242326280502,1.82010941456693,0.0417118511220058,0.042560333301837,0.0649027418692524,0.135633827274844,0.228129200726366,3555.63723582571,1,1
140,0.5,0.522001982058693,2.35383280846149,0.700878088692838,0.987317348239877,2.16632145713822,0.041780244050455,0.0446508807395189,0.0653194424255763,0.133687938164662,0.220456818132901,3569.83802229648,1,1
141,0.5,0.553673291958148,2.3468409687459,0.795035025653816,1.01655641151504,2.28227048828349,0.0372362023760177,0.0432905058671288,0.0632780312529805,0.139944536219107,0.229741724525582,3610.16383928123,1,1
142,0.5,0.492868700039011,2.287891131654,0.878899415210923,1.17356132293313,1.74226690374714,0.0471092234304916,0.0447093769287178,0.067642932695401,0.134077791243636,0.213335934453503,3593.31335176826,1,1
143,0.5,0.530885201668059,2.3047871849542,0.779084143215713,1.01221431255233,1.62628094941973,0.0505267607476636,0.0399985302786457,0.0613120782728225,0.133507210122297,0.246397435268421,3486.701700942,1,1
144,0.5,0.56609222848822,2.32431268154431,0.864326252553866,1.01030607736576,2.26296239268468,0.0383094828269927,0.0410364594253164,0.0619113005561142,0.135583302929539,0.24178027987503,3565.52246813475,1,1
145,0.5,0.451641193070939,2.28392378826485,0.799049231599722,1.06002868010813,1.89467886619638,0.0522650271085404,0.0446770097704464,0.0654659245069278,0.129916720040418,0.225988544477126,3541.24680197979,1,1
146,0.5,0.522438153970757,2.27300099595372,0.879936990137887,1.15747490185107,1.75779870458114,0.0445361849957776,0.0436068621070148,0.0646845561943519,0.13156416545093,0.233924815110155,3543.63028900543,1,1
147,0.5,0.532795572939428,2.2783640966253,0.818160596786076,1.03090699391929,2.08685150206635,0.0412931199427295,0.0441383113069395,0.0648540613302014,0.137341792012511,0.22516766207349,3553.76585103607,1,1
148,0.5,0.489757061537383,2.30914524150188,0.821819765189668,0.977458290988568,2.06401916872721,0.0470977432254111,0.0427702216422649,0.0641626183058305,0.131729513353429,0.226547439941647,3553.98161571463,1,1
149,0.5,0.464110501909522,2.35440355889632,0.754197279729991,0.862576223577365,2.37913943613082,0.0460296205271523,0.0440633494967685,0.0658286324287261,0.135686119768642,0.232921400884767,3573.00349931313,1,1
150,0.5,0.432817474134642,2.35633907385542,0.681016996940713,1.13041635813162,1.51643276465018,0.0605562376822561,0.0423860749459055,0.0650958382240198,0.125589799278169,0.212692638860373,3541.62141421824,1,1
151,0.5,0.494746868140328,2.32419380458169,0.751997242787403,1.16631032272347,1.64778475129389,0.0491369478922327,0.0444074138058011,0.0668667015939435,0.132198072542253,0.218796327047023,3555.02501887112,1,1
152,0.5,0.515433986945415,2.32972347990837,0.820020197011305,1.22709532617243,1.73913435435693,0.0450326228765149,0.0439198001023827,0.0662270827821204,0.129451524409789,0.219848346483718,3587.36324565383,1,1
153,0.5,0.517389777507083,2.25554333835565,0.841803783903344,0.955222944698205,1.91970481322708,0.0472519932821568,0.0410559597864858,0.0628840871378295,0.137173531710103,0.23602764635721,3494.97092463983,1,1
154,0.5,0.498595320690033,2.27039769133702,0.824384842500256,0.904914269770401,2.10406288449359,0.0466421955532229,0.0429581171995447,0.0634794705589036,0.140097152158409,0.224758242381465,3551.01305640335,1,1
155,0.5,0.540333489957919,2.23657529144939,0.895213249680316,0.992931849005118,1.91516565641555,0.0442299004877377,0.0421784900482366,0.0634104040334509,0.140557229900966,0.232611805489533,3512.76841974514,1,1
156,0.5,0.417259940134371,2.33855750493885,0.776952401002235,1.16315691500773,1.61753561668843,0.0584988406055028,0.042815900882938,0.0647410377668285,0.125246069915779,0.207663415153512,3588.35495141928,1,1
157,0.5,0.508021180106347,2.25693190058359,0.904625809293044,0.97143696087911,2.05541111549287,0.0442724775669866,0.043156009039464,0.0642316724972115,0.135737931231595,0.225219358972213,3548.37581335529,2,1
158,0.5,0.565276535394132,2.31598260021506,0.764077240414291,0.763432258175355,2.30638881376533,0.0430695073067481,0.0399781018634953,0.0603111804027843,0.13911240539667,0.249989868337681,3498.57715789157,1,1
159,0.5,0.47478850208153,2.24741573997063,0.936159405522018,1.11778027222043,1.89777814070091,0.0497035819970027,0.044416113787747,0.0647087205212667,0.130205104223268,0.220531723102082,3575.43171220039,1,1
160,0.5,0.4905524535438,2.26512251365505,0.847123938670453,0.872355153500506,2.22055697874085,0.0456934093261464,0.0450108817517073,0.0665111719061585,0.141533270747348,0.230408316881599,3559.60765848821,1,1
161,0.5,0.523407620989418,2.30524214140008,0.795211778493039,0.977370911430648,1.86362332464288,0.0478843186916352,0.041727023216795,0.062823466600174,0.130678155491372,0.226344374795303,3517.73734751104,1,1
162,0.5,0.428183373245278,2.3275470149216,0.781118020029723,1.0452991527363,1.94215510982804,0.0545184405605314,0.0431915704820529,0.0669238949563742,0.123345437370463,0.21613595132901,3562.14021197682,1,1
163,0.5,0.505747847961335,2.27384133793798,0.842734354305264,1.15568450090665,1.74375090365857,0.0473428769140289,0.0431916272823032,0.0646861974655061,0.131558605107645,0.220235737208912,3546.76052527435,1,1
164,0.5,0.524417184945398,2.31365603847573,0.760373946940144,1.1733958885994,1.54714657987614,0.046761149516643,0.0427049610049245,0.0646536032589986,0.13731618791726,0.232558445606846,3526.50066529515,1,1
165,0.5,0.480847643161769,2.31669274882953,0.787583269235011,1.16482475442853,1.63886676436682,0.0486598442555131,0.0432176075726184,0.0645127015968047,0.133721928113852,0.215895036525474,3574.66023873384,1,1
166,0.5,0.540638681515918,2.20495371703853,0.873031324864949,0.851449208929281,2.01492395924671,0.0461148733967738,0.0406956767554334,0.0611851089173468,0.141079820583185,0.243480613155772,3461.98053989037,1,1
167,0.5,0.566984409315743,2.28921479838399,0.755882362025985,0.937420713038297,2.10198894190762,0.0396708899808641,0.0431933404663273,0.0652022348446074,0.143713205524766,0.246920181241885,3499.35129532089,1,1
168,0.5,0.454115686911144,2.33454500749404,0.71369474318891,1.02673543128051,1.93431922831581,0.0503957194358506,0.0436620344732543,0.0664388342557523,0.13507282405096,0.219240164653753,3568.77417783346,1,1
169,0.5,0.514555286188166,2.27695388536896,0.885664526314098,1.07364545252788,2.13753393094335,0.0434949285586254,0.0446467821708964,0.0656662090247548,0.134870438820548,0.251216710388042,3553.29923339418,1,1
170,0.5,0.487182024808296,2.39069618830757,0.736821507995143,0.910895419234023,2.34506522862326,0.0470813422042307,0.042098809649141,0.0631056672461288,0.129665407200308,0.2233344808784,3598.82590026156,1,1
171,0.5,0.471984177096279,2.36597716402952,0.746501962531603,0.863983688550466,2.3155631122547,0.0476723902510905,0.0421506982429423,0.0645654359856508,0.135368008612929,0.233345220799788,3577.88292380742,1,1
172,0.5,0.478039028734748,2.21721315975739,0.895040467727577,1.03260112439617,1.7770396969622,0.0517569656529539,0.042795480803021,0.0654496061180656,0.128668578446437,0.21067058487992,3510.17411236678,1,1
173,0.5,0.427276735304681,2.31577816870496,0.753317629263129,1.03022102697619,1.89580948769942,0.0575627618648062,0.0441747234434855,0.066670632356812,0.12959429710445,0.220491859757674,3564.22311806591,1,1
174,0.5,0.537839261630033,2.30852347179377,0.788411275569875,0.958434043840942,2.14374018110772,0.0428975820329049,0.0421831815919866,0.0627160101431442,0.131423852478659,0.227940129633682,3532.11417422835,1,1
175,0.5,0.555816584928227,2.34839092764543,0.683852005291507,0.691789632144943,2.58623301802066,0.0407955499805054,0.0400276737025432,0.0614117192790729,0.138594740652141,0.246154810753433,3492.39344904338,1,1
176,0.5,0.500668705087065,2.36568380754503,0.730266156953521,1.09183182835065,1.84176724034422,0.0487528727302575,0.0428613666521412,0.0644094828302572,0.130222850952102,0.223872630836032,3570.41112004559,1,1
177,0.5,0.464752157625966,2.27601778067289,0.795117828982993,1.00226238293512,1.89728133691524,0.0520532619864304,0.0431089061395208,0.0649679754632528,0.131159731876047,0.222668777954893,3536.892074231,1,1
178,0.5,0.403339253585359,2.32750886182853,0.776632609476545,1.17968824491776,1.64547779541295,0.0587981716399533,0.0430159169988032,0.0651752362770345,0.121879857908839,0.205363378795539,3575.15063178074,1,1
179,0.5,0.430822638031377,2.34428544169003,0.759071469759519,0.992790904962881,2.01767783294107,0.0524083059181588,0.0428299273981415,0.063833901411454,0.135081175085914,0.213238717134243,3609.81147569214,1,1
180,0.5,0.525614251883473,2.25038899186171,0.839227991628473,0.803251369425742,2.16147709330875,0.0456138148194047,0.0410843231762087,0.0616983801922286,0.140015382269997,0.233670114525964,3501.13478492829,1,1
181,0.5,0.581676243774767,2.36631962620491,0.722317378116575,1.1062323498546,2.07406785176999,0.0353513078404501,0.0426896533089775,0.066164185903749,0.147594540418245,0.230723020512791,3573.47472784695,1,1
182,0.5,0.547286383529177,2.40493919023429,0.673757416841951,1.20017088857797,1.75644115457904,0.0418267890303018,0.0412534649720229,0.0626424276569448,0.135774339975209,0.221603991540045,3579.61410338009,1,1
183,0.5,0.547284939041036,2.36930114683201,0.69560528736109,0.91352533191789,2.25764536141596,0.0408703233276491,0.0421485302451785,0.0650527290044465,0.140903474565093,0.241683178380367,3539.8105704448,1,1
184,0.5,0.544287316986568,2.34776664308106,0.67088419268116,0.875812365755122,2.06285423055116,0.042998241497248,0.0407254121861467,0.0616692452845287,0.145621590970305,0.23389462728493,3529.90165871415,1,1
185,0.5,0.543810058119818,2.22383358648306,0.873230365676754,0.884430527487824,2.28498649991083,0.0410751714318856,0.0434174702818902,0.0642790151934907,0.143409655151486,0.246525352002623,3498.64310083764,1,1
186,0.5,0.485689937852456,2.3889532997865,0.696788926392145,0.852029683659581,2.42089085022344,0.0455456975562893,0.0428917153514566,0.0651489802095966,0.130574817618575,0.22191677829728,3575.63103218135,1,1
187,0.5,0.578088831617952,2.26988149169886,0.823597775369057,0.874302955239095,2.25175675586871,0.0383236073712206,0.0419138204539379,0.0620187719011058,0.140226497565626,0.23749350106384,3503.77463417865,1,1
188,0.5,0.509850327196884,2.36711438570604,0.739622878382369,1.18925069607753,1.77091811516101,0.0471841275348615,0.0422268745004691,0.0636476241595636,0.126916593698622,0.224505918392582,3566.63197023088,1,1
189,0.5,0.517627123913654,2.23698501959525,0.887152866934512,0.950857529537407,2.09603632255461,0.0438348679477149,0.0436136255588924,0.0642371936893942,0.138924152241492,0.229484184602964,3535.5462292342,1,1
190,0.5,0.434396511337906,2.32621992736771,0.789759298813089,1.06734510772625,1.88249938720534,0.0527864126308989,0.0437618561301334,0.0654285858016277,0.133018287653213,0.206999431700638,3607.53272947727,1,1
191,0.5,0.493073320164072,2.31604931440001,0.754163975902476,0.989893684162107,1.98906053788201,0.0466636507454872,0.0418795864208247,0.0651331142541518,0.139951567186734,0.231683936931524,3538.97480620642,1,1
192,0.5,0.518404643686818,2.24815408024571,0.848279518936835,0.804378935903042,2.16624706395725,0.0474397445083357,0.042735955480416,0.0636507671888919,0.143959207236888,0.240169770393328,3519.12199598678,1,1
193,0.5,0.423249392603906,2.35521618418597,0.789275496157077,0.971576727967211,2.13499022371624,0.0530326121551425,0.0437544946467206,0.0669810393765049,0.128705507153994,0.219561968935749,3599.28071002975,1,1
194,0.5,0.471055346979301,2.33579717497258,0.731938917353153,0.79418528331052,2.21005120712746,0.0516100991235743,0.040787665970139,0.064087296592237,0.135515615525813,0.22494779856614,3533.33350941729,1,1
195,0.5,0.546805130632467,2.29400132720438,0.747655048566086,0.79543600418011,2.46789104620781,0.0419715744455762,0.0414719784782961,0.0631064674697438,0.138567593573195,0.247808012883929,3489.1588447177,1,1
196,0.5,0.515974762368939,2.31565680390225,0.739444080891025,1.01658888360685,1.81853824174472,0.0467200487811669,0.0415266461897496,0.0621879530667307,0.132268215049896,0.216254706385942,3526.21896582714,1,1
197,0.5,0.510964044745745,2.29476272228253,0.806423604265935,0.874921531743464,2.11012742294434,0.0480058946726548,0.0405604030223216,0.0609173424019002,0.135662308547226,0.236200136341237,3515.00758335774,1,1
198,0.5,0.471666739225134,2.26904073753195,0.777900825952728,0.948730589276265,1.70687202278341,0.0541339810138497,0.0409432288278479,0.0624822571576762,0.134682011528509,0.227017583196972,3481.40616214076,1,1
199,0.5,0.511760623530818,2.36136222495868,0.692669306449478,0.992879557144762,2.25508093773047,0.0428037799565063,0.0427363616224103,0.0655254235783183,0.133411535596303,0.228048025790163,3557.47461273661,1,1
200,0.5,0.522276069902409,2.24162875238568,0.929783020025866,0.890569171270735,2.36726383102692,0.0430205912472431,0.0437989957060848,0.066634330380209,0.132915195490326,0.239603735981921,3525.6336635722,1,1
201,0.5,0.511771845843392,2.26188146642536,0.846229152625252,1.1597494494742,1.72360927207928,0.0463252912567992,0.0431146628167956,0.0641454496170875,0.136236675488612,0.22559742880696,3541.48045008245,1,1
202,0.5,0.475148802242725,2.23105606550928,0.867317960398378,0.766693948160072,2.31533218890819,0.049099802263578,0.0418537334240656,0.062144370850407,0.135541169510736,0.225807339850402,3510.78269186753,1,1
203,0.5,0.528576888823407,2.25643785036625,0.789547660511661,0.74639738476083,2.29839607400249,0.0460124902659344,0.0421467737566857,0.0631132985989831,0.14013858558601,0.241967781840659,3479.39493198203,1,1
204,0.5,0.444414083982592,2.24535175936472,0.85060793267497,0.89754406967487,1.99819045193802,0.0535987209601371,0.0437450269641704,0.0665995359274563,0.133198257638939,0.216482706350773,3527.6857457737,1,1
205,0.5,0.530971528726383,2.38764056898458,0.685110947628602,1.07910946383541,1.89792623679629,0.0433918260253353,0.0418637345351727,0.0633453931932326,0.1346806133081,0.221523144257883,3565.39029507665,1,1
206,0.5,0.502289475750401,2.33081387711271,0.751398260020637,1.2554097235993,1.6144454155723,0.0457749014542668,0.0432278974878534,0.0658444374977751,0.137835479985244,0.216501398064423,3573.12297283257,1,1
207,0.5,0.543368159596268,2.28341805947988,0.826222780390839,1.12881217355112,1.90858864252116,0.0417227312756294,0.042703803976734,0.0635408536508265,0.128856603502703,0.221980484932439,3529.63627974375,1,1
208,0.5,0.546630737601282,2.34764722406203,0.789103845180749,1.07940514235868,2.06397279488235,0.0407459360654332,0.042423037254164,0.0632512378498784,0.13451151770486,0.22893626376694,3582.06375024886,1,1
209,0.5,0.471905138997734,2.35270490043582,0.670030859510706,0.990368280367557,1.77251304560077,0.0548214265123237,0.040658921572211,0.0630067826559658,0.135451397408612,0.228133729826722,3531.7051762823,1,1
210,0.5,0.485476109241462,2.42865805189902,0.660459073148431,1.33493144501527,1.46623220005494,0.0493260664214268,0.0432729708809813,0.0656399866645357,0.130274572878216,0.206432311743102,3628.74237561139,2,1
211,0.5,0.460404973125568,2.32554501918001,0.775024207775589,1.16180853581958,1.57361379371828,0.0540520466676082,0.0424723727374928,0.0651712945796039,0.131327900047088,0.215744245663988,3558.13022599279,1,1
212,0.5,0.539389521764875,2.36942104142404,0.682531526873234,1.16423883060043,1.95540891949268,0.0414823928221598,0.043326345760345,0.065098749414552,0.136751651075886,0.235642650553296,3564.45924925109,1,1
213,0.5,0.552047982344491,2.30505239599035,0.780107672482257,1.09823712757546,1.75898468418095,0.0435830300445527,0.0418494872232099,0.0621867836874326,0.135547631116825,0.229753966315732,3526.58699555466,1,1
214,0.5,0.390602702774809,2.24220659462483,0.869607145694479,1.00980780201938,1.73694438773314,0.0617568430667524,0.0447629669369884,0.0689535220644727,0.133065835134056,0.216972999563016,3542.8369858291,1,1
215,0.5,0.428130891798503,2.33570608566863,0.731489011003695,1.05648396876805,1.76285414665661,0.058611589697603,0.0422517609986692,0.0650395691050806,0.123816613920617,0.210064367074553,3546.84972954963,1,1
216,0.5,0.504733461412731,2.23933211088514,0.906409243464581,0.947776229144084,2.15796785593742,0.0454995007709817,0.042677985152964,0.0632500523502459,0.137015227416191,0.223714112697966,3552.02599276137,1,1
217,0.5,0.600860927322441,2.2839341460913,0.813278089201872,0.964176024393986,2.30634194291193,0.0348024056558124,0.0430562385388726,0.0641500065455389,0.142901225784533,0.240777093138245,3509.57741407681,1,1
218,0.5,0.501305910404072,2.33388425796344,0.78492921667886,0.914388437647125,2.28873625445343,0.0448284078657116,0.0422299830901921,0.0645125907772131,0.136181722701654,0.237346076647653,3558.13720835148,1,1
219,0.5,0.485260942179661,2.3559035204941,0.781488189417961,1.17710681906397,1.80291996167268,0.0506550227609908,0.0423748333630303,0.0657292764547367,0.125248947251363,0.215312103257987,3584.26241918419,1,1
220,0.5,0.538442637473839,2.22046865369285,0.957290958974759,0.9837332188,2.16039881283939,0.0409840976190845,0.0460986638638128,0.0672735157819883,0.14031486861931,0.229569041295297,3575.08744650504,1,1
221,0.5,0.519440454100061,2.34936436705655,0.748820631543018,0.919838916764014,2.316943718942,0.0439481600223067,0.0420331581899108,0.0648760121142463,0.133244672902739,0.233026341865945,3551.24923321797,1,1
222,0.5,0.450033762541519,2.32572431399559,0.833697101870882,1.05056170391184,1.93374540808634,0.0540420457818729,0.0433313957654897,0.0662899827680892,0.123645142058061,0.223065627126973,3570.40527268722,1,1
223,0.5,0.467506629859323,2.25706405773961,0.861556710478316,1.1204276768357,1.54155488353156,0.05465227942433,0.043440695293811,0.0648668796147427,0.131020027339177,0.222886738494787,3530.48378229458,1,1
224,0.5,0.544703324959427,2.21872023644875,0.951311134365746,0.97139409127226,2.20511096531021,0.0428336000752131,0.0431480430684996,0.0641902745004357,0.13844419322524,0.251292786235378,3518.72674417005,1,1
225,0.5,0.584903820352303,2.28529021448645,0.906602480844988,1.06049532805919,2.04206185324539,0.0376404850568448,0.0414556214390589,0.0621680739653008,0.140118224124282,0.236184769955781,3551.56129696822,1,1
226,0.5,0.476289991185327,2.26238547631131,0.88213729226637,0.867226594395337,2.34253218004142,0.0498686163822024,0.0439380553417403,0.0653554231412646,0.131927189024731,0.241675352214996,3535.90413836745,1,1
227,0.5,0.478579982667388,2.27073185129842,0.805635667623617,0.789744698741287,2.17966098349214,0.0496888755237298,0.0406232406706927,0.0630950783269661,0.136866942927194,0.224943792712571,3504.07660384649,1,1
228,0.5,0.47664451952712,2.24956936142267,0.871103653023718,0.830675524647563,1.92367636538487,0.0552765170117002,0.0410114766529408,0.0622000683038423,0.134100191893655,0.231211937057985,3495.51232318942,1,1
229,0.5,0.523008948497793,2.27802628289298,0.836060509754593,0.652638748051236,2.40747018940213,0.046338147511346,0.0399232091824475,0.0616709340803395,0.143265699930427,0.227350081265857,3523.33726325781,1,1
230,0.5,0.498156938196229,2.28967073552772,0.846545398983062,1.03987146942173,2.01391598497697,0.0457917051451546,0.0438470203262721,0.0680694603669065,0.130474045883795,0.228688937343969,3545.96789414605,1,1
231,0.5,0.436835114470962,2.30227000021922,0.845543320365903,0.715369830759167,2.3605550936819,0.0578021104992972,0.0405987997213416,0.0612980962766733,0.126906989259897,0.226227729793222,3526.4166329114,1,1
232,0.5,0.472126950815473,2.28232802289529,0.811417412543262,0.871871773658887,2.09555003653154,0.0505240256805366,0.0431273393247305,0.0643647635663312,0.139200041737326,0.226141105990578,3553.03451781647,1,1
233,0.5,0.451448482050524,2.26234159313488,0.837827241186968,0.970977305902848,1.99983665658796,0.0514438273586439,0.044739029821302,0.0673288414197626,0.133326410652103,0.210061348431121,3569.27249798448,1,1
234,0.5,0.517428736469872,2.30624221030797,0.796409946865161,0.804726157142544,2.45601938864358,0.0431389487011426,0.0421804047911676,0.0648226262755247,0.138562332608083,0.232153165347973,3547.19397328981,1,1
235,0.5,0.460818876288618,2.30868351912679,0.853534267994644,1.00320937710132,1.89356220028198,0.0517194974238132,0.0421163820617639,0.0640208940619294,0.136712350503121,0.216226658577687,3591.13760699115,1,1
236,0.5,0.502820808137505,2.35630291062061,0.728515411077506,0.977177918059433,1.94930718608348,0.0501910041743644,0.0425994329360904,0.064089383162343,0.133789139413849,0.241253655237584,3547.06011057116,1,1
237,0.5,0.506307720607524,2.29063306305446,0.809924942970695,0.964346121141404,1.95458196187555,0.046703788126502,0.041617047191097,0.0626462085789955,0.138794425832697,0.215592699294727,3550.14389655751,1,1
238,0.5,0.452651376041103,2.29515822247362,0.827836594661412,0.854186332814781,2.13710706360237,0.0526940100627422,0.0421068752773608,0.0639929226675785,0.12771273173035,0.220312014262669,3532.3064016184,1,1
239,0.5,0.514581636872016,2.34054785277943,0.714835047104202,1.04278247898046,1.79997628285823,0.047199991901775,0.042376841718675,0.064708845048078,0.13850202837936,0.230431328174517,3535.68701439036,1,1
240,0.5,0.449102598497653,2.24871292138487,0.872729515836803,0.932080535626703,1.82282542808676,0.0580229426080451,0.041378034111548,0.063880355565992,0.130256950299708,0.225284746613706,3501.48420903618,1,1
241,0.5,0.321413103054134,2.28001025852192,0.827119662282878,0.859484114340924,1.99395113910058,0.0737930043782084,0.0439127956816786,0.0673625634963963,0.125147310115333,0.224804094193811,3525.87462515245,1,1
242,0.5,0.554041517925751,2.28249393852046,0.759888325551355,0.791634069045609,2.10130095723129,0.04274011007151,0.042317478197474,0.0633603810946045,0.143387101136005,0.241753411158057,3481.79736372047,1,1
243,0.5,0.438127519244811,2.31577647121312,0.690677670862993,1.03453611841004,1.76238906482103,0.0585450635614192,0.0425760821308285,0.0658683915291571,0.124870399699746,0.22429888441599,3500.8584701833,1,1
244,0.5,0.470424457766376,2.29101313336888,0.843542893667047,0.742919309669952,2.26030904850026,0.0542597791418314,0.0412047890828087,0.0620988528031951,0.134313679294868,0.232602295021623,3527.77048048802,1,1
245,0.5,0.484253569433255,2.26471171254723,0.86461584585202,0.93124022193395,1.99428717778229,0.0483916864528006,0.0427922570690962,0.064682760934609,0.135116089871461,0.219228896331396,3540.10399574711,1,1
246,0.5,0.516480420022978,2.3599049462305,0.748072242798698,1.21765797898715,1.81736343088943,0.0422257304276305,0.0432924225385329,0.0650800692379424,0.139607944530731,0.225816193943036,3598.06769171629,1,1
247,0.5,0.489481081714422,2.30468094950593,0.845310406522097,1.04383221588722,1.94709602691132,0.0474231951524578,0.0431959462166054,0.0656253693671936,0.133467600005163,0.224995152177238,3566.31625594847,1,1
248,0.5,0.538527087913349,2.32394269312337,0.809737104465051,1.05215756859983,2.06315358098234,0.0421076324709665,0.0423248904689694,0.0635669962033496,0.132569702705469,0.231622745561345,3542.66551474331,1,1
249,0.5,0.511465317239557,2.34449560923849,0.781859675700794,0.920650349469941,2.28968094395709,0.0455143892053,0.0419373825559532,0.0627479020329985,0.138075982172812,0.230726242415379,3584.63651034327,1,1
250,0.5,0.519069446246727,2.30441248408277,0.821786903443914,0.9585852242409,2.11684892966688,0.0450126316136223,0.042520972446158,0.0641378844601326,0.134651584651312,0.224740205164255,3555.32293811181,1,1
251,0.5,0.533075963919886,2.28014470413983,0.831156630094278,1.01244023155355,1.99566061936105,0.042520633228253,0.0431733859035016,0.0655464225167284,0.141380438496789,0.224815030305907,3556.15473928685,1,1
252,0.5,0.531972624983558,2.32262784956717,0.838036209939256,1.1069250286244,1.93525149201933,0.0429611929951221,0.0433448678843742,0.0641890632553953,0.138899142999331,0.230221586267102,3595.18525769722,1,1
253,0.5,0.417087752121229,2.32838942953364,0.715440498637778,1.03901127801936,1.82170105990262,0.0586747092549513,0.0419318085329245,0.0649893141238408,0.131937762352734,0.223871577671364,3548.0770019748,1,1
254,0.5,0.516510326126862,2.21028545434168,0.994612772994389,1.04108946195727,2.15130559795105,0.0436824549068654,0.0446212784496266,0.0641951686938766,0.130928122097608,0.234654378698724,3550.61376107044,1,1
255,0.5,0.491227294637573,2.42219686072201,0.65735583434721,0.902839060207841,2.20883945241472,0.0478537135882066,0.0415610081037529,0.0621812044938786,0.131109200096113,0.229106351282003,3575.26285666168,1,1
256,0.5,0.54460468949969,2.29495452315056,0.840498081999137,0.835015985216312,2.30000790056142,0.0421611336103175,0.0423414445631472,0.0637425406559712,0.143064776397948,0.23960143909272,3537.17887173402,1,1
257,0.5,0.543500411381664,2.32787733320476,0.729782027180361,1.03090444634429,1.97283444839312,0.0432733942830216,0.042706983148729,0.0641551823980402,0.136055043747025,0.242095439263732,3524.81804776762,1,1
258,0.5,0.456237484306809,2.27553898292372,0.816400366112037,0.813600958212624,2.20525764659116,0.0536231751576646,0.0429131192933147,0.0659324839050106,0.131096388268903,0.236499094611572,3506.13258164855,1,1
259,0.5,0.463424864848693,2.30974159142259,0.772789238633317,1.01309923232234,1.89267237453893,0.0545429821023887,0.0429946007767913,0.064957241645206,0.124245993834555,0.227887973157299,3515.40526446719,1,1
260,0.5,0.428661412630004,2.33056335520204,0.813011363089116,1.06820323882597,2.01500393703468,0.0517389284165938,0.0441379685557151,0.0653439394294903,0.126353547105173,0.217272687625181,3606.19302621867,1,1
261,0.5,0.541239641116682,2.29130245713789,0.855632269713653,1.09411451407397,2.08260083014277,0.0420135402020284,0.0438689286242086,0.0654610967494609,0.133734786301988,0.243030471617966,3547.47099137023,2,1
262,0.5,0.499063283453472,2.31645933822107,0.818023395155369,1.11433614870095,1.87486128874712,0.0461205759380306,0.0428341687268983,0.0624211110083815,0.137193014975624,0.2223871130153,3598.99154167849,1,1
263,0.5,0.522487661270818,2.32982680582308,0.795879736834339,0.857334399626876,2.64264881649693,0.0406194441151717,0.0437086125081518,0.0678444698635542,0.137424803281103,0.246404584699642,3564.34338903396,2,1
264,0.5,0.623565900691475,2.26816349970454,0.817897954663892,0.985218820061612,2.10890812761365,0.0358221098395112,0.0415676940131265,0.062468342052202,0.145378139444293,0.267100075658425,3466.50597816342,1,1
265,0.5,0.531061779462878,2.28565116365229,0.821091079033311,1.08856398440249,1.83592360968739,0.0443403521431471,0.0414698620504688,0.0628469648911425,0.136639724788918,0.227142350652885,3525.22316868615,1,1
266,0.5,0.485198851549662,2.32838804171995,0.768001117775047,1.07938865369283,1.95141168995674,0.0463446408661046,0.04256507207738,0.0636017437753387,0.130623800838626,0.225919044895741,3553.6561571874,1,1
267,0.5,0.39793574640397,2.34760444435425,0.752730072019006,0.965876392104557,1.81385458345636,0.0630291652938705,0.0423554546269821,0.0644962524929141,0.128173837841973,0.208780638306839,3578.81546816124,1,1
268,0.5,0.500092332590646,2.36490852051289,0.701605233449319,1.20997181898574,1.56075258573771,0.0461395884192876,0.0425352966242409,0.0654878528907766,0.141043102397685,0.215740733081908,3582.5873271436,1,1
269,0.5,0.501753918392944,2.28732536637283,0.848360016151153,1.14736534155719,1.70732432884391,0.0481960926999383,0.0439962489943432,0.0674478696865513,0.136324522598619,0.219423537799955,3561.27783268381,1,1
270,0.5,0.53426234469013,2.32119820779985,0.752070427580229,0.745201417613033,2.54627969819501,0.0449003429521037,0.0407740817255882,0.0617759132463591,0.138548064405239,0.25579226416274,3504.20813210621,1,1
271,0.5,0.500961466248608,2.27625819029478,0.83160870594894,0.957074589506358,2.12433451433479,0.0460638563374355,0.044458584615833,0.0662330941068212,0.137224602677457,0.231050598765107,3549.05408026691,1,1
272,0.5,0.55330412103806,2.27039495967404,0.869640071352891,1.14011909751658,1.78433230214569,0.0407281647891632,0.0425289917414711,0.0640400473080967,0.141145533671529,0.226854766512012,3547.12227619201,1,1
273,0.5,0.506602393793851,2.33958671417029,0.707146266398018,1.06068767340583,1.8931056959496,0.0463472612668406,0.0446268203069842,0.0674851922816242,0.137319931625008,0.230177374883623,3559.91962994899,1,1
274,0.5,0.502806840838118,2.34301838572029,0.704131878049691,0.923345857098346,2.10042419917343,0.0474813983689273,0.0422788853666276,0.0640178037881363,0.134178657531332,0.231958737121649,3534.73725067577,1,1
275,0.5,0.480060380847399,2.27224515620164,0.878178647064173,1.30618211401809,1.49046092351634,0.0496261206125609,0.044878141747302,0.0675526698693147,0.12897721297837,0.210630868038239,3577.44449927478,1,1
276,0.5,0.418266220819022,2.27807983278062,0.823797713001829,0.998364599658211,1.98783537419855,0.0566533890925032,0.0446825503479282,0.0659051338830249,0.124978176619092,0.217746970605336,3548.48186840107,1,1
277,0.5,0.529029793223301,2.36851191410298,0.661916892563458,0.74948348681056,2.37572178523538,0.0438289719315689,0.0397410321930512,0.0621369087449877,0.141147371483385,0.232619353042501,3521.15242374423,1,1
278,0.5,0.537644075646036,2.22346348104912,0.887702439730096,0.760465574937121,2.28367044823123,0.0432849365674636,0.0408335682907009,0.0622132947273186,0.141784337590807,0.240594227003567,3471.11170222992,1,1
279,0.5,0.549114187048478,2.28274092664661,0.789361561077676,0.667377314321675,2.54425165755899,0.0399315567588728,0.0415672260014007,0.0615172663976033,0.146479696835119,0.23989556568102,3504.77832381366,1,1
280,0.5,0.499817145995103,2.35361759607086,0.701617746217905,1.11214719294768,1.82156859589275,0.0463533434134,0.0423198124915864,0.0664397333756325,0.137215667032733,0.220640821939577,3560.37762704298,1,1
281,0.5,0.464818423733461,2.33781187384735,0.768363790070177,0.974808755717096,2.02473642314513,0.0496435188807763,0.0422251578421158,0.0642228535752887,0.131887430682216,0.21669188464397,3568.39759777737,1,1
282,0.5,0.515678549932181,2.32309933290992,0.776720587467119,0.852776440716814,2.08898351341184,0.047040926134224,0.0406546471594927,0.0618335485267538,0.131850096260144,0.228506243723355,3517.7645246265,1,1
283,0.5,0.462418258980069,2.21890957519234,0.925254512391439,1.00734458220681,1.86150600552711,0.0533396184352615,0.0431167664269766,0.0651344479190771,0.132324247167454,0.217874938076829,3541.02409354269,1,1
284,0.5,0.540027177024603,2.31336998727673,0.702000457879487,0.874346387594712,1.90619979606264,0.0466849952202222,0.0412186709082023,0.0615508362094341,0.135965678150219,0.234152102357012,3477.41841961877,1,1
285,0.5,0.517264280215985,2.26921800204107,0.871029646788013,0.896876348832452,2.10929633712376,0.0472463088417714,0.0426892649463308,0.0649589103923883,0.13579673942297,0.242928722523035,3515.30172274687,1,1
286,0.5,0.5030791999281,2.29079541569649,0.848090867936365,0.903875821603454,2.06638469494648,0.0480883503855096,0.0411069546624104,0.0636991311899539,0.143099808409859,0.228371634706777,3546.37738172657,1,1
287,0.5,0.479936413686272,2.27765237502373,0.843339592847558,0.977273439941472,2.01017665013762,0.0479652548985072,0.0421356339711989,0.0632890236512706,0.133241837538118,0.216512925103925,3556.72192820857,1,1
288,0.5,0.517015887160012,2.31306381758418,0.730876522787162,0.860959253181972,2.12521434338514,0.0447948430139498,0.0415954897207309,0.063641448881366,0.138610946047674,0.22886706261897,3510.68586691995,1,1
289,0.5,0.586592447394793,2.27294529315758,0.879964651690462,1.0589867483684,2.17702989811004,0.0356521798539272,0.0432940678336554,0.0646049081797945,0.14029952314985,0.248371230493596,3522.36897829211,1,1
290,0.5,0.478270462907476,2.3048975429306,0.833762178338662,0.957322557836412,2.07997501064769,0.0501594924533991,0.0438494439341094,0.0641436871007239,0.132734427998381,0.226091707287327,3580.830514526,1,1
291,0.5,0.504746578619495,2.37952811087377,0.698600403300911,1.27955979709481,1.59137704130622,0.0447627305427667,0.0431641904801866,0.0644153402314593,0.132763921152407,0.212558669736368,3602.47469737777,1,1
292,0.5,0.428939365447123,2.22385960619159,0.942527915621064,0.978991414324425,1.9146856434714,0.0557851291427255,0.0436891933645734,0.066337422596181,0.130635252134691,0.22022173326289,3544.03872111419,1,1
293,0.5,0.430869838853275,2.28175170396925,0.827458680562295,0.931760620170299,1.94192348616469,0.0605187107220112,0.042976959235459,0.0645479733837112,0.128518635256891,0.231631785800669,3526.54167252613,1,1
294,0.5,0.504347346495004,2.37096328856256,0.703805678920472,1.04848516125239,1.95536680754557,0.045202335517188,0.0416456668646304,0.0632800585702788,0.132855311544353,0.220457929949917,3562.9177742424,1,1
295,0.5,0.529438713977842,2.31430969334368,0.839943190338377,0.975531906609279,2.21729400301314,0.0425507475757625,0.0424091390377686,0.0634308009769796,0.133438454591897,0.226397376116539,3567.09831859727,1,1
296,0.5,0.465788410056839,2.39037165139822,0.711994459413978,1.07507710348231,1.90079568211627,0.0504978342328199,0.0425609156472187,0.0642293136558818,0.126976020251044,0.220375190426194,3586.66930383425,1,1
297,0.5,0.509446259274463,2.3120013744518,0.756729805863161,1.10802499789166,1.88433925828757,0.045491995528581,0.0427185554161426,0.0655035544429285,0.139056892840457,0.22980749519574,3553.00149298734,1,1
298,0.5,0.455413610828219,2.26547435484914,0.902517947386642,0.761601052393066,2.37498062489277,0.0521641631951646,0.0420489174509455,0.0642064262747051,0.134679529022805,0.235149601288869,3547.69789923749,1,1
299,0.5,0.416382192179831,2.34716902514219,0.76170456188338,1.22736400384725,1.53012441396448,0.0594654954139939,0.0440779357664406,0.0670978833797422,0.124341074121471,0.22124474987803,3584.01305566078,1,1
300,0.5,0.450140072268911,2.32053158097587,0.85608667601516,0.886229657646767,2.1632717120397,0.0512325836582243,0.0418720840796249,0.0631947108045849,0.132865469600631,0.219591972351162,3594.14895474345,1,1
301,0.5,0.479623157620032,2.31778982603414,0.776160653979677,1.14700101374049,1.82697730441252,0.0472973114054075,0.0442120270305919,0.0652620728345388,0.132274545789937,0.223175529654812,3570.29113447451,1,1
302,0.5,0.45030751213492,2.2477595131036,0.845248806471306,0.998273933390254,2.00614137333033,0.0523890616219782,0.0442591613304724,0.0666504932373743,0.130347813307364,0.222548236419889,3529.75645381256,1,1
303,0.5,0.430918135925209,2.34260191236373,0.771730378053652,1.14255200198264,1.7809267538486,0.0517954374880191,0.0450079991609838,0.0671222602883439,0.130478968297343,0.218750753566138,3602.25049261696,1,1
304,0.5,0.499346369553759,2.28049174565663,0.800118176118298,0.935862796151195,1.82870674904688,0.0502509633034583,0.0425861232839786,0.0648547769020068,0.136023549557929,0.234875897394508,3496.94643339493,1,1
305,0.5,0.486118590189097,2.3183296704655,0.787830247909164,1.08252241882077,1.91833164827667,0.0470306621950389,0.0433610815680035,0.0636775733341751,0.13102748434614,0.219344697830355,3567.41673109839,1,1
306,0.5,0.509754608883902,2.30429134689486,0.870258038221915,0.817956979102988,2.464271995968,0.0468393568223274,0.0417301191974282,0.0641102883051892,0.128494544246126,0.242386632283704,3532.80805039663,1,1
307,0.5,0.468878158764775,2.40738176743917,0.662688144174952,1.08587645334826,1.83236783731093,0.0523841662941346,0.0427294240376676,0.0656561778232657,0.130289033648204,0.23405428485562,3574.49392386823,1,1
308,0.5,0.490245716743537,2.24718218420224,0.855528191062525,0.918115560366242,2.13684983374741,0.046338002093715,0.0433380167449013,0.0661197373149387,0.135854660891078,0.224576319051209,3521.06957748491,1,1
309,0.5,0.504947903751917,2.32951227868579,0.781868454097726,0.982985078296398,2.06838360067006,0.046444980997019,0.0411444074206517,0.0622282445038834,0.133113241350243,0.227876415728498,3547.90267846886,1,1
310,0.5,0.487338922661216,2.33919116928274,0.762483163641661,0.895462232271447,2.23230206427478,0.052303289279116,0.0407327093407453,0.0630040616217655,0.120708445808296,0.230405353943926,3511.64053588592,1,1
311,0.5,0.511405430513944,2.31494350470987,0.821742589446094,1.05892439589478,1.95827003633416,0.0427700441547338,0.0430587083994918,0.0655619791922813,0.140574290389363,0.224349449454001,3582.31787892532,1,1
312,0.5,0.36380592988327,2.23682187652934,0.898617208797809,0.885632192692862,2.06535324670064,0.0651124809706661,0.0437548413698479,0.0670098653867265,0.12003165519617,0.21405435451923,3518.14061211298,1,1
313,0.5,0.4404897164597,2.33913093953393,0.77142777952795,1.1267473195182,1.71318284473969,0.0530077397226461,0.0424101222436014,0.0651085417197795,0.125976429250626,0.212406749920159,3571.60081094507,1,1
314,0.5,0.560965891996457,2.31682343574384,0.771528348539593,0.93605594048982,2.45607429697328,0.0383941084152031,0.0436070699343346,0.0655202020901053,0.138293648477037,0.2511544084653,3525.89843186518,1,1
315,0.5,0.514842289660156,2.26754472292403,0.883108748926772,0.994877789966705,2.08411714112976,0.0453776563376786,0.0432874016333242,0.0658366090315144,0.134111848071423,0.225656769154382,3558.68434821718,1,1
316,0.5,0.480713319642335,2.36112231093859,0.697458757068112,0.980979459170408,2.07992845828355,0.0489997996037181,0.0438046725772496,0.0660756967988089,0.131705950017012,0.237178236798101,3539.87507391197,1,1
317,0.5,0.485180064172093,2.30925240318127,0.849536802015427,0.85750023616148,2.38554403309131,0.0477586347883871,0.0421959992178862,0.0633971001491768,0.135466025400704,0.248021348837562,3553.1059910243,1,1
318,0.5,0.440740869931754,2.26252930835914,0.844183217145399,0.869977149639329,2.23784855209041,0.0528399173913053,0.0437869152901264,0.0671270477805006,0.134522858166308,0.226572474080243,3541.34084759071,1,1
319,0.5,0.555627394784849,2.30631288467532,0.790706500826601,0.92271816755672,2.28832923467899,0.0373949573900229,0.0424583933166973,0.0635617292627999,0.147028516322654,0.242385465453759,3552.10855409255,1,1
320,0.5,0.530817649368463,2.28948337917708,0.840774518318488,1.11336644624726,2.13752281016451,0.0425941093176528,0.0448062004156272,0.0642274906750839,0.134560141697449,0.245971445077716,3573.38530754548,1,1
321,0.5,0.457274439698877,2.35169234387159,0.733485426058997,0.981890723438539,2.1760542376582,0.0507344509359967,0.0431877854339284,0.0646535298220267,0.126718865511335,0.226577243404596,3567.61226683209,1,1
322,0.5,0.50404732180499,2.25478860276054,0.801844478404964,0.91139957041269,2.04629259994295,0.0483646487734284,0.0424641334810094,0.0636382853832275,0.135834456708954,0.242377018191985,3485.15012600855,1,1
323,0.5,0.517672756939356,2.29498261446874,0.817237413093892,1.02733026372629,1.99286171514293,0.0444861956303859,0.0429594602605289,0.0631584114472829,0.135493100555327,0.232766154500186,3543.93076712281,1,1
324,0.5,0.470653733251235,2.37158464944049,0.722213840274382,1.07116017413837,1.85074708882021,0.0525673065095961,0.0424993137788294,0.0645213972489574,0.124637927777089,0.217632998215549,3570.15614049161,1,1
325,0.5,0.465496857322017,2.32958221276399,0.788887815265819,0.988580253272072,2.09830675256763,0.0473638513597378,0.0444619567496003,0.06886059763987,0.133534405028029,0.22223871662165,3573.4222499498,1,1
326,0.5,0.533455222205148,2.26314694687475,0.798576490164854,0.901073030011455,2.17381387200592,0.0434052546335304,0.0435311953711039,0.0666389882014999,0.144129639688947,0.231186502375253,3526.967153933,1,1
327,0.5,0.449657277095767,2.30398112855121,0.794775466284293,0.915071880708939,2.11432810579274,0.0530127190388879,0.0418266147366678,0.0643869015446177,0.13409208687672,0.229412934916281,3549.26598919395,1,1
328,0.5,0.42670548637891,2.34306190145778,0.756417836074487,0.814084365255829,2.11021945797012,0.057461978446485,0.0409528842943015,0.0624012082288213,0.134180673992067,0.215367379113542,3568.34471639502,1,1
329,0.5,0.481931977508092,2.36160037254788,0.72405823148489,1.07263299450215,1.7854402579992,0.0510513274357453,0.0414696846015812,0.0636772080348369,0.125204580231648,0.211064567468537,3555.20631369965,1,1
330,0.5,0.455585057938903,2.40361687345916,0.702068551428053,1.23595721996164,1.79722846443993,0.0500741900291287,0.0447281197562864,0.0678137573972709,0.129455670806257,0.225177660117817,3622.76725475313,1,1
331,0.5,0.589756399760477,2.29703382062135,0.779341698410586,0.924226922489374,2.29543822789726,0.0358865584589965,0.0419069377248378,0.0625103919100581,0.14460551869696,0.241300470705983,3511.54433413348,1,1
332,0.5,0.414970990720403,2.29273091642105,0.872811531515776,0.974714050986131,1.92682122990021,0.0591523701746046,0.0436028642325732,0.0672297489278809,0.128224000022388,0.219242997257362,3572.2946765372,1,1
333,0.5,0.535058971906385,2.34358287198492,0.784504090163148,1.05964564295605,2.05632754536201,0.0426176514791071,0.0427989017018463,0.0642635106643118,0.134083520008695,0.236052122105696,3563.40928698081,1,1
334,0.5,0.433858567346289,2.32337841526473,0.753150157996225,0.926106389708668,2.15595619724056,0.0530875172342649,0.0435170834127086,0.0660795149531309,0.129149467854421,0.211716313959159,3566.20298228971,1,1
335,0.5,0.475039868397984,2.29170290525102,0.857537779430588,0.956570739188541,2.11926537601591,0.0509561950300524,0.0421594768205797,0.0641228869787657,0.129219031100083,0.230308117831932,3539.3041618424,1,1
336,0.5,0.462442106387601,2.31363889355841,0.81381323628734,0.856470368482537,2.20655522609748,0.0539294960063244,0.041127144057942,0.0613020614517911,0.130148697775899,0.232522219309733,3542.94119874511,1,1
337,0.5,0.465691611114047,2.22784818865068,0.824283464648438,0.839433264658425,2.07251928411252,0.0547501650202506,0.0424224163501776,0.0634529426941604,0.133142122766766,0.228771226922394,3477.85806716966,1,1
338,0.5,0.453449611156779,2.35831895047076,0.738447658935103,1.10036435960085,1.96073339333547,0.048423455767301,0.0439069189208515,0.0667654334436175,0.131410518597776,0.209416613917499,3610.14889571258,1,1
339,0.5,0.427840933986505,2.24830368588077,0.892560891526477,0.715540939164149,2.21517154935068,0.0578908748612544,0.040133100143265,0.0607627808594288,0.132908801266082,0.229655352993322,3502.12124007153,1,1
340,0.5,0.423894986807295,2.29345092116358,0.771250089958366,0.963165616086636,1.73565690088154,0.0599227482708891,0.0415839181538421,0.0653151853247152,0.127105124827819,0.213495709494135,3509.38910265909,1,1
341,0.5,0.514619617152076,2.28752676873377,0.823471710994817,1.0925001843768,1.82193648084333,0.0466055518444552,0.0425077471298785,0.0631815302931133,0.133467568357323,0.220290241927881,3553.01922683354,1,1
342,0.5,0.51019069545391,2.28509347029152,0.805353399572024,1.07901254055468,1.78315508137445,0.0490004239172548,0.0431866370195951,0.0653168536962681,0.135878317430826,0.233089189783557,3527.85463901117,1,1
343,0.5,0.519644332302096,2.25214098659565,0.875650564575664,1.110674433389,1.66274222510253,0.0466007519761559,0.0445633235004817,0.066397186517656,0.134516104570403,0.218146771686279,3538.5141250967,1,1
344,0.5,0.515410841248213,2.29401458952403,0.799141748783233,0.741267895479165,2.47811241528891,0.0424790882814745,0.0405584047220755,0.0618725256462684,0.141641869589886,0.241606697423267,3523.48024451181,1,1
345,0.5,0.534480361109925,2.2821922336973,0.862213744341971,0.875454220361842,2.1525686779161,0.0440733272584625,0.0406240710677239,0.0619220487434524,0.137189392638535,0.236965065220556,3519.84884004586,1,1
346,0.5,0.378574632866008,2.30293512068493,0.736156300774876,0.990558281631125,1.76650571188198,0.0648856371210629,0.0431535967529089,0.0654871462845555,0.121672831394656,0.21280788513284,3516.94864800408,1,1
347,0.5,0.48529220636207,2.26632994678742,0.855400418098535,1.28833434773968,1.57837590676221,0.0475856008449233,0.0452011901715523,0.0689592124726375,0.127504668862043,0.210008509411108,3551.35170431641,1,1
348,0.5,0.504633878834975,2.36246923153526,0.67188757933458,1.06513065614244,1.99411135774944,0.0447599189686596,0.0419967822634994,0.0651650815222383,0.135245084089148,0.227862191641332,3546.93854931091,1,1
349,0.5,0.520216779749205,2.30752277709835,0.819126344854583,1.00851844616483,1.83469574391976,0.0464445910208769,0.0408400200876489,0.0624725186013288,0.136558386508201,0.229484589802258,3536.14001738243,1,1
350,0.5,0.545542240355612,2.35563194419155,0.745890531694273,1.20787022609405,1.69281698593259,0.0419717352066882,0.0417906463796064,0.0639518085031557,0.132870383655959,0.225525006213747,3547.61150910947,1,1
351,0.5,0.598565635905749,2.32313413739079,0.748791292472577,0.812105419489548,2.43409520628668,0.0358441383721472,0.0412850942513306,0.061854272008171,0.146117792066586,0.256942530904976,3500.47830741312,1,1
352,0.5,0.51099523064654,2.2304295207881,0.893347313613146,1.11870500598758,1.87574464712212,0.0463983420275999,0.0427787445114316,0.0634905671640249,0.13304651359974,0.233251979761885,3513.9058726856,1,1
353,0.5,0.494722653365018,2.2254827593258,0.875557938287669,0.896700080345516,1.98140329850558,0.0508363379260701,0.043135130571458,0.0637326768249467,0.135624979794292,0.23919104167779,3489.74287971484,1,1
354,0.5,0.518224793168453,2.28866284812736,0.821532064948068,0.908048614239448,2.0169677116906,0.0457579345233096,0.04208649814921,0.0624960190184394,0.140109094896584,0.229366586448386,3535.3900584661,1,1
355,0.5,0.561587358836987,2.32164437678837,0.666239825152295,1.00990040432693,1.83349588549937,0.0415679961591993,0.0411883235677713,0.0625171926867007,0.141946386833113,0.23477534693931,3491.30671715811,1,1
356,0.5,0.396201081249656,2.30822443875312,0.769204778299279,0.885623558933086,1.94491100790153,0.0643235829242554,0.0417856220091168,0.0635975182990015,0.125776214702813,0.21260410376904,3533.77841474881,1,1
357,0.5,0.546055721608501,2.34824332211169,0.729270468322061,1.08009454167223,1.99192957858561,0.0410672412780865,0.0423255613576372,0.0638561120285196,0.138582876100317,0.228496465408071,3555.56456729408,1,1
358,0.5,0.513980141295957,2.37864652175215,0.668411686602341,1.25579199283351,1.46815233749931,0.046723430754176,0.0434772540034026,0.0655869185237738,0.129159653237965,0.211843521683887,3568.5581176998,2,1
359,0.5,0.498392947752933,2.34158453360317,0.757632511684231,0.895161248071237,2.11113488947235,0.0492760245880661,0.0426447839518091,0.0642803700728628,0.135489569076958,0.240186525873084,3544.11217567666,1,1
360,0.5,0.49018416344491,2.26831031031312,0.902679280603352,1.09315005605123,1.96082693125547,0.0441773557945555,0.045059488756794,0.0663524424508841,0.139518926527751,0.226359180157537,3581.58955639285,1,1
361,0.5,0.440875261257989,2.28276993245285,0.86130264701464,0.904403046231654,1.96361385513589,0.0554692656281464,0.0424359056268065,0.0647339416803521,0.130649827863491,0.218080007529586,3542.04405682908,1,1
362,0.5,0.494807630308955,2.22039381353363,0.878303083892081,1.04999816707701,1.67679694754681,0.0500079894770397,0.0436219942753255,0.0659706808252018,0.132462718811941,0.214609553401743,3503.74865154561,1,1
363,0.5,0.390071502045157,2.36994303398041,0.686575787169209,1.16890855113886,1.81361340530331,0.0562939830960158,0.0438557863739999,0.0670434145637313,0.128394190215583,0.203495677084732,3613.67350996556,1,1
364,0.5,0.524772364152491,2.30249106267271,0.771970231064972,0.837821159866375,2.14452196303885,0.046534435092242,0.0420569691962334,0.063747953607408,0.13668026584849,0.24355557921304,3505.32138699983,1,1
365,0.5,0.510314981499252,2.28592391763895,0.854514646327146,1.37583957049376,1.58535224409076,0.0439529712546814,0.045481680640467,0.0682668576780494,0.133313044382672,0.223628311034627,3580.72454924591,1,1
366,0.5,0.446197311422816,2.28855913935587,0.785896467332911,0.956817851846974,2.10718487909445,0.0512341083170327,0.0432278668279133,0.0654851484490821,0.129171864823007,0.223965047324741,3530.68583370218,1,1
367,0.5,0.531402033182451,2.22558519389058,0.864834882249573,0.975155703353647,1.95540649357289,0.0435387179736979,0.0425022508379574,0.0639055990956578,0.140532222060571,0.231373059106487,3491.04165253531,1,1
368,0.5,0.427635594761683,2.34167650544995,0.756999312054698,1.22478659678267,1.56056507521259,0.0564425339058236,0.0437063996916895,0.0681597087171924,0.129705120262082,0.208201908596194,3591.30129556763,1,1
369,0.5,0.533504612610218,2.30204778150239,0.725072978396018,0.988220617120723,2.25172563435947,0.0410269846180463,0.0435282574653564,0.0647857773353687,0.134569591502003,0.234686462485599,3514.76349473979,1,1
370,0.5,0.445159739328331,2.28166691506638,0.803180976931219,0.947920130185885,2.00715953965902,0.0530477149373009,0.0432261224329246,0.0645678064848164,0.132805060985281,0.224606066219587,3542.92306678964,1,1
371,0.5,0.468801088200378,2.44504719692005,0.635310991676058,1.06095021480579,2.04839447219391,0.0473899649982033,0.0421091179596116,0.0640279141442274,0.134944550596031,0.21755657146702,3637.08586918046,1,1
372,0.5,0.448009858004064,2.26896817700914,0.921607268589595,1.10524572999624,1.80813127434594,0.0547058507913799,0.0449120520663494,0.0672666156273165,0.124050590956721,0.216015655060025,3577.24372011402,1,1
373,0.5,0.485109410326568,2.29933884493914,0.796196023361931,0.913049520775468,2.0769273259936,0.0492731773833962,0.0414907168269887,0.0623198834709205,0.135821016979277,0.229906883083179,3529.59214007847,1,1
374,0.5,0.554290639044667,2.28617753663595,0.802018420978073,0.734925388496426,2.44576117517528,0.0405005141770207,0.0416651708929269,0.0626525717809854,0.14366098221664,0.230708954687575,3530.05503904336,1,1
375,0.5,0.469284400600725,2.27300271170458,0.781994875253449,0.957266547045077,1.84858186042939,0.0527433691976144,0.0423980818964015,0.0639385241080955,0.1286093132986,0.211280455401363,3510.106543393,1,1
376,0.5,0.558232577162798,2.33670167707434,0.70221016825579,1.05304027126464,1.93280702424088,0.0400678546852195,0.0428468737204832,0.0642709814749846,0.143329834275577,0.245356620229781,3524.2966291711,1,1
377,0.5,0.51691473810107,2.3667633199318,0.754003227470867,1.10117384593301,1.81713976738058,0.0442780021737017,0.0422596456796412,0.0628131710062559,0.134098031961164,0.221551334921628,3578.68277591206,1,1
378,0.5,0.533289949300243,2.27592551218397,0.821336362240569,0.95145733973615,1.98341881306374,0.0440592669858847,0.042543971217783,0.0638447110271766,0.137682248473012,0.239453731603846,3512.87318960089,1,1
379,0.5,0.480718587456771,2.35686461229706,0.636545115067259,0.884727386913608,2.08596479640608,0.0483873476358992,0.0394798038717618,0.0630156460989643,0.13292133718476,0.22699995642908,3499.62352049241,1,1
380,0.5,0.546529300946434,2.27631621090363,0.765000206887475,1.05350936406839,1.85292219101849,0.0415460712127457,0.0417267070781143,0.0628566513486587,0.142433715178204,0.229720678215324,3502.07445104589,1,1
381,0.5,0.54655657360542,2.35323542621908,0.699952618839718,0.739720436541358,2.48268117645666,0.0398522791886923,0.0405707194018672,0.0634584995145589,0.14577736353973,0.239197914199733,3521.3063187026,1,1
382,0.5,0.529378472278641,2.319947172041,0.819858567244492,1.12554169041316,2.01789246502617,0.0408821785081418,0.0429067226953496,0.06518773175445,0.135904511150316,0.227905462575237,3577.23373914373,1,1
383,0.5,0.468448648082214,2.37096411787514,0.672979543262613,0.740258264926985,2.24454006916643,0.0517663352255548,0.040610485502134,0.0614753767406124,0.135497964983293,0.223562823063922,3537.44298301291,1,1
384,0.5,0.512158340254084,2.29543897707426,0.765973444390861,0.837573146322054,2.15986980530365,0.0481524608355204,0.041268523716577,0.0631898963769048,0.133430469603002,0.232074995240396,3493.1262477862,1,1
385,0.5,0.535318049277411,2.2403066733133,0.974157385028441,1.10956789184038,1.7534420475122,0.0452561051028184,0.0429790461640241,0.0632985030113872,0.131213875930478,0.22423195911277,3544.64587581667,1,1
386,0.5,0.488960434482843,2.27641991647393,0.789331044388377,0.76506700171879,2.31864354687007,0.0476377003600157,0.041566719884113,0.064220968864112,0.136323087558782,0.231425319398128,3494.00674801533,1,1
387,0.5,0.519243790802446,2.32523786622598,0.730519254251444,0.950738686572235,2.0180091341987,0.0462413876682665,0.0423750432966067,0.0629245914003374,0.136095149745465,0.236607974250261,3522.8736195944,1,1
388,0.5,0.494082551835621,2.33434586611189,0.710689777799279,0.837117520904192,2.21062437477631,0.0489227364916597,0.0416294282407962,0.0633660749743293,0.135141656942898,0.240064553759433,3521.39357532194,1,1
389,0.5,0.476196563124005,2.27866887092636,0.847938440994828,0.920782497732246,1.98924395044361,0.0536000056839653,0.0439802927971674,0.0661355956859263,0.129852311680999,0.218266352753436,3544.76556848293,1,1
390,0.5,0.529417143191221,2.2964896448209,0.784163651304869,1.17758611310902,1.68545284275357,0.0427428285337831,0.0426238791582402,0.0630956479654353,0.137856210569708,0.222710958377183,3545.56292436327,1,1
391,0.5,0.441274883985548,2.1385065661236,0.961809334654442,0.851115004411495,1.96302967126667,0.0558495048959411,0.044376290987221,0.0670694358506861,0.132604117743019,0.212708552663685,3474.05513686683,1,1
392,0.5,0.523742260609594,2.28538796061974,0.797666771623327,0.839435047148856,2.16018177562041,0.04616423030496,0.0414895386752966,0.0641331720447336,0.142687660946007,0.236402354112439,3512.67632133422,1,1
393,0.5,0.427749309428374,2.27903941690157,0.774897412902832,0.913787000839663,1.75154846423408,0.061884308569152,0.0422822761251675,0.0648047070990485,0.128934560810297,0.215632954275022,3502.94137264973,1,1
394,0.5,0.485335422398967,2.32520058589043,0.795150531376995,1.0367300293426,1.86272824341432,0.0492779958880802,0.0425767338277497,0.0637659435567758,0.135726157535143,0.224024646258457,3572.09348808784,1,1
395,0.5,0.507037158321054,2.35071542903345,0.710844370822649,1.00240438592243,1.83982345483995,0.0491298743055641,0.0426734658093354,0.0643434760753965,0.134066804001666,0.227665435564275,3529.44795505953,1,1
396,0.5,0.508040406626676,2.33147913473478,0.728338502376282,0.845182625585592,2.15680974698045,0.0459960812807318,0.0404740151753284,0.063055864672632,0.144887005351623,0.235478100951569,3537.78510364379,1,1
397,0.5,0.506428800743512,2.26297375325721,0.924865614873068,1.29241426124561,1.67534790158956,0.0448780740708524,0.0454589685878311,0.0673791843267698,0.134804505576523,0.219253610228667,3597.75205359048,1,1
398,0.5,0.536340445994713,2.3889210813836,0.694032886882338,0.952136503858484,2.21339317906395,0.0421587726838542,0.043336157452705,0.0648567394355031,0.144050452361098,0.242203671877694,3588.17053724084,1,1
399,0.5,0.54717030991247,2.26287353130896,0.851755453748604,1.14883846256883,1.94675796825718,0.0389997958288834,0.0447057546351515,0.0656640586242302,0.140964958572357,0.241100008235907,3536.0514567647,1,1
400,0.5,0.498086468647142,2.28691601255658,0.832379191874028,0.758985439432073,2.39972613296009,0.0473971668226776,0.041337677179862,0.0629772366282941,0.137667698999833,0.233216196550831,3540.27706577227,1,1
401,0.5,0.533216323784361,2.336050684177,0.780832781350327,0.967690999870237,2.19315736218055,0.0450523911288531,0.0410312248176078,0.0625709486463308,0.134745235476816,0.25019476357839,3535.6297473126,1,1
402,0.5,0.485230583245832,2.28257445275237,0.804567440504606,0.988623614114747,2.08518837167731,0.0498601826368602,0.0442794055349968,0.0667068178002925,0.130422253047627,0.238962936142564,3523.27884124246,1,1
403,0.5,0.539244957116697,2.43678864691143,0.57420574435189,1.00335642350678,2.13741912640503,0.0421726044367753,0.0426609657729976,0.0653792368746411,0.139305737016903,0.235265484522805,3572.97770873018,1,1
404,0.5,0.480149779702277,2.27658588471597,0.831993513975559,0.977404526036303,1.97291922621182,0.051694294064886,0.0432093970735838,0.0650812843404027,0.132661316318387,0.231689489052553,3536.95694779939,1,1
405,0.5,0.444634449861958,2.27356459348195,0.845494245079346,0.866493126203304,2.05527668638601,0.0576353994416296,0.0413614351928234,0.0641172839976074,0.131169773150892,0.241691805441328,3508.8134182806,1,1
406,0.5,0.373818763109735,2.2749519755091,0.87606284754764,0.918508014730536,1.89037544664103,0.0680240217181097,0.042329487819199,0.0645674923396694,0.128851712771242,0.215771823855638,3555.97399492723,1,1
407,0.5,0.543418122963517,2.32199491718001,0.804877382884929,1.34029401999949,1.70868560493384,0.0382618016199967,0.0441181262041508,0.0663879076631264,0.149693470563113,0.23215025342634,3603.41206992333,1,1
408,0.5,0.455274373028402,2.29152752595193,0.820691548339203,1.06325976329155,1.71989044959947,0.057393450268379,0.0435820380066628,0.0660937164411831,0.125081757852926,0.219864561878713,3531.52664244946,1,1
409,0.5,0.536367680067627,2.25981335753914,0.843425828733744,1.13563349797673,1.92115772580658,0.0427060809127926,0.0432145068577243,0.064358849307024,0.131591404678672,0.231944691414669,3520.36161383612,1,1
410,0.5,0.484298385724347,2.31435286337394,0.814251803138023,1.0049214543238,1.99531695066989,0.0488418849132486,0.0424820745348055,0.064400826377713,0.127772005639147,0.228525330972419,3544.48445728303,1,1
411,0.5,0.479894366971842,2.35734545437345,0.764213622396301,1.00324054277187,1.98754339583214,0.0499260786681761,0.041806915787061,0.0628129405235074,0.128536391731852,0.218831845802033,3574.61137248025,1,1
412,0.5,0.495659428326491,2.30749898735538,0.791109096833391,1.07949499010952,1.96238708569445,0.0465071845999307,0.0435323915549368,0.065153526729084,0.13174691262256,0.225504918577814,3547.08998443023,1,1
413,0.5,0.518387093196112,2.39304342857996,0.63615731784181,1.10064151242005,1.81388761081576,0.045155619555683,0.0422418677526861,0.0646529884819658,0.134754750412392,0.227798801707829,3553.72405916941,1,1
414,0.5,0.470695860800044,2.27761524670189,0.862176214209656,1.08679717851011,1.92276638369192,0.0491662833015208,0.0440396682220265,0.0640906797509465,0.132578257807609,0.215080445982906,3585.30905523939,1,1
415,0.5,0.455289525415947,2.26750920694574,0.844327386213797,1.00458651243356,1.83028946880128,0.0530531760399048,0.0425756854495312,0.0652889238491894,0.134450400446612,0.223124937090375,3536.58190094296,1,1
416,0.5,0.522064100899308,2.31771301837634,0.776073303969753,0.988890137972178,1.85373325172854,0.0473915109464236,0.041215557069228,0.0609021993460968,0.13184199704576,0.213470497868548,3533.51235137534,1,1
417,0.5,0.474499471512113,2.28028033876614,0.811391611390321,0.948637041334717,1.90795393018015,0.0526956934801009,0.0430622467578495,0.0652473571920587,0.132434056838295,0.228447768323144,3519.53057188969,1,1
418,0.5,0.550848853092275,2.36671138285381,0.745911889630508,1.34970002897804,1.48305294231737,0.0407426559269127,0.0434138355408735,0.065618501815219,0.139791453325147,0.221967272678104,3600.19628041406,1,1
419,0.5,0.563841237617493,2.33100722916956,0.762271752316953,1.06865618214653,1.90472039735099,0.0423161896760835,0.0413894847137646,0.0614604155962417,0.134899099673905,0.237870108089195,3525.0480566027,1,1
420,0.5,0.506779307967156,2.30868939837973,0.838747561958331,1.15548578410998,1.86558058775074,0.0460825087379491,0.0435551640040011,0.0654126955386526,0.131680431702393,0.224258859538982,3584.19602866056,1,1
421,0.5,0.473634481072132,2.22941378467177,0.924607606383735,0.893907066578892,2.07075512512808,0.0503582974382257,0.0426423998908404,0.0640955041682213,0.140794658355438,0.22425197673702,3551.97207738749,1,1
422,0.5,0.497810106852799,2.27788238954919,0.859216092788074,1.28874528500586,1.57349835002972,0.0456864396362376,0.0448442706434361,0.0665250070384249,0.131113848356543,0.218030258036762,3571.02936959857,1,1
423,0.5,0.521500334725769,2.31613566808294,0.815546062909422,0.709609518845887,2.41946050204754,0.0446002664839582,0.0399810688020127,0.061179424620131,0.142073571724527,0.229526261558765,3546.13647130939,1,1
424,0.5,0.44524443579845,2.37158002192158,0.667281064169355,1.03561330197106,1.64100225421471,0.0588097277195836,0.0415144101677504,0.0640464662483997,0.132976147694957,0.219634159801821,3547.11768736409,1,1
425,0.5,0.48339793500742,2.25618947336619,0.839674423421775,0.978035148462244,1.7387249231387,0.0527198786133794,0.0418078269765198,0.0636669132779174,0.135292839248673,0.233045598258639,3501.24365571578,1,1
426,0.5,0.416288098367023,2.35629513688772,0.772106663382114,1.01770886774462,1.96942248245567,0.0559285235889435,0.0434944129471418,0.0659985386526358,0.127274624793873,0.20929506582941,3612.26667957998,1,1
427,0.5,0.4628428630444,2.32891981371679,0.752334306258853,1.05817611561175,2.08463368184896,0.0468491599141628,0.0438815102146268,0.0675194224385762,0.13191965147481,0.208550086867912,3595.28161571534,1,1
428,0.5,0.391265305715937,2.31603631993598,0.781512066037948,0.862983523952203,2.12295098709374,0.058996707400345,0.0441500191796439,0.0669930404867604,0.132543521389202,0.217600755619535,3577.0650804003,1,1
429,0.5,0.525671983229729,2.29540790198734,0.854996280166522,1.06369131778852,1.96701111749877,0.0448951468223369,0.0447710255594017,0.0660253859827354,0.137979032843617,0.226977272092934,3583.83008586763,1,1
430,0.5,0.505947779215364,2.31723391206989,0.77483758259855,1.12427259400474,1.69763097184965,0.0483647696513671,0.0434398600064694,0.0646547985726529,0.129858436585498,0.224798334154502,3542.46985283857,1,1
431,0.5,0.423011579697977,2.30608433642564,0.788395576292645,0.973172301015403,1.92370776138212,0.0552233186522512,0.0424305527494901,0.0654299700165609,0.127176715509642,0.217436161971366,3536.1932941551,1,1
432,0.5,0.548142862814613,2.33876558677758,0.74494542496269,0.732508593655189,2.47769669897484,0.0416738370274657,0.0406634857925135,0.0633001928421739,0.143437875296172,0.240705492009814,3527.44133032296,1,1
433,0.5,0.473065450279422,2.30870398835005,0.821600702903016,0.922164118697191,2.09160619223699,0.0506769555648072,0.042567300062495,0.0645550341183445,0.13624680664324,0.230921058307272,3565.6093690069,1,1
434,0.5,0.488175411022056,2.31590102345454,0.770886565692039,0.885860482683882,2.10677893553322,0.0506160220683821,0.0409215727306759,0.0626099782511857,0.133935331725876,0.227484785818277,3538.80355249896,1,1
435,0.5,0.543166203847368,2.2859067911624,0.741737056814695,0.985522916012297,1.93080138639047,0.0438627550458448,0.042169216184512,0.0649182209064798,0.133369763399516,0.235765969110979,3468.18205407756,1,1
436,0.5,0.484365846483208,2.30879779442698,0.79506139971285,0.883384974517335,2.24307214660415,0.0474759370531862,0.0426914921113698,0.0624956761659163,0.13117170309613,0.222798487013635,3545.78252732635,2,1
437,0.5,0.553422984997285,2.29185795894559,0.789264110357375,1.08732634899997,1.78676114544598,0.0429738308648243,0.041826400882382,0.0635310940652521,0.138241620137406,0.237109427046886,3511.1702990083,1,1
438,0.5,0.546726826122695,2.31312608509519,0.785098781932428,0.948786858549823,2.24669031433662,0.0406968083289175,0.0429007866584553,0.0631578295910261,0.136798654602179,0.238339949256849,3534.62911701239,1,1
439,0.5,0.454086049202651,2.34239996239932,0.783629872484116,0.920843292107658,2.22813315571112,0.0508687982327249,0.0418078458395843,0.0636042821699291,0.128782794468496,0.219492916659432,3580.96752958656,1,1
440,0.5,0.486589339396753,2.30037485357332,0.782478936134804,0.736012616521891,2.40697245035591,0.0469222846960827,0.041825115157042,0.0637831325604723,0.140872125465119,0.223478188314987,3548.90712018685,1,1
441,0.5,0.491672773561281,2.3577377095923,0.728375985932095,0.953175470920486,2.21715065832335,0.0475483665052089,0.0429746381993326,0.0644041618882829,0.13160968308081,0.237260231451346,3561.24744594844,1,1
442,0.5,0.478184561724281,2.27097507697134,0.805693331449388,0.90970235443898,2.12409863590558,0.0512295076235876,0.0426477640178056,0.0633329873456862,0.130599812834093,0.236729600069296,3508.01044358041,1,1
443,0.5,0.511261341509064,2.24875838101649,0.8697959102671,0.991317380165301,2.06190472232562,0.0447274811278556,0.0425346447640245,0.0637990071867574,0.132360343835515,0.225582313724554,3519.83214261364,1,1
444,0.5,0.531612497304038,2.23316012276598,0.88914982306999,0.847350113015685,2.41069041315407,0.0409870813751766,0.044151498575135,0.0654842540013621,0.141749237310564,0.235032826917274,3539.77528989635,1,1
445,0.5,0.444976147891281,2.32363493817758,0.762505313471318,0.766993950484074,2.23751102031396,0.0513496621845912,0.0412730731185917,0.0655217714485349,0.133297357402346,0.210363728124255,3549.38364809318,1,1
446,0.5,0.502445814582744,2.310934548598,0.788931721399246,0.856850956858763,2.15182357698425,0.0462375919870731,0.0412893669849287,0.0634566946768972,0.133741107059419,0.222487700151633,3528.69003353987,1,1
447,0.5,0.527739246740176,2.2276066954985,0.929869414698498,1.00897493285293,1.94817827167498,0.0473701839661457,0.0426095329843218,0.0643759440818707,0.131386949979088,0.240130904666338,3502.97132694975,1,1
448,0.5,0.491064260119261,2.30318301337598,0.827811267726942,1.05561578473565,1.97020453762434,0.0481949738750088,0.0441295000825321,0.0668693906712936,0.131961569777175,0.227410951741222,3568.54051300542,1,1
449,0.5,0.53728065722626,2.30683962792205,0.768004752854249,1.09642239320037,1.96529860712945,0.0422279135469335,0.0427161309598042,0.0642516501470792,0.135721812662404,0.224221166830857,3552.24300832125,1,1
450,0.5,0.452927100158608,2.37296411041288,0.670758256427118,0.911516408869438,1.85227645061384,0.0561538989917299,0.0402839989379242,0.0622992970799485,0.12960331106541,0.218521075532529,3528.25191724614,1,1
451,0.5,0.553119971317874,2.28700619347702,0.79946205110017,0.980416107150369,2.20824009644397,0.040459584017719,0.0436036764762325,0.0656004439710945,0.138442354700979,0.244799792424252,3528.14025628746,1,1
452,0.5,0.555690714265397,2.30672242452909,0.760722231144912,0.923823304571961,2.01884380758294,0.0416396406911669,0.0409295084479343,0.0601508399369476,0.137318985286676,0.230252532202858,3511.92535592765,1,1
453,0.5,0.4999257560048,2.34714765815115,0.754525476622765,0.890141582478303,2.31694695308855,0.0437827163146918,0.0433844379078028,0.0639352356170263,0.141627248315829,0.227825976196535,3596.33922331232,1,1
454,0.5,0.502959377131842,2.24957539726224,0.846945215828668,0.798980816850766,2.21326279765209,0.0477936527675568,0.0416248156417592,0.0620333944979315,0.135424924461311,0.231075104035405,3497.32272002081,1,1
455,0.5,0.513080699853086,2.37161842801645,0.7184297972067,0.916217407611159,2.20621186721208,0.0465401266668939,0.0421949581581366,0.0627918749401987,0.135166349135251,0.246751429012334,3554.76738389965,1,1
456,0.5,0.547062464739873,2.28689984649314,0.836332257652809,1.01929468631967,2.02094820070935,0.0414948253098612,0.0435668257216915,0.0634737300947556,0.135555878084133,0.237919933516127,3541.18736387457,1,1
457,0.5,0.502772281243298,2.33946119088867,0.7733832363535,1.35241863568252,1.71182672418306,0.0422675056710241,0.0455565538354108,0.0691750456305478,0.135809915644542,0.212470261246147,3611.61667438223,1,1
458,0.5,0.5611038952612,2.35810016197645,0.747061997280407,1.12849842723835,1.96090217879258,0.0392202133444103,0.0426508371870581,0.063402119830551,0.135233101918419,0.231812022536123,3571.45051409525,1,1
459,0.5,0.529089738394052,2.26636391858128,0.809223048699548,0.956809509108179,1.9995929327853,0.0450328239911339,0.0429469472452595,0.0622900584738252,0.134047354130838,0.226920791687905,3516.43917978198,1,1
460,0.5,0.538680058198148,2.25536494280862,0.830614391186401,0.643506829698264,2.47521777072682,0.0436073886774598,0.0417298324509877,0.0616658700682232,0.141459481279091,0.241376078456863,3490.4453418482,1,1
461,0.5,0.320578084784764,2.33855573940595,0.728985469681426,1.01041427914025,1.80574391352559,0.0712144884247518,0.0425829611085406,0.0661590763632299,0.123498482244263,0.209225550706483,3564.62240891238,1,1
462,0.5,0.499240559483312,2.30850352807407,0.811358402599837,0.909008253311328,2.19450138918954,0.0458618927988649,0.0420255323935346,0.0640724414128795,0.137430368131223,0.2298245336924,3556.65326613377,1,1
463,0.5,0.587078565033443,2.19019801951521,0.939571193960496,1.09785806992745,2.11557022089651,0.0368052166271838,0.0453172353495653,0.0649895981606174,0.138402184108875,0.242302165875587,3498.90201278884,1,1
464,0.5,0.483961073823514,2.30932837963395,0.810456681281782,0.965127167593555,1.90789407404199,0.0498129318284629,0.0420721437025947,0.0633208421449925,0.135453457719214,0.219705709162745,3556.03594606165,1,1
465,0.5,0.468498843425577,2.26777232729574,0.855310376547326,1.15215495208524,1.75111515225194,0.0515581399696087,0.0434548346449093,0.0643172628303132,0.132419286587037,0.220099489482159,3563.71458479163,1,1
466,0.5,0.527296584741733,2.22754672257902,0.944343375337395,1.12457955002555,1.80857702920806,0.0449856654833804,0.0438418093592856,0.0651326436094955,0.134444815030554,0.230640012801056,3541.34388973661,1,1
467,0.5,0.568527536780539,2.27740223318319,0.827441785002909,1.06186352635279,2.0977851707675,0.0394614094263293,0.0444327422270729,0.0659109435273063,0.140288004449926,0.259316991287724,3514.9186818227,1,1
468,0.5,0.521333165847003,2.29207368126827,0.842546817616555,1.07442200521244,1.98001136925496,0.0442205764673851,0.0438807284192885,0.0651123583751974,0.129790944884291,0.220871163413293,3554.63413850067,1,1
469,0.5,0.456551735485348,2.31367068129961,0.785337303720996,0.923295402289359,2.17351665659898,0.0516536526280041,0.0435491525837084,0.0673011771710078,0.124957733604256,0.21196339698137,3549.58669887245,1,1
470,0.5,0.455869887226312,2.27305111955714,0.801646967957158,0.846517324514986,2.12496556707479,0.0537010299944864,0.0427925643755741,0.0655716713877196,0.133643496423309,0.225591500031718,3512.70591260875,1,1
471,0.5,0.471170619579566,2.33261401052385,0.749020081765716,1.22874567517509,1.64186805098289,0.049023339193726,0.0444751805252655,0.0663231367540834,0.131175898208666,0.212429647225024,3585.27873068585,1,1
472,0.5,0.478484551120814,2.28844914111791,0.796670232634107,1.05070188435805,1.92929604198118,0.0510966435701675,0.0444047316111333,0.0666897113142561,0.128795416022249,0.227680386899258,3538.09710741899,1,1
473,0.5,0.420016266092216,2.32648339826957,0.755781428818218,0.821693356992646,2.35858301256748,0.0527844424821504,0.0426343938981016,0.0649024017794623,0.12829499702926,0.220610532372415,3546.20438059624,1,1
474,0.5,0.515846087529511,2.19182025850976,0.91545578206618,0.948203395811022,1.85469169880776,0.0468415404081688,0.0421492851006385,0.0629749596311987,0.136651153598745,0.227438356097158,3473.5977989246,1,1
475,0.5,0.48594161885872,2.21856885801283,0.867420711416328,0.738709478986903,2.26735657561156,0.0488733534102477,0.0428964333154956,0.063128885873169,0.141201993977378,0.227806447048723,3513.97418259488,1,1
476,0.5,0.547048670872363,2.33415974975056,0.772193741900306,0.840324945862396,2.33415533625082,0.0394087444557397,0.0418647207978347,0.0619461607251246,0.149336075478187,0.247993472067639,3559.54294595839,1,1
477,0.5,0.487812075403253,2.25394564943905,0.83617169275643,0.766774388394554,2.30339765689726,0.048697907949824,0.0423137583431994,0.0638217797912557,0.13543735188879,0.230087652553598,3504.50323935038,1,1
478,0.5,0.575591877148042,2.29201686046773,0.81756812071717,1.06183115017785,2.25236093498824,0.0354681793090514,0.0441641524827681,0.0661986908875608,0.146712569127845,0.224583049436928,3583.16985794304,1,1
479,0.5,0.535238047343226,2.25039585406052,0.851443061874929,0.896371508338921,2.07693458171646,0.0457868041877753,0.0427897318694652,0.0648339847206164,0.139493031463793,0.24193227877316,3498.44160004051,1,1
480,0.5,0.463908191663595,2.28899196887287,0.852204983759198,0.910289214958464,2.12701738054566,0.0505575406621821,0.0429497401038456,0.06392633002612,0.129810432224518,0.223348856759818,3548.27961162813,1,1
481,0.5,0.500354510074291,2.28626725070974,0.856382132708184,1.32550697442246,1.568167834777,0.0463420057990231,0.0450270671445967,0.0661105690782319,0.129703717742521,0.22448641504764,3565.14532959078,1,1
482,0.5,0.511868042742751,2.36593595345848,0.72882467782159,0.892003334987128,2.3746770582451,0.043876679830316,0.0405104101960358,0.0611309971769174,0.132834086704399,0.236589272918085,3550.66106628555,1,1
483,0.5,0.492770749429871,2.30377479411797,0.800978024014685,1.22749999301825,1.70629763334944,0.0462089631680264,0.044606216828751,0.066625357013106,0.13129403234142,0.226569474471185,3559.9007124671,1,1
484,0.5,0.502492250631212,2.37254147791437,0.699951675604313,1.17170657574927,2.07284529352384,0.0441185414190137,0.0457318787746934,0.0676205128920835,0.133379269684517,0.233062114640827,3604.13497853149,1,1
485,0.5,0.503599536272117,2.25274256777506,0.933550716183209,1.13612809618638,1.89948480676439,0.0462850861081978,0.0429343220701138,0.0643405578265772,0.12980012729631,0.215609031349356,3564.93816325489,1,1
486,0.5,0.510368856291414,2.33773716983967,0.706514338943926,1.08866548827833,1.69906061343119,0.0473555701297381,0.0419021565762418,0.0629632418754184,0.133522382560414,0.226500626291449,3524.92444482407,1,1
487,0.5,0.481102540306923,2.29432728096548,0.830179425220397,0.934931547854159,2.03815665537189,0.0477849946567031,0.0420561225040442,0.063554474941565,0.133887541905702,0.220310344093668,3547.47614778641,1,1
488,0.5,0.5271982822476,2.32154222000718,0.77211712667243,1.03088606237258,1.89123646662082,0.0445114557129417,0.041311000432266,0.0613961556093238,0.134109213640769,0.2346223124284,3528.32052614334,1,1
489,0.5,0.502625750214591,2.31086418155715,0.845062833715991,0.917346633137518,2.20842438021536,0.0452154681717972,0.0413625554696524,0.0643999333287862,0.139591386749876,0.223827813305194,3579.27084803478,1,1
490,0.5,0.488838832456695,2.33475473518773,0.799423834212778,0.924951681591989,2.10981662562453,0.047160831326533,0.0427872345896513,0.0643224508644795,0.135202834592529,0.222351246974172,3572.03394739204,1,1
491,0.5,0.525761873762917,2.32701296793189,0.799760328535441,1.02465843131626,2.03810508389749,0.0441080245108059,0.0419400934541789,0.063887410847908,0.135115530571697,0.230348897630557,3552.66341288822,1,1
492,0.5,0.428705420947857,2.3730790597416,0.747644774465339,1.24988566567498,1.64142547576691,0.0547069959104957,0.0435538976790862,0.0663282847648353,0.12329460355641,0.207954146283622,3606.39559268953,1,1
493,0.5,0.536501834334177,2.26147562013097,0.904626861021357,1.08147436287921,1.98376321440572,0.0423231857574402,0.0438838501484335,0.0646095411766287,0.136746753624109,0.232495612420379,3557.16676528214,1,1
494,0.5,0.531760076095682,2.25800316535344,0.883902922182145,1.01762921079766,2.1232836132141,0.042937713710905,0.0443100409981283,0.0658748367394778,0.134959036514079,0.234018213733038,3545.43014156392,1,1
495,0.5,0.574960056211623,2.35292994758736,0.754011734147301,1.15960175764553,1.95982029629828,0.0362185391485995,0.0419525166649614,0.0620003243834012,0.147488695185978,0.226890657693009,3586.76288438275,1,1
496,0.5,0.573572033357452,2.32277226610326,0.764858509498646,0.909336198867559,2.46081539668947,0.0357495793067322,0.0427508377673133,0.063162291806749,0.146611800148967,0.230857426886907,3570.17502035676,1,1
497,0.5,0.564025661564855,2.34445326443777,0.781563116071568,0.998972954030296,2.19572038389612,0.0390641954458927,0.0432489392100316,0.0640673405415127,0.139271473786166,0.237479105306058,3558.7882999465,1,1
498,0.5,0.525227150090669,2.3193358915641,0.769782323191544,0.861860526625635,2.06461969368705,0.0454339362593897,0.0404350828927815,0.0614088664207906,0.137007551685271,0.233171794836395,3510.67458299215,1,1
499,0.5,0.509536613952881,2.28351618419781,0.84862181222259,0.992142894209417,2.01152624108576,0.0480267291201313,0.0434975724206303,0.0643517812220755,0.130208327457981,0.226633120727956,3550.19890320818,1,1
500,0.5,0.47605416865103,2.22567291849204,0.837032678934934,1.0085717762825,1.75966771589723,0.0533634845931062,0.042475694965579,0.0636810092461422,0.135902768369558,0.230442701620877,3494.15482124596,1,1
501,0.5,0.54415490380525,2.26410733874096,0.785270637887271,0.912093730393422,2.15366026648646,0.041693558651819,0.0433445566651049,0.0639099243926181,0.13930754407313,0.232626747093271,3505.84858100139,1,1
502,0.5,0.566770096497194,2.30592621204131,0.73924282081174,0.77828341074481,2.20275191718811,0.0421482345208157,0.0408109457474275,0.0621093297838318,0.143196636092706,0.250168424627227,3471.64554843052,1,1
503,0.5,0.471013513002356,2.29317613546268,0.827664312878778,1.0548286514989,1.86040535193364,0.0510273272885864,0.0427231996485501,0.064697901699338,0.132875285745791,0.221960728229371,3558.27092241979,1,1
504,0.5,0.554320264470796,2.27059202531662,0.786457442553414,0.832385866597575,2.04780308972841,0.045022721692925,0.0403052360782057,0.0602591657317383,0.140716717741195,0.25113826416802,3467.86423295876,1,1
505,0.5,0.460549076270191,2.26985754082996,0.817098719836558,0.902612910273652,2.10878781996238,0.0524632129842172,0.043566578671079,0.0669202789854602,0.131903668522741,0.230534595576007,3518.77579275979,1,1
506,0.5,0.483102634881167,2.29026708039041,0.805978658139898,1.16482933567414,1.52201305583359,0.0533955371388764,0.0426764777904949,0.0633035595399223,0.127996825869432,0.218697148643419,3539.73710631538,1,1
507,0.5,0.471300063480609,2.37139217610013,0.679316574839895,1.03979470411895,1.83649151457992,0.048848339219633,0.0426981212857059,0.0652059635832857,0.131645216614665,0.215684712712962,3561.19011996352,1,1
508,0.5,0.57681801379322,2.35119741713487,0.734850767625275,1.0268200177638,2.06974664734362,0.0389478530304252,0.0415065983225356,0.0616568602933122,0.14158229563261,0.249156125785607,3546.69360478719,1,1
509,0.5,0.473261710227351,2.40215915260102,0.645780138349181,1.06454200556293,1.82543508858423,0.051168988069175,0.0414368378896602,0.0650342014240431,0.131442194565273,0.22875968511573,3549.78810301019,1,1
510,0.5,0.355898320516413,2.34071663162405,0.713527657472547,0.980187396727206,1.6493644294542,0.0732217795433139,0.0422564338937249,0.0651212476327976,0.124522174049451,0.208339118069404,3543.5284972001,1,1
511,0.5,0.486096550260895,2.25376380882356,0.855660519471011,0.94810463211627,1.90690970312328,0.0503076553339096,0.043969140135727,0.0671359186520379,0.133617344535741,0.222925425144437,3519.38262952373,1,1
512,0.5,0.546163942092164,2.2526444835168,0.920709195342732,0.801864313484773,2.25769138842208,0.0422226418212756,0.0416133885770021,0.0625716602003753,0.139965640915294,0.225340668953681,3533.32531779425,1,1
513,0.5,0.566265985698818,2.23712480061606,0.860113392130163,0.916789058350162,2.01989579386722,0.0395105619111025,0.0418184187510998,0.0640788097847906,0.147344497224722,0.234011543570897,3496.10981829736,1,1
514,0.5,0.46722550518608,2.33623902540709,0.732594331140902,0.998107867876527,1.78746393006683,0.0560282556770535,0.0408166573201408,0.0625556344135418,0.12983749473408,0.222976654219332,3526.98937562265,1,1
515,0.5,0.490922481044455,2.25584110193635,0.781194864179179,0.924451921140299,1.85048704315785,0.0512055934024995,0.0430362202586009,0.0641213158863413,0.133264872933548,0.222445048678743,3490.10563790581,1,1
516,0.5,0.504645962421218,2.31910577236141,0.819306429613363,1.20813901517863,1.73314491423803,0.0464977202593691,0.0439182077075451,0.0666546572023224,0.127771890553167,0.224038486346943,3571.51903822325,1,1
517,0.5,0.550284848420122,2.32610071101791,0.743993623862969,0.984073127418326,2.01573366966113,0.0426787025054298,0.0411961560283323,0.0616367911773673,0.142570964746689,0.235753778340919,3540.85410471172,1,1
518,0.5,0.42687758007456,2.35165761377528,0.69860201262503,0.674978986883077,2.37453108255839,0.0570752492398696,0.0416811305386785,0.0640856312790697,0.132466842685665,0.228668440290697,3523.46482895808,1,1
519,0.5,0.476700930329862,2.30874044218526,0.818353525126396,1.19934856236886,1.55958554526898,0.0504414012056887,0.0422951399969367,0.0630717043580077,0.127088774771019,0.208047977386862,3567.43838743092,1,1
520,0.5,0.505781840272131,2.27070449151806,0.835554069686939,1.12505916236387,1.86465572126216,0.047290940787347,0.0438369594785084,0.0656971945428775,0.129538343052027,0.232726938887403,3524.71405672326,1,1
521,0.5,0.50152105930797,2.25601680594344,0.837247506190772,0.842492456745388,2.32503259726234,0.0461025147332287,0.0423475040950414,0.0637463761182592,0.13506357802482,0.241416652934753,3499.44430540484,1,1
522,0.5,0.457072239561703,2.24960438696395,0.840732804825142,0.998740776932375,1.96833806839577,0.051703984432434,0.0456993420214305,0.067100082349154,0.132576049055377,0.223078519805434,3543.8733765712,1,1
523,0.5,0.518778988563242,2.30186635194149,0.807986884767823,0.879819905553897,1.9619111029453,0.0475593275746096,0.039946621569398,0.0618688718755241,0.138147000872196,0.233236414034894,3507.44132811732,1,1
524,0.5,0.457824938847452,2.26673504327867,0.800653519425244,1.08133991676965,1.64780834930161,0.0533649411998976,0.0422031400783062,0.0642948970565707,0.134207561831638,0.213234747191563,3528.97829970389,1,1
525,0.5,0.476931732522345,2.30528235671198,0.826727685379171,0.794041374060798,2.42371126813241,0.050904042244504,0.0420041436004143,0.0634940628276271,0.132064571015253,0.244065824140965,3529.69234111109,1,1
526,0.5,0.513747193028144,2.30296912852593,0.798484774484568,0.958579449461415,2.09353388228535,0.0468344879221206,0.0410103786395611,0.0621573951120688,0.134583458097369,0.231355884043362,3525.51796925378,1,1
527,0.5,0.57971512952589,2.31106996063616,0.817304241481613,1.03371976244581,1.9404667077134,0.0400000956782302,0.0414392867324718,0.06083194708431,0.13797523633333,0.238386891521582,3529.60478273194,1,1
528,0.5,0.470548366213981,2.39850678366499,0.655397171626104,1.10839092561314,1.87622520669763,0.0507407336932952,0.0427158244834269,0.0654277675862997,0.130035653591548,0.230078991222293,3573.31421700019,1,1
529,0.5,0.57440133212431,2.36303656777838,0.683115665102741,1.16175358813201,1.83612036412097,0.0391717078201729,0.0429583664493837,0.0639967520374301,0.144134118581477,0.240235696640883,3548.71914721479,1,1
530,0.5,0.557204871502196,2.22514689074253,0.87241509608068,0.851910588633223,2.29718602892527,0.0421197789990807,0.0429957928968767,0.0638275146838826,0.141587011228484,0.245274589765756,3501.88455108801,1,1
531,0.5,0.544533156027819,2.29306712676627,0.837895048842194,0.937704276867132,2.16185996109626,0.041487119635641,0.0424844629359739,0.063955198823772,0.138138827242556,0.225065622191334,3544.80183865579,1,1
532,0.5,0.50107269709828,2.29084184273064,0.814251536759526,0.998360861168416,1.91614508935905,0.0479902147109337,0.0421702734169019,0.0632127724129579,0.133642451759419,0.224779612057762,3532.525078406,1,1
533,0.5,0.498069337071578,2.27686601046685,0.84503298604981,1.12875368616947,1.94184252188996,0.0471391200520401,0.0439171781014058,0.0644049274068997,0.12903059089637,0.22576375269324,3555.97754756404,1,1
534,0.5,0.566500769593761,2.27355416534126,0.807137712320378,0.823525155581781,2.34708903741923,0.0399531564443485,0.0420062015417755,0.0625936813684607,0.144072149771365,0.248855485711544,3503.73770682674,1,1
535,0.5,0.582535329981549,2.31614860993305,0.783975570532353,0.9511071219388,2.24874798733816,0.0366655699147724,0.0420032438210814,0.0620811574899979,0.146570438168199,0.251417351490923,3533.07097544855,1,1
536,0.5,0.555888013536763,2.35499981950975,0.767483315482837,1.17243396857672,2.0015742664554,0.0383505718764135,0.0435444279921076,0.0662122759108277,0.136815028210973,0.232375736265851,3579.0700396293,1,1
537,0.5,0.556518495931174,2.33884826957237,0.762253981854336,1.13181006566402,2.01017491765864,0.0386751536454177,0.0437373477729034,0.0656322427182471,0.136208362388489,0.224244436677972,3566.35220265684,1,1
538,0.5,0.475085925687821,2.27027901812775,0.819647153804284,0.805850204069245,2.13610981918388,0.0500859081620375,0.0421118728073793,0.0635434164628188,0.13598949507743,0.227193773506465,3516.21471796435,1,1
539,0.5,0.402941553222531,2.34011835005662,0.731252670420324,0.935035614829271,1.78765795550948,0.0645389545737399,0.041065204688135,0.0637747198722816,0.130089657963805,0.221923917967045,3537.47338157689,1,1
540,0.5,0.500492065887613,2.26477504694777,0.828210908547554,0.945619637074001,2.10549365255939,0.045357800284498,0.0421480458900845,0.0657885132248531,0.135004416975916,0.218763206709882,3518.99846469084,1,1
541,0.5,0.519099030912499,2.31147070165514,0.752981375380927,0.961691722297937,1.86536296631405,0.0459047744375363,0.0414077215143118,0.0621195003641397,0.139960699526487,0.222124578797627,3535.83712405126,1,1
542,0.5,0.401984853633873,2.36624138901763,0.722753318932124,0.889219679229488,2.09882194181141,0.0582590951386171,0.0428181160087135,0.0652427717279968,0.131344746890208,0.217902541360856,3592.66006760838,1,1
543,0.5,0.492287726857603,2.35167159187367,0.738880495693469,1.14501015797293,1.68299242861515,0.0503472907283303,0.0419051296520805,0.0643112814057114,0.135691837343875,0.224306709986297,3566.1310437283,1,1
544,0.5,0.52099761097599,2.27979027934587,0.80159540055973,0.924372493928582,2.19058394247427,0.0438796107870676,0.0427004654925156,0.0635750240318584,0.135157528401326,0.231545546489259,3520.4504200032,1,1
545,0.5,0.488285027411341,2.2995991068888,0.814331875173936,0.889449313797762,2.08969975014164,0.0513589816549567,0.0418298325595961,0.0633393360763846,0.133177404379221,0.236582626149889,3530.68256517599,1,1
546,0.5,0.462022989964111,2.34614274474999,0.730265948323499,0.937823310520359,2.03851885942811,0.0496588454757091,0.0426163509602588,0.0656195168710627,0.132971574956314,0.211388036898573,3570.85757138657,1,1
547,0.5,0.530542804597821,2.2727487394482,0.804269201962059,1.09138124302874,1.82523339026358,0.0436443837886768,0.0439220772545965,0.0653797330758172,0.143967395652642,0.22507248142464,3552.12713302526,1,1
548,0.5,0.508575138385729,2.27543178144269,0.843829670149432,0.964952251492034,2.02152629070091,0.0488722530784397,0.0437532554824427,0.0653298145259207,0.129451141132414,0.235722056231032,3519.00178030738,1,1
549,0.5,0.466674362597323,2.31294900085855,0.731960754833987,0.843446385545524,2.1495462431402,0.0531355793681074,0.0415539107272709,0.0645260489009429,0.132257330838606,0.234249015082431,3501.01117016491,1,1
550,0.5,0.530407657946559,2.28119768616772,0.771037455148402,0.800255664707223,2.35706593070662,0.043490679792043,0.042553742809171,0.0648381663165041,0.138978482104679,0.240400621085305,3500.04228528442,1,1
551,0.5,0.561912452039281,2.39418912209636,0.642416114834276,0.903508867878015,2.15541230263254,0.0423453289714219,0.0402104883162065,0.0602906422465924,0.137801375538805,0.243679884172102,3525.24581062917,1,1
552,0.5,0.453093575183147,2.33960403776928,0.787377169421347,1.02083901006983,1.91728276946332,0.05243129647368,0.0418132568111434,0.063988337033788,0.126692089488629,0.213948099116236,3580.22132841812,1,1
553,0.5,0.492692731690191,2.35319614562393,0.707399753824097,1.21509591702851,1.46828365473443,0.049621856040906,0.0432093440358231,0.0637452129386823,0.133825441606174,0.218499829674631,3562.91029682843,1,1
554,0.5,0.501372750902429,2.28861002857621,0.796153447172031,1.07411000287756,1.88659764127159,0.0454195661030093,0.0423463332757504,0.0641727800819872,0.136769185494042,0.221950210574735,3543.34663883065,1,1
555,0.5,0.433317371492789,2.30956631756648,0.760152498173816,0.876121355894759,2.09890504806777,0.0573415657023462,0.0416760742218807,0.0638877377192819,0.126147315193179,0.23067811169113,3515.84086592664,1,1
556,0.5,0.553344860236357,2.32303906445879,0.765115619878849,1.04029476977488,2.16477551967251,0.039441193733992,0.0435152450883085,0.0648152657186536,0.136851773918385,0.231934036173297,3545.5992821163,1,1
557,0.5,0.43856272236418,2.31412874562447,0.802928742886972,1.11739238902755,1.79652720955286,0.0554315963033849,0.0441658977617967,0.0671634497347848,0.127797445618936,0.21856387210651,3579.22735528305,1,1
558,0.5,0.441561577141236,2.31755896918614,0.788565732124582,1.00158380988201,1.99165861985389,0.0506565802363897,0.0427472437230389,0.0666159849929071,0.132625901810579,0.217721842638177,3560.72942241508,1,1
559,0.5,0.546066843392572,2.2502727146709,0.847954504305502,1.18775918832331,1.58228421129257,0.0433513127662805,0.0422666350375313,0.0625814300929471,0.13923245624264,0.2276618415511,3516.91850860096,1,1
560,0.5,0.538667094633784,2.26216225667398,0.845261539596408,0.960550001827288,2.11282613022213,0.0434367487842421,0.0437228354339647,0.0656967061425309,0.136358353532792,0.23639260226431,3519.74349113927,1,1
561,0.5,0.483204524906552,2.26934192628072,0.790539275908913,0.995661373691061,1.90420817589725,0.049085566877283,0.0438272274003972,0.0656481685514097,0.13414102857517,0.22083898189016,3514.02568075676,1,1
562,0.5,0.443065904270071,2.33054169631286,0.779642883109586,0.789113514575759,2.12696556526344,0.0568810135331044,0.0408321143782306,0.063111081720056,0.131902093342282,0.2273786244808,3528.66374438442,1,1
563,0.5,0.505361832225061,2.25724948568379,0.817893821875486,1.12805127569318,1.62990783737077,0.049330352680996,0.0426104499499151,0.0643122450779513,0.130298724698096,0.217470923664841,3506.61052292439,1,1
564,0.5,0.531628892128318,2.28023234710412,0.847527699099581,1.139544153821,1.98264024130378,0.0409964404548245,0.0450925627249932,0.0661907811637378,0.136901144729239,0.231772406372951,3561.17452195614,1,1
565,0.5,0.486195130868444,2.30463729682744,0.784919746922723,0.857708638223063,2.17323859563727,0.047139850537929,0.0421783205739802,0.0629876877354148,0.136716610588769,0.227771520020272,3544.90087001607,1,1
566,0.5,0.573896096788086,2.29056124264421,0.780647013762614,1.00531039464603,2.18479934157637,0.0395807451739084,0.0430599258643886,0.0653135455641983,0.138643484807669,0.260158720547697,3492.281719553,1,1
567,0.5,0.484119532870401,2.23141435734858,0.929575686174618,1.09405864429916,1.85314702229009,0.0469666196703857,0.0443028423193404,0.0659503129080415,0.134543427405937,0.215062125591258,3564.74340986144,1,1
568,0.5,0.410408052817062,2.33389044798021,0.744648215888184,0.91776886366265,2.0532990166698,0.0566776899748261,0.0414655812963328,0.0633665954556476,0.13035341166454,0.211104512437483,3568.40662598702,1,1
569,0.5,0.492169362059129,2.29497647039087,0.830975325028728,1.03137193202697,1.95073463501478,0.047420188904426,0.0431509256636473,0.064219124715552,0.13455045412321,0.229434934315448,3559.82138640398,1,1
570,0.5,0.386439499051108,2.26257738111988,0.819823236554756,1.01444979917132,1.82436640601977,0.0634493275046668,0.0440693648808636,0.0684979626190896,0.122352052151898,0.221186929765603,3513.29782219625,1,1
571,0.5,0.496778329708004,2.33714018565861,0.729161934559407,0.927669014817398,2.00107003390364,0.0502979688954326,0.0410565504702923,0.0629808598708593,0.132370668468118,0.244099039245938,3504.19762626142,1,1
572,0.5,0.51425654383549,2.25959628789696,0.839102713022539,0.981847622378106,2.05598509930096,0.0445447156506989,0.0430554612470433,0.0641261344824275,0.137103448955306,0.224393681779827,3538.91000649962,1,1
573,0.5,0.460857476387151,2.33109160991713,0.740296720622887,0.950929644637369,1.84272129124736,0.0553968756464336,0.0410550279711884,0.0629967651806341,0.125605510467712,0.220184119787225,3507.83025879474,1,1
574,0.5,0.480043037606768,2.36904355639193,0.706400750570892,0.919860809444685,2.09747524473059,0.0483195687677404,0.0416097414545949,0.0637840063138389,0.137373747639236,0.223659974348072,3574.80875050562,1,1
575,0.5,0.369379946872683,2.25171469866992,0.944572358677019,1.02112671678241,1.91578775788822,0.0615216495900358,0.0433313185694499,0.0647661587348311,0.126963594941626,0.208182456726903,3593.15526344308,1,1
576,0.5,0.464462704112748,2.36724485544734,0.624115561838659,0.913465370021593,1.96622873674332,0.0515285895488755,0.0427286043984727,0.0647591196203255,0.134885543264611,0.226331474457952,3535.01905710912,1,1
577,0.5,0.436598926863239,2.31008191636584,0.75507325900459,0.965194941742116,1.8840282993847,0.0558497282026131,0.0433652137737175,0.0667182067907921,0.130170309774228,0.219285178542659,3533.09528017274,1,1
578,0.5,0.509548063667108,2.3154714376403,0.837970219740874,1.3124286682431,1.67942849026735,0.0416094705560423,0.0448220175461755,0.066995082037615,0.140227121114546,0.214383784749233,3627.06157021674,1,1
579,0.5,0.596199002774595,2.34694535784018,0.722091538657766,0.827822103505958,2.48255378260906,0.0343784884335153,0.0409219607866971,0.0613251398712089,0.14588704161646,0.247168863088548,3521.80767844354,1,1
580,0.5,0.486694372672798,2.23977648560043,0.900101580483375,1.11821374726741,1.71971713415361,0.05042421121186,0.0432767788134872,0.0646816028277497,0.131866810400855,0.229645788175026,3532.07832852563,1,1
581,0.5,0.505718153378065,2.29161956846238,0.766156986018225,0.671611894433454,2.41873484987129,0.0471311049709512,0.0417080108080682,0.0633839922552623,0.141070025767062,0.242409318862828,3494.21207056532,1,1
582,0.5,0.543586879620129,2.30728832921798,0.828478020820304,1.10423308699187,1.87602167446862,0.042248728528316,0.0422259479300246,0.0632483779540287,0.135924477560275,0.233264283546068,3555.41291148118,1,1
583,0.5,0.551747991631629,2.2683820059354,0.840015302684578,0.851883599639757,2.3841868762393,0.0395005606909369,0.042690686237152,0.0637987188520173,0.140098344038287,0.241728615284288,3507.64276999835,1,1
584,0.5,0.408519699727758,2.34952259410928,0.722305935550078,0.869350914758067,2.06976321494975,0.0576039906342487,0.0420245706864861,0.0646297695345266,0.126483491112984,0.217100370326645,3544.44776631912,1,1
585,0.5,0.55564280430483,2.24413442956925,0.930168419540338,1.02418024749382,2.18309099257156,0.0416938738418683,0.0431895719578519,0.0636012226243264,0.135036186150005,0.252478109945688,3521.39838338345,1,1
586,0.5,0.5427426586302,2.22439635330865,0.984250108077658,0.933636394742132,2.30283866191424,0.040495117875564,0.0433751177675958,0.0649680387910676,0.136863857134336,0.237282212211728,3540.23576065602,1,1
587,0.5,0.524472083421749,2.27837521555628,0.810016275408927,1.01574060973692,1.82185945869686,0.0465013289134184,0.0418509178315448,0.0636984256701013,0.137496486373461,0.224118063694794,3517.65527272768,1,1
588,0.5,0.522114975645909,2.36507074353679,0.772719588227213,1.18908990235416,1.91356579736931,0.0447799003485176,0.0442823502923412,0.0652631999678407,0.126595147117605,0.227256186795947,3583.97712182384,1,1
589,0.5,0.48526154430112,2.32953994618796,0.791285357656048,1.03321454460136,1.99114437829928,0.0487062058095129,0.0429061166570689,0.0657223321330222,0.130797922929266,0.220970150440101,3568.40713271794,1,1
590,0.5,0.512615971266244,2.31519770424482,0.812418101419871,0.935401554321119,2.28707503543023,0.0429966034842818,0.0427240590177586,0.0639139505048284,0.13578796854278,0.228120256862297,3568.21707582367,1,1
591,0.5,0.493736660331484,2.37229791957596,0.675156481714422,0.989020565107822,2.0270129646807,0.0465286235597307,0.0421980615913326,0.0641666829671295,0.134888794756635,0.229096104467473,3556.16413114246,1,1
592,0.5,0.49492856997883,2.27429447258749,0.841871856132468,0.964788178669943,2.04167169811838,0.0462801800342312,0.043825380652378,0.0665067297883852,0.138919289869222,0.217210601102376,3563.21060217069,1,1
593,0.5,0.514289658630745,2.29519061021574,0.848989928874703,0.726793119171573,2.38789062151976,0.0455889042094319,0.0399082685407025,0.0602203412966953,0.13760847549135,0.229760645554139,3540.12824016935,1,1
594,0.5,0.519530373655244,2.31679415751633,0.788742697905115,1.14123750457955,1.74561565056924,0.0434858683109391,0.0421256343342346,0.0639112171636728,0.136529027585408,0.217260081798031,3556.45271776959,1,1
595,0.5,0.541459518488564,2.28066409381523,0.789413341645344,1.16607809831142,1.52860094661388,0.0448738770573317,0.0430959969333403,0.0653265236841265,0.139332971874329,0.226293475590001,3509.99653844659,1,1
596,0.5,0.481136479022624,2.32463074905891,0.718111230486076,0.825034983401599,2.31918115903133,0.0495988125425551,0.0434571738353218,0.0657361090419223,0.13305624999643,0.237016907249255,3513.9697195985,1,1
597,0.5,0.566539724951456,2.39236578268612,0.66737502616363,0.951746922476223,2.45809448562942,0.0371147894840824,0.0423671514237006,0.0635509249643125,0.14148918226407,0.243040566871051,3571.73836397999,1,1
598,0.5,0.475695672103062,2.33962611843643,0.729525750549539,1.10918541157561,1.75635815657779,0.0511577826227393,0.0429506385350693,0.0642264709524197,0.130245510749957,0.221222458397105,3552.33790975755,1,1
599,0.5,0.531045698605177,2.35262648741822,0.748795723453215,1.07433242114792,2.00476503615201,0.0410847456242343,0.043283275730989,0.0647981663376275,0.137531477910099,0.225068670417102,3576.74351463905,1,1
600,0.5,0.468917445899245,2.2188353601187,0.924757097321989,1.08779314877674,1.69705892557432,0.0531904040580087,0.0442767115820574,0.0669334604096104,0.130410285066524,0.221807232647162,3523.29870012312,1,1
601,0.5,0.410674608490978,2.17428037496872,0.949049304628003,0.942816175912292,1.74014441127214,0.0666402839464785,0.0445630218068123,0.0663615332418462,0.130313682466801,0.222307092931291,3501.28485958903,1,1
602,0.5,0.46855162172131,2.29040338465201,0.865070463976178,0.882538811504515,2.21716445123125,0.0486225565459259,0.0415101515935783,0.0641072675182946,0.130962386352946,0.218355219694141,3554.05099922122,1,1
603,0.5,0.557643241918529,2.33673248986855,0.734667410979216,1.00449998329419,1.92186389955854,0.0414767371253425,0.0407903604159205,0.0625131702075747,0.142639402966156,0.236590789415729,3519.46892887292,1,1
604,0.5,0.5038418342877,2.30867390730451,0.8288573976893,1.02805348300098,1.99012405358742,0.0434291800213718,0.0435538388412381,0.0648305067349377,0.143331457892698,0.220232573142173,3601.12467025357,1,1
605,0.5,0.448430891417828,2.36682002590579,0.727081737045007,1.20109300280451,1.66153433425483,0.0521445108178982,0.0429256193081743,0.0642433761333478,0.126192346898029,0.209420794714385,3594.2838702719,1,1
606,0.5,0.459584136380187,2.29385598298869,0.833774866293638,0.909224555911989,2.17170532585987,0.0507160862347808,0.0430026962099299,0.0636513841263317,0.129448668108769,0.21780019422986,3568.94612671722,1,1
607,0.5,0.511807142355698,2.25809837183624,0.846799079829816,0.921616260584175,1.8800100085239,0.0479442301580884,0.0411020731210524,0.0623247805198757,0.139417349563461,0.235815510522847,3493.19759483116,1,1
608,0.5,0.588202451388536,2.33013460993758,0.728780794551736,1.07925804712098,1.9146186467474,0.036448592329848,0.0416714160113,0.0623309938237699,0.148936095658537,0.238931149897461,3526.28363852944,1,1
609,0.5,0.525480228966694,2.36542795501514,0.689304047401798,0.964557446187998,2.09042282394758,0.044603243019562,0.0412566524884609,0.0645203808131964,0.135086602437155,0.229658112572782,3535.63015102389,1,1
610,0.5,0.521633324863089,2.29227730886416,0.835882839307892,0.82064008915027,2.29035144761746,0.0464216033358477,0.0410966473420956,0.0610770581658792,0.130496055487081,0.231779670857036,3525.4591993755,1,1
611,0.5,0.551732602859592,2.32459119924367,0.782314016627619,1.04636817045273,2.10450937239041,0.0405375823116474,0.0436309465036005,0.0645128398696446,0.135178333273013,0.229834777439404,3568.35188812466,1,1
612,0.5,0.464385361737687,2.31297873096206,0.783292725200487,0.855600169708261,2.08127415714182,0.0534365499674459,0.0426905826687722,0.0637590336306821,0.131147268011036,0.223740320913651,3545.46782483777,1,1
613,0.5,0.538305949945895,2.28747024490282,0.824188986904947,1.10294138325207,1.82320172667668,0.0428687552549854,0.0430290803750697,0.0632544507778377,0.137017825385303,0.222179119754865,3558.73216013491,1,1
614,0.5,0.506820661298946,2.38779486774609,0.711698296167585,0.792826863940713,2.53842926376587,0.0441265497686825,0.0414731403734647,0.0629160381590054,0.13263886868511,0.23363158445405,3567.38000398299,1,1
615,0.5,0.457837745947758,2.31838375276913,0.792114059830134,1.17776177510463,1.51255794306673,0.0531620464224299,0.0421427080359934,0.0650221833872563,0.130310396362899,0.213457626308617,3559.53359088548,1,1
616,0.5,0.564067621640793,2.28310440678668,0.871270277116419,0.946520129421602,2.28897691008423,0.0388719608192449,0.0424705477817485,0.0632172782495259,0.143421910468947,0.243775361348254,3555.46168752439,1,1
617,0.5,0.464923602012307,2.29249266103262,0.820633636029619,1.0019692368794,1.88150631603388,0.0525881942726172,0.0433331254918447,0.0646296254546257,0.128975347966124,0.207916233306205,3561.32111389615,1,1
618,0.5,0.535268422191365,2.32256355945578,0.79324689107704,0.965999630171438,2.18950073285228,0.0417513340541425,0.0420444612471661,0.0620511759494838,0.13792991634079,0.225396882791068,3568.08582045744,1,1
619,0.5,0.471489907105187,2.37053294401561,0.659160048506742,1.03589954271113,1.97192366142014,0.0493665206187583,0.0427230375079685,0.0650965154430096,0.132177446588452,0.219751234596913,3560.89720248621,1,1
620,0.5,0.458054096965205,2.31054675884893,0.767223865228761,1.28662919961457,1.40177167040648,0.0519903975174727,0.0445056438539076,0.0667085732967589,0.130440411013822,0.213012335704188,3570.2712534666,1,1
621,0.5,0.436984821097342,2.42570452091585,0.646146621337157,0.90416547860493,2.2574295511877,0.0542157263098842,0.0407219813287545,0.062661636259493,0.123517251179614,0.224492368399797,3564.9321191461,1,1
622,0.5,0.481203391448053,2.36538291840812,0.688223639671247,1.05411208669262,1.82304906858705,0.0509771247062852,0.0417130221528688,0.0631788102568044,0.130406191818051,0.21835265957428,3555.88193924054,1,1
623,0.5,0.52371505771778,2.27165422725859,0.832440903958937,0.983321070478474,2.15291149624432,0.0434909370084083,0.0432169382531176,0.0638579232149466,0.135741071305387,0.238388385892386,3531.69878000602,1,1
624,0.5,0.554261943923559,2.31512102288244,0.821967641403903,0.952049771149197,2.47014397873331,0.0385359837011651,0.0431460775916946,0.064315563198013,0.137163912221936,0.244589157327372,3542.54464556789,1,1
625,0.5,0.477645572733711,2.32629356081928,0.785872434628239,1.21504301920847,1.6329681955367,0.0486763046265283,0.0445272948282737,0.0679601590111975,0.13518267183925,0.216465909365846,3589.33284071204,1,1
626,0.5,0.509905435727175,2.28835958688529,0.77164444975259,0.934869850148586,2.05052139061851,0.046274845162472,0.0416059599937831,0.0635247800115413,0.137013143113626,0.231498275858805,3507.42945482655,1,1
627,0.5,0.46495769365666,2.25539207609807,0.90233597882012,1.17250666514022,1.49649799062817,0.0539081531414169,0.0419178828212425,0.0633058235318037,0.133388899332296,0.210541475906338,3553.02907357158,1,1
628,0.5,0.465040827985029,2.312224400764,0.801257813877895,1.12028907927391,1.82530242755217,0.0498460376811888,0.0438764724611128,0.0658548012846351,0.128115728640368,0.212376928849907,3580.08411159795,1,1
629,0.5,0.506919900936908,2.29047961468055,0.832194049756689,1.25032477256201,1.59936799913309,0.0462445638707223,0.0442722583134826,0.0664757141812434,0.134405448366875,0.212852995653571,3580.11357325997,1,1
630,0.5,0.514678433306972,2.3277677909806,0.747645763637028,0.856031423945125,2.22431159509149,0.0451436630885097,0.0424617116169967,0.0655351487760737,0.134733784620792,0.227484935299963,3536.90688093849,1,1
631,0.5,0.484455329264876,2.21542924385757,0.925227297148615,0.950550857215641,2.04883625914505,0.0483108487698337,0.0433189067074425,0.0647284583147106,0.133813777143454,0.232275370711231,3514.87086420048,1,1
632,0.5,0.529979699250604,2.25680426240294,0.830993093643486,1.05669093384888,1.92126856008223,0.0431883395341812,0.0436240837013556,0.0656692514087512,0.14354372753481,0.231298326949003,3536.85950581726,1,1
633,0.5,0.532720149465726,2.31822808530859,0.805890752148811,1.05492246454659,1.87631716874747,0.0417560231175218,0.0417561744715576,0.0642789576482463,0.142586524708589,0.220463785809383,3564.37488610671,1,1
634,0.5,0.46896077957596,2.26826355564967,0.867841576604663,0.78647829440993,2.33252774793709,0.0494791080466195,0.0423863114533341,0.0643732923737128,0.135592674547544,0.224173400803588,3544.05970008265,1,1
635,0.5,0.464724144576413,2.32004283170901,0.746863978645095,0.907011588047541,2.1039389441864,0.0508464987356969,0.0432074502113898,0.0644971700205161,0.134589885539772,0.226827589107001,3543.05819863817,1,1
636,0.5,0.471257261847573,2.33871544132268,0.735486907234403,0.898074373686537,2.15280011612978,0.0490615341563335,0.0426567818883679,0.0633591857968596,0.132204351800651,0.229746873695959,3538.57794049533,1,1
637,0.5,0.515133651635711,2.25047178453159,0.868542307093799,1.05645621134088,1.92690658401927,0.045256220627701,0.0444732137720564,0.0657336478880995,0.136252005665676,0.235898507854365,3535.54098743622,1,1
638,0.5,0.534667017710118,2.21555330064055,0.915493504573905,1.05380594864757,2.0974139031422,0.0422386481419402,0.0445574882428732,0.0659885168573888,0.134217140054301,0.242134155997977,3509.96211452948,1,1
639,0.5,0.487766855305006,2.34963036172464,0.671574080551386,0.928647702654996,2.15657292199723,0.0458411080050371,0.0424261872732729,0.0658483627981443,0.130470108867294,0.214195340869923,3546.48727616313,1,1
640,0.5,0.451130057303012,2.32550514251914,0.797293695428796,1.10044783841473,1.76137956287275,0.0533789993974351,0.0437536178385209,0.0646590427769909,0.129288231539002,0.220907663798808,3578.99699096006,1,1
641,0.5,0.485852436118387,2.22193491685177,0.940803194984998,1.01608838995152,1.9069478454516,0.0481022511931816,0.0428901850557348,0.0647208236145263,0.143143113786384,0.222034348147301,3566.43115923936,1,1
642,0.5,0.431859814520478,2.24325989061888,0.853937212454835,0.870657488625955,1.99045173000892,0.0574526798637847,0.0416013366615265,0.0636095275174418,0.136056155648089,0.224258310372822,3529.31570271607,1,1
643,0.5,0.542428641469311,2.31895712805544,0.827589424882233,1.12795331577891,1.93490226876746,0.0403378146654454,0.0436387552938694,0.0645938119583187,0.135227134796535,0.212878751686541,3591.09489633517,1,1
644,0.5,0.527536405512992,2.28550160848958,0.825044161446264,0.8342029757427,2.34097245829365,0.0458134216664567,0.0442634091739939,0.066323412582334,0.136116315527132,0.250504011289974,3517.88037629991,1,1
645,0.5,0.476142399391637,2.32932565742251,0.765660667965288,0.855897473282427,2.12468353655581,0.0490185615751445,0.0415932146009696,0.0635761707323166,0.138953301338932,0.223999767891333,3561.08656402718,1,1
646,0.5,0.430299949530323,2.30806348496609,0.826056235663658,1.13416839538124,1.76688659755132,0.0545191525260282,0.0441697677690918,0.0657113554062208,0.123949361338397,0.208877597149006,3576.30435822163,1,1
647,0.5,0.568092082240292,2.26818328146505,0.834540540280889,1.18360656117541,1.80258940222183,0.039877740667141,0.044448025975956,0.0649807407404485,0.138031254143765,0.240724114538356,3530.54428663414,1,1
648,0.5,0.493068365274448,2.22907530390714,0.836297452716156,0.998753333110218,1.78703806492397,0.0504876954714118,0.0422624573883091,0.0639333578793649,0.128699592369535,0.229483779513014,3463.87728775429,1,1
649,0.5,0.532011135650145,2.24424527482735,0.903902336647353,1.0397633736019,1.90386320481234,0.0428771498248899,0.0430125119103504,0.0643472929016154,0.136513316534744,0.222778319838366,3531.29315691594,1,1
650,0.5,0.448558626624162,2.37401990868268,0.668452092947404,1.14678353746943,1.57759762461017,0.0567624102682334,0.0419057121430751,0.0639009525693849,0.125769180871685,0.213720391387535,3556.03874230137,1,1
651,0.5,0.529694309340064,2.25745627932643,0.872323592310172,1.0355253183223,1.95051724369142,0.0439740008245532,0.0431249427935133,0.0638043738546312,0.137223586379944,0.237304290470509,3525.79097690027,1,1
652,0.5,0.45400043508632,2.28765885070271,0.81355192703875,0.822419769096167,2.25745944072294,0.0523206750802335,0.0415439397871475,0.0629237939989489,0.132938631636676,0.228511868237457,3534.09192027396,1,1
653,0.5,0.574294678368983,2.27113450647784,0.807988370850781,0.939371392596216,1.9593060757266,0.0420006221332121,0.0413050655385096,0.0615560452981164,0.144400392769067,0.234895664782953,3506.21871979898,1,1
654,0.5,0.494625782792081,2.28202483303212,0.822457470994071,0.804287734374124,2.17346206741285,0.0505024919985732,0.0400009334906587,0.0622019001829505,0.139023677446872,0.23174917798441,3526.48305474839,1,1
655,0.5,0.48986310013361,2.31409904528667,0.849330310267956,0.962020739151955,2.32402908637058,0.0453880919991225,0.0437393381128238,0.0657533592907964,0.130371931731928,0.220187529798713,3589.90974129971,1,1
656,0.5,0.562495076905305,2.26455488929291,0.794783768406586,1.09126821661855,1.64437140966175,0.0454688301672268,0.0421570392649719,0.0638390260854923,0.136568407873097,0.243277936685563,3482.41057420226,1,1
657,0.5,0.556763823810279,2.30331774236554,0.783779578160223,0.95531806956193,2.26569208849962,0.0388545382908854,0.0426377261177009,0.0648120107060663,0.140529693964236,0.2391972207911,3539.49226471416,1,1
658,0.5,0.488755244800467,2.23063595785102,0.90035056809907,1.11181919133869,1.79022700025582,0.0486054761739903,0.0441358467108096,0.0649291058653827,0.133084449436349,0.230515843889026,3529.8829073361,1,1
659,0.5,0.55219920113477,2.30950910338917,0.823441512459177,1.12305746056698,2.13828096212133,0.0363278110895457,0.0450046024313718,0.065462290057971,0.15086348677502,0.231210133894053,3612.23021855241,1,1
660,0.5,0.422355453212091,2.32302473714332,0.826134411189625,1.0335155734787,1.98970478977645,0.0551466151931975,0.0446254491701685,0.0683396633859543,0.130966823721835,0.221783483227206,3603.17500385669,1,1
661,0.5,0.435946891029751,2.28784760513314,0.80566496945418,1.10348028437104,1.76863993975545,0.0539794402186242,0.0440260756124902,0.0663505140817117,0.127231588977859,0.211634194961044,3553.84601120171,1,1
662,0.5,0.581208667019919,2.29152901372131,0.82744978916585,1.02372693635234,2.18013823738974,0.0369949001733908,0.0411387812189404,0.0619973518892986,0.141811749786882,0.241867332107327,3527.97082416892,1,1
663,0.5,0.493587313174578,2.24091490668716,0.930416996903178,0.996354742911026,2.05785011825379,0.0490597091237914,0.0434026021940892,0.0652801392224735,0.125122231750605,0.233415470368004,3522.26935339043,1,1
664,0.5,0.547841686391899,2.36272603075108,0.772063039028221,1.06432213999008,2.2450113110972,0.0395903004181333,0.0422072480043373,0.0624361714805448,0.135438350697446,0.240978671507978,3581.55711365662,1,1
665,0.5,0.529494750741182,2.32344666855774,0.733941902037851,1.18373410228349,1.58359290188482,0.0439833045807276,0.0426989823333259,0.0637384604199771,0.139414100582108,0.223553151719255,3545.08667289017,1,1
666,0.5,0.429325872700127,2.31061574272462,0.774356555998038,0.974573643177901,1.851311763061,0.0567516534263892,0.0423096144141598,0.064674214629864,0.132046892057821,0.217653504727963,3548.65106724786,1,1
667,0.5,0.554671033802479,2.28067370218173,0.786286977714193,0.881910315812248,2.1160571587534,0.0434874131977052,0.042567573953828,0.062511536396267,0.142956800683579,0.257091134447074,3505.67853355512,1,1
668,0.5,0.445403636016476,2.327318826534,0.740738209055314,0.726900606703249,2.19777639637868,0.0574035985767907,0.039465936213104,0.0609536271495106,0.129652290101364,0.222498038508591,3503.54575704038,1,1
669,0.5,0.493217632282425,2.35196619689767,0.659594069185957,1.05305603149668,1.92371464202539,0.0452824255737313,0.0423266173181429,0.0660172432560664,0.138978284311128,0.222121047615726,3553.10092189595,1,1
670,0.5,0.54091998388925,2.23954603260788,0.869410863142399,0.735564952512318,2.46078409438465,0.0423206028851792,0.0419470205520075,0.0619589437570842,0.138897994663883,0.240777810702333,3497.90236236469,1,1
671,0.5,0.527298816254757,2.27672295542307,0.863437914303545,0.961366631870903,2.03495425034401,0.0433362648553711,0.0412772110539916,0.0624836280550926,0.138265724300643,0.223432733513105,3545.08775620219,1,1
672,0.5,0.475160001757263,2.25040948465027,0.85003308155934,1.13544929974014,1.57634584186961,0.0519356048206919,0.0413514205522313,0.0637399741348453,0.131553111191932,0.219974304976849,3508.9750562378,1,1
673,0.5,0.548594472668169,2.29012140561237,0.849647896740886,0.816058735450638,2.51395461584883,0.0400976231722538,0.043875287750188,0.0664118919777642,0.136315214323433,0.243960209490429,3523.4700311085,1,1
674,0.5,0.492260705292732,2.37847537513973,0.749169588373493,1.15132314461434,2.01090569064877,0.0447068043292176,0.0445661009237514,0.0650513651519379,0.135120832136033,0.22202257750702,3639.12848959755,1,1
675,0.5,0.518582233474467,2.28635690577522,0.804937539429227,1.13540416705649,1.91513946868779,0.0453825076387601,0.0426126296953341,0.0646949740794603,0.130020767433108,0.231089647165125,3531.06734626383,1,1
676,0.5,0.484305551518827,2.29454861120872,0.788709448748054,0.50640010761233,2.80906581236922,0.0451745177568469,0.0413209613556094,0.0628507787945601,0.146220564190726,0.241889620176236,3536.80632730821,1,1
677,0.5,0.499268477247512,2.26216025071675,0.859326535981444,0.813020815142188,2.32023305612145,0.0467744878856839,0.0420228362175562,0.0621923055792818,0.141752361117637,0.231475987139906,3549.9012354273,1,1
678,0.5,0.546733578345516,2.20496232755138,0.895473499845231,1.04355156281919,1.98224682638659,0.0424523471633713,0.0441876419811058,0.0661340576992889,0.140552120329513,0.249626235180501,3496.91927129592,1,1
679,0.5,0.538653276429646,2.27394365778685,0.743198927358523,0.763448431167106,2.1697780033337,0.0458096103510454,0.0415834236248798,0.0628559459161384,0.137448694181448,0.23352384810212,3467.37041628812,1,1
680,0.5,0.548746231862039,2.26318372089033,0.851309625024235,1.01869890997293,2.15793551889028,0.0385961234576029,0.0427704540605057,0.0643966607623865,0.13850027810445,0.229446702298062,3536.33086711459,1,1
681,0.5,0.517181853913744,2.26282010497061,0.86093449418542,1.08080311023596,1.81272392209286,0.0430904445821818,0.043262490981905,0.0645462485831548,0.145435812948193,0.232516107818321,3553.43064745435,1,1
682,0.5,0.568147429734091,2.2580320171205,0.859469928800557,0.85514094441758,2.30348503423759,0.0411320250920494,0.0408899808422999,0.0610595301835235,0.138047701207391,0.253563410531457,3480.37848737328,1,1
683,0.5,0.502537843901068,2.2541503092307,0.776845419650712,0.91382036529595,2.04788610670081,0.0456033883470199,0.0436981369459312,0.0663500349864154,0.139134718868527,0.221845759802199,3503.23146073133,1,1
684,0.5,0.494570169564631,2.34300394013091,0.754202333245569,1.193237286846,1.89229643739088,0.0461715850467137,0.0425823171976897,0.0650705485458818,0.125067154081945,0.215797717355581,3571.86124706571,1,1
685,0.5,0.502400406269369,2.2786801581541,0.820359310990218,0.949291688029646,1.87484463708153,0.0500094016967545,0.042098197670489,0.0642726001091203,0.134913852661318,0.225735310885502,3518.87533898416,1,1
686,0.5,0.479750646861671,2.26997410133322,0.825664545102695,1.05272826110453,1.85143729762507,0.0475945012916001,0.0435290727543454,0.0661374158538679,0.133208687267869,0.218268687138672,3532.36440747881,1,1
687,0.5,0.482438994481807,2.35343111176232,0.732151766325833,0.930710182184395,2.03717526953567,0.0485288753136258,0.0420205175630574,0.0629746937736004,0.136168132273975,0.222105679446657,3576.19454609187,1,1
688,0.5,0.464372791190075,2.32047182608932,0.78556110263934,1.16188593621193,1.64111147218907,0.0532666605191436,0.0434489182687626,0.0662117195707123,0.12693237607242,0.216366490924441,3560.29190488047,1,1
689,0.5,0.46724803782479,2.26788500226563,0.802564840142375,1.03358431433409,1.87616364128507,0.0518758445976303,0.0445119430652905,0.0663661367475089,0.130611138301759,0.230476817984943,3525.09624420575,1,1
690,0.5,0.567194505641209,2.34064305581968,0.770581555814608,1.27322709762205,1.65226562826638,0.0388032221419887,0.0442612443813802,0.0670873534080206,0.139665459359414,0.232890593913179,3563.92957091994,1,1
691,0.5,0.465077743394252,2.26270151591917,0.869452212330771,0.890762163097643,2.07136002614373,0.0532896344808174,0.0419487220750208,0.0623854468191203,0.130185586316675,0.225684459063611,3530.46916097099,1,1
692,0.5,0.495166513758886,2.30717154397464,0.76926811088586,0.849189128676589,2.11427645826299,0.0489932339770421,0.0412953923392333,0.0626766704295985,0.137774606135409,0.234683066834857,3523.044314303,1,1
693,0.5,0.460890251512055,2.30672888166444,0.778491651875334,1.0916639939353,1.80267465757694,0.0509351756092376,0.0439962201857929,0.0665288423071021,0.130634753534268,0.216022304280184,3555.83961602397,1,1
694,0.5,0.536031691004471,2.2463464194172,0.868437663308198,0.833197589359956,2.17174365043642,0.0468563990545561,0.0421055162820648,0.0626538250431537,0.138133223093554,0.248486203305232,3489.6559989313,1,1
695,0.5,0.468680458255338,2.21059579746508,0.917192168860538,1.03140678916639,1.88519036035496,0.0533110025256505,0.0441506328524833,0.0655945763584747,0.128343054948769,0.224100089901457,3512.52937696826,1,1
696,0.5,0.459039069507199,2.24562094653633,0.870074980332659,0.86529241868757,2.23579134071248,0.0522381100859972,0.0440135377043631,0.0655418456735561,0.134858110928127,0.245300753119126,3525.5240189943,1,1
697,0.5,0.507701962598059,2.3969311279897,0.670693123445966,1.14645013253262,1.89982826060431,0.0442203625588471,0.0436113796720743,0.0679053775651191,0.129253743558403,0.219982058522043,3584.25970496357,1,1
698,0.5,0.457035862744586,2.24556670304021,0.86675743356399,1.1324041398094,1.64087495700046,0.0520782606778647,0.0437177545371001,0.0676060439945564,0.134031137574052,0.217670779560685,3527.45789000008,1,1
699,0.5,0.485044174432375,2.31061293353046,0.769627136593336,0.971337811096016,1.85103621064435,0.0524509440609276,0.0419060438359,0.0642166789642913,0.13120707404038,0.234822710063119,3504.37333665119,1,1
700,0.5,0.447125094579921,2.36351544214995,0.764045361493282,0.852004617542582,2.25236984022966,0.0524376816289074,0.0407076691328957,0.0631304145309881,0.133276243167588,0.230721264538929,3569.47170940947,1,1
701,0.5,0.517574936206075,2.34320384881789,0.770142480792713,0.905704437754952,2.30021202337681,0.0428849621123034,0.0424842894176994,0.0646295715674922,0.13509238426781,0.229084685355628,3561.56702443464,1,1
702,0.5,0.428979071807349,2.30152580281761,0.776800254402733,1.09682638271523,1.61853943010276,0.0584556653252711,0.0426824118322901,0.0656827790585477,0.12931627783483,0.219243779132834,3547.98362022646,1,1
703,0.5,0.505195901422498,2.29123658666882,0.826304880821412,0.914965453445103,2.10693818793009,0.0477104799646565,0.0418926131900605,0.0641483006548636,0.136209463964455,0.229934589335847,3542.21117432094,1,1
704,0.5,0.478044831534163,2.3253474934376,0.755565669244783,1.00405921683713,1.94582359239857,0.0479099610490381,0.0430205085708587,0.0668353464267369,0.135181400930501,0.221422277696827,3546.66596094471,1,1
705,0.5,0.491633337767521,2.2813694692061,0.826964026007138,0.890217999620324,2.11834208384131,0.0468532683117458,0.0445145448760347,0.065221666324026,0.135071776198868,0.225328267070446,3544.68095731433,1,1
706,0.5,0.512982478646683,2.33256623268595,0.775411596212446,0.975975751683048,2.14521475603324,0.0453701976231309,0.0419581210883989,0.0636105303786368,0.131206323480522,0.226516107518886,3551.19608712164,1,1
707,0.5,0.502976131706655,2.3357987041383,0.765549674300261,1.10853509911864,1.96653996132717,0.0448642966175996,0.0437456232866468,0.0656007240144331,0.129202387014698,0.229640470429221,3554.11700847193,1,1
708,0.5,0.501858044350935,2.29016613617282,0.781547660010162,0.876494628195229,2.12602533596705,0.047464927965199,0.0415849407115791,0.0625475258242304,0.133376006873083,0.225911417340269,3506.07068560419,1,1
709,0.5,0.488706090923612,2.34490516937547,0.695787434950033,0.715641956822383,2.32024584463078,0.0491481592310107,0.0410063637388072,0.0631215939177403,0.135693453332714,0.230527427762253,3517.86531152388,1,1
710,0.5,0.51810224761279,2.22741296737416,0.896712184800044,0.909522431007834,2.15805790057255,0.0432702591007305,0.0429597611453305,0.063587325898934,0.146946333989827,0.239689120247694,3540.09796532916,1,1
711,0.5,0.422358573179114,2.38810791291348,0.713649039986333,1.07114378335596,1.99232327830632,0.0532711749811332,0.0436587621158486,0.0668452588707772,0.124579326433951,0.218458219982693,3598.41386877796,1,1
712,0.5,0.503601442751022,2.3135327603481,0.776531989299412,0.890450792361697,2.22676847845865,0.0457754862154578,0.0422099937114995,0.0628556247255479,0.137701438098579,0.233785823594737,3541.93649102409,1,1
713,0.5,0.580897221055981,2.31143926222084,0.824634085041846,1.03912592907368,1.86472997194532,0.0402361894356432,0.03998757743758,0.0606415459196286,0.13355634644019,0.244279687759709,3496.33577669515,1,1
714,0.5,0.567520858307055,2.2430830431128,0.92074745320209,0.917100783978295,2.37946936258366,0.0386393561493399,0.0445165860849185,0.0632428046625221,0.145650371681909,0.264358824266517,3533.26207449927,1,1
715,0.5,0.467024214589188,2.28909101797755,0.820359483458081,0.81658617065315,2.25261678727144,0.0521033642421307,0.0427107809496706,0.0632747153988882,0.12791713286963,0.231647816856626,3524.45037813774,1,1
716,0.5,0.584900483471378,2.29670612610389,0.766796012144236,1.12589576479646,1.72214209483209,0.0372811121715248,0.0426575298037447,0.0629629170310509,0.156598308705758,0.233767965269201,3534.27886670302,1,1
717,0.5,0.495696235006883,2.2981590187913,0.796082366182097,0.929412561360212,2.04770138394547,0.0468494465782119,0.0414909217578013,0.0628615029477166,0.139993708351161,0.229501799199795,3546.30317544976,1,1
718,0.5,0.459572489022116,2.3288209469553,0.798336072317458,1.09767774366779,1.81567515897742,0.0513476734320332,0.0442314878611567,0.0666371138371784,0.130085624767777,0.216958134920941,3584.41263544401,1,1
719,0.5,0.546897908000676,2.34230824849734,0.727096688167732,1.23202285808215,1.63377471914499,0.0421617619205291,0.0432414709492808,0.0634980218825992,0.136834662637802,0.220716869776492,3562.76382354702,1,1
720,0.5,0.549813812251015,2.32804021580984,0.755933637192731,0.959336918323018,2.03437508116779,0.042898798352275,0.0409874931690151,0.0621061400056315,0.136879564905036,0.236307924417814,3521.94786125837,1,1
721,0.5,0.487686720101347,2.29255195806382,0.818719393041636,1.07491023996235,1.84115079567868,0.0484543399065837,0.0432581792943042,0.065467980096487,0.133524946388076,0.226735998264195,3550.53784926702,1,1
722,0.5,0.440972659961937,2.34004169723689,0.759052180963776,1.06466249958408,1.75023056987245,0.0546634794947065,0.0425892660867619,0.0639628245417395,0.132225783513854,0.211125852017457,3585.23776046583,1,1
723,0.5,0.520611131335972,2.27188543322136,0.869288196972465,1.30407095487761,1.59743569536608,0.0427014492486956,0.0436626372641018,0.0645932562350058,0.137371234715728,0.220212746154488,3571.56518929004,1,1
724,0.5,0.525645357164676,2.38208580292476,0.743040523763248,0.987811529385913,2.17531634522267,0.0452789840744145,0.0412282639235805,0.0622536445294382,0.133669264171733,0.230899983704044,3583.15039781564,1,1
725,0.5,0.522197224463102,2.2917395286012,0.813999633250585,0.981216730080248,2.03508970065741,0.0437614297437648,0.0437243466293945,0.0656948640728101,0.137596542044949,0.222266079930035,3548.85291624295,1,1
726,0.5,0.556661930288708,2.27957790354687,0.801440670226024,1.03353629117888,1.87115588267428,0.0422452990255449,0.0413936367286245,0.0614330811310361,0.142401966155436,0.23223166187481,3520.3691111633,1,1
727,0.5,0.438352636184479,2.28494034004584,0.820335240892399,0.819969276836328,2.19814404176013,0.0541362328958613,0.0418990435692154,0.0636114630089035,0.128108452570851,0.225437768981863,3524.63409107952,1,1
728,0.5,0.438117863705787,2.31389887998204,0.750663795263299,0.753076845325844,2.28689288926398,0.0556574900605747,0.0415421078291307,0.0641055257629557,0.130115036660255,0.222034323340819,3524.62475708478,1,1
729,0.5,0.559424181790608,2.2840593993467,0.829767130000339,1.01438802682604,1.97487603427014,0.0383380838900564,0.0417602943743799,0.0615523023641442,0.151391751943026,0.23436888003593,3558.34911704426,1,1
730,0.5,0.497076855889339,2.3599065814785,0.70602589401002,0.894334598430482,2.22252623497123,0.0469855784540928,0.0413296588768221,0.0629322900240515,0.13474628186151,0.229320932832196,3550.53016872421,1,1
731,0.5,0.557569011880317,2.3239412956441,0.772280747648104,1.24414384688904,1.85814294038894,0.0397960048847388,0.0432458859684471,0.0657909512438463,0.13370605327954,0.230458715808114,3547.26877738696,1,1
732,0.5,0.483232510003203,2.38946177266971,0.692718216447026,0.999831092847825,1.8975543433533,0.0486331913787406,0.0425113016290658,0.0642956674478511,0.132841602157646,0.230086752472539,3574.7293701163,1,1
733,0.5,0.488387953523866,2.26163212728177,0.843504263005933,0.825893267800226,2.13360165517877,0.0516814988227198,0.041432723417061,0.0623932828620229,0.133928391954917,0.222856641870687,3515.38936097557,1,1
734,0.5,0.50310880651631,2.31860930447703,0.794042985990196,1.12075193114629,1.82978930405473,0.0454040452883066,0.042197115027492,0.0627565565833813,0.136628368859962,0.217330480453133,3584.79283598796,1,1
735,0.5,0.514647923984634,2.21748669288911,0.945316317935182,0.916043393274471,2.04863640775136,0.0465281138798178,0.0421178988422314,0.0631165633846077,0.139593279723172,0.232776825310228,3527.59168424611,1,1
736,0.5,0.480546786410657,2.30813242906623,0.810002923596288,0.85050456362016,2.25842236563741,0.0487200602557088,0.0417638448168357,0.0632837037520905,0.13538739294193,0.223523832732661,3562.68420134125,1,1
737,0.5,0.528593736322382,2.33324822010218,0.738911485470575,1.101963284536,1.94425871187869,0.0417327377103581,0.0422893371326939,0.0630363106500318,0.13342776206145,0.222603383470958,3545.33483924767,1,1
738,0.5,0.534767328054286,2.27328048559668,0.83974807095808,1.09451663105834,1.86018344428719,0.0424059467233465,0.0417089824233958,0.0637098302695006,0.141976387892566,0.235522558057095,3537.56435735152,1,1
739,0.5,0.546620938913706,2.2873945809128,0.804980976410681,1.07249326755173,2.00815716772456,0.0416495010130173,0.0435179205158337,0.0653357720651572,0.134013979619345,0.243064880303422,3509.14220723792,1,1
740,0.5,0.543694759077922,2.31302783773108,0.761175324179783,0.974479215321698,2.10382785235346,0.0417232049666944,0.042228222310903,0.0630431096238419,0.140433930010347,0.236886761124059,3535.58797991663,1,1
741,0.5,0.511179975471031,2.33253507165023,0.768074889072111,1.14089558469938,1.73545078422564,0.0464298852040806,0.0431092337121499,0.0656828599508736,0.137394042402825,0.226548511903002,3567.95544487754,1,1
742,0.5,0.592299352578108,2.28594017722268,0.813520756403728,0.758269238411995,2.53100215044909,0.0353698057491955,0.0412948625262657,0.0621239194194438,0.147247341006015,0.254744181101862,3496.15198198826,1,1
743,0.5,0.513435714673822,2.35167350519876,0.733949704848746,1.12260542427789,2.01907416240989,0.0428292532968552,0.0428520459094036,0.064314155455068,0.129924712575358,0.221178476982268,3560.47254909878,1,1
744,0.5,0.517373284150893,2.3583101910412,0.664164573364365,0.897672018693463,2.19153580877869,0.0483922706123124,0.0413753920698783,0.0635198854968788,0.128299711403171,0.251228304373006,3487.42610008101,1,1
745,0.5,0.499950909641089,2.29156773727486,0.808270318708945,1.23253861443256,1.59632182738141,0.0474629245478972,0.0435894322628355,0.0654520545808003,0.132679585433767,0.220049994618,3552.20770660053,1,1
746,0.5,0.550913864419736,2.21304323248705,0.953874171499322,0.871802156151805,2.29492088197122,0.0408248964864612,0.0431566139937764,0.0633378307047348,0.137094390068492,0.238771790608192,3516.56837191354,1,1
747,0.5,0.473173489392958,2.33564786399187,0.764624624236376,0.98470745397972,2.08044977133539,0.0491331835052331,0.0435617518063364,0.0658943974269388,0.137806755916705,0.233466463345553,3577.20904140126,1,1
748,0.5,0.548507449823355,2.25685873078834,0.821779039677792,0.956111674371314,1.95656239897163,0.0444588855200722,0.0424974515490348,0.063312846957838,0.137099279220368,0.237215105776281,3500.32843051621,1,1
749,0.5,0.448794775171053,2.28283174572287,0.793265484906075,0.844703448016393,2.10435111975364,0.0555656738539753,0.0417548480938072,0.0644786972101306,0.133954555137769,0.2280007666698,3523.57445465948,1,1
750,0.5,0.53102778420386,2.44531534725921,0.570174570082,0.982320414411003,2.05145533656871,0.0446228825101122,0.0412272606266953,0.0638784728533879,0.129772021175601,0.231828915930457,3540.60193728339,1,1
751,0.5,0.539140769124783,2.38562011728675,0.645361885489637,1.09753680590335,2.09870688887362,0.0386771342813021,0.0429496400498852,0.0648096657894765,0.14266485401169,0.235004282253835,3573.67882373236,1,1
752,0.5,0.410025682147875,2.27432378650339,0.849572344432136,0.934705897931556,1.9989836724217,0.0584492222257586,0.0424646294321822,0.0649725632136684,0.126339532048657,0.21533479599284,3537.17247602112,1,1
753,0.5,0.453210051900784,2.27690269898827,0.841144068209321,0.969467715621905,1.94617547660301,0.0521039818610718,0.0435226880129769,0.0643517849247622,0.136799990745435,0.216092927835957,3570.84905218682,1,1
754,0.5,0.505956723930069,2.30056889154341,0.793271291422986,1.04318581562634,1.8234796870131,0.0474255811099343,0.0411503114644942,0.060968690417508,0.134403262602758,0.225112756678401,3537.04652133664,1,1
755,0.5,0.564854085777356,2.27774076474588,0.862733376929962,0.691989654132319,2.67361673354448,0.0384647766820266,0.0420844586433073,0.0620387526659128,0.14780624558126,0.264261943319621,3513.93014890647,1,1
756,0.5,0.36349966495279,2.3061644656296,0.798184472805524,1.14800278061875,1.49103139881399,0.0665133023601161,0.0430907421028107,0.0658902667723871,0.123885910178715,0.209581028485609,3556.11272479412,1,1
757,0.5,0.490646365507231,2.32431801159147,0.758499347101886,1.13807636820165,1.76386553539712,0.0475021343583859,0.0426833954153984,0.0664079885288122,0.13787564689673,0.218657724180446,3566.56767395547,1,1
758,0.5,0.516634011558044,2.31469842772416,0.74977023903426,1.11273920886267,1.91023272174596,0.0426744253028285,0.0444561727200474,0.0657987025888567,0.136535540187417,0.217053087363657,3561.9740193699,1,1
759,0.5,0.518517897222359,2.2869579603646,0.86195315686203,1.04208506761643,2.05560464225788,0.0443632553634905,0.0436347759644731,0.0643700417742508,0.138526757961991,0.23452193498201,3574.86183512684,1,1
760,0.5,0.503904453469356,2.2818493023653,0.804958501729405,1.1925896220913,1.68652629285092,0.0477984579141027,0.044014797662511,0.0656844140100232,0.131787640121698,0.228774573104811,3538.72613827767,1,1
761,0.5,0.568323813885138,2.29419024743374,0.765532962952457,1.04055886149246,2.17290121559004,0.0388198067089822,0.0417743857989704,0.0633319343137328,0.137057768268844,0.24632829466278,3496.15452671936,1,1
762,0.5,0.514513339452935,2.31528784779177,0.75253933651558,1.02871291323965,2.00392444803017,0.0427953981447332,0.0421755258988639,0.0635707076446411,0.145780203946621,0.228602125047515,3561.4259280942,1,1
763,0.5,0.371620053708975,2.31257260203596,0.729737557876837,0.845649350175997,1.88960765824118,0.0700331444132462,0.0405538018837895,0.0630178707400391,0.125917414524995,0.22137907714357,3500.9483604777,1,1
764,0.5,0.440814881081,2.3113422510143,0.754884302072426,1.17624495729186,1.54599575288721,0.05678095251573,0.04348560005065,0.0665333408362936,0.122083816192484,0.211361235913253,3540.11623499125,1,1
765,0.5,0.462369101239617,2.30931701702514,0.702800522734478,0.87297818844098,2.00975303089939,0.053562265372333,0.041631803334791,0.0644257943386517,0.136510726147016,0.223551337475497,3509.16159099323,1,1
766,0.5,0.490946506028885,2.27834582435245,0.825684760638273,0.670721183503808,2.52528808851068,0.0460919288156727,0.0417718919582594,0.0622891115319046,0.145235556985053,0.239539821406709,3547.47507224078,1,1
767,0.5,0.383223056602573,2.28823594296803,0.838796539015863,0.879186896735189,2.03367448613449,0.0639323329791885,0.0427357013829745,0.0643341320641088,0.126937394930858,0.223051797893863,3538.72505331274,1,1
768,0.5,0.547791197921277,2.35276487053347,0.78414498565002,1.11779771111063,1.8277956378981,0.0422788012093717,0.0421280557606896,0.0629258167282167,0.130927887578771,0.22630503018374,3571.54475360686,1,1
769,0.5,0.475651003204167,2.28461585035329,0.795427257654962,0.928966011500817,2.00325128742378,0.052693612390702,0.0425760609814249,0.0641785859307299,0.128266839371954,0.225724827793712,3512.00747373536,1,1
770,0.5,0.473685962719993,2.28951268112882,0.812910189126898,0.966588123321681,1.9738647980694,0.0506293656784549,0.0433080794646006,0.0647915288081933,0.127820269296704,0.224211865775353,3530.97921948705,1,1
771,0.5,0.461546577785899,2.22692620227116,0.889141111471828,0.865687899486694,2.2771154460868,0.0498812926245185,0.0439081475945526,0.0648223462897476,0.13245616093905,0.221374309411206,3544.43801583128,1,1
772,0.5,0.42074042231929,2.32626578787387,0.792799530311854,0.93277293081903,2.18529214424685,0.0536341119194519,0.0430877025589362,0.0663102617794216,0.131169731676458,0.229321568208309,3569.16475995149,1,1
773,0.5,0.549856904289582,2.26996639227014,0.869411250731247,1.15293461510436,1.88225729119326,0.0411853181542217,0.0432231035311004,0.0649172527596444,0.133993484840126,0.234342164767704,3542.91488097183,1,1
774,0.5,0.54232423729788,2.29648997354104,0.78863902788492,1.00166964254997,2.00084692915209,0.0425613287853564,0.0420538991577899,0.0618509545062904,0.139547829455335,0.231737344735938,3538.60225029873,1,1
775,0.5,0.470916172592673,2.26415629406224,0.816343539024201,0.906702611543983,2.16456097961576,0.0485070144067815,0.0425966098436903,0.0646231143451931,0.134507775239871,0.223030328703426,3515.22257951601,1,1
776,0.5,0.586099130595709,2.35410849752184,0.748410373851618,1.03337084540341,2.16579237350186,0.0385433633260344,0.0419477922811277,0.0622016223946547,0.136526392811202,0.262590328369503,3527.17278576169,1,1
777,0.5,0.515312626452623,2.33569003841661,0.7408698124724,0.85813428665399,2.1618440706802,0.0466434519857079,0.0407955555764343,0.0637880580380405,0.133588472982782,0.23115623421044,3521.23429002411,1,1
778,0.5,0.451629088114804,2.26519131446736,0.862677383914059,1.19117519465803,1.61797971773711,0.0535424251409838,0.044651649092353,0.0678033440595988,0.132101763962297,0.220769826299831,3561.42212265118,1,1
779,0.5,0.499774381628395,2.30562525931501,0.828675971721486,1.1072971547499,1.85393790610891,0.0473971960608177,0.0432199047041104,0.0638090854590944,0.12973877659642,0.220907620759289,3560.97604634676,1,1
780,0.5,0.469473275031436,2.2755502062087,0.876689221144983,1.08026379490186,1.88291421582985,0.0520807897450738,0.0436550471584029,0.066658627264314,0.128082719059756,0.212511328673857,3571.68029754771,1,1
781,0.5,0.452417245770138,2.31520885082232,0.799144768533168,0.975484462331342,1.94749818792949,0.0533158262985309,0.0420245127056662,0.0639989982132523,0.129811959508191,0.219504115070651,3555.90017887163,1,1
782,0.5,0.511115335871134,2.28847735155588,0.793927360780122,0.968366523146399,1.98475371196404,0.0454023018130994,0.043630361823425,0.0658961215694137,0.13946275268791,0.229405608309379,3536.89665815921,1,1
783,0.5,0.449339927482942,2.3401527679447,0.726199772988713,1.14124714829604,1.64828909590533,0.0549140674442004,0.042710977475814,0.0652550008979682,0.128600157186485,0.226200909731611,3546.1368625087,1,1
784,0.5,0.565927980423867,2.41237817415107,0.666165895076994,1.12479810649598,2.12018542420036,0.0368679861039267,0.0425708552828762,0.0627975821920592,0.144606799461328,0.235165073347934,3606.984986474,2,1
785,0.5,0.53307702500487,2.26504725180234,0.859862722896824,1.24712063366871,1.79954686503437,0.0404041528102225,0.0441972511296534,0.0639526248258049,0.139008409124428,0.225104136492709,3570.27631406181,1,1
786,0.5,0.533718379481636,2.37352898440701,0.733316218718182,1.13950396802608,1.99631819222881,0.040930341740968,0.0433571842404768,0.0646169084836471,0.135735514759386,0.229037938120073,3590.17179878791,1,1
787,0.5,0.516450841390706,2.28584981473765,0.838160008453862,1.02333846422124,2.10401680675725,0.0424710264720425,0.0429708994325504,0.0641457555726587,0.136953778215514,0.219459014563354,3567.66490469999,1,1
788,0.5,0.489171328731391,2.27692979200757,0.870756616495386,1.00751561733869,1.92699793830986,0.0502152212044412,0.0431996870277708,0.063925324010836,0.130451107678508,0.22352622297204,3556.36289771459,1,1
789,0.5,0.512222443518261,2.22498815218171,0.884744691461179,1.06440207813543,1.82157303703981,0.0465193132781888,0.0432884845413357,0.0650023186420458,0.137102979006019,0.227912963237981,3522.54743261368,1,1
790,0.5,0.502830311403975,2.32752623932923,0.82574575883461,0.973734742523956,2.06841969147291,0.0465312004922777,0.042268868206689,0.0637307073404731,0.138092754368353,0.229565023890231,3581.14792083558,1,1
791,0.5,0.449628735034997,2.31935073279661,0.758226664953883,0.865288758155934,2.04864746128128,0.0570957056194446,0.0421218308851375,0.0656058190013362,0.128280940057613,0.230434384356194,3510.22800225057,1,1
792,0.5,0.502988134033618,2.35287713550664,0.714445147662927,1.0308196057267,1.958172956585,0.0449189484078443,0.0422637236119914,0.0650057023210952,0.13957810259553,0.221782094625494,3566.3660873899,1,1
793,0.5,0.481265647064976,2.30633936352184,0.827288325029103,1.01113943010982,1.87644561809116,0.0503187496318056,0.042927925195223,0.0645751549111157,0.128746583861089,0.22109349360538,3545.83906229495,1,1
794,0.5,0.424732506708723,2.31185702959681,0.70582728248299,0.901207007568464,1.98401667073584,0.0559773980134871,0.0433644180775677,0.0663374325712564,0.131150395769219,0.214933243468958,3532.63323694426,1,1
795,0.5,0.504936400474953,2.27130293527991,0.863965825893116,0.97448896437221,1.77085797173591,0.0495156943320229,0.0403263025899794,0.0617955339403657,0.135117411232724,0.223552726603619,3512.58008419889,1,1
796,0.5,0.51849005799943,2.28207949206505,0.839577654189468,0.792641541654013,2.18354018995353,0.0482322470671005,0.0400136098992042,0.0613016751992332,0.136791610623329,0.244083958337883,3495.56683824484,1,1
797,0.5,0.496076059689456,2.30507352192823,0.789927822542715,1.1220325244489,1.75802996706367,0.0480011625237079,0.0429811890088213,0.0655866033298297,0.133426078606419,0.22599526620271,3539.58459557584,1,1
798,0.5,0.494882736477418,2.31526551462221,0.811860844665252,0.908453340881531,2.21800225928716,0.0477116199090905,0.0431648577557013,0.0648830805030981,0.133743968538139,0.234622122952869,3553.47644981542,1,1
799,0.5,0.481863841280548,2.26501145970143,0.903533565002027,1.25367955855209,1.77183843054614,0.0469829192257578,0.044539922412134,0.0659305396475103,0.126666929757369,0.220261277086286,3572.60076996062,1,1
800,0.5,0.501020132360981,2.30517435730741,0.786487112427212,0.885133388468728,2.11438264197025,0.0492217500727984,0.0409194447825043,0.0628166259459771,0.134820520027742,0.228567125155999,3528.47364379562,1,1
801,0.5,0.49242846321452,2.27219376561058,0.781607193521521,0.78858858899565,2.19542992100753,0.0499332580492416,0.0402919616947403,0.0617050767644409,0.142084701033284,0.244964852009412,3491.46610870492,1,1
802,0.5,0.476291053976555,2.36314410307038,0.64886839175808,0.691830694688911,2.33208390882196,0.053284636586591,0.0403986262164548,0.0631556359852252,0.130346277342378,0.226159630210078,3493.12617820604,1,1
803,0.5,0.546505848211607,2.31230977018999,0.773581923804326,0.903969818898482,2.11952166812083,0.0445298807734025,0.0424568287493957,0.0638618295633967,0.133324307896078,0.24792431358559,3495.59455839774,1,1
804,0.5,0.424306385670042,2.33792480058443,0.743782560235335,0.933636248970937,1.97584905635453,0.0541568292904504,0.0415207055719613,0.0630377016258835,0.132839499952564,0.212619598128084,3567.5228062307,1,1
805,0.5,0.495497353719811,2.26019405679769,0.838531704972849,0.862203825690243,2.09118795582374,0.0502844918622229,0.0414694466100982,0.0618754733421498,0.129963659630605,0.23172255944398,3494.07617309169,1,1
806,0.5,0.591412014630451,2.27711117478778,0.817156410819623,1.19469760820408,2.05860517133552,0.0349731199514418,0.0445523672879088,0.0645468209649011,0.141496416563018,0.249562377778569,3515.38504407049,1,1
807,0.5,0.370708552449417,2.34231078461194,0.821549787055219,0.951586453759536,2.06392024722016,0.0625090949630674,0.0447707046705712,0.0673923421385211,0.127124369192622,0.221581595801045,3599.95503056433,1,1
808,0.5,0.490634728366986,2.30421171260571,0.860849251756892,0.704690516769171,2.47420938073275,0.0481294437484624,0.0406572941443004,0.0620342117211014,0.138683358796848,0.236085636329027,3544.04833300096,1,1
809,0.5,0.484751557457045,2.26511346692225,0.815096602616232,1.07441393084431,1.76683393205388,0.0502171761658854,0.0427376736675897,0.0654688735890642,0.132311056269658,0.220111142586491,3516.29750793307,1,1
810,0.5,0.571281613302875,2.28668871234346,0.811410176501794,0.893131268019975,2.2920615870216,0.0384971028719907,0.0420700399557184,0.0624828807774929,0.146978932564318,0.241851678603549,3530.0881134892,1,1
811,0.5,0.555413005068488,2.29531476688705,0.816988818222842,0.989917709260975,2.1363246411875,0.0394483970080007,0.0425476933868117,0.062920040061664,0.139674867500213,0.231904054548858,3546.10696376318,1,1
812,0.5,0.527472663315183,2.27346795506293,0.825919639082479,1.01932561120559,1.84775166782632,0.0454403066330418,0.042479842177649,0.0648014552934972,0.133781660084965,0.22683248130566,3511.07587513105,1,1
813,0.5,0.447904263396657,2.30468348701551,0.801583421547167,1.00848922525697,2.04835692770653,0.0518104162559821,0.0434421066187936,0.0662406217027422,0.129637622704223,0.221284579843448,3564.77458574178,1,1
814,0.5,0.471188157151124,2.31759747181937,0.777963999633553,1.03385435584943,1.80110582483388,0.0512039098442514,0.0417528192303003,0.0623074870813389,0.135457695255115,0.226237800645265,3553.88128275636,1,1
815,0.5,0.47850257644593,2.38096644502964,0.700177073851078,1.14159337865392,1.93088827434789,0.0471820656374595,0.0444305523552722,0.066307584612196,0.131283393138941,0.221225186609818,3607.16875060801,1,1
816,0.5,0.466050714550976,2.24785530803192,0.844891609146823,0.881616641100792,2.0160829270775,0.0544523992327528,0.0425608076275544,0.0646154205573942,0.133233192772334,0.231812542988187,3503.86639032084,1,1
817,0.5,0.523187543417828,2.35909824386877,0.797841559995753,1.20279129801461,1.91308039022072,0.0424539612465376,0.0444987296764509,0.066650656944314,0.132292492889904,0.226177242056424,3606.60439067294,1,1
818,0.5,0.451115444550245,2.27303323157283,0.820984689491676,0.865194264718162,1.94914193871234,0.055906590946957,0.0417581992274308,0.0633401576726036,0.136123406924598,0.221365933142285,3533.97561906408,1,1
819,0.5,0.564863239469858,2.30796446122234,0.769167752658761,0.936777185682515,2.18578871466345,0.0396075486025799,0.0429058316082647,0.0628231631701025,0.145893351399452,0.236075424426772,3554.23517882085,1,1
820,0.5,0.460647694459934,2.30737744326885,0.762024898953494,1.10226391541914,1.64786501679496,0.0531828815474834,0.0432625443658427,0.0666750762634627,0.132234522963774,0.221001779119697,3534.81924037027,1,1
821,0.5,0.525319679376544,2.34289671481835,0.735292778602541,1.06241914856832,1.98220431795837,0.0451532984879836,0.0428765869841724,0.0638714771040936,0.130213681939316,0.226033413713795,3554.38047785469,1,1
822,0.5,0.530968207209623,2.28202510253375,0.843439116845543,1.06768325083669,1.90897154748893,0.0436169806229468,0.0414586245996759,0.0613774763635079,0.136034266942043,0.225084175236948,3547.22084991917,1,1
823,0.5,0.486273586232857,2.34094508681074,0.738091898542521,0.988826837246701,1.8269307269851,0.0535315717581662,0.0421471517161464,0.0638487484721588,0.129857209639489,0.244441604119527,3522.03454368469,1,1
824,0.5,0.552374236630424,2.27682911340545,0.84869866417761,1.02044323140415,2.06398080090471,0.0410429490010817,0.0430205382256328,0.0647893106480909,0.140015936207972,0.23768447630335,3540.67281947612,1,1
825,0.5,0.461397405047457,2.27565956026362,0.849938862918771,0.843267959577795,2.3015183571285,0.0489184459414728,0.0435554865084065,0.0650694938881929,0.133399719234156,0.225688200929132,3556.07388705963,1,1
826,0.5,0.500929649244197,2.33457974013902,0.791161373563828,1.10612737229591,1.98005900822618,0.045130095300942,0.0430302076935363,0.0654953444600753,0.134548801375451,0.232642300669254,3576.7637108036,1,1
827,0.5,0.482408924086718,2.27997144425512,0.853122601552217,1.09082071150396,1.92742875792889,0.0478538212980277,0.0446109270967132,0.0671721600893228,0.123674222726945,0.216306559342969,3549.77893234749,1,1
828,0.5,0.510962273381717,2.25858773129997,0.843730945852958,0.884831541607837,2.10704416144226,0.0493522081068602,0.0421927704991228,0.062668503667819,0.134194627413762,0.234821983730844,3513.69506121389,1,1
829,0.5,0.489835543196582,2.34631349868831,0.757872092791209,1.07148899631946,2.13645149135361,0.0456647717866899,0.0424061681301978,0.0643379312882043,0.131608339570383,0.230050718579123,3564.01916193133,1,1
830,0.5,0.53790868382576,2.2980905211798,0.83290395719427,1.16492316148055,1.93353101257447,0.0396849674699723,0.0438519539952945,0.0668667468343277,0.139986256441315,0.229805969231428,3564.41591408415,1,1
831,0.5,0.516454205256857,2.28383145196829,0.869038355191569,1.06375463698474,2.06637978497206,0.0442069556353404,0.0440168795802112,0.0659662472143706,0.135362750260345,0.229385047341338,3570.2175410524,1,1
832,0.5,0.502520769002101,2.29204601271086,0.771019582682646,0.943896843336721,1.97488129930477,0.0494791532443351,0.0424878148510182,0.0651131701148702,0.132265222184797,0.237528244425572,3497.55932631258,2,1
833,0.5,0.429072981031346,2.32830664192241,0.790398318942875,1.00754273769393,1.83489920567654,0.0596038090537423,0.0420282100004327,0.0636876260613495,0.126699719975087,0.21430789417756,3559.52813333029,1,1
834,0.5,0.574725886717263,2.27053640380687,0.882652552522288,0.996164045860034,2.09778033356834,0.0398401781120031,0.0434370581341189,0.0644891959405373,0.138764364455393,0.248362785519076,3528.40668815541,1,1
835,0.5,0.534564455410163,2.25159816414625,0.845300259234991,1.20054707755591,1.51998333225568,0.0457798874533781,0.0437090792654683,0.0649205433669958,0.135047578098445,0.228506015725021,3524.43409920233,1,1
836,0.5,0.488863956226836,2.21492495377545,0.900098243977921,0.989246753962514,1.73563046433238,0.0497325953641362,0.0425675765160166,0.0632522139033512,0.137623223806897,0.221228646210938,3510.85931406828,1,1
837,0.5,0.482794574128675,2.26505980561972,0.837419141659058,0.823536083721723,2.0846297217388,0.0516444896799001,0.0403036896555357,0.061106795225328,0.134497264315579,0.232222101696738,3498.2370120801,1,1
838,0.5,0.568886076376398,2.29606821292817,0.802093053638878,1.06302677123051,2.09519066473059,0.0387841490828811,0.0432514182342073,0.0655727523672563,0.139619251271698,0.23804386512937,3535.04218259307,1,1
839,0.5,0.521134512650034,2.29750147330221,0.836864971893069,0.977118888124204,2.28691345382194,0.042010701492258,0.0451144083476413,0.0675068369822269,0.139520624202755,0.234085212278498,3586.69966781768,1,1
840,0.5,0.515562962813775,2.28409526314688,0.824633625479626,1.16779387429696,1.80422831137193,0.0437609652109253,0.043307422890624,0.0657232759183844,0.140049503135484,0.224942269957375,3559.65225886631,1,1
841,0.5,0.417308865022189,2.260453724028,0.84122822343854,0.957660880825714,1.77303236009277,0.0604882515266991,0.0429646392583606,0.0662289852210691,0.130669890796713,0.222100590629365,3519.50587368026,1,1
842,0.5,0.46814599349077,2.32593049984413,0.745832746276055,0.648166434280207,2.58773869141251,0.0517383263789336,0.0416093295111169,0.0632442499612342,0.133616986634367,0.230897299303557,3530.82218688309,1,1
843,0.5,0.555575049702341,2.31493524551033,0.758435474020987,1.010756905646,2.18788184667961,0.0394187684276854,0.0430314758497048,0.0653578779433202,0.142909929244767,0.233388458162962,3547.77108277113,1,1
844,0.5,0.469579821241894,2.26331946383441,0.893839585882602,0.884605287101088,1.87938019866405,0.0536770766358744,0.0415954605859696,0.0630255983877695,0.137834725042427,0.221823067435684,3539.32976068138,1,1
845,0.5,0.48324714267424,2.29448008622168,0.757975097780717,0.981674658937444,1.8293984190912,0.0522219221988574,0.0424069286605203,0.0642802692213061,0.136150198345357,0.232170320301277,3514.85910331403,1,1
846,0.5,0.455829472148118,2.27878776735414,0.820184098391476,1.11473731797957,1.7274689899235,0.0523812789467711,0.0432807137288243,0.0640355588495931,0.125934730475466,0.216984340810308,3543.62137969738,1,1
847,0.5,0.47477173493486,2.37210217347821,0.632256513679095,1.23215738427515,1.74061059032935,0.0496810870058367,0.043193264589703,0.0685564863743215,0.125329638542691,0.227823996984348,3534.82083511497,1,1
848,0.5,0.604377080018975,2.26036390402316,0.828995053964234,0.99062014263657,2.06964878850979,0.03587924566754,0.0420644380269034,0.0623740039925918,0.143821071254882,0.241508210478504,3497.50643599336,1,1
849,0.5,0.538676966853439,2.29820184662384,0.829718750633314,1.29614737218582,1.64792280849682,0.0420929635437657,0.0447930132939134,0.0643778979831586,0.135897788500834,0.233546429798255,3574.73986801408,1,1
850,0.5,0.553782624740917,2.3998161886187,0.71503902610509,1.18699458835398,1.92500540821194,0.0391837984675615,0.0408699389329249,0.0608622078440516,0.139477281545235,0.233363070646418,3596.10232067984,1,1
851,0.5,0.510938883848243,2.34914578890752,0.764872940378428,1.18822434275874,1.85864295495037,0.0434808295923649,0.0426444564262413,0.0643197481103663,0.134390377973471,0.222482239595294,3581.93458498648,1,1
852,0.5,0.580034623437452,2.33738185877904,0.724773207994565,0.903828956671312,2.40458285038618,0.0373377743794824,0.0425187591275377,0.0636460348930187,0.145403241679886,0.248647548923507,3539.45622726434,1,1
853,0.5,0.457700055693899,2.27566041594019,0.794299816054577,0.996102376877332,1.76794087546717,0.0551389782918337,0.043336694755545,0.0655375411281081,0.13419163588497,0.222484768214047,3522.4485931973,1,1
854,0.5,0.287883508910775,2.30538275697031,0.84445546813273,0.837014260601695,2.01108371442597,0.0731811537059277,0.0444223307932365,0.068074276187102,0.123933038916186,0.213045705865345,3568.52698171339,1,1
855,0.5,0.474915294339023,2.27780226935047,0.778508264278515,1.01029696516941,1.90551722687955,0.0503362735938822,0.043468372335862,0.06520101433641,0.13460000075178,0.227220527582306,3525.69547714458,1,1
856,0.5,0.542729245516287,2.27734218811583,0.840365295507374,0.90079551808076,2.07589001213043,0.0424227417195263,0.0421707163782924,0.0637812638060262,0.146582447037173,0.228740137132392,3542.39588128099,1,1
857,0.5,0.444661612553676,2.23819191155448,0.904462964789405,0.983470249033191,1.80952439565282,0.0560993367080129,0.0419714006181302,0.0646779853718501,0.128863894214018,0.219629673021278,3513.41039906217,1,1
858,0.5,0.532461716573757,2.31886470194577,0.759582993720254,1.1787160188083,1.7856457142019,0.0420707162456619,0.0436624179195031,0.0661874943752797,0.133937345301164,0.228541222786664,3537.85420568595,1,1
859,0.5,0.510638166005387,2.35041694105405,0.731497719637404,0.788423452620748,2.45968090408295,0.0446250105085583,0.0404237920718992,0.0621459077597734,0.134997102804946,0.233442529232879,3534.62773673502,1,1
860,0.5,0.452873343749703,2.26192877514107,0.805646147333063,0.709161002623581,2.34446859293306,0.0538559961044367,0.0405397972586702,0.0621943867488272,0.13516789551509,0.23776684289151,3497.00151760147,1,1
861,0.5,0.484588971881381,2.32104405075822,0.781696773365637,0.804872262936608,2.26489749614934,0.0476502917690685,0.0427135768644492,0.0633050153259905,0.14013836609935,0.228262848134322,3567.54364769162,1,1
862,0.5,0.456809474496438,2.24431143790037,0.855399975799923,1.02440430284749,1.71358281450844,0.0538252021734664,0.042328875068962,0.0640423043644034,0.132991107097094,0.22041515927385,3515.9928609173,1,1
863,0.5,0.441936834450308,2.34167374450323,0.762497974436912,1.00301889784217,2.01644230055548,0.0530970876602292,0.0433145947375352,0.0656633169703842,0.125572977511831,0.218139735830764,3568.26100940359,1,1
864,0.5,0.457076375676738,2.29133604197597,0.83455527718405,1.01305837275571,1.88711933832654,0.0534191576057475,0.042755732136107,0.0646384650073565,0.131010226823099,0.219469880392956,3556.60465192909,1,1
865,0.5,0.48315195421346,2.3249231608087,0.691803016371405,1.01010574324251,1.82830119332717,0.0532020222206993,0.0426560266730193,0.0645717118813523,0.12959639179282,0.224790749449907,3515.52458095368,1,1
866,0.5,0.481640257612996,2.31169727925768,0.827718357732682,1.08605733499006,1.6654009463231,0.0516727475723733,0.0413675209986428,0.0642523140794258,0.13092293293566,0.215673725436592,3554.65420187582,2,1
867,0.5,0.510643639842997,2.33711670864305,0.715756306437578,0.8897412468481,2.27478023397976,0.0434134201630976,0.0421561409512869,0.063791556537037,0.135192866150624,0.226395052018124,3542.17718317358,1,1
868,0.5,0.578136005307365,2.30102121014547,0.800856992531033,0.881702111987648,2.22558034204691,0.0403124554151945,0.0415945587254186,0.0603425019905931,0.135311050963169,0.244232007353441,3505.53204354758,1,1
869,0.5,0.414410063045069,2.2853569903526,0.754920440488105,0.921673041219772,1.93491637236901,0.0565054737549256,0.0425077901011732,0.0639055887321267,0.130950211263673,0.214825581344943,3526.07580807301,1,1
870,0.5,0.539568821280533,2.33489460660229,0.72869146677863,1.0614777936995,1.89525940557697,0.0431360461530291,0.0416516276294414,0.0626767939313802,0.131684761835404,0.226550461128014,3527.0202269,1,1
871,0.5,0.518174839940693,2.26556252982259,0.827374193140769,1.06193475453152,1.93710348066111,0.046434194369736,0.0427169223422975,0.064686241080043,0.130484266293892,0.239181595100599,3503.42162390572,1,1
872,0.5,0.570609532976587,2.29067145930921,0.833588734868116,0.735963024431074,2.47667440916532,0.0399171377156184,0.0397349815736154,0.0597257397217002,0.143201921868402,0.241663627719858,3515.58761891149,1,1
873,0.5,0.537434164811768,2.30764168337225,0.8447746635686,1.0622354744789,2.05235948078737,0.0415193199690711,0.0423779770111538,0.0634790682736307,0.134585533283912,0.229667264214548,3555.4069647101,1,1
874,0.5,0.418760362385476,2.2508480998111,0.823653696551988,0.858561027143783,2.09132239271482,0.0577820023837228,0.0430653892842854,0.0643765181360112,0.126921437466304,0.228570682038282,3491.08240184276,1,1
875,0.5,0.540684404967222,2.22153464013632,0.878643936845353,1.02773029608312,2.12160262609555,0.0408947097974443,0.0450518901558144,0.0647820174482217,0.139765849660229,0.22627266440017,3542.68865907442,1,1
876,0.5,0.440461137919037,2.32906596347034,0.806240512451474,1.1477205814569,1.60978760283504,0.0581997867347444,0.0434677274220359,0.0668347199445543,0.128285141209941,0.22219311654533,3571.10890918667,1,1
877,0.5,0.572920762328728,2.2600265499174,0.825490944351213,1.24412343079336,1.66656896797428,0.0381360952967414,0.0444997785708949,0.0652397730028997,0.143211797789315,0.233983838939031,3529.50894509327,1,1
878,0.5,0.449846580529034,2.29315423489562,0.839947404561766,0.892604667241847,2.04916527171303,0.0538761374950287,0.0421145544466719,0.0636182422102927,0.130897107233751,0.226900327946033,3547.09752418622,1,1
879,0.5,0.519613011877366,2.31629192282861,0.801996325860065,1.12867104688779,1.84339363695286,0.0439374101127182,0.0427116675092881,0.0631414653992176,0.132115471463907,0.217756051244947,3575.34830576818,1,1
880,0.5,0.47803580091048,2.31937095255195,0.729956577119736,0.781539660752165,2.14651271354546,0.0525046285591183,0.0412926567918136,0.0621825038276544,0.13840206237384,0.233709624845996,3521.14629991154,1,1
881,0.5,0.554459483537783,2.30280424685395,0.806835676448805,1.04187030377551,2.25319560341747,0.0387807837572086,0.0442135032425223,0.0668171848598653,0.1350967415972,0.241207747390767,3544.711146868,1,1
882,0.5,0.525256764444503,2.27526971188249,0.87774068725939,1.15238768368291,1.72324092861892,0.0455867902228942,0.0425789903516363,0.0633599652288064,0.13440478079131,0.239146965708776,3542.79093939211,1,1
883,0.5,0.383481885025058,2.25095746335363,0.830111759831638,0.911179854513367,1.87146947517068,0.0620352323753488,0.0430345161032396,0.0659571098003836,0.13217822407678,0.214624580719347,3525.74619833412,1,1
884,0.5,0.458254506137389,2.2875700209222,0.813998185660434,1.00377109172411,1.93282172616587,0.0499784049322163,0.0440589674567785,0.06732011951185,0.134862875868161,0.219260363334689,3558.19419330725,1,1
885,0.5,0.531201612965116,2.30300362990137,0.761816500491312,0.756116258436722,2.35269016304587,0.0433391493569153,0.0408435172801541,0.0625549107201823,0.139187421961728,0.239541374847443,3490.29196794381,1,1
886,0.5,0.551244923687022,2.27737359475436,0.84424965133891,0.73875888519266,2.40584554008571,0.0425484582497396,0.0400246261164469,0.0600631010083183,0.139118039274879,0.247358773245463,3495.48696802312,1,1
887,0.5,0.598720593611049,2.28021542123624,0.78017935743872,1.09894695932695,1.95740841206443,0.0354092552606103,0.0420722470749147,0.0638940320550758,0.149807954121794,0.240703823344213,3507.06396644067,1,1
888,0.5,0.495883230769905,2.28429100709118,0.845821033102921,0.915527452619248,2.1530004158883,0.0469151013250161,0.042649835206267,0.0639541990237793,0.136558155653317,0.227334560446875,3560.43971702679,1,1
889,0.5,0.498154918018795,2.38892653506793,0.689081242820791,1.24714983069463,1.67295376891699,0.0459387920945144,0.0432400870675102,0.0650394939753669,0.132986402550622,0.218831798626946,3594.00190525296,1,1
890,0.5,0.425216397668894,2.27900797135018,0.862979974844821,1.15529028903096,1.57605094991893,0.0578412609864014,0.042955947275245,0.0645977032809275,0.12848973918026,0.208882872682399,3567.62500574894,1,1
891,0.5,0.519845248932088,2.26435094130162,0.869281067398555,0.822798719509666,2.09780662745837,0.0460761229372163,0.0411188324066847,0.0635920491825425,0.142448082120069,0.238146823429218,3520.66095876582,1,1
892,0.5,0.508174758307581,2.30926668515437,0.823944070411571,0.987073707857132,1.97858983274952,0.04749512864523,0.0414595109910054,0.0640892281987629,0.136158322853985,0.231756901682095,3546.38808017409,1,1
893,0.5,0.451805739570225,2.30439229630075,0.77932661344342,0.967015842214272,1.99029462085799,0.0515811135609976,0.0429635132132687,0.0652040583691404,0.129697734530967,0.219943253069435,3537.29729276758,1,1
894,0.5,0.610825563440924,2.39715121152498,0.717674256682505,1.47227137125193,1.72542153161622,0.0337005129532552,0.0445596151874953,0.065210107896634,0.135080874128139,0.236671662748685,3587.32409046989,1,1
895,0.5,0.44962204963514,2.2808463801691,0.795835926749942,1.06785692712078,1.83556187529654,0.0549073140077282,0.0427414394049005,0.0654946859589444,0.125488157619304,0.223139618919538,3520.27926199256,1,1
896,0.5,0.531995784974571,2.34251003367229,0.730994371601736,0.735254754213557,2.50382375212685,0.0429371143961845,0.0413931423400031,0.0620100629597077,0.138696877474109,0.238321243783776,3532.56780377591,1,1
897,0.5,0.539395011432539,2.33452036157381,0.744723265772131,1.01274979344772,1.92156628191008,0.0436814401882221,0.0420517428643746,0.0639913984700934,0.136861379542656,0.228683644794921,3539.51021765792,1,1
898,0.5,0.566810577238874,2.2880126785527,0.75649269691947,0.87989826399161,2.38424637531749,0.040842426312005,0.0423276264901009,0.0640549032373829,0.143778858251289,0.258570018303206,3499.91939343137,1,1
899,0.5,0.525136134454884,2.37512539231121,0.713925682075589,0.907042244472786,2.38229003910434,0.0434348311217453,0.0422266720835426,0.0629328185920058,0.134749228396718,0.251486076955327,3544.79428128423,1,1
900,0.5,0.543705941720676,2.29096409792599,0.782800373296143,0.960928447911447,1.95407185773918,0.0430918063952559,0.0408094851563802,0.0618233067156667,0.139274631091466,0.223266529941729,3519.59760256012,1,1
901,0.5,0.53441183289751,2.31281256269693,0.835374923545652,0.808133167759138,2.3216038917836,0.0427947089327493,0.0409412584850372,0.0611349813096932,0.137843710188738,0.225068262744955,3557.45996052008,1,1
902,0.5,0.40564549695943,2.28047688099046,0.796422983044301,1.05542459251358,1.90911387682242,0.0605405038507201,0.0436850174410385,0.0659616987315982,0.122382077136788,0.225483387619263,3526.62334316059,1,1
903,0.5,0.519634037648303,2.32051078516708,0.776753686608306,1.19764610630696,1.78520526091009,0.0431273856097379,0.0441629863122881,0.0660490911159069,0.134928780045174,0.221599378264761,3578.53973843619,1,1
904,0.5,0.529778797055304,2.35752969093287,0.760779842568563,1.10226437172429,1.99587552218351,0.0420377938549004,0.0418123568474153,0.0651062750352437,0.137390527554491,0.238570015827283,3560.97233385448,1,1
905,0.5,0.420343932091653,2.22596340964842,0.915147093335673,0.943877043846305,1.89204297916368,0.0622734134389657,0.0424213614993227,0.0639593860688559,0.129644055630322,0.230454728342104,3514.56518931372,1,1
906,0.5,0.512783200462272,2.27538794695328,0.831066834959385,0.989253968926332,2.21659875935996,0.043184141209719,0.0446388674712408,0.0656019764881439,0.129937377267072,0.222822331044541,3541.928659348,1,1
907,0.5,0.469262092161336,2.28327069334654,0.825149565400606,1.04476828640384,1.82679245212334,0.0503541808035958,0.0433209868087246,0.0652318352918132,0.131866186619906,0.21758837869797,3540.64731874385,1,1
908,0.5,0.450082126967653,2.33210444248535,0.766768453262911,0.757391549219444,2.37650014513407,0.053051586995084,0.0417461837809242,0.0633077827305323,0.134546577506811,0.230555185274421,3554.35306790112,1,1
909,0.5,0.572082271888777,2.22507970676533,0.926899152823757,0.953409109489191,2.19753511932378,0.0403350902049068,0.0434126095227632,0.0656640896560532,0.138716927415143,0.254323285477824,3489.41213961698,1,1
910,0.5,0.556974265692247,2.27495063783618,0.854038084216461,0.859490561107159,2.3969502614574,0.0399183356105133,0.0430019546742635,0.0632226789779689,0.141261171679523,0.247857906353984,3525.22968560433,1,1
911,0.5,0.478230451006188,2.28123766562236,0.794216774577407,0.943194620838869,1.94857144520258,0.0503991492327546,0.0427879898599539,0.0645098480806371,0.137848384705725,0.231941236836997,3532.01584065332,1,1
912,0.5,0.402163930644472,2.27344071344124,0.878610477265923,1.1192327673988,1.68364431964977,0.0592234387416066,0.0431228375436173,0.0654446625617123,0.120655701976594,0.206901969177845,3554.5816841452,1,1
913,0.5,0.58368953462454,2.25036130514618,0.883733802235766,1.01958458952082,2.06746176560905,0.0360212810283943,0.0426484275893889,0.0627615137892894,0.148398349010943,0.22837561473591,3549.42430052658,1,1
914,0.5,0.417755396947598,2.31452203097693,0.836742489634124,1.02597750168935,1.92559753880139,0.0568101045541024,0.0438190802885517,0.0657000783680674,0.127249188311586,0.214115898866922,3593.84512489982,1,1
915,0.5,0.432161145765432,2.31666216719265,0.782697157845905,0.766476212710632,2.13394335259711,0.0600657084447206,0.0403967953014165,0.0626778412228469,0.132305057328753,0.237638580965945,3511.11288921335,1,1
916,0.5,0.4435447491361,2.31937177527507,0.78010706221025,0.950625801088621,1.98809599676448,0.0556823486575998,0.0419998322691611,0.0651379856911915,0.125108082100931,0.221747129852758,3536.23224370031,1,1
917,0.5,0.584166946487329,2.30691503208561,0.724642460603485,0.893263836549644,2.30176913462214,0.0360521667125337,0.0424304592007342,0.0642553156294698,0.149106519221491,0.235987650259144,3516.70682901498,1,1
918,0.5,0.496623628621663,2.32244781549941,0.808445884683534,1.02993984200335,1.90380263538809,0.0475356691814577,0.0434917237290762,0.0643416471358086,0.14143899363183,0.224127118876075,3596.44367097837,1,1
919,0.5,0.542988964763409,2.3264371182717,0.761737338627592,0.927947801464484,2.1052924093081,0.0420286791936572,0.0421120878687902,0.0628632219659627,0.135444907055521,0.218898919309036,3550.12596961849,1,1
920,0.5,0.538903541587128,2.30478029327303,0.784326668968849,1.13909626138032,1.69474394570281,0.0428020921686585,0.0411938511404858,0.0611613568882043,0.140734261354854,0.226584319044263,3546.98716674231,1,1
921,0.5,0.573017448382287,2.3307655127494,0.706556660137578,1.1504025204045,1.89357981790384,0.037301123222892,0.0423064581704615,0.0631277739136199,0.139283122902841,0.221249647624254,3534.26225863962,1,1
922,0.5,0.534841104222092,2.26902342443773,0.865310428137391,0.877914176972082,2.19988898753531,0.041603641586671,0.0423372787738116,0.0644603194910141,0.143071123939805,0.228751723062573,3539.14200446501,1,1
923,0.5,0.516860333812908,2.23884687349358,0.911776050165213,0.926078706865831,2.00376297809618,0.0446360354540565,0.0419731937598966,0.0639801433376711,0.139647456538965,0.22815504741826,3515.77631103583,1,1
924,0.5,0.434810486025419,2.3231792892418,0.74636268833235,1.02635720739525,1.75738125471065,0.0575607597548834,0.0416067339646241,0.0630943249038195,0.129334101413565,0.214706780637435,3545.58570394088,1,1
925,0.5,0.55011419243803,2.29117051463257,0.861568818925604,1.08145720604573,2.02254195660837,0.0393275058091757,0.0428555880280181,0.0652688520810467,0.138292332549364,0.223518938805926,3567.16787240588,1,1
926,0.5,0.524873732434328,2.28810173012581,0.822176639819191,1.07769590832206,2.00768354987494,0.0438854981983252,0.0434705643622589,0.0637113165241394,0.136203938158594,0.23127426466658,3559.90473049154,1,1
927,0.5,0.420564274445927,2.39693489092967,0.669120613170481,1.04733810581089,1.78877556650031,0.05808774767816,0.0430745720403626,0.0662540214604223,0.127071279130032,0.216674292430621,3571.27577731315,1,1
928,0.5,0.555180460842612,2.36248179947446,0.736220141947236,1.01491479391763,2.12023842969413,0.0399014550101606,0.0413051597174711,0.0612844705499727,0.138322930414348,0.242213412352428,3563.42299459007,1,1
929,0.5,0.485091696630996,2.31861587944627,0.72130029098484,0.970618131098514,2.03550046053496,0.0484447690441258,0.0422658391367882,0.0652087419561888,0.134760953277048,0.231380320633622,3521.92581718755,1,1
930,0.5,0.414466263678655,2.32498805194696,0.827241147787961,1.10191022848609,1.737559065981,0.0576183995952179,0.0445932057453416,0.0666529720553592,0.126022312302728,0.209741064182472,3595.62994538491,1,1
931,0.5,0.510244085988807,2.24021436630313,0.888386304602804,0.819023058141959,2.24827718989435,0.0463797583492805,0.0419864295335614,0.0620444807010411,0.137242822806725,0.230691165622592,3527.69411228286,1,1
932,0.5,0.454116429104832,2.34196993594483,0.701098097584624,1.00808272761288,1.82700998215464,0.0556684283889272,0.0424030465781179,0.0652502061273464,0.129530924532041,0.227822569131564,3529.69545987558,1,1
933,0.5,0.458351807269677,2.2576188511494,0.823330872482862,1.06298440125575,1.76924385690213,0.0522096125797764,0.0430921065565278,0.0661871835826356,0.134348601822158,0.213897694505308,3535.34129624887,1,1
934,0.5,0.524393417947416,2.22623901645,0.892867941864722,1.15176449506946,1.77530407063215,0.0442739316107295,0.043404252040055,0.0644830939237265,0.130725935578496,0.227043294619639,3514.3454557944,1,1
935,0.5,0.488830438196781,2.34885287581665,0.73699137007982,0.890536710952337,2.16465174380974,0.0482759587857065,0.0413148476169559,0.0625759831486465,0.130685748000979,0.223403782924294,3542.47317576208,1,1
936,0.5,0.514844942526289,2.22176473105265,0.882839662209538,0.975686113636433,1.93266534008666,0.0469890301631631,0.0440700576613102,0.0645016680236234,0.138004267890158,0.238252043783918,3509.37962375879,1,1
937,0.5,0.443334610465465,2.3097596572453,0.81868997845402,0.950584693328754,2.03418394857313,0.0533736609902867,0.0426091590670126,0.0624449729164829,0.126303119620501,0.215487037415016,3557.29745836747,1,1
938,0.5,0.502984728559795,2.38274265834452,0.674548346736804,0.907765786728269,2.05815537213174,0.0485128591301242,0.0422104037162096,0.0649301268347788,0.133912254866628,0.233010403821452,3543.73047611525,1,1
939,0.5,0.495478277424777,2.24602959433084,0.953494591994551,1.13136247131748,1.92408074250369,0.0449562068543146,0.0451730453119292,0.0670055139460123,0.135866123809203,0.218757207753474,3592.2825643151,1,1
940,0.5,0.523981638859973,2.36697324945805,0.749525400248722,1.14205589598846,1.93276831736696,0.0452365373563278,0.0424627816907203,0.0634209363170964,0.128884114127919,0.238077013664067,3564.21024303773,1,1
941,0.5,0.484553814329537,2.33408189467719,0.788770572903178,1.05572201804374,2.12668713067727,0.0462619309537449,0.0437140826058322,0.0657877440008541,0.128695891116906,0.220776639436967,3582.2214711787,1,1
942,0.5,0.422773285033508,2.28315848540382,0.859933824918646,1.03734617027195,1.96155124938374,0.0564865331139696,0.0439229559951113,0.0677912128328034,0.127495867897729,0.22649604619794,3552.30797217685,1,1
943,0.5,0.493921705627237,2.26403558999144,0.80130632299896,0.769941325667735,2.22564662133856,0.0478628998327046,0.0414903210421904,0.062170100626797,0.136951340627133,0.228988525419207,3510.07951571414,1,1
944,0.5,0.552990119421867,2.38442800411782,0.698243252775452,1.09107502864207,1.74967370883314,0.0420308148482139,0.0406023943608411,0.0616612940086711,0.141907490607606,0.227303923697879,3560.42468022188,1,1
945,0.5,0.490521569325709,2.33367069688616,0.784043123024634,0.871978960255777,2.31627926630221,0.0470870149077288,0.0424532537093016,0.0641393000470181,0.134830497583834,0.227378540033863,3560.94712800983,1,1
946,0.5,0.52302298369631,2.31913699385644,0.803962874519254,0.894908188248653,2.34810361615033,0.0402913335207925,0.0426371653577028,0.0637675804502963,0.139849562498269,0.226339617128363,3570.77572740701,1,1
947,0.5,0.453605321321887,2.32309134558987,0.764683265018363,1.05609918234929,1.91527038481885,0.053503784143029,0.0428067116192776,0.0651229819596968,0.130270739514737,0.222074142357617,3562.80748093797,1,1
948,0.5,0.489826644808155,2.28722902624977,0.8042240624775,1.11807172652628,1.72770252527925,0.0493431963953933,0.0428899426674338,0.0648881198724276,0.130770978115196,0.228180326627958,3533.86079737201,1,1
949,0.5,0.497344718420538,2.2914932562327,0.841889806905048,1.04273848418833,1.96284917719022,0.0440503600524018,0.0442160435101657,0.0664057616199902,0.138447683324053,0.21899745063809,3578.26378704989,1,1
950,0.5,0.541704959365178,2.3740529359754,0.770799841914379,1.04888506723957,2.04351157137678,0.0400868561916867,0.0422774799024288,0.0625431509220299,0.134104044539456,0.225127064126912,3592.95453355576,1,1
951,0.5,0.490684437795909,2.28594403450513,0.877910012834352,1.26503405566982,1.78887366490512,0.0450413639601206,0.0446328696184374,0.0668648081759251,0.132457045251418,0.218900184754449,3595.07951822171,1,1
952,0.5,0.507995601958809,2.31278712467796,0.772756346320275,0.756014375752838,2.41248903962668,0.0451853847270668,0.0409012392573532,0.06274662055728,0.134611035067636,0.228744815337285,3523.3133692157,1,1
953,0.5,0.506866437105955,2.27996807075254,0.740222804594149,0.912856949165171,1.98481951594126,0.0476245000281059,0.0425480900023868,0.0648392415304115,0.136849268136068,0.226312886786447,3499.40762012873,1,1
954,0.5,0.53673726971095,2.28907598020912,0.80478315706716,1.07993686886514,1.86242342037535,0.0434815371320076,0.0430472385690326,0.0636155556905591,0.139296712015184,0.231972130677071,3540.17445070433,1,1
955,0.5,0.49305426663784,2.36271163164481,0.743117638045137,0.86859025811291,2.31135166176696,0.0453369339003454,0.0413297045097698,0.0642531672453192,0.133102666078154,0.217855081287892,3574.22708087079,1,1
956,0.5,0.555306423263114,2.2542018814763,0.784622952372161,0.898203547750561,1.94198981479655,0.0436611677468962,0.0417314535483965,0.0636369610856406,0.140137761071225,0.241079412920848,3457.32257798476,1,1
957,0.5,0.4738581332412,2.35149097082613,0.781811653561375,0.819798159763432,2.43832227919357,0.0500397501784687,0.0409528871759362,0.0638388898707656,0.131345663364982,0.243817380214981,3549.91218258678,1,1
958,0.5,0.530285013081034,2.32734595806445,0.817155235415551,0.984505480469254,2.13830877942702,0.0430649262748615,0.0419726068587761,0.0627252964786306,0.134887683820693,0.230644280134798,3570.02386406767,1,1
959,0.5,0.524642637223376,2.22418009681059,0.894078777985235,0.757778058681423,2.31355085396274,0.0451240399681732,0.0421534798115942,0.063196345158761,0.140795483567988,0.237053075716125,3498.77144766997,1,1
960,0.5,0.526031258369588,2.24115548208506,0.809768100375483,0.992510295220794,1.78140548136953,0.0475199048145401,0.041020247753054,0.061734640190848,0.132573844707069,0.231470652690109,3457.3880940584,1,1
961,0.5,0.58698309060398,2.29726996992364,0.812376726877034,1.06569373779122,2.27527857515345,0.0344847651679246,0.0426170834022674,0.0644116473031873,0.144222561840309,0.2466179144869,3527.98671949125,1,1
962,0.5,0.524865043032102,2.32895512552456,0.828253649562509,1.07027336910289,2.15800151037854,0.0424566965044706,0.0446091137896779,0.0673822944089001,0.132651842786901,0.234673800853686,3580.65123541336,1,1
963,0.5,0.409628012908344,2.33892520177351,0.714751151188818,0.937325420208679,1.974741121668,0.0579177786982326,0.0407097245568004,0.0643267951319811,0.12918331155124,0.214630490555404,3538.62067063627,1,1
964,0.5,0.532301968450276,2.37619565468984,0.64653182943937,0.968659975650178,2.22134143465655,0.0428995758352277,0.0423568428337227,0.0638960535251839,0.134370919083939,0.238693703169994,3537.50291939914,1,1
965,0.5,0.460897461677431,2.39129392844006,0.659175006667749,0.73416869619872,2.58046258709135,0.0508345982523666,0.0408917875860071,0.0632083986379868,0.13031428215279,0.243549861086839,3526.48844230923,1,1
966,0.5,0.460101566549894,2.32004667797302,0.776623678363514,0.925426510732463,2.0418743186027,0.0512343163836397,0.0419255593048765,0.0651269887658011,0.132196941720633,0.224950173183871,3537.73126228399,1,1
967,0.5,0.567215841096324,2.26482937206091,0.839956005975656,0.979580155512063,2.14964513463727,0.0393866275500973,0.0425814976490144,0.0639562847328811,0.141815087288764,0.234112325017849,3524.74594032095,1,1
968,0.5,0.549866716774518,2.35994115812284,0.747368141849745,1.08959299144329,2.09885723975162,0.0394291608396034,0.0424207644996175,0.0632679543804952,0.136086039136137,0.225122653452614,3578.97250896993,1,1
969,0.5,0.498047749470402,2.3497329803571,0.707188769844163,1.18747110254499,1.73733740338504,0.0465506853226302,0.0437312461602437,0.0678995744324885,0.131034125745308,0.222651294636368,3555.69886452913,1,1
970,0.5,0.463476540837217,2.33289474079833,0.80391586011702,1.14262284042535,1.79304427364763,0.0510203589860453,0.0430084858530599,0.0657260281373395,0.123063637857465,0.210009276314059,3573.30563020214,1,1
971,0.5,0.414537721402901,2.30815458746604,0.78403330027258,0.948438619920303,1.77323881581659,0.0625566827829993,0.0408540668314313,0.0635662610093238,0.127781349549117,0.220762831974938,3517.63690512259,1,1
972,0.5,0.439215495233647,2.34611511212673,0.806455538872104,1.03361012090811,1.88252438046341,0.056350524459465,0.0414796361421493,0.0644790136921057,0.126773201044228,0.213434272465379,3572.94099385725,1,1
973,0.5,0.50629767432847,2.28521031871956,0.804310551702587,0.983986518798176,1.83798951846948,0.0470561569570602,0.0412450077257193,0.0630363265539484,0.141333775234542,0.226366598539267,3526.30322971334,1,1
974,0.5,0.492338038814935,2.29073862124427,0.814020746095897,1.05576246339765,1.81837858801582,0.0487597289849106,0.0424788504414265,0.0642778147247343,0.131928128374582,0.228732049951766,3524.79614934134,1,1
975,0.5,0.460965685125813,2.34527087901067,0.751799902380083,0.924884609828614,2.10808701302535,0.0516322640937278,0.0425961071615857,0.0640875761018068,0.131178467399165,0.216719768170877,3577.41621114208,1,1
976,0.5,0.477945649441508,2.26163332132405,0.882700192637801,0.980337810383251,1.9964609564297,0.0492479929096889,0.0436770277960181,0.0663168551530688,0.135994411534838,0.224067048149377,3546.23089091808,1,1
977,0.5,0.498427738832638,2.2565314120576,0.873614847188482,1.05902326901903,1.81000526988808,0.0497815619111933,0.0439366072668975,0.0656967477754191,0.126101462119427,0.226374973993393,3519.95548327188,1,1
978,0.5,0.485748815807867,2.32251040992716,0.707410898308158,0.981761759242411,1.98193885851005,0.0491057887736681,0.0428524781029638,0.0650663627636036,0.132253619580372,0.227095766670341,3519.43176642392,1,1
979,0.5,0.478841545024942,2.26783363517859,0.879223277471489,0.966960119616332,2.05526151998376,0.0504324807669738,0.0435598479871259,0.0661598222736598,0.127394119370502,0.235947981644175,3525.40765651567,1,1
980,0.5,0.522175748943329,2.29805008167229,0.78384204960086,0.93145226430214,2.23734835685188,0.0439535648908062,0.0433796305918951,0.0657373727044936,0.136383160779802,0.236615321235885,3529.60703910656,1,1
981,0.5,0.539801574736104,2.35798236893942,0.720357859458673,0.949450125671516,2.19656246376207,0.04408767293306,0.0426092056514548,0.0640313310348441,0.127014075466459,0.229390168671698,3526.40461232455,1,1
982,0.5,0.479248769827536,2.23570279831605,0.88675396162725,0.955163739696735,1.97288593631625,0.0508150021079512,0.0429384638492633,0.0623471227272065,0.13360080032908,0.226403464722376,3527.07910322763,1,1
983,0.5,0.486010329449687,2.32808801635655,0.741287000708317,1.09704588009665,1.78496246784696,0.0501309830635373,0.0423193376854629,0.0659435850469619,0.128811314700147,0.225996030763823,3534.72820535497,1,1
984,0.5,0.470182709028643,2.25429052649231,0.846598646716672,0.984569900147237,1.75229797930577,0.0534921019635631,0.0437562545674276,0.0662515968324866,0.13326872831916,0.229139329219673,3501.47556587251,1,1
985,0.5,0.571253276401618,2.22656050061562,0.914412298549072,1.04901591878494,1.78374727642432,0.041373833231161,0.0429405036475244,0.0639115629152895,0.141040233832205,0.241211066560725,3500.71184108524,1,1
986,0.5,0.417847328403211,2.3142725075934,0.763608909414087,1.09522678826808,1.49906637979192,0.0626404671195958,0.0423260187459341,0.0650361871871858,0.123929191895677,0.212523308401409,3531.09262169809,1,1
987,0.5,0.464307137128121,2.23436420227855,0.890547722665663,0.987753516886327,1.85972692724787,0.0534713277976746,0.0422455437760216,0.0637073710387378,0.129249089807232,0.224165231482131,3504.05558146296,1,1
988,0.5,0.430164072326097,2.26903968466901,0.81472733527509,0.972645516124406,1.93143904151281,0.0565017006846109,0.0444155145652066,0.0666649525378163,0.127703892172008,0.216177675064986,3536.68522873562,1,1
989,0.5,0.56167699233457,2.23862792879515,0.92335995640185,1.36497327053827,1.44508923190238,0.0399585836692902,0.0436810195568194,0.0662284387725379,0.140016773444532,0.226616008208127,3539.78202910697,1,1
990,0.5,0.524864362616342,2.26378017352312,0.815781546509417,0.868927904466005,2.13135996896027,0.0454100315323955,0.0431755333245064,0.0638376740680188,0.134451870476117,0.219505190658857,3522.82378071881,1,1
991,0.5,0.450761317562059,2.3152578775345,0.777943733689424,1.17241907520195,1.67053163306238,0.0525005640170105,0.0436225733557895,0.0666775972493825,0.126432896882304,0.210153720244953,3563.63218743897,1,1
992,0.5,0.499794766567397,2.31519813269412,0.770387278409531,1.14697730329709,1.76098899443677,0.0466524392379307,0.0434724800936649,0.0655277472729737,0.136500216821188,0.224376325407185,3552.35898858774,1,1
993,0.5,0.516202767916766,2.32497340891196,0.718842972979485,0.817334245025747,2.19658071396096,0.0452281528148639,0.0414156557661749,0.0626378117057745,0.145910554180295,0.225381503950556,3551.58118046403,1,1
994,0.5,0.601963772609807,2.32474360620517,0.741429599460604,1.16412710223963,1.85255877411248,0.0351466584076535,0.0409148802647729,0.0608860814878358,0.148399180904794,0.229466736455984,3535.58797601418,2,1
995,0.5,0.50361878690834,2.34367401081647,0.773575825364782,0.956125157608842,2.03551075415814,0.0479922013253088,0.0424885577597351,0.0629786715749871,0.12800132420454,0.224731476503908,3550.78238989787,1,1
996,0.5,0.560955014837333,2.27457131946238,0.906297030772031,1.28812798346176,1.75707065400487,0.0375128409787608,0.0438630378377936,0.0659683173824746,0.141920907577745,0.227669486765067,3577.79687547785,1,1
997,0.5,0.531414725465333,2.32443550100747,0.757735977055735,1.08418032713646,2.06682671718406,0.0400536326742332,0.0442597256090667,0.0650052117391241,0.139217186063427,0.226955773068739,3574.8712264935,1,1
998,0.5,0.484933635849019,2.33779802412039,0.662637519935457,0.733767166835969,2.1904461395315,0.0557040703910696,0.040927888707893,0.0641904504979033,0.135539312415052,0.247864290862885,3468.53275597517,1,1
999,0.5,0.578809408358631,2.34011069426419,0.75083399196729,1.07880637886617,2.09220255325805,0.036416050822168,0.0418457519211281,0.0625154841317886,0.140531371409234,0.233045644696504,3547.01422124035,1,1
1000,0.5,0.511857157204042,2.30968825761365,0.787848486653904,0.96395835290925,2.1372141314227,0.0466803746958644,0.0423157047751037,0.0644157849226564,0.129833983657972,0.239469538951203,3521.71579459846,1,1
