1,-2,-1.67902508651613,2.3245998841058,0.738008145845878,0.933075154757841,2.20143160063531,0.313706448209353,0.0479741972659901,0.0750897432773808,0.0960966141177537,0.160199072409259,3506.67988796879,1,1
2,-2,-1.94498071669741,2.33339703849437,0.775029559935165,0.855751757854348,2.16302146546521,0.374496517821065,0.0463334048242206,0.0725983074609986,0.100897845580038,0.161036451256177,3551.36750243144,1,1
3,-2,-2.18376356955396,2.34720237069615,0.758986843065533,1.01697411670932,1.93720280654536,0.395797166297263,0.0483799954811962,0.0751161610400124,0.100032318371278,0.163790414372527,3576.68113869769,1,1
4,-2,-2.34618725979507,2.2798536537522,0.833884402689079,1.03751388844909,1.89574579983288,0.429624745119008,0.0478714092082013,0.0766419444528228,0.0955573697156907,0.155840466032026,3514.35444830587,1,1
5,-2,-2.31757077559876,2.34806004646758,0.738857378661649,0.942971468343085,2.07005774445319,0.431898936202449,0.0477181650361807,0.0752914643349915,0.100070857226202,0.160755194971406,3535.75348248546,1,1
6,-2,-2.2914918555442,2.35358680974672,0.742030224132583,0.878061040949398,2.13968155477035,0.420170147368899,0.0460529475645603,0.0724312244724961,0.10192767029897,0.163532295618302,3545.78075407239,1,1
7,-2,-1.52174853007257,2.13641104198017,1.06210669896643,1.083979059324,1.95517215535931,0.28272854427329,0.0521066506140915,0.0787761563365273,0.0963846253593317,0.156145583338615,3560.57943221305,1,1
8,-2,-2.54816194062393,2.3840831155363,0.72445289418207,0.903780061811367,2.02442886723677,0.500028033039829,0.0452554200707198,0.0712931995782903,0.100549678562297,0.159644842021152,3579.00274009987,1,1
9,-2,-3.10832297189166,2.42569103222916,0.632973195597675,1.06273298189319,1.81022367250898,0.653278941901046,0.0470976799645409,0.0748232250222274,0.0955814597692713,0.158199679906932,3571.63108585795,1,1
10,-2,-1.81365288767414,2.28195541074808,0.880865050482715,1.12181170505811,1.954321429965,0.307811469773041,0.0508580785369095,0.077634891470434,0.0967853546820848,0.157166178240078,3584.93588127972,1,1
11,-2,-1.60444584032226,2.32041026755241,0.729070297871775,0.844478161840558,2.23353402866035,0.292264483546005,0.0480583250668685,0.07735223766041,0.105652269975241,0.169336246507186,3518.00362681244,1,1
12,-2,-1.65925018143848,2.39282652691304,0.72792507330115,0.994838635003313,2.07648210442909,0.304245884537626,0.0470175422693562,0.0750739561501523,0.098919509036906,0.16567124227762,3589.18966649834,1,1
13,-2,-1.92677206760116,2.30851011917962,0.817294515146044,1.14568893297137,1.82953899399627,0.351793505444041,0.0502742929687055,0.0774138978054798,0.0959345285514659,0.158238816826266,3570.5711271088,1,1
14,-2,-1.07283070867785,2.29072215283287,0.840613506663419,0.939141417115622,2.31414771955765,0.219673169194421,0.0473287067529124,0.0745293228566932,0.0988661897267271,0.168082461432658,3524.42930777094,1,1
15,-2,-2.59316097359552,2.38458529991373,0.716752516355377,1.08415874689657,1.72740351085963,0.493566174986767,0.0491062164733876,0.0757226216420012,0.100453651017025,0.160136786356856,3587.54022035943,1,1
16,-2,-2.27989799186301,2.28420451338762,0.876815873741141,0.915421510981038,2.12447640336856,0.424188906481949,0.0488791503417435,0.0756203143947289,0.100579028674276,0.166597195265728,3533.38201324906,1,1
17,-2,-1.90666843427249,2.28901899517318,0.814238458444503,1.00124525557731,2.10817257819869,0.336007895116622,0.0494947252709348,0.0780986143770512,0.09860702809367,0.162073430598562,3532.67383606206,1,1
18,-2,-2.61798051946254,2.30919371826115,0.794229658918281,0.990622886131347,1.9238377325908,0.510023575132509,0.0474154518183416,0.0744547991587046,0.0978128573665121,0.158774161809578,3549.19580428484,1,1
19,-2,-2.44635409014525,2.23688148133656,0.847661606455416,0.994234584013317,1.98718654536977,0.46183639055485,0.0504585751384419,0.0776249994028377,0.0961025853055842,0.157005641041082,3499.0438735803,1,1
20,-2,-2.37911482704617,2.25842557555952,0.82288580349995,0.98951726603138,1.91350536771756,0.458418157347631,0.0481302452686697,0.0746732615821297,0.0964606254480863,0.160551400889354,3491.65454985488,1,1
21,-2,-2.64814935899193,2.3037259639913,0.811171171521111,0.932888267682452,1.957349678775,0.511523990547888,0.0487055089570732,0.0751876875277802,0.100106100255196,0.15521542504819,3567.2405233031,1,1
22,-2,-2.39010409035479,2.29262541738748,0.767385353623686,1.10874800910245,1.72261194908,0.451034765197989,0.0488326681576669,0.0790828679047734,0.0945768229787582,0.152814905021632,3516.28997749668,1,1
23,-2,-1.91115393374909,2.28761172550878,0.82726604520001,1.15455373945393,1.81606995904641,0.345583358936918,0.0502817896081217,0.0778592022346312,0.095927999937713,0.155663863895968,3559.03248769216,1,1
24,-2,-1.69775590797819,2.19433591929711,0.973749658595273,0.85527706126814,2.29331004893744,0.299076795615368,0.0495202579543263,0.0760183462211735,0.101431465923223,0.167401040624624,3480.02627982395,1,1
25,-2,-2.21519012320117,2.36145641546915,0.688343611227303,0.699956100290238,2.37948608297516,0.414938130794994,0.0453714594958846,0.0709805477010276,0.105521733416492,0.168713289884595,3495.92710680805,1,1
26,-2,-1.93604424545468,2.30773581132196,0.736390592227569,1.02944063441358,2.03639732828523,0.348470685145869,0.0492078758456259,0.077733713925008,0.0946017271206813,0.155445538474098,3498.31642416262,1,1
27,-2,-1.50415833796305,2.24860646075714,0.890338106874479,0.89630389349497,2.24150829159901,0.272857752881608,0.0492231838025627,0.0744633703541798,0.101799207143067,0.165794971234216,3524.69271223729,1,1
28,-2,-1.31309060444505,2.27108750402221,0.782360590598799,0.912960791768897,2.17141369005339,0.246433424957364,0.0474463068239418,0.0766118480318542,0.10352383333715,0.169662700773628,3515.81783156859,1,1
29,-2,-1.6470769899014,2.28602940143417,0.778526850838592,1.06452248764824,1.97640713701354,0.30421486767754,0.0487903213830478,0.0770719705489685,0.096693151288103,0.157183712191862,3525.03096184067,1,1
30,-2,-2.03048748631467,2.30869123225794,0.771982921189346,1.02044970122765,1.91711546230047,0.400459209557256,0.046132164822006,0.0736102226464112,0.0972797403288169,0.160571566872377,3536.29500192867,1,1
31,-2,-1.85936705352175,2.35401690705143,0.750773338677342,0.811406803781651,2.33012562776238,0.335182916855572,0.0470850042487417,0.0730901620185073,0.102964233936299,0.1682290040346,3548.70550705176,1,1
32,-2,-1.66436907268453,2.26070273552291,0.794481276655171,0.832983359006063,2.31944230853278,0.304642437716931,0.0466934087741311,0.0751992290582985,0.103220417448876,0.174945400723547,3470.62950141969,1,1
33,-2,-2.11129108988034,2.29558165778828,0.843027844096364,1.15465802526404,1.75229738607991,0.389502106172137,0.0490063360389978,0.0777048788139672,0.0972551654813652,0.159420006333636,3567.55884114538,1,1
34,-2,-2.06345481947729,2.24854507788379,0.880063519686853,0.917281011687614,2.137244966429,0.379033353155227,0.0491956656420105,0.0764573463655991,0.0993245510072764,0.160856285916453,3529.76120975843,1,1
35,-2,-1.68385982238539,2.34711087200115,0.771271647435107,1.09513737989916,1.97019156638138,0.299024402055419,0.0503144507685688,0.0775896612471446,0.0976960205658039,0.154350148021799,3612.49954806478,1,1
36,-2,-1.44621389369989,2.24783302373628,0.856153325083356,1.01378101973819,2.00104949878558,0.280979622426477,0.0500899727450055,0.078304289352719,0.0966038311363705,0.162937946347805,3524.35841829524,1,1
37,-2,-1.77062700284328,2.37929757646168,0.647975843761672,1.0441707527417,1.97146448937236,0.323802253686276,0.0461896053688758,0.075464934918777,0.098390263934929,0.163556240810118,3545.37419677309,1,1
38,-2,-2.32587074391839,2.30546974709332,0.779484629441551,0.902972221094846,2.12945114339614,0.411383976769244,0.0476030169228403,0.0765223170397605,0.0992421153313906,0.158642782070688,3524.78738497522,1,1
39,-2,-2.03322622891483,2.29188288278125,0.849206676932396,0.997448440161334,2.08396785399653,0.355346754658653,0.0479211759509619,0.0749273646675465,0.0951733542587778,0.155432066364618,3538.40531043441,1,1
40,-2,-2.24805718019601,2.353972043994,0.729270300251276,0.929235211102083,2.00505874627339,0.437597884285519,0.046941807144268,0.073042566772925,0.0995733871864488,0.161596951856125,3577.07025291882,1,1
41,-2,-1.47317689305522,2.2999361473082,0.821859544317939,1.02405276440207,2.10463676907414,0.264876416949365,0.049877005012902,0.0783429928947512,0.0991846658630532,0.159808216585346,3586.0969032862,1,1
42,-2,-1.97630646749218,2.27087656935239,0.878892172696668,0.933798234078924,2.10345567019605,0.355542124360919,0.0467655379925722,0.0735482104481257,0.0997289345693365,0.160948483652013,3524.46406304172,1,1
43,-2,-2.0590352828377,2.29876534096214,0.803858184909291,0.902380162576837,2.06892539889926,0.402804706460563,0.0471497382214339,0.0736891344014374,0.101425808641147,0.164399570203159,3521.4025135157,1,1
44,-2,-1.73393854945399,2.2824436882754,0.809303109239443,1.04928090111542,1.98546975768472,0.313838788099135,0.0482507727745924,0.0779637226556147,0.0989190824840396,0.164513838317485,3532.39543427561,1,1
45,-2,-2.56649752724526,2.35163873012119,0.718744108508315,0.936941177295382,2.01301053447991,0.501116096282592,0.0465561272112956,0.0753046287087086,0.0968902048458702,0.154928010970152,3525.11401467318,1,1
46,-2,-2.01014534701455,2.30196488680836,0.860968441858983,1.007286697818,2.04195108647629,0.362774833027996,0.0479308858610788,0.0753066929835273,0.0984793387099333,0.157972894735345,3579.999750712,1,1
47,-2,-1.67841264449755,2.22250716881366,0.870787568408891,0.966417430721822,2.1010268405831,0.324144286490819,0.0490831151865048,0.075523282115175,0.0974233159115844,0.165641335045414,3485.49794029681,1,1
48,-2,-2.23877351125749,2.31183947509095,0.846634412085451,0.970495352491631,1.99327037451949,0.433594432572385,0.0479940431648217,0.0749665613041804,0.0981409306570953,0.15446165373834,3612.36349799142,1,1
49,-2,-2.34918582996321,2.32390271793537,0.802871422203414,0.977449375819104,2.05779108399146,0.429932059047353,0.0480933434234204,0.074969134572969,0.0983753933152118,0.161491545575712,3557.4353316048,1,1
50,-2,-1.73216530487754,2.32504764039161,0.781848863217673,0.805247644710828,2.40688069009931,0.313535485088099,0.0457658223348858,0.0723165667141553,0.104053556577761,0.173191702378792,3504.61341842409,1,1
51,-2,-2.46405843461001,2.3116295792974,0.826264667709239,1.24799462379653,1.4799363105546,0.484138293684624,0.0494040124463237,0.0771576230121067,0.0934088727871092,0.148069353794266,3600.51905375941,1,1
52,-2,-2.15583905120839,2.25575112601812,0.869574982626976,0.976033812703589,1.99522554734894,0.393440419336245,0.0491277416109371,0.0759719919802747,0.0981995944014824,0.160003070469676,3511.44726327491,1,1
53,-2,-1.73344988833151,2.36841635967122,0.716233568937953,0.785244479399736,2.40399938561743,0.317100036278975,0.0466038946248295,0.0744275681212688,0.100152037512861,0.164143766251303,3539.16213306067,1,1
54,-2,-2.49314057620234,2.2826787508683,0.787611572651123,0.940475904631801,2.03245716652866,0.477256995248376,0.0485564456588102,0.0767134951985854,0.100213932716585,0.163139929584923,3477.46258453051,1,1
55,-2,-2.23695921423051,2.29803473159366,0.814264940529635,1.02391954442847,1.93326462441034,0.434642209861791,0.0476746793460851,0.0752392219277014,0.0937869205920884,0.151065451004851,3524.16495401273,1,1
56,-2,-1.68510055985067,2.30839312572082,0.837856122796994,0.800624237559937,2.34202494102111,0.310639716960938,0.0458140186822543,0.0717439177030694,0.102854870839811,0.171222530002363,3513.06531886989,1,1
57,-2,-2.31111842825594,2.25705008111357,0.888505457060734,1.08602187030502,1.83472051701448,0.417111036492683,0.0495588358177899,0.075302330999263,0.0987987101092894,0.16255020491134,3549.15802681903,1,1
58,-2,-1.84836225572162,2.34018026732227,0.756350130831857,1.02724070287493,2.00141037344764,0.322913907020043,0.0490761755332801,0.0789612431216384,0.0987644582169188,0.158124528339074,3552.98549737839,1,1
59,-2,-2.74320477937165,2.26866452226447,0.846839329487032,0.905298605267915,1.95018466400747,0.517357767257381,0.0479238748331638,0.0751759724794303,0.0994680322611705,0.153036579638915,3526.79587547547,1,1
60,-2,-2.03549563071995,2.26834148898473,0.825891094109293,0.997541847113077,2.01023407604298,0.34537129360122,0.0510385040472644,0.0788779595467336,0.0986125810376145,0.152219105418501,3554.86116601732,1,1
61,-2,-1.91739444891989,2.40501601929078,0.677339679439134,1.10040976747084,1.86591263804422,0.38151593230402,0.0467252009907459,0.0745033397978046,0.0952730227399303,0.159101565789016,3598.53239315023,1,1
62,-2,-2.08292449059746,2.33106035410366,0.769923852647716,1.28497510003357,1.59099378961554,0.368426816377966,0.0527442653070235,0.0827087935161677,0.0969126724583551,0.151639773641938,3618.99113268557,1,1
63,-2,-2.28613247934697,2.30305119891595,0.800617417706202,0.886716546653666,2.12720441123012,0.413870291479258,0.0467916454157073,0.0740796983833328,0.102823840343556,0.16624109397621,3489.7305233378,1,1
64,-2,-2.06256061002644,2.34381267388055,0.778671968014957,1.20078247830027,1.56805906405639,0.418370143455769,0.0476008481452177,0.0741922929780724,0.0957323275622851,0.153544760206566,3631.85134169609,1,1
65,-2,-2.92539792925086,2.30648133846449,0.798211027794485,1.04373019905902,1.79848687796125,0.589884876812658,0.0476021264940273,0.0744223510855398,0.092153605482915,0.147155856879301,3527.6799465658,1,1
66,-2,-2.24142999299684,2.26644363069639,0.882621009798348,0.899715663903588,2.06191531764005,0.41268669238322,0.0494356173228271,0.0772662576583068,0.101133262118714,0.166399474555869,3507.33112009404,1,1
67,-2,-1.55845204387511,2.271734916291,0.852331120910377,1.08066905832924,1.9011424739628,0.304682239632307,0.0511900311932322,0.0807003992379755,0.101393645667111,0.170402923511309,3565.35856372394,1,1
68,-2,-2.42518616830506,2.37247893630186,0.711922667852212,1.03034325972542,1.99722559018539,0.42788628637707,0.0480948945270828,0.0765115508836935,0.0973101647563192,0.157009395460266,3537.88535180092,1,1
69,-2,-2.26671417149621,2.28378993279806,0.786354242091333,0.886917843055579,2.16887280233621,0.431561368795832,0.0486231193868996,0.0771811899951809,0.0975042017026952,0.161857914326443,3490.85387361975,1,1
70,-2,-2.17977247740193,2.3027744483529,0.805761099062774,0.896848950875225,2.01397771387211,0.408855832158355,0.0462921606724097,0.074399723386242,0.103398382766584,0.16825235676755,3554.2051928385,1,1
71,-2,-1.45844117916162,2.32286264358612,0.751913570803138,0.949930842165511,2.19697264319255,0.251901579458718,0.0495682784166078,0.0776757328196072,0.0990928645201215,0.157050807813106,3556.19495970366,1,1
72,-2,-2.1490628598571,2.31210090247614,0.804956440747117,0.932871654464467,1.99268154786225,0.397828931069845,0.047319153307028,0.0724872909234658,0.101615220308826,0.162393017308915,3575.07013178815,1,1
73,-2,-1.48113231406397,2.28454437280047,0.854863504661417,0.964742031997315,2.20013606140417,0.265208522652095,0.0485691799258553,0.0757269047567679,0.10110946198321,0.167218436760695,3535.60567677545,1,1
74,-2,-1.75893995169427,2.34576326813862,0.76159772377365,1.03395046798719,2.01816818314931,0.332856404199145,0.0476979006312783,0.074144363661004,0.0963466707738616,0.160371972768406,3567.13156244223,1,1
75,-2,-1.87408798070117,2.34598442030575,0.759240043212711,0.858815925473631,2.2499212188675,0.33807618642886,0.0474700967594016,0.0753885900985483,0.1032182243549,0.166136837493916,3543.45088055512,1,1
76,-2,-1.7718944500063,2.25751011837308,0.919872602952205,1.03456502370874,1.9443607973517,0.322287903986174,0.0513558920754034,0.0791141986054964,0.0992252438972027,0.161510972243002,3563.43803564403,1,1
77,-2,-1.56575255913896,2.27419076180136,0.820586534045123,1.01280865229328,1.99402033268913,0.307320810117581,0.049418556974659,0.0765074234185768,0.0976528537888595,0.162475629069757,3560.47300609781,1,1
78,-2,-2.15311703912702,2.27829908250171,0.847869723957594,1.00753321972252,1.92833885057983,0.396235855744542,0.0493228489281229,0.0766787185317672,0.0998087108481716,0.164070110033612,3539.18285740248,1,1
79,-2,-1.91456603417369,2.2399511863451,0.938310129307841,1.02901276202383,1.99182511446395,0.349395081452639,0.0499905142109505,0.0756748226829805,0.0984866879943279,0.155631318085313,3592.62355424287,1,1
80,-2,-2.1455691890035,2.27681834413693,0.833628553962674,1.19221064733759,1.68571922781602,0.390736000705884,0.0508875516798207,0.0799985473484674,0.0945458647193879,0.156887138238427,3554.99142310052,1,1
81,-2,-1.69280954452398,2.30195177253608,0.787769692631194,0.922071802554228,2.12393350345854,0.31310529307912,0.0471441301633175,0.0757034912551234,0.100057752346119,0.164817316303649,3536.12110774089,1,1
82,-2,-1.82007271982845,2.3736348974555,0.651076425241631,1.08854631484996,1.9678591082953,0.332154163609538,0.0498970537349889,0.0774182794341104,0.0961470874470996,0.160146974705034,3551.49328020545,1,1
83,-2,-2.07972778350693,2.38952870529543,0.667091377953718,1.01339092188959,1.88826415932383,0.393516575912202,0.0470370027202635,0.0738998244578098,0.10017712149271,0.162163112772291,3575.3718928698,1,1
84,-2,-1.83461337703794,2.37708549026192,0.714712763194294,0.796145756413695,2.31730648794874,0.342598807387014,0.0480860763369812,0.0747859029760073,0.101535058585359,0.165663171301902,3535.40271396182,1,1
85,-2,-2.19275877647287,2.39250568347143,0.737248206198335,0.943714551563899,2.1035688180726,0.416772520854528,0.045195774764361,0.0724718452675122,0.0989494909081955,0.166075593291175,3577.31972112386,1,1
86,-2,-2.45297120228741,2.35539835637527,0.657252815705625,0.916760584562619,2.06882045314473,0.457517514218993,0.0473610724665287,0.0766895593874644,0.0997385565921734,0.15961774517584,3509.47742279885,1,1
87,-2,-2.70727094973962,2.31534129467878,0.746778858990229,0.860368216724478,2.11498724636715,0.508521918220299,0.047777784727341,0.0760094323391951,0.100629914374255,0.162251809748005,3493.9702282829,1,1
88,-2,-2.89087886897122,2.24540365932649,0.902738810379009,1.06922823816579,1.80978786888717,0.573249703931332,0.0491044406098096,0.0766204582552796,0.095451403703239,0.155360613606423,3554.05692015361,1,1
89,-2,-2.00125201424445,2.29233695168762,0.79308952229428,1.09371185956064,1.80119829269092,0.369688908243083,0.0493184364164671,0.0767523297035095,0.0994930412162707,0.161246577903681,3557.309465755,1,1
90,-2,-1.69009562027378,2.31613515162122,0.780623777321434,1.09253315263049,1.92248409863937,0.309544867729578,0.0503461807275751,0.0813506956537283,0.0991500139843201,0.163126446075892,3566.77850107834,1,1
91,-2,-1.64478876904969,2.34625003226306,0.680597902991032,1.02496607615019,2.09073157451952,0.277647273863061,0.0481684974859217,0.0772649173552414,0.0983067243237402,0.159448626019482,3553.80687330673,1,1
92,-2,-1.53966093083036,2.23715335399593,0.902267089222583,1.01394034922461,2.01639269581489,0.292936942756605,0.0491885111268626,0.0757974208741316,0.0985138035443179,0.161234143457317,3572.67786479547,1,1
93,-2,-1.81583651505647,2.3040874420117,0.835477132513501,0.797476820825836,2.29271999948115,0.331383430503448,0.0463366614250607,0.0723710738725387,0.104708078050596,0.169313654875408,3532.84456984473,1,1
94,-2,-1.77733892528271,2.32896311118423,0.783356787547165,1.06454984716849,2.02076977179395,0.31189685056875,0.0513945992981688,0.0804738111447956,0.101721240860443,0.167870907937648,3555.8645111627,1,1
95,-2,-2.10756678963543,2.37951981226152,0.764778667119483,1.10460106937428,1.85604076557679,0.416342845045724,0.0467692338887487,0.0743942870635749,0.0950433946681612,0.159852913092701,3593.46361347202,1,1
96,-2,-2.00358195002508,2.31279042857083,0.813273416126612,1.02364328942198,2.01195602110177,0.370421864682878,0.0469632691716275,0.0740554552378205,0.0976959020425483,0.157109634113161,3559.19096405827,1,1
97,-2,-2.57058759181288,2.26458416388287,0.804720962171071,0.987512717323387,1.91849121169561,0.507605665835345,0.0476977756479089,0.076178350498451,0.0963338582250005,0.156781069632569,3501.98122759444,1,1
98,-2,-1.70400482431067,2.23506534646416,0.965370350744017,1.11423679807648,1.87018549173676,0.328185008465142,0.0493703619395313,0.0776934641338758,0.0963292487300427,0.155711426510548,3581.2906729018,1,1
99,-2,-1.57647141536801,2.28269237439573,0.852112925446484,0.778005187139307,2.39089493320223,0.299549318799547,0.0458326044457217,0.0717779953385957,0.103242307815046,0.171326648718914,3499.21027921699,1,1
100,-2,-2.08240467916084,2.29241139286522,0.790029884751153,0.793447802025472,2.26037425089741,0.387002907282556,0.0477680822592635,0.0743044898767032,0.10266554413379,0.16520025974269,3516.03204704589,1,1
101,-2,-2.71538141124262,2.28717819867816,0.811537987960585,1.17801317575343,1.66121838331822,0.490093534530392,0.0495710668059759,0.0783500262538621,0.0971019821630325,0.15600331763721,3542.52374392778,1,1
102,-2,-1.59300837450769,2.28089226707221,0.802207827848509,1.02706577471287,2.067903098554,0.296900476291289,0.050046309773977,0.0802355132954411,0.0985203760374151,0.162340453720899,3551.99565539354,1,1
103,-2,-1.87515675817456,2.28520588707998,0.847092518657845,1.06989893975299,1.9914499811798,0.330185855358782,0.0508833801563058,0.0786210638945206,0.0991747675524326,0.160517189420071,3576.77107185307,1,1
104,-2,-1.95390057878739,2.36144121379673,0.733073972292307,0.978946047090613,2.04554244417211,0.347530566178415,0.0466158437076888,0.0734160186161134,0.104864806299055,0.170588390091802,3546.21925052326,1,1
105,-2,-1.58916990933327,2.27593134385265,0.852302721518407,1.04917549031291,2.09886357124574,0.279829153990312,0.0514581157545521,0.078413544190245,0.097997401593971,0.161287814066418,3551.56185560178,1,1
106,-2,-1.67855004910077,2.32543140614768,0.776354753674217,0.888255135672707,2.2112049841537,0.30700860816989,0.0477571728243308,0.0757231891871234,0.101518178085496,0.167704756750375,3528.11029784197,1,1
107,-2,-2.33242644422342,2.29773434316337,0.805881134425391,0.803457951838947,2.16800169662485,0.455886423935094,0.0457391517008029,0.0719869754447146,0.104204055742095,0.16704082731818,3531.33410303944,1,1
108,-2,-2.83208686071214,2.30057100751889,0.773172914097306,1.07308253801045,1.79130029603841,0.548133646613127,0.0484258006615445,0.0780828668561008,0.09581221931587,0.15587159843924,3520.63134387315,1,1
109,-2,-2.38447778236122,2.30066765789791,0.855055225840034,0.848567128994491,2.09689548024644,0.472493242104697,0.0461119580076402,0.0714461751400001,0.0996545476473495,0.160165072453178,3573.8701498122,1,1
110,-2,-2.09074653732117,2.19209680073736,0.974494409737726,0.901842155771508,2.15735884798969,0.384653017847776,0.0492202457948698,0.0768785915857223,0.0979584392405273,0.158188169803298,3462.23602862512,1,1
111,-2,-2.74412159435317,2.21515128904633,0.888628387975244,0.969967470240141,1.8712226254299,0.557910089998627,0.0493238208950083,0.0779911132813107,0.0974409241463911,0.157962328194702,3499.77820969235,1,1
112,-2,-2.86172371911426,2.34344668668582,0.769627809091508,0.892775151047259,2.15026712465951,0.525967240404114,0.0485493705552242,0.0754319099975643,0.0973667991408309,0.149941114893356,3574.89233964574,1,1
113,-2,-2.06213053772852,2.29959593724201,0.830101083038638,0.842215492959826,2.32099139620336,0.362948938654124,0.0486019226831684,0.0746963463534822,0.101831896179542,0.160339653352905,3552.15199594933,1,1
114,-2,-1.58027985807444,2.3561250146432,0.735206323500745,1.07116443436245,1.88966650222222,0.299045506037716,0.0483189054582528,0.0761831542764368,0.0986572255917483,0.161081997806569,3583.3512943361,1,1
115,-2,-1.78339102387718,2.29511403827673,0.7526809629262,0.861285690159531,2.25518384969443,0.325322467075128,0.049468864434474,0.0774795326656757,0.0995558942547197,0.158558482669537,3526.68164972526,1,1
116,-2,-1.66867759986775,2.25858010965932,0.886490141803799,0.976001494329168,2.06581780532738,0.31452054530252,0.04801599706127,0.0747763414489955,0.0986734398156012,0.159984209286745,3548.68728521168,1,1
117,-2,-1.95126339347434,2.34703717993968,0.717555418567303,1.11315844570754,1.80338404057773,0.368197151128482,0.0506991579779469,0.0775131676406386,0.0980818711750917,0.159540829374483,3573.25107789763,1,1
118,-2,-2.45442665564736,2.33811110872761,0.753540377279325,0.823258481424318,2.24418342772017,0.469349373095122,0.0477948168666667,0.0738971995751518,0.102193669165768,0.159238207513445,3548.6838121684,1,1
119,-2,-1.69141482090678,2.30865942784163,0.819586463210051,0.976488936214958,2.13601082147703,0.312553390059808,0.0499990879113798,0.077291725524126,0.0990701284893735,0.163012264104375,3577.95157410362,1,1
120,-2,-1.64719534688932,2.24635564240657,0.854684762011946,0.900195575180729,2.14992056692435,0.287506718326717,0.0485121422577929,0.0758374411262129,0.10476857342093,0.171946017321306,3506.72543810366,1,1
121,-2,-1.91649819689064,2.33049077546459,0.736060998084235,0.887333225975918,2.12497113969831,0.376178695540051,0.0485660227974023,0.0756381650172002,0.101794675973536,0.162658293661665,3566.37103882959,1,1
122,-2,-3.64004493584368,2.26236018790313,0.863761178564839,1.0547403832251,1.8055691711052,0.776167122298516,0.049670213258088,0.0767423157102395,0.0933781153812019,0.150948279364356,3511.50194568271,1,1
123,-2,-1.77279115173321,2.19577245221573,0.973559511683836,1.03833282110962,1.96711247829287,0.323049537885759,0.0512869871623281,0.0788807232406721,0.0985191735091179,0.157790720593813,3556.31604738025,1,1
124,-2,-1.4730732317739,2.28662448123345,0.785041028228099,1.03761528615261,2.07028280814126,0.254994792507543,0.0495470053079952,0.0790955921793594,0.0984955232417722,0.159770708793012,3541.45554417634,1,1
125,-2,-2.20704416532414,2.35193667648283,0.768198346513451,1.08425235600284,1.92130379123239,0.404416850960187,0.0482228108466498,0.0762279885844318,0.0955266932426996,0.158379180375352,3574.35995998492,1,1
126,-2,-2.04438228605369,2.30114556308255,0.79003061882875,0.911410955777813,2.11615447218282,0.397992110223404,0.0472426123927611,0.0748706034743252,0.0979963433534459,0.158776711414808,3554.08413264082,1,1
127,-2,-2.03010826841287,2.31889939250938,0.762270218848962,0.958212476368319,2.04774927647319,0.367830822377345,0.0482033013560462,0.0765329272351843,0.0973043373799549,0.157739980153732,3533.83321805759,1,1
128,-2,-1.94139692572527,2.25585401917388,0.853311677496258,0.89279629827905,2.1635780927669,0.372177222201456,0.0472971973067064,0.0729638159271017,0.0971279784693645,0.165221821518146,3497.20832188608,1,1
129,-2,-1.62541433412582,2.29589960367657,0.834399129994452,0.923108085238696,2.29292514191038,0.27866484205381,0.0480090282195641,0.0766117715831889,0.0992931614893854,0.166288900544558,3479.62922301774,1,1
130,-2,-2.65045530241893,2.31356115527985,0.810964812678942,1.01733680835317,1.97006174932395,0.489043276020226,0.0480018162767924,0.0742611561040691,0.0955251606417947,0.15514158740943,3541.46308861998,1,1
131,-2,-1.94067155734579,2.22740015257262,0.815656724328542,0.966737384903411,1.97053654206135,0.377413647038029,0.0495316486161533,0.0787736369888211,0.0998508723557615,0.16303631107667,3466.73904902817,1,1
132,-2,-2.60000022271729,2.31280688115239,0.754044658588497,0.964131869709984,1.95018399804268,0.52662959784491,0.0470615006767911,0.0734815413319776,0.0980703133533553,0.156687457483616,3546.62121335301,1,1
133,-2,-1.92155568256783,2.36776668323656,0.684716499433044,0.960883962406614,1.99410292957118,0.355369030549562,0.0461632055997625,0.0740159348932705,0.0991745785635807,0.159507291649252,3571.98257926206,1,1
134,-2,-1.86753313316674,2.25453465250777,0.859500365807555,1.08716292850739,1.76521900853601,0.345498168892615,0.0493695888884766,0.0781630095665283,0.0993249210202259,0.164541726472244,3522.87466093513,1,1
135,-2,-1.8458173345223,2.32219867140577,0.795110315973564,1.0121874814489,2.1007827779847,0.319644875893355,0.0498796384040155,0.0795965342465012,0.0976614959550435,0.155744297518778,3568.58799160874,1,1
136,-2,-1.75799391295366,2.31389281314385,0.806200173970493,0.848850866940726,2.29978664000763,0.31394935198583,0.0478311306411345,0.0750452956454667,0.100555148457997,0.160247937987272,3560.00418417627,1,1
137,-2,-1.80398731976303,2.30045868170682,0.834359285985927,0.955103310577647,2.0275904371905,0.340845458604911,0.0477533872522894,0.0750104396876579,0.100729022994223,0.168401423279745,3548.5504017892,1,1
138,-2,-2.48772572727176,2.34493552967656,0.679852707922174,0.976914612879099,1.90866054502956,0.488097578210246,0.0472865176274978,0.0752452877568416,0.100563034758126,0.163282482955611,3537.18442040756,1,1
139,-2,-1.8115575822552,2.35043981191619,0.744832195626644,1.08370469367119,1.88978859660058,0.33130663491723,0.0485674280988484,0.077750720534492,0.0966609618362581,0.156201341787366,3581.0994267962,1,1
140,-2,-1.83523503980556,2.35676332359529,0.687010877993926,1.01714910468583,2.09948614595425,0.320499097074033,0.0516134530325774,0.078621014447397,0.096867599144206,0.157730799179426,3552.15202668849,1,1
141,-2,-1.70028129593645,2.32897663770716,0.817575988812015,0.963934119569691,2.22665077716822,0.306083263220252,0.049644876176313,0.0760411266717128,0.0981405967006416,0.159239910566669,3609.66452965202,1,1
142,-2,-2.35004261862802,2.27162051996855,0.908260836569925,1.14655161095861,1.73599315089516,0.444211695434079,0.0506089808292909,0.0793575525313827,0.0955818852069698,0.152515260429749,3594.48658634774,1,1
143,-2,-2.96586503141073,2.30978653970404,0.784320876066041,1.01385527695943,1.65019228993038,0.697177983243228,0.0455922865466358,0.0728252628194483,0.0967054117366479,0.161714691413054,3529.07267558328,1,1
144,-2,-1.66152692824087,2.32595784089199,0.859383521292112,0.954631187721358,2.11429595877411,0.328576374117259,0.0455663937522369,0.072410415609066,0.0984038897508824,0.165085157596572,3576.01561786287,1,1
145,-2,-2.16854387790279,2.26589821557989,0.826015834995243,1.0397544053275,1.95511704739535,0.389646567254834,0.0514558063886635,0.0784170329634941,0.098001926813196,0.156474748758021,3527.19650472934,1,1
146,-2,-2.18057315154748,2.24599506576106,0.921961506562661,1.11653403347273,1.82365170291587,0.406481331572675,0.0502450426768193,0.077419407024338,0.092574981247684,0.155984260080246,3543.73533935137,1,1
147,-2,-1.84934212519447,2.27546409114579,0.813356223035077,1.00559802723981,2.05670858366507,0.334623189257319,0.0506174202149331,0.0778333382625573,0.0965815487999962,0.153852133238687,3544.32130416004,1,1
148,-2,-2.57770741265236,2.31530085002586,0.817118636988951,0.930490503895853,2.06798990146979,0.489746163899736,0.0476288814909836,0.07439852216161,0.0995615529836621,0.158931066736028,3529.82430401432,1,1
149,-2,-2.46655179656718,2.36553051326336,0.736440575697044,0.938360981616603,2.19336745389324,0.411956124122308,0.0498543548983349,0.0776738880324897,0.1014496030291,0.160187582197015,3506.44441715539,1,1
150,-2,-2.30503712515188,2.36513058486917,0.679486634609953,1.12667496758283,1.66305491043755,0.442133531217976,0.0481237442179955,0.0763863197862236,0.0949521871240199,0.154699654172773,3571.84550694221,1,1
151,-2,-2.20141431275169,2.31284518403691,0.772219115635364,1.12360498223137,1.71899097551954,0.413681963482303,0.050800177862895,0.0794699190270399,0.096957541191784,0.156452350505154,3565.28144417352,1,1
152,-2,-1.97887389432186,2.31892788396371,0.833625778080393,1.18211275657313,1.7304672275743,0.371136943384511,0.0495570846875034,0.0778919571035875,0.0946772560231612,0.156286306741645,3596.87464151846,1,1
153,-2,-1.93721413184266,2.26374652729683,0.832247810383162,1.0010012182356,1.91720459170724,0.367263582090114,0.0473184062013444,0.0756412549564054,0.100127189843441,0.166853806717181,3512.99609246718,1,1
154,-2,-2.001604622552,2.27190662130407,0.820309661422558,0.938994301795394,2.13270834237929,0.35319191826055,0.0497031803032389,0.0762602470875084,0.100642913828144,0.160548407291597,3540.13382074822,1,1
155,-2,-1.61043295337757,2.22024588311335,0.927439221490701,0.974040507863595,1.94681227653348,0.313475586093583,0.0487643385228082,0.0765015340378326,0.100939078778382,0.161341178659716,3553.65328532442,1,1
156,-2,-2.62943988783802,2.33087373734952,0.795298685148346,1.15207125428905,1.71461888349185,0.482810746515768,0.0484379459991178,0.0756423352882944,0.094335476037136,0.152977589959975,3588.09276524369,1,1
157,-2,-1.96163915332618,2.24458265739878,0.926274110146944,0.980055020829993,2.07781111877945,0.341249982571128,0.0495013774767505,0.0763133684143024,0.0994472239550391,0.16068570595349,3545.84525812288,1,1
158,-2,-1.89896851002659,2.32634574466436,0.755603427663135,0.799754682940562,2.19358285173602,0.396387861131384,0.0450808369124857,0.0706905552149929,0.100405554244753,0.170809723311691,3537.91884923726,1,1
159,-2,-2.47931586071227,2.22554929437533,0.970156276797061,1.08139012785024,1.87504957469312,0.484125697206729,0.0503091644120692,0.0760667526302552,0.0942891169251969,0.152390619708567,3551.29146919114,1,1
160,-2,-1.68285789743751,2.26550771711804,0.847644208894113,0.963502776808553,2.12069994492365,0.293848406035248,0.0521815893780347,0.0797408353856243,0.103817071794298,0.165248597184581,3549.5698270464,1,1
161,-2,-1.90290926571164,2.30224102759193,0.807670385503388,0.911901379545238,1.97760052696425,0.3742745858444,0.0469863962322405,0.0734547700586851,0.0993416256491622,0.159806895504376,3551.34603397635,1,1
162,-2,-2.46505245630102,2.3487572876408,0.747341892490487,1.01464327934524,1.97467053662599,0.444435599667984,0.0477236827615326,0.0768918982960379,0.0961492537705774,0.153386050578238,3548.74979183493,1,1
163,-2,-2.00128062296915,2.26394286758699,0.855897019298811,1.11887421215027,1.79939484409541,0.389005917130374,0.0491486216820842,0.0766510897301359,0.0928876797133885,0.15198926996553,3560.29289221681,1,1
164,-2,-2.60755119345173,2.31565093901476,0.765082813337767,1.12554316572676,1.65148647484425,0.531247223784235,0.0496481036042798,0.0788513640207866,0.0969601433015622,0.156193215573943,3558.48911450879,1,1
165,-2,-1.80307105258512,2.3152666110668,0.791144949673496,1.08369263293293,1.87127910980486,0.322170817495752,0.049125419074899,0.076197461919344,0.0983988284815777,0.157548891706063,3593.45564728404,1,1
166,-2,-1.8466738160572,2.19508759596385,0.894935334826024,0.935764658301825,1.95357441256,0.363370938482819,0.0474035724088977,0.0740126664246219,0.101447051832573,0.167488141387689,3504.56101328564,1,1
167,-2,-1.78035412893845,2.27866850011973,0.773264857186976,0.920109362838294,2.13532966787077,0.331616048922625,0.0497527756619218,0.0782972267707356,0.102253673152762,0.169180614604298,3515.28281065635,1,1
168,-2,-1.68821067513854,2.33090194398897,0.718678513453812,1.05382719559815,1.98972209050171,0.292065416385491,0.0499610530486443,0.0786708165464,0.0991970986508816,0.160244666125793,3565.81928223111,1,1
169,-2,-1.78035824613916,2.27229911673037,0.882122218037486,1.12530168195536,1.93061326219562,0.304347533929078,0.0510077828231907,0.0786590924660931,0.0993893152845026,0.166900258249698,3528.02214555063,1,1
170,-2,-1.67829498787929,2.38433188599996,0.748722562824729,0.869026514799449,2.26798843201808,0.306066182310072,0.046600598337669,0.072706152688744,0.101957137199551,0.164734067900463,3579.56694725032,1,1
171,-2,-2.09210398939529,2.38078261699718,0.718498209106419,0.860065759693001,2.29612185143371,0.373560947913237,0.0466972910077147,0.0743148190740586,0.100641871164011,0.165372205866943,3555.69846225925,1,1
172,-2,-2.16951585532671,2.21355123671278,0.902164737126045,0.999089239934775,1.9143313491531,0.406355441068166,0.0490972870877519,0.0780922157824918,0.0956206295503575,0.150384980607436,3511.47333185524,1,1
173,-2,-1.79884541107965,2.32769934602187,0.735033457638707,1.0870741587369,1.8650942043826,0.338605313050074,0.0500143447765061,0.0780334223339427,0.0992936790802882,0.164023026560613,3575.85504010147,1,1
174,-2,-1.5350614167669,2.31488985619347,0.774223808064512,0.99470593882159,2.01619293191043,0.292968401060655,0.0482095223400319,0.0749281453286213,0.0974850429499789,0.160216208803939,3556.47428175508,1,1
175,-2,-1.49737481245467,2.3736353072022,0.636790406351802,0.800828190458214,2.35480867531629,0.277925235108736,0.0456075548550578,0.0735040106503427,0.102495746901407,0.168351676250113,3499.22950737069,1,1
176,-2,-1.92083886469588,2.36332820598029,0.736306253562019,1.02481972452229,1.91532201016799,0.367346921725198,0.0483302638147716,0.0756288453894667,0.0981354538091081,0.157997583502836,3596.1688792,1,1
177,-2,-2.23075423223728,2.28004910660693,0.785483468731226,0.976795480347478,2.07672040074502,0.397906684585338,0.0496870148359902,0.0778203775306064,0.0964400454566352,0.159067033126224,3523.9923243047,1,1
178,-2,-2.09582617738958,2.34234453885711,0.74890429847678,1.16160043943132,1.75731581173276,0.387234302967178,0.0482497524627249,0.0759153660437297,0.0932110745444657,0.152704925562446,3570.79299441841,1,1
179,-2,-1.92113793545647,2.34132733929749,0.765293175193419,0.946478541788337,2.15650789670848,0.327767493499627,0.0484438111719552,0.0749740088270133,0.101907601286711,0.160007744590894,3586.50805561679,1,1
180,-2,-2.06515022632971,2.25872857494809,0.830057777470712,0.846898122072788,2.17542999862702,0.377439022513056,0.0470822002779964,0.0734779164525238,0.101096721594028,0.162547289166331,3505.03802588143,1,1
181,-2,-1.69012951734583,2.33572554881201,0.76730260492549,0.980584086340241,2.09531504350861,0.311626944132672,0.0480182925635265,0.0784971836181709,0.0990075306588708,0.157243322491126,3590.58546050913,1,1
182,-2,-1.896216020951,2.39819405216829,0.688171465501276,1.11594523853353,1.80356307214941,0.370161290580642,0.0468606715340769,0.0750341953358369,0.0944382901838203,0.153990294412352,3610.18961047846,1,1
183,-2,-1.79991223002539,2.36509803643499,0.701513321110317,0.916951201679005,2.15483055915197,0.324431115188216,0.0473178613389174,0.0762080147444597,0.101749456575636,0.16560646494617,3544.23305231942,1,1
184,-2,-1.55116115590661,2.35020249257889,0.665894446954728,0.916322376080018,2.08285828016774,0.290339187349036,0.0470123521895041,0.0743234604722964,0.102997087962076,0.165191343643813,3578.11863387798,1,1
185,-2,-2.01119999839317,2.19711725620623,0.910411398168238,1.00542552432899,2.03954921538462,0.358237204144977,0.0512603474710705,0.0792434119293231,0.100674176866176,0.163302735224375,3480.43055140486,1,1
186,-2,-1.58038982660288,2.40288636305729,0.668672715556175,0.858877336944372,2.35827792423467,0.271024789625639,0.0479327112087405,0.0758369461420382,0.100792757959744,0.161483660190266,3548.63637520373,1,1
187,-2,-2.69455950691492,2.27531379728994,0.812225072491243,0.844547314458108,2.13519325514125,0.551131711393797,0.0476253739458205,0.0741078922961549,0.0973154006425795,0.154302223657079,3500.4491667753,1,1
188,-2,-2.4572437705205,2.368844891368,0.732838735731587,1.14070749571587,1.73525263787437,0.4919000294744,0.0469972950089254,0.074170183032587,0.0917104021525479,0.151853101177291,3568.51293258095,1,1
189,-2,-2.36943845983504,2.21294296758483,0.926447447202394,1.00148943978835,1.96802396923595,0.441865904746835,0.0503694727601633,0.0769300708240232,0.0975756000530786,0.157260696081672,3524.85411134066,1,1
190,-2,-2.22667983228675,2.32841157516939,0.789794192815965,1.05079756513256,1.90447103309637,0.426177593104965,0.0493133574022242,0.0764640304595192,0.0971978836780307,0.152547201592279,3602.61218938618,1,1
191,-2,-1.69416328849357,2.32794263604682,0.729418181071567,0.980151036871168,2.1052594630506,0.29308823278853,0.0479488030648795,0.0780616438103832,0.100939727401941,0.163632523982585,3528.67639061764,1,1
192,-2,-2.37209931689615,2.23264493409537,0.886071315183041,0.867055255990043,2.06484917324378,0.456417775819404,0.0490494004008357,0.0754247406843438,0.10360929145289,0.164940063674199,3526.93590915319,1,1
193,-2,-2.18600772985055,2.35178511730824,0.796974832435413,1.07074736515012,1.93440503701488,0.390028003556719,0.0493159125806286,0.0778904739610086,0.0986420554542427,0.160423813512775,3587.56029221579,1,1
194,-2,-2.09557221560961,2.36595858874039,0.683017737347807,0.87978701341745,2.17076245631816,0.376610847179612,0.0461246579147165,0.075244978159956,0.100632814496058,0.163412736379061,3530.456663536,1,1
195,-2,-1.87616558207268,2.30419179728389,0.722443217703671,0.869942478872867,2.23395981578899,0.363325483687186,0.0474265951732938,0.0758293412877917,0.0981118626905046,0.162902767968992,3479.91726648299,1,1
196,-2,-1.87824041354345,2.34388658340103,0.692003119316998,1.01036563151009,1.88767524629632,0.355445843798628,0.0473249469178835,0.0742084890522318,0.0969857622827914,0.156764414846367,3557.48682582398,1,1
197,-2,-2.49132058188024,2.2897774368132,0.819217872297737,0.934897673993247,1.99536291978993,0.500729404506632,0.0461120296611706,0.072000886617459,0.0990656587382554,0.16216413148515,3527.14681247203,1,1
198,-2,-1.83607215942958,2.26722883069186,0.785263697331422,0.975718847481443,1.9411458444744,0.335400035354204,0.047890879669804,0.0755401728950957,0.10027999342968,0.165739488298919,3506.53954277731,1,1
199,-2,-2.14610803600637,2.35727437581044,0.689773249090782,0.929012959865872,2.23447848158094,0.382097370300957,0.0476879336131204,0.0764862496411077,0.0961845617193362,0.155566338702994,3509.78494332401,1,1
200,-2,-1.86715201783145,2.21468757385538,0.972154339568917,0.873618290193297,2.29275174163422,0.323946578439862,0.0500789565159703,0.0792164220304626,0.0993007728852119,0.163141253026691,3491.65326597781,1,1
201,-2,-1.81325577327998,2.26951306444835,0.82640855931439,1.17181640683196,1.72927515663349,0.323182289095129,0.0499502077169157,0.0780671264444364,0.0971134057468096,0.155230242493888,3559.06550261555,1,1
202,-2,-2.05188118214571,2.21151524213342,0.905673578000469,0.887946333578094,2.17733731969238,0.366202162354161,0.0482191403918713,0.0736996289515321,0.0990280232755928,0.160373016580924,3494.61903722364,1,1
203,-2,-1.90373528054878,2.24464188228924,0.806984405815568,0.8526178196431,2.18372496181172,0.347260813168976,0.0492253421100779,0.0764156472643687,0.102740435470182,0.167696754212824,3482.07529819046,1,1
204,-2,-2.24564014971746,2.25253650944686,0.840892039242021,0.970313390237286,2.02904055676209,0.393337024607844,0.0501452167957387,0.0787077341450174,0.0985542529943287,0.156657001366353,3508.24020102905,1,1
205,-2,-2.00207543341683,2.38895697620121,0.685699863233484,1.02917053234567,1.87180491291398,0.402177748762816,0.0465000773701933,0.0735317953552234,0.0972166844029492,0.156528814736296,3597.4453816438,1,1
206,-2,-1.61935641703099,2.33298194487799,0.736077356175925,1.14603635822496,1.85296292280688,0.292799536445018,0.0494667572301963,0.0790087807273214,0.0960234964093774,0.155698316283242,3588.39655512018,1,1
207,-2,-1.90120398931666,2.2647887519357,0.85483083078783,1.06680778875476,1.88784119918646,0.364401914045919,0.0486325135454706,0.0760083719828829,0.0948769922925308,0.155766797298862,3543.80092897347,1,1
208,-2,-2.01652644494951,2.38103157182075,0.727290192533968,0.963757711916717,2.09036103019552,0.388643098274376,0.0465144822802754,0.0732252490888816,0.0971125339463259,0.157493012719991,3584.13943724098,1,1
209,-2,-2.1400174087762,2.36726820388191,0.64807064260468,0.96334996089712,1.94090178851563,0.429334227405216,0.0462308203924451,0.0747495864845844,0.100271260394196,0.165783208502307,3567.11179472993,1,1
210,-2,-1.75362716859658,2.43378148668746,0.65114231956379,1.23508147651153,1.59538837737476,0.346255804604741,0.0482902670837718,0.0763748565131557,0.0949414192031775,0.154284124341252,3665.5804570435,1,1
211,-2,-2.26592315349766,2.33741195749705,0.754645360625414,1.12563776747248,1.73270022593307,0.429783609859814,0.0485504415592785,0.0775407228815008,0.0958886851032651,0.156416260030076,3574.55265489312,1,1
212,-2,-1.5689842638188,2.34164013486136,0.718654367065833,1.14629113929828,1.88081605397743,0.285976208892552,0.0501972068977073,0.0793843888039315,0.0983797338732951,0.161462745440545,3577.06281106857,1,1
213,-2,-1.88202076901093,2.30955097249942,0.773781993581042,1.04896107791658,1.8180195558587,0.377120887392336,0.0483851103448525,0.0756545218525672,0.0983034673682366,0.162093391029898,3561.60010623209,1,1
214,-2,-2.84709529829449,2.2371145452925,0.888651522401532,1.11565700941888,1.68759279698637,0.54686038480687,0.05130387028959,0.0810739686622451,0.0976645220877943,0.155895942334591,3533.79226163144,1,1
215,-2,-2.40761452420626,2.32725611458826,0.751205968993443,1.09330238969114,1.78640739135736,0.459701017592707,0.0481972114384628,0.0766859481316276,0.094247969291793,0.152940137775335,3558.69073296819,1,1
216,-2,-1.573923135079,2.22643741862679,0.927013280589223,0.99784947871056,2.07399114373856,0.284691180575746,0.048871568022501,0.0751906356858422,0.0993191052533741,0.161009785017372,3546.09042079841,1,1
217,-2,-1.81859024920412,2.26495599914945,0.831619103267377,0.970001246570048,2.10473954976328,0.332085801545078,0.0496623071907322,0.0779486044982413,0.0981069409388193,0.156769197157977,3514.12092265863,1,1
218,-2,-1.88339771244078,2.34660522820443,0.760468738445028,0.922041582306521,2.19708699049646,0.338509491198503,0.0473871276204465,0.0757273225475673,0.100505236884124,0.163628921573161,3538.39661847001,1,1
219,-2,-1.8533456675099,2.35084161497791,0.789589780703273,1.17754344166609,1.71895201134174,0.372253343532935,0.0474219695878691,0.0765442145891598,0.0927336625886419,0.15585909780867,3606.86772555449,1,1
220,-2,-1.80532571070174,2.18260600242641,1.01417194193944,0.935858434816379,2.23766309468521,0.318239193279705,0.0532963916746322,0.0801691147379437,0.0999201874983756,0.163365517545963,3561.40732669355,1,1
221,-2,-1.50665128578125,2.35970659792951,0.724316078934849,0.916916056859812,2.23516300931495,0.286824351979897,0.0466489849229966,0.0750754843155883,0.0981416569752895,0.164117975492778,3554.15227929636,1,1
222,-2,-2.34424471264524,2.32768000576161,0.834613084761507,1.02313322350081,2.0000281236502,0.40598222987045,0.0485483465005545,0.0768885229692518,0.095416351276444,0.156501204527706,3535.16039134392,1,1
223,-2,-2.40172961579794,2.25833080944858,0.865319960178137,1.08372201858531,1.70662521402254,0.481357349081254,0.049699321960847,0.0768091826840876,0.0986495776230823,0.16212204092283,3561.00623995783,1,1
224,-2,-1.86457423868345,2.21182711594357,0.953937693283857,1.04494627068433,1.95158777938599,0.34267494410124,0.0495360010557112,0.0771865813054889,0.100849878306254,0.168562384249553,3506.79551229938,1,1
225,-2,-1.93367061549004,2.28513710231324,0.907899720264384,0.954813957985121,2.00942140088095,0.380234412057765,0.04677571536634,0.0742752247910606,0.099818279313745,0.160313878208827,3565.29321500178,1,1
226,-2,-2.18490099939637,2.2624631299703,0.878313501974017,0.936213363102341,2.16158124157561,0.392522524513468,0.0503796348184945,0.0779264568251149,0.0992511248596217,0.164884351443594,3514.88916833101,1,1
227,-2,-1.64147510235719,2.27172202937128,0.810081730676416,0.872393714543143,2.19181417326402,0.29361559698413,0.0465687548635923,0.0746414631549969,0.101320835768135,0.164858375943048,3514.82851069873,1,1
228,-2,-2.19938253898662,2.23983972816584,0.905050476072082,0.849779166456732,2.0231743127254,0.446408413041517,0.0466885289804349,0.0728267814832062,0.103218036833282,0.170202742415666,3523.65733261958,1,1
229,-2,-1.67712960288201,2.29293503660808,0.818674849508854,0.740563708736693,2.33026763983586,0.308487602681507,0.0454550546602604,0.0728339255338194,0.10729479246659,0.168303983702218,3542.535663184,1,1
230,-2,-2.52218562907832,2.28736953165411,0.847246602739385,0.970179615518577,2.07146524998803,0.453991061313789,0.0494683540014124,0.0801108614008037,0.0955072536231437,0.154939385399591,3509.62803362669,1,1
231,-2,-2.26483148790181,2.31711200311438,0.83002922219632,0.788962514972352,2.25404155396908,0.431599729557749,0.0452759476439275,0.0706462258913799,0.100321953534513,0.162680710634435,3508.38224805072,1,1
232,-2,-2.62636896750479,2.27454711139942,0.829355471200778,0.902772200744315,2.12732409935344,0.48803663256792,0.0494394157827732,0.0760929152907744,0.102500050729242,0.161790645420779,3536.82379773096,1,1
233,-2,-1.49573845304762,2.24568732477296,0.86449978259704,1.00096887119865,2.0843874993394,0.266799360861637,0.0514113897612336,0.0796410767199967,0.0977301438946645,0.155472347903193,3577.93246918082,1,1
234,-2,-1.42826520429421,2.3063153573131,0.795352973505989,0.845203985132273,2.35434266293225,0.258319248874697,0.0480972711898614,0.0769859153008704,0.10192480835672,0.164626911926656,3539.6804202183,1,1
235,-2,-2.19429928342433,2.30237985501151,0.873324540041079,0.994912052214888,1.96274600182013,0.398478893437317,0.0478351130020864,0.0752403968025789,0.0999127718638139,0.156793120658,3587.6792523067,1,1
236,-2,-1.5638996343422,2.35667791413662,0.7369837892539,0.970233498215887,1.9724961139028,0.310694140311462,0.0480168058979332,0.0748156901040965,0.10277151319871,0.173324629942225,3575.83523495661,1,1
237,-2,-2.48384926513033,2.28507951337712,0.822580614296491,0.994765396014295,1.88849861361055,0.478467440204787,0.0472818761556041,0.0741113273913965,0.0971952433452567,0.151863387878283,3570.54770395111,1,1
238,-2,-2.34309795456203,2.3002010897817,0.826413485227084,0.884826755539554,2.15572607936829,0.427290338364912,0.0474087138356973,0.0743729160064863,0.098069597027888,0.156489590280254,3511.7088981669,1,1
239,-2,-2.15876612973707,2.35539850307757,0.694653175208722,1.00369043966642,1.87686856885229,0.415716344925512,0.0481593978894402,0.0769474690405687,0.101063283037366,0.161112708844945,3568.79389077612,1,1
240,-2,-3.09957899845884,2.22177373820393,0.929958026593529,1.02722896426762,1.76402611256002,0.644212225660445,0.0478960889937119,0.0759948130872952,0.0961584915477526,0.158414955172776,3511.50274500144,1,1
241,-2,-2.4118144846848,2.28654268398122,0.82728027630015,0.950716604476603,2.00573592099532,0.437972598403932,0.0496658272302038,0.0781732774185461,0.0985381563127909,0.161341958545687,3506.43863731597,1,1
242,-2,-2.3661910729823,2.30088503739701,0.733385085742749,0.750189505571918,2.20001146433963,0.473375800884931,0.0483152470533039,0.075503437802779,0.104616556566011,0.165022805677334,3506.59326086764,1,1
243,-2,-3.2211459768888,2.31242300770631,0.698119154720426,1.08276869887943,1.79685592761324,0.63718762781052,0.0486281401583546,0.0778675598438182,0.091718771570749,0.152513243428757,3472.62413841622,1,1
244,-2,-2.09114661696279,2.30959047297523,0.823354488692597,0.794758489982046,2.23008546514394,0.398244163293863,0.0464062643498953,0.0722969835272007,0.102708983421312,0.167985366531296,3527.33583488841,1,1
245,-2,-1.98442463871991,2.25478163813653,0.88539849258574,0.960323873308825,2.04031348296163,0.365302707223723,0.0490611764939418,0.0765321643642656,0.0982997905044925,0.156355339552814,3550.31060300645,1,1
246,-2,-1.91893599722877,2.34990600254302,0.763253195219741,1.10907246323588,1.89455122397103,0.346133434169289,0.0489250952635212,0.0773409905836141,0.0987564213050286,0.158063107991105,3598.56086628746,1,1
247,-2,-1.89411898737341,2.30221112305958,0.848508713804637,1.02615802045123,1.96819523169297,0.346883211349871,0.0491079283652589,0.0775634699996172,0.0994450439038535,0.16263775688095,3552.99851096541,1,1
248,-2,-1.56598837757199,2.3275260508681,0.796803109375486,1.04691197407756,1.97933721532673,0.298721579361112,0.0483309449829522,0.0764405559449671,0.0980544778617498,0.16280177873901,3563.68401398382,1,1
249,-2,-1.70937570973115,2.33783247048062,0.793244155529352,0.937569304433686,2.13755131073755,0.317002973061201,0.0471205784602415,0.0736291655223291,0.103771078590434,0.168491036881392,3578.81732263677,1,1
250,-2,-2.15907578908144,2.30685482011947,0.819986625010542,0.998141857206411,1.99942993099807,0.392211411418357,0.0489319302242707,0.077238513126177,0.0991544583766116,0.156222669972291,3550.42895462847,1,1
251,-2,-1.78413395772051,2.26992402391706,0.843966059045197,0.968555470423782,2.08564926009595,0.318386057362169,0.049563564456871,0.0784149244764021,0.0995907406898194,0.160300499037845,3556.34694353638,1,1
252,-2,-2.09435663067045,2.30721976231652,0.861694368229887,1.05892112248916,1.9055092682621,0.397412462640088,0.0499763258140747,0.0775615735862469,0.098202765628136,0.158655862766728,3602.64173101834,1,1
253,-2,-2.12987691417229,2.3220980888155,0.729056688761357,1.09919544209608,1.84494435696695,0.391651035032675,0.0480543859361962,0.0771186793413466,0.099320181984315,0.165374813767435,3552.31306651379,1,1
254,-2,-1.53905291976791,2.20517007361987,0.996373096949292,1.05539101667856,2.03004117150094,0.277537735286499,0.0508017172800541,0.0763290594863271,0.0994404124788536,0.164918657074033,3531.84043703788,1,1
255,-2,-1.58713095995262,2.41227352001802,0.677575238053727,0.904516033451135,2.19817518538503,0.280745319510383,0.0471102086031723,0.0731787786226902,0.102082186251075,0.166880050718027,3575.07883806118,1,1
256,-2,-1.58091540494042,2.2583557730106,0.905253052468181,0.751868827893456,2.40254091158783,0.29546803095792,0.0482999850610281,0.0754137810273679,0.107481659693184,0.173741379186849,3543.7710437188,1,1
257,-2,-1.66597867322046,2.32753619662994,0.728125042403014,1.00607167648516,1.98651566592311,0.307579310261593,0.0486725560921517,0.0764667907646382,0.0999318430904006,0.165120434295492,3548.88093972846,1,1
258,-2,-2.4175657913234,2.2824382125304,0.806547467119069,0.871141791307722,2.19219367072518,0.433475217060103,0.0488258806713437,0.0776183143801507,0.09973255011645,0.163276227702984,3471.64634742417,1,1
259,-2,-2.26816204156732,2.31651293433733,0.764114255720382,1.03141635656728,1.87144718370863,0.433623940200155,0.0486012881950568,0.0765433775680358,0.096911190716497,0.163343910070462,3504.06189319378,1,1
260,-2,-2.46929798403861,2.32843274029948,0.811408286141507,1.08611440143958,1.94588012261173,0.445548172002169,0.0496099254137146,0.076040879478483,0.0941080198872769,0.153257283498684,3570.41232828751,1,1
261,-2,-1.27448510693044,2.2661273001568,0.888518167392667,1.05941237509642,2.03495093448505,0.245778492862656,0.0500227765994747,0.0779191396301273,0.0981238198617938,0.166992328697364,3563.50318587633,1,1
262,-2,-1.84390508609242,2.31668521690808,0.812812273280681,1.04454311922124,1.95575504351896,0.338473856025725,0.0483588796072435,0.0735946413380855,0.0990106239826921,0.159931973302879,3611.50723750084,1,1
263,-2,-1.53035914463272,2.33631867425524,0.771580275310543,0.885302371693306,2.4467954634613,0.263609732056473,0.0495313122910951,0.0806089823815498,0.100621836518695,0.166768123324801,3527.49451133647,1,1
264,-2,-1.88116680438729,2.25652516580103,0.826149703800992,1.03580364287457,1.82286660298547,0.385358117640985,0.0487952876441566,0.0782281650311612,0.0995689953068225,0.165268193489442,3510.03224985284,1,1
265,-2,-2.4602179779405,2.2778139423187,0.834032513331197,1.05602917872224,1.84738125030437,0.47346703385845,0.0475661349248455,0.0758106138860807,0.0967761104879806,0.155756987077389,3530.81451572255,1,1
266,-2,-1.84696180348512,2.33367356870289,0.757442691787163,1.0180977270099,2.07553843357672,0.32016179323109,0.0479757046865797,0.0748940189391339,0.09713313997309,0.158157337926515,3530.27590220562,1,1
267,-2,-2.39119386813233,2.37275933951342,0.717843809766672,0.951529693126754,1.97981944413691,0.445847656005936,0.0467274199466679,0.0731819371443578,0.0988823777236141,0.156913922125862,3584.11010554226,1,1
268,-2,-2.38629509250587,2.3808251455753,0.669646467942196,1.0746559922673,1.84555397972602,0.440043761081525,0.0478464105778144,0.0772953532575299,0.0973383898106123,0.153692618978267,3594.5056660057,1,1
269,-2,-1.84045849026135,2.25898336385078,0.900374446193397,1.05141202837848,1.88073533354422,0.341280707271917,0.0495675720661163,0.0784954583796751,0.0989542593358531,0.157867609818281,3582.13155494907,1,1
270,-2,-2.19546760426663,2.31589583050394,0.759305023704492,0.855172909271355,2.21152232296381,0.416768512817449,0.046361042488452,0.0733775157052059,0.0998804936828259,0.164877826117334,3488.23078783313,1,1
271,-2,-2.0800828693838,2.25750502922441,0.864145573682112,0.971149276549788,2.0503981080881,0.392323223331779,0.0505702482225031,0.0779580064417919,0.0992024965849064,0.160675045970012,3548.22391253148,1,1
272,-2,-1.95915572552336,2.27878987439754,0.852773466750748,1.06510209990807,1.8510153832423,0.38666764186065,0.0484718977302495,0.0769602337379462,0.0968963652192494,0.155911006670648,3577.74686996848,1,1
273,-2,-2.09624299950161,2.33088020064118,0.720008659942897,1.0440072691955,1.91196148681728,0.389030918335442,0.0510415334251424,0.0801041719155383,0.098626556571554,0.160296042697338,3575.11865792848,1,1
274,-2,-2.28773517697395,2.36336202986667,0.66784512761703,0.993807018736441,2.0438210093075,0.404949134337122,0.0483347714426414,0.0762265454826196,0.0982403316859541,0.161575788981635,3522.73436734263,1,1
275,-2,-2.51123362351999,2.27446304267134,0.872855601982855,1.20377625852885,1.63413268212985,0.484789368331346,0.0506829414546011,0.0795825784490756,0.0904134492252876,0.145674385889595,3572.53094368053,1,1
276,-2,-2.23729119272892,2.26996231386553,0.835595658582355,1.05299159941048,1.94429294414204,0.404774931041995,0.0510587954232854,0.0777089038697085,0.0950253250725379,0.156255816922485,3522.76677980795,1,1
277,-2,-1.71335908548532,2.38964920246875,0.626231687108269,0.803289439882779,2.27216317656856,0.330241171214853,0.0445729818676973,0.0727878643440358,0.10181238619216,0.164649798374694,3543.89545286209,1,1
278,-2,-2.01267039952554,2.22644138016492,0.886029973836943,0.885105823619406,2.09310528121396,0.379465201795947,0.04715084196698,0.074793126340919,0.102109325660462,0.167205181037193,3481.78389146008,1,1
279,-2,-1.7072919678501,2.26062982769439,0.828350784656699,0.742974626879743,2.38219374779287,0.313982733562017,0.0485221914497909,0.0746628890621766,0.106358789127957,0.170387380554606,3512.65938646453,1,1
280,-2,-1.50915412320508,2.3513659938489,0.701670653942869,1.1227448039769,1.85489670266954,0.274278436632935,0.0486038140063074,0.0798476760392799,0.0988671487269262,0.158726382324928,3585.06031611405,1,1
281,-2,-1.95494398392785,2.3272335660532,0.788263330501344,0.981384251988423,2.03452163581295,0.354318537779833,0.0476363578851161,0.0748781959318218,0.0995981553837691,0.160389623141716,3568.29357494843,1,1
282,-2,-2.19167783756693,2.33718893554997,0.759604442374084,0.880730709587366,2.08382455605979,0.428438975214167,0.0457303539612701,0.0720690742474371,0.0975092681202152,0.161218728676887,3543.12723046015,1,1
283,-2,-2.61449369789855,2.19078364824449,0.978782769721581,0.977417050525406,1.93977155780728,0.506981736468821,0.0487894399580776,0.0759918795556809,0.0946252306290825,0.151470212659499,3538.94947572476,1,1
284,-2,-2.88304059445458,2.32100584844716,0.69651837138188,0.844096250579035,2.04331141365524,0.584132148717896,0.0469879871665572,0.0729339424047309,0.0982641630384679,0.158294780537097,3494.3886220242,1,1
285,-2,-2.17791818292787,2.25118706805553,0.906952630497715,0.859196662321908,2.09976647661027,0.442458101589885,0.0477272873034241,0.0751661826150206,0.10105081219297,0.165694000419181,3531.24839285862,1,1
286,-2,-2.03630732230799,2.25793856136337,0.914009313630817,0.999115237616993,1.85474241546455,0.409700423357712,0.0468805381328606,0.0750806793900833,0.101693940916079,0.16234296073545,3581.04484832298,1,1
287,-2,-2.3780955947869,2.27048918045874,0.857175679176592,1.00683261957815,1.99752180679926,0.434813353755368,0.0481889454749057,0.0751782656231436,0.0972905681593105,0.158173624360421,3541.61184043251,1,1
288,-2,-1.97625113655415,2.32675169294796,0.707371554469549,0.902588704278508,2.12408849611619,0.352475275118446,0.0475158273695484,0.0757664299013529,0.100086840932701,0.158966480773275,3521.65045397876,1,1
289,-2,-1.40693172433795,2.26098856615838,0.891078627348655,0.979549551450142,2.20763035676769,0.252175081546092,0.0498185999746598,0.0783275336362306,0.097868304878648,0.164238316251692,3514.2815317454,1,1
290,-2,-1.98662880030479,2.3224982812903,0.807359647250126,0.952846781422445,2.08795598545557,0.361832216303995,0.0496422039898925,0.0755253550567508,0.101705522495524,0.163199170044295,3569.82597286151,1,1
291,-2,-3.29240112952427,2.39385328054726,0.669585639444954,1.16943469956863,1.68769304002141,0.673587595830508,0.0483532549180594,0.0759903475071803,0.0915439686957044,0.146439400988838,3597.3982871939,1,1
292,-2,-1.92975173606934,2.22059594412163,0.952993169847976,0.969666978434342,2.04677229975119,0.342360704444564,0.0496716913702225,0.0778320446669842,0.0993525278677568,0.160982322096298,3530.46166337503,1,1
293,-2,-2.1190585542978,2.27026446236246,0.85369748028986,0.964289881358488,1.96274062293984,0.412431542204046,0.0485015501970176,0.0749439351191567,0.100539340626294,0.167200314535167,3530.23052342668,1,1
294,-2,-1.61589799109014,2.36390613516962,0.716013488800912,1.02487584699882,1.98847250079622,0.290879288301252,0.0468537829184528,0.0741240304927432,0.0989926729784338,0.159776078553717,3584.98071631618,1,1
295,-2,-1.7148811971205,2.30265871034247,0.853926891920176,0.977551684241927,2.09856454473376,0.318525578300237,0.0485777512081417,0.0760605899980005,0.098332737780335,0.161970371532678,3570.83033744521,1,1
296,-2,-1.72764166785593,2.39139595196943,0.715189746444403,1.00142257650885,2.03513082610763,0.313486642827663,0.0476558566173732,0.074781723924822,0.0979259538226437,0.156760812337907,3595.10310572661,1,1
297,-2,-1.57181914843685,2.30435214107584,0.761100433839113,1.08279450260159,1.95295792012432,0.278533196476074,0.0488522232207982,0.0784004369089266,0.098168981096202,0.159730857717031,3558.00572409239,1,1
298,-2,-2.3039643100989,2.25656499511553,0.923594818188947,0.837728137795813,2.23968233204256,0.412937310722858,0.0475488723404761,0.0748684727700105,0.102679102469809,0.164707638567633,3514.80604706106,1,1
299,-2,-2.42175868871735,2.36069582955031,0.743895378484806,1.14481896355682,1.73156340699804,0.456385865666644,0.0491442583055599,0.077683639545298,0.0954058670342483,0.158338617088629,3578.08819563102,1,1
300,-2,-1.82408850629913,2.31033120417415,0.882390443885433,0.899550483479135,2.17181258090197,0.331139749530183,0.047013552589385,0.0731403786275468,0.102168020713113,0.163029805527995,3596.88353974546,1,1
301,-2,-1.42156185926651,2.32323064783655,0.760402946330941,1.17522283565562,1.8739912177361,0.246782368642448,0.0510727310939819,0.0784189057064803,0.0976745332105683,0.162485668623885,3574.9019177772,1,1
302,-2,-1.74840248045018,2.2386051641699,0.860048351904183,1.03430335718641,2.01895776568281,0.305351083082803,0.0506119566289469,0.0787705304459355,0.0986757972433235,0.162172761561134,3520.44579497267,1,1
303,-2,-2.11450262401991,2.3639037122397,0.733419958498034,1.12363935089542,1.90213771390877,0.355917322142015,0.051096266168614,0.0790819711733211,0.0970683237956371,0.158349749123541,3573.85043046941,1,1
304,-2,-2.49560041285869,2.29364686401038,0.787679368341412,0.921338952157192,1.91989591362814,0.508718733518217,0.0478555134335394,0.0754212726974354,0.100170939552829,0.163983174935034,3512.64167195284,1,1
305,-2,-2.07139184973966,2.31177791963636,0.796027029525738,1.05043837023308,1.94202730150995,0.376019532125153,0.0493061944427177,0.0754279813938738,0.0968052645484004,0.156402473734784,3557.77751697856,1,1
306,-2,-1.74979328488653,2.28791832912441,0.897815705492449,0.854831306390763,2.28583215501807,0.327439949888189,0.0469252044557573,0.0747655792090789,0.0986792211309817,0.1678314989012,3518.68080309317,1,1
307,-2,-2.28316595808382,2.4164091381958,0.651130597334994,1.08212820080892,1.88650410348523,0.407707167598976,0.048679951980902,0.0779245840674381,0.100071192787965,0.168223915145148,3564.85772543975,1,1
308,-2,-1.76769637980832,2.24425794604179,0.857563208190017,0.961788367277336,2.13109356967483,0.319303349216406,0.0498593729055875,0.078909715273432,0.0968143706100642,0.15935251848178,3509.82110440367,1,1
309,-2,-2.07699643366357,2.32271132417071,0.795679134986149,0.979665111695096,2.02250563844065,0.389733925386846,0.0466590120272529,0.0738280958455588,0.0987370773484262,0.160649120217737,3540.94377222715,1,1
310,-2,-1.94910308801775,2.35488772766677,0.736427831974056,0.927719479247733,2.10469255237737,0.369114083794057,0.045085585367157,0.0727091211118746,0.0946646041257752,0.161221089243571,3504.67633850072,1,1
311,-2,-1.85090050867644,2.32734549774028,0.798918931290574,1.00191726476137,2.05075295267037,0.330165863116878,0.0484676329743251,0.0771610491516962,0.0980160668890531,0.1567402808867,3582.39890168246,1,1
312,-2,-2.98297019748827,2.23245060757478,0.909680640377996,0.959429381883535,2.06087644535616,0.552925639350701,0.0492132731762561,0.0772164157339671,0.0933838034854913,0.152009494942318,3462.58285700678,1,1
313,-2,-2.5968788547963,2.35765720445062,0.740551694415928,1.09795669481428,1.81048652531233,0.494487079000514,0.0479890135867896,0.0768783451655369,0.0937196775008416,0.152678279926114,3572.02611547868,1,1
314,-2,-1.9387823853738,2.27860375310832,0.824895761532826,0.949523899358409,2.21646714088069,0.349148226668393,0.0503202195737614,0.0792041468428972,0.0986290990257193,0.165893236843946,3496.27973269184,1,1
315,-2,-1.73559060596093,2.29006853104176,0.838050123937493,0.973213215090165,2.10077444886888,0.317563472522709,0.0490357361189813,0.0780405910660706,0.0990061027656108,0.161848803556816,3549.32456464382,1,1
316,-2,-2.03795531620725,2.37267416902626,0.675958404271123,0.9957706862036,2.04807196493647,0.351495865509172,0.0500846761963073,0.0792993433062868,0.101546571299531,0.163968969242053,3514.14614319153,1,1
317,-2,-1.99157067721379,2.31385843632124,0.840249967962898,0.957676077908156,2.17684132869426,0.353587162932774,0.0479694733465935,0.0748901709441935,0.100572891922032,0.169676001482811,3527.17145256969,1,1
318,-2,-2.1002658485863,2.26961722676585,0.832030375270169,0.889422416874639,2.23244180222147,0.374095450276367,0.0494404656274199,0.0786199447504803,0.101893382121731,0.163677400483946,3497.62159438686,1,1
319,-2,-1.32668139573646,2.32115947937377,0.757860805087444,0.928215812258989,2.25878722771714,0.231213055659624,0.0491000321451735,0.0773896340698919,0.105485183822509,0.171196797984492,3562.9652961811,1,1
320,-2,-1.60199733806248,2.28181417486584,0.839557537602675,1.11795860616069,1.98290850991897,0.292818611367447,0.051355586772835,0.0772035926467362,0.0979136975133207,0.168264715608004,3563.01921083983,1,1
321,-2,-2.04424787080678,2.35985408504642,0.713542974382629,0.971905180394494,2.12418231020246,0.359955936970543,0.0484168324558956,0.0756902825493171,0.0980765860330257,0.16033258154313,3528.68458634423,1,1
322,-2,-1.97947209479639,2.24035861841473,0.825328117949261,0.945795606198236,2.06489413213794,0.35689637245786,0.0489240146049806,0.0760306141495857,0.100281632762146,0.164395032575146,3476.20065991654,1,1
323,-2,-2.01871300037632,2.28416720825049,0.832696831550864,1.02622158646928,1.95928382655992,0.363204116731481,0.0498040152756611,0.076658733694513,0.0995470624289658,0.161139942882985,3549.30653363742,1,1
324,-2,-1.93528717351527,2.37763329263805,0.712753035667599,1.05516030962101,1.90082129683304,0.361008860913713,0.0476061185031891,0.0749812222956866,0.095784491036583,0.159457983379222,3574.38109594216,1,1
325,-2,-1.69770601625679,2.30835242257989,0.827810981673778,0.941540841995022,2.22015558966251,0.277384436238236,0.0508745374135243,0.0815013409608834,0.101634272269319,0.161648367248853,3542.41646068145,1,1
326,-2,-1.88748629534577,2.23605131526191,0.843599317454017,0.962464459214359,2.06793826996671,0.337976967574365,0.0509530708365438,0.0811349637637452,0.100793287939878,0.161072351294583,3520.98478914849,1,1
327,-2,-1.82446610511968,2.30121169697291,0.799886647921614,0.963499161503021,2.12415504024129,0.316864582522582,0.0479854397184681,0.076719849053852,0.101898268136301,0.166567939115797,3540.45716262481,1,1
328,-2,-2.24187568593658,2.37003873377991,0.72653530223381,0.881466697104796,2.10371324260882,0.402261026798396,0.0463132443499251,0.0732069595165107,0.103691910465646,0.162076685814446,3575.18050913383,1,1
329,-2,-2.49012868369379,2.37710727868309,0.703412427085036,1.01796033796228,1.86832510336312,0.489045303029953,0.0462790955286846,0.0741719492344306,0.0949150731405612,0.152760815648961,3570.8882362586,1,1
330,-2,-1.88616918777596,2.40720457973585,0.690593232942696,1.13593625394673,1.96646767709424,0.312046412932198,0.0504411739878366,0.0798686210280508,0.0979805065876583,0.161688902035506,3583.27798005111,1,1
331,-2,-1.50710603652991,2.2767317667147,0.809242199171044,0.863779972547977,2.255028736254,0.29770370108339,0.0481624924206785,0.075552370142892,0.100912451590211,0.16720568968537,3533.54373031462,1,1
332,-2,-2.78762046856756,2.30597595885099,0.855159704768868,0.995642862707057,1.90787349890904,0.556512425614359,0.048397533056513,0.0769288739897695,0.0970635207953153,0.157458139144958,3573.11591469208,1,1
333,-2,-1.45454995155525,2.36185868771305,0.748453544031211,1.02900223331878,2.01897235168617,0.272818778295269,0.047751401938016,0.0752365994414334,0.10075084505373,0.16817879826386,3575.13246565571,1,1
334,-2,-1.66508266162733,2.33120527544054,0.737868713764629,1.0057716880747,2.07468429589533,0.295289713692245,0.0493501712712479,0.0774411605668449,0.0972754309316401,0.156093121199059,3564.20227601958,1,1
335,-2,-1.9129440323537,2.31025521672006,0.823453866440066,0.997401925859897,2.03635902445167,0.340051644536432,0.0471681035562118,0.0748659147587389,0.0992530615696633,0.162844917371031,3524.88387578271,1,1
336,-2,-2.60305326942824,2.30126013737614,0.840779073226752,0.818449860377294,2.18231304541886,0.520157063525416,0.0457031147622817,0.070707943853051,0.0997088499933456,0.161195106710318,3526.7270932609,1,1
337,-2,-2.01685601710105,2.23654558013998,0.81067366880652,0.906542101203277,2.09939962952565,0.363794592750281,0.048851865419921,0.0756871085759055,0.100309888366186,0.161731614351153,3469.06404300254,1,1
338,-2,-2.16390910576945,2.35540505388079,0.733910217729549,0.997624309624752,2.12576238722617,0.378388587901238,0.0491944204857421,0.0779444970640368,0.0959824940725002,0.152062384911894,3580.0758787886,1,1
339,-2,-2.10145982731012,2.23975853524696,0.920044073990253,0.787280728075145,2.26240412564402,0.394058022768017,0.0457115854501541,0.0710122981644445,0.101544280298147,0.166646502769642,3495.39934732352,1,1
340,-2,-2.40159365602797,2.30076849299574,0.769435926332826,0.99891242443693,1.91475130002307,0.423721559983633,0.0476538426187632,0.0770832620292935,0.0968987205363397,0.155787703325556,3512.74964531127,1,1
341,-2,-2.18702076881302,2.28656192902549,0.825122354555678,1.0446540932635,1.87544664962431,0.428990377966431,0.0485285329707091,0.0754982552683091,0.096688155402046,0.155346422398516,3573.79692753085,1,1
342,-2,-2.56688570008813,2.28446965884531,0.807727337811687,1.11340998408225,1.72281188678311,0.507209392304319,0.0496148881123887,0.0780948441040561,0.096139416317699,0.159125606207614,3548.13573437017,1,1
343,-2,-1.59613887189675,2.24641506346248,0.888737357872626,1.05191781109914,1.84394129724064,0.30349609253165,0.0511654045239074,0.0788851726109663,0.098405015925607,0.157402727852456,3583.63505412519,1,1
344,-2,-1.6301943431588,2.30188018457073,0.787823048122676,0.868649021125135,2.28495423565814,0.279748190280215,0.0471011025479636,0.0750769470276287,0.104375230987433,0.170327372919987,3512.23658310061,1,1
345,-2,-1.94517800616333,2.27751269786839,0.875005628425951,0.901639451630844,2.09362311171106,0.362869930605338,0.0469258526496402,0.0748124797058245,0.100909100423193,0.16499596310007,3519.81922343618,1,1
346,-2,-2.44763760509627,2.30301293801353,0.738632315923074,1.00290473140083,1.93698699400724,0.446341106555252,0.0489846233345785,0.0764079357315262,0.0943628622958361,0.15361791600318,3503.92386622124,1,1
347,-2,-2.12539197428397,2.22674736522386,0.916945503237399,1.26250948619527,1.62840192660322,0.374216426206132,0.0525542825507433,0.0833378157810131,0.0927177483272593,0.149121073083287,3542.60245166611,1,1
348,-2,-1.94937366375043,2.35429387829618,0.679632871250218,1.06364176278657,1.99904409373533,0.332449143887094,0.0481114169255635,0.0783045667147986,0.096595573404625,0.156765362875634,3519.24142007823,1,1
349,-2,-2.65918286508332,2.3108389869052,0.82017690337756,1.04285719781074,1.77894720458732,0.521045927224933,0.0467347144226419,0.074601741643488,0.0972544954189876,0.15614048403326,3555.72166001814,1,1
350,-2,-2.68369028791934,2.36441753112116,0.731763873852657,1.08294564400662,1.77406976235868,0.525210052193836,0.0470145770715484,0.0763107362101051,0.0947343446200248,0.151494109943519,3561.63747298391,1,1
351,-2,-1.75857129685816,2.33804312043,0.718177745040523,0.838654205060283,2.22902663105817,0.331762337416371,0.0472842683899801,0.0749798224337089,0.103081281826016,0.166117369462329,3514.8500466,1,1
352,-2,-1.74496127127272,2.2276198639903,0.889702218008675,1.1466375304838,1.80215526270492,0.323551854205819,0.0495189967109335,0.0774054002465375,0.0981683489577502,0.162999188088864,3514.93367988254,1,1
353,-2,-2.20251258625699,2.24872905587142,0.844032128650726,0.926761057817412,2.02359885546348,0.410768811051799,0.0492802969197328,0.0757771361152631,0.101513221556263,0.164701862010417,3483.15425315826,1,1
354,-2,-1.63660297712162,2.29220048105793,0.822465875264454,0.950491947642679,2.06535560688909,0.295354881966207,0.0490213080870486,0.0754232373584873,0.102173737284757,0.166222399450415,3557.36789952129,1,1
355,-2,-2.10736389413918,2.31444096446119,0.675886282580357,1.00895928543563,1.86519007027457,0.420479386492924,0.0475946905725118,0.0755855604263251,0.0974180594439482,0.158594019835464,3534.30514583445,1,1
356,-2,-2.86084951131961,2.31136321841215,0.7729753025,0.952817044608665,1.97211532543583,0.549294196858895,0.0471197178430849,0.0736170697625369,0.0952811686641219,0.153471052346215,3535.21350337563,1,1
357,-2,-1.61128269369332,2.34342503432413,0.733638002072216,1.04116537348081,1.93599508926634,0.311145923903828,0.0480966533976868,0.0763412149800728,0.0979047013189039,0.157157169478274,3573.75824992125,1,1
358,-2,-2.46320972998945,2.38234789500785,0.662059580325036,1.1330610855294,1.68541215371569,0.499488607306986,0.0492612879269342,0.077479656967393,0.0929620991578452,0.150290657695519,3599.54788595579,1,1
359,-2,-2.77238205754558,2.34091488958531,0.763911152464924,0.94051809328879,2.01251052396419,0.538819318512876,0.047813071424052,0.0744626241298505,0.0990942277111179,0.162348247883827,3527.53931487028,1,1
360,-2,-1.70080399575097,2.23721484111352,0.950188121819333,1.058596053776,2.03039505581533,0.286567735933307,0.0521618194252815,0.0795555051820268,0.101647546458041,0.163450950596067,3551.05737239504,1,1
361,-2,-2.34711170577767,2.32235624008971,0.805626095202492,0.981434722854973,1.90596494017929,0.431802965276852,0.047182901334272,0.0744702925533145,0.101454835850942,0.160958775774721,3541.5703563663,1,1
362,-2,-2.52051859383878,2.19861397363546,0.9187602126361,1.06303853867961,1.80867140971202,0.473980352274414,0.0508691924683115,0.0793578026207771,0.094475905499649,0.151803079151851,3507.88825178969,1,1
363,-2,-1.85456278410395,2.38637576034619,0.650291892961145,1.19603645438962,1.85896669057049,0.310558708895738,0.0496618589926677,0.0790396413648279,0.0959814640319184,0.154883187418687,3586.869690537,1,1
364,-2,-1.84684887967767,2.30941046440234,0.766000394152931,0.911051295919802,2.0627520278455,0.354638555712913,0.0489295158539714,0.0772348936523247,0.102590042163672,0.169055610752133,3525.97378972391,1,1
365,-2,-1.88143750732689,2.26109603103298,0.882530878470464,1.28396941461484,1.63220692006737,0.351205020390523,0.0516599021601329,0.0811697646379188,0.0930624989612047,0.152488575357867,3580.53790267758,1,1
366,-2,-2.16257816312974,2.27640610652546,0.804106998990139,1.02428277900649,2.06610095199528,0.37191021385628,0.0496320022761925,0.0776786801458589,0.0969062339649905,0.161073416322337,3485.75018974611,1,1
367,-2,-1.85932122468319,2.19552514884989,0.914709826883126,1.06030800230753,1.84599272963854,0.355093593820313,0.0499581598039531,0.078049526397004,0.0979342321041538,0.16087652581025,3516.39776211552,1,1
368,-2,-1.78008543718386,2.35514558646486,0.731221090974444,1.14987309500682,1.79979787215415,0.317934647961157,0.0488615063396837,0.0791692374329712,0.0972217469420583,0.156833860500469,3591.04082753679,1,1
369,-2,-2.2940367793963,2.32040011705688,0.672538282860727,1.05459206436018,1.99558069238492,0.406434029037654,0.050169567774495,0.079110035378834,0.0964973047531613,0.156980130305688,3476.1671938259,1,1
370,-2,-2.21404331310315,2.28898615384294,0.793565689539089,0.985244379587876,1.97216634081473,0.407596078684048,0.0491175118282412,0.0761310722905827,0.0993735868694097,0.15933963063235,3536.75724800805,1,1
371,-2,-1.90433185726377,2.43612502234088,0.649039972497157,0.996158136705822,2.08971377593777,0.352281572467632,0.0468370868822605,0.0742930238547445,0.100321641242338,0.16126582757202,3641.11649007995,1,1
372,-2,-2.44192210579325,2.27919987086568,0.906723281059771,1.07909415133151,1.84853022690653,0.459324878101017,0.0497484983610679,0.0769549065669154,0.0952211478225135,0.15717385172569,3551.93428618915,1,1
373,-2,-2.07067945398524,2.28421507050362,0.825506084171748,0.951547929779796,2.07356556597095,0.368369554179722,0.0476972870457277,0.0743207672374315,0.100852405364021,0.161411794546176,3525.19111457498,1,1
374,-2,-1.96696578810403,2.28226738050003,0.812163643188947,0.743031504269464,2.36257878982176,0.376033593833005,0.0470511141210778,0.073699734189902,0.102811862716964,0.162695458918536,3531.16464555047,1,1
375,-2,-2.01439403550734,2.26301624277378,0.804886092208448,0.932850965390649,2.02764851861113,0.365344903607765,0.048615975965364,0.0757079598962514,0.0981555341047392,0.156144138763849,3533.87471522931,1,1
376,-2,-1.55907125911264,2.33442614801286,0.701956660838446,1.02004925483195,1.98364842615339,0.285334602803894,0.0498406504571092,0.078670539528085,0.102730542469496,0.167143368280255,3552.59296404628,1,1
377,-2,-1.92729556637019,2.3723995849798,0.748371585047196,1.0031304345871,1.92795153384519,0.367760287402172,0.0472631344687949,0.0733168375314916,0.0990269658517661,0.158506774160095,3605.93612842749,1,1
378,-2,-2.55228094633977,2.28593363507469,0.809394281571469,0.935180541888435,1.99615238788426,0.498702449976843,0.0488060385530346,0.0766695719343663,0.10110951874528,0.162703426029268,3509.83962773995,1,1
379,-2,-2.07293869778341,2.37740645351601,0.601888387485535,0.912684580191402,2.14288546174304,0.367607875220331,0.0447189806309762,0.0747675731909014,0.0987576081396771,0.161039643101041,3494.4266887232,1,1
380,-2,-1.94664965112919,2.25999645181122,0.790046666392939,0.971621373709135,2.04050429969358,0.358818334690308,0.048195886575084,0.0761116376603857,0.097450808992006,0.155582574998428,3513.38086519032,1,1
381,-2,-2.15575821391484,2.3830794647339,0.644654578748968,0.838868380316611,2.24421041096344,0.378614504789935,0.046176064327123,0.0763303899552523,0.106305911347398,0.167774180128994,3505.85111570161,1,1
382,-2,-1.72740414968409,2.32071899472277,0.80797310871842,1.07680402632999,1.9924500464357,0.310488945808509,0.0485229316826679,0.0776719095091336,0.0981770303762375,0.158729561488213,3568.2095361215,1,1
383,-2,-1.78201830305045,2.37437393036739,0.674950440683713,0.800520574712686,2.26780607578167,0.322863741444972,0.0463245850614794,0.0724757164035763,0.104349796658389,0.164472147172103,3542.68817139939,1,1
384,-2,-1.81157205374174,2.28790899619734,0.784283617509875,0.893068177923574,2.14678674621207,0.321824081415927,0.0475439632028349,0.075559772734534,0.101054394819472,0.165513842230406,3492.2828811044,1,1
385,-2,-2.68463583936642,2.22007057116419,1.01146173086436,0.968066192707249,1.92578503033815,0.547265845354696,0.0486607591201495,0.0745537841393306,0.0965526874892693,0.155423907127277,3534.42664497166,1,1
386,-2,-2.08210034570247,2.29551312582481,0.755876330152816,0.89441122086347,2.15681358326396,0.36690001947064,0.0476275591155265,0.0766293248636656,0.101302737206201,0.163270632239858,3482.02749347293,1,1
387,-2,-1.87171069387314,2.30532876431828,0.765783863554842,0.993212936517221,1.95518341331,0.358390495849976,0.048748348359046,0.0750747175972177,0.100958048134573,0.168015962103337,3547.76359927711,1,1
388,-2,-2.45328121960511,2.35886375261734,0.667912210582845,0.934059416903833,2.06968195755026,0.460454276384597,0.0472575065142587,0.0748733734990021,0.0990270686853962,0.166174706052211,3516.38097894561,1,1
389,-2,-1.88483657231763,2.29457381863105,0.824721716890635,0.938525152410839,2.02857417788003,0.354976738728692,0.0501844284215677,0.0781811306792411,0.100938689525803,0.161808475164111,3546.1420744489,1,1
390,-2,-1.70381325613924,2.26572195331649,0.833363766524627,1.13896106889036,1.77192942428555,0.326032494837377,0.0494765980714074,0.0763042311310869,0.0963908487027689,0.159919201914453,3577.15709281546,1,1
391,-2,-1.78317453461066,2.12796720852921,0.983682558736577,1.00667656356258,1.93722315339909,0.320517035449578,0.0520912290633484,0.0805918171167177,0.0963572785380696,0.155645905481654,3489.76671938967,1,1
392,-2,-1.83507218951371,2.27048927679541,0.831525933481924,0.902693998473554,2.06491931382572,0.350119517328447,0.0479931973181402,0.0771642594645155,0.103510377661291,0.164158918332629,3532.47426286093,1,1
393,-2,-2.21825033494238,2.27993779671659,0.786518194352141,0.920557710920067,1.95147627918281,0.42970674293111,0.0481559327336316,0.0757806762653571,0.099445414739754,0.159694289755757,3525.94212506807,1,1
394,-2,-1.64084303767865,2.31489462303059,0.815162022569535,1.00085186600751,1.9701244873325,0.307848764923059,0.0485449924837453,0.0754212087252015,0.102497508056971,0.164881773170476,3592.77181352636,1,1
395,-2,-2.33095257542039,2.3528927903662,0.716475644504577,0.959909869576032,1.90290572325382,0.452993003058758,0.0481737453860663,0.0757133108643171,0.101304904979098,0.161358804837537,3538.08507687469,1,1
396,-2,-1.94256794202026,2.32139702767385,0.749121651624163,0.881618281115306,2.14774726506524,0.364210230163703,0.0461992466603144,0.0748435075389184,0.103900174667156,0.167696495953304,3559.90954920955,1,1
397,-2,-1.58803199079023,2.24355818135444,0.951881350891719,1.18837533891501,1.77977097781392,0.293326890505896,0.0517898407491374,0.0801376124042444,0.0976128807653593,0.159666860056163,3603.85407312858,1,1
398,-2,-1.69504794177751,2.37774446368783,0.713205319482914,0.918119895297151,2.15733399796061,0.307745434013603,0.0493589538779266,0.0772321947913602,0.104382999059758,0.165664105507742,3593.40308458896,1,1
399,-2,-1.96215674612705,2.24069599575372,0.87771655435587,1.0845531067642,1.99894608924072,0.331122026619668,0.0523743191993851,0.0809647963077085,0.0970327739920434,0.157735683876737,3509.57867969615,1,1
400,-2,-1.96742324761421,2.28600713843559,0.834475317389444,0.798809517331018,2.31333078824758,0.36012317705125,0.0465291306534995,0.073452078471204,0.102139209276434,0.165586491008352,3524.30207455693,1,1
401,-2,-2.30094527725979,2.34142605022397,0.763279134474143,1.02121688878402,1.92728708294688,0.451791093160316,0.0465072244262687,0.074698911634215,0.0966418847149621,0.159796230585556,3540.00384883948,1,1
402,-2,-2.25253112333474,2.28020978484208,0.805230130278156,0.965153530749759,2.09366292842558,0.41001867999755,0.0503823930510325,0.0791291709186914,0.0976511125635781,0.163337026805575,3487.51229498547,1,1
403,-2,-1.78353570247445,2.44263641068998,0.557915095983294,0.948144832369386,2.12483338229086,0.330764080505613,0.0483684017589335,0.0780354406846784,0.100450457187753,0.162211690752875,3576.95508258461,1,1
404,-2,-2.04934509491622,2.2850152882034,0.818116002356092,0.941281398825109,2.08626908702254,0.380405505350734,0.0492773725592335,0.0772886196088154,0.0989030366114162,0.161783220853791,3530.69821082319,1,1
405,-2,-1.75044068459526,2.27455147955178,0.856207577984387,0.882814439598675,2.1665399819569,0.324259716765938,0.0469046013366411,0.0750787750812118,0.102944701929902,0.173895585163809,3509.5676977537,1,1
406,-2,-2.669012714445,2.27867025149619,0.880697116315043,1.00900974224681,1.85616743551079,0.501525306771931,0.0477764048636359,0.0747927297554093,0.0996354377460236,0.161480093884269,3543.78598812753,1,1
407,-2,-1.75546718519768,2.30276946284191,0.818296313503636,1.16941575654174,1.88931627737607,0.315587200558804,0.0506648825569527,0.0808946801592409,0.0982404430188552,0.159475958481884,3594.5465614059,1,1
408,-2,-2.48475447710311,2.27090378830421,0.863580917951116,1.02149280346834,1.79474367777419,0.494727540979759,0.049282021566041,0.0773212719999994,0.0979987899249218,0.157151669025445,3537.13473367702,1,1
409,-2,-1.64228460046506,2.23521428815603,0.875879658237996,1.12980632187865,1.8675073789596,0.300718548837079,0.050047101423492,0.0782032753197049,0.0962115636270057,0.161749541322417,3528.10383777469,1,1
410,-2,-2.33937762401638,2.31564889923232,0.81303585108527,1.04177807118273,1.92159777935554,0.433663118578558,0.0483097661346636,0.0761280945589995,0.0949449135327363,0.157289045574126,3538.79945489153,1,1
411,-2,-2.14365211138294,2.36865206122697,0.748875751165132,1.00498598578852,1.94744653632232,0.396384061743022,0.0466346620185735,0.072935161419741,0.0998229501097943,0.161992276355069,3567.26267272009,1,1
412,-2,-1.40008987908751,2.30454232306205,0.791527459368629,1.12114292429035,1.93289223222417,0.250455608442855,0.0501500147103509,0.0781307799894435,0.0989185325705117,0.165117892623876,3546.1434042949,1,1
413,-2,-2.06382079786256,2.42349658566398,0.575748712461562,1.03609283721128,1.87678877776283,0.406054830767655,0.0476289096636523,0.076873233129974,0.0982212681962179,0.159142115357618,3584.53692231537,1,1
414,-2,-2.26357547084926,2.27104122152867,0.86983583247218,1.09861348683351,1.89264915071269,0.400057075659518,0.0505911932498558,0.0765854286450434,0.0974301925699383,0.15651375563646,3568.31751875859,1,1
415,-2,-2.222516120076,2.25153112237329,0.877427573260103,1.02001636341747,1.92398944746426,0.394104618057915,0.0487252419696318,0.0770602579998364,0.0982250523629066,0.158963636396698,3536.94103535099,1,1
416,-2,-2.35190172597454,2.31817972168295,0.777957014232954,0.997298139829521,1.83770578800835,0.479909299124303,0.0471648328317476,0.0726337864076339,0.0963247744944016,0.152534519878192,3565.80374086505,1,1
417,-2,-2.00887072971147,2.28316517880659,0.8120506847666,0.966231416702444,1.96834807643091,0.367882217850126,0.04920792235811,0.0771876209723839,0.099336254610181,0.16057827248774,3522.84318479421,1,1
418,-2,-2.65145493844924,2.3749734390263,0.72679357095293,1.13992108230485,1.71965979954747,0.568594234902884,0.0483199822317406,0.0771101395515347,0.0934504606516377,0.152822220852048,3623.96295552055,1,1
419,-2,-2.28485418290378,2.30760872167521,0.804882547993743,1.01975971614923,1.86376782135899,0.459841459597775,0.0476145950199412,0.0743003516491709,0.096049102003961,0.159500113391171,3550.09845955297,1,1
420,-2,-2.04496253248711,2.31305933667973,0.829662831538406,1.12300654949523,1.84307892979415,0.386847660284105,0.0494243771718726,0.0777150905708453,0.0957377010115199,0.158908668616331,3579.46665899441,1,1
421,-2,-2.83857142703857,2.22935823874413,0.927213449231903,0.927790951656864,2.05575849627179,0.556950584726315,0.0484068452358146,0.0753682740338915,0.100040276294879,0.159676925278947,3538.77757281211,1,1
422,-2,-2.38287922731134,2.2736448154731,0.862796672680425,1.15546381527682,1.76082530830369,0.445384961945892,0.0509295576213109,0.0790108994916205,0.0940878730300405,0.152075436527145,3563.31154495051,1,1
423,-2,-1.99379442253295,2.31766933777862,0.822897709579813,0.803212457208756,2.23398132506956,0.375136713958913,0.0452534265985342,0.0718121737709519,0.10427782259605,0.166679040205113,3544.28975712494,1,1
424,-2,-2.21865851272778,2.38140637656759,0.660600651038764,1.05139730930034,1.7579726188934,0.441669173897817,0.0468798181760821,0.0746630731866361,0.0979112957570935,0.162356695135252,3586.38197533381,1,1
425,-2,-2.41320786341219,2.25177714733542,0.857420629186202,0.955059926103892,1.90541080198843,0.476874051991949,0.0475551567752506,0.0747228328835158,0.0989229041701493,0.162696368238138,3524.39759061322,1,1
426,-2,-1.97306713544753,2.35741873018866,0.776034690480167,0.976141528355923,2.04655952134626,0.364766312117095,0.0477527678203233,0.074544084950565,0.0975451597456366,0.158088475684681,3606.8143170059,1,1
427,-2,-2.32269695783763,2.30778672018732,0.777223562179512,1.04568647422945,2.08375121238346,0.404353398770966,0.0500304027426074,0.0799396740385793,0.0931634784126486,0.148804099994327,3553.16689239335,1,1
428,-2,-2.35937283852624,2.33191508070887,0.762811517595062,0.913883349113359,2.11441609055196,0.431000493724328,0.0497100279005697,0.0776974284502955,0.10099599875122,0.161209723094348,3559.64240256546,1,1
429,-2,-2.16864306199555,2.29284846080423,0.859649893882812,1.06403995427932,1.87577389850023,0.408818688192276,0.0509327022095303,0.0781866131361389,0.100264539637603,0.161051479160788,3589.77969957504,1,1
430,-2,-2.31874302599404,2.34128721816294,0.733544848473668,1.08045579843876,1.80264492566539,0.453676237026433,0.0494642547246054,0.0769746370486013,0.0961857827194742,0.159196742723553,3551.72583707503,1,1
431,-2,-2.6611430621506,2.29707034131681,0.808492748681664,0.989009387867594,1.99658367084402,0.489296460814005,0.0482604583937204,0.0768721985039911,0.0971276605548691,0.157961293475117,3515.1792797761,1,1
432,-2,-1.68091570621665,2.34399622230741,0.736928694660793,0.741650351153906,2.39120703073484,0.326973371337052,0.0461943629734805,0.0752213697404858,0.104414050278092,0.168660661903875,3543.20513197561,1,1
433,-2,-2.61084605083217,2.32607055473889,0.795671750804074,0.915725655695741,2.07462036766461,0.508160105293501,0.0476163098374807,0.0751311589241135,0.101777912198508,0.164859301239409,3554.47032275995,1,1
434,-2,-1.92436527076414,2.32000926962511,0.769101679398582,0.981073435513848,1.99567279775611,0.355156014615861,0.0466343077527547,0.0739655932444183,0.0977820208389657,0.160784691656273,3546.77480500713,1,1
435,-2,-2.0353003486032,2.27667632931694,0.75018974118726,1.07064001232137,1.8332023535632,0.369170206300565,0.0498209167940369,0.0805058368638925,0.0947431907507507,0.155437295080501,3484.10283305385,1,1
436,-2,-2.3299867189238,2.3064978794925,0.799053333505859,0.944530471443201,2.1198722056057,0.415007353059474,0.0486648982312331,0.0740073226044268,0.097921703855548,0.158070120146051,3516.22353743948,1,1
437,-2,-2.11376055551636,2.28074830744748,0.811669559096253,1.02381249457869,1.81839313322059,0.429413789198415,0.0472974484933942,0.075106043854452,0.0967831591641377,0.158280094263518,3544.95819591151,1,1
438,-2,-1.52765410791146,2.29492436964538,0.81130116172033,0.933085668244942,2.19886404368175,0.276094426121951,0.0493664688606172,0.0760254321313922,0.0999183826563947,0.164122109649833,3532.22857120067,1,1
439,-2,-1.7348985464996,2.33503639457331,0.797528450107434,0.932475608343532,2.23001000521039,0.29625509964607,0.0471320495609965,0.0742979897837527,0.0988451452348081,0.160141917166513,3556.6069120557,1,1
440,-2,-1.6309550923577,2.30379611494514,0.774760808528312,0.808255980880996,2.35629890325923,0.295364966808655,0.0476927358574365,0.0752908540515741,0.102434971197877,0.161897615823122,3555.69706179656,1,1
441,-2,-1.8021847579261,2.34694680131076,0.743995429728897,0.996964900161676,2.098548891236,0.315563376760814,0.0488967939117588,0.0761036594361925,0.0988507677051162,0.163439222618877,3550.40326111322,1,1
442,-2,-1.75818180045767,2.27795073967004,0.793151676071806,0.974865150926255,2.07624668569375,0.317938035309041,0.0487962917640996,0.0752951972822543,0.0989240219820379,0.167689140657433,3496.69861999283,1,1
443,-2,-1.57931626129192,2.26056081920579,0.842767500923154,0.946026900933185,2.21635044481336,0.274985965385458,0.0484830473057702,0.0760109386100425,0.0974365352299087,0.159665698094231,3511.57376033762,1,1
444,-2,-1.45495160703913,2.19442442621117,0.946137874653267,0.836615869498366,2.41932594081923,0.256858110961571,0.0507174019704526,0.0776774032077803,0.102192584250124,0.166151945781223,3516.45212580157,1,1
445,-2,-2.32122412102427,2.3075840434591,0.800531511066937,0.82234402085575,2.27803833889539,0.398323914770715,0.0472011369708026,0.0769617249081846,0.100550985789947,0.158057565191804,3527.15200256299,1,1
446,-2,-2.26571158060148,2.31544921522421,0.783451318110208,0.834557438227933,2.22911022455594,0.424396377797445,0.0465346773032211,0.0742073848863709,0.0999737987702398,0.160277487832377,3523.72621888254,1,1
447,-2,-2.21175040614848,2.22444537175357,0.938694900874894,0.970245515662372,1.97713829376015,0.425031324942582,0.0481085050604651,0.0757523077017282,0.0956022967992257,0.157011624960362,3498.40529527888,1,1
448,-2,-2.00460347533799,2.27853541058596,0.871204130654755,0.955065938091744,2.11745576517663,0.369016167195752,0.0494151122822919,0.0773693470802098,0.0990123494377939,0.162743747350715,3552.98369798545,1,1
449,-2,-1.43595911092032,2.32351577283898,0.72529393767755,1.0638149609576,1.9900203350411,0.267485882962599,0.0486770314850669,0.0771128319602726,0.0967427828107327,0.15785848643984,3558.84590956271,1,1
450,-2,-2.48513132286322,2.40070674591812,0.634869628973251,0.946988557445998,1.94365506653297,0.467117944180555,0.0456430916894416,0.0732773138699079,0.0989052738642023,0.158276158195723,3538.50281251728,1,1
451,-2,-2.30058190336079,2.27703169656193,0.808229415851215,0.952833944991713,2.14460075700534,0.421546083110392,0.0501310316142419,0.0790643656842457,0.0975234497989572,0.16228232502112,3504.6387393998,1,1
452,-2,-2.07307890974557,2.31239341589353,0.755413044199191,0.853947975561218,2.17498037930971,0.38424398501338,0.0468966910024566,0.0721736932465316,0.0994719767366733,0.159646353588982,3521.42550005476,1,1
453,-2,-1.6700237913596,2.33992390615296,0.765014977619868,0.91550336300855,2.23646583143865,0.28385091205885,0.0496977080201513,0.0763054452413259,0.104629639348113,0.163787027459477,3584.83256153145,1,1
454,-2,-1.82725473225258,2.24247839672156,0.860729735032324,0.816907468132829,2.25939579558988,0.340243455808084,0.0479006167983772,0.0739755291129976,0.098518424095459,0.158132056222473,3500.66752980303,1,1
455,-2,-2.00740843338663,2.37525229917112,0.713738048040517,0.939301799747895,2.10843901203232,0.382120718728292,0.0479904611769382,0.0744817276718366,0.100571967664564,0.168812194341772,3563.45892150016,1,1
456,-2,-1.63510909033074,2.29261154321894,0.823364451453477,0.926792731376824,2.12691659920071,0.311692427401136,0.0496532279718846,0.0757357781376705,0.100756672199613,0.165639001461592,3554.295403333,1,1
457,-2,-1.62023171927554,2.32672127849519,0.780857060746805,1.25406118321762,1.77562714392486,0.277298474639512,0.05193022773255,0.0831252266909979,0.0958101719889268,0.149556175848968,3597.79336530563,1,1
458,-2,-2.12179774952104,2.37799793750891,0.703907610564536,1.04895821605166,1.95363666208714,0.396916216126851,0.0484013886383475,0.0761912732596993,0.0968748072353186,0.159547201055217,3567.87234932592,1,1
459,-2,-1.66658784249643,2.25829729694821,0.824431486385509,0.914849945068148,2.1289470587722,0.300555909119471,0.0494785785737737,0.0745893646894271,0.100725499192802,0.162750109878655,3530.96762698014,1,1
460,-2,-1.83613343352458,2.25652082814395,0.834689150181532,0.764108986658154,2.29972132040821,0.341299087991935,0.0483739337087419,0.0740452249870951,0.104657973944415,0.169276999569645,3507.46987442387,1,1
461,-2,-2.63168798135996,2.36086136109383,0.699612365227038,1.06090112609774,1.87418286111605,0.475185996826044,0.0476021609839093,0.0761707166799585,0.0937152839682685,0.152237468917056,3543.57745064065,1,1
462,-2,-1.6456425714746,2.31724457185679,0.79534729596405,0.940303030684015,2.11788197524944,0.302322001445483,0.0473557744238274,0.07526082663743,0.103278218524722,0.167468970189427,3554.78003058952,1,1
463,-2,-1.38677491133067,2.13252189400079,1.01958300085575,1.02653973559409,2.10335671645033,0.261574194625138,0.0532852044512222,0.0800002562555579,0.0966186180748404,0.164115366044335,3497.69675140529,1,1
464,-2,-2.34980935196024,2.31877417121201,0.802190193592548,0.922016885566982,1.98679765995499,0.474870950377888,0.0471054257888314,0.0735337347146306,0.0996142477464912,0.159345024705076,3573.1020394917,1,1
465,-2,-1.77746275606103,2.26935627003054,0.849796166189178,1.14302322401709,1.82455666682534,0.320012588350595,0.0500452729396722,0.0772972066603802,0.0964025886740593,0.156134278480196,3571.99808508116,1,1
466,-2,-2.19826596132801,2.22819993257574,0.942253899693387,1.08284762863289,1.82047962512868,0.435458120832111,0.0499258754729902,0.0775051160939394,0.0960403885733109,0.156714562435741,3549.08038310157,1,1
467,-2,-2.47935369581528,2.23383814521665,0.889716121074042,1.06062227790874,1.89643071391924,0.484779110464049,0.0517423902252224,0.0806074482822743,0.098294066014659,0.167050457273963,3502.80218375619,1,1
468,-2,-2.14552270196676,2.3120240206113,0.805646929916331,1.00246679835148,1.99786664709022,0.409892998070232,0.0493900954771637,0.0768790910704464,0.0958958116209274,0.156023946077108,3547.40111125622,1,1
469,-2,-1.74833832554941,2.31697567143252,0.782398359212656,0.930260228143474,2.14514731578523,0.321051296142426,0.0484109814494486,0.0772222992336331,0.0967500659950539,0.156817517705838,3538.60239535704,1,1
470,-2,-1.86424622581047,2.27808353646432,0.794701155519973,0.878331497942552,2.17127929909095,0.331636097873132,0.048564112551893,0.0769932928406766,0.101851785596549,0.164084827227561,3506.22504847615,1,1
471,-2,-2.19455200921747,2.35326771904003,0.708696043418643,1.12485878092664,1.86008772307725,0.377875918911739,0.0502400552221926,0.0783613547772768,0.0964964619533105,0.153229295187808,3565.67184798649,1,1
472,-2,-1.67024490170317,2.27914630884569,0.807578916071611,1.08630017416129,1.91648849219053,0.307528507909464,0.0507371888095336,0.0788553338037113,0.0961482504257644,0.160652317421834,3530.26963487892,1,1
473,-2,-2.54649104489367,2.33769836740111,0.736025154799356,0.977125136864776,2.11616094511055,0.43932635175859,0.0486639098694254,0.0767602201846099,0.0974274134337481,0.158098683268504,3492.55917972547,1,1
474,-2,-2.61239461695176,2.18367037252065,0.931115313553823,0.98490893018314,1.86830742543643,0.51801655896987,0.04887974240986,0.0759082530798435,0.0970623590824254,0.157275712034315,3485.81583949743,1,1
475,-2,-1.96899300836194,2.20658254284253,0.890117962258477,0.748251305385322,2.33864092221248,0.369711425027856,0.0491784897597001,0.0746061645163804,0.10443322553005,0.165024704905273,3504.97792119554,1,1
476,-2,-2.02448686785603,2.3070348994038,0.818677101619782,0.798929016379981,2.29312632180648,0.371731937777117,0.0476978704403576,0.0736093126611649,0.106727258723432,0.169317736913692,3553.55036520596,1,1
477,-2,-1.75924303307732,2.24912802879393,0.846542440427519,0.867445298378457,2.20945877797949,0.312607236499609,0.0487940794678726,0.076165958412273,0.102602941146263,0.164466754811424,3496.43459682574,1,1
478,-2,-1.33375838490982,2.30734338074504,0.772071185282529,1.03083687071766,2.13250893599365,0.249110911699435,0.0506123159637387,0.0805978217059332,0.0994086021666366,0.156804369933039,3595.11120763864,1,1
479,-2,-1.8372802189609,2.23204828014479,0.886447236522756,0.933961202847575,2.03174830622872,0.347063151646064,0.0490924069756728,0.0770555163775068,0.103400782893074,0.166839126913801,3517.68228393104,1,1
480,-2,-2.31787792951019,2.29444576592186,0.848472640904337,0.95930641178316,2.07798754145122,0.41586564061325,0.0488185759168066,0.0751984253293908,0.0973446514458018,0.158452947809531,3519.73665576034,1,1
481,-2,-1.58492123000916,2.28293379067115,0.853174546991603,1.29054771530691,1.61279229875275,0.293267820850906,0.0514498867683262,0.0791837083161428,0.0964108074822907,0.160553608152252,3581.2441424478,1,1
482,-2,-2.01486304724207,2.36624808177513,0.722439203193946,0.853336832135131,2.35242087935296,0.350525017097095,0.045579588127415,0.0722899340419682,0.09927657582072,0.162591917923906,3515.51557035088,1,1
483,-2,-1.90219520036624,2.31046241576081,0.781702188225626,1.13143964395478,1.8871584109385,0.330553210402672,0.0504411956289452,0.0787334012523907,0.0960825475870005,0.15718715994857,3542.81541572915,1,1
484,-2,-1.36414202563928,2.37716269607367,0.676673121026697,1.14164493151375,2.05944867678386,0.236114052346284,0.0519289734447052,0.0803298321592934,0.097030474378113,0.16423329097978,3580.34624590235,1,1
485,-2,-1.36891856189248,2.23726797766384,0.955244409707772,1.09859302637945,1.91540202401085,0.258157272900607,0.0484914111214989,0.0756404513770242,0.0962980468785415,0.158068340926246,3578.29018802033,1,1
486,-2,-2.28627245863614,2.35105055814557,0.687520102691652,1.00124717895929,1.91938859650248,0.435503357152488,0.0474543183529193,0.0744592957096974,0.0968494709027521,0.157866392425114,3534.89367297601,1,1
487,-2,-1.89673444728312,2.3260121114644,0.778533376495718,0.988075142980592,1.98569979254065,0.34677790094486,0.0478784250443013,0.0756252875949052,0.0993253836628533,0.159054341983949,3557.64189427423,1,1
488,-2,-2.39426001795774,2.33070689140325,0.757714859663079,1.06320697444445,1.84714148971423,0.434048515855852,0.0476121464458987,0.0741859481957165,0.0979863870152835,0.159924770322289,3533.97314941716,1,1
489,-2,-1.93703701071715,2.31875977987815,0.830791126841317,0.868535925361293,2.23149546138984,0.369003183425703,0.0460484638294956,0.0749273338679878,0.103045445641214,0.164545616746345,3575.70404788068,1,1
490,-2,-1.93320977905956,2.34726256758139,0.779847011655377,0.940450536505269,2.03799427425998,0.354672033047786,0.0481493196201425,0.075338606898219,0.103897011416819,0.164070842333371,3565.04733176465,1,1
491,-2,-2.25289148932887,2.30719328462029,0.833853857016125,0.951015770807551,2.06382765278741,0.42482480977965,0.0473623136060968,0.0755100842406925,0.0992808857706592,0.159236255968259,3546.96987356704,1,1
492,-2,-2.56707485840704,2.3813699509256,0.733506257522646,1.15459020072789,1.78543759555394,0.471330188199764,0.0484730392747331,0.0770243668994671,0.092813573356102,0.151698390464026,3578.63759872896,1,1
493,-2,-1.64040943351351,2.25833721381276,0.906986663595499,1.00674662672053,2.02408776294188,0.311743158285873,0.0494954093813477,0.076171163539446,0.0997254179990242,0.163351105866054,3556.65043498937,1,1
494,-2,-1.65817046860043,2.23568805197223,0.915597768601837,0.983935814145182,2.11173976906656,0.301993038767687,0.0509527692540484,0.0788753848121201,0.0988348925999981,0.163906826002659,3533.50099986598,1,1
495,-2,-1.74867321494084,2.33769081119371,0.768533485514295,1.08824155583367,1.91826128506013,0.327359447336281,0.0480798361787881,0.0754888794425091,0.0995013303040255,0.157958831702757,3605.45466327216,1,1
496,-2,-1.21897847671468,2.32605169658203,0.746252297839279,0.916211447472584,2.30182306066039,0.234065946851488,0.0492232418597341,0.0768511922051309,0.102324009756768,0.163863810942785,3587.95185349059,1,1
497,-2,-1.96044508424903,2.33609309147691,0.792939087893771,0.956879604324385,2.07596610990357,0.374802875768339,0.0492738265753994,0.0767896279494737,0.101641679431831,0.164146887293439,3553.80917485865,1,1
498,-2,-2.41814856183965,2.30062386891894,0.810523122040924,0.894438990049534,1.99847838641976,0.503358603293394,0.0459188154698824,0.0721540854143748,0.0986601467318725,0.159075296351084,3543.32668814967,1,1
499,-2,-2.33447351985985,2.28472485291643,0.849392960812505,0.961262071059857,2.00682498517766,0.459705785707383,0.0493209334244252,0.0758916372550283,0.0979864267420437,0.159561462801259,3549.08055696333,1,1
500,-2,-1.74028957936135,2.21354237884019,0.857913302933127,1.11690653418848,1.74262448322209,0.326798888241493,0.0501515455786778,0.0779235659945889,0.0980700823795919,0.160212836298763,3530.02046732495,1,1
501,-2,-1.52866805954695,2.25447908056948,0.7972295064965,0.923742027674074,2.13996080735991,0.282818499877167,0.0502563027398682,0.0772328455459766,0.101014735801978,0.162406529279273,3512.99538410362,1,1
502,-2,-2.44066986617367,2.33030921867846,0.700465497264846,0.905691106129547,1.99453577537215,0.477128300691646,0.0476916086063924,0.0763059320443085,0.102142521760462,0.166623841022636,3487.79344961786,1,1
503,-2,-1.99129500208796,2.31265038037242,0.794655149465011,1.04540383191461,1.95269961805146,0.355230556029957,0.0484577120063118,0.0764288732657429,0.0972967919549177,0.159193962707151,3549.22369056005,1,1
504,-2,-2.0292064775114,2.26632730235292,0.80118407905847,0.890872256480951,2.00114732422492,0.41938457554607,0.0470906761556109,0.0734489621002431,0.102467939829645,0.171912284873715,3521.79510551769,1,1
505,-2,-2.7841792952419,2.26804069838751,0.821185651488509,0.926947541333032,2.07903864965513,0.532063936846081,0.0490473738524061,0.0779331985972819,0.098345569893502,0.160305365268706,3481.2190353997,1,1
506,-2,-2.02258987600635,2.29505212199547,0.804594849998481,1.1719454331365,1.56586842117665,0.418261331533294,0.0490538495626483,0.0756893161293853,0.0951856936378399,0.157029439261445,3583.30951986314,1,1
507,-2,-2.22607661790445,2.37789351329978,0.672474313270722,1.03346091200389,1.93669547897613,0.388237217657855,0.0492313667850358,0.0783808611529903,0.0995847020202135,0.157834028582393,3555.96316427695,1,1
508,-2,-1.7539992199977,2.35759760607798,0.719550143146202,0.994285564613488,1.98363111523341,0.353702139323039,0.0472417393641828,0.0739892097707236,0.100554801029447,0.170599045082838,3585.08074214939,1,1
509,-2,-2.77098443291091,2.41631448789894,0.62306512550322,1.06959164544808,1.82783571744884,0.519614405677099,0.0471174038713914,0.0776820761994529,0.0972337557040582,0.156415450887605,3539.3247840999,1,1
510,-2,-2.02194551100919,2.36093289921626,0.694899881992108,0.991939240370369,1.85740547426399,0.391645875518592,0.0476405945458557,0.075474379198277,0.0986437500614569,0.160835031466336,3570.41916981506,1,1
511,-2,-2.47047375574128,2.2253218006594,0.910331797972977,0.978188183918995,1.92566996807356,0.46026759128401,0.0507292936830645,0.0796818627274086,0.0988712531268635,0.158141304585955,3525.17074932292,1,1
512,-2,-2.01187122637255,2.23856156471014,0.950617697786087,0.794497799319233,2.19282675425294,0.407427192553769,0.046692458144314,0.0726719865674425,0.102259871433125,0.161813375272804,3554.23699663449,1,1
513,-2,-1.84780434968315,2.23377307910241,0.866654833389343,0.901394094367369,2.09829430748686,0.341043503708118,0.0485869684989225,0.0779119843147888,0.101130872493105,0.160261478350034,3516.5294335484,1,1
514,-2,-2.31068806983823,2.33949339608592,0.735217180886045,1.013688127571,1.82922757013902,0.466450213092709,0.0464248401972829,0.0738894055093905,0.0967222993902335,0.156608933205781,3552.41939176512,1,1
515,-2,-1.85254966971313,2.26614524408176,0.765425764928166,0.971561576617756,1.95988717122461,0.348795603475321,0.0496336115213871,0.0763019501451547,0.0982161953560756,0.160777436249521,3516.58164495111,1,1
516,-2,-1.72493595416014,2.31590433799022,0.821095243340367,1.22699754932401,1.66600254202013,0.315874513233346,0.0501262602523485,0.0792597210402008,0.0948304876245659,0.158118956861956,3596.87192531212,1,1
517,-2,-1.72284489237501,2.3386548864373,0.720703133403839,0.94231928863113,2.02259313432373,0.360950663231848,0.0466187969171216,0.0732445494610217,0.101588657385555,0.168437694734143,3569.68310038672,1,1
518,-2,-1.89094995349145,2.38214098252761,0.652025717208728,0.792107171183733,2.30586959203398,0.334422085413762,0.0472180248350128,0.0749987236485876,0.102917681785832,0.165947006912464,3507.15957450847,1,1
519,-2,-2.65188672932861,2.3074638534688,0.821396421642261,1.10317552507488,1.78300949180295,0.502447364677389,0.047806220589767,0.0742394554394199,0.0936815271847358,0.148896455805824,3570.36717185894,1,1
520,-2,-1.85896691802051,2.27395664050275,0.825439707461665,1.14440250155089,1.78785750512494,0.341895854681924,0.0504406329444154,0.0794216195632388,0.0946169089995806,0.154481363598756,3521.14173450023,1,1
521,-2,-2.40606176572336,2.25816774857594,0.828185778302463,0.986156994742994,2.0108055120922,0.435550251914971,0.04871698395632,0.0767025121972406,0.100709495897923,0.163347887949636,3466.08390852883,1,1
522,-2,-1.9401635353966,2.24798815072011,0.84369560463414,1.05059893936397,2.0415951941149,0.322837841365831,0.0537532383332428,0.0816496525535769,0.0982038422676644,0.158842135092858,3510.08444549041,1,1
523,-2,-2.54702572544373,2.31392185570083,0.801774352528163,0.870305047578505,2.03314164277316,0.502594645487676,0.0454826827637569,0.0735980267179291,0.102007663018016,0.16386815785025,3526.09818916251,1,1
524,-2,-2.22198402815239,2.25986435188438,0.81325922204274,1.0965737737261,1.80493082628617,0.395390310412057,0.048777368931123,0.077009606728652,0.0965386433029508,0.154241774014284,3543.39755452328,1,1
525,-2,-1.95746281877117,2.28610500329891,0.856203145930423,0.953341356736694,2.10666185035801,0.344922080432462,0.0484449818073144,0.0758882207178244,0.101320058183259,0.167420127355973,3507.69154922369,1,1
526,-2,-2.00174942459318,2.30833577771761,0.792028924438463,1.03195276383202,1.92253473439178,0.378390343415406,0.0466729527538362,0.0740716149765778,0.0974065332585472,0.159306492657854,3531.84282304468,1,1
527,-2,-2.07718035496218,2.31268393193202,0.816268706678981,0.974645323590911,1.9148869044636,0.427406007944313,0.0469229747089648,0.0724216578302758,0.0992772369809459,0.164142122593106,3559.09342818714,1,1
528,-2,-2.04097785105914,2.40498816990429,0.642151535434259,1.08060105999868,1.88261640812922,0.376771611497665,0.0478033900781002,0.0765557181574712,0.097645586741839,0.160667556238935,3570.3023587929,1,1
529,-2,-2.36932479895378,2.33689324096595,0.725744506509156,1.14606571666789,1.70106618188778,0.471684060273369,0.0500459157945079,0.0786486624447977,0.0967070503590101,0.156509153243101,3581.09488778663,1,1
530,-2,-1.40268308079852,2.22601865802774,0.868050079137098,0.864954727126306,2.22696617125619,0.271609076608646,0.0493030209661256,0.0764342274281416,0.104685458738478,0.173044272085128,3513.74090002355,1,1
531,-2,-1.69022350128093,2.29155229183801,0.839767019433738,0.93800132613195,2.08786099218878,0.321616520757545,0.0483048233081253,0.0758909255384926,0.101446722089565,0.163289364569629,3554.50052127316,1,1
532,-2,-2.20508884649436,2.27768681640608,0.839501030214559,1.01816538310219,1.88527112006255,0.412871681435067,0.0483641718888443,0.0753341605565345,0.0990058018880244,0.159961860778046,3549.44431216938,1,1
533,-2,-1.58998908063955,2.24961149331647,0.885053623072068,1.0874315584903,1.98911559846326,0.27784241797038,0.0503911199373709,0.0770421343257,0.0977216235650245,0.160355411467724,3541.51874726108,1,1
534,-2,-1.30541152160401,2.28003608778831,0.791156474642218,0.862821417338127,2.25355958259729,0.253283617953313,0.0483320239936722,0.0754331498701685,0.103638272528249,0.170618397941869,3527.87235858458,1,1
535,-2,-1.63488109491393,2.30286956241016,0.803086756769223,0.921898079675455,2.16829802752526,0.309463216666659,0.0485517284956802,0.0755845860582326,0.101650393506589,0.166989101184921,3548.29073657289,1,1
536,-2,-1.47945842630144,2.35967048034413,0.751155777806875,1.07855090829427,2.02383183115311,0.285613456747884,0.0489147343560147,0.0783519390219828,0.0961648946931205,0.162692876681269,3591.01909548315,1,1
537,-2,-1.87055441112392,2.33622909129383,0.755953950734521,1.03733496878439,2.0262791115845,0.344839822381909,0.0494937915062965,0.0781574884726026,0.0952804769322403,0.154392494605962,3573.55276339995,1,1
538,-2,-2.6525999647582,2.29232288069052,0.791633951832596,0.866079570429908,2.13031711539391,0.49144174625918,0.0481153684577186,0.0753668374003518,0.101550324968465,0.162198864468829,3490.14752216359,1,1
539,-2,-1.9040979617839,2.36396667883788,0.705171814384292,0.996859344996765,1.86385073456333,0.355555745741421,0.0461514991245273,0.0738944327720305,0.101433174120937,0.165846800869423,3563.25504508748,1,1
540,-2,-1.7163159055883,2.26471279901894,0.826770129267365,0.938107667992514,2.16839895740713,0.292968679890226,0.0483192228417054,0.0789855822597192,0.099133692134955,0.15627041416283,3498.50512959737,1,1
541,-2,-1.95649143217416,2.31916026422855,0.74058447529319,0.938565389020916,2.00255690881247,0.38424350297871,0.0472762431107425,0.0738226461366987,0.0986573740761755,0.158007946565118,3575.2156425475,1,1
542,-2,-2.06026634603751,2.38319557656978,0.697411065136733,0.915434836096732,2.16649132184109,0.359389415908339,0.0480021084274868,0.075478790798316,0.101318175555678,0.162030881446955,3580.10522049227,1,1
543,-2,-2.07157737124309,2.3347899880297,0.771846795802217,1.05114797366545,1.85734182553703,0.390506317329012,0.0473448395615898,0.0755960128094465,0.0981765262345278,0.15659685060994,3582.64245087896,1,1
544,-2,-1.50817916902867,2.26698541420616,0.819514268544238,0.906071031830417,2.24366950134041,0.27840656554609,0.0492085414877653,0.0762344426093035,0.100338506586675,0.166652938098786,3520.53827803148,1,1
545,-2,-2.39347013531024,2.31786750892361,0.790932911916868,0.90448781065435,2.08641048726365,0.460959126059176,0.0470726057027291,0.0740739631546026,0.102307769609152,0.169400220182948,3511.20525164764,1,1
546,-2,-2.52404636852763,2.36460056993736,0.703174912471194,0.9889296115144,2.00877397669779,0.457518818828799,0.0479897522533519,0.0765957613526237,0.0963428133277791,0.151575484965591,3557.11113497359,1,1
547,-2,-1.95970045215554,2.28249173139872,0.781946504200132,1.08530451320219,1.87103236425847,0.358198807860885,0.050899165165918,0.0793638485282375,0.100024456820488,0.158366900534254,3565.84532723829,1,1
548,-2,-1.80875912262973,2.27791506861586,0.843490695856779,0.947567537999224,2.05344494322097,0.347488229357083,0.049667913947039,0.0770137096053305,0.099114137240558,0.166031697497817,3531.10384204555,1,1
549,-2,-2.02422760311837,2.3096285498429,0.743131952303112,0.877483835992888,2.17505418226335,0.366206152541453,0.0474643908169858,0.0764384859789643,0.100728596915077,0.164872864229135,3488.6073272598,1,1
550,-2,-1.79624351299066,2.27868796579791,0.770132378723105,0.905104090844251,2.16305421657047,0.324658882003483,0.0495714769860365,0.0788572607974684,0.102413133092769,0.164820702621694,3507.00027649534,1,1
551,-2,-1.93431070470774,2.43043973546737,0.577662772571377,0.889959034067121,2.13077375926519,0.363897924080478,0.0457953887824006,0.0728608199821328,0.101140914647573,0.163805144082585,3535.06242198556,1,1
552,-2,-2.6254783680276,2.33076097884923,0.809159091388488,0.976489486157882,2.00909702293712,0.505449287750678,0.0470207652115854,0.0745750264726602,0.0963421746260693,0.157688742245074,3565.26277823102,1,1
553,-2,-1.96836246891035,2.37316490202268,0.676260207572353,1.16723975505444,1.62885825148085,0.379185248916069,0.0495657383672669,0.0762819738556253,0.0975699986804034,0.156595263409079,3608.93395291575,1,1
554,-2,-1.8844892927479,2.27100036633419,0.825342444044854,1.06679968807673,1.93520350034618,0.334876430678071,0.0492377574184004,0.0781621450245822,0.097029351100293,0.155949333321066,3540.96026973533,1,1
555,-2,-1.99785855707036,2.31142121896388,0.760096971462901,0.939120379254161,2.09352978163161,0.368626351781863,0.0469931115508645,0.0742816137022194,0.0989432981007638,0.167399370559494,3510.61995460364,1,1
556,-2,-2.06173385512341,2.31433620861141,0.767201289937894,0.98564875282675,2.06210634313743,0.403099848327764,0.0491457121812411,0.0770176200857174,0.0981240693235461,0.16213444245037,3545.31723092976,1,1
557,-2,-2.02539789505185,2.31905118631644,0.795073803561446,1.14407926168654,1.77749623294236,0.377651049730906,0.0497892080337965,0.078323756810135,0.0966457045833531,0.161190636610117,3576.69782116071,1,1
558,-2,-2.20827404595884,2.3335046081202,0.7619588417812,1.04802747623943,1.97680680765385,0.376298860017596,0.0487053152139615,0.0791645102245267,0.0999793504730305,0.158448143613146,3528.69049383878,1,1
559,-2,-1.16724450197712,2.23750546106617,0.869402734726931,1.10585757460602,1.794053769899,0.248978279369344,0.0489721322910867,0.075853517203409,0.0982851252092611,0.163444931348959,3570.15254086177,1,1
560,-2,-2.07380402510592,2.27305017526887,0.825762833412353,0.9605320194256,2.06204419431972,0.379995798080041,0.0499317492424749,0.0784413802791887,0.0985649379835214,0.16143016354504,3514.75367290757,1,1
561,-2,-3.69654430941717,2.22773311859088,0.85977507102023,1.08743379796261,1.77753631046795,0.728741146115307,0.0509981887533566,0.0787957833142807,0.0950907232050414,0.150181255728176,3475.11907129614,1,1
562,-2,-2.18796956188753,2.34908738477409,0.756221966681081,0.86524191479317,2.12544883551806,0.41189397167679,0.0463709373108498,0.0741386494073552,0.101841199560972,0.166987874464315,3529.0525003968,1,1
563,-2,-2.19131381063757,2.26483787391249,0.805981572819084,1.03163757633502,1.88995360589639,0.408756736589877,0.0486200278861384,0.076668754917471,0.0956031689661527,0.155769042560209,3505.64147049012,1,1
564,-2,-1.81917328864422,2.29126431468277,0.819897380593244,1.0622466278647,2.0197317757739,0.329436199405029,0.0511271500386155,0.0789014839109852,0.0982016000665831,0.160046329687405,3539.16106578304,1,1
565,-2,-2.0880014522914,2.33706485036814,0.729898547834176,0.880467400714621,2.20961085890895,0.370784985626087,0.0480254804118373,0.0748884124637171,0.101872891789423,0.162781297035832,3532.3070392547,1,1
566,-2,-1.54857467606401,2.27150532949128,0.803538064020473,0.994576569656525,2.06677006524567,0.294650969766518,0.0495301694909102,0.0789812791492489,0.0985046338082742,0.168661185074536,3508.81233770718,1,1
567,-2,-2.09045444697914,2.21760710252462,0.948816060040537,1.07834123240655,1.929637962475,0.373036472470375,0.0512482532793639,0.079228236082055,0.0972639357703665,0.154830886074696,3551.47199131826,1,1
568,-2,-2.42677282538299,2.32566996173923,0.765336564589935,0.923341458693106,2.14135856284619,0.427357202970553,0.0467597296506869,0.0737687718249713,0.0992022944888247,0.157930081435885,3545.29053834236,1,1
569,-2,-2.0332292111408,2.28609201935261,0.845245959752534,1.10231305456557,1.83716361310469,0.366149581542097,0.0495703296910623,0.076531424021785,0.0982974443782879,0.160109332862912,3562.55729969902,1,1
570,-2,-2.00495564454812,2.28918682870266,0.776616051894549,1.10011430578056,1.84554656264259,0.354832786418516,0.0497845759192661,0.0798421863661321,0.094534542646744,0.15747054996226,3506.38323588868,1,1
571,-2,-2.33962494001841,2.33994481279031,0.727065922509161,0.967502762829936,1.95546275820928,0.447925537299411,0.0465487002752731,0.0743762275990491,0.0997764998175659,0.163667895606635,3517.53119241865,1,1
572,-2,-1.60180631470234,2.24156517419231,0.865169014913215,0.982725003778759,2.07917281674663,0.289032285461147,0.0495097578273408,0.0765175185468159,0.0990718082019109,0.161360496842927,3539.63059568398,1,1
573,-2,-2.67002377889877,2.34154673682382,0.733435633481481,1.00261848385867,1.86070840892411,0.508540343461241,0.0467798115230218,0.0746695618882924,0.0986830948756247,0.160055924786423,3514.70341186456,1,1
574,-2,-2.42998904622661,2.36060970055673,0.727962065145589,0.994474863290593,1.95398506620053,0.468423460014143,0.0471144533179546,0.0747163456369649,0.098065074435531,0.158698357649699,3586.82054136584,1,1
575,-2,-2.09248450755702,2.24631963055905,0.955268444576681,1.02174929727225,2.0257421415165,0.370905233453509,0.0487765494203081,0.0749988958856073,0.0965714776068577,0.154989318495129,3564.44822605056,1,1
576,-2,-2.35534124599481,2.38666817421664,0.590548793200008,0.972937967018338,2.00589051244385,0.414699003899388,0.0489477230515897,0.0769413736468455,0.0997021745649864,0.159802602176868,3528.67100581225,1,1
577,-2,-2.50621092570736,2.33888999227617,0.710680404886012,1.00079396979823,1.92360025061543,0.478595642376042,0.0489325801174013,0.0780113530608154,0.097099651381253,0.158173520426065,3525.01272637173,1,1
578,-2,-1.49718265805742,2.32052290925635,0.809876045807543,1.1410343784045,1.9710761119263,0.253425434814804,0.050735360496118,0.0797935755562967,0.0971431411355526,0.154872208574273,3616.29205019277,1,1
579,-2,-1.73647080922849,2.32858257452948,0.748407444029046,0.839295507855172,2.28789947622079,0.326259863572773,0.0470218466474869,0.0741172590575681,0.102528715355908,0.167778594335083,3537.26419484291,1,1
580,-2,-2.09807852346395,2.22322946568793,0.930693362291029,1.10330383642926,1.78428135900849,0.394084874629073,0.0495129963596125,0.0767176777769066,0.0973311072030187,0.160540637564256,3544.43959751924,1,1
581,-2,-1.55679427130776,2.28251973031633,0.788310164988628,0.773756611490969,2.38532916323778,0.276637686591166,0.0483411279862079,0.0756441119010059,0.103436357745516,0.17024517442658,3489.1377881629,1,1
582,-2,-2.11792354196866,2.31871426423538,0.810288316597239,0.986995755764748,1.98628184631333,0.41247419136426,0.0473249530059238,0.0745639980137551,0.0992674648265847,0.163861727282987,3572.48629876725,1,1
583,-2,-1.7405719328773,2.25476860336284,0.856167304958507,0.865020244883581,2.23942340734878,0.327481313214636,0.0488493197814025,0.0764088182988907,0.101383502757833,0.163554730597625,3505.56497822066,1,1
584,-2,-2.33097355191486,2.36320148476812,0.708699004554324,0.915193368715047,2.12343758601052,0.408581549715312,0.0472887272314378,0.0749302603721698,0.0983451243225276,0.159684896692321,3515.77948298179,1,1
585,-2,-2.18408909965833,2.20849471815683,0.985575992094041,1.00170209889168,1.99310398422657,0.42125056061653,0.0492800227364918,0.0760395056717145,0.0971431520267867,0.161622066936262,3505.40986799706,1,1
586,-2,-2.01710746744528,2.20823188547232,1.01093606787252,0.92921847218005,2.15237262168191,0.37186294780966,0.0495948710123005,0.0776467800297701,0.0992334419815814,0.160700558063127,3525.26219199725,1,1
587,-2,-2.41253060577738,2.26834465975245,0.829442645868421,1.03552555601601,1.82762888892108,0.469395582128364,0.0481906535994141,0.0763382359749968,0.0967081293560445,0.152649662090649,3534.89974315492,1,1
588,-2,-1.47124448708826,2.35495250243062,0.780659311941284,1.12925973329571,1.88617173218199,0.279409524482239,0.0499027338931703,0.0769970945529298,0.095518812107058,0.160531754181665,3596.16001566965,1,1
589,-2,-1.88958632844049,2.34687116497134,0.76026641062765,0.989771010047248,2.0518921406478,0.346257302920343,0.0482396995411791,0.0772283699237514,0.098158060788781,0.159227044246387,3559.43842992259,1,1
590,-2,-1.45588211893497,2.30155947971174,0.83417310315961,0.982547392509462,2.137787216587,0.259022942949539,0.048761301488989,0.0759172114382221,0.100454820447502,0.16280010609336,3577.15576358102,1,1
591,-2,-2.17322881130067,2.37762772224917,0.665385665369151,0.914481336288294,2.18814029770803,0.396985912093554,0.0478235543684385,0.0759012758731177,0.0999160479245683,0.163913652449164,3539.77948220495,1,1
592,-2,-1.55333339553875,2.27271139016404,0.844763889427214,0.984303525789818,2.09288559457824,0.271657023551647,0.0501816230411326,0.0789223364625665,0.101422916590654,0.160286684848997,3564.24673821325,1,1
593,-2,-1.99127535017867,2.31401073588095,0.827084609352649,0.839549415066182,2.16671456207414,0.384670673320954,0.0451331392097455,0.0707829501223501,0.101625925425546,0.165620077403632,3559.85812529375,1,1
594,-2,-2.15114456854207,2.31164730313988,0.797647735727014,1.09380355759446,1.80488808552721,0.409327789819772,0.0479605806056488,0.0762256127493804,0.0963389962653988,0.153377135359533,3586.14478321936,1,1
595,-2,-1.94402211137082,2.27554815747073,0.79928666532789,1.08229811289591,1.77562387742344,0.364576411231208,0.0502722049597674,0.0796488279980085,0.0991301767860555,0.159417598666284,3546.41272469252,1,1
596,-2,-1.73301814412123,2.32883117434119,0.704580362347599,0.984459336964047,2.0721594981292,0.306587104558669,0.050288589105522,0.0793265773654433,0.103021402953107,0.169611326033016,3505.54169495288,1,1
597,-2,-1.72555201204139,2.36989214009595,0.697813682292583,0.902510590731336,2.32473187018783,0.322343705115899,0.0481719305791112,0.0761081668690361,0.0998240843872091,0.166688945085009,3555.09085998309,1,1
598,-2,-2.4402180576986,2.34391092267958,0.723869634267183,1.10525638743342,1.74611296053316,0.47047095961416,0.0489764295310513,0.0765804176952995,0.097560259173128,0.157939648003462,3559.62566097251,1,1
599,-2,-2.07174248600877,2.36641334013752,0.721976786153906,1.01709903965027,2.01008864948698,0.374679525949916,0.0488992176001896,0.0770308665561654,0.0984032097730426,0.15575923217422,3567.51913163034,1,1
600,-2,-2.53348031696958,2.2389283889414,0.891823974881478,1.08954464854814,1.76356904761954,0.482466653552768,0.050519928296508,0.0794622581775725,0.096856234769603,0.156126641001869,3504.68810728654,1,1
601,-2,-2.71869444816272,2.17412622345785,0.956369019862689,0.990402644929318,1.84295135619971,0.522112834037498,0.0509268619831331,0.0777579311046464,0.10008164206066,0.162079860898924,3488.72064295339,1,1
602,-2,-2.12162540147263,2.27102667303559,0.900199157657279,0.887467017537999,2.22396327816052,0.371259099542289,0.0470474194911599,0.0751695430424761,0.0992377800941299,0.158924777893439,3534.10700011829,1,1
603,-2,-2.34363759313244,2.3314600601761,0.748112134007696,0.906247822068809,2.00562752591348,0.484194441460203,0.0459011846427253,0.0737814486226991,0.0994157257225083,0.161274545586973,3541.7367574647,1,1
604,-2,-1.91546698712408,2.30555621367808,0.832347246825559,0.964658737450661,2.08938818509169,0.349373513337931,0.0496676526969103,0.077074965773092,0.100716469861111,0.157480687208232,3600.76213504289,1,1
605,-2,-2.04740421933746,2.35594034851424,0.742209665960563,1.15313185108963,1.82442178091591,0.363183503024341,0.0488033194334124,0.075628528922,0.0935646473385663,0.153869966630636,3591.66620375947,1,1
606,-2,-1.92980276359687,2.28452518175025,0.850690964624499,0.941980460274553,2.12132869675484,0.348600484361039,0.0487191155917093,0.074474843285352,0.0982338693552744,0.160284772296155,3553.53597435873,1,1
607,-2,-2.07690922672591,2.25162751272391,0.863339914997707,0.945056918252004,1.96645026293157,0.394560754948544,0.0479011659295686,0.0754019773976816,0.100129905091456,0.165162310465259,3514.06059758885,1,1
608,-2,-1.43833369433759,2.34882904289442,0.691306455818688,1.01298420983042,1.93915833292236,0.287769491383486,0.0476558688297075,0.0756858315125568,0.102407642854578,0.165337530082918,3575.56573017234,1,1
609,-2,-2.24816923364472,2.34728124501543,0.72543091819463,0.913714214961185,2.09184665864926,0.419612078120036,0.0461125002122312,0.075113513358682,0.0998502993797036,0.160016026017719,3534.57917857765,1,1
610,-2,-1.88877286940457,2.28827868552273,0.847124825147537,0.862760306073939,2.2384455155334,0.345772390144335,0.0467327234610631,0.071921483424864,0.099537239129638,0.166251910554947,3522.18203502711,1,1
611,-2,-1.87996960862606,2.33377413681166,0.760192151335154,0.983293401438926,2.066878166852,0.357529300270195,0.0494820870056596,0.0769112244464326,0.0968130912322137,0.157856585651336,3560.7320073657,1,1
612,-2,-2.66297849191156,2.3190026469096,0.783013996337291,0.904088938673718,2.05840432266959,0.508090123374214,0.0483820284882448,0.074523933350793,0.10021217504462,0.160452031001378,3546.43031455501,1,1
613,-2,-1.70222339752094,2.29668882971836,0.806052051259482,1.02189445122,1.96730188745468,0.331199463521551,0.049089852620017,0.0754239150839252,0.098489441661043,0.160890328724732,3581.32412840559,1,1
614,-2,-2.13844208789853,2.39612258647944,0.701131712855191,0.799884804935538,2.35913753818513,0.397390022912103,0.0457906638278542,0.0723307881382765,0.102060698210805,0.167073840838623,3538.16325281747,1,1
615,-2,-2.70450460959376,2.32730685390205,0.785472840238979,1.16134119673207,1.56825727992172,0.545387795817985,0.0476516080635035,0.0765212540275184,0.0944501037066102,0.149531178711984,3582.22984782512,1,1
616,-2,-1.55318714133539,2.27875327158931,0.878003254804791,0.937966649874713,2.19555390834835,0.283766774976359,0.0486759821122262,0.0760722459932497,0.10213623395622,0.166984509022744,3551.76488039821,1,1
617,-2,-2.1962458165107,2.27553323673041,0.853250617529011,0.94757591577767,2.03077166516252,0.41205967669628,0.0489206183531172,0.0750837037061062,0.0967918473060618,0.153585191431863,3557.62880155549,1,1
618,-2,-1.33880596520435,2.3113075852111,0.808008855054834,0.912213425279162,2.24083953993189,0.254537081033969,0.0479138667009911,0.0738379319525495,0.100203122684017,0.163966018716884,3584.40671100216,1,1
619,-2,-2.42186252256535,2.40440101535212,0.597928346154741,1.03932794133586,1.96383569883076,0.440404693268848,0.0477057210953205,0.0762044457488378,0.0970073272429957,0.15597240674083,3542.80235566442,1,1
620,-2,-2.05275962486568,2.31732211865543,0.752814581412224,1.23052077373114,1.5860341769454,0.39588228568969,0.0510114911002985,0.0795736142714722,0.0942324835806296,0.154565715635785,3591.89236059981,1,1
621,-2,-2.36956719684668,2.44804756191343,0.605696296929624,0.962795837948302,2.10164710642062,0.447505308013662,0.0450800062601661,0.0723510518636512,0.0953917178817074,0.160402639416253,3534.76245903589,1,1
622,-2,-2.23215904705741,2.36879803639568,0.687696349600105,1.03737364224298,1.86085894789403,0.432791496419726,0.0472201309128114,0.0745615156669887,0.0972506493586097,0.157857141133665,3566.64408831892,1,1
623,-2,-1.77905951251123,2.25805990987917,0.850812556581307,0.988695871637379,2.1281238660437,0.309040702694625,0.0499772861451326,0.0771789445308405,0.0991399862292534,0.162884904708877,3515.148381599,1,1
624,-2,-1.79006258370389,2.30142377466086,0.83629168949661,0.939303769498258,2.26342595420286,0.319963922784548,0.0486327524167328,0.0761587605222752,0.0975437305784336,0.163079526324832,3506.62661577932,1,1
625,-2,-2.07535634967072,2.35393839368649,0.731863074440821,1.09700946226294,1.83027850965033,0.383094950482619,0.0494459708021497,0.0788974541992642,0.098670230245493,0.157580350885203,3593.49430398009,1,1
626,-2,-2.51472425584938,2.28371810999352,0.781742051429112,0.967415557486439,1.95692504517783,0.470408125097284,0.0473078229205746,0.0754239658468147,0.0990713409465646,0.157964429879049,3505.75218299806,1,1
627,-2,-2.6012079999653,2.25406408742855,0.917867975400117,1.08955106776358,1.66427193216289,0.540312681804255,0.0470124494715567,0.073809783192061,0.0973300234233801,0.151790641987661,3577.204897027,1,1
628,-2,-1.84146125078225,2.30075647629125,0.821774123899094,1.04723638238222,1.96232278940275,0.33205908475818,0.0492326190827687,0.0764987335111656,0.0950258349585235,0.154062236567794,3580.8455272583,1,1
629,-2,-2.06677353671201,2.27428744745512,0.853165279007646,1.12488038286843,1.80181128134856,0.405465911065072,0.0505409127902476,0.0790723688487478,0.0930762396450409,0.152399912299051,3587.71660066875,1,1
630,-2,-1.73203720644744,2.34197443195409,0.725666346465259,0.901918029227308,2.17147101759221,0.312754766176823,0.0488189498230956,0.0784781969266645,0.100257794463507,0.16257769846362,3545.67495956366,1,1
631,-2,-1.96872611776298,2.20728932159894,0.941615784168285,0.96061256844627,2.10667674064455,0.349317746491467,0.0492731667333512,0.0759795208722147,0.0981214924158071,0.163877983867403,3507.90916870473,1,1
632,-2,-1.6445526868011,2.27501752149489,0.792004737223399,1.01168457279766,2.05338904986486,0.291436232334366,0.050025890402959,0.0790085235658123,0.101078504936962,0.163132067762662,3530.11339069179,1,1
633,-2,-2.45646319173689,2.29805436100571,0.845590091714354,0.923651778701333,2.05957314120195,0.471186090545614,0.0466056419242918,0.0749674854315102,0.0990352653615393,0.15585214485406,3583.76877448044,1,1
634,-2,-1.90141256014308,2.24617253843624,0.909441485999447,0.85962095703544,2.2102786767929,0.357665319933766,0.0481673432086093,0.0753234473393975,0.101125441460382,0.163958387975046,3536.83822502859,1,1
635,-2,-2.13016490916825,2.32988251079205,0.729901450266108,0.985520934304411,2.02526373746344,0.375111197791142,0.0497364739791881,0.0771685128522647,0.100959942901436,0.164010272139905,3524.46854153639,1,1
636,-2,-1.88394930542323,2.34444532356438,0.727185418524025,0.968744360744297,2.11109648556672,0.324019027825755,0.0491796178035969,0.075989500028022,0.101302065932277,0.164972346067069,3518.86977597998,1,1
637,-2,-2.0823174882234,2.26897537450596,0.831252922353236,1.10535720955607,1.86132857317686,0.379664745248568,0.0513702380295896,0.0792998124626759,0.09762250817493,0.161552072078839,3525.22663504348,1,1
638,-2,-1.62362323564063,2.19172676638452,0.943718832778394,1.07271688159776,2.00764625588506,0.285213534851962,0.0522937827971641,0.0812024778547604,0.0971759535080155,0.160740961658292,3493.07232751712,1,1
639,-2,-2.16689534838267,2.37127854832021,0.62736140837759,0.918049515435797,2.20484533474653,0.376555513987531,0.047476659761138,0.0768238215181647,0.0963898564339471,0.154756157741307,3518.24796004295,1,1
640,-2,-2.64360134818911,2.33631076662272,0.781412395792514,0.997200359035043,1.95587095860651,0.51831285305374,0.0485482944665051,0.0741858511763453,0.095862202711741,0.154699162585286,3574.00615571775,1,1
641,-2,-1.79018066904035,2.18187553353835,1.01231098906892,0.989136805058475,1.97590809198783,0.335146755960874,0.0487538004424047,0.0762098319619397,0.101694386584683,0.160482672155877,3587.83281739161,1,1
642,-2,-2.11542439328428,2.25237017356488,0.843800165305212,0.938642214890367,2.03312999572606,0.385627167331717,0.0476415832307126,0.0754986301322164,0.101200966933962,0.161489935322061,3530.99347481643,1,1
643,-2,-1.37356652066247,2.29956654867192,0.853272861022182,1.06070091518658,2.00923051761373,0.241716000987618,0.0504575643360251,0.0782201517717484,0.0991036047989556,0.157642238328854,3602.53552887522,1,1
644,-2,-1.82352541070691,2.28739848428867,0.820643764014935,0.853062401725032,2.21760194120544,0.349228934541642,0.0496919296784971,0.0773493022843814,0.10127076952558,0.165697161195393,3516.23612428004,1,1
645,-2,-2.06153563538282,2.35659514541699,0.725832691533174,0.920466907532225,2.09155627475148,0.366237161931839,0.0473342973531765,0.0752239039753298,0.103175588289992,0.164165597474843,3562.32317583153,1,1
646,-2,-1.85877346779077,2.29061504543265,0.85636652918449,1.08253045325722,1.92164355558706,0.336021792473218,0.0498010492705233,0.0762301675975697,0.0951929140286524,0.154521066304151,3568.23408457791,1,1
647,-2,-1.42932436153995,2.28506995322627,0.796597744710544,1.08028602138115,1.92628087538762,0.27450626923744,0.0518217955207731,0.0803883255293789,0.0988295826674122,0.162167314588269,3552.34642776993,1,1
648,-2,-2.10700246272812,2.21551146594541,0.866652444103246,1.02715123350051,1.88047459160629,0.388663304107801,0.0493031774619335,0.077435067903082,0.0942478101143781,0.15476587612626,3469.99152877899,1,1
649,-2,-2.15239562564363,2.23746139578778,0.914130272122295,1.01509844180381,1.91098634250801,0.422589276939022,0.0493922409948119,0.0770031233016674,0.0955638615825726,0.152616740125052,3551.17931744788,1,1
650,-2,-2.18370702877223,2.39055917068943,0.642440081867886,1.14341791096208,1.72679654964815,0.395163488045878,0.0479188370597168,0.0760185408186929,0.0955164961913526,0.157934940840432,3564.07178497024,1,1
651,-2,-1.92773776542125,2.22031561885123,0.933622416152642,1.00331037561085,1.95246062385875,0.368967355940553,0.0497577507859335,0.0765807593866563,0.099806212153319,0.162668820769873,3535.40814831723,1,1
652,-2,-1.99467700260885,2.29398480615485,0.804224079763067,0.920794513212735,2.1305543068619,0.371013602848128,0.0471908139235447,0.0740012265495432,0.0993450549617211,0.164090946329761,3526.47498889393,1,1
653,-2,-2.95312226381428,2.27274591175928,0.810924574490657,0.905773051376303,1.96360911695403,0.627277652176326,0.0472186118858852,0.073800159866533,0.10107519522776,0.158544956322638,3534.13326595991,1,1
654,-2,-2.39309407892467,2.28034282552033,0.834177458041081,0.794849851265223,2.20304127361956,0.464859576981468,0.0446258721434144,0.0719655627206749,0.100675371603834,0.161548923380728,3540.90879786599,1,1
655,-2,-1.33380699027068,2.29874357238226,0.868500990775049,0.890215405682456,2.34401919988121,0.240660642013899,0.0487113966235729,0.0761619229105664,0.101227046171023,0.164104020600918,3574.19765341961,1,1
656,-2,-1.73608073100425,2.24954492068567,0.823782309609247,1.07498563556444,1.67677872690789,0.364851689493877,0.0490595801263992,0.0776700873227742,0.097905979105544,0.162196277814323,3540.2909321456,1,1
657,-2,-1.83469082297799,2.32256441978042,0.741344754364936,0.928332368815372,2.17072649221017,0.342158344578018,0.0480890418705642,0.0771426547960282,0.0985657888079439,0.161378468409314,3539.14902319592,1,1
658,-2,-2.30819645124356,2.21957789786075,0.915984404772482,1.10883965910769,1.80448527380943,0.429285067901728,0.0508947067715008,0.0780594598816421,0.0965304561539262,0.156643365722928,3520.45823739145,1,1
659,-2,-1.47421807433111,2.32883869398925,0.773349110577123,1.03415403763744,2.1484404008784,0.26269449296316,0.051084719037258,0.0784128448503802,0.100908347687093,0.157956922234663,3600.90313696928,1,1
660,-2,-2.34179039424632,2.30714005277659,0.856415538595486,1.03531834871862,1.99906840501683,0.430545321417167,0.0503478130373029,0.0793697508709987,0.098098994760938,0.160242816748342,3585.45068305337,1,1
661,-2,-1.88147352147539,2.29372631674879,0.794956120993282,1.1071994346181,1.86827219780093,0.328371576215913,0.050013558810037,0.0779787579254594,0.0955468450717327,0.152512209192419,3543.59683015371,1,1
662,-2,-1.6536305270686,2.29120975694907,0.818391328468049,0.997307847612481,2.07804051871735,0.30532056038703,0.0472926126111288,0.0757405129192909,0.0986873180535151,0.163239393473188,3536.86397186276,1,1
663,-2,-1.90332667562774,2.23874932453719,0.934210450051162,1.0332047201709,1.97458219080197,0.349658942330508,0.0492753094693101,0.0768750187475209,0.0954049364357302,0.162855626489128,3505.6192134736,1,1
664,-2,-1.98745349120464,2.36131532042471,0.766254180635956,0.997422071244649,2.0826023112926,0.366920597715877,0.0471350753448167,0.0739813567433206,0.0991624252110263,0.162700202031142,3562.90677006162,1,1
665,-2,-2.06776870288874,2.31326561280808,0.746275908707251,1.11428442733041,1.79488868275871,0.370292611012132,0.0498788364523952,0.077896276127582,0.096951642688083,0.157129978619425,3575.95759368138,1,1
666,-2,-2.16247590207019,2.31193856399293,0.779359344291621,1.00840414239631,1.95290778102811,0.394405972583943,0.0483342793327365,0.0762988917768419,0.100730109030371,0.162423230032734,3542.98045894501,1,1
667,-2,-1.80726614811497,2.27520589283996,0.794247946938579,0.913255540290066,2.06993556062727,0.354347650080213,0.0490880656830541,0.074990188463221,0.102453531413004,0.170802558330849,3534.93336667632,1,1
668,-2,-2.17450837011406,2.34356029260214,0.727383736772056,0.862335289088605,2.08515544197015,0.424281464601071,0.0447139319105722,0.0712207289793406,0.100295528629829,0.165304777780515,3521.66485992014,1,1
669,-2,-2.01968351490182,2.35980542263481,0.634335463600544,1.00140994906458,2.03993858752351,0.355720707038762,0.0478264874144028,0.0784639684234199,0.100191688761395,0.157881387152952,3537.5593340641,1,1
670,-2,-2.40755439823126,2.26492870950943,0.830815710755884,0.795951610472464,2.29716975290965,0.453958593743864,0.0474236821613164,0.0731533783652486,0.102352475676209,0.167028235111436,3467.20175894981,1,1
671,-2,-2.00446784806537,2.25192163275369,0.91000057508696,0.870913529056763,2.13462189303879,0.383313336133203,0.0463274173951013,0.07296897839677,0.100069562357957,0.160464917113551,3550.37150215773,1,1
672,-2,-2.64223903685155,2.23283593220599,0.880530080653654,1.16356567712452,1.6357604593416,0.501184183561414,0.0480627523375656,0.0770730206765016,0.0928803813514322,0.150724161819822,3513.52443172762,1,1
673,-2,-1.58230884617371,2.30147449155577,0.82665663801296,0.838544725129091,2.36172271074431,0.278915852077109,0.0491014897579705,0.0773592119450369,0.102716521401034,0.171146241859008,3497.80477881147,1,1
674,-2,-1.70493810419418,2.37270354670083,0.750651503866643,1.15722716638767,1.89017506641514,0.309392655214794,0.0510190824030083,0.0779820224265588,0.0997343245600699,0.164924313810472,3626.60210845264,1,1
675,-2,-1.71307058349541,2.28133176406858,0.803567492312127,1.11633892508231,1.88380963706539,0.327791323974342,0.048718913381636,0.0777338037844939,0.0946502153154988,0.16153874173564,3533.00211840532,1,1
676,-2,-1.93543788358054,2.29328378795588,0.801275475233228,0.674191877932609,2.62169715844096,0.320294660488283,0.0477838242432186,0.0749268292446885,0.107134618570621,0.171561633011008,3483.10944433071,1,1
677,-2,-1.82888430853726,2.27843746025031,0.832828787643228,0.93489820234474,2.12305517834819,0.335254057083312,0.0484936451539711,0.0749666815117335,0.102254359646962,0.162482915371166,3549.59918965209,1,1
678,-2,-2.01121284516143,2.19065331338495,0.912728471530075,1.05457192167195,1.92931105574309,0.381005435413632,0.0516067775564442,0.0807957836925304,0.0986198032939452,0.16540617818099,3508.7188165679,1,1
679,-2,-1.92566974426839,2.27005399824366,0.755269225022367,0.850333104579033,2.12475553411863,0.366462412381959,0.0482156399488575,0.0753691567750356,0.0991613973164858,0.160817352745329,3493.82682188219,1,1
680,-2,-1.67371239694741,2.25569460990274,0.856884982253773,1.00822209152647,2.10909781189974,0.299715530082096,0.049138428494017,0.077575420265153,0.0961648285195617,0.15785579259186,3529.04412546643,1,1
681,-2,-1.94607044111993,2.245707218615,0.892490043046135,1.08827868702825,1.80439317836491,0.356765260585996,0.0496465476438985,0.076985759566289,0.0995775189164391,0.157105556931906,3572.25979389498,1,1
682,-2,-1.93315299881275,2.23372283320475,0.903426491322758,0.899592393017684,2.10375124019831,0.37620046877289,0.0468705793349912,0.0732264534490558,0.100191647420403,0.167397541254044,3480.89028286919,1,1
683,-2,-2.2079172957242,2.2447965871057,0.786947564134631,0.890263721530059,2.16325969697934,0.39890320178534,0.0501731168718148,0.078968789266227,0.099367284761526,0.15840521733171,3493.22206860132,1,1
684,-2,-2.1579066453753,2.32024836080651,0.780259014663868,1.14819026251975,1.85229522600781,0.400785179845125,0.0481713064829415,0.0771136538387109,0.091708011346415,0.152534673949083,3563.88779440938,1,1
685,-2,-2.42155295551047,2.30586120856226,0.778952543382547,0.942505022450287,1.93906044707164,0.474533946545396,0.0472493016784089,0.0750547919772224,0.0990514939140458,0.160911077400392,3534.60701781013,1,1
686,-2,-1.83209205585211,2.27140742972079,0.821566727152827,1.03723231900931,1.9771724690829,0.322550199913037,0.0501162776169986,0.0789987813662595,0.0978742828105295,0.159643877355576,3529.51077232395,1,1
687,-2,-1.84889927323355,2.34656114163622,0.748547923004103,0.893776884787942,2.17088558702606,0.336654149284026,0.0475853045916364,0.0736963835769793,0.10102130157183,0.162373895821958,3585.199777282,1,1
688,-2,-1.86440351544121,2.32589626235102,0.782818643667735,1.17266122443876,1.66990443800397,0.354476659037696,0.0491520165712611,0.0777490657835242,0.0970349153586716,0.157649006639416,3589.4837185245,1,1
689,-2,-2.34349732857246,2.2463636417842,0.836262771389589,1.08682805811108,1.88319442363947,0.412078957409651,0.0520870406853434,0.0802906318874721,0.0949789948331861,0.156850344727646,3503.12780168305,1,1
690,-2,-2.17807895490392,2.35026849716412,0.750894938984947,1.11651662134097,1.75197436101554,0.419494149184363,0.0496613239191988,0.0795981593489532,0.0975302671004776,0.155267039124468,3591.64259768371,1,1
691,-2,-1.889941438922,2.26148769418725,0.874948301601252,0.958986715812263,2.02289495580049,0.371030752362131,0.047770392697723,0.0732594141581367,0.0974236636722399,0.161974468337287,3535.76539473555,1,1
692,-2,-2.45820274635918,2.31780523449161,0.757623701701269,0.949514751299045,2.00409980600714,0.47003724588569,0.0474455321291858,0.0747818283905897,0.100203067013444,0.163150244002485,3528.79644507349,1,1
693,-2,-2.11053963606507,2.33250729961975,0.732230061977265,0.984437438166949,2.0584185956597,0.370252250564137,0.0495559730596208,0.0782330416257053,0.0975808601072915,0.155966520967559,3529.86027006578,1,1
694,-2,-2.04876864904644,2.24560911177692,0.877438878038755,0.922405810102675,2.00163564527968,0.400763998028619,0.048294947118216,0.0747166086793529,0.103536873060334,0.172301241644012,3504.2457982082,1,1
695,-2,-1.63842281446206,2.19488025851499,0.941077506112841,1.06168580031172,1.93431338824608,0.304338983451801,0.051018345061587,0.0782723003921958,0.0953515342385675,0.158471689029092,3514.43134601615,1,1
696,-2,-2.03767862229275,2.25353106096094,0.855048133845149,0.962938355609173,2.11356913017203,0.361751270993855,0.0504366495719839,0.0778569835042531,0.100720306884535,0.166784718336861,3494.03022990245,1,1
697,-2,-1.65008604413521,2.42962828083702,0.603778207859316,1.04216427693274,2.01500306330692,0.293858851245482,0.0485474220524797,0.0796402781422929,0.0967391694347092,0.156638898447906,3571.27907369382,1,1
698,-2,-2.09336091711985,2.24061873806073,0.874630583481294,1.1380802294419,1.77303816218967,0.372689568918961,0.0502087005678098,0.0803904936477732,0.0955711753092088,0.153054471649248,3521.99850106594,1,1
699,-2,-2.16728045196029,2.31204298327307,0.775312562154516,0.972871534805719,1.92514260649091,0.419925271605343,0.0470339405124712,0.0746116357503952,0.100171260744107,0.166712203386655,3524.86355181087,1,1
700,-2,-2.13886749339751,2.37659510489183,0.748344369014735,0.870399719915123,2.24298151371846,0.397003511248475,0.045375081390412,0.072960513370753,0.102541942991697,0.170352080260872,3546.43178898105,1,1
701,-2,-1.53921603181057,2.34637877834659,0.759975238688674,0.911819948030656,2.29048026410699,0.257044881865419,0.0484393325377504,0.0768139139132189,0.101399145591694,0.164080339752839,3538.41427273948,1,1
702,-2,-2.31453709471014,2.31244462666776,0.761179621017136,1.11503850394044,1.75568211199189,0.432752301530512,0.0487835112868109,0.0777320679747038,0.0953243957659504,0.157345735871011,3570.65871722888,1,1
703,-2,-1.57205162545519,2.30322001845157,0.808686980819985,0.965693976430942,2.03584391444983,0.303529524812476,0.0475314255915695,0.0756891031064908,0.100995644743051,0.164945004651864,3564.21804255117,1,1
704,-2,-2.00785476548927,2.34462003813292,0.72273014312891,0.993738876409714,2.02030601873173,0.350481937701693,0.0486772984374242,0.0789215452709592,0.0994648128944956,0.157259642520891,3532.21531151185,1,1
705,-2,-2.48122769598784,2.27227665616297,0.844227387016362,0.962741874114805,2.02506466183654,0.453875029257722,0.0510599485164078,0.0770757876073624,0.0983324958456173,0.15630446308836,3524.08657292739,1,1
706,-2,-1.78195726273645,2.32654136403735,0.786601540941531,0.929385969470035,2.13557551883798,0.32486156332008,0.047083162540568,0.0746424720929109,0.100061946903797,0.163021587886703,3540.26159392684,1,1
707,-2,-1.84263061286442,2.31277598057517,0.799079177877472,1.08806138944972,1.95455256388493,0.324133465315264,0.0502175010619061,0.0785615552095269,0.0959991591345362,0.15900641505011,3532.1211014359,1,1
708,-2,-1.67442069719847,2.29402718645204,0.775793232121349,0.904668537965191,2.15056889903796,0.309528640923187,0.047864547114602,0.0750537941735307,0.100491876308995,0.163664409716459,3517.41062132491,1,1
709,-2,-2.39676690739113,2.34198051941237,0.712224224789346,0.793220418443839,2.2178171176099,0.456917310124452,0.0459500909939372,0.0726943501911073,0.101667745861428,0.166570701171187,3518.67069322564,1,1
710,-2,-2.07668105194473,2.19886648328953,0.948601696528492,0.973435626219677,2.08118133466948,0.364261066696982,0.0502769381717469,0.0771881033867829,0.101456289384168,0.164630366522763,3526.42420002218,1,1
711,-2,-1.7316703998468,2.41021846020467,0.675451092936108,1.05016675738802,2.01394458653311,0.310207757411888,0.0480642164533186,0.0763452735885171,0.0972088538070921,0.162214593326443,3583.19150639189,1,1
712,-2,-1.66265409705456,2.30680985838366,0.788435344288131,0.941998513078659,2.14615522144332,0.29717036987947,0.0487977932718819,0.075756621927607,0.102024787914421,0.166281836952382,3545.49014076926,1,1
713,-2,-2.14913825730649,2.32925347348946,0.800610618961438,0.969692567540617,1.84858540480372,0.483253314665143,0.0444419342477901,0.071124126722736,0.0970028909996276,0.163964058135706,3543.98378136299,1,1
714,-2,-1.78457630106563,2.24116767913039,0.914242301560065,0.933800994097933,2.16247277633256,0.325130784938619,0.050988448830342,0.0762982631957456,0.10409810604527,0.168743005216345,3523.14321175719,1,1
715,-2,-2.01316830319246,2.28919215507946,0.825298619944952,0.837422440114605,2.26266035272635,0.364360632982083,0.0479253225866861,0.0731461589941804,0.0996743340296511,0.163550100345442,3502.00529763895,1,1
716,-2,-1.60620515816892,2.30129951486,0.754139565268285,1.04221940310098,1.85190481719275,0.315047773183097,0.049678080852649,0.0775281131312861,0.102882859705159,0.160260160482064,3586.15854588628,1,1
717,-2,-1.94413391675549,2.29211350454552,0.808177728543891,0.993138897225145,2.02301415750111,0.34785609963037,0.0481587234617027,0.0758383344119868,0.0990549038947365,0.160270566269781,3545.39775985848,1,1
718,-2,-2.17776115577649,2.33372853869552,0.789798176855359,1.11052204507441,1.79753676529296,0.403186054319548,0.0499221253288465,0.0778708975923427,0.0959276301391268,0.154128580924181,3595.66712115471,1,1
719,-2,-1.93046591526414,2.33604457516065,0.733255949472807,1.07442782768888,1.81844042048899,0.403397388148723,0.0488456804983724,0.0752531806166291,0.0951958776159128,0.154222518624062,3599.51495480309,1,1
720,-2,-1.79879846209173,2.32983869836249,0.757166061898584,0.935474617998195,2.00987988021345,0.368273349249411,0.0461350918745767,0.07305934942579,0.0999916041685554,0.16322664908142,3556.97616004273,1,1
721,-2,-2.4887769303922,2.30187219416875,0.802189588527418,1.03203745425028,1.91394528053505,0.469765810926532,0.0488531122473673,0.0770038256942903,0.096235752638295,0.156685321252199,3545.0648012002,1,1
722,-2,-2.10578194530829,2.35821974103744,0.728352677573324,1.00647124856954,1.96719974437004,0.371251386049073,0.0480057584504647,0.074992863254252,0.100883750418102,0.157454250418523,3583.2992100161,1,1
723,-2,-1.81210171241823,2.25029437701727,0.895920988885871,1.2212809929368,1.72993395956182,0.320808940898287,0.0501774721658051,0.0777280197353791,0.0935309539932078,0.150601862193163,3566.14471426551,1,1
724,-2,-1.87942545875673,2.39802848518101,0.718482024521835,0.933702924371944,2.07976758716687,0.389307982415019,0.0455773111513811,0.0723250268035129,0.0999971046212328,0.167543995811539,3599.25342567575,1,1
725,-2,-1.76610208748248,2.27834625864224,0.83771428631148,0.984606737819497,1.98346403581219,0.336940938646806,0.0500679718415868,0.0781935355898354,0.100243762544939,0.157914711145643,3563.85457480652,1,1
726,-2,-1.44872560274094,2.2755413373105,0.805354496065474,1.03767571726098,1.91223404668342,0.292308140227905,0.0481680658280824,0.074776727583537,0.099748701078159,0.164665109074734,3565.34627171809,1,1
727,-2,-2.32460639815874,2.28104001595785,0.834564333504848,0.918292485399176,2.13655743293216,0.412400116337722,0.0483008114706142,0.0756236422110618,0.0981142429593744,0.160305372628429,3503.74229157329,1,1
728,-2,-2.45851524115707,2.29734917012749,0.785588310718673,0.847343833915571,2.18897309202787,0.455994633017548,0.0476170165302578,0.075674949884344,0.101332230580792,0.166129021702018,3511.82369395623,1,1
729,-2,-1.94244731388475,2.26994508008753,0.846858680396427,0.852289080351681,2.22861846097011,0.357587281513036,0.0477836253312417,0.0742060798040393,0.105380173847925,0.166638249243324,3558.98968475039,1,1
730,-2,-1.99694183642587,2.35677890451433,0.713128768929635,0.974986600707239,2.06000826803699,0.366416189163588,0.0471879495652447,0.0748424215292234,0.0988514858899426,0.162206176219886,3553.79906877745,1,1
731,-2,-1.7778618470736,2.31807731289692,0.767015814073321,1.18856942310742,1.78327866889327,0.333544429952518,0.0492516656680754,0.079422830672839,0.0931175127625237,0.15596581395159,3561.20761953807,1,1
732,-2,-2.51850295499523,2.39829097112877,0.685012451066682,0.949344627523364,2.0122898510603,0.465858537697486,0.0480288527175819,0.0754365859204598,0.0994530013916802,0.161064481333063,3573.2772037215,1,1
733,-2,-2.82190721576651,2.24817273572165,0.876436494970157,0.908140445965807,1.9515641234411,0.583975449509039,0.0472815287133849,0.0737226927137771,0.100535664380084,0.158861615717428,3522.23629454573,1,1
734,-2,-2.13488546748372,2.33707164970361,0.761399341739469,1.05546552892389,1.89652042254804,0.404347316956954,0.0473622545183279,0.0740839786836023,0.0979576768053644,0.156439077008985,3586.5583671203,1,1
735,-2,-1.92276174000283,2.20451586708893,0.967943412198116,0.989018693230987,1.94679737783733,0.362498267993503,0.0488476439691859,0.0760293659202722,0.0996117498327416,0.159713062323012,3547.38017715601,1,1
736,-2,-2.23643753683183,2.32181611641967,0.789833119522238,0.89437809997818,2.17945674492685,0.42118809892392,0.0472233465084242,0.074431534596408,0.099647801379944,0.161292370148824,3556.39943267719,1,1
737,-2,-1.75930165158074,2.35084800631382,0.701528683505121,1.01561145375575,2.05158310527812,0.325162826367205,0.0476885970508944,0.0749436679308928,0.0968865506079997,0.157700371404771,3547.08478571183,1,1
738,-2,-1.69760060207667,2.26485378294459,0.850792474417255,1.10614175735158,1.80627286095344,0.329436750762525,0.0479442184923929,0.0768479321967839,0.0961176146362465,0.157301287605209,3569.69881092897,1,1
739,-2,-1.58815896660858,2.26817678443004,0.831872174189907,1.03872962833246,2.02636608802388,0.286169586590822,0.0500370943309804,0.0786751051458926,0.0970202033152211,0.161310232992348,3509.90823170747,1,1
740,-2,-1.57082959658471,2.30266484255491,0.778922065480957,0.958373284675432,2.12182887286812,0.284263416620883,0.0487877500950478,0.0762295863518302,0.102725570943555,0.169129417273669,3541.19699913489,1,1
741,-2,-2.10639488010228,2.33780333011601,0.755692425782572,1.07692971178945,1.81538624226717,0.417668136484524,0.048787259875113,0.077611683711936,0.0977918658896184,0.159332244546978,3582.18967656147,1,1
742,-2,-1.35378316323828,2.29205188758436,0.799867031410978,0.817916974150041,2.34230491618803,0.251556188881183,0.0472069922148819,0.0743585646364883,0.105833595919142,0.175576850297397,3512.06365332942,1,1
743,-2,-2.03877614935069,2.32690610674662,0.766500102993822,1.08727478795749,1.95254542212452,0.372394076135938,0.0486400902683594,0.0765817983175404,0.0941604585296788,0.152936520200079,3547.74132306569,1,1
744,-2,-2.44107211677447,2.36109909174752,0.654972281878249,0.950793650364947,1.97727674471816,0.470241040365769,0.0466894952979922,0.0751490548137156,0.0969176453443427,0.1621410601653,3485.14263880389,1,1
745,-2,-2.16043850458938,2.30037395290863,0.789440307278932,1.1262242030033,1.80210902790625,0.401082997785733,0.0499920686254541,0.0788763106680537,0.0948741728284035,0.153982995003707,3546.62690638184,1,1
746,-2,-1.93308416776556,2.18993808157435,0.989393033754404,0.86510207915436,2.23824196473666,0.356548787713812,0.0491877042699211,0.0747197852550201,0.100260410063285,0.165224934329403,3498.81933459319,1,1
747,-2,-1.67270473094227,2.33101550674859,0.773085993194953,1.0051061390168,2.07763905510566,0.284570595621316,0.0499278659072119,0.0785050815663688,0.103228745849761,0.167467275422228,3570.69460113804,1,1
748,-2,-2.27535131830277,2.24386174630334,0.845170704563167,0.950507776544183,1.9472030836059,0.450056237447205,0.0490467996041386,0.0760352933542979,0.0979234516631208,0.159212520769958,3526.30371022614,1,1
749,-2,-2.40320427612397,2.28978878651487,0.783854478411814,0.936556465168307,2.06576844073935,0.436347605972851,0.0478418381799622,0.0765301128450924,0.101528592125368,0.161762411546054,3507.73432875702,1,1
750,-2,-1.80832884451234,2.46239732544835,0.538623098900405,0.960198784797643,2.05125887725802,0.339449208365693,0.0462308305900924,0.0750573392713712,0.0983373966592116,0.164642457354705,3556.3644214008,1,1
751,-2,-1.24628436568121,2.36316388386373,0.67402118716719,1.05199587613363,2.09309562520332,0.22715774898878,0.0490223962960157,0.0777590368510638,0.0991125190237121,0.15985858543945,3590.46235377214,1,1
752,-2,-2.48754718661698,2.27042280113381,0.86411143960127,0.955957145160439,2.03822237184346,0.447867159501743,0.0477729096174387,0.0753445060620757,0.0967077875205505,0.156572757547551,3514.71795898942,1,1
753,-2,-2.72297835464421,2.29644147416586,0.812864679055348,1.0577571242558,1.85319475725038,0.495375141715198,0.0497234650371905,0.0763548228747968,0.0978237260312277,0.152206650105331,3565.36729804135,1,1
754,-2,-2.50760306779091,2.31526017721603,0.7693472705683,1.0104881418838,1.93989922699285,0.476070263016918,0.047050026447186,0.0730633676345229,0.0957272894420427,0.157973708409397,3534.25391800862,1,1
755,-2,-1.6818933339948,2.24813604792747,0.910946973891876,0.800560657419701,2.38762097806703,0.301008029279392,0.049298167053278,0.0757641132739042,0.108883674136699,0.180703065469426,3485.0244408095,1,1
756,-2,-3.23350329714724,2.33289870459337,0.764003182376564,1.12097572387713,1.6763431842777,0.632051022267386,0.0480011805899209,0.0759702603036255,0.0966532378515336,0.155766116661209,3539.42926877377,1,1
757,-2,-2.28553948052322,2.33116945818508,0.742479688320541,1.03245250420987,1.95329422778246,0.411157863048098,0.0481013648581642,0.0784722256424169,0.099655566322729,0.157911577315984,3543.32570639078,1,1
758,-2,-1.5705019981138,2.30773547740166,0.749714137086577,1.08635687141224,1.98510266984906,0.264891097437902,0.0517551881387676,0.0802020819059883,0.0980205965770259,0.154450637593384,3559.75571393349,1,1
759,-2,-2.08425685550665,2.25110300731558,0.920422140759636,0.96302743050267,2.09487682376722,0.389090483122327,0.0501197242465964,0.0770673782833203,0.0999125266857226,0.161782381906596,3557.24709304506,1,1
760,-2,-2.62685522228255,2.26676779973422,0.824981936007626,1.11297542940123,1.77753914175419,0.508867598219678,0.050196238204913,0.0783284127542371,0.093989589186699,0.150469353993621,3529.74925167006,1,1
761,-2,-1.31272786965506,2.27795807031714,0.781990978667073,0.942639814880435,2.27349495471185,0.241160566089491,0.0480807517250245,0.0772358810544014,0.0993799971940988,0.171395943487882,3504.97143145226,1,1
762,-2,-1.87801806703617,2.29820842404358,0.778734639693492,0.97207075154565,2.0919118305367,0.338887411656496,0.0476650704143325,0.0751246794265742,0.10042322808489,0.160620865028648,3564.6035130264,1,1
763,-2,-3.22570149206623,2.32564604426062,0.718616066636973,0.925552189038101,1.89751858825579,0.678884700767422,0.0456204660011853,0.0730888144666975,0.0972016016174063,0.158616971658691,3500.84246897894,1,1
764,-2,-2.24432640003,2.33616117145734,0.709819875033563,1.0910690535818,1.83125990011491,0.424122577716572,0.0486533297414853,0.0772261613172176,0.0917349059448213,0.152819675385748,3545.77558727195,1,1
765,-2,-2.04803387388715,2.29317812361805,0.736774465717647,0.909077704855528,2.06329539299356,0.38196648479775,0.0477445927980261,0.0763439152998054,0.100838480462428,0.159880453516779,3522.36781908111,1,1
766,-2,-1.49449815231928,2.28742426326146,0.813696977369159,0.776576933899845,2.45142526661675,0.264164744851618,0.0477989417071656,0.073724884518661,0.105569427450077,0.171508029326907,3543.62702109647,1,1
767,-2,-2.30893944533818,2.28249474443473,0.85804742806029,0.934973715572632,2.06192234141878,0.415130449850416,0.0482698696138003,0.0746130520567301,0.100196712472461,0.161678118319748,3503.27247536171,1,1
768,-2,-1.70321276362423,2.34118065653639,0.808940201399361,0.960451580001692,2.0382943270893,0.330975325874728,0.0475289955762717,0.0741772174679883,0.0984221309795436,0.16241970992403,3602.7310494098,1,1
769,-2,-2.44137824259699,2.30298034077299,0.766440201897617,0.926745160982247,2.03644753650468,0.472688219439196,0.0483919008776681,0.0761453131135958,0.097122986993776,0.158097283899496,3499.73082753552,1,1
770,-2,-2.38718622723904,2.30989622576289,0.779000338292552,0.955963118618802,2.02765322465565,0.431381410362389,0.0486435868606407,0.075581156135981,0.0981199262822328,0.158527578884435,3525.3489124223,1,1
771,-2,-1.786043831832,2.20223736366061,0.928078489778517,0.880115095650144,2.33425771728692,0.305507753752764,0.0506315408585361,0.0770599614595143,0.0993861958372315,0.163395260294972,3511.03930094547,1,1
772,-2,-2.22265279891964,2.33162731316981,0.784628228624405,0.987498202424967,2.10268987738079,0.384780125101929,0.0485159003426776,0.0773930146282378,0.0984862745253067,0.161468565624104,3518.68308279491,1,1
773,-2,-1.78308292318981,2.26701397488501,0.865404704663579,1.04789610231582,1.9632785036235,0.336071449549747,0.0496398543969575,0.0788393957143611,0.0976254402283387,0.161183797576414,3551.60778724745,1,1
774,-2,-1.99159871310981,2.32067103374995,0.745351148779545,0.987779768440393,1.99814826399312,0.362766261380073,0.0480284367687634,0.074350670647936,0.0999480968534553,0.161166280354327,3541.5989538024,1,1
775,-2,-1.60951495979518,2.25010537113808,0.835133781230034,0.992595879522915,2.1275267175456,0.278891876471954,0.0494060296072797,0.0777071571308483,0.0978860826560371,0.15930525347164,3492.51337433023,1,1
776,-2,-2.15159399599017,2.37284484602588,0.70584840911944,0.991732990472369,1.96240697950332,0.442189549438742,0.0465662584988561,0.0734102512950563,0.097417754624982,0.166186716390954,3538.09484403794,1,1
777,-2,-1.94794296825612,2.35170260002076,0.717843491198537,0.863800889849896,2.17727601579911,0.36452163011638,0.0453660079469515,0.0736814660976739,0.0991703433251524,0.164235339402945,3528.43707347007,1,1
778,-2,-1.9735369453535,2.26392052008494,0.863283338869182,1.14752854094787,1.77704490919356,0.349123016821839,0.05081407195954,0.0800824845493919,0.0986795971701448,0.15767260720036,3559.58180219066,1,1
779,-2,-1.76226072296519,2.25478501179736,0.913639565960637,1.0758939810526,1.89396389607614,0.333867740823406,0.0495700920077921,0.0753759950968256,0.0943283844585448,0.158325606806879,3580.49940624706,1,1
780,-2,-1.91326811845424,2.2826588488589,0.865464316477,1.12127871573347,1.80507490729404,0.350237354594681,0.0494215680837722,0.0783712203437394,0.0960116209505323,0.1539880300994,3578.61220650232,1,1
781,-2,-1.89027428678364,2.31657711647822,0.804249119481596,0.99455462505501,1.98668495012308,0.346114908859596,0.0474969643605422,0.0748529435288419,0.0982425860442229,0.159293041559035,3570.17679707995,1,1
782,-2,-2.00929483747605,2.27859386363599,0.812643284018787,0.94258813104905,2.04469189333333,0.37066091737419,0.049651899784709,0.0776608953705182,0.101633405591372,0.161995880113498,3543.19167433528,1,1
783,-2,-1.75933584696235,2.3399643207808,0.730055482939667,1.15275888528764,1.75378127076481,0.315625733655438,0.0490514368058952,0.0777563286467807,0.0969897217004278,0.16068298440006,3558.54126146873,1,1
784,-2,-1.53256313430273,2.41401593548473,0.648948979227315,1.01518752347669,2.10860076375392,0.285377405845137,0.0483865091159805,0.076014827533403,0.101290609484656,0.163249238686428,3611.93505782396,1,1
785,-2,-1.59782153452353,2.22829716121112,0.905602085418727,1.11519677846979,1.93455943679527,0.295807328124327,0.0513231615136198,0.0780947904018501,0.0956653398240171,0.154687790504012,3558.8625886318,1,1
786,-2,-1.57890109942485,2.37314513985334,0.724072130236601,1.08785930957735,1.95359979077922,0.294151646662271,0.0489151220976057,0.0766095263851169,0.0976756490658831,0.161108068705298,3603.80653178083,1,1
787,-2,-1.48744310249775,2.26836883187119,0.862173675060471,0.999717664054054,2.14445155747389,0.256689423261078,0.0490201224023907,0.0762177851094778,0.0989559240846545,0.158778580400844,3554.15564595419,1,1
788,-2,-2.30135047363823,2.27264051029895,0.881224908882791,1.03507773072589,1.88563547211623,0.439114909775557,0.049148115473501,0.0752454628066007,0.0971936047100811,0.159736791105173,3564.02866197064,1,1
789,-2,-2.27367107108979,2.2152532291394,0.899812412841817,1.02158373608919,1.90162697526543,0.439124593619518,0.0493693995760442,0.077262598291629,0.0969674979255975,0.157455424812819,3528.84184458954,1,1
790,-2,-2.10925826432452,2.32703524526516,0.827721268245062,0.990161937758335,2.00999818802531,0.389385497271048,0.047997804111061,0.0754096850657358,0.101652970356879,0.162650444507399,3574.73114780943,1,1
791,-2,-2.47600777669184,2.33790747162296,0.72937979085501,0.968893287333381,1.9449888787039,0.468401753166143,0.0476577929229055,0.0769084339111489,0.0998336469860876,0.164179978115959,3500.73001024306,1,1
792,-2,-1.51610225034279,2.34261096421877,0.729506014230771,1.02743951396893,2.02182511568934,0.274226197439088,0.0485201069509666,0.0777715847379587,0.100493710147655,0.16086241573332,3580.32263584031,1,1
793,-2,-2.44714293281642,2.29892453318936,0.849069624121676,0.970498909120043,1.95667832900922,0.469909811708589,0.0484908172609508,0.0754744023200837,0.0968897428194622,0.154809206556228,3541.13891593423,1,1
794,-2,-2.55519860554123,2.31690190477186,0.700980372187876,0.999514518682931,1.98639812793531,0.458016129954549,0.0500004156172033,0.0788722625914959,0.0966028790395042,0.157275008424872,3531.83817193358,1,1
795,-2,-2.10795398594494,2.27079279127727,0.875746090994675,0.92259406852867,1.95395135882201,0.413813271594001,0.0462134739449025,0.073846743443126,0.0994637843551806,0.157604954289428,3548.26456245812,1,1
796,-2,-1.74675850504987,2.27677328521715,0.861340608407986,0.869815408015101,2.10617747223371,0.340954904450206,0.045665736267247,0.0723282529144643,0.101852609191569,0.171426752867154,3524.36546620662,1,1
797,-2,-1.87981068598527,2.30585233494648,0.789298308140446,1.08376552727184,1.82284204367735,0.373369472714262,0.0483338288129996,0.07678836953312,0.0971990273514854,0.160863979261867,3562.96258819234,1,1
798,-2,-2.0258192792616,2.30798485396911,0.825127231334467,0.918051369459406,2.15754208282315,0.362305798390983,0.0487690006689185,0.0760945625578621,0.0998399666568189,0.161850149900242,3533.35064047446,1,1
799,-2,-1.73763779028785,2.25053827495802,0.92029410423983,1.24866306306177,1.74939188101352,0.304024367970449,0.0514835122849794,0.0796620633639401,0.0920346895832947,0.153932224833112,3559.29926230521,1,1
800,-2,-1.85860214371877,2.30490590051646,0.7925671528803,0.944644886330143,2.02992188004546,0.352766440999304,0.0464155030236208,0.0739737431949983,0.100653467986679,0.163896395218188,3543.96476210248,1,1
801,-2,-2.1264669760276,2.27048487802748,0.787463858554311,0.857171672919056,2.1502896996694,0.394149396369703,0.0464187524876447,0.0741236748261039,0.102938503282072,0.16703506753897,3495.43698689038,1,1
802,-2,-2.42004114210556,2.37224107269033,0.642633526488374,0.787219347876806,2.22300766218513,0.458204762119749,0.0455424978191956,0.0735536264179015,0.0987795381812157,0.159712113001931,3491.23046653394,1,1
803,-2,-3.26531151485867,2.29674969171912,0.800984976005574,0.938079196372651,1.92876652273661,0.68553894822521,0.0482912540918994,0.0757412768453319,0.0986351915319765,0.158576070745989,3495.5854700243,1,1
804,-2,-2.26984561878836,2.33111086946799,0.765116869073743,1.00750685089411,2.01094642081021,0.383831868555245,0.0480615832494679,0.0753590171148824,0.0992631372614555,0.157484589062161,3548.6294155414,1,1
805,-2,-2.6918339787219,2.26964161888797,0.823347810844903,0.906154455121995,2.04232759759689,0.526355514331587,0.047304130496254,0.0735124758416451,0.09661382878568,0.158553238057124,3475.0151553558,1,1
806,-2,-1.46232533512195,2.27171042696127,0.806004105685427,1.10463824802054,1.98733885848793,0.273409579502438,0.0515407738737935,0.0800801579922975,0.0966413921449679,0.161012015909831,3514.59604846555,1,1
807,-2,-1.8823107655274,2.35043664697114,0.815880612323669,0.989134087086111,2.08884308174742,0.311969943436024,0.0499279723429264,0.0771903210914177,0.101555155494607,0.161223423955032,3556.10798181361,1,1
808,-2,-1.806898448828,2.29063803146236,0.89425090389121,0.717647071859986,2.4190308599511,0.328782492114032,0.0460390781998662,0.0727981922028065,0.106942321405696,0.171501907955476,3539.39182673282,1,1
809,-2,-2.23368740047076,2.25553743040965,0.829959476238076,1.08623566237378,1.82871545764454,0.418161414301419,0.049061674817944,0.0779817655845448,0.0950977428201719,0.155398045587728,3520.3841406116,1,1
810,-2,-1.50327960726379,2.26254162301948,0.846770532344052,0.880457581595752,2.22419328115537,0.27600274895379,0.0484336092024633,0.0754100563588289,0.104326067089194,0.166099753426571,3547.50873914068,1,1
811,-2,-1.74534048588631,2.29393861506717,0.813019227326739,1.01097038749444,2.07381529881648,0.31662013855505,0.0491605574002538,0.0761097771486194,0.0968156682953563,0.158170570705541,3551.947420574,1,1
812,-2,-1.98143746402543,2.2753690150735,0.824550203813501,0.940196623135622,2.06538862715208,0.361807981294798,0.0490392574082226,0.0781249122053051,0.0999696242688885,0.16325853830769,3515.97707237488,1,1
813,-2,-1.96309494211306,2.33920732776432,0.739528548097592,0.995384679999261,2.08023519753904,0.343611781880679,0.048466032177354,0.0772820562677533,0.0994487990311879,0.161159269766151,3533.94745901309,1,1
814,-2,-1.92656649575117,2.31268640895441,0.792043794914299,1.07172040550066,1.83287687770905,0.351263235972616,0.0478312873030379,0.0739079084175321,0.0989735959686114,0.161198215903778,3578.37715807164,1,1
815,-2,-1.58626581183422,2.37999626024408,0.693904201793003,1.11645130201385,1.94997447896924,0.286484788210254,0.0504449744705975,0.0784562381516811,0.0963390784197278,0.158420016569926,3612.16627815268,1,1
816,-2,-2.45009845826562,2.24727929025945,0.852233588986195,0.955054518979834,1.96352694042643,0.468855508043064,0.048498301617085,0.0760663591375851,0.097808087731229,0.158780836550771,3499.83466988937,1,1
817,-2,-1.85521954065169,2.3747664703762,0.7612082933177,1.10293571062813,1.93621093589255,0.331112533050674,0.049612781944971,0.0782224411694153,0.0981292762267213,0.15879689178381,3592.78171350558,1,1
818,-2,-2.16595061261413,2.29587509133789,0.788992146549686,0.927506010352856,2.03694859166075,0.38576963796696,0.0479272991635344,0.0752513026048711,0.102754935328136,0.163543392733573,3527.73475607386,1,1
819,-2,-1.73058047414724,2.30347797973766,0.778948916517721,1.00807491799468,2.00651476632956,0.331701837020077,0.0502745952139547,0.0771258810603736,0.101906639866708,0.16523984703288,3575.10939149183,1,1
820,-2,-1.93557680572532,2.31428259231757,0.754930673723401,1.07282209317524,1.85876656674753,0.345260201578177,0.0493299859324029,0.0785798789468825,0.0977243999958514,0.159542557582515,3543.24717032785,1,1
821,-2,-1.44830037939598,2.35040200741505,0.722740434664453,1.01139693251115,2.02217922319313,0.270333661650974,0.0484012589086504,0.0754817931589925,0.097803261415645,0.159106237388272,3569.16644589044,1,1
822,-2,-1.70248995831602,2.26727346668778,0.866142365607575,1.00186143387104,1.97410857060592,0.346071325021581,0.0471693655798532,0.0730247730698761,0.0965403452838126,0.159466406524487,3569.37255655956,1,1
823,-2,-2.4065443841065,2.35000512196573,0.729721984720563,1.00313128699423,1.86128366190375,0.466448086595182,0.0481095239950856,0.0758476804130495,0.100455609281591,0.169081877650288,3534.24250676837,1,1
824,-2,-2.0658838513291,2.27298815364838,0.853375627643677,0.996445363705503,1.99984498281873,0.398372916953277,0.0498346502806163,0.0789360459029381,0.0985620359498665,0.161537487046317,3552.17919903184,1,1
825,-2,-1.68519108967383,2.27432468753323,0.855589757572855,0.841252568882166,2.36377996948248,0.294037698862237,0.0493836430930957,0.0762089550057109,0.101780006179225,0.166262750984479,3531.48556875394,1,1
826,-2,-1.93725374323532,2.33404274464107,0.788443213783786,1.09760305621317,1.93851105359382,0.347682499178283,0.0490393354547296,0.0780541395436261,0.0971111241253973,0.162084531029871,3563.33667865858,1,1
827,-2,-1.89471367814074,2.27587736725795,0.856453527399211,1.08207308283723,1.93096433235689,0.344152749378518,0.0507829767202792,0.0793874489569754,0.0936043064864435,0.155939035269042,3544.32158575345,1,1
828,-2,-1.62333033761329,2.26751732716094,0.833117544808199,0.913116170977312,2.1169401910752,0.307166211113376,0.0484423797042482,0.0747831661467646,0.100382487050991,0.16532309542687,3538.71321472149,1,1
829,-2,-1.83309141070407,2.33962847105114,0.759547959705158,1.09094483557104,2.02667917652563,0.314135885867511,0.0480338656173623,0.0764689759858811,0.0969758263583113,0.159691570438373,3529.45247493157,1,1
830,-2,-1.39180033079434,2.26749379109189,0.876412488459702,1.13427047613939,1.93227695144789,0.247246981937294,0.0506940372757221,0.0809290965287858,0.0981708676916134,0.16089163930917,3573.22690239196,1,1
831,-2,-2.25788339394688,2.29837956121384,0.837660824127174,1.06477553756315,1.9232543700632,0.424010009397818,0.050120333884055,0.0790153388924204,0.0985102919738682,0.160028389366937,3556.99832080507,1,1
832,-2,-2.55021147680982,2.31318254433885,0.736085057089896,0.890177514547303,2.10547529455588,0.510062049827653,0.0472719377462953,0.0752872367561897,0.0963564286261066,0.160773430510081,3490.56095105524,1,1
833,-2,-2.2296884600153,2.34570366476319,0.772958960229357,1.01054040087045,1.88826686480553,0.431582884358856,0.0469548882173961,0.0737319646689435,0.09856208756516,0.161052786317317,3570.43830018231,1,1
834,-2,-1.83110740114988,2.28746776496207,0.850984528006113,1.01400568017036,1.9377158620958,0.355829490061649,0.0494501063232658,0.0770637625725646,0.100962394149856,0.168492729548221,3546.29650410572,1,1
835,-2,-2.02177608683279,2.242564245085,0.859893394904574,1.17840680412943,1.61302963632762,0.387949643063696,0.0512039709593244,0.0794462212281974,0.095033536918705,0.154799551329088,3554.56328572699,1,1
836,-2,-3.01355824477868,2.22626223693584,0.885671744482711,0.91361570193482,1.99298864230436,0.591911238085844,0.0488551754132934,0.0753836402456442,0.0999308562915692,0.156591654192651,3514.93859686483,1,1
837,-2,-3.37789797914531,2.26802220549371,0.842605967238536,0.864322650479582,2.05757903133664,0.695132405419147,0.0457967448330071,0.072105688060378,0.0967499530099716,0.154944347453706,3483.53832313451,1,1
838,-2,-1.82825068634199,2.2733472166202,0.830674676968801,1.0590746214492,1.94495063158172,0.352076877667864,0.0493342382177306,0.0782384179387667,0.0952670471390038,0.157699115809002,3548.94850507306,1,1
839,-2,-1.51136175353125,2.28864184345229,0.845326678393306,0.981471564397121,2.20568556421902,0.258452717652727,0.0516468819147156,0.0804761882181474,0.103269751553964,0.167650626313089,3567.18991990121,1,1
840,-2,-1.72814335515332,2.27069415469497,0.839878992441762,1.18182719358504,1.75009095415028,0.323393021264821,0.0496302113537242,0.0787903374217745,0.0974525001989263,0.158823220553952,3570.47846118632,1,1
841,-2,-2.88350004324273,2.27698097354843,0.819959047847096,0.942169133233565,1.96924668701286,0.564098509218688,0.0483053609482349,0.0766821404794277,0.0967295966374264,0.157043313403647,3502.09859713474,1,1
842,-2,-1.5891372103696,2.35461648900946,0.699833183017076,0.754190386003336,2.47716744853557,0.279443447975684,0.0470343676937898,0.0739889072610166,0.104247681808134,0.171925655683823,3510.46547148267,1,1
843,-2,-1.85415452359954,2.31663505734373,0.743067983073166,0.957388631215812,2.08335389641607,0.353360913076874,0.0484144805663421,0.0777621126980633,0.0997582174772375,0.156368652806579,3543.49977250198,1,1
844,-2,-2.61266514263501,2.27870209349701,0.884462642496591,0.996671733185147,1.79629279020308,0.525465948522872,0.0472747865944826,0.0737882135608124,0.101248592361507,0.162643554856588,3567.42018541738,1,1
845,-2,-2.69628150468268,2.31523639912051,0.726618307849412,1.03341803310785,1.81421493953332,0.540896120778304,0.048513655133018,0.0765605360403538,0.0987799431088843,0.161106993255822,3529.69187357501,1,1
846,-2,-2.45361000399287,2.27698057677466,0.822979574751912,1.07402614284203,1.87909479238935,0.447539713505002,0.049548007273128,0.0760501106368539,0.0933913945511433,0.15157799891843,3535.46618894332,1,1
847,-2,-2.05376473513988,2.39528985003343,0.576982885916113,1.16496360766345,1.79717550360899,0.384181101453447,0.0480776078355615,0.0806463766162689,0.0936275928978499,0.158813249451998,3528.31778004656,1,1
848,-2,-1.73467308930091,2.23574468597924,0.866585398174733,0.943200247711076,2.05290066672929,0.322910554284985,0.0495571591846575,0.0775860098653778,0.0974888262880808,0.156529294211995,3516.03791380831,1,1
849,-2,-1.97770206381879,2.2959588237163,0.823460501591889,1.24605467441908,1.62774983148247,0.376636269761734,0.051755980849977,0.0784514635015886,0.0954716160493281,0.156281786879197,3583.86506363574,1,1
850,-2,-1.623169457195,2.39795571175492,0.71558996486419,1.13000124752646,1.84466847816141,0.322229341297209,0.0461419803282333,0.0728680432988322,0.0968622380854206,0.160699403449803,3619.01991589604,1,1
851,-2,-2.25645278874926,2.35199269293942,0.752144326793947,1.13166428586009,1.83234743270973,0.419951273198135,0.0483653589117631,0.0770240916430439,0.0943194846133826,0.15294844400597,3564.06423989743,1,1
852,-2,-1.57395980098976,2.36487707819815,0.66772947134146,0.93546826255238,2.20148709869121,0.292105139101493,0.0486777894210204,0.0771387309267115,0.102185294910194,0.168348963312781,3536.4261348309,1,1
853,-2,-2.70889937959648,2.28431669682897,0.786793067785817,1.01739039289814,1.83413486270272,0.528303817687511,0.0497487145544392,0.0779267214735336,0.0982721516735933,0.157498726662745,3534.15718253105,1,1
854,-2,-2.1902747356176,2.31552829798733,0.846663012766826,0.911438174678377,2.14478642735136,0.367741397354224,0.0496076636689531,0.0771137955874025,0.101832807458518,0.164501440370917,3543.33203297037,1,1
855,-2,-1.76157408292352,2.25358411678286,0.816995174352272,0.991581469831517,2.06018712155537,0.306178268352171,0.0502527865974274,0.0779483219234382,0.0997150683466446,0.161498288256694,3517.20548103906,1,1
856,-2,-1.62580243340175,2.28591931963916,0.82408359585588,0.856993452080802,2.17909272968206,0.306321140110185,0.0478620565041176,0.075353225866382,0.105371839337898,0.166323945156382,3569.37387216773,1,1
857,-2,-2.65976984648698,2.23089042875247,0.923681907323067,1.03053130958833,1.85791068036298,0.511321459229903,0.0481060964674159,0.0765232525183582,0.096584581703799,0.161151232942054,3504.89199056662,1,1
858,-2,-2.62127936274419,2.28612519323051,0.811581159414924,1.14026499667088,1.74319861504993,0.50257724979956,0.0506020849358211,0.0804498789462368,0.0931718783999884,0.151897038438981,3536.95407379465,1,1
859,-2,-1.89604261536326,2.38727145692731,0.661131598658228,0.901724965967038,2.25697517517264,0.326576140596587,0.0463168791469876,0.0750845386110413,0.0999641950797857,0.162658602107278,3501.68604657125,1,1
860,-2,-1.94096427950574,2.26487323972642,0.803999830388772,0.82090531345912,2.30584233407558,0.340774610319453,0.0466848791726148,0.0741071966690538,0.100591167968806,0.164287028025269,3479.78019536067,1,1
861,-2,-2.13852445155025,2.3484305655246,0.741812106732778,0.870558784600926,2.16374597288255,0.385623921399421,0.0479651588763141,0.0737316955651674,0.103783607329163,0.164052993329858,3553.96732748563,1,1
862,-2,-2.98822141456299,2.23810975714645,0.873254443224177,1.06330584136758,1.79326362304932,0.562534468884716,0.0486174827196954,0.0759136346970821,0.0935482082496457,0.150876993636007,3511.49702997877,1,1
863,-2,-2.01947840156321,2.33662990057162,0.775150137493639,1.00313275996299,2.03181150919149,0.361416780913966,0.0489214994628093,0.0767394099473692,0.0980119296866873,0.159248566905486,3560.59549215967,1,1
864,-2,-1.95133074727138,2.29348958049209,0.833620879888903,0.991755775922568,1.99861159083034,0.362294925458736,0.0482579654432347,0.0755262926737915,0.0990194103395983,0.162624522756462,3556.00733059,1,1
865,-2,-2.46082017887684,2.35948240941742,0.63087758960152,0.977565246431452,1.94145468573584,0.502518478154175,0.0475735884613574,0.0751180111936209,0.0958769286850312,0.155866025814382,3527.66130686639,1,1
866,-2,-2.45373500159522,2.31634705015996,0.832125182565343,1.06438690129258,1.74120030400271,0.490730905464421,0.0464538820649551,0.0748790277252169,0.096741791809981,0.154138430090053,3584.58912589249,1,1
867,-2,-1.90150607455341,2.33807363146313,0.708575692992872,0.908557925351897,2.23127526997909,0.332571467411729,0.0485101784457024,0.0768054678013262,0.097610263491376,0.157843656694606,3512.53048810605,1,1
868,-2,-2.6055910850412,2.32197912887368,0.763137320608263,0.930788854880202,1.95859160781172,0.528040248438136,0.0477805418842423,0.0733183154768007,0.0996675882751518,0.16244093737163,3513.12757346108,1,1
869,-2,-2.08730224669311,2.29823213755314,0.733514204473578,0.984431560195539,2.06747767442903,0.346256294148704,0.049433884305216,0.0769357072701782,0.0977524512568643,0.156959032393087,3502.09665778358,1,1
870,-2,-2.05692059917927,2.354834742384,0.688666501341529,0.995271369871756,1.99315584488503,0.391172105808384,0.0467218952843802,0.0738558554773745,0.0944026739588298,0.155870888551199,3539.90006995373,1,1
871,-2,-2.30348761289783,2.26121497049315,0.831603125377927,1.0445912594434,1.87789570472813,0.45680805443005,0.0484805900524267,0.0768127618891438,0.0941414372924729,0.156604110886333,3513.80733399599,1,1
872,-2,-2.01815467296162,2.29890975896745,0.82592258935226,0.711905087944077,2.35455032487859,0.412486828947656,0.0447164223029281,0.0706709477059288,0.104853800795482,0.167637810623725,3531.64435875289,1,1
873,-2,-1.71280191263279,2.32098093687654,0.817398108801193,0.972439130466676,2.11007760280006,0.312286894662311,0.0473185426804242,0.0745949975249882,0.0988567370515339,0.16115890255639,3545.70917779789,1,1
874,-2,-2.22303781607865,2.24324131041968,0.839833606048893,0.947889085777926,2.09445578001376,0.381111180564536,0.0497312270852042,0.0768090669841736,0.0981871145562179,0.160261073914489,3444.83193624423,1,1
875,-2,-1.82681343347765,2.2134052583076,0.880128211346126,0.978893652761394,2.14761714306125,0.332003133695113,0.0523484448362129,0.0788393110147923,0.0973261775238154,0.156730032648032,3519.15760931679,1,1
876,-2,-2.40383092577223,2.33672117309976,0.800161578655738,1.05572257927217,1.84256039566422,0.443339239725991,0.0483993667197747,0.0769591308795869,0.0966252638087889,0.154589746942479,3563.82742481598,1,1
877,-2,-1.71195540114193,2.24853285724964,0.831040128317119,1.18747174582823,1.72181425275375,0.327485349659082,0.0519024243308651,0.0800668440207447,0.0974925339664882,0.161799600137453,3559.17951075869,1,1
878,-2,-2.33750719716689,2.30473638845804,0.829506113964917,0.942624421620047,2.01331066082587,0.450778214663772,0.0473230041871259,0.0737689894559594,0.0997203803722277,0.165153097440719,3545.2643601184,1,1
879,-2,-1.83306139947953,2.33218702011648,0.771443886531733,1.10102690709378,1.86697391366841,0.338854215041893,0.0484746500563296,0.075200226026732,0.0958648081332723,0.154753417280016,3584.61093753337,1,1
880,-2,-2.83427578071602,2.32769312949091,0.726044555296025,0.818507816948642,2.11159643988191,0.564329949428819,0.0468914825171525,0.0733240417623143,0.103471400951446,0.164739639869684,3515.84992039512,1,1
881,-2,-1.78401878439543,2.32457513321791,0.74949449818401,1.01445856796804,2.14407004485286,0.315335366675191,0.0502691429894671,0.0804202737029474,0.0962296371151427,0.159817256760287,3517.54743002419,1,1
882,-2,-2.23828237801721,2.28617915470446,0.861844987774636,1.07367838147693,1.82273318530738,0.421865767659726,0.0483923544901245,0.0756507457341535,0.0988462902281038,0.164089526117123,3556.92479266732,1,1
883,-2,-2.33451380749236,2.24236803449769,0.85394677877215,1.02649066955369,1.92076125838203,0.406234135942423,0.0499998778177283,0.0785494890036865,0.0998698451174548,0.158635554822915,3511.06169163534,1,1
884,-2,-2.28547715734239,2.28752379833462,0.81510758193102,0.996113134034408,2.0027458713206,0.421557072460659,0.0499082401376813,0.0788310700524704,0.0986300733157624,0.157898875411333,3552.89616772735,1,1
885,-2,-1.56324426689321,2.29552794563717,0.776807104011031,0.878684225360627,2.2379795508174,0.278924928913285,0.0478210664996976,0.0761206107443672,0.102906403865058,0.169442463745148,3503.26316973761,1,1
886,-2,-1.79860364891726,2.26572212553894,0.864765942838656,0.861614974958889,2.19802221455203,0.326572893322312,0.0466339301047289,0.0729809171962731,0.102723135192668,0.16620873300418,3492.85071418646,1,1
887,-2,-1.39940519235457,2.25221614170406,0.815431752172658,1.00874437492575,2.02744941452016,0.280900977953884,0.0487139855720683,0.0781837413090496,0.0983810718092365,0.163313988317193,3541.07497960136,1,1
888,-2,-1.80287188855285,2.27358020822937,0.863317728358352,0.927286725383224,2.13993080824665,0.336525427418175,0.0484175641946041,0.075231174117751,0.101525711668916,0.166222686271474,3567.4652825291,1,1
889,-2,-1.75187476592021,2.40304997491993,0.659143654893742,1.16299807737465,1.79460217503295,0.318548065363039,0.0490192759617074,0.0775950616862882,0.0979944577924374,0.157451357944707,3608.53475311569,1,1
890,-2,-1.96589448086774,2.26722685801526,0.888057772843558,1.16679929494899,1.6858859093278,0.356991487613564,0.0491520200364889,0.0762402248780761,0.0970789311686479,0.155582797008623,3591.73224442349,1,1
891,-2,-2.78771270775335,2.28429947571643,0.844145875825859,0.883784852077333,2.02441753304471,0.550405286571467,0.0471861816294278,0.0761809816350356,0.101741378340338,0.162108679377982,3530.37714352878,1,1
892,-2,-1.70011190451455,2.3185464531708,0.810529449844478,0.957317586539565,2.06948478644809,0.320653898077051,0.0467980019035806,0.0753856149614419,0.101436785326541,0.168362856361582,3569.31808945291,1,1
893,-2,-1.95976909266162,2.30350754355867,0.78411885874127,1.04913999092965,1.97284230163526,0.333156844158193,0.0494657679408392,0.0776040823102472,0.0982578153883261,0.160214827832632,3523.90076633653,1,1
894,-2,-1.20053601568047,2.38892335568145,0.710902313598078,1.25041385295591,1.76466686771364,0.235994512482229,0.0503437407493151,0.0799426510171172,0.0935276248728681,0.154240837702127,3616.88824399744,1,1
895,-2,-1.92924633138742,2.26894227074706,0.815772955971845,1.08712303375026,1.92647715255345,0.335447818275222,0.0493442364758839,0.0783898350048565,0.0943585430471908,0.157803307092532,3498.08679828099,1,1
896,-2,-1.83826942123407,2.34788963639357,0.725848560884711,0.815065430848528,2.29813350009444,0.338356861446134,0.0470265314508616,0.073334427318372,0.103244458644926,0.167607924835742,3535.98101693252,1,1
897,-2,-2.28038278962153,2.34962621146426,0.721163778778653,0.924188297960816,2.04239815576365,0.446110677416636,0.0476296125557463,0.0760093163442686,0.0978050624334945,0.156582091372252,3553.92876978909,1,1
898,-2,-1.61280640928267,2.29314577691687,0.740113376851671,0.912929546421356,2.20207554103882,0.312337361140858,0.0485915394814023,0.0775221513741642,0.101457520120415,0.170064072259295,3498.48064555077,1,1
899,-2,-1.87731540377142,2.38358328518472,0.696467108133111,0.939103388478876,2.18335767995315,0.339555977922456,0.0476309387856836,0.0746007169263878,0.0992139278506813,0.16569706652933,3523.28410112925,1,1
900,-2,-1.76980648625526,2.28731009387852,0.792473269292695,0.9729815773411,1.93934389927134,0.344808436020046,0.0468724373710661,0.0743010566472114,0.099865624423857,0.159426871238033,3556.67485690435,1,1
901,-2,-1.92235237215741,2.3377804419099,0.797512773458608,0.83666677624006,2.21991765070895,0.369268503590381,0.0464132331535722,0.0725122713726948,0.103200013004509,0.164256068830567,3565.94896754566,1,1
902,-2,-2.55785829227097,2.26452382173185,0.820773240263922,1.08903152236795,1.88680661656865,0.455663459178303,0.0494434954995952,0.0772351043897598,0.0951095417886346,0.157834925291431,3469.53534620858,1,1
903,-2,-1.64325607320548,2.31335995569416,0.784353105730637,1.11470663917258,1.9074519511961,0.293551150087228,0.050239838694516,0.0786315963110723,0.0970785401582068,0.157233220570003,3586.91828093376,1,1
904,-2,-1.96910906147144,2.33241989730271,0.804604661419364,1.03273578074723,1.99447184032622,0.358324985458524,0.0471599926135519,0.0770059494548657,0.0987526026776378,0.162643957029763,3555.15230212418,1,1
905,-2,-2.10420870242843,2.19454957122768,0.976897461953584,1.02652218820321,1.88827363260303,0.386522575586786,0.0489769603411052,0.0757034612038922,0.0999576472404912,0.164064006205444,3511.13843098324,1,1
906,-2,-1.63823275725341,2.27531040511611,0.822557954920792,0.965848655367752,2.22390673983225,0.289095211875834,0.0508116087686543,0.0777186454977885,0.0964258517483506,0.159786999565006,3500.21371452413,1,1
907,-2,-1.97866294043318,2.28845399772563,0.819770220978588,1.05444870763632,1.911948567943,0.337301489470335,0.0499999174966666,0.0782877214098125,0.0998354418901446,0.158339130944155,3532.34579111194,1,1
908,-2,-2.05144508992634,2.34836334009557,0.74716782980352,0.843624961314059,2.21567816649926,0.384596816806823,0.0465561647896682,0.0729859837999465,0.10291671867031,0.167601774358941,3547.77865277496,1,1
909,-2,-1.81888751334181,2.19655228616219,0.97118207545271,0.923178852265194,2.10718030876276,0.342360662765442,0.0504473484042983,0.0801548755111777,0.0991667995016026,0.161178928383385,3484.35713641847,1,1
910,-2,-1.67525527933602,2.27075288833828,0.853456290773589,0.88392976895607,2.24524332234462,0.308459384453717,0.0494973906497369,0.0762236380580693,0.102498610101732,0.168568683116873,3509.48705161039,1,1
911,-2,-2.54251619820318,2.24448966324153,0.863980470381841,0.971867841438955,2.00964172511337,0.457343945875295,0.0494933094136662,0.0767348195927029,0.0992393119150282,0.161132532620233,3516.10313011714,1,1
912,-2,-2.14558564807707,2.25993630859484,0.908754044181202,1.05425073947958,1.9455387109699,0.371324439393754,0.0484947834432009,0.0756956162748956,0.0931941991518218,0.151535725338099,3531.54572289972,1,1
913,-2,-1.18412543458444,2.22497935980923,0.919764109171849,0.96644369041425,2.11420940676034,0.238851468938394,0.0492264846061987,0.0760652502686913,0.101065478127619,0.161107148480981,3596.74493040551,1,1
914,-2,-2.29773801283468,2.30840609743868,0.85122491595959,1.00268526137702,1.99362675509638,0.416788744799558,0.049089995199118,0.0758818791184844,0.0969218239300486,0.157445644476862,3571.95374161458,1,1
915,-2,-1.98675394524594,2.32303838596333,0.784103731162951,0.871680077117692,2.08020394239099,0.38151627690015,0.0457246600965793,0.0730564054866037,0.10264186431802,0.169926297715159,3536.75516729733,1,1
916,-2,-2.02633531237847,2.30953348823394,0.801001696242754,1.02468863194478,1.99834713803266,0.361159614196029,0.0481595033005858,0.0769010200912428,0.0947394896391191,0.160438542996674,3526.52727698474,1,1
917,-2,-1.47711096481803,2.30389062964489,0.720106008520646,0.898241345181697,2.18544383151856,0.284013153538432,0.0485975587723417,0.0774386899962061,0.102105069090819,0.160965346543896,3541.60669302919,1,1
918,-2,-1.56121366681499,2.33541992130495,0.790052684254399,0.975359436901394,2.02530961364699,0.31028374118589,0.0490815011759776,0.0754475176111343,0.104210229228275,0.167051728713383,3634.24787768077,1,1
919,-2,-2.2651266910771,2.33987630810701,0.743548419590519,0.914137587544641,2.05836918944334,0.449095621356429,0.047778358972745,0.0745420473395751,0.0993068620017251,0.158254316592671,3553.37919548005,1,1
920,-2,-2.0458492502454,2.31768134894186,0.755759718318158,1.06300722741109,1.87605799921731,0.373631188386103,0.0476132076859711,0.0746810868199779,0.0982832757798642,0.15849519068894,3567.62930007695,1,1
921,-2,-1.73155199770291,2.34043191520554,0.676384322682121,1.04023174162131,1.98474131403034,0.321868742283825,0.0481480833962404,0.0764773414350885,0.0958370517518649,0.151036678603759,3546.02144467849,1,1
922,-2,-1.81619420051911,2.25992551009529,0.882646710210356,0.884787851046763,2.13297337673115,0.337650137567296,0.0481775698324863,0.0764110534031914,0.103603698692549,0.162383197801138,3539.45206454274,1,1
923,-2,-1.89224382085001,2.2429639640383,0.912436502038546,0.916407993718062,2.09825268116844,0.327274432516389,0.0481323409261428,0.0763698638033765,0.102667135566761,0.16218400250028,3513.09884521561,1,1
924,-2,-2.59920862623758,2.32802185565001,0.746664627642644,1.05878951804211,1.81389296722042,0.495677158932548,0.0474998511774372,0.074623990882898,0.0971787843819602,0.157520187364399,3550.65516560641,1,1
925,-2,-2.45139055028718,2.28397326488138,0.868203235819432,1.02403831382457,1.9775438333891,0.46791334918857,0.0482689449665381,0.076794799016293,0.095512880288704,0.15344392802458,3553.77146022551,1,1
926,-2,-2.07688969264964,2.28805753355095,0.81384545728839,1.08276687177691,1.94346453730742,0.363989193671046,0.0499666988353006,0.0768500903632481,0.0971352549710092,0.157685653270489,3546.37302962955,1,1
927,-2,-2.40451040904201,2.39973848098548,0.672344649947424,1.03351565345356,1.87704006824032,0.439094112278726,0.0484179546489422,0.0770431638149042,0.0992789717642716,0.158600069802045,3566.76459738095,1,1
928,-2,-1.93021153264638,2.37262745235888,0.712838219301966,0.983836898840862,2.05543071530857,0.367830438951743,0.0466675669942061,0.0729342790718256,0.0994838531720936,0.167211345368109,3572.42148639173,1,1
929,-2,-2.23817658545915,2.32310350806257,0.705189856524113,1.06484015267237,1.89510992506143,0.398360832912273,0.0484561206353959,0.0780513193609205,0.0963959568718208,0.155292269983193,3506.72964417096,1,1
930,-2,-2.72491893696665,2.31234275428139,0.855157791145187,1.06264495921185,1.84182844400133,0.507780618254026,0.0502320669798757,0.0772500623868075,0.0966085250329151,0.153796431188205,3576.09644702513,1,1
931,-2,-1.88337457513021,2.225952183142,0.911208290329831,0.796557176537131,2.34228858848223,0.348570303969052,0.0478460019323919,0.0730158593469682,0.102493560670448,0.169344142536328,3520.08899919585,1,1
932,-2,-1.97321678611581,2.33550086220837,0.717023963189486,1.0439205189992,1.85338737107085,0.370997840285204,0.0480205953530148,0.0762341536914778,0.098811248870962,0.163259191096859,3550.22724774984,1,1
933,-2,-2.23616487818272,2.26794495279924,0.80278317570756,1.10059335057774,1.84934190746265,0.396264333058092,0.0493638662147143,0.0787074317445409,0.0947265121696938,0.151891366140647,3534.54178954008,1,1
934,-2,-1.74681860679382,2.22830342889608,0.881405912127682,1.09921621203185,1.82499053125434,0.337924164665909,0.0497789408634544,0.0778440425843904,0.095833988182572,0.159038479573776,3526.16943228723,1,1
935,-2,-1.39587290027974,2.36130276953897,0.716436390588212,0.935430523874014,2.11092415263433,0.25550234089184,0.0466488690614681,0.0735673640805446,0.101946486639618,0.165148696278863,3560.85409157646,1,1
936,-2,-2.10599224783003,2.21182307355075,0.902583876173583,0.992264297509513,1.95018188130833,0.396822943970469,0.0511958113531651,0.0777671507373339,0.101874957735289,0.166102702648432,3499.76217011208,1,1
937,-2,-3.00717739075643,2.31419859632323,0.815330689462649,1.02099563876758,1.85991820157068,0.592199016138331,0.0481971670063431,0.0734190593385798,0.0963002184377394,0.152899234644925,3529.19912920235,1,1
938,-2,-1.94229200657124,2.3967142687543,0.65658223462195,0.917411974810014,2.09545624590244,0.360592149156425,0.0481135221485979,0.0769162319495287,0.101412244403616,0.16943306546098,3551.36863804774,1,1
939,-2,-1.59406532490852,2.23384214085871,0.967782840372494,1.12861285610456,1.87157354352467,0.294746605666954,0.051018516437607,0.0784170004850079,0.0982877813192066,0.158928713387173,3605.29673860825,1,1
940,-2,-2.01612117752832,2.35815760600375,0.760063704238631,1.09356935752653,1.86189607643469,0.391628674225201,0.0475098601823352,0.074424451303916,0.0954248651281064,0.161385185340898,3572.5108642168,1,1
941,-2,-1.56091084833478,2.32682029186117,0.795355132786671,1.00017261008699,2.13675096652383,0.27805897701948,0.048463785868639,0.0757943790937273,0.0968818078921869,0.157449996366352,3575.19520343916,1,1
942,-2,-2.13585805533868,2.29079623727059,0.848970409103489,1.03012354372358,2.01702890193487,0.363793339863233,0.0496184391589601,0.0796603169138699,0.0970479811547574,0.157246623834764,3516.11851092715,1,1
943,-2,-1.78943608041452,2.26922428849182,0.798123804039536,0.846783122453036,2.19529055660821,0.33093780052867,0.0475705982685838,0.0737689382279559,0.102017977843246,0.165242789157417,3519.3826904967,1,1
944,-2,-2.34913641735761,2.4025533879531,0.669396487652668,0.977594224021421,1.91705277450738,0.461702943066768,0.0459479557691643,0.0735218471441264,0.0998589426088251,0.159245497353844,3584.67965321327,1,1
945,-2,-1.58884504724866,2.32331084796741,0.802775979231688,0.993615003751195,2.08914319654745,0.282772679535692,0.0486968412950982,0.0762302526301716,0.100817578635754,0.164781299569706,3561.8771613724,1,1
946,-2,-1.64020947264782,2.35318034937997,0.73867580160794,0.909194115256235,2.30229713102433,0.269926393739922,0.0484766851247505,0.0762286543497115,0.101988988249904,0.160698079169009,3540.76232222341,1,1
947,-2,-2.10611170106271,2.3405438821195,0.733004406207316,1.11153192808105,1.83964682406361,0.386198545348275,0.0486016599770874,0.0771603675959336,0.0961873457482027,0.158047653967331,3551.07220457169,1,1
948,-2,-3.73098873982185,2.30588422672881,0.770615259194844,1.11555259768728,1.71883365429185,0.796647596934757,0.0490411977295666,0.0777590199907031,0.0921282528770534,0.152649737713862,3514.29654264459,1,1
949,-2,-2.36081967431334,2.32433619313012,0.782673139277718,0.961023980805571,2.0828372634985,0.41917332675116,0.049588820979789,0.0777605364882216,0.100123738626476,0.156865034367928,3548.92627384953,1,1
950,-2,-1.79724246838953,2.38907910493929,0.739517288431014,0.962696461727771,2.11376346778869,0.323339473840131,0.047447689976136,0.0736482983413383,0.0992523565785731,0.160678842575517,3593.77235453079,1,1
951,-2,-1.44266594824491,2.25944695046872,0.912961258159977,1.20497949582021,1.84878631357931,0.253311993390753,0.0512496067068674,0.0802367555119346,0.096845944638635,0.158273057928877,3599.51928348401,1,1
952,-2,-1.84538863901864,2.32877969215492,0.747726956461711,0.845056602478254,2.2929856303048,0.326970030044136,0.0467943021621569,0.074874570262281,0.100758706903817,0.163048121496409,3516.88598542401,1,1
953,-2,-2.64155788887809,2.28694940681209,0.728694718875428,0.954586904908299,2.02859551982328,0.483550101309146,0.049588896669972,0.07867487746422,0.0975997381267678,0.157692274630732,3480.22592884018,1,1
954,-2,-2.02558645282656,2.26925108240203,0.838954750460411,1.01907963957582,1.89732238395518,0.40496443081966,0.0492810297972156,0.0760405551275552,0.0992305105306967,0.160458815031935,3567.11890140251,1,1
955,-2,-2.14360550283279,2.37238688339103,0.727155242462835,0.861773588287865,2.27631523741582,0.385565569710838,0.0463979053062301,0.0752373717700325,0.0987127752960674,0.158576249963941,3556.44934069271,1,1
956,-2,-2.660601366812,2.24005463141348,0.81228164467504,0.953283001728535,1.87268724260657,0.525079630055483,0.0491135136249228,0.0781579205629618,0.0982851982956135,0.155240827356126,3478.31006960831,1,1
957,-2,-2.66870487794837,2.34378875870129,0.79809020752834,0.867853034316559,2.18555622547731,0.521026407724885,0.0451011476663226,0.0728234679659556,0.0984072052224755,0.161914500758951,3520.23309249548,1,1
958,-2,-2.11004977327415,2.34186034352267,0.791693194696488,0.96116841183092,2.05503703370035,0.420403647643818,0.0468170233643331,0.0731857412200053,0.097005108208703,0.159764540499803,3587.91637858542,1,1
959,-2,-1.61741642362817,2.19805999968998,0.93824531065687,0.893649364987748,2.15796483627783,0.298106412672766,0.0496732983739168,0.0768483781728092,0.101559768454539,0.166204667395362,3501.41215851485,1,1
960,-2,-2.09166419803226,2.25370112110168,0.789671248968277,1.00149950689097,1.86743323115189,0.399693133387136,0.0470345400996276,0.074045736114431,0.0960286308876888,0.157578052001807,3481.80054884914,1,1
961,-2,-1.45071536935999,2.29505621683038,0.793753151496716,1.03993818210557,2.09742178739321,0.259380228685876,0.0496449432736807,0.0807178460378683,0.10043915947097,0.162096481479684,3522.39739206494,1,1
962,-2,-2.20146450351331,2.34686569203354,0.789048569709368,1.01264451958523,2.05471048702653,0.403865892622331,0.05005948979858,0.0796672176689212,0.0972030521225741,0.157078750040489,3543.62393559639,1,1
963,-2,-2.39181080223169,2.3643561291908,0.67207054530434,0.965322109922729,2.04059025474701,0.436978654659122,0.0456039909261371,0.0749997145771199,0.0982390384381694,0.158070107399292,3521.84097152849,1,1
964,-2,-2.66060628056883,2.39684006447573,0.600654502162604,0.950197366778618,2.07634021392491,0.510635198023721,0.0480011236241683,0.0767972814897076,0.0962096887128292,0.155681633471214,3514.39787845941,1,1
965,-2,-2.04092703130493,2.38387469173223,0.668399946995133,0.875654950126307,2.28305757000168,0.360369272248078,0.0460843050233691,0.073774656861199,0.101402931871309,0.169378704218429,3496.82788797171,1,1
966,-2,-2.52443097458155,2.34054171093607,0.746150572866171,1.01906168712998,1.92759613568738,0.469623779158499,0.0476243292219633,0.0768724152698735,0.0983895763511372,0.159906214571151,3531.39730436069,1,1
967,-2,-1.59028236758567,2.26268645480328,0.839293131695586,0.98303072652785,2.01403463596252,0.318574781171323,0.0487711627996918,0.077032556618,0.0986619574274066,0.160093971207894,3559.35696154519,1,1
968,-2,-2.00190559030289,2.38229540498315,0.70210774731829,1.09301394114007,1.91051596468303,0.36824871796354,0.0480775159223913,0.0761626265325188,0.0974682093079488,0.157819777408882,3571.05789292166,1,1
969,-2,-2.10777621823966,2.35393937531582,0.692339654660517,1.12281486715361,1.84307460649059,0.387167791582866,0.0495979662842174,0.0805695036920655,0.0940529100481277,0.154378544361314,3555.44805556293,1,1
970,-2,-1.95039703162146,2.35176897208769,0.772196886156715,1.09668147861746,1.86884047566345,0.353284692270526,0.0480856531148946,0.0767416036341343,0.0949267701657698,0.15437049674937,3571.25043624208,1,1
971,-2,-2.70209785338215,2.31901993792171,0.777799775006831,0.989132375332508,1.85001796111468,0.549374831720177,0.046051632576992,0.073883787465469,0.097077524162562,0.161859330692984,3525.70170582671,1,1
972,-2,-2.23399160420226,2.35865083790417,0.790921514048482,0.998343388734025,1.93935233638674,0.438808060594002,0.0455665586215713,0.073516629284195,0.097939101335273,0.158298085901559,3560.08089783728,1,1
973,-2,-1.8858069122178,2.27300722161649,0.830427245371271,0.969303357371149,1.94952995410528,0.358177860502913,0.0475994530717852,0.0756140111990112,0.101378768619072,0.164952891901155,3554.06573432453,1,1
974,-2,-2.76028769314775,2.28300341622635,0.827051585430238,1.1012669975079,1.76700882189687,0.537490539271602,0.0487850176221373,0.0767640394162583,0.095386505194857,0.157562986157495,3516.82475956136,1,1
975,-2,-2.18722297081273,2.33479533519153,0.773192428202098,0.917436308705546,2.10815375183948,0.401730519702795,0.048268218574769,0.0752345689555752,0.100297439296498,0.160409426750805,3561.28747088428,1,1
976,-2,-2.55290080098897,2.23723168824458,0.927958361452162,0.991807662388301,1.94298598111081,0.499090795924498,0.0499612869854009,0.0785124432868155,0.0998992331764479,0.158969810927542,3526.33997093235,1,1
977,-2,-2.3520644564819,2.29248007880116,0.812740874343144,1.05784341973714,1.86324135407725,0.440160003966613,0.050040285851832,0.0782520538736755,0.0956805942854147,0.157929539999225,3508.97438928104,1,1
978,-2,-2.62367750878836,2.33139452419454,0.690942748594267,0.979334844186356,1.99099727343878,0.499139587620779,0.0487748352219422,0.0773091612038166,0.0975115069968619,0.159016163621894,3504.30312985229,1,1
979,-2,-2.39751057698557,2.27319444425514,0.874352534239598,0.973961776701827,2.03684160867193,0.450562661797261,0.048909642171178,0.0769660620708035,0.0982636268325425,0.165203935809045,3495.05315736629,1,1
980,-2,-1.72973418004681,2.30416486221554,0.765936686149834,0.969547230642804,2.11640881197452,0.311743486576836,0.0494367708229087,0.0782748723980621,0.0999878173033254,0.164868597398396,3515.98171753684,1,1
981,-2,-1.99492759459607,2.35757836412957,0.716811292214844,0.94172294895139,2.08158060571344,0.368565143221056,0.0480548809893431,0.0755487913954576,0.0956555679491533,0.155955991318925,3520.64996641074,1,1
982,-2,-2.22098386833501,2.20207451897737,0.943932910666633,1.06941686165022,1.86570416612977,0.396026089111333,0.0502533875624635,0.0750323879532261,0.0981045939326517,0.162184157461163,3523.63810129911,1,1
983,-2,-2.35726579218991,2.35812626561406,0.685505891226669,1.01780298555181,1.937247292747,0.440125029790628,0.0470855543046855,0.0769933988046709,0.0963655968013483,0.158377993525493,3522.13118422178,1,1
984,-2,-2.44838118704517,2.24444821283546,0.869295115246759,1.0093623072457,1.83460972640154,0.455569407002922,0.0504616802177982,0.0789626714150218,0.0990874644442543,0.158769417146463,3496.20761907008,1,1
985,-2,-2.1399868582705,2.22744625613153,0.91446515742616,1.04689635862753,1.79621716371139,0.408632329304063,0.0498946060102766,0.077682274063255,0.0977677623418315,0.158095463219566,3523.89668586924,1,1
986,-2,-2.886927437986,2.33069925616903,0.749603469897375,1.08174151462696,1.6945360716326,0.573450418569102,0.0477311532344757,0.075609152735647,0.0931201971055483,0.152989688031123,3550.5788881368,1,1
987,-2,-1.9888251584574,2.21519807917421,0.927899777295667,1.02631710660022,1.94841073473532,0.357072861283046,0.0490492116089551,0.0763768505830556,0.0941426497307283,0.154153260923344,3503.61276303815,1,1
988,-2,-2.30074770905688,2.30037999839293,0.763536491056983,0.978801387872715,1.99805693971487,0.422871663424944,0.0498887770634062,0.0776596447316941,0.0979252323526845,0.158776655172416,3508.8171915536,1,1
989,-2,-2.00185417170065,2.22886294180973,0.935992073609465,1.19925298470083,1.64412895874964,0.382203543063056,0.0500123598632655,0.0803674637812984,0.0970551839323029,0.157193763945023,3562.18280386198,1,1
990,-2,-1.66806848111915,2.27398692876269,0.799874227262297,0.873626561274933,2.16713718078561,0.323730109693334,0.0489051259093589,0.0748911486782578,0.0998412581690211,0.160734401020162,3551.25650666701,1,1
991,-2,-2.62070299704509,2.32585021886082,0.757729072038338,1.08301828033241,1.82735848550093,0.513808353931264,0.0485729174789956,0.0772562159726692,0.0919154598393822,0.147425738135619,3561.1025563955,1,1
992,-2,-1.65235042960767,2.33051097041583,0.739289965994414,1.11787276649859,1.81115230612635,0.31178064151586,0.0492898365531298,0.0777774105534074,0.100046941328649,0.162979259954744,3568.60331033784,1,1
993,-2,-1.54288904071846,2.34833070727509,0.681613887790635,0.854077231715559,2.20302812867677,0.280748674378843,0.0471659220138741,0.0746171109080821,0.108106679198899,0.169821052995046,3572.47844872031,1,1
994,-2,-1.34210189336059,2.34702410356306,0.688120276170366,1.01733726261332,2.00422176194291,0.254577867528235,0.0470387664488951,0.0757883069264151,0.100699968539088,0.15916924179219,3568.02718039869,1,1
995,-2,-2.0624987202383,2.34431707727242,0.776697048237324,0.966094087551562,1.9602502244915,0.41419659571628,0.0476698474346434,0.0732626419756569,0.0962504818098891,0.15894638977103,3577.09448937706,1,1
996,-2,-1.70251606504098,2.26745083144437,0.906656478238642,1.1389227371996,1.87586484089948,0.313335160094585,0.0496246098626741,0.079061005836055,0.0964217599390667,0.154310677314813,3578.72750721169,1,1
997,-2,-1.43780206538171,2.30829124464302,0.775593606744512,1.00183867660708,2.13804656473949,0.255791981667059,0.050846553797654,0.0782322620660933,0.100540028702558,0.162674607336563,3577.45809447527,1,1
998,-2,-1.86613290081313,2.35823329777109,0.631690087119804,0.820096422111956,2.17855647897078,0.348335986220824,0.0468464180779405,0.0763995306811601,0.10326577733005,0.169595182799461,3477.17588386548,1,1
999,-2,-1.77700077785265,2.32657762882068,0.763916406749879,0.993315226632292,2.10651348271462,0.320477949265651,0.0481070008078284,0.0761514504612865,0.0978668417035164,0.159312829074051,3546.59082312975,1,1
1000,-2,-2.16480199768094,2.30597894167849,0.789396836774401,1.02728346731964,1.9893916319915,0.387707584676186,0.0486759781458459,0.0773277343374267,0.0965986564859402,0.162459916519163,3503.44731358948,1,1
1,-0.5,-0.293401506722525,2.32984973128702,0.731888622729114,0.992132332969458,2.14898005832545,0.128002496935586,0.0472832816407186,0.0734407212671985,0.104374914281922,0.181882858819248,3578.34216628821,1,1
2,-0.5,-0.474249482673245,2.33533440251287,0.769550776758565,0.853856223320977,2.16985982847757,0.158945452257921,0.0453207540697095,0.0706170320046553,0.109082122710235,0.178854922076911,3600.7698479141,1,1
3,-0.5,-0.820178486990838,2.34474327536998,0.76011351488749,1.03539353661514,1.87985582269691,0.198529990699494,0.0476427816179597,0.0736972958893856,0.105908402580228,0.176643171031958,3625.08487794278,1,1
4,-0.5,-0.583293966466623,2.27593305033706,0.839081918982031,1.03716822617438,1.88704929043514,0.164041387267945,0.0468218357682122,0.0744351807058696,0.10366131949054,0.174371930228496,3574.36637502217,1,1
5,-0.5,-0.486067847895482,2.33655228304588,0.757590665214909,0.966153988867657,2.06304117276834,0.148222306325889,0.0471602716118337,0.0737869833383534,0.109412326569062,0.182592710427592,3602.58022290472,1,1
6,-0.5,-0.481376282821012,2.35101162866617,0.744890272259424,0.866264898713608,2.15435821934934,0.152071042454294,0.0448166931563933,0.0699481077866543,0.109813083054466,0.179885510606465,3611.52150476028,1,1
7,-0.5,-0.445370283545471,2.14571802256562,1.05098124163785,1.10789722111811,1.89164300007727,0.151941705001008,0.050729539716644,0.0763441853468526,0.103959318993058,0.169875701602377,3606.24632338622,1,1
8,-0.5,-0.65006979977605,2.37838449501925,0.734379313306434,0.908920903630034,2.0359525728257,0.189158385710673,0.0448234977620061,0.0702618555396917,0.108613586378261,0.17646262730621,3629.20077029201,1,1
9,-0.5,-0.63168689237574,2.4168841492546,0.648414309536687,1.04622817672014,1.88297866210797,0.183697026409892,0.0463286433757616,0.0730052742207689,0.104089429652384,0.17883609758731,3628.25852003304,1,1
10,-0.5,-0.653222912695831,2.27281890586339,0.896679155308727,1.07764083436909,1.98787916062443,0.166143059372828,0.0495094453478961,0.0751756841867421,0.104805985117281,0.172626326159977,3632.61331749809,1,1
11,-0.5,-0.329114580975246,2.31492218123128,0.738849829780274,0.817808259150368,2.28001864796867,0.130034436357728,0.0468109014845182,0.0747702481897784,0.114141805556278,0.186881336280565,3571.62812617991,1,1
12,-0.5,-0.299144090463728,2.38830236294622,0.737776402734973,1.06764387836416,1.97360143192729,0.13298705000767,0.046309087471891,0.0732260224013865,0.106808370171822,0.185667536735786,3645.34694018503,1,1
13,-0.5,-0.499658600753499,2.30583945281517,0.822869562835335,1.10915680066152,1.90491099164633,0.154203438928589,0.0489521888841332,0.074809332633449,0.104192415646475,0.175322706854028,3619.99505433937,1,1
14,-0.5,-0.104101419306578,2.28505209729615,0.85209070731909,0.973120010740678,2.34798604684351,0.103873671881677,0.0464838077570138,0.0722380016795617,0.106999212619665,0.190386447467768,3573.54379409045,1,1
15,-0.5,-0.622604057049216,2.37826185150972,0.72532458493249,1.09235156061404,1.69274744404141,0.181369763803036,0.048212613322897,0.0739388934942412,0.109298632107601,0.180825085688841,3639.68779756096,1,1
16,-0.5,-0.360575254591814,2.28090500681331,0.881449830600649,0.878949058479611,2.23913795461092,0.131909615190557,0.0475980544574347,0.0730601313975536,0.110343203480464,0.187526443662621,3601.30215926187,1,1
17,-0.5,-0.411387611016281,2.29232782338089,0.810763126766545,1.05198711284092,2.03059888794842,0.13491485855933,0.0485423494056088,0.0760659911845115,0.108081641187567,0.181473116875461,3602.90860877284,1,1
18,-0.5,-0.758106152737019,2.30448041176149,0.799915361774032,1.02071973183543,1.87331142345281,0.194494697776989,0.046724541336834,0.0729324787653156,0.1043255083447,0.172303265252406,3604.08844913021,1,1
19,-0.5,-0.593604390223408,2.24200575083628,0.84251373336524,0.996718710478843,1.97219854196833,0.169570152652355,0.0492439763288646,0.0754004906448148,0.106059210477338,0.181260582782481,3564.7484016802,1,1
20,-0.5,-0.691110197517928,2.25505069289997,0.825812198128931,0.981850841637736,1.88991457060798,0.195556141926515,0.0470147475294781,0.0725527216405839,0.102687484063465,0.173049424097397,3549.04940394649,1,1
21,-0.5,-0.723082131218045,2.2998311244125,0.816828300705844,0.949955723833937,1.91031531694562,0.195101932262462,0.0477635236078759,0.0733345197657426,0.10916300698844,0.172432352065642,3621.41603373998,1,1
22,-0.5,-0.74560504060351,2.29042109212821,0.768532805406363,1.10966704388235,1.69063638859853,0.194818391872224,0.0477551935416983,0.0769346077997862,0.10248560538034,0.168150459615427,3568.28563281895,1,1
23,-0.5,-0.596100336197592,2.29406281748584,0.818232779101914,1.17134476613954,1.79510158413982,0.164399770558179,0.0491508491156421,0.0756472876128603,0.103017751500246,0.171563647641138,3612.76363340177,1,1
24,-0.5,-0.348312115048571,2.20627847759236,0.956297594833675,0.824944315463145,2.36221992030352,0.12889956621824,0.0480597337844221,0.0734222178545937,0.1099022437802,0.185088224283048,3552.95549250095,1,1
25,-0.5,-0.267553007053767,2.35878482979293,0.692336612061631,0.717200658227858,2.39527963290093,0.124348350001727,0.0444634184511297,0.0689215649082873,0.11566346835524,0.192668896295253,3575.16896676433,1,1
26,-0.5,-0.333281490867073,2.31545739523484,0.727076046491319,1.0406732609106,2.08192951075034,0.127413832675179,0.0481410081017285,0.0754197457368939,0.104848770071616,0.181282492881503,3570.31922349531,1,1
27,-0.5,-0.35623776447084,2.25344733784998,0.885194877809563,0.896010906568145,2.2228124014403,0.137383965983859,0.0477837847022718,0.0718657176572118,0.10937439748663,0.181964442131984,3583.91168693333,1,1
28,-0.5,-0.242838038722633,2.27738533601806,0.774676744436189,0.899596165022429,2.15379790028042,0.124009469056455,0.0458363356929796,0.0735357217240796,0.112545975008165,0.186715210040737,3564.05418953749,1,1
29,-0.5,-0.586547249234879,2.27095874902955,0.804837649099832,1.07640753480991,1.93541322886107,0.169864691934684,0.0481129885992555,0.0753995290633509,0.10291373024424,0.16990484000635,3573.18017521832,1,1
30,-0.5,-0.5540575430885,2.30554022216933,0.777375260563561,0.980832077694362,1.9925262246254,0.171406468512561,0.0449250177692951,0.0711607511841209,0.104482125079201,0.173426200741035,3582.62555124063,1,1
31,-0.5,-0.510027399142354,2.34093260850701,0.773133103290271,0.779778199642081,2.37318556011184,0.154721370576543,0.0459829928305989,0.0708356144780626,0.110355493419532,0.184710780967674,3600.84279648556,1,1
32,-0.5,-0.370256884798942,2.25239837042208,0.810954537617881,0.79107096557761,2.40444578143124,0.137332668831859,0.0454246234289532,0.0725111652538165,0.111446749916043,0.195285242567234,3526.15212326265,1,1
33,-0.5,-0.570091973059276,2.29265839423194,0.851831119822281,1.14209031784997,1.761363922189,0.169990196376004,0.0477528887450132,0.0751738512661482,0.106243820477923,0.176501723964807,3622.09856856194,1,1
34,-0.5,-0.473650146316806,2.25412377527708,0.870988850134952,0.916355850557247,2.14849795565121,0.149448599577442,0.0480333268243881,0.0742584462814846,0.108713726903414,0.179450151199011,3592.26848038012,1,1
35,-0.5,-0.380520167466221,2.35457603983819,0.761382404930024,1.13012956931619,1.96714361282155,0.128712827431932,0.0494603993688038,0.0757555254402369,0.107589093753967,0.173094232015575,3667.60282399099,1,1
36,-0.5,-0.298424864878874,2.23965963421158,0.870881935152635,1.05586433459424,1.90455316967461,0.143550807934451,0.0489582083863685,0.0758586602523479,0.10361086180417,0.180516547340369,3567.95189570598,1,1
37,-0.5,-0.667701459368306,2.37659432001887,0.652066799322367,1.04606952460278,1.93139593304022,0.183848631970149,0.0453078090330252,0.0736304363198771,0.103960711514954,0.177825649029791,3591.03771126187,1,1
38,-0.5,-0.473848571324816,2.31705169936344,0.758215994798942,0.918774466437033,2.06981274108965,0.146362910277005,0.0462814180697779,0.0740900097847536,0.109374935524154,0.179090053886679,3597.21227632002,1,1
39,-0.5,-0.497544207820738,2.29674317282553,0.843050261201312,0.994449823986828,2.07700562636144,0.145611711613931,0.0466831828760234,0.0726028450883551,0.103812328168232,0.173774944043843,3606.08151428621,1,1
40,-0.5,-0.639025203791049,2.3566034344291,0.721731208566428,0.893730404672842,2.052859054366,0.183674993603992,0.0457124436497019,0.0708231131192608,0.107689011872096,0.176685315531989,3613.16480188672,1,1
41,-0.5,-0.322345382744376,2.31184620164139,0.80414952477536,1.03268734897128,2.09885780969335,0.127492487248415,0.0485489460509536,0.0758530334644777,0.107628665037868,0.175752876878068,3637.60528026464,1,1
42,-0.5,-0.442922107215656,2.26959944844914,0.878096391035907,0.961396809429465,2.07329669338745,0.141129097229063,0.0459244511338154,0.0717039219140759,0.108115982131268,0.179006812403927,3590.62868725436,1,1
43,-0.5,-0.563040805787028,2.29605023302969,0.80613728682607,0.853828513527593,2.16672476823868,0.17005103052224,0.0460704336151268,0.0715702323364889,0.108341425988502,0.179151540073305,3566.70961336014,1,1
44,-0.5,-0.470129831138411,2.28247946872934,0.810782761814903,1.02690074914382,2.04401890586374,0.146184988578692,0.047105186155926,0.0755672456987084,0.107873653795743,0.183473414774726,3581.17328372497,1,1
45,-0.5,-0.649420889505658,2.3504153748126,0.71840217432754,0.949452675270766,2.00575339341151,0.178391473200392,0.0458363071713093,0.0737147788820486,0.103302598947366,0.169432660790265,3585.36859341117,1,1
46,-0.5,-0.515480127456261,2.30632335968976,0.852435637926897,0.963381935018145,2.11751558790478,0.153159505480427,0.0465481518020556,0.0728136526815345,0.105134317357393,0.17050247994829,3637.67144844685,1,1
47,-0.5,-0.257470140728549,2.22579868613709,0.869029855802554,0.960398600155055,2.16405111571642,0.127905632135356,0.0477068858419121,0.0727558380634286,0.106211462849619,0.188657153085085,3547.52158052994,1,1
48,-0.5,-0.505063677411107,2.3160945772376,0.842904944097041,1.01685346192325,1.90654911721491,0.16735422733231,0.0471138082722335,0.0731758384098913,0.106422427074672,0.169266430664145,3662.80979225822,1,1
49,-0.5,-0.530037012224404,2.32006362706278,0.806870132467708,0.967232998430489,2.10599147144807,0.154239015149003,0.0472066241710738,0.0731197618249129,0.106121031558578,0.179079432504119,3620.58807533048,1,1
50,-0.5,-0.404284062386007,2.31709082904336,0.796198996586925,0.714434864364863,2.58024820311314,0.136643365293728,0.0443253647210326,0.0694403144824013,0.110782048636746,0.189785243621674,3557.06666027313,1,1
51,-0.5,-0.586333790230649,2.32104669588575,0.80788175592685,1.30029005445009,1.3793190122767,0.178631270557954,0.0483551684480199,0.0751923259206499,0.102991914309921,0.166894574517505,3649.60469604061,1,1
52,-0.5,-0.476789163124771,2.25118187386903,0.876390481563214,1.0122131636342,1.92863534229576,0.154812195724047,0.0482375016372495,0.0740668046008359,0.106126290715824,0.177698769008729,3576.22625094431,1,1
53,-0.5,-0.520706811156038,2.36524759356363,0.721228546723181,0.768885672155212,2.45031929714766,0.151451702660913,0.0458361169339986,0.072836941519389,0.105905013522781,0.17836969992822,3589.31296151966,1,1
54,-0.5,-0.596745126638786,2.27534032175828,0.798957222996252,0.959391832084742,2.03041600008442,0.1734734544616,0.0479760772482741,0.0752429497250581,0.108328355937364,0.183234946095985,3548.49335758489,1,1
55,-0.5,-0.392308929972924,2.30578369996817,0.801331882832946,1.06933652611172,1.90882647475919,0.138187804538153,0.0469268038386327,0.0735541763553169,0.103585316613588,0.174469214920664,3594.41762492925,1,1
56,-0.5,-0.261204767705503,2.31108560662054,0.834656084102972,0.754466543649037,2.46974719940147,0.124378812668833,0.044439438151965,0.0690221154222092,0.110125542017997,0.190167946176799,3571.96433989663,1,1
57,-0.5,-0.701595555517172,2.25808478962715,0.886687013236278,1.0569770526585,1.85343878025678,0.184952473660873,0.0480966529375058,0.0726980317928888,0.106377169716225,0.178749841223068,3602.6791382505,1,1
58,-0.5,-0.615273458035117,2.33470715322643,0.764200249223483,1.02285398489052,1.99926898925052,0.161864030150587,0.0481121822827238,0.0769416517623117,0.104826885491802,0.171306275909469,3604.74727421961,1,1
59,-0.5,-1.01786239803527,2.26658405213023,0.84570674962163,0.901426176070799,1.89362727306606,0.243806293541004,0.0468419294334263,0.0732322301962442,0.106362879455385,0.166483831086011,3576.98892998945,1,1
60,-0.5,-0.604686663347366,2.27201586113708,0.820679208566245,1.0133112649009,1.94711562502159,0.15813296442554,0.0497435131479003,0.0765643290915682,0.107377132277281,0.165790428489504,3616.35369938008,1,1
61,-0.5,-0.37299172232456,2.40378936134971,0.681662278507515,1.1263049307767,1.87981343269961,0.148985588034639,0.0459945286030579,0.0726615850760252,0.103283320349124,0.178719245984426,3642.99874036503,1,1
62,-0.5,-0.640657849176404,2.32518883021987,0.781300388887435,1.27125720917082,1.59742608782647,0.174347889500723,0.0515605758923237,0.0803584467925832,0.104739242868567,0.165950585407743,3668.52846081299,1,1
63,-0.5,-0.576850334729039,2.30524605382439,0.794961610273248,0.843955245905005,2.18652598602115,0.166673646497068,0.0452784345235236,0.0712292057742873,0.109057762312331,0.182333014241049,3559.8798092852,1,1
64,-0.5,-0.743499090719787,2.34293430179706,0.774108660245469,1.20863053807644,1.54018909642426,0.216181547097358,0.0467612919860489,0.0725710001500731,0.102105821803026,0.164757335687206,3653.81388633456,1,1
65,-0.5,-0.598191959519655,2.29970174691882,0.809224065087234,1.05057775251579,1.79893039784411,0.173618961253021,0.0468938241730525,0.0728105316460256,0.101360836650426,0.168554497799451,3585.14730229801,1,1
66,-0.5,-0.61642588181679,2.27158611210115,0.873323588285299,0.895364854962,2.04537002093222,0.177599503638966,0.0482059732192125,0.0750398677886969,0.108011810330063,0.183788051145877,3571.54970933533,1,1
67,-0.5,-0.425339865542048,2.26721365461506,0.861627140623785,1.02955344782909,1.9940414818379,0.149460251074369,0.0497737004146562,0.077966430735519,0.108484143506281,0.184609861216988,3603.68416241776,1,1
68,-0.5,-0.453102106746656,2.38327484984664,0.692072215746752,1.09514476457408,1.89560687839348,0.14369102259194,0.0470127540931623,0.074252881467426,0.106041308717981,0.179490563721863,3624.84931052599,1,1
69,-0.5,-0.635364983223685,2.27198194432489,0.807355890287928,0.901792408337053,2.15353899265113,0.181310786967881,0.0478994936415037,0.0754321147458413,0.103645496606608,0.17647158537365,3546.47215669935,1,1
70,-0.5,-0.841848989930715,2.30215856115038,0.806003047849625,0.867444607143747,1.97209527584422,0.233287230148033,0.0449316834409403,0.0719559002306422,0.109315519473722,0.179780298614574,3592.20462766161,1,1
71,-0.5,-0.420047556691713,2.33533619932827,0.732735242052072,0.93425695681966,2.191383972949,0.135808095843568,0.047945601077837,0.074838311310607,0.106185704319055,0.17060471636857,3611.38877727777,1,1
72,-0.5,-0.748619972886331,2.31763080997793,0.790767345466174,0.912421882384715,1.98798912481117,0.196616835522781,0.046151869639778,0.0705339434504868,0.10814582813516,0.175613291706359,3616.38123195896,1,1
73,-0.5,-0.439199048028281,2.28222501527235,0.858362727644618,0.935250077064693,2.25345491218386,0.14090377475163,0.0472457185924042,0.0731176763059648,0.10734634386643,0.182516662638913,3584.27841830221,1,1
74,-0.5,-0.356494261892391,2.34802112073176,0.757949659153646,1.06453183321892,2.01544433004769,0.136300761358456,0.0469716096400865,0.0724902397228198,0.104126568584325,0.177840633613237,3622.49304693598,1,1
75,-0.5,-0.501724749787165,2.34235319340365,0.764818660352509,0.90020247782424,2.18241626110786,0.151858311247911,0.0468954087468816,0.0740108527112701,0.110659598429934,0.182536104926391,3613.98351525955,1,1
76,-0.5,-0.623598453421168,2.26268136563881,0.909631350254751,1.00526440656948,1.95782695181841,0.177590076042992,0.0499574077268935,0.0767344923500487,0.105008853489303,0.175328723586745,3606.86706796774,1,1
77,-0.5,-0.210107868816533,2.27867651055549,0.814381228886146,1.04694383178604,1.96746803044269,0.117391266866618,0.0481876336368238,0.0739898852792556,0.108609262742679,0.184010402940939,3607.56122916634,1,1
78,-0.5,-0.679107228958264,2.27984317368275,0.843739000440326,1.02929541030943,1.87428654883943,0.179499345118035,0.0483006779618424,0.0747073610508936,0.105768205517313,0.177470486696871,3596.76547673139,1,1
79,-0.5,-0.424281673147448,2.25773908260428,0.907087336403733,1.04617686982505,1.98911421546414,0.140463949948989,0.0489145203116226,0.0737943524172679,0.108423013028674,0.17286903390629,3650.24337705667,1,1
80,-0.5,-0.572392183467788,2.28688104828662,0.817443952314439,1.15034283622172,1.72276406448713,0.161181315693422,0.049063803666845,0.0768123048369483,0.103898111455356,0.174912055287249,3607.63592199519,1,1
81,-0.5,-0.323640006491415,2.30153992378106,0.788621003042532,0.948709761818894,2.07855123858764,0.132381692763837,0.0459963249784864,0.0732223257718528,0.109498208758352,0.186197365824522,3586.64563105892,1,1
82,-0.5,-0.49261427746285,2.36449972345455,0.668722469730187,1.07222662040474,2.00241936799199,0.148970718494116,0.0488019533698332,0.0751020942211932,0.104227613029961,0.177663617492636,3605.01178221157,1,1
83,-0.5,-0.692212261668406,2.39400279561654,0.659513601383809,1.01909681385851,1.82696701953458,0.199131318063,0.0457493135797844,0.0715411107879094,0.106867971667667,0.177194064504933,3620.400071833,1,1
84,-0.5,-0.355060969626982,2.36123910971524,0.742172271147234,0.811505881187099,2.33260071985657,0.134349218647652,0.047355905135285,0.0729134804600137,0.108883557476034,0.186008666579933,3590.32918684765,1,1
85,-0.5,-0.450065206572114,2.39328750471773,0.734094945913265,0.973394650397299,2.09294884475072,0.149591720773172,0.044540492719731,0.0709036046560502,0.106740092310844,0.186067484048843,3636.65917974744,1,1
86,-0.5,-0.784704492325399,2.3443861680186,0.678510474644561,0.927849291493905,2.02484860886707,0.19744017136401,0.0465213099253,0.0747835086620892,0.106759394951108,0.17432009616378,3568.31557066701,1,1
87,-0.5,-0.818170976644659,2.306750390875,0.762746856726246,0.820840545103686,2.15606930270347,0.203131483550209,0.0466606073605974,0.0738157279628599,0.107325507416226,0.177596070451425,3550.34104439529,1,1
88,-0.5,-0.800533068244594,2.25026031854414,0.891808437505793,1.04914776390147,1.86059063646937,0.198145466298606,0.0481002904878347,0.0747838790563159,0.103700825757949,0.171206132031827,3605.42528658215,1,1
89,-0.5,-0.721456645586912,2.28642657292579,0.80335888010139,1.10302807534413,1.72650265193184,0.206741218057686,0.0481642459415106,0.0745389499399277,0.106395322887023,0.176307075218664,3603.97810577527,1,1
90,-0.5,-0.540342635790766,2.31976219855224,0.776193738412004,1.0773811706206,1.94193938627944,0.162750038864887,0.0489780375020968,0.0786824286785208,0.107119136462783,0.17930956970741,3613.62418564824,1,1
91,-0.5,-0.510845722308329,2.34308243483027,0.689890007618017,0.980499368580493,2.10163839035932,0.145389567204655,0.0465502831254727,0.0741998800606798,0.106667006521919,0.173578511067404,3608.45325023238,1,1
92,-0.5,-0.360327462104354,2.24091533156694,0.898737892609127,1.01047106519614,2.01722375193346,0.14352221111631,0.0478242909854533,0.073214746620767,0.105758406144254,0.175824342396597,3612.71016106336,1,1
93,-0.5,-0.461116687367407,2.31183522944997,0.821780250152455,0.782622172442418,2.30852931641645,0.153447048177825,0.0451238178403547,0.0701835083979986,0.112185224539721,0.186844321698079,3591.85584327875,1,1
94,-0.5,-0.362619544743459,2.34185203516391,0.764212923397235,1.02950275083509,2.08591816773491,0.131692679482646,0.0494937479218049,0.0770322821699385,0.109524198177355,0.184522855418278,3628.10708714227,1,1
95,-0.5,-0.574339670139099,2.37126436584437,0.780837885345526,1.09148690865445,1.91657551242847,0.17718871568237,0.0461614472225984,0.0728775211361718,0.101141984658693,0.175338178593883,3634.90027852029,1,1
96,-0.5,-0.559942400608486,2.30240580232649,0.829911359835307,1.0448720383668,2.02310193078498,0.158693636169525,0.0465596504853528,0.0728044106864691,0.104408283990847,0.17291398690621,3612.91820816313,1,1
97,-0.5,-0.883892611323415,2.26216928686247,0.807331394079905,0.957418080210577,1.94796769560731,0.224967261445592,0.046716159787257,0.0743108957455541,0.103039212917803,0.171748860226919,3547.7984078141,1,1
98,-0.5,-0.270002907984069,2.23689725251226,0.96528617508536,1.13824839359003,1.87561878640989,0.127229044890775,0.0483128513676406,0.0753958581755228,0.1067403058175,0.175079422494619,3630.85385792114,1,1
99,-0.5,-0.331639464694487,2.28042069481652,0.854431042360588,0.779322528220291,2.41289155120093,0.134488495518144,0.0450546952153275,0.0701084641806438,0.110749240256075,0.188817574492912,3560.54706456284,1,1
100,-0.5,-0.351126734364157,2.29278638575501,0.788185643321886,0.758327216885827,2.33581069166496,0.133355190444344,0.0463021130505352,0.0715268912799253,0.112562228681546,0.185647596948622,3583.20064051119,1,1
101,-0.5,-1.00547632866042,2.2853190416981,0.812167185253894,1.16684151490563,1.64051418472188,0.2262334216801,0.0485324887165005,0.0764025594623734,0.102997867058346,0.168106323316088,3596.9857291207,1,1
102,-0.5,-0.263249463681769,2.28062962547155,0.805298134275529,1.05540422746337,2.04407524591388,0.120627763794073,0.0487636188800883,0.0774168544808914,0.108260859893042,0.181766944167306,3604.97797691982,1,1
103,-0.5,-0.469279766135416,2.28322504410729,0.852409371352922,1.10621425493588,1.94198680882375,0.144327194918352,0.0498143191855428,0.076366070402557,0.108343471079926,0.178345661945871,3637.93093674981,1,1
104,-0.5,-0.477216685727481,2.35089679673417,0.749950248036829,0.943984365168279,2.10033848700389,0.150025662316188,0.0454272631544654,0.0708905209547508,0.112714752649831,0.187615234065521,3604.76289932097,1,1
105,-0.5,-0.372254935593615,2.27874127139657,0.847669872855756,1.09375239072128,2.03401873225705,0.128673636052395,0.0505287904253435,0.0765481937494964,0.10637258646035,0.177841930598187,3621.03177511312,1,1
106,-0.5,-0.331358329581961,2.33036416343918,0.768418517349089,0.874416769417352,2.22732152308926,0.132378174836043,0.046403197561289,0.0731574935679512,0.109639205961232,0.185272663745725,3588.08230930664,1,1
107,-0.5,-0.64118671789749,2.29153673720835,0.811980578324336,0.781154846678205,2.18495154574134,0.191854839288526,0.0447342503034802,0.0700020295344396,0.111999590866213,0.182122449855781,3577.30009208048,1,1
108,-0.5,-0.604233253845782,2.30248226092978,0.768904704162003,1.11172426094556,1.73551676996572,0.171399453543923,0.0474980734168813,0.0760569033477218,0.104351007835717,0.173590218447976,3591.89412926948,1,1
109,-0.5,-0.800679530645403,2.30635463761074,0.840590787209642,0.864751686676002,2.06557864553526,0.206814964493687,0.0455233816005401,0.070386935827614,0.106604329461222,0.174969344429595,3615.20284141235,1,1
110,-0.5,-0.377590500074266,2.19116658719573,0.975963773672777,0.931914191556278,2.14650349198803,0.135104318161994,0.0483433829298347,0.0748762441335158,0.107321871579045,0.182405377148585,3536.77519863106,1,1
111,-0.5,-0.598342882796371,2.21891429414441,0.880482030696182,0.920027675384638,1.9733692349877,0.173751788098325,0.0477428486028636,0.0750295629534106,0.107308953014773,0.175983656273808,3552.36340362366,1,1
112,-0.5,-0.469230354376032,2.34750234974797,0.760652978298722,0.910130291762746,2.1628158713653,0.139725227511303,0.0476800458785694,0.0736496123433374,0.10758530924705,0.168944795820564,3650.53502878414,1,1
113,-0.5,-0.427828935094336,2.2959747039863,0.838120197434002,0.802386537734771,2.41934225889217,0.136264993702538,0.0472489920996314,0.0720513513480848,0.110512555982974,0.178156794083558,3618.58079759082,1,1
114,-0.5,-0.4608110454823,2.36268817270662,0.723764592167097,1.06157703974859,1.8919932581691,0.158396198364378,0.0471438190228504,0.0740223959989982,0.105257915943051,0.174114860135297,3627.51435133486,1,1
115,-0.5,-0.341333066141798,2.28807551654399,0.76524179884607,0.855739041930004,2.26649945456237,0.130231169109231,0.0481644682950721,0.0748028981654864,0.108976424646999,0.175260897104866,3585.62958322638,1,1
116,-0.5,-0.439628440052636,2.25800429485923,0.88763610574853,1.03544518652053,1.95219753295603,0.155026180439479,0.0472959815393243,0.0732547217237377,0.105612549708515,0.174122720993944,3601.98261032758,1,1
117,-0.5,-0.545867685533405,2.34387771610793,0.722229386382404,1.07843833888863,1.8813917933639,0.163775950228743,0.049507597436947,0.0751833840633986,0.1049973933633,0.173909140825122,3618.98110323428,1,1
118,-0.5,-0.331519866109132,2.3526022313084,0.727337467320268,0.809077460204455,2.34915882261398,0.129031751325529,0.0465712168653706,0.0715269176626767,0.11352167423821,0.18350292302239,3618.6281856676,1,1
119,-0.5,-0.464638786533893,2.30178319961287,0.829252203788218,0.967297765055945,2.17981576752545,0.146275706255748,0.0490177895987118,0.0752350661024773,0.105726399860826,0.17571215218484,3627.4179221913,1,1
120,-0.5,-0.377596411444,2.2437459375959,0.859324942047075,0.898660067977964,2.08305073308774,0.139016837796714,0.0468259120173619,0.0726612397847684,0.11264066744149,0.186516773786797,3572.326863579,1,1
121,-0.5,-0.422700921559071,2.32256304618356,0.748112929912514,0.896512357456726,2.13354445468289,0.148879076654767,0.0477834600621361,0.0738774539387727,0.111549238399704,0.182332164872212,3608.23873350295,1,1
122,-0.5,-0.796211250995421,2.26031167823136,0.864673769386194,1.05172700557484,1.84730020257315,0.192270726793804,0.0490533129935153,0.075423118844424,0.103124106129193,0.175570995107177,3581.83775084826,1,1
123,-0.5,-0.612132072043246,2.19819315450245,0.971562165201571,1.03118330635856,1.93850096410954,0.172491794399534,0.0499203931719364,0.0764904787131731,0.106351356060762,0.171081372507681,3602.40091301496,1,1
124,-0.5,-0.471687827007371,2.28523250803114,0.789488860666891,1.08912878500253,1.96180309522631,0.141013069407748,0.0487243205868232,0.0772791198205026,0.105612706951874,0.173330288901721,3600.55690757419,1,1
125,-0.5,-0.440838618116322,2.3413125213495,0.786253800333224,1.14600237572153,1.82846260389177,0.147073028233507,0.0474903569738094,0.0743246376393904,0.104008590954802,0.177518055408277,3634.4718860413,1,1
126,-0.5,-0.627266980402775,2.29694530432408,0.796926543971202,0.911787080693746,2.11142304287713,0.181310987847089,0.0463815302842317,0.0730674268872266,0.105666646800056,0.174381404314684,3595.63020007879,1,1
127,-0.5,-0.437698502282818,2.31352513695062,0.768273169325022,0.991268783537977,1.97279154824403,0.147236347186393,0.0470462089118937,0.0740668479813753,0.104883547887617,0.17479768963515,3591.87226447022,1,1
128,-0.5,-0.436505741378475,2.26205556040251,0.844535623283021,0.856462376528534,2.22120509205119,0.152728675014037,0.0458284953975268,0.0703009724503141,0.104990996301129,0.182966213335099,3550.22347108735,1,1
129,-0.5,-0.319793337430951,2.30085232616098,0.827164625155668,0.962007295475694,2.22029019798932,0.125026079970435,0.0467106359949701,0.0739473059775617,0.107015720902551,0.187561861787052,3572.76701169698,1,1
130,-0.5,-0.527300331562805,2.3204167232996,0.796555122379741,1.00645201422879,2.00929217593284,0.151962316551336,0.0467878824616991,0.0719967447531093,0.103711146141684,0.174050041963604,3610.2477497865,1,1
131,-0.5,-0.30589749253882,2.22452183630996,0.820622999052348,0.996952408944,1.94938264030292,0.140111872264592,0.0483756552584897,0.07616137806849,0.109858746746381,0.18618449341749,3529.51015479739,1,1
132,-0.5,-0.479733286402807,2.31165991336628,0.754326305341243,0.973395054790804,1.97233538864188,0.158312344762257,0.0461504347221843,0.0715058077665955,0.10667393299515,0.174153331967484,3599.45080725411,1,1
133,-0.5,-0.629131347551312,2.36238770012315,0.694651402513978,1.00834314718988,1.86530893786637,0.179523655058697,0.0453740941915289,0.0722659971100447,0.105531348133627,0.171701116923378,3617.6576046031,1,1
134,-0.5,-0.495875663854605,2.25523325270661,0.85606344212451,1.10180619104554,1.69313199762059,0.164870793315214,0.04794489366204,0.0754531156161453,0.107453805700233,0.183707139976474,3576.44770751518,1,1
135,-0.5,-0.480741494243435,2.32576144459448,0.791026653183167,1.03799816172198,2.05975465690136,0.141345579563864,0.0488140453271271,0.0774154021606591,0.105822747297761,0.171951262236418,3635.92843000401,1,1
136,-0.5,-0.501306452461816,2.32191538413789,0.792342885615342,0.831365624109137,2.33801035386513,0.149596799364212,0.0468223086710839,0.0732258696049356,0.108908523251159,0.176783315549204,3613.99408984013,1,1
137,-0.5,-0.349442131770766,2.29773859902733,0.839040613382184,0.970225218965747,2.01027250395447,0.14030618885506,0.0466932939969516,0.0727737714069877,0.108517652513055,0.185937698300662,3599.00517880356,1,1
138,-0.5,-0.5022819717359,2.3455921288887,0.675147137128674,0.962018705256158,1.91028685340395,0.16287723094856,0.0458711853015279,0.0725192330230829,0.108540779186036,0.178702955728163,3592.01358215944,1,1
139,-0.5,-0.515147276111656,2.34752485645888,0.752099814994381,1.1153672097215,1.80951901192229,0.161666241948284,0.0475320198519489,0.0755655126610036,0.104683791220884,0.173637748549651,3626.56151656338,1,1
140,-0.5,-0.44953369923599,2.3640683159735,0.675791478598141,0.981958108783937,2.15800934597423,0.136826508896414,0.0499991509973516,0.0757875331858851,0.104526142585702,0.17181082442165,3617.81831541424,1,1
141,-0.5,-0.265725634008083,2.32956553103474,0.817800199379368,0.982482613837095,2.23652981316296,0.120322322129297,0.0483807528034282,0.0734555560513094,0.108307278632495,0.178945524580196,3668.38076253891,1,1
142,-0.5,-0.545709511354588,2.27429906923434,0.904692935820111,1.12370528031959,1.7938537151143,0.16135264728175,0.0494212762223574,0.0770990793377706,0.104251316561251,0.167747054273403,3647.47176923387,1,1
143,-0.5,-0.877180067980497,2.30960495384106,0.778013317096032,1.05988947940563,1.53725680728714,0.273251419886771,0.0449474421654737,0.0714420453831681,0.103580835216782,0.180475290113286,3569.12467991697,1,1
144,-0.5,-0.318006446345872,2.32669635875868,0.856790576010025,0.996200090835979,2.10971398925405,0.136618027029211,0.0451612925245334,0.0712551372470121,0.106052963829397,0.184456080268798,3624.75438821334,1,1
145,-0.5,-0.581427222283874,2.27695409704464,0.80722094906728,1.08704085051596,1.88522250571843,0.15850217147592,0.0502937503954021,0.0762213177265381,0.10623627436535,0.174944592115283,3595.12527979159,1,1
146,-0.5,-0.420340012924932,2.24996543760366,0.917380070160215,1.15991081329278,1.74147321779743,0.147097221222226,0.04902659612951,0.075029248204793,0.103006563400316,0.179721050958405,3609.52184123125,1,1
147,-0.5,-0.522776385180158,2.27820885695641,0.812816464636935,1.02370001344052,2.02998373946854,0.155822827230255,0.049571180206099,0.075785142917082,0.10480311370831,0.171967047365035,3602.78552079724,1,1
148,-0.5,-0.688925275143379,2.31239031857775,0.819089558690686,0.964093029636591,2.03847210556865,0.179804501356053,0.0471671198070213,0.0732732703037954,0.106252471896238,0.176581156508333,3597.88659926438,1,1
149,-0.5,-0.587792513647833,2.35814312931329,0.749929162654782,0.881567052939719,2.33653534105981,0.141722707282378,0.0487314269303987,0.0752033773381547,0.110897294737041,0.181945067364156,3594.63249358776,1,1
150,-0.5,-0.881081005226287,2.35910246691377,0.686270187086277,1.12152158626335,1.60756239503199,0.234921613364626,0.0469981224822266,0.0742758931011632,0.10150474303635,0.167949178334384,3606.70841259917,1,1
151,-0.5,-0.713376712124999,2.31433725265329,0.769048954372845,1.14140079350947,1.67269753106186,0.19475974862239,0.0497997531345572,0.0775686750223182,0.10333440638156,0.169773855248931,3612.08656814688,1,1
152,-0.5,-0.400857530363912,2.32610297652412,0.824234681619469,1.19389475164822,1.72718368167288,0.147551962348564,0.0484140488575593,0.0756533942537592,0.103069981984041,0.173514648325648,3651.37934535956,1,1
153,-0.5,-0.465184445570866,2.26450970851021,0.83064831727975,0.985420896479211,1.92873194797757,0.157559697768694,0.0460198594683797,0.0730899279391412,0.10797676266944,0.183134143022824,3560.36923897313,1,1
154,-0.5,-0.310992567452214,2.26842420502395,0.827911113772393,0.959071117517781,2.10348828053174,0.126045231508341,0.0483366104804625,0.0734986050968891,0.11134244910391,0.181096130745508,3610.29165656717,1,1
155,-0.5,-0.521743880080908,2.21569250212718,0.935286838948639,0.942254349891497,1.9786486497525,0.175260634390767,0.0474088976939873,0.07389971680979,0.108611158431282,0.175943517310315,3579.05228208274,1,1
156,-0.5,-0.721568227892504,2.32652369770545,0.801016465527997,1.16387565508307,1.67441499069057,0.187117273177857,0.0474245183046134,0.0735980731808803,0.101755994045334,0.167970834260343,3644.70833218872,1,1
157,-0.5,-0.403170894233858,2.24505569955183,0.925867567776646,0.934725129557644,2.14978249852417,0.136584759328549,0.0479703900559634,0.0735251736888467,0.108547545999875,0.178079857248696,3605.421968964,1,1
158,-0.5,-0.380315150582749,2.32353303242305,0.759023394702043,0.797341241398501,2.20755896863124,0.158869124282544,0.044227572126176,0.06895178462934,0.108800212785869,0.19009435051841,3571.84380162833,1,1
159,-0.5,-0.459537386762847,2.23519883557458,0.954753914849738,1.10280486947196,1.89989688563775,0.148517271438231,0.0493107322370265,0.0740849466348761,0.104784794778355,0.173979991363217,3621.17589347019,1,1
160,-0.5,-0.456729855841938,2.26898772218437,0.840996899458112,0.908990551392613,2.20130724678833,0.139137435304394,0.0504765361117984,0.0767725748173586,0.111726226181682,0.180163152800996,3607.00080058624,1,1
161,-0.5,-0.475054593215752,2.30187976486868,0.805819884158315,0.977955860429433,1.86453363512933,0.168474613373802,0.0464110395127164,0.072136384706526,0.105471684666908,0.175832606775483,3594.20350840472,1,1
162,-0.5,-0.727210378014295,2.33565084836648,0.769113593571557,1.02461179606125,1.98495596787149,0.178336359571819,0.0472583638667998,0.0755641174539791,0.103049176080376,0.171553970649522,3600.80182526847,1,1
163,-0.5,-0.505336572746906,2.27348651718447,0.84292029799628,1.11248716962278,1.80412485993633,0.166245955027645,0.0478427346244605,0.0742723371902214,0.101556942270798,0.170712081565916,3606.40230732169,1,1
164,-0.5,-0.40347433096907,2.32098918937556,0.754097055403149,1.1434520600483,1.63520901362432,0.155644314113552,0.0480992653574595,0.075775606610246,0.108370229405845,0.179676913326403,3610.73947494938,1,1
165,-0.5,-0.543263815236597,2.31643816247332,0.7924684100725,1.12173040449363,1.75250133150151,0.164776413518487,0.0479576249423584,0.0739543041390943,0.10623553264408,0.172530926066377,3642.4345911838,1,1
166,-0.5,-0.599262862683058,2.19684969530234,0.890789273737288,0.905184059917356,1.95137524795561,0.190531561723619,0.0459708030867249,0.0714594996341577,0.10816080255658,0.181443006030931,3539.63110046252,1,1
167,-0.5,-0.196337514614434,2.28262601416862,0.766594844900088,0.915047739419362,2.18495396621942,0.114009026062813,0.0483635677582262,0.075497813756145,0.112246898651907,0.19116417332294,3576.74619781095,1,1
168,-0.5,-0.684674606427931,2.33144034323721,0.716340662802641,1.03233690630506,1.98421756513545,0.172402869238196,0.0487097261459194,0.076406098834647,0.106280728814028,0.173852274597302,3610.61586107989,1,1
169,-0.5,-0.570418966501109,2.26795546076203,0.890259353508914,1.11636060890665,1.92667951755758,0.15641977510788,0.049770868519436,0.0762627613696607,0.106249927108452,0.185479859427879,3593.78270137257,1,1
170,-0.5,-0.491732213402682,2.38230029520916,0.750052365186313,0.863603583683789,2.30278545034378,0.149447584299993,0.0457916932556816,0.0710011907692755,0.107851433587956,0.17842035628476,3629.8408456224,1,1
171,-0.5,-0.59702584121297,2.37832191362514,0.728007987766218,0.848902350399945,2.3055921489832,0.163878128715406,0.045769039142285,0.0724228494235033,0.108902943543317,0.183317412054812,3616.91397599554,1,1
172,-0.5,-0.544451353522634,2.21658660378138,0.897452098448659,0.996296495347052,1.89512876038141,0.165460896229122,0.0476423830636775,0.0753053006008629,0.103649543738651,0.167030550507292,3562.3735904916,1,1
173,-0.5,-0.666080700025736,2.32462426941084,0.739863412312949,1.09339233020579,1.84392072717589,0.180773606544744,0.049157396727471,0.0763182603136466,0.105026868137376,0.175780199328429,3616.28135860677,1,1
174,-0.5,-0.496694104107834,2.30805936954172,0.784395532411602,0.976695885429346,2.03433659063536,0.161398157044425,0.0471685135695266,0.0728724894051218,0.103342128697474,0.172893890574967,3591.77495005821,1,1
175,-0.5,-0.283999494429483,2.36674987484445,0.650071039853352,0.757928476762874,2.42765298581944,0.125062110451479,0.0442722823670366,0.070717937961164,0.110532693473611,0.186605012818199,3553.1382123429,1,1
176,-0.5,-0.48707991131506,2.36185049189012,0.737623592127179,1.03667470610451,1.90308405894583,0.163123513089461,0.0473933678990815,0.0737185714734565,0.105612224167584,0.174742686808084,3635.61987202729,1,1
177,-0.5,-0.602096540260487,2.27006364470231,0.802712243095448,1.0161849232872,1.96960009167235,0.168744453619392,0.0486022909385897,0.0754954104913533,0.104222930981491,0.175965051326713,3589.08847730124,1,1
178,-0.5,-0.659952801344659,2.34313571348534,0.749141761921663,1.14671114524045,1.76828944895556,0.178386156791582,0.0470704607506603,0.0736350148599225,0.0999701485449992,0.166177432060077,3619.79260054099,1,1
179,-0.5,-0.67503118873943,2.34449205326898,0.762268281146954,0.992200753685767,2.0506854094297,0.17069615202814,0.0475156223013999,0.0731226558458515,0.108202942407585,0.171332847513315,3651.93229799692,1,1
180,-0.5,-0.547926503842817,2.24819902328587,0.846299268827521,0.849524255931703,2.13862883338556,0.163462074733668,0.0460978110320264,0.0714235900048533,0.109033189473118,0.179331178051403,3561.86533314781,1,1
181,-0.5,-0.222564095090945,2.34998392832365,0.743077673932571,0.989328536772016,2.13207678558525,0.116339402599656,0.0469151138338184,0.0762037895523606,0.109944802005403,0.176783389106866,3642.48320379266,1,1
182,-0.5,-0.324854831536292,2.39773809696227,0.686085121486231,1.14808448205427,1.78387975125389,0.139317237578741,0.0459230645882794,0.0728725002104194,0.103976188398444,0.171771092581654,3653.44186542812,1,1
183,-0.5,-0.255047995722862,2.37022446430138,0.693374019846603,0.904021445540377,2.20686433423796,0.120991504665325,0.0461774635366623,0.0738784235581562,0.111811125925701,0.187621121908151,3605.94329682458,1,1
184,-0.5,-0.489635878595203,2.3442761591777,0.678720031453994,0.863385880373279,2.10435140909478,0.169487477704911,0.0454592011846952,0.0714319153755646,0.11064219540952,0.178289597307117,3606.51522528929,1,1
185,-0.5,-0.425605500631856,2.20298108666512,0.900576350972832,0.93986745681668,2.1587336364302,0.137211414525514,0.0493893830674285,0.0758519647604268,0.110362339255657,0.183257588023598,3552.12386351364,1,1
186,-0.5,-0.422145203907248,2.39887172042959,0.676562302891715,0.847260128239902,2.39339571411245,0.130423092777252,0.0469502687604105,0.0737655994192633,0.107078367717523,0.176039826559573,3610.6934262512,1,1
187,-0.5,-0.387227643141597,2.27422491115934,0.815560717457899,0.84304954105692,2.21819528023763,0.144128964427102,0.0467892238617388,0.0722140599229792,0.107801833350477,0.178023790758922,3567.70485957819,1,1
188,-0.5,-0.337986667554666,2.37461660204287,0.725829943757746,1.16171686105132,1.77955411472715,0.137420387038517,0.0462463038939671,0.0724048645390928,0.102019511247447,0.175484263004429,3630.98221489265,1,1
189,-0.5,-0.643531983249865,2.22018208041858,0.914799494767327,0.982989025299274,2.0075718854673,0.175297592390542,0.0491767265095496,0.0748136118857755,0.106426677125293,0.174134170291445,3588.2334947792,1,1
190,-0.5,-0.681234997011443,2.32641199058017,0.790946297004621,1.04743355984964,1.94243942866478,0.176791656619885,0.0485411917264496,0.0748632165867904,0.105178473114962,0.166261838957344,3648.15468512089,1,1
191,-0.5,-0.28620302873714,2.31979999452127,0.746765213483794,1.01214518218278,2.0412175006257,0.119691362520503,0.0466867272733503,0.0751158111070664,0.11156555286354,0.184746253401562,3598.89889484511,1,1
192,-0.5,-0.594591500814284,2.23905205474252,0.872198896852958,0.868549790961168,2.052493170573,0.179148786104275,0.0479552769331013,0.0734860302472293,0.112498173836727,0.183722783098628,3583.39299513846,1,1
193,-0.5,-0.806686139728892,2.35496514037965,0.791364185616878,1.02117850482704,2.01832171725563,0.188591287018887,0.0481522481877038,0.0757853325150483,0.104431168342962,0.172042127402022,3637.5357362409,1,1
194,-0.5,-0.475235570024446,2.35045455569627,0.712966932003572,0.872355674027523,2.17999289832701,0.14754711683117,0.0452536950074385,0.0731463349625619,0.109587591701057,0.180324100832533,3591.2130445491,1,1
195,-0.5,-0.416450637764413,2.30274897852533,0.728655432564766,0.848200640382485,2.30887730335213,0.145195813417071,0.0463392263188089,0.0735002353909373,0.108018093736474,0.18585045266609,3537.38042236567,1,1
196,-0.5,-0.506696540032267,2.33422799577583,0.709372767620422,1.00966298517108,1.86997208659617,0.162260154710127,0.0462589336384791,0.0719661465914336,0.103983040555817,0.169702181349013,3596.40691869512,1,1
197,-0.5,-0.544114413846652,2.28964259828992,0.817834694387471,0.898053616265186,2.07587875279007,0.170894976913848,0.0449903451639849,0.0698131802101731,0.107793210754446,0.180792580982134,3578.11056972488,1,1
198,-0.5,-0.473177238450736,2.26934408736905,0.778726397344474,0.976511103190933,1.85859160349724,0.160031873756869,0.0462120249791243,0.0724817642703277,0.108103322943261,0.1803666647928,3558.11736391821,1,1
199,-0.5,-0.367643090153,2.35570192063803,0.692952354926351,0.967404376216738,2.24071706144598,0.125419030261357,0.0471281773628914,0.0749656411430186,0.105783024828993,0.17858072039744,3593.53135279988,1,1
200,-0.5,-0.443854562399647,2.22449854058773,0.95446692655737,0.891811998145773,2.26425485285125,0.142019952330517,0.0488326716929137,0.0768635934949543,0.107193422260078,0.183069729823421,3571.10729557872,1,1
201,-0.5,-0.455378359488843,2.26396171896751,0.836399627765296,1.15368060678383,1.73712386448968,0.150401379514173,0.0483958017119748,0.0749876482605785,0.105843784997481,0.171631237813102,3607.28199679914,1,1
202,-0.5,-0.691473945927703,2.21318950549725,0.898165263119391,0.823882932994835,2.26029297384339,0.173938932372671,0.0468134661241822,0.0712960148755642,0.106729691401183,0.175144174637347,3547.40680269024,1,1
203,-0.5,-0.386236956366111,2.2448420128305,0.80864772639257,0.809152210003242,2.23398384447062,0.142544435264016,0.0474730907004325,0.0731857784715856,0.112449208683959,0.188721901475246,3541.03950441164,1,1
204,-0.5,-0.634581323985022,2.2546707840544,0.837196173884889,0.971270315933155,1.99896512140285,0.163442981171676,0.048966079833612,0.0765196601020158,0.106821280624602,0.173012177135657,3576.4070322927,1,1
205,-0.5,-0.640112694498238,2.38829918781569,0.684794330987536,1.00569743668714,1.93546865445872,0.185796937713463,0.0458064978912773,0.0721055923798999,0.103997146629694,0.169324387409192,3627.88842521523,1,1
206,-0.5,-0.339452498623705,2.3350995589264,0.737681437948195,1.20058589185516,1.74651522312691,0.130796984188827,0.0481682116860084,0.0762770589184387,0.10617118574156,0.172677421967327,3639.47979163397,1,1
207,-0.5,-0.724546992053273,2.26361328524036,0.855882089829318,1.03698218665034,1.92382761407586,0.20027595321824,0.0475339684488302,0.0739411678877005,0.099906117701151,0.166450283059552,3579.92132109855,1,1
208,-0.5,-0.2497639355611,2.36321352153762,0.760338368806616,1.03479269055076,2.04712984393894,0.126006236789953,0.0463813185360919,0.0721199392211826,0.106618399372986,0.179477610594032,3642.96197986074,1,1
209,-0.5,-0.738890112096246,2.3620271670238,0.65694372965817,0.960784794210538,1.88654380892605,0.220655982247805,0.0450732330922962,0.0724087940623927,0.106654278910677,0.178142270643028,3598.25046004547,1,1
210,-0.5,-0.579564048569558,2.44269918811693,0.632926361195102,1.24636416781158,1.57796256084658,0.180243985277335,0.0473894433992494,0.0747190946324607,0.101390656465038,0.165993642788736,3692.5534113945,1,1
211,-0.5,-0.583311287501765,2.33014279871151,0.768243825782556,1.14552700018223,1.67198189805156,0.176013317625294,0.0473607552398012,0.0750561703687197,0.104438889011341,0.172858692285633,3622.68286714376,1,1
212,-0.5,-0.382362828891288,2.35204642305508,0.70592922901835,1.11538686097096,1.94298175623534,0.137621326831554,0.0485469410027222,0.0762869626672063,0.106206543016592,0.177906076785399,3625.56342034949,1,1
213,-0.5,-0.627356280031735,2.31333997969737,0.767299944656549,1.05151041506073,1.7862602921192,0.1969498019315,0.0471895999122174,0.0734360789003119,0.104437724978793,0.174845227330626,3596.33711666341,1,1
214,-0.5,-0.904857632728869,2.23351484435229,0.892261089950726,1.08624144647837,1.71706981691082,0.214607974326991,0.0501447445227014,0.0789036665797573,0.106389101838751,0.171519238759122,3590.83268031442,1,1
215,-0.5,-0.587466004897269,2.33654103736903,0.734468232725862,1.10479355015011,1.75826903104166,0.173224532987252,0.0469506350201869,0.0743168286188009,0.102191241475071,0.169469467252772,3613.19924076101,1,1
216,-0.5,-0.656592143938019,2.23682183692148,0.911642381795696,0.947327197593594,2.10251168660538,0.178105531292967,0.0472897785680611,0.0726203573199267,0.105764581355957,0.172350294901053,3590.70547597528,1,1
217,-0.5,-0.207711752943906,2.2647946889647,0.838317363121367,0.957417194295325,2.18905831668129,0.115753188079859,0.0483600806008448,0.0751842899874024,0.108661321209333,0.179183869277214,3582.04725756459,1,1
218,-0.5,-0.45091361954285,2.34505703243326,0.761097983729223,0.915186736939068,2.25002909188636,0.139595377082445,0.0465960671104941,0.0739511443602219,0.108881957616725,0.183152996526762,3600.26506456317,1,1
219,-0.5,-0.403387977923065,2.34880615851462,0.792978962573215,1.17490459291797,1.74772883588822,0.157607142358639,0.0464437762314525,0.0744161329419741,0.100890601959017,0.172107984252714,3643.03880030468,1,1
220,-0.5,-0.266381921878034,2.18815996347262,1.00676895284314,0.966644409744733,2.20317148302924,0.117520358224227,0.0519675037409837,0.0777047906151274,0.109560528547628,0.181865198303729,3633.10429572751,1,1
221,-0.5,-0.252152802902885,2.35597625743074,0.734465468664501,0.926569019784383,2.26502323268384,0.121999863234321,0.0458784080386599,0.0732131662306434,0.107085113548464,0.183403203043096,3606.6742931158,1,1
222,-0.5,-0.530773365506085,2.32528250419463,0.836356712822336,1.06784841485156,1.90836986002481,0.154375102098554,0.0475985139697896,0.0748785865796635,0.102830418474387,0.175702758760517,3618.0886411269,1,1
223,-0.5,-0.729366822517396,2.25789233293362,0.864513922031181,1.06623355890373,1.70749104851303,0.211579242151009,0.0484537328628185,0.074551776213288,0.105763139109958,0.175337225030509,3599.05293868176,1,1
224,-0.5,-0.47269215882299,2.20935436609209,0.959828281356152,1.00873103922511,2.0229837189034,0.149967593440041,0.0482448160032172,0.0746761380870903,0.109088887366495,0.188291301520069,3567.42073754226,1,1
225,-0.5,-0.182427236753997,2.27774155299292,0.922280248543776,0.98950389189884,2.03389001167724,0.120608810848398,0.0459008582413265,0.0720011878271728,0.109423677056628,0.182696923539054,3618.08313088013,1,1
226,-0.5,-0.594091540837164,2.2570177157332,0.888766705021016,0.904783532350767,2.23402266021057,0.162829867937404,0.0490895959214942,0.0753852421907733,0.10717815307252,0.184164134269514,3575.16985216287,1,1
227,-0.5,-0.4866529312876,2.2776220613557,0.797604901215397,0.831248402014927,2.20845167464803,0.151014076681984,0.0450270402953777,0.0719128056968955,0.109029582318164,0.179388010168747,3559.37503436539,1,1
228,-0.5,-0.8743122525417,2.24448390228586,0.894280999074602,0.860534762609282,1.9313445526623,0.242317159937671,0.0456172181858597,0.0709937697110985,0.108421351889295,0.182217272810003,3563.40905574365,1,1
229,-0.5,-0.274728336484847,2.28597691199733,0.828861968157032,0.712404400621151,2.35037790282675,0.127505865318497,0.0440751258431944,0.070075486771838,0.116479262901798,0.183887209889378,3589.00863834413,1,1
230,-0.5,-0.501513197151546,2.28909263023461,0.845756354306246,0.999640582534202,2.05434769475753,0.147482581894105,0.0485678763517849,0.0781075136648449,0.105281166725103,0.177416973653612,3592.7055546164,1,1
231,-0.5,-0.64113091627404,2.31111430073213,0.839519779568768,0.772534168884816,2.2778379914009,0.178013456711969,0.0443831358919959,0.0688253177162158,0.107065521823806,0.1783982631366,3566.21880532729,1,1
232,-0.5,-0.525037243580772,2.28376749648978,0.812374933220638,0.930325902238205,2.08670378330837,0.150720477795571,0.0483477559848087,0.0740810246560042,0.111972139235358,0.181285071882359,3613.60616587801,1,1
233,-0.5,-0.785113970123904,2.25419894788283,0.852007050688546,0.950574883465896,2.08120782894899,0.199275843734083,0.0497099587627038,0.0769251089693367,0.103436217886339,0.165420348751442,3610.00287147931,1,1
234,-0.5,-0.402944882855904,2.30634300725676,0.796950937890042,0.871660544821027,2.30581430828981,0.13730671875055,0.0471904517778652,0.0750543389387065,0.108501246253815,0.178588023886398,3598.11907047162,1,1
235,-0.5,-0.593286264392486,2.30214710214447,0.870551702547285,0.976245263775261,1.97992566611839,0.163646557770667,0.0466322848099005,0.0729765834198477,0.108419202691411,0.171417338570521,3640.42312648941,1,1
236,-0.5,-0.722127534606472,2.35457093887714,0.73617384928849,0.996467049602596,1.85108980812016,0.221356656338874,0.0471097886566465,0.0731811760177341,0.10724085756197,0.185033920617209,3608.48216582278,1,1
237,-0.5,-0.705012304531077,2.2872686837978,0.816458524526691,0.926548294979377,2.00016673636711,0.190263027062244,0.0459822663248004,0.0717853455752422,0.106004996252582,0.165865185444651,3609.83473702246,1,1
238,-0.5,-0.5522031567409,2.29496784312448,0.835304612898061,0.87116618651221,2.17143948255454,0.156031438166302,0.0463270569652357,0.0722036108880981,0.105596743233261,0.174932895002306,3578.42110356637,1,1
239,-0.5,-0.552289128118383,2.34905893739175,0.705624587931037,1.04742561023457,1.78981236732044,0.181253993969181,0.0473117950798855,0.07504824741792,0.109482309239662,0.178921432181119,3612.01482757839,1,1
240,-0.5,-0.616187342994289,2.2263483891508,0.918816980066435,1.02127009901417,1.78500575636552,0.181908674202206,0.0466866601065898,0.0736641866194752,0.105590309198697,0.177440643460528,3572.53678456666,1,1
241,-0.5,-0.925644468727505,2.28606975581419,0.823772286787512,0.941176209199801,1.98851531266318,0.212516575313771,0.0485878709706733,0.0761700614835809,0.106304979175949,0.17822248959331,3562.31383322632,1,1
242,-0.5,-0.382233024736915,2.29530476427322,0.739536054540234,0.77711776802633,2.18275575326387,0.140302284811106,0.0474613988002213,0.0736030236340128,0.114064955396205,0.186197349871984,3558.21337069965,1,1
243,-0.5,-0.671842005738112,2.31028237677929,0.701730492436483,1.10273942916679,1.78752241631298,0.173883566634608,0.0478856751280869,0.0761365729923097,0.101084506283219,0.174350615205549,3552.5786269572,1,1
244,-0.5,-0.452323786682131,2.30920445290182,0.823013071415185,0.80469067697439,2.22313486540863,0.153125959285869,0.0455038594236063,0.0704778478681448,0.111357538940114,0.187883412783768,3585.8617351842,1,1
245,-0.5,-0.52225950264049,2.2553951243382,0.882236314220655,0.957111446856531,2.02589378218476,0.158532847165111,0.0478820540608216,0.0743100606306406,0.107194366370767,0.173654505500108,3603.92510162727,1,1
246,-0.5,-0.538723149055982,2.35866914527006,0.747908283559246,1.12864554277985,1.88474243540358,0.156077380566978,0.0480082280435922,0.075518039607575,0.107077349598868,0.174309737073661,3652.99635892782,1,1
247,-0.5,-0.665221634537296,2.29975071710339,0.85197581209604,1.05723720194325,1.90177862061443,0.1799116801127,0.048345795831451,0.0759979576625252,0.105737625451943,0.176140803823882,3610.96382242898,1,1
248,-0.5,-0.267818805012217,2.32388975582703,0.805120044976257,1.06306545841729,1.98585205473494,0.130014681832099,0.047190441820193,0.0738816444621195,0.106062259326697,0.180369522216692,3612.26193143642,1,1
249,-0.5,-0.524261880216422,2.34171668349721,0.785282911026826,0.901697513764451,2.20500390868143,0.15955267074023,0.046005973371282,0.0715476605063283,0.110314812695651,0.181345520267858,3627.11670341918,1,1
250,-0.5,-0.455694630237453,2.30506977803296,0.820837565354394,0.966754043741829,2.05613710228101,0.148632599982169,0.0474444193530948,0.0743285157525005,0.107559748799373,0.173578756811534,3612.44435957415,1,1
251,-0.5,-0.291437346380393,2.27236499472493,0.842218458109189,1.01398403926784,2.00510109744683,0.125259203326945,0.0482849305082776,0.0757719365302616,0.1091492251207,0.177419413472961,3620.90775989774,1,1
252,-0.5,-0.318537693765758,2.31346178688053,0.851438080447028,1.10451126720308,1.87642111362246,0.13403739536313,0.0487548325316809,0.0750135818354889,0.108959856328002,0.180928187625826,3661.99549334971,1,1
253,-0.5,-0.701346097310847,2.33090741733867,0.714382405061161,1.05643362536756,1.88741658676887,0.1858784057078,0.0465604265534476,0.0744468103067202,0.10657627413763,0.178601522657832,3601.6725245751,1,1
254,-0.5,-0.682054581461958,2.20868747172931,0.992463671996131,1.01989567104637,2.04898402086329,0.17845498007088,0.0494864351269798,0.074118688935186,0.103723001520685,0.174878955882134,3580.18922097633,1,1
255,-0.5,-0.387303468920301,2.42624671686451,0.654027788968846,0.879091568962636,2.24136857841177,0.136523548677346,0.0456427902846731,0.0705880662341176,0.109066067498747,0.183323795298485,3627.96105398549,1,1
256,-0.5,-0.254642772594893,2.2728876371178,0.880128794270059,0.80676019604582,2.33424847097114,0.122687115907215,0.0472569057202065,0.0733933596280841,0.115473903980269,0.19156654543083,3603.42919568383,1,1
257,-0.5,-0.318341681159946,2.32704686297394,0.731004793164681,1.04449197885389,1.92030589742773,0.135291757096813,0.0476396496474225,0.074259710635765,0.108524809322201,0.186708896956905,3600.05320662174,1,1
258,-0.5,-0.618682487203711,2.27476995606803,0.819526268533013,0.882101403427393,2.16192040535652,0.164558375378042,0.0478628826418453,0.0755469817345101,0.10783697748924,0.183259184721926,3549.81947628512,1,1
259,-0.5,-0.706126695610011,2.31209724059033,0.768155449117214,1.026810115137,1.87625639911987,0.189507217249699,0.0476959021904679,0.0746403697860652,0.10281563148533,0.177596167332651,3558.82184912424,1,1
260,-0.5,-0.61484501583632,2.32679444895522,0.814635754505208,1.10000325454508,1.95960333517595,0.158786368096547,0.0488026455740815,0.0743077131723911,0.102683256124113,0.172168880580375,3643.67313223815,1,1
261,-0.5,-0.333690483737039,2.27643681372081,0.875826821792731,1.0457867827545,2.06683695156275,0.136716418568373,0.0487055685225693,0.0755093329409312,0.105541517462174,0.184941382332362,3603.28103431175,1,1
262,-0.5,-0.470236996252811,2.31527140160253,0.817064143395523,1.0834602322883,1.89037347553651,0.155933386901391,0.0474375686320238,0.0716753884214918,0.107211440782043,0.174499490538016,3657.77424634085,1,1
263,-0.5,-0.312030693568092,2.33437523516215,0.7797537015354,0.871318844075709,2.50429179469235,0.120263222084989,0.0482381444793188,0.0778252575256688,0.1097049841792,0.189230359355298,3599.19572501262,1,1
264,-0.5,-0.296327951660043,2.25526788286039,0.829696458974953,0.983738454458574,1.95206265713187,0.14609539522239,0.0473425109676577,0.0752015584292139,0.109316484763486,0.188843699898228,3549.52252160117,1,1
265,-0.5,-0.503096433893995,2.28382697146223,0.820882455801036,1.05384842737796,1.86176832639521,0.156806058277827,0.0463005851449721,0.0733033991862712,0.106216971738704,0.174759720764492,3589.57579624171,1,1
266,-0.5,-0.567100280781363,2.32735905396593,0.766628276807154,1.08290866263259,1.94738009523186,0.156278901725896,0.0474054744104661,0.0734865573894134,0.103579636922971,0.175048969973632,3597.83805651034,1,1
267,-0.5,-0.793618427314491,2.3689549322359,0.72247924579323,0.97839136395273,1.87977438594834,0.208767112568238,0.0459736806408974,0.0717240747330083,0.105463626288498,0.170269266746849,3632.13886420799,1,1
268,-0.5,-0.451368006909569,2.37699011881145,0.679997805134419,1.1312571167894,1.73963074382163,0.149193600181621,0.0469443619832209,0.0751962170193406,0.108353120962424,0.172498525022857,3652.8381104574,1,1
269,-0.5,-0.447198449656794,2.26737350695522,0.886785897004777,1.11807416459588,1.76497776131327,0.151812474489753,0.0488695271965336,0.0770767999009038,0.107860394629579,0.174941742051729,3632.39701846321,1,1
270,-0.5,-0.444134919256474,2.31605939946009,0.759387832366474,0.825449757011253,2.32499896936205,0.148998361465219,0.0454388877520888,0.0713930782455978,0.109368968910162,0.189425070384027,3553.39821403317,1,1
271,-0.5,-0.596925311237835,2.26130403937543,0.856929021922415,0.932560434909164,2.14817469817661,0.165009638831385,0.0495356742066794,0.0760624493294216,0.107978250824976,0.177967334144976,3594.42627522186,1,1
272,-0.5,-0.287275905622561,2.27460022777747,0.859858038715404,1.1211944484214,1.7900453717338,0.132275068751833,0.0476184068901492,0.0748336306538515,0.107685367522657,0.175380226926268,3625.32841285041,1,1
273,-0.5,-0.656935501438004,2.33099111523272,0.719464131453924,1.03583073296651,1.89961000040104,0.185974948132233,0.049851662784348,0.0779025590664729,0.106513310916877,0.176893637892627,3618.47475230075,1,1
274,-0.5,-0.438213302460592,2.35545050898324,0.682496912916361,0.970070579621941,2.09767209424912,0.13734186844138,0.0471778682463497,0.0737788157195744,0.107029517861186,0.180476306780006,3594.69618976577,1,1
275,-0.5,-0.698720187736817,2.27144611142939,0.879800168042516,1.22317490958083,1.61211889219379,0.192895362042619,0.0498622516962423,0.0778220763082387,0.0997602373004749,0.164073494532414,3625.83184277411,1,1
276,-0.5,-0.66707535532475,2.27018207072623,0.836079060325132,1.04028595286799,1.95227957135467,0.172256720374754,0.0497307284294172,0.0752638430376889,0.102810684029199,0.174007884061136,3583.27549035769,1,1
277,-0.5,-0.349482914731343,2.37955415519463,0.646273373527774,0.808923950669779,2.28106879744675,0.141482904621035,0.0438765718786998,0.071008070593456,0.111012882887421,0.182770658894754,3588.76389062262,1,1
278,-0.5,-0.580519940038211,2.22578007180858,0.886385510163662,0.811294384464407,2.18129226645919,0.17607587634674,0.0455634708332735,0.0718986198844451,0.109927838735692,0.182317491717919,3532.24598485611,1,1
279,-0.5,-0.428817037431471,2.27120299357484,0.809430692317452,0.730030800980584,2.39001185959594,0.147129326336219,0.0470095001387221,0.0720168286403235,0.113972377054933,0.186035739041137,3569.06197693387,1,1
280,-0.5,-0.438035243359034,2.35160519296026,0.70376881346672,1.1087470248965,1.83789717713396,0.149123696887816,0.0471280914169228,0.0768840606287816,0.107043247151985,0.172584700519147,3625.11021057035,1,1
281,-0.5,-0.547150201648912,2.33334024205123,0.777938228023809,1.00266731713254,1.99521323835186,0.160460361124847,0.0467178107261815,0.0731214710272122,0.10638245979317,0.173904372812039,3624.12048385235,1,1
282,-0.5,-0.519002286231402,2.33157633570257,0.76802513128573,0.888740124774588,2.06199900767489,0.171944111243094,0.0449881863160793,0.0704941879336828,0.105419222773809,0.179122051950067,3588.07438666071,1,1
283,-0.5,-0.692504640010146,2.20144701603748,0.958598564207774,1.02136455422253,1.87680278530087,0.187592456188525,0.0480920706764387,0.0746248856256624,0.104837979327866,0.172202780355431,3596.07065703594,1,1
284,-0.5,-0.5232505003597,2.31893038575049,0.697481347462269,0.890846589310491,1.94772721319353,0.173972858191276,0.04618203657823,0.0712519828398045,0.10787838775021,0.18167726965457,3560.00482575559,1,1
285,-0.5,-0.432904946302608,2.24737647849944,0.91117573336044,0.872964090310076,2.11728299627688,0.15414496308325,0.0470666809616437,0.0736272879090832,0.110099154401722,0.187313896441424,3574.52300559996,1,1
286,-0.5,-0.729023325571315,2.2667678521881,0.895421218932539,0.971168751836879,1.9020873971264,0.209612193369867,0.0459439337509535,0.0734133244272753,0.109406384091965,0.175907341372292,3610.68836552956,1,1
287,-0.5,-0.643371325893533,2.27294340937241,0.851163558645401,0.978889841850478,2.05133883450754,0.164557147498624,0.0469998842468912,0.0729413258435185,0.104464013275572,0.171221923040639,3602.65573521079,1,1
288,-0.5,-0.445607603212593,2.31794479147301,0.723837927708876,0.923564591786775,2.07761821105355,0.146143830326107,0.0466206239778019,0.073728910878681,0.109009260027742,0.177919428478854,3581.84359416425,1,1
289,-0.5,-0.169973760844873,2.25983200499557,0.895581694796706,1.02106505774835,2.15346468238982,0.109740101129551,0.0485569219688505,0.0756160649600223,0.107543580270566,0.187810247888567,3587.12225459425,1,1
290,-0.5,-0.500267782097566,2.32128188130264,0.810215077598706,0.972920550851338,2.06233933330337,0.152045366051012,0.0486461850715354,0.0735336064186551,0.109151966422741,0.179760059870011,3632.98548450769,1,1
291,-0.5,-0.58321267216013,2.38484046717795,0.685408928962612,1.2279271835556,1.65564053341617,0.161449447270821,0.0480753546613386,0.0748218758404828,0.102472687029615,0.166013727807016,3665.73870643469,1,1
292,-0.5,-0.696594407551068,2.22261117228908,0.949560000388851,0.961868322012606,2.00489822980647,0.181552081265731,0.0483267226189591,0.075411928305398,0.106380356609731,0.175129936812014,3584.47515300749,1,1
293,-0.5,-0.57737705844737,2.268244401302,0.853349949071123,0.957782414357022,1.967201554814,0.173210310685892,0.0474990406828587,0.0729979681924069,0.107786313056039,0.185530022362445,3576.00813928798,1,1
294,-0.5,-0.461300866134203,2.36114806165183,0.72097333556907,1.01916433827621,1.97145898513384,0.152114134887807,0.0457501408672002,0.0719188408792585,0.105611614075701,0.172729111908212,3625.94547134439,1,1
295,-0.5,-0.412655919196484,2.30247314030043,0.857811081794692,0.969443239522967,2.12517874828698,0.14671837167083,0.0472736768273889,0.0734455257435172,0.106482592765049,0.177948569253707,3618.96669843219,1,1
296,-0.5,-0.501959302446103,2.39422318529685,0.708769156545288,1.04937270605977,1.94558584747841,0.154018131182422,0.0468208404024157,0.0730765858032935,0.105103087917048,0.173841292277183,3645.16916563148,1,1
297,-0.5,-0.405311581761246,2.31234786342212,0.752608831496387,1.11136547261915,1.88745183482327,0.139817736347921,0.0476480348368295,0.0759800562368007,0.107314282144174,0.177843892019106,3613.22364370262,1,1
298,-0.5,-0.51819046521528,2.2527022196251,0.928636504230709,0.807571689918497,2.32504420660048,0.146125690145371,0.0465339490927176,0.072787612806569,0.111050095003941,0.184140314858359,3582.134932335,1,1
299,-0.5,-0.591606846673502,2.35369541725333,0.755251438797374,1.20327616907892,1.61830652423335,0.170146011423575,0.0483449989210085,0.0757984789767547,0.10397507661081,0.178326854071307,3635.89757203508,1,1
300,-0.5,-0.78255794965159,2.31594328929177,0.870644193604197,0.872355184825563,2.17273989389555,0.199119010165499,0.0458892483744166,0.0712428549628241,0.107884489953602,0.174479580392913,3635.79235974624,1,1
301,-0.5,-0.528909495396945,2.32644860874731,0.760166227535661,1.14193289199703,1.85166574444971,0.156858810165273,0.0492222453272667,0.0752444004412684,0.104061825331448,0.17477740846716,3623.49587204854,1,1
302,-0.5,-0.597659164162164,2.24325370623928,0.851634002559754,1.02643183064142,2.0056735270055,0.16011094301081,0.0493383416373385,0.076469700533778,0.105257089484662,0.176756593146499,3573.04270299856,1,1
303,-0.5,-0.736786933741932,2.35263877464694,0.75439086535017,1.12101260563996,1.85777776578073,0.177815819923688,0.0498917023511729,0.0767282921467433,0.104130322413543,0.172038423984596,3638.14742763378,1,1
304,-0.5,-0.740430630146232,2.29433729150386,0.785579859228482,0.926834947733502,1.88720083816845,0.214182082855085,0.0470073026791179,0.0738224018176451,0.107493032540477,0.180328741647375,3562.5437196359,1,1
305,-0.5,-0.557898656162306,2.31733642390628,0.786968992216642,1.05838315109785,1.93180894314936,0.158609372723854,0.0481531673361534,0.073274209991508,0.104663385452048,0.172563170034637,3615.8970519473,1,1
306,-0.5,-0.461108894819821,2.28821381175003,0.896275509788815,0.845118641627067,2.31523800903537,0.148403886686224,0.0459540101247906,0.0728090711985794,0.105265520700573,0.184179696310567,3575.5012936058,1,1
307,-0.5,-0.599489268991551,2.41723724916906,0.648660713414299,1.07967075146778,1.84864976120581,0.170907928472464,0.0472282879838617,0.0751583984069469,0.106973104726922,0.185097423801906,3630.00514266161,1,1
308,-0.5,-0.468969211586015,2.24109569531893,0.863802430293164,0.974088713562435,2.10321380450936,0.143670409328721,0.0488000041523837,0.0767051367290187,0.105717771964855,0.176324679997646,3569.81184766031,1,1
309,-0.5,-0.45117797723178,2.3208870664326,0.797592232012091,0.983592129540109,2.03936529833152,0.146195385962996,0.0457022864680566,0.0717439779869618,0.10702572724502,0.178515214497068,3600.07226455373,1,1
310,-0.5,-0.580574923438729,2.35169946329303,0.741659396370855,0.904555928421628,2.13930509854189,0.177507893577412,0.044174998907906,0.0708321044136888,0.100188734180603,0.176718423715628,3554.95156932501,1,1
311,-0.5,-0.43468357430648,2.3271485773684,0.798616688275797,1.05580003178923,1.97790726953382,0.13863140939848,0.0478575823693519,0.0756629562904599,0.107813308589932,0.174489555890595,3643.37349009696,1,1
312,-0.5,-0.664987345718549,2.23142052204406,0.9110350988303,0.97968511097303,2.03392581770628,0.163750000393287,0.0483976603404519,0.0754943604367894,0.101682665054796,0.173030133498247,3551.11328606308,1,1
313,-0.5,-0.694443231581406,2.35584202420628,0.743066337820546,1.10733627562917,1.79787018413772,0.182545025721081,0.0469731335746561,0.074736982968024,0.101264186336713,0.168875565854033,3627.11513282927,1,1
314,-0.5,-0.215170272525873,2.29554374860409,0.798830956391906,0.96094887028436,2.30211184309732,0.110377707242094,0.0490602476377447,0.076623496743934,0.109203337592051,0.19210264731416,3581.68958659856,1,1
315,-0.5,-0.436046184528694,2.28357956308695,0.850684544210603,0.968772551397332,2.0991978076467,0.148714967714044,0.0479546583119618,0.0757863974360088,0.106112765826503,0.176584513601271,3603.61644211422,1,1
316,-0.5,-0.438418040875395,2.3684358501819,0.682306476276935,1.01290373639194,2.03236760574374,0.139789752596144,0.048816164985137,0.07653002894689,0.109706040955116,0.18523829362663,3590.77120138489,1,1
317,-0.5,-0.382065716902642,2.30982164057504,0.846954056415712,0.944465201361919,2.23385356618558,0.130549294676047,0.0468737268836158,0.0725615139745591,0.110347638644939,0.193581322655708,3603.24067724287,1,1
318,-0.5,-0.63979996872312,2.2603739840881,0.849976633430799,0.912066245986069,2.1922026073597,0.167191334203355,0.048679797276261,0.076829797168241,0.109537839464903,0.181087550360191,3569.86059128052,1,1
319,-0.5,-0.290975868799948,2.31947526571912,0.763504966483252,0.920318077997824,2.25756996167119,0.118438328064991,0.0475596668102706,0.0743369606468014,0.113279013462305,0.186363139915535,3618.09455616296,1,1
320,-0.5,-0.563886720003438,2.27737517463795,0.849459405837602,1.12398278131786,1.94792942133395,0.171288160228462,0.0502221143953472,0.0750445130562332,0.103916025857389,0.183845175216495,3615.09202947786,1,1
321,-0.5,-0.593077969325695,2.36208408618828,0.709416087805283,0.968977607191199,2.13348856554945,0.159726603839768,0.0472474581000232,0.0733943129863631,0.104798938987011,0.176086507802325,3597.74112371914,1,1
322,-0.5,-0.519291795769796,2.24511734965074,0.816871712592242,0.910197328257431,2.0974889431331,0.157654283969942,0.0474023301611335,0.0732961403012713,0.108801850110812,0.184344801350354,3534.579936593,1,1
323,-0.5,-0.508082918787775,2.28709961843419,0.828537110737251,1.02746873289646,1.95132042526848,0.15601291910969,0.0483725907518531,0.0739427482767805,0.108023043227206,0.179652644928512,3607.34862018782,1,1
324,-0.5,-0.613982007869132,2.37812339245575,0.711377312372827,1.07975791590951,1.8158676336067,0.18199703743797,0.0466586398656481,0.0731559355035801,0.102214595670187,0.173570167908972,3626.12423969457,1,1
325,-0.5,-0.582076391105983,2.31922350007835,0.810853010417588,0.991204947001241,2.09692574040834,0.148854315763285,0.0496800921843971,0.0793185971451543,0.107969605274753,0.176078561700411,3616.70787396315,1,1
326,-0.5,-0.476510666134797,2.25661423762975,0.808241887268093,0.933933473214139,2.10487942532159,0.148283507274718,0.049204780999314,0.0781302068477226,0.110173890808621,0.177044517762947,3582.72049750009,1,1
327,-0.5,-0.535546725455104,2.30495276181751,0.793202398339052,0.959612407169136,2.0942296456148,0.155942720069608,0.0465809344495768,0.0740205340929611,0.10935415265534,0.181675579081961,3601.33842433673,1,1
328,-0.5,-0.64667456772817,2.36090260559171,0.739172100321176,0.858877562376811,2.10275363762592,0.178029505122359,0.0451090316062664,0.0708049289370653,0.1109513157074,0.175120711818934,3626.84144388157,1,1
329,-0.5,-0.63842513175338,2.37921694815936,0.697255484325366,1.0308561922997,1.85177554604623,0.182978646296461,0.0454059661187429,0.0723696446077886,0.101603682255924,0.166991378650482,3618.37000698425,1,1
330,-0.5,-0.387445491295023,2.41524445949528,0.679304387691137,1.19622615444514,1.8630334462363,0.129746777632903,0.0491542334126498,0.0772553999986204,0.106982697994356,0.181754026527284,3671.05532339426,1,1
331,-0.5,-0.255209800196894,2.28405139068015,0.797192498152575,0.865740327595171,2.28815886966249,0.127579878330468,0.0469359910187506,0.0731421600271077,0.109662281944657,0.184719537930121,3579.81000021279,1,1
332,-0.5,-0.710368357348329,2.29141669332334,0.881360107520452,1.02123055678602,1.89754830914326,0.190185444553694,0.0480553729767246,0.0758149342774171,0.10572041693622,0.175480645530817,3623.54367038326,1,1
333,-0.5,-0.506603349524126,2.35510548770576,0.759598209276146,1.01589485352188,2.01951342816444,0.162871466373478,0.0468753312596253,0.0734548303668957,0.105688136642705,0.178992882814327,3613.9807099603,1,1
334,-0.5,-0.713792504466651,2.32762550091635,0.743306224935317,0.991517372306739,2.05927101944641,0.179755737179578,0.0482824608828526,0.0754484022906743,0.103217838687452,0.167352429098431,3604.19159938335,1,1
335,-0.5,-0.503643366334905,2.30672843009772,0.829851411936533,0.987092850247769,2.04271288440866,0.157801273575489,0.0461674043448154,0.0728101648320184,0.10665639448065,0.179593901548149,3586.38635562022,1,1
336,-0.5,-0.569805872529331,2.30367701870433,0.834539916096041,0.869708906072261,2.14689501753618,0.168273782032872,0.0452066329687595,0.0694721192091909,0.108472598636116,0.183708332313333,3588.31171181406,1,1
337,-0.5,-0.352113231790373,2.22914259816609,0.822972902601226,0.905497206087519,2.10207034506214,0.133547548913655,0.0475439646646961,0.0729845979363632,0.109808838536511,0.183240496270456,3536.21876583462,1,1
338,-0.5,-0.551856176673057,2.36166312241579,0.728163627992696,1.04317535553161,2.07829815507673,0.147416435160171,0.0484073740648108,0.0761992176914203,0.10469416665034,0.170077332379463,3648.6100861504,1,1
339,-0.5,-0.644695065899088,2.24403268837841,0.910849220372776,0.756273902155406,2.2823347342198,0.175802209566894,0.0444584295607876,0.0688045469242931,0.109112271941131,0.182580886456937,3548.54604816924,1,1
340,-0.5,-0.668423976986624,2.30136198635839,0.767290140764226,0.992883202628207,1.86468055913864,0.172630542160373,0.0462877315427489,0.0745126817878653,0.104382822553475,0.171377949385386,3573.7774319718,1,1
341,-0.5,-0.565571437004198,2.28059583246278,0.830237227774874,1.07311549990092,1.84074900621307,0.171865334527453,0.0477963829022224,0.0738349422958249,0.104079643439274,0.170124976575286,3616.86700684475,1,1
342,-0.5,-0.388147897185174,2.28353700748764,0.806123171169951,1.12083171946468,1.74664600067344,0.146088463413442,0.0484803773623372,0.0756999764635106,0.107147049369515,0.182477094734791,3601.31650730529,1,1
343,-0.5,-0.458903222585785,2.25094467797364,0.880954700522302,1.06475179167535,1.77651218003099,0.158726950525697,0.0497905571782461,0.0764634299978157,0.105770381096943,0.171770495605742,3615.3671182186,1,1
344,-0.5,-0.509254315109632,2.29463095352363,0.800948391475638,0.825242942737881,2.33812255034705,0.143259889095741,0.0457250554739535,0.0723424208797651,0.111429752416836,0.185454812693677,3570.72877669203,1,1
345,-0.5,-0.502949439974935,2.27608957656996,0.877887356307287,0.860290889744487,2.14528739541302,0.161958744378637,0.0454627938815326,0.0720103125386394,0.108341206304319,0.181001104954157,3570.90947315928,1,1
346,-0.5,-0.889421226481721,2.30242609105786,0.739839424801658,1.01359699306565,1.84880051176481,0.214897883614277,0.0477818618605501,0.0742358295985624,0.100611694792111,0.168678942278517,3558.87153785349,1,1
347,-0.5,-0.544053575792361,2.24881795941558,0.881968114404028,1.23735358905173,1.66697330772132,0.155196283427556,0.0506896338713061,0.0801182828837367,0.100620810401498,0.164505593466497,3607.73964146115,1,1
348,-0.5,-0.319665893515131,2.36054112327752,0.669914105606292,1.08783002604013,1.97129718400008,0.122226813793495,0.0468182085840562,0.0755250705835046,0.107418550250147,0.179464635805983,3603.74624243031,1,1
349,-0.5,-0.621963738359391,2.30607383123247,0.825505905544264,1.03254008905439,1.80716713303819,0.180905562333013,0.0457845103790522,0.0725909013297136,0.10595293591377,0.174407182811929,3607.23997326282,1,1
350,-0.5,-0.488744840891611,2.36149644507124,0.737599623987675,1.13481220393435,1.74166425264729,0.159320271030532,0.0464384926362989,0.0746609504679843,0.103933570815708,0.172176642496275,3623.61910965851,1,1
351,-0.5,-0.219086194710287,2.3327468449958,0.731878284016942,0.812449324084802,2.32729550251595,0.120244417093294,0.0460363446381621,0.0722262990151223,0.11302738362242,0.190357738418137,3573.79526344357,1,1
352,-0.5,-0.487141085058931,2.22455406768175,0.899408929419525,1.12390987723583,1.83045660682333,0.158506083577258,0.0480284578276479,0.0744209930231049,0.105247252210747,0.179119051626864,3567.00462436643,1,1
353,-0.5,-0.74248005533936,2.23332818004783,0.86676424186662,0.961324674795765,1.91337324882896,0.196028624870048,0.0484900925706528,0.0740923942758364,0.108363371895754,0.182065367817147,3542.24004740025,1,1
354,-0.5,-0.309759158173472,2.29598713562403,0.816755869081552,0.93527682336097,2.04071449916661,0.135140283290628,0.0471037877504512,0.072028640599485,0.110803075994136,0.181870656129713,3609.66786804027,1,1
355,-0.5,-0.339467275623889,2.31561203179389,0.672646860523689,0.989710341650022,1.91319370532021,0.139624633339116,0.0462695114125678,0.0729158321579002,0.10816224048355,0.180194625985899,3571.25657350659,1,1
356,-0.5,-0.696550029310812,2.30771549519927,0.773836897898471,0.946047084342668,1.99006986684467,0.181345058377684,0.046287151427355,0.071930785178949,0.104025751294586,0.170897689293878,3593.60143711933,1,1
357,-0.5,-0.273195574903493,2.34273543533805,0.73252971501187,1.06090395403458,1.93258814246145,0.132965167650458,0.0469522552232325,0.0738458655282232,0.107389216670651,0.176088047298565,3617.78430518542,1,1
358,-0.5,-0.691972765513946,2.38796313753433,0.65114725230858,1.15662185574545,1.64944882870745,0.194417843303174,0.0484282537730305,0.0758830239191691,0.0999225504016909,0.164020409942337,3639.7558263972,1,1
359,-0.5,-0.439952539154322,2.33799516029877,0.769252082283618,0.956933544794782,2.02931901408749,0.147240079630949,0.0471813933814847,0.0729820107141118,0.109470207667606,0.186653444890842,3606.61666330586,1,1
360,-0.5,-0.477324028253675,2.23969265529716,0.949111330549467,1.07854501689546,1.97134292312469,0.138912205669771,0.0507120597340535,0.0769022318918578,0.109998374352179,0.179781570065407,3624.16008723853,1,1
361,-0.5,-0.842923534558892,2.31026919209265,0.824473896208097,0.952892516589066,1.92153205829168,0.205501782958477,0.0463865132364944,0.0728466191009322,0.107253794287308,0.173957173598179,3588.89494423866,1,1
362,-0.5,-0.424902300885819,2.20367221289158,0.908057534932636,1.07753560236825,1.7705860414183,0.145788335315609,0.0493873085150638,0.0765722906712272,0.104858112270707,0.169884443509773,3577.63104972247,1,1
363,-0.5,-0.692456441537859,2.37758465698013,0.665698140283498,1.18359342512407,1.84475471476649,0.164790232759996,0.0484585726497661,0.076554121805714,0.103096934671369,0.166897222226262,3642.7875144124,1,1
364,-0.5,-0.4814805619421,2.30752797239145,0.765937731781031,0.893351623087639,2.08108576323529,0.160810721949552,0.0475786702530238,0.074649275926342,0.109261906869811,0.184681240173975,3574.08846738947,1,1
365,-0.5,-0.355320683108378,2.27250142139309,0.868066335575909,1.30395004164987,1.64825374763482,0.133578885822229,0.0504672814993453,0.0787497323060765,0.103098915890366,0.174153657926744,3634.63446567593,1,1
366,-0.5,-0.725873384051346,2.28146117125315,0.79932170344305,1.01427776349512,2.05172250651633,0.176416372311501,0.0483586235951328,0.0753686923730621,0.103321489655953,0.17587983077987,3560.92684588109,1,1
367,-0.5,-0.530379367269316,2.2029200166549,0.901072766728723,0.978422315651925,1.97525717460464,0.159603685390792,0.0481462482080721,0.0748387672370302,0.106449741961661,0.175065831140522,3554.62023761004,1,1
368,-0.5,-0.562358392031325,2.35002108887928,0.739781555978277,1.22370690630228,1.63455540410371,0.166891290923598,0.0481676691689037,0.0774791993027351,0.104378686310564,0.169902766695839,3643.98686717888,1,1
369,-0.5,-0.457163462866261,2.32036353019892,0.679416469666814,0.975525522346564,2.18171425338841,0.13817698377475,0.0483989170197968,0.0755718525363614,0.105230640116964,0.17783146383603,3551.15319388045,1,1
370,-0.5,-0.631992976524812,2.29105360778439,0.788853828403083,0.980745187784973,1.9720007997411,0.176380049145848,0.0478972535638029,0.0738294450813138,0.108049253152053,0.177984988914408,3591.76769022034,1,1
371,-0.5,-0.525172414455848,2.43863512520015,0.647049255699611,1.01598387137042,2.07150580766259,0.156159560472144,0.0460220759055504,0.0725175112314345,0.107939731138071,0.176262314679881,3690.49884803857,1,1
372,-0.5,-0.519936333534296,2.27195413739229,0.920276727736168,1.08622411063906,1.84151875871661,0.163119113144016,0.0488937637298228,0.0751304307387088,0.103275839259042,0.174752753139172,3619.56183809117,1,1
373,-0.5,-0.436565159902273,2.2921015325255,0.811447196774597,0.964346844257354,2.04336755615799,0.143569851175275,0.046371790483645,0.0718193198540831,0.109938498965874,0.181469112336259,3593.21048533842,1,1
374,-0.5,-0.334579020380635,2.28130865441924,0.814248563094805,0.770864714440656,2.36478256625271,0.133803083016735,0.0463954524722104,0.0721230249984382,0.111773211023049,0.180134727224927,3595.28105071415,1,1
375,-0.5,-0.763402571169637,2.26519487777459,0.798561465692027,0.929716415868343,1.96538016166741,0.204151330981187,0.0473231824169037,0.0734433573982776,0.104279877908441,0.167534772459559,3573.87238451213,1,1
376,-0.5,-0.330530440651256,2.33943812552093,0.692701166222586,1.01943914510499,1.98303181844453,0.133734646486945,0.0483708515769104,0.0758252419597506,0.111165130389695,0.186549826222258,3599.10911093955,1,1
377,-0.5,-0.452603271364273,2.36986391841275,0.752963663266239,1.03451185729809,1.89052870027077,0.153805516219499,0.046496288030584,0.07164519104075,0.106237071999688,0.17384627360824,3648.77362061129,1,1
378,-0.5,-0.51540961796385,2.28244700901885,0.810659756836899,0.921654267133021,2.02953287227291,0.160564957424547,0.0475949579282673,0.0742587695234352,0.109486770024072,0.182888522900113,3573.46668860016,1,1
379,-0.5,-0.488149361299488,2.37281486987771,0.610041827736405,0.889857759890653,2.16508077069344,0.148262062459129,0.043510178347144,0.0721186135843623,0.10679879335381,0.179273879286483,3555.89358200856,1,1
380,-0.5,-0.298679635266609,2.27508113877205,0.765806290869407,1.03461625920059,1.96531990592137,0.125468604994211,0.0470848197382373,0.0738135530696935,0.108317164041867,0.177946676621885,3579.22463322459,1,1
381,-0.5,-0.528408806796991,2.36535918831452,0.676247260737988,0.799663563031224,2.32194127676712,0.148907698751302,0.0452258138521667,0.07397172504894,0.114555538367319,0.18418797130369,3575.99115818621,1,1
382,-0.5,-0.38637766459123,2.32737343316579,0.799321243334547,1.06300015626837,2.04407488653735,0.133579986437124,0.0473068131795221,0.0752455552243341,0.106572400118329,0.176860221627558,3626.76252070885,1,1
383,-0.5,-0.456592047997374,2.38007885169014,0.663649534225806,0.798175659573687,2.24161005453865,0.150759173518433,0.0450522514416024,0.0701446639962354,0.111316520474773,0.179384930117592,3599.64366818146,1,1
384,-0.5,-0.405226176430675,2.29422859935915,0.772562196469653,0.907379546855545,2.10200630228992,0.141203997228148,0.0462975140933552,0.0731579298253997,0.108926138338933,0.18421232404598,3559.17054993273,1,1
385,-0.5,-0.488004499841037,2.21612493331283,1.01670740130076,1.03692814642535,1.83280481318147,0.16522851672812,0.0480204602009739,0.0730756623209857,0.104996199494694,0.175131583440495,3601.91296904422,1,1
386,-0.5,-0.473404026114602,2.27871456688689,0.784908363039731,0.848281776801304,2.22217612396692,0.143984846953942,0.0463537670376805,0.0738488136125157,0.110733426357249,0.182578258492981,3545.01930407756,1,1
387,-0.5,-0.680114718018073,2.30875050270613,0.760650043718578,0.957041944812755,1.96676450276245,0.19711756149965,0.0473294582080174,0.0726294554084288,0.106796797624333,0.180205859878015,3587.17835508097,1,1
388,-0.5,-0.600297537963444,2.34656114749021,0.689095030114149,0.917041864190114,2.08440199124907,0.166917631979235,0.0462661681930798,0.0727437627511262,0.107968367644446,0.18608868160397,3575.27523134698,1,1
389,-0.5,-0.471107203973207,2.28664352148013,0.837105979465172,0.945057029693051,1.98800702204552,0.161505821896128,0.0489484675690542,0.0757530850843906,0.10771074190153,0.175160778495325,3599.94221668791,1,1
390,-0.5,-0.529048250697556,2.27617089326971,0.81763816999277,1.12353726106267,1.77019358550776,0.168482909121248,0.0479733421547668,0.0736952156294903,0.103862952986057,0.171479374772607,3614.1126260347,1,1
391,-0.5,-0.7748252911676,2.12388085770653,0.988388154442324,0.962546034070887,1.94345447212903,0.194415519433197,0.050583449019676,0.0779820408628022,0.102849945467568,0.166401031403067,3529.19722284194,1,1
392,-0.5,-0.511267193519084,2.28041933418378,0.812576668644043,0.914089844844946,2.02858976179403,0.165312303535015,0.0467870415139727,0.074916217357778,0.111479993904783,0.180059995100958,3582.64781618479,1,1
393,-0.5,-0.714011487964816,2.27594513752831,0.790245120861551,0.923836403333023,1.89695736745352,0.202611086507103,0.0470677636789041,0.0737212696320018,0.106328482743257,0.173967170327167,3569.07695058888,1,1
394,-0.5,-0.599317056947484,2.32200794802528,0.802275187969145,0.988050270930747,1.94578142019607,0.178624204042444,0.0471696263871101,0.0730397738273546,0.107749395990136,0.175001785448638,3630.81966584477,1,1
395,-0.5,-0.512656699925977,2.34705508348179,0.723139310201747,1.00919911433872,1.82532991572904,0.171932976126141,0.0474753758710954,0.074076012567335,0.108344501058346,0.177823007444426,3598.39508645436,1,1
396,-0.5,-0.429604050871286,2.32893350992753,0.734822364984088,0.859787921360193,2.1819338433218,0.144552800449071,0.0448936572474603,0.0723187181940454,0.113210388003113,0.185449665381725,3605.03715458468,1,1
397,-0.5,-0.457586260438765,2.24870214550372,0.943230961024668,1.22827764195771,1.71847526409367,0.151315381838483,0.0507667666472038,0.078109776126623,0.10443144416055,0.172018700205523,3652.88958026451,1,1
398,-0.5,-0.364325523322498,2.39151519991329,0.689803440245379,0.941137856732555,2.15455345171574,0.133326203496949,0.0482702978839138,0.0751559588619231,0.113388031800302,0.184975719570866,3649.06170006149,1,1
399,-0.5,-0.336162442193167,2.24368296571491,0.876666978869631,1.08205243912038,2.03570769330304,0.118276331194853,0.0507263538765611,0.0776713013138524,0.108190602232267,0.181825938679016,3591.77082606177,1,1
400,-0.5,-0.41812011365915,2.28455980830135,0.837094035137644,0.813304949865191,2.31617865915796,0.138277252270431,0.0457420691113022,0.0717175242952293,0.110625768807728,0.183985813076764,3586.3788235995,1,1
401,-0.5,-0.543836610630089,2.34306874306164,0.764489045051167,0.985675273412359,2.02693985878219,0.173292310950885,0.0454106559510322,0.0724517358859871,0.106051167878293,0.184217225560953,3590.08097878479,1,1
402,-0.5,-0.544957657963284,2.28595870584942,0.797907964484357,0.968142075129502,2.11616740126292,0.159354620256773,0.0492596349851584,0.0769018627669892,0.10607010637556,0.185157290228265,3561.62457207271,1,1
403,-0.5,-0.483658086462524,2.43989492044557,0.564191537253432,0.965489957164424,2.10786244244009,0.152995361820931,0.0474558977527834,0.0760095568636398,0.108147958147809,0.177823180432703,3627.97191770654,1,1
404,-0.5,-0.412315685391175,2.28320597840447,0.821439014835169,1.00201172562957,1.97670712957548,0.149931338273541,0.0482572789390082,0.0750634052441808,0.107966836387786,0.182359818281911,3596.31525732421,1,1
405,-0.5,-0.581555510198312,2.27506146471215,0.85402360320542,0.901807150303134,2.09129949678446,0.170443273982022,0.04587192113035,0.0730515569313215,0.109015471414195,0.189741840181276,3563.93506425392,1,1
406,-0.5,-1.03268784548802,2.27689511407144,0.881942351304111,0.977668090133492,1.83350721490376,0.25147091777,0.0464305460528532,0.0724448270167648,0.105957500258514,0.173503365051025,3597.16734647724,1,1
407,-0.5,-0.344749032313542,2.30141359252826,0.826008142516665,1.2107019238618,1.84008387949852,0.128547856962041,0.0494402279653562,0.0781502508722348,0.109338670550473,0.17841411042376,3656.94585974264,1,1
408,-0.5,-0.688057492561229,2.27519298911463,0.852824064571247,1.03015171956575,1.7907685386553,0.191769008382295,0.0482965204836368,0.0754064524183902,0.104245534995371,0.172007025969629,3585.37800018183,1,1
409,-0.5,-0.358564260822025,2.24655064864936,0.860043867333385,1.12363222821684,1.89003764471865,0.136746151402499,0.0484786965430577,0.0752446314851466,0.104166805085172,0.18006181591897,3582.20222582303,1,1
410,-0.5,-0.621495514643039,2.31651804223067,0.813534477965382,1.00327805736521,1.98849943201074,0.171098059420163,0.0470086337792584,0.0736632192330064,0.102984793233511,0.174613673669472,3597.82858565364,1,1
411,-0.5,-0.593758100675554,2.36845439377362,0.749174167920751,0.999078466086511,1.95887433443006,0.170265057518877,0.045705653978411,0.0710801803739642,0.105758664591248,0.174204429335865,3626.49334030245,1,1
412,-0.5,-0.406114428098538,2.30756919602643,0.789917656166918,1.11587247493344,1.91355611765568,0.139053982701059,0.0487331111422674,0.0754919732125644,0.105395146328972,0.178475781841473,3601.88958448315,1,1
413,-0.5,-0.542652064024804,2.41724097118613,0.589160182477217,1.05448521499332,1.87196274023661,0.16975969666128,0.0468533672332947,0.0750071986405091,0.105396941665568,0.175218647895366,3623.2301986392,1,1
414,-0.5,-0.488233998684756,2.268221176991,0.875282444029186,1.12295382423036,1.8704010280393,0.146864971181915,0.0494324384461193,0.0742180852271465,0.10662553953017,0.173395167708097,3639.85617824888,1,1
415,-0.5,-0.650973957026979,2.261479283593,0.861885228168547,0.969808349659971,1.95232229070821,0.178462710933305,0.0469807186329222,0.0740727880970856,0.106718967282739,0.174073400140813,3593.02699917986,1,1
416,-0.5,-0.518774347246079,2.3212132443435,0.772175096382724,0.966403765756031,1.89659059783654,0.172093832208662,0.0458231655185301,0.0701309430339963,0.104488288896794,0.167247688411318,3602.89506275143,1,1
417,-0.5,-0.618875038216009,2.27600286165617,0.820471406893807,1.00389270617693,1.87779951767541,0.175081020669654,0.0483905304544796,0.0754547956676991,0.106266488886018,0.176217460661238,3577.67491488298,1,1
418,-0.5,-0.445126365981585,2.37076640267335,0.736242253962128,1.18042812595205,1.69435581200251,0.15917208680436,0.0476538780103915,0.0754148395560988,0.10373814004929,0.170385917729131,3669.11276365046,1,1
419,-0.5,-0.252737236451423,2.31912411541408,0.784018363476718,1.05572679233737,1.86062039119287,0.132682509204428,0.0463521934073963,0.0717113687537566,0.10614716069219,0.181903905766401,3605.66601047345,1,1
420,-0.5,-0.407948293695323,2.31124816144927,0.832745631546657,1.09714762884501,1.9234885476382,0.142898736059097,0.0481396554670841,0.0751101204805771,0.10390523091349,0.17586521970132,3632.6237420661,1,1
421,-0.5,-0.559886944444473,2.22534392258515,0.93612217522206,0.94872373718726,2.0263960671534,0.167700818836383,0.0474909520971423,0.0733789527642335,0.110362683005273,0.178048356802853,3610.26063566834,1,1
422,-0.5,-0.541479782174063,2.26696730012915,0.871527028318906,1.20577624408713,1.70298856291304,0.156816538424315,0.0502059877602621,0.07727556691799,0.103048278979815,0.171333362691405,3623.63937928089,1,1
423,-0.5,-0.373212293981912,2.31740121278841,0.82254590795637,0.777726030865592,2.30906754901566,0.135023742585384,0.0442653805030013,0.0697786314767771,0.112961548578248,0.182322631047265,3602.01044787692,1,1
424,-0.5,-0.55410898083561,2.3775863055181,0.665192763774454,1.01549885038605,1.79814304005328,0.17657520570692,0.0456607326880146,0.072299469177659,0.107113128225214,0.178074357664699,3618.2944086359,1,1
425,-0.5,-0.736104482259136,2.25440731375476,0.850411419851169,0.974338569500743,1.83303941340625,0.205698265436917,0.0465923643538298,0.0729625764172469,0.106505752351279,0.17870868710218,3568.65921255947,1,1
426,-0.5,-0.832624030988959,2.36045585761922,0.768826804542814,0.995119224470754,1.98972356840845,0.208689907857382,0.0471302453551156,0.0734049569355268,0.10263990460268,0.168989058560036,3648.00377186456,1,1
427,-0.5,-0.550736062313959,2.31623803705517,0.765991085554006,1.06967405587927,2.06952231146579,0.143016840865684,0.0490119151946009,0.0778567486015306,0.102843846666126,0.167244016960952,3628.83009175218,1,1
428,-0.5,-0.791697257576289,2.33113284121804,0.761754873780156,0.907365105208171,2.11035879947894,0.193729451073333,0.0486964036040928,0.0757913934866995,0.108236126329118,0.175886274937984,3614.40271860707,1,1
429,-0.5,-0.457747795053191,2.29636639839707,0.854581903163707,1.04981165593806,1.91993370027981,0.152105944266827,0.049738269686206,0.0759374947950383,0.10903185208637,0.177795253909836,3645.35578486978,1,1
430,-0.5,-0.460207239326076,2.33199389999291,0.74831692788263,1.09536178974392,1.78894888401246,0.157327507393389,0.0484768727577747,0.0748070529261636,0.104687583042788,0.176964203426332,3608.76677031602,1,1
431,-0.5,-0.651509669290739,2.30334280791315,0.796113992982436,0.987170054768998,2.00042605410126,0.164994580761973,0.0470670085942297,0.0745763095389832,0.10499224693919,0.175791011512831,3584.81534260369,1,1
432,-0.5,-0.38941558781307,2.33551074996686,0.750743500270216,0.770490203744139,2.3482205050489,0.151797555970204,0.0454058787201232,0.0733256614681207,0.112522114360245,0.186781301042664,3590.79816338174,1,1
433,-0.5,-0.696264116290219,2.3191009272885,0.806088097351231,0.940426653001108,2.04075764473782,0.19035973822654,0.0470315437455952,0.0737419105633064,0.109743965063609,0.18170729673956,3615.9803904627,1,1
434,-0.5,-0.496183527251275,2.31601816813844,0.774908948641338,0.958671212218511,2.00938239538349,0.160800949011963,0.0454049534425502,0.0715403457370971,0.1063882440443,0.177148850904698,3597.76400747422,1,1
435,-0.5,-0.370307124354198,2.2831638541735,0.741424245471046,1.0406728954652,1.87810338588447,0.138579735717252,0.0479341119815432,0.0768176240499686,0.104818452680814,0.178083099483006,3543.33799141014,1,1
436,-0.5,-0.417008330505864,2.30735471439781,0.799507665848475,0.917111980911791,2.19093801595982,0.133748729357279,0.0472764239894176,0.0713186365890473,0.106943689279056,0.177477063326365,3594.61708217235,1,1
437,-0.5,-0.668769261938813,2.27434538570979,0.821037163316167,1.02609703651417,1.8043660025622,0.198660368921202,0.0465218800409366,0.0734652024633271,0.104348547759265,0.175345026620804,3578.5588552055,1,1
438,-0.5,-0.258692975240629,2.30648818175735,0.792008271771966,0.948343247793448,2.19257856559866,0.121467556379064,0.0479286933366203,0.0733182166794859,0.108707555497373,0.184337247930193,3596.35909338558,1,1
439,-0.5,-0.506015550855464,2.34569224909148,0.780992434186408,0.928544734080403,2.21397338057364,0.145742674880623,0.0458453865275405,0.0719681485970195,0.106416092970025,0.175778403101274,3622.6937321699,1,1
440,-0.5,-0.337379080276948,2.30416018294958,0.777287226118487,0.804927295059491,2.34784506187086,0.130479338706695,0.0463770048432505,0.0726984007228473,0.11240839850262,0.179959681613872,3605.84084096707,1,1
441,-0.5,-0.352714849600919,2.35804541508051,0.726405508605327,0.999481717086362,2.13257064752859,0.128370337442157,0.0477155153558831,0.0738375806840037,0.107707771796416,0.185097043241895,3616.9423236442,1,1
442,-0.5,-0.46899596842704,2.27754073943266,0.796249567461582,0.948543474437756,2.1226012886388,0.145348310281642,0.047512262797223,0.0728246205578374,0.106612831571287,0.185615518227604,3556.17248695681,1,1
443,-0.5,-0.314392785503761,2.25853912389849,0.848897527109807,1.00685810112757,2.09689522661564,0.123689822828934,0.0474521620961046,0.0737403486263781,0.106069248020833,0.179397177581795,3580.4837111441,1,1
444,-0.5,-0.239726641547076,2.21109644075457,0.921886619095801,0.866014836046781,2.38786174076838,0.112396901532513,0.0493887141702744,0.0752736727910113,0.111581862127995,0.185522910656226,3589.43131372636,1,1
445,-0.5,-0.618030311298328,2.31787682152546,0.778407971423126,0.82795960180896,2.23873613286988,0.155690042234699,0.0459900061927623,0.0747561389777594,0.107903885165085,0.171568092944008,3600.07446926937,1,1
446,-0.5,-0.522652634417118,2.31492306761583,0.784851208396467,0.851523652392371,2.19437655107025,0.15802137866128,0.0456341543324915,0.0723607245133259,0.107997142089447,0.176490447190525,3585.5571531929,1,1
447,-0.5,-0.4310417503207,2.22659520047628,0.931748116953727,1.01467637996761,1.9124180092822,0.154273677318424,0.0473241824610558,0.0740656974391454,0.104593664239288,0.180847113549364,3562.78854886461,1,1
448,-0.5,-0.429570056735229,2.28344901838208,0.861698772474563,1.0142549190237,2.03697207779267,0.142002943170069,0.0487468145323589,0.0759160876959623,0.106914804139493,0.180652916498818,3620.10382834938,1,1
449,-0.5,-0.363042758587543,2.31818169434632,0.737722818127683,1.08514463833356,1.94096989148678,0.139090281447289,0.0475699459858499,0.074711016987934,0.104303731807199,0.172936668914669,3607.71873560394,1,1
450,-0.5,-0.829339293666175,2.39950677003706,0.636199963949444,0.915662279114353,1.93371242585782,0.210112188968832,0.0443545112732098,0.0709040583028668,0.105335266844363,0.171674556109259,3589.01533409964,1,1
451,-0.5,-0.280910706755297,2.27623586933174,0.810557994227242,0.997561736376468,2.14126716649204,0.122076794941432,0.0492069887519932,0.0768493669307152,0.108689259112458,0.189443567268475,3588.04531886766,1,1
452,-0.5,-0.401161504233659,2.31348135175412,0.752477685912749,0.91107609746246,2.07246569754632,0.143426987053576,0.046011906414314,0.0703324547490697,0.107842921715245,0.17813615373256,3585.72585344176,1,1
453,-0.5,-0.539485884606086,2.34468926422976,0.756903458337517,0.898935408895554,2.25789222056842,0.148782223753975,0.0484713027942679,0.0740775786757485,0.111745966736763,0.177843562345681,3641.10264242329,1,1
454,-0.5,-0.313180020820814,2.24572435475618,0.856048448859431,0.873939276644187,2.16187877764892,0.133555301977045,0.0467672316412013,0.0716784688452377,0.10874935126474,0.181263706971728,3564.40857075357,1,1
455,-0.5,-0.498012523592569,2.37133132073058,0.72089746070175,0.94279746072732,2.12919471248611,0.159094427275155,0.0470810671150459,0.0725449258674354,0.108500626754156,0.188792477173825,3615.93950490917,1,1
456,-0.5,-0.479289211863098,2.29354635686355,0.823454784912543,0.94222328193652,2.08672048858123,0.160875264933866,0.0485605345730609,0.0736775729955256,0.107229632346814,0.182096928183477,3599.58142569391,1,1
457,-0.5,-0.397819818198827,2.33127426409344,0.776915454335653,1.3155918955636,1.69966999995717,0.130136977752973,0.0509460162013782,0.0808722456899773,0.104695510892959,0.166806027372845,3659.54951886548,1,1
458,-0.5,-0.530291501864817,2.36893504894402,0.720241319986776,1.04252900657637,1.96452517849865,0.167126265746671,0.047319379720003,0.0738886681162282,0.10391214629475,0.175972750859744,3625.44129402654,1,1
459,-0.5,-0.308687544493354,2.25794844345757,0.823355616973722,0.937161756398144,2.09257021674121,0.127772965913297,0.0482131431350826,0.0721442515122345,0.108917447543486,0.180957619827553,3584.12479895972,1,1
460,-0.5,-0.541458496953739,2.25260178407307,0.839068592961651,0.708737201732939,2.37169038583025,0.162341915501537,0.0469635265251918,0.0715122836901057,0.11164536229463,0.183825497182727,3552.2860357143,1,1
461,-0.5,-0.761559812442355,2.3502277256164,0.716167014150425,1.1121648860226,1.77429633599857,0.184553345157103,0.0470369222957458,0.0747098267619567,0.102279713470697,0.171647562722923,3608.14093114454,1,1
462,-0.5,-0.501771089801879,2.31801970215108,0.792782137261504,0.910558130594189,2.15521420495116,0.155159711183069,0.0462370885743628,0.0731302843728701,0.109688442191098,0.180257282529446,3601.38978724843,1,1
463,-0.5,-0.186948178997154,2.1495368648315,0.994522869542434,1.05304914190941,2.0946837710985,0.115325759311954,0.0515910247165884,0.0769260331550695,0.106104409920035,0.185237323430655,3557.81185793209,1,1
464,-0.5,-0.599304189025152,2.31534355553848,0.80509478371291,0.95849976525092,1.94545050177167,0.180053477806377,0.0465628969929622,0.0722785015365713,0.10759583869574,0.175416997352516,3615.88499757393,1,1
465,-0.5,-0.396109009760748,2.26470914865575,0.860131991668771,1.14208190206135,1.82482054056664,0.138424626443489,0.048558193597133,0.0742935098428872,0.106290286801624,0.175454102216683,3620.41407950971,1,1
466,-0.5,-0.484499952304114,2.2224101080685,0.953519944104322,1.0939822749654,1.82551960147043,0.159315266738808,0.0490455744341264,0.0755749294934721,0.104691008056913,0.175572899692385,3598.16114907645,1,1
467,-0.5,-0.428179188852878,2.2565075747328,0.852430515006858,1.01675180413701,2.02968489593638,0.14898412254296,0.0501014292769032,0.0776973660509403,0.107702299650572,0.189856219298358,3573.09717953118,1,1
468,-0.5,-0.339363125442346,2.30758251216755,0.814310826221689,1.03013546805257,2.01594729261769,0.129278511076816,0.0485501166166635,0.0748868198533435,0.104455347454464,0.175470924174695,3607.70620710277,1,1
469,-0.5,-0.821547291841313,2.30852347815809,0.795543329419872,0.911852118838493,2.14431021488142,0.202859801839474,0.0476375936130977,0.0756855650933848,0.101352335078513,0.166699963612287,3574.61349718579,1,1
470,-0.5,-0.519918224881997,2.28160680838256,0.788653537021272,0.902973510192969,2.11887695428385,0.152781204436027,0.0475936448529202,0.0750638676784119,0.109460070702845,0.180262305934658,3566.88771442227,1,1
471,-0.5,-0.518975863362953,2.34645021065204,0.722455992417975,1.1865211270729,1.752485048966,0.148464173877904,0.0494219439163941,0.0764612931937347,0.10484978036957,0.170902466372732,3636.8306523257,1,1
472,-0.5,-0.451665458046123,2.28355785462709,0.800446822163854,1.07421366493824,1.91640657220457,0.149661661112891,0.0493910890556981,0.0763932931588439,0.104034335977031,0.178441122999935,3582.41627713523,1,1
473,-0.5,-0.588640700620818,2.34279815559924,0.729769917357859,0.925448774185645,2.24100450143728,0.144597267632264,0.0472904985697419,0.0740975242650066,0.10605037913217,0.17761499245665,3578.3505457608,1,1
474,-0.5,-0.544186279617645,2.18613078217787,0.926240197480187,0.965244055846925,1.90843658156717,0.16909860217733,0.0476295063684237,0.0735235490760218,0.107418968182288,0.176828057704431,3540.95531354635,1,1
475,-0.5,-0.589443373067118,2.21133793523842,0.882291257155991,0.777645268289658,2.26946840265864,0.169540969007397,0.0482134476267477,0.0728741986347576,0.111491410161385,0.179467094697965,3560.33484728903,1,1
476,-0.5,-0.372846248677358,2.32138407026235,0.79256475752389,0.823472568665456,2.30097404947046,0.132763845795029,0.0466993338531995,0.0716847366633484,0.116638028634155,0.19114571869765,3623.12202943027,1,1
477,-0.5,-0.565073562229056,2.25205287510777,0.841029442217015,0.832806888659022,2.21890208267358,0.162000025295339,0.0472984692609436,0.0735205622108485,0.10960599117065,0.178928911009474,3553.47938469887,1,1
478,-0.5,-0.204321528620064,2.30092541876057,0.784065937647941,1.02202463653698,2.20583973416002,0.107678680675699,0.0493403944768064,0.0777554694241108,0.109640909169646,0.173390203624617,3638.258643515,1,1
479,-0.5,-0.568974147141184,2.2312958814521,0.888413352637091,0.892054251126851,2.05404342327259,0.179999383672158,0.0476591154268851,0.0744673325031531,0.109823868576823,0.181600110125387,3562.66017794809,1,1
480,-0.5,-0.512954969622783,2.29753270901114,0.843326537251218,0.944593756179914,2.11101147031481,0.150272838706078,0.047560566005033,0.0728322122006238,0.106003058274018,0.177033726920525,3597.74353996729,1,1
481,-0.5,-0.404332377215396,2.28823156409252,0.847567455897934,1.2548433891759,1.67139680587848,0.145678967903145,0.0498906013003173,0.0762528528994638,0.103603273168535,0.17535781343692,3622.04158343013,1,1
482,-0.5,-0.35936264218613,2.36665745404804,0.725080246796949,0.898613703618112,2.32976162555846,0.126509639186863,0.0448314261808108,0.0703908816118028,0.108068068800321,0.184723666466373,3599.38823740025,1,1
483,-0.5,-0.484739441657924,2.30623475445995,0.791042698003678,1.21218561719004,1.74715591128754,0.146465218071618,0.0497925996953021,0.0771888130887609,0.104027693377275,0.175506686635632,3614.82340802896,1,1
484,-0.5,-0.29423179340916,2.3741558514025,0.684687506893689,1.19442316240766,1.98983909543956,0.115712036292032,0.0510027947587529,0.0782350473703631,0.105643148347784,0.182610395992754,3647.24029971635,1,1
485,-0.5,-0.406415423195022,2.24170768112606,0.948791439181747,1.07976138276551,1.94148350170143,0.142939680332077,0.0472334738820269,0.073294949145952,0.102906999906258,0.170940421212726,3613.4880289439,1,1
486,-0.5,-0.548116189036361,2.3497725833945,0.689416557976817,1.06161160745089,1.80046301113799,0.169322845519287,0.0467080416766475,0.0728465557567749,0.105309900904668,0.177211447118399,3597.92809549028,1,1
487,-0.5,-0.543321566960218,2.30797684537202,0.809502153032501,0.977026872788607,1.99404487414549,0.160566723112389,0.0469140374297218,0.0734267065318236,0.107027084838166,0.173342205990172,3603.19844190711,1,1
488,-0.5,-0.391452655599214,2.33001179238679,0.758660024579951,1.03690983746614,1.91174373170032,0.139329808769426,0.0461821269282442,0.0713371609758395,0.107201670567164,0.181057976956375,3603.77110478646,1,1
489,-0.5,-0.461017515899555,2.3129214080792,0.840137633995948,0.882135732310659,2.22258657026404,0.154306001831065,0.0453466447680173,0.0732545562502974,0.110944900013492,0.179441601281611,3626.12624787604,1,1
490,-0.5,-0.602677169311355,2.34520120980329,0.782686720447579,0.912383133755666,2.08162404306755,0.168781179821672,0.0470767806134782,0.0732638610648913,0.109766619100802,0.175495614373008,3615.80440556258,1,1
491,-0.5,-0.391198353416332,2.31530532609859,0.819482169235581,0.984889762416608,2.04020077388978,0.14247600831788,0.0464039009802761,0.0734756205404082,0.108642540859251,0.180664541411364,3614.89143528725,1,1
492,-0.5,-0.780708255558158,2.37757580352698,0.739180497092174,1.22055273044191,1.6988941887833,0.185315350108506,0.0481570660226866,0.0759946212661278,0.0999837450969734,0.167675266482233,3645.34595263073,1,1
493,-0.5,-0.226314644995407,2.25752283815844,0.909177338937839,1.04383480372706,2.01545059064002,0.117216248859091,0.0485866595440909,0.0741079254370619,0.109054263729036,0.183721219647772,3614.81212419936,1,1
494,-0.5,-0.360774542728356,2.24706855608498,0.898394887935011,1.01218706876492,2.08322274982221,0.132928682659457,0.0497427255852584,0.0765909674849662,0.107063366167392,0.182983009466337,3598.08398367219,1,1
495,-0.5,-0.259735477150766,2.34461879333007,0.759821390572248,1.07866442595658,1.97228639563983,0.12135896902788,0.0465870463937308,0.0724609726518521,0.110086073913601,0.175924617992706,3655.04409003841,1,1
496,-0.5,-0.236307319506259,2.32033877684495,0.759703811068996,0.925303995268416,2.32162844504486,0.116543575915471,0.0480923805654377,0.0743428071138474,0.110344464007693,0.177658753547502,3629.61064783584,1,1
497,-0.5,-0.229746017813144,2.3440028534282,0.777630597124191,1.00703774740023,2.0868351697994,0.117492013172031,0.0484546071570346,0.0748718189093408,0.110904863590242,0.184993601623634,3626.68039514502,1,1
498,-0.5,-0.761290389066963,2.30733101610854,0.79547270319654,0.879239567778034,2.01960712344336,0.217651315755617,0.0450675550047232,0.070650320261468,0.105693471056669,0.175551697498582,3578.70739384618,1,1
499,-0.5,-0.553686066414412,2.29395885500464,0.832201715700389,0.97599530923672,1.99806013472823,0.169114261010907,0.0482644114821913,0.0739550762681036,0.104986176756824,0.175645335239455,3607.23511872262,1,1
500,-0.5,-0.579900826181349,2.21840159728395,0.84970120078264,1.02481691952081,1.84884291606927,0.17383806216117,0.0480553506168109,0.0743104120035057,0.106411088541889,0.175614490368099,3558.59171788456,1,1
501,-0.5,-0.450404356160257,2.26044244115431,0.78715524683217,0.933696943015029,2.10054424780914,0.148910824863868,0.0489792663890391,0.0749238501372536,0.10754464278433,0.17680941839322,3564.97551408111,1,1
502,-0.5,-0.463408195547484,2.32165121186598,0.711834909039643,0.869797787970483,2.04235428967368,0.160908624837662,0.046268474427995,0.0734033601726173,0.111087593574804,0.186213328160747,3550.70291137445,1,1
503,-0.5,-0.553695186084435,2.3025737107389,0.812475659028149,1.04642822035614,1.92422186319455,0.163651626064398,0.047343901683569,0.0740930410748404,0.105397745244541,0.17515890396333,3606.40319150272,1,1
504,-0.5,-0.382052314654203,2.26564767488296,0.800469615034864,0.86625910325545,2.04809696795983,0.157561596307881,0.0456714518637602,0.070702006126813,0.111220230853697,0.190196460713238,3557.45614498912,1,1
505,-0.5,-0.538504317344745,2.26944243400205,0.818175624855998,0.943199579805148,2.09279677660165,0.153215293292394,0.048315962935145,0.0763059385164487,0.107610129145897,0.181952975069312,3563.61342260182,1,1
506,-0.5,-0.763041980599225,2.2953188394051,0.803206352061449,1.13738699546402,1.56568321342585,0.230661280994039,0.047535813990026,0.0730391738756482,0.101291916597167,0.169186889877261,3608.88244841162,1,1
507,-0.5,-0.494676059026907,2.38330040128142,0.662136046374923,1.04621207565423,1.91412443851249,0.142033446950489,0.0478613636780578,0.0756853655452315,0.107351137858802,0.174317396012473,3624.73152811637,1,1
508,-0.5,-0.315492710363497,2.35907502464966,0.720545394255646,0.994421952478251,1.99859021433099,0.149341621962049,0.0460153531270194,0.0715133730011287,0.108800477061057,0.188909523571487,3624.48041048291,1,1
509,-0.5,-0.525933122621358,2.42000008829387,0.615772500026418,1.04778747919966,1.89096655022105,0.152041242406789,0.0458567699704491,0.0750021882569435,0.10700412492323,0.178090161085139,3610.23386719213,1,1
510,-0.5,-0.922741947501919,2.35715258282555,0.697086404443406,0.973656809141806,1.79572574089326,0.240934159510582,0.0463117437820064,0.0731086294920322,0.104035666332179,0.171456742828221,3598.21621680666,1,1
511,-0.5,-0.54813661136725,2.23926034281536,0.884135917355087,0.964520292775745,1.93203359172321,0.166136092990908,0.049184066529071,0.0770152594626959,0.107710098438965,0.175919171825208,3585.36588461684,1,1
512,-0.5,-0.515751851800877,2.24086396376871,0.946178959310189,0.796952762156214,2.20339250529819,0.171613806425635,0.0459384310117521,0.071190371866899,0.109116730038765,0.174125733005111,3597.78358560849,1,1
513,-0.5,-0.384674698272154,2.22668307637627,0.879284429588539,0.919051605089479,2.0607061304712,0.138199661092879,0.0474859649835483,0.0755078025085943,0.110655451657184,0.178117216683503,3570.56720973078,1,1
514,-0.5,-0.744336818273507,2.33582894531871,0.740341710925612,1.0298093133713,1.78152574443714,0.207117955753424,0.0455634606455527,0.0720996008965972,0.103834877257397,0.172614053934431,3592.21234918543,1,1
515,-0.5,-0.598046945574036,2.26981745271252,0.755208498167944,0.950164855485237,1.93388625680095,0.177864800954114,0.0481870498969979,0.073873072693029,0.105030191267419,0.173965031834001,3558.0890021002,1,1
516,-0.5,-0.490288052900164,2.31785305789926,0.819919016875595,1.17822856607965,1.72916614813576,0.159024433760607,0.0485598571369722,0.0763876162997059,0.101653493146536,0.172715677681792,3633.08834953961,1,1
517,-0.5,-0.354185374724092,2.32538407533247,0.744414105433233,0.95605470226309,2.027362422477,0.146390739013863,0.0458365673144879,0.0713097272993228,0.11035392291806,0.18503316494208,3605.35075440349,1,1
518,-0.5,-0.637712043347382,2.37696378387851,0.661237488613505,0.771614945805866,2.30334593433087,0.168265694416024,0.0460472287837059,0.0727367347600651,0.110141046571482,0.183371634140033,3563.64833724196,1,1
519,-0.5,-0.542097434820194,2.31117201633559,0.814107483467762,1.12787405431089,1.7431587564109,0.161235089491682,0.0467569645058283,0.0721502071608743,0.10206536109882,0.165717175258972,3630.56649731749,1,1
520,-0.5,-0.605348570313483,2.26776318254168,0.837611440874204,1.1243791466033,1.80511892677568,0.171418282648198,0.0491883865001406,0.0768821261428875,0.101678279447949,0.170558577816754,3571.96011709229,1,1
521,-0.5,-0.582103858007566,2.25515762466906,0.83648561670537,0.901790590595357,2.1685423405418,0.162502501724527,0.0471546261886079,0.0736663539214102,0.108615193829992,0.182820322101599,3539.63161334637,1,1
522,-0.5,-0.428399928542632,2.24909693322682,0.839124476414658,1.09553446841923,1.93505414583385,0.132915798927765,0.0521432052657224,0.078652589308963,0.107355660588725,0.177827190547959,3600.45882913326,1,1
523,-0.5,-0.332849685207011,2.30900695467627,0.804797575732848,0.899042001688695,2.018969038887,0.134276137177931,0.0445850579243381,0.0714493844424531,0.111862333150403,0.186236541140508,3585.35964949688,1,1
524,-0.5,-0.657433090807083,2.26076969580333,0.812854934012694,1.08999199033083,1.75331622955111,0.178273495259126,0.0472943057946472,0.0742407506514163,0.105109917439585,0.168513125689286,3595.99127431231,1,1
525,-0.5,-0.544144051412023,2.28690509506255,0.857957648614553,0.840137385943658,2.30892216919453,0.152050381884203,0.0466850233686905,0.0727006706859916,0.109272704313542,0.185920264449867,3564.21638655136,1,1
526,-0.5,-0.635171481338945,2.30668732369488,0.794594909709406,0.988483263793523,1.99894986240288,0.176078645258159,0.045591266223433,0.0719285067559541,0.103988189416831,0.173469430491382,3575.26471452647,1,1
527,-0.5,-0.285098178995155,2.31463451608739,0.811021256591353,0.994212236542066,1.92543474027893,0.137413421668477,0.0460067770152948,0.0704695432816931,0.108232493029286,0.183008869307738,3609.13422480616,1,1
528,-0.5,-0.515924996870915,2.402721927812,0.646426775579608,1.09841582863376,1.88485767194134,0.15167645235462,0.0470491431697305,0.0747564614192789,0.105532290281668,0.17974974078888,3624.41901172555,1,1
529,-0.5,-0.56839583842482,2.33759634584793,0.7227048258929,1.16993705036203,1.71191639786,0.170012752207489,0.0493098723772079,0.0769637343135026,0.106330271476443,0.176472566154753,3629.18089472237,1,1
530,-0.5,-0.567145729331237,2.22059106344585,0.878635494894175,0.866571267070797,2.18292751019702,0.178076001775442,0.0483451350934685,0.0745958313232671,0.110049195595251,0.185882575478847,3553.13279848435,1,1
531,-0.5,-0.45560759905625,2.28727061079775,0.845732726463943,0.904205942836075,2.15575372150192,0.148377733477314,0.0472227927365621,0.0737356370659671,0.108050924464514,0.175316446720638,3597.05592486515,1,1
532,-0.5,-0.656918944995909,2.28487615665215,0.827002305666972,0.977639317795147,1.93320875521786,0.185546553730948,0.0469084698729302,0.0727783250895722,0.10624975187726,0.174435348135148,3596.33373061457,1,1
533,-0.5,-0.491021251325536,2.2584356616417,0.870301462357573,1.10765215560825,1.92038481744354,0.152954970664516,0.0490282767628602,0.0746112203515243,0.104001091576967,0.174752753076555,3604.0101621329,1,1
534,-0.5,-0.223349396547335,2.27933049322574,0.794352909343653,0.856589213393321,2.25697694171276,0.125685206172015,0.0469482350776228,0.0727006500187835,0.113173669355148,0.191782255478183,3573.63085941491,1,1
535,-0.5,-0.261525332651839,2.30347203926012,0.804196277982213,0.913217896128478,2.20830185983134,0.129444873624922,0.0471575409627162,0.0727891727101664,0.111776786378227,0.189783655071088,3598.96365757499,1,1
536,-0.5,-0.286164891635206,2.35991666200392,0.752569449972787,1.08560426703902,2.04364268917149,0.127674756302831,0.0479097564578957,0.0761634997837733,0.104383033092592,0.178995066058513,3638.15205285537,1,1
537,-0.5,-0.462347332602294,2.33856716910874,0.753714413945569,1.0293454621664,2.06417972184907,0.151602348279326,0.048458424579333,0.0760810482272409,0.102967309590508,0.169490789574895,3625.07195046658,1,1
538,-0.5,-0.507549089229295,2.28752916137934,0.796235579014538,0.843241711500371,2.18715148476023,0.14691531159039,0.0470054249176711,0.0731282864520736,0.111311580287996,0.180402140582281,3571.44422447457,1,1
539,-0.5,-0.956941092914125,2.36079668231079,0.708215680086776,1.0051119588985,1.77004110480009,0.241635545089272,0.0452535155134803,0.0722336717416142,0.105529480684948,0.17535249704005,3596.17067220504,1,1
540,-0.5,-0.415522265973776,2.26283542075825,0.832018898277706,0.944911650980788,2.12976885833769,0.136097086601852,0.0469552240255437,0.0761039041912063,0.107400719720137,0.172262888835483,3565.1921405827,1,1
541,-0.5,-0.444708428116631,2.32183208362583,0.736656712938111,0.949620034086361,1.96225454947146,0.157666483806201,0.0461267631838746,0.071615823440996,0.107834968315073,0.174762773401741,3613.98180552766,1,1
542,-0.5,-0.624088464722424,2.3764218938768,0.706692021363116,0.897494755556839,2.17565914016763,0.160575050468595,0.046943291226562,0.073353613217832,0.109148018470511,0.17850146471842,3635.39441705376,1,1
543,-0.5,-0.391839812837121,2.34507855346183,0.753102206707946,1.14573726638383,1.70962414509747,0.143982082089473,0.0465907330302029,0.0739357910669964,0.108287833692256,0.177175676721414,3637.78050054073,1,1
544,-0.5,-0.379382535998533,2.27558460269017,0.807940242680816,0.934735923224214,2.17183261120396,0.143297126772847,0.0478814201756012,0.073782756439692,0.107379664464024,0.182504304827408,3578.54883918529,1,1
545,-0.5,-0.429979648413079,2.31212524708432,0.798242079405533,0.905643642862748,2.09311666790769,0.15232753054773,0.0460390737829402,0.0718920946118629,0.110483267683922,0.190564113014196,3582.03197895832,1,1
546,-0.5,-0.601505624699924,2.3577230006779,0.713973001962115,0.973603154469747,2.04458657915907,0.157712578649097,0.0470919537948618,0.0746702475868311,0.105334786819598,0.167411172385676,3622.0479203459,1,1
547,-0.5,-0.357562754266433,2.27848762784792,0.789279521690262,1.0618881994459,1.9073747332399,0.136934995897077,0.0493035090537621,0.0762311544531062,0.111094310042851,0.177127077617785,3619.10154155996,1,1
548,-0.5,-0.45262936546448,2.27166288005866,0.852239411707545,0.953191218008456,2.04109698917951,0.158622385649178,0.0486372518532448,0.074908085546252,0.105904230414948,0.183241765471511,3578.0748843408,1,1
549,-0.5,-0.604491664430701,2.31556877480636,0.730637684315766,0.848466891867264,2.19567592501343,0.167484575400566,0.0460667221621042,0.0738612140382563,0.108152136577008,0.183082894989163,3547.25026092897,1,1
550,-0.5,-0.406670638049732,2.28347375826304,0.763094377773809,0.87412779462648,2.23302637000517,0.137670333889224,0.0480908042436999,0.0760179444114339,0.111234010557327,0.184690223090836,3562.49559246241,1,1
551,-0.5,-0.269858943444556,2.42351421345001,0.588465066888673,0.939696273228421,2.05762252144187,0.135910575903541,0.044780604761227,0.0704326190648112,0.11057824005881,0.187234958301566,3602.6797186064,1,1
552,-0.5,-0.869879174405364,2.34185339176333,0.788815063771418,0.95638871174025,2.04673188783161,0.204479768596758,0.0459846805182686,0.0727706234289846,0.101534930686526,0.168152907566444,3619.54288687731,1,1
553,-0.5,-0.575436246716078,2.3645243987235,0.690124995083551,1.15473590172298,1.61597091389968,0.182357145218081,0.0482385357689486,0.0737285629605956,0.105353334794479,0.171541861702499,3637.39113240665,1,1
554,-0.5,-0.474895800069438,2.28048754885821,0.807418801908892,1.02775871779704,1.99715231261321,0.143548843380478,0.0475050610379044,0.0749681197760287,0.106008673734528,0.172852344060872,3596.01445763899,1,1
555,-0.5,-0.714024179556828,2.31155917869845,0.758519751975054,0.92094093193446,2.09765010741576,0.183833111485646,0.0459976516527387,0.0724172859593897,0.104607695425951,0.181816749560722,3559.63258345816,1,1
556,-0.5,-0.501860516853917,2.31499385504019,0.767014228388178,0.990138372943463,2.09556629462193,0.161829661147465,0.0483216865879181,0.0752412992713766,0.105580274576243,0.177229299585504,3598.78495587952,1,1
557,-0.5,-0.613029077466729,2.32582439995849,0.782934499916135,1.09408932733231,1.8427720614859,0.174464672440503,0.0482750734461276,0.075679593487492,0.103598352556081,0.174826545333482,3622.44910697179,1,1
558,-0.5,-0.657147242501215,2.32741748350507,0.771549667603024,1.03300677484309,1.97979571637479,0.16261343348086,0.0475028133260656,0.0766569734788475,0.1074200752301,0.173304372907451,3599.45600866978,1,1
559,-0.5,-0.312246850970954,2.24924996236606,0.851028897120813,1.1351941854644,1.68818471947149,0.157391789881677,0.0474487512176725,0.0731522543563441,0.106300186394254,0.17625111027605,3595.32955537649,1,1
560,-0.5,-0.404483521724689,2.27234075875194,0.827621381899749,0.964221114130468,2.07249621743542,0.143589328059087,0.0487328972750515,0.076001217176954,0.107683584210166,0.18195946467881,3581.92212922256,1,1
561,-0.5,-0.534024638080038,2.24599179206115,0.829814929112759,1.04239756766057,1.90896466770667,0.146673689800034,0.0495267731588216,0.0761458146667845,0.106297321984248,0.173016660209718,3571.99359636072,1,1
562,-0.5,-0.612157576668726,2.34301063378898,0.765617181930595,0.855709727578047,2.11272039008129,0.177336049961492,0.0453036336402204,0.0719845445817245,0.109395386052827,0.182141933170043,3586.69060098014,1,1
563,-0.5,-0.508798086791979,2.26269196580824,0.808269599840083,1.09640689987977,1.7603978766101,0.16382291907849,0.0477377385416279,0.0747466424064047,0.103557885128622,0.173411984192061,3570.46216765171,1,1
564,-0.5,-0.379167777056367,2.29481468711904,0.81505128234156,1.10067686614016,1.98727845425173,0.134215024026392,0.0501637493466897,0.0768731372523243,0.106727015585247,0.1792792054977,3612.17517339082,1,1
565,-0.5,-0.525850312015785,2.32167646315135,0.756889764905667,0.927898209879367,2.11882495939314,0.153141106403295,0.047297941248407,0.0730630818403871,0.109403691181193,0.179425614555553,3603.60705762436,1,1
566,-0.5,-0.275841844913124,2.2757603665071,0.800481268621305,0.966347962185446,2.13737830280898,0.129900157210362,0.0479787971115732,0.0759188357844171,0.10799334977664,0.193200131384887,3557.02979314239,1,1
567,-0.5,-0.631537337959574,2.21797185223539,0.948827932563059,1.06146424144971,1.93742080888991,0.167038651110337,0.0498885036251214,0.0767302562957017,0.105031369594424,0.168542777826879,3608.25596379734,1,1
568,-0.5,-0.630786821418392,2.32625202681718,0.762581514840094,0.917902704968381,2.15067662872364,0.161449425899267,0.0457255106571318,0.071687126342775,0.107172805111096,0.172204803831516,3612.91118361995,1,1
569,-0.5,-0.486355245470762,2.29576447757893,0.830703594881879,1.08189042464032,1.867417714729,0.149579066685974,0.0480880043376021,0.0738811418601616,0.106936239836706,0.178296921656931,3620.42123824182,1,1
570,-0.5,-0.577061493394498,2.27618046727927,0.799393967661114,1.07362887880455,1.85855050418986,0.160444587520629,0.0485587901116724,0.0772889385277163,0.102376864953224,0.176632720855867,3561.10086538723,1,1
571,-0.5,-0.541757337987088,2.34353900059258,0.72230545148532,0.927558027148982,2.01883755929584,0.171256096968141,0.0452038190814333,0.0717911525294672,0.108178261610341,0.185179460776407,3571.50621052081,1,1
572,-0.5,-0.464951015724365,2.25227496453576,0.850140041381707,0.978919974868826,2.06680424756432,0.148582470715005,0.0481828592499771,0.07418472924701,0.107021344819536,0.176720543716805,3592.81932314862,1,1
573,-0.5,-0.600144428654546,2.3438379679566,0.72589763469656,0.973747272028525,1.89865490848718,0.169903089438287,0.0454720585288125,0.0721180975098888,0.105463017192939,0.176148922264517,3576.10808488829,1,1
574,-0.5,-0.61500853699939,2.36379898674008,0.718563749501235,0.965583191660273,2.02790573424108,0.172453853941899,0.046170566168217,0.0729078124649107,0.107160696241241,0.176427306330392,3634.41781924743,1,1
575,-0.5,-0.675248462810207,2.24098585090485,0.9636796612345,1.04419804012431,1.9610366669254,0.17088223618623,0.0478610442870152,0.0731307017042963,0.104780538393124,0.171332848910732,3623.79054582624,1,1
576,-0.5,-0.636964997662832,2.38948377027793,0.586496586417086,0.962830508394848,1.99035423461102,0.167790715666383,0.047634536746681,0.0745147025016384,0.107553512653468,0.176090628968047,3593.60444170422,1,1
577,-0.5,-0.708320048489559,2.33397117223758,0.717617711519924,0.998490229864604,1.92615483086151,0.183186349479506,0.0480549351825728,0.0761798198324436,0.105092740365037,0.174806624047992,3581.56367041084,1,1
578,-0.5,-0.404442675255287,2.32368841435481,0.812657709907714,1.21275588901689,1.81838599888843,0.134295395250853,0.0497334035449215,0.0776613360147785,0.106182193436654,0.169914192990501,3678.98034894447,1,1
579,-0.5,-0.186262684270912,2.34351991839522,0.721096389014998,0.819137411120668,2.37939657701504,0.114192942715099,0.045574492386648,0.0713782768455519,0.112131902744368,0.188504640218763,3596.09079916892,1,1
580,-0.5,-0.431540451490321,2.23074870385809,0.919014201942704,1.11484995269608,1.76234996532236,0.155087442604617,0.0481522404650861,0.0741568093935104,0.106706451712046,0.180941985378834,3598.47223563291,1,1
581,-0.5,-0.337395932615828,2.28952801632464,0.776363955719848,0.79708458887587,2.32062809343416,0.13077352284215,0.0470936374240281,0.0733396618803822,0.112981538258683,0.191695740137675,3560.1492828207,1,1
582,-0.5,-0.41874130374864,2.31150030198421,0.822592323776452,1.028687075327,1.95029828122709,0.150572529302978,0.0466914105174229,0.0729155617605805,0.107406139040853,0.18220804376453,3624.69836247916,1,1
583,-0.5,-0.405583232158087,2.2542571629639,0.857200272735761,0.863483707726895,2.27896498341718,0.143418080417818,0.0478926457196503,0.0743884261994563,0.109199116029245,0.18245304734509,3558.30716457181,1,1
584,-0.5,-0.619909078707919,2.35987963994879,0.711698395108657,0.888948638889164,2.16463250181776,0.158300008449925,0.0461790574391777,0.0727298492951986,0.105658231679775,0.175524464142508,3583.30474209876,1,1
585,-0.5,-0.419441468734912,2.22055924144232,0.965448897929896,1.01014843683819,2.04446160766996,0.145364847942328,0.0482879033193646,0.0740666337803751,0.105666134956993,0.184192059558457,3575.53528955382,1,1
586,-0.5,-0.512143219170302,2.19842217604246,1.02736161003752,0.956107711255488,2.14316229161686,0.153527044712737,0.0489477792350446,0.0760171370082013,0.107474202070011,0.180054958698737,3585.62566522135,1,1
587,-0.5,-0.467299748945536,2.27557346736324,0.816919994366943,1.06202277541175,1.7798039317018,0.163824634406624,0.0470899470025955,0.0741749751627535,0.106403522659742,0.172829296824064,3593.70814324422,1,1
588,-0.5,-0.442515180443697,2.36340386548259,0.77025901505525,1.13474013671165,1.86368219203054,0.15793598027427,0.0486457787800751,0.0746957103784479,0.101512232220922,0.176320488807193,3639.84494843842,1,1
589,-0.5,-0.41856724062029,2.34055757284261,0.773506202315362,1.0218314297768,2.02654275570099,0.140503778586367,0.0474215238024585,0.0752327208608603,0.105951545311038,0.17639028689421,3621.09967390958,1,1
590,-0.5,-0.53351463790129,2.30733716478878,0.82452508954905,0.948938278841574,2.15769924375953,0.159135371445197,0.0473326087587521,0.0734161523877015,0.106593505729198,0.174985319398559,3619.70351241888,1,1
591,-0.5,-0.576665603468887,2.38269148116114,0.655981734241871,0.947001250300998,2.10834917774946,0.165195466084572,0.046738332666051,0.0737997682424271,0.106880132890688,0.179254617153986,3609.92985082197,1,1
592,-0.5,-0.575246059403641,2.27085451448726,0.850178832549303,0.986324375087528,2.0168105042942,0.166944571552172,0.0489245496776571,0.0765957404756064,0.107763575466791,0.171250537167402,3614.64557699608,1,1
593,-0.5,-0.546288413707126,2.30610589288039,0.836535815326675,0.791642778738337,2.26064518411214,0.166177166933866,0.0441628117753268,0.06882859510659,0.109187145396788,0.179915429297892,3598.94021694947,1,1
594,-0.5,-0.532476134858237,2.30738820684706,0.805878474275425,1.07747991578424,1.84714331001275,0.165072809209532,0.0469036718213419,0.073986856582843,0.105515126393555,0.169905079142235,3626.99774184059,1,1
595,-0.5,-0.338593854041787,2.27376154552951,0.804650662138959,1.13186870847352,1.65525963482396,0.143481394071618,0.0487806448806643,0.076629251129207,0.108474900191067,0.177461493216616,3597.23821763654,1,1
596,-0.5,-0.468027820305151,2.33548229639044,0.696165920950662,0.891422280466256,2.22327757392706,0.143240805593646,0.0483538755954423,0.0757584241715651,0.109574535664447,0.183424566113627,3562.08836970274,1,1
597,-0.5,-0.161821744099725,2.38789428822231,0.668304502611628,0.928624827416082,2.38183981210957,0.105121946297176,0.0469940872926216,0.0736412578127432,0.110340903301749,0.190290770087836,3627.40700873658,1,1
598,-0.5,-0.719833069900621,2.34052050442366,0.728229994675484,1.10743081696026,1.73839436078115,0.195641707968728,0.0479013927785295,0.0743907702964203,0.105169964438806,0.174320885876293,3609.83156585022,1,1
599,-0.5,-0.428229543061973,2.35591194995018,0.739482265171529,1.02933199829964,2.0240400493954,0.139505802749009,0.0480720265754645,0.0750258130507795,0.107899386462807,0.175933782481568,3631.70994836751,1,1
600,-0.5,-0.664497115931623,2.23092100372656,0.905526568457384,1.07883733058729,1.77479660766682,0.177700714034581,0.0494274720914875,0.0772039404660228,0.105067365330445,0.173933170797525,3565.59233348361,1,1
601,-0.5,-0.68166567091419,2.17049004069638,0.961803319168884,1.0239528186268,1.75052140119297,0.190673701714353,0.0498924095833034,0.0758095709809009,0.109344806306104,0.181829172015346,3557.94386731677,1,1
602,-0.5,-0.493885039790647,2.28211352117647,0.883270776090605,0.878584820898338,2.24507148223159,0.145933996317473,0.0457242738488067,0.0726756012574666,0.106963527708823,0.174956558303942,3602.44659729311,1,1
603,-0.5,-0.477301601001436,2.32747293312731,0.753880031765243,0.968533763859437,1.92395546855405,0.171906119261328,0.0454361144704246,0.0725039579209256,0.108406085886994,0.180197664351509,3593.06004927687,1,1
604,-0.5,-0.480358447833201,2.30645715070304,0.832183465621708,1.0120682012926,2.02500811313066,0.150196790319703,0.0488504445799876,0.0753005104836599,0.109907864213567,0.173217245477451,3658.27457019261,1,1
605,-0.5,-0.603690232733198,2.36312272110225,0.732561898152401,1.14480396502514,1.80497094189089,0.164455454761962,0.0474160097458342,0.0731736291283065,0.100517093990589,0.166904450504048,3647.82824185005,1,1
606,-0.5,-0.612891970370453,2.29024530562743,0.841607278663454,0.960357294746289,2.07485649435043,0.168128785787651,0.0477228449258549,0.0726352796819287,0.104404083288344,0.172741063173028,3613.05143169773,1,1
607,-0.5,-0.506557097330229,2.25366126519807,0.860630499807184,0.948645426391631,1.91599589956179,0.169090648377408,0.046445213381658,0.0726861893289764,0.109277235956073,0.183539067995575,3566.40622429749,1,1
608,-0.5,-0.276534723490061,2.33747819719598,0.712397322723307,1.01005579012177,1.95391232518099,0.138460423491846,0.0465411683004738,0.0731714911285513,0.111153921014609,0.181575971325184,3605.85088181071,1,1
609,-0.5,-0.715816200494908,2.35260841004563,0.713403180690239,0.912809379024936,2.09452311240971,0.187735113683895,0.0453648085963655,0.0736578164534492,0.105778803717532,0.173740607095415,3588.99457496597,1,1
610,-0.5,-0.53360310154261,2.28733932835543,0.848422902083271,0.855543132389692,2.2149265101188,0.164252064933125,0.0456630521378751,0.069945109649932,0.105551927995476,0.179398103181355,3582.94931969946,1,1
611,-0.5,-0.35108928137807,2.33189743930684,0.762582976204312,0.995533270447347,2.07207548995829,0.136298303471654,0.0483582511889638,0.0745839862545308,0.105207877403275,0.175854689790241,3620.25704898081,1,1
612,-0.5,-0.663535765558459,2.3122315108915,0.790234743018164,0.900048808622323,2.0657315925267,0.177446183636419,0.0475159201732391,0.072783736198466,0.107308237202522,0.176473426900111,3603.21824591014,1,1
613,-0.5,-0.473398274219547,2.29320119711279,0.81167839383388,1.03132362934845,1.93981988937364,0.157065164896895,0.0480775080711554,0.0734345089407162,0.104989212565594,0.172948991925505,3621.4540262973,1,1
614,-0.5,-0.497769920197513,2.39540376887121,0.696837830345097,0.78206710503427,2.46101011000191,0.145023512916258,0.0452272779222636,0.0710243669277981,0.109028903683387,0.184471794281639,3599.49309420629,1,1
615,-0.5,-0.809356593578999,2.32786076690726,0.781759657196388,1.14874978777322,1.59006284420681,0.210529716858548,0.0466891881452698,0.07460967380354,0.102392194063723,0.166177510618183,3619.88637921924,1,1
616,-0.5,-0.305167184910123,2.2805251284167,0.874428942389825,0.93240525548197,2.21675799890972,0.129436302388014,0.0473919970874759,0.0735412161632077,0.110890720260717,0.186464026664702,3608.4971709322,1,1
617,-0.5,-0.591744296855101,2.28298183924662,0.84115912966875,0.980652204383935,1.96622617608386,0.171401570214734,0.0479671371238552,0.0733425690282736,0.103638743763305,0.16769046456473,3613.74597716316,1,1
618,-0.5,-0.351101069030846,2.31919432356384,0.795032138421957,0.93267030904262,2.19594877580211,0.139394183898537,0.0467480797479063,0.0716731180468043,0.107543543985831,0.177235920425686,3628.23439191089,1,1
619,-0.5,-0.623410947944032,2.39052564070591,0.62098640935444,1.01811021201352,2.02348127057102,0.159066370773147,0.0469435304386776,0.0743177940455172,0.105569069965374,0.172371604846763,3603.64285248271,1,1
620,-0.5,-0.724752290817423,2.31839338837894,0.752374710031525,1.239399018471,1.52131482776343,0.207101519069136,0.0496848025786482,0.0771322467662525,0.10188422642413,0.168200938004025,3630.05049587469,1,1
621,-0.5,-0.574558245637467,2.44059339724505,0.62106178602411,0.955902129758603,2.16106354367287,0.159352648964127,0.0444170551748848,0.0706591835012231,0.10289582737578,0.178019492369559,3603.73920520525,1,1
622,-0.5,-0.551360929635695,2.3720062009047,0.681666642908307,1.04977354565097,1.85498803899519,0.164249019378512,0.0462809960890107,0.0726361400290602,0.10512749516371,0.173212354467137,3618.64497321915,1,1
623,-0.5,-0.409914307803279,2.26512983334323,0.839746646231153,0.956091026837545,2.17704816647368,0.136391202704875,0.0482609041444333,0.0740691944739894,0.107368349141602,0.181124582867812,3581.89017810281,1,1
624,-0.5,-0.256321956809528,2.30247328087533,0.836273515147944,0.95768191538876,2.31940192013385,0.114447363563926,0.0478530705511296,0.0742390733196349,0.108036845503033,0.188823948450882,3586.10423290564,1,1
625,-0.5,-0.565571721639325,2.34831335176666,0.746000702258826,1.15952227334173,1.72606253363129,0.167907187234977,0.0489079016096414,0.0774943340361603,0.106357330575618,0.172898629993396,3646.0544208694,1,1
626,-0.5,-0.577947935365351,2.28601231191815,0.777074250401891,0.936197149211989,2.04316519198734,0.161644771139965,0.0462475023059204,0.0732920144857815,0.108134018451555,0.176831224695397,3563.74754931721,1,1
627,-0.5,-0.696173454138142,2.24829560856992,0.923651237271925,1.11468200880647,1.62545189551352,0.20039879614205,0.0463262629250516,0.072259279390096,0.105166669796748,0.166333059233428,3613.67300496513,1,1
628,-0.5,-0.7456494253686,2.3066316158785,0.809273393032876,1.04518612725501,1.93176767561951,0.192837723979719,0.0482051640882386,0.0747155856335359,0.100908198388234,0.166203237390862,3623.73779819119,1,1
629,-0.5,-0.484463959213148,2.27508053445793,0.854627125396481,1.16442306459408,1.74644817814479,0.160125334630135,0.0495376377945052,0.0769843553791763,0.102146538364677,0.167746948301943,3636.63441535867,1,1
630,-0.5,-0.533941670959663,2.33783050169594,0.731640855917675,0.924642836957214,2.10550617633523,0.163012479727806,0.0478350798043503,0.0764388266814425,0.106962912765433,0.177336132017782,3598.75932309005,1,1
631,-0.5,-0.679911952280096,2.20095203815616,0.949003081210268,0.961776747941492,2.07071539253257,0.173427028869246,0.0483577436678427,0.0742225547059848,0.105264171614472,0.17974433144492,3560.90839036098,1,1
632,-0.5,-0.398832938666908,2.26604428261248,0.810453492168547,1.04256031920508,1.97862031906554,0.139644379568981,0.0490385150094014,0.0768212829313712,0.110078630493317,0.18065117258703,3592.41350500424,1,1
633,-0.5,-0.412121941443354,2.30242096077679,0.839709831799986,0.975318367833625,2.0110288523501,0.14078970772698,0.0459882100650048,0.0734223324849576,0.109411257006733,0.173596112002476,3638.82959583518,1,1
634,-0.5,-0.631103593342845,2.25411577481561,0.894516155364781,0.806300527744729,2.29273302131566,0.174611967843651,0.0468465671212278,0.0730272208533707,0.107871356452875,0.176455325945104,3583.86362956427,1,1
635,-0.5,-0.463071926128814,2.32288763344149,0.742598347674479,0.956821473571518,2.08713979982678,0.139459741664257,0.0483005731394316,0.0742500970530453,0.110044089489801,0.181836928369661,3592.24911431235,1,1
636,-0.5,-0.529703630663371,2.34495438941251,0.727808342858301,0.903785962818173,2.19496822455165,0.14754977081426,0.0474421494482259,0.0728300510685644,0.108341117018215,0.18032805425474,3582.66056439388,1,1
637,-0.5,-0.444376293866325,2.26033304195508,0.849395811118,1.09648419461807,1.8581026227274,0.152389144562123,0.0499737381526295,0.076525800128384,0.10715542796309,0.181859233314423,3591.81276047085,1,1
638,-0.5,-0.384187713337795,2.20416448793341,0.927078318356138,1.04527971520087,2.060155061695,0.131909681317213,0.0503839770161692,0.0777538707081963,0.105760151663407,0.18131491812929,3558.79996162548,1,1
639,-0.5,-0.530698492407616,2.36328717626113,0.638744887284023,0.913732036819595,2.22791387687399,0.143438635798136,0.0467075674423047,0.0750554507990635,0.103647131222032,0.16841208992172,3587.32798683046,1,1
640,-0.5,-0.70650551881893,2.32785207136364,0.795633328323103,1.04230276322013,1.89717573167854,0.184978566172529,0.0481760507658706,0.0731989606468359,0.10345064419838,0.172152903500278,3624.51436125738,1,1
641,-0.5,-0.506398665955185,2.20459739281829,0.972660284953328,0.973279715502264,2.00384762227002,0.157887488391577,0.0474098563096986,0.0739690799665375,0.110928164263986,0.175994778695646,3627.91852058816,1,1
642,-0.5,-0.690300395541785,2.24492984077958,0.855840695227085,0.92702269097747,2.0181447121501,0.184255756709398,0.0465456271078025,0.0732581390769879,0.109422475967025,0.177670675461919,3579.11855959293,1,1
643,-0.5,-0.281441595531915,2.30898458921429,0.839944948095506,1.10387760052707,1.912211870957,0.12674952188876,0.0489415580929483,0.0753427351394482,0.106359174553695,0.169716242566734,3659.74463924964,1,1
644,-0.5,-0.405303814050197,2.27528824356788,0.84259018006063,0.864288837680156,2.23102234928078,0.146120435436183,0.0490993290669679,0.0758495379354163,0.10987632829745,0.188833725167177,3569.27390725101,1,1
645,-0.5,-0.600651073816024,2.35265184667514,0.729028757136094,0.858605113374822,2.16810129440348,0.162963627893964,0.0458946289415728,0.0725424078683804,0.110871522994633,0.177862681028288,3611.94805714528,1,1
646,-0.5,-0.512415852736358,2.29887722553793,0.842648315063858,1.1285735649681,1.85428903491682,0.150161750091724,0.0489628118897689,0.0746387662615222,0.102195458770184,0.170831718714153,3625.87011444717,1,1
647,-0.5,-0.219833060987007,2.27954308462263,0.807590188399516,1.12039110859938,1.86301907645797,0.125169412108118,0.0502551130763799,0.0771094980181699,0.108143584993279,0.183699904294263,3600.64968697098,1,1
648,-0.5,-0.549693308559333,2.21835255331916,0.859115392508144,1.02181809280851,1.84014186993535,0.169516740963683,0.0477333296294232,0.0745394108010801,0.103460665116827,0.174974736519729,3530.42333026272,1,1
649,-0.5,-0.430863065743172,2.23681069731637,0.914376940284142,1.00964257207592,1.94094145929154,0.152614876739605,0.0482064488780069,0.0746447686120025,0.105591385423331,0.172012460225529,3597.70608345762,1,1
650,-0.5,-0.705987372978438,2.38437931028485,0.652326068070543,1.11684679857257,1.71425233345719,0.189058152506425,0.0464682250501838,0.0732437437074769,0.101549839948036,0.169619838868542,3613.00358803564,1,1
651,-0.5,-0.499853592184465,2.23869286697281,0.90254412875454,1.02045592822383,1.91574919353067,0.164728224083745,0.0483464103055174,0.074154384240009,0.10764104086855,0.181198946134169,3590.63204434851,1,1
652,-0.5,-0.51767402778598,2.30081017441121,0.795350452685564,0.880864630124396,2.19919750889581,0.157872694481077,0.0457742861682243,0.0714214070965439,0.108031549289082,0.182065293023302,3582.45526969447,1,1
653,-0.5,-0.431559023068242,2.26603480997026,0.818598749909251,0.905646931298619,2.00753965368411,0.159613009718345,0.046370207186547,0.0718854381220392,0.111529369680444,0.180028420610542,3586.18895736202,1,1
654,-0.5,-0.442934730869284,2.27827639555793,0.835532584060935,0.859780017277979,2.13222733256641,0.150974650879001,0.0443149979588796,0.0709125571740628,0.110650840553053,0.182893657437164,3593.71645569148,1,1
655,-0.5,-0.415014877547742,2.30259032322377,0.864183933891009,0.894438003416279,2.33627261407019,0.134041455944267,0.0476677988076879,0.0741318163986429,0.107681730039736,0.177683221156337,3624.42970997979,1,1
656,-0.5,-0.605028522492225,2.24987569099532,0.821956899210483,1.07947810976903,1.61930154854419,0.213850570167215,0.0478229811961289,0.0753665379361938,0.104306102934652,0.176865009863473,3562.70836707217,1,1
657,-0.5,-0.304100622645936,2.31332777333097,0.759207521292859,0.946832741646044,2.18429819453549,0.129404913086646,0.0472635182721881,0.0750445365202177,0.10849411290968,0.181563072369005,3601.36764704706,1,1
658,-0.5,-0.462866258756117,2.22339733352765,0.908739953044489,1.1453266451764,1.76446619111594,0.149530474118293,0.0497601648714242,0.0757500467309297,0.106608949602543,0.179592666761567,3591.80249774156,1,1
659,-0.5,-0.314630307474191,2.31612353311429,0.798922191964807,1.0679466611796,2.13874240581318,0.115419495456052,0.050296711933857,0.0764455681053364,0.110968059313338,0.175293914473994,3657.98095747126,1,1
660,-0.5,-0.609652857802782,2.31183796879062,0.848248990557707,1.03861964414358,2.01555402566163,0.163585043203407,0.0493349808854906,0.077406117969485,0.106016603928704,0.178041377848417,3644.34652444134,1,1
661,-0.5,-0.722249604763737,2.29025442200341,0.801901348153949,1.12144747196631,1.80612140644944,0.178844361627884,0.0490543046692845,0.0761329222736199,0.102129838876715,0.166248502489403,3595.28596429845,1,1
662,-0.5,-0.184682488207662,2.29076805325817,0.822739160401529,1.02000022399668,2.08551131593483,0.113083175722593,0.0460094766259667,0.0728094786688204,0.10882164010285,0.184113670449912,3598.11476542369,1,1
663,-0.5,-0.697530376577313,2.23730672899876,0.934360818063149,0.999688186609422,1.99535501184826,0.184677171910086,0.0480567200375368,0.0746867509959548,0.10085208366013,0.176673539740359,3556.36316616074,1,1
664,-0.5,-0.45682807481656,2.36168555445129,0.767624959133241,0.994608942745654,2.1529961864536,0.142005144560961,0.0463493655694741,0.0721649148452629,0.106526458863322,0.180354227736269,3624.90892306785,1,1
665,-0.5,-0.428244851919493,2.31966667848792,0.737195030967989,1.18908470998455,1.63281725163299,0.1491469033371,0.0485363976727179,0.0752460940292309,0.106256502169541,0.17380064661642,3633.5095630422,1,1
666,-0.5,-0.638750737836256,2.3179424811698,0.766984134253352,0.987563187438035,1.91427192799906,0.177709874210948,0.0466404684199458,0.0733150932092193,0.107908015996597,0.176314631843222,3602.64724636469,1,1
667,-0.5,-0.506376858843337,2.27614302871938,0.794753220725924,0.920472486087092,2.02813339388784,0.177900726779543,0.0479735937437615,0.0729344619691388,0.110234402633995,0.18866028939486,3577.10481435603,1,1
668,-0.5,-0.751309461467778,2.34545355008035,0.720887020992794,0.787154677558404,2.16525627226644,0.204446056267905,0.0433164122362334,0.0687670866195997,0.106511741054119,0.177187219858729,3560.00703378254,1,1
669,-0.5,-0.599468450132918,2.35539144723749,0.642859647120886,1.0375192464346,1.97982982593651,0.157155489226734,0.0471975102322012,0.076806422511792,0.107807582370015,0.173253426573157,3599.65484923663,1,1
670,-0.5,-0.507446853485269,2.25346792420017,0.849721581320591,0.770399601560646,2.37164915259963,0.151734648337092,0.0465840947712727,0.0712791902061301,0.110049579036937,0.184900074545588,3544.48931988134,1,1
671,-0.5,-0.291925753858657,2.26662200955447,0.882916675961364,0.903773331718486,2.12304337047696,0.130212248872455,0.0453412589940085,0.0709987888892217,0.109802186713666,0.179868191573852,3609.90532858772,1,1
672,-0.5,-0.699188993989555,2.23634674532162,0.876384580273589,1.10102574806667,1.7172516392351,0.186457266047417,0.0463954283285639,0.073976890051121,0.102632736126168,0.170251513086712,3566.66864147232,1,1
673,-0.5,-0.345049344835451,2.29097119160253,0.845463906341695,0.803007607610823,2.43812994497033,0.128218890009844,0.0480528933140753,0.0751265423248765,0.109536202653739,0.187848066983937,3563.74342459301,1,1
674,-0.5,-0.399247857006194,2.37955622839956,0.738749995686333,1.17181018246322,1.91285218812587,0.132076302772604,0.0498406003370584,0.0756349796975024,0.107293540979496,0.178378203860598,3685.30988780334,1,1
675,-0.5,-0.380413737125525,2.27642122060839,0.814425260663166,1.138547506212,1.87927528634789,0.142128265631446,0.0477762751128946,0.0754960808131689,0.102933541596123,0.180561107749763,3586.09672689835,1,1
676,-0.5,-0.328752445130683,2.29916238728518,0.788037852208652,0.608218041593681,2.73892263069115,0.114527623063677,0.0460307438842179,0.0717610201373163,0.118865178018559,0.194408878070372,3576.51210913931,1,1
677,-0.5,-0.377780408722018,2.27522559610758,0.837709653825402,0.880776161734968,2.24044619890251,0.134045972429449,0.0469342734142376,0.0719063785901854,0.112224077462158,0.180822427823576,3603.49540869853,1,1
678,-0.5,-0.385050495194786,2.19043086144882,0.913017270716506,1.04863027829391,1.97466714347067,0.138091207693363,0.0503070639010268,0.0781656268980578,0.10842851421949,0.187574108324679,3564.42694494212,1,1
679,-0.5,-0.451314153288769,2.27291500894011,0.751239800591414,0.827419195704006,2.12223159459205,0.159941506512078,0.0467422683066948,0.0727179021177756,0.107385864764795,0.178022282252043,3541.72467533789,1,1
680,-0.5,-0.422345756975492,2.2598385391573,0.850459970582249,0.996732062857896,2.1293865121849,0.138984595639505,0.0478023085174678,0.0750159775518187,0.104467968122395,0.173818052534027,3585.86562912973,1,1
681,-0.5,-0.617665185158954,2.25562473793748,0.873872295701455,1.07320498256138,1.81881578513256,0.169025953362914,0.0484614453017074,0.0749239956475392,0.10863170618402,0.174728676792114,3612.17248841745,1,1
682,-0.5,-0.288090612674872,2.24405440724607,0.884718318746733,0.894380866243184,2.14735911291754,0.135440491364175,0.0455854338297433,0.0707279896618545,0.109692361225762,0.192329791512096,3545.14221027392,1,1
683,-0.5,-0.416830150723658,2.2510785112025,0.778398239126596,0.927742426635013,2.12494276152277,0.133937186878549,0.0491929229312945,0.0769483481706362,0.108731873671599,0.175772702943258,3563.89548770294,1,1
684,-0.5,-0.49347594186732,2.32640888973604,0.772428797919478,1.16821073588729,1.85633666266379,0.150554539148048,0.047188360768133,0.0749834922334443,0.09923706220789,0.168217200251826,3621.90649145042,1,1
685,-0.5,-0.70657909407663,2.29145929834074,0.803963998035404,0.969716710852851,1.87480041427766,0.197125841084302,0.0467076393831848,0.0736692596971205,0.105823710683452,0.175181876545749,3582.28449076339,1,1
686,-0.5,-0.591486586731433,2.2667188629821,0.829922994639765,1.02150030454841,1.95976403812426,0.162951610199681,0.0487275544366771,0.0763864796223344,0.104963051788815,0.173206066654145,3580.22244223719,1,1
687,-0.5,-0.488846484729453,2.3522411790156,0.739133515357817,0.935698985304573,2.07435795587525,0.157104140771648,0.0465966616686355,0.0718353321848545,0.108415228700891,0.176990850390612,3638.82375720929,1,1
688,-0.5,-0.648801544888632,2.31929564296231,0.791847730720841,1.13545813855115,1.71488633336365,0.18334259572247,0.0479790408118427,0.075453877146674,0.102605537724204,0.16864341197379,3621.08177893555,1,1
689,-0.5,-0.705534826884594,2.2549466220375,0.822954275888254,1.02905480721285,1.93852006529905,0.17830078151726,0.0501264737295065,0.0769761180623987,0.103406653847164,0.174357303660697,3569.2176837536,1,1
690,-0.5,-0.285855080042628,2.35048933564337,0.753150126230231,1.1774880026267,1.71031198663114,0.130773517337899,0.0489618213237654,0.0777731986044098,0.108100834484699,0.178607192313605,3643.61632690861,1,1
691,-0.5,-0.589785818948794,2.26035421174979,0.874868517699814,0.922273811715655,2.07067392569723,0.17845255838445,0.0466120930655229,0.0711793714704901,0.104894620125203,0.178726513675272,3574.26258803869,1,1
692,-0.5,-0.449058923030643,2.3188908800817,0.755759317150612,0.907680440408393,2.08783411123625,0.152096784914052,0.0460329066608164,0.0720721081754474,0.109465736244978,0.182323742476018,3593.65942718689,1,1
693,-0.5,-0.485693300030057,2.31633759975143,0.761517764699225,1.04492371710699,1.96214841825746,0.143116116021409,0.048863081565072,0.0763577837547018,0.105618325721013,0.17346270383842,3600.29709927316,1,1
694,-0.5,-0.49178978576106,2.24371022636402,0.875618383060189,0.892939928107156,2.06214879410214,0.160475383561407,0.0471849147162706,0.0725728461574395,0.110586889067303,0.188298375132842,3557.11378103262,1,1
695,-0.5,-0.419967999346219,2.19440888327279,0.943790133266527,1.06421515941033,1.91095885706507,0.149529699974477,0.0496160121014481,0.0756256088919236,0.103835065423236,0.178038755876997,3563.81813075811,1,1
696,-0.5,-0.596337168542366,2.24967425357437,0.861956731599461,0.937745686350645,2.15662989367884,0.159895655165629,0.0492319398074135,0.0755332449409403,0.108568108080173,0.18584018633073,3558.68744864671,1,1
697,-0.5,-0.454160114887581,2.42759181646313,0.608488477864708,1.06512883127223,1.96539400919102,0.148804119685289,0.0475926337449145,0.077546468281272,0.103023449920378,0.171283067253328,3627.87384612928,1,1
698,-0.5,-0.512693810477774,2.23925419318849,0.87749745414279,1.15939345626364,1.7166430609029,0.152245930124836,0.0490204740073965,0.0779479709266881,0.106290770834528,0.172827315315252,3588.04457407868,1,1
699,-0.5,-0.658228861000863,2.31446144027669,0.771533504196177,0.966859207247085,1.90104997180205,0.192861046200354,0.0460230419462809,0.0727090161002857,0.106923403693517,0.181683870293873,3574.35189481824,1,1
700,-0.5,-0.516695115790315,2.3722847686357,0.753915656217056,0.867968646661862,2.24476445384048,0.157774591922087,0.0444189641894241,0.0709313709371228,0.110175145294827,0.187284561418758,3611.17914035235,1,1
701,-0.5,-0.354775468967708,2.34722248523557,0.759764689746097,0.920941888957405,2.25470881484242,0.126270687856455,0.0471404045422898,0.0742606390862286,0.108705216371018,0.179899015253008,3611.82455418665,1,1
702,-0.5,-0.621137341522711,2.30839824275759,0.765901511688658,1.1540161209384,1.66200333226093,0.174301682624215,0.0478947267233072,0.0757701055947113,0.104119673775326,0.174888218982441,3619.58030173312,1,1
703,-0.5,-0.383445767467031,2.30429347891106,0.808483704380081,0.959677805294305,2.03806694940994,0.148797900859289,0.0463722746537863,0.0733938229515044,0.108937192311589,0.181958475479629,3605.09234227325,1,1
704,-0.5,-0.586034456778549,2.34224710277315,0.723929032756401,0.968350620189354,2.05330323946579,0.153710346661838,0.0475396998653018,0.0766362042293473,0.107776076655886,0.172817936768255,3591.49388429109,1,1
705,-0.5,-0.528693859787994,2.27986370094122,0.831055497502813,0.899648207914134,2.15092089679073,0.14893754367057,0.0495886836799781,0.0745481140872051,0.10733283122294,0.174819383005708,3594.35298076261,1,1
706,-0.5,-0.641474849811105,2.32707200507458,0.784998868422293,0.970323350306531,2.07228432761868,0.171337826008003,0.0465679604710122,0.0734585777039968,0.104582961858916,0.17389413127544,3594.14377517164,1,1
707,-0.5,-0.400158127026656,2.32248224681899,0.782924524866139,1.07728961721728,1.99146166224228,0.133861065771565,0.0487100015698888,0.0757080982163972,0.103632991023933,0.175958564173934,3602.22907973816,1,1
708,-0.5,-0.561036286045739,2.29582649237554,0.772759307594149,0.912170481901324,2.08848448488334,0.172177266337735,0.0466194603936494,0.0727326954680591,0.106749929269737,0.17657676888973,3567.54770250764,1,1
709,-0.5,-0.834663993661028,2.34462485000134,0.70414548801045,0.744169895384604,2.27889781610602,0.210427454857378,0.0449490295138399,0.0709731197132531,0.108473497205452,0.180990343488714,3566.42645672464,1,1
710,-0.5,-0.509752999677932,2.2032814158501,0.938430516735855,0.948645173599185,2.1263313412271,0.146670867411867,0.0488493305458173,0.074610201090009,0.111887775151653,0.184222520283679,3593.18061078629,1,1
711,-0.5,-0.741668865162333,2.41018312072706,0.675422458075761,1.04815409905601,1.99628064684633,0.18387671476531,0.0472543158024703,0.0747876307712815,0.102034457816285,0.173638443325205,3627.16701597771,1,1
712,-0.5,-0.377686930488433,2.30923992606334,0.785430615299156,0.933524445577574,2.15707818435351,0.134226423737846,0.0472515021692528,0.0727835844650514,0.110439395531721,0.185071449951844,3598.56616745669,1,1
713,-0.5,-0.397765236299996,2.32069687173176,0.812828163302394,0.976623306213328,1.87847254816586,0.168362080528037,0.0438798659340549,0.0696298719149488,0.10395675762357,0.181358860547134,3576.08485823573,1,1
714,-0.5,-0.42231504142488,2.23441492732227,0.92653448033431,0.941941471201861,2.16038679958047,0.144412359706541,0.0499843230387813,0.0742241004243354,0.113324744906369,0.192153343209485,3587.31620980285,1,1
715,-0.5,-0.610465114709701,2.29309207703776,0.817420558370927,0.813258472026542,2.27840696920076,0.167642388456487,0.046745443876764,0.071103027415702,0.105922937927465,0.179511377880463,3562.38996626453,1,1
716,-0.5,-0.257355778584168,2.30397499629677,0.746684766176938,1.05886914937452,1.82995495973192,0.130501425928094,0.0482625945483351,0.0747050234561501,0.114670477812513,0.178055342378939,3623.92031193125,1,1
717,-0.5,-0.521687651475163,2.2936792206268,0.806764449918468,0.955585469341017,2.06192496573302,0.152181768105438,0.0465934766895951,0.0729356421534131,0.108694039142515,0.179085713979187,3600.01520811524,1,1
718,-0.5,-0.751543111814406,2.32620692706488,0.801395307787054,1.09794712006839,1.78769791006081,0.203307420345233,0.0488665536989393,0.0758248463726442,0.103049781062457,0.169239958484364,3637.41807642464,1,1
719,-0.5,-0.376425328369481,2.3409031549501,0.725068860275552,1.12925847799276,1.77163185700849,0.152000881256317,0.0481487544660048,0.0736992257850913,0.104280897519489,0.171450479119028,3636.28946765544,1,1
720,-0.5,-0.318551633063312,2.33308164309744,0.750818206058842,0.948928242788215,2.01141063162931,0.144126065459033,0.0452040053018244,0.0711071723781434,0.108170412565376,0.183370624438561,3595.0243511025,1,1
721,-0.5,-0.717326918018979,2.30139902419405,0.804600758564471,1.05100553461759,1.87324056970214,0.192816353354882,0.047964635568577,0.0752165100623212,0.104822584665726,0.175930092776139,3602.63762718691,1,1
722,-0.5,-0.53730240599065,2.35213442259498,0.742210473448516,1.02782383543255,1.91086946978218,0.156207713103898,0.046958828360098,0.0727620933868551,0.108502148619788,0.172570984584828,3642.603702784,1,1
723,-0.5,-0.32747619571154,2.26128917142009,0.879586500748251,1.25596578276232,1.67419320925776,0.127182798789297,0.0487797837589047,0.0750462029773564,0.104677190762385,0.171003915289354,3632.00313732028,1,1
724,-0.5,-0.528961829638127,2.38713743715572,0.735663560655812,0.949085168658134,2.09624502175549,0.170699491035223,0.0451284880850328,0.0710449070275293,0.106540743732227,0.181810123078716,3635.64257468262,1,1
725,-0.5,-0.552684626320137,2.28373215023004,0.827424541592836,0.955957078434282,2.03296041047123,0.169495140568756,0.0488276159840512,0.0759530340330335,0.10675071909419,0.170775977525966,3603.82616686764,1,1
726,-0.5,-0.190430195392603,2.27344253509702,0.810001678120399,1.02312195147466,1.9237171762922,0.123986042465716,0.0464789795167816,0.0714928287349844,0.11006539635113,0.181774059151841,3595.697342737,1,1
727,-0.5,-0.597597385388678,2.28308424396866,0.831424278909014,0.870097770584341,2.20079819128806,0.157667582457956,0.0466416988728709,0.0726066398487327,0.105870912268168,0.177576557755886,3570.85679040941,1,1
728,-0.5,-0.715970280199444,2.3027535987153,0.77215089804836,0.778949938416667,2.28501406533724,0.18531023203196,0.0460148778723905,0.0728659513900253,0.107560393592245,0.17782386735124,3565.88144771733,1,1
729,-0.5,-0.244538069863941,2.27096775539278,0.848133489958063,0.92055130972147,2.13552236661059,0.116668418639349,0.0467123998816858,0.0718003303920554,0.115867987488687,0.186221105697234,3624.3892982822,1,1
730,-0.5,-0.527203602411365,2.36260172246818,0.704263324760836,0.929469622871596,2.14383385677001,0.156795280662095,0.0458177660217434,0.0722818092965015,0.10701336711845,0.178335856183124,3606.77222787265,1,1
731,-0.5,-0.378312924461408,2.32547127633606,0.75650113724047,1.14014170665588,1.88711636120583,0.142426040466711,0.0476253924425284,0.0762875651463114,0.101457368205139,0.172805155220001,3607.19307045693,1,1
732,-0.5,-0.755211062575931,2.39440954937181,0.689475874526224,0.98558080711644,1.92210620446716,0.193408463784263,0.0472099911854898,0.0737552576281729,0.106389587606185,0.178239224239861,3629.64800781626,1,1
733,-0.5,-0.707718222849172,2.24952120393209,0.871229439219507,0.874235961382225,2.0252995043789,0.202471823420681,0.0461773657635934,0.0716419287827972,0.108398152400163,0.174953828560634,3571.9262282079,1,1
734,-0.5,-0.584704985041575,2.33925450971103,0.75559785229221,1.06743385222977,1.89126748480639,0.168936379262183,0.0465531696695392,0.0724116427657779,0.105904091910269,0.170538604319201,3637.95376983241,1,1
735,-0.5,-0.474252513247441,2.2067297492125,0.964186023313406,0.959678892500556,1.97230020663615,0.160886232873974,0.0473180013676558,0.0732291465372228,0.108878791602363,0.177918195324792,3591.55227401614,1,1
736,-0.5,-0.415874734630662,2.31925207498958,0.792317601939647,0.883551821114173,2.24709765254194,0.138059295332088,0.0462255876463124,0.0723062894336675,0.109243727555684,0.179708242247501,3616.89870576608,1,1
737,-0.5,-0.463859664166061,2.34343212635781,0.716750452467827,0.998145916222329,2.08542025331793,0.147557877623479,0.0466059305828464,0.07262915540778,0.104024500015351,0.17176422950872,3594.99941569152,1,1
738,-0.5,-0.352784712223594,2.26559991343316,0.850236209696717,1.05519867154106,1.91088582628504,0.141198860283847,0.0463810687583903,0.0737437396472098,0.106961746203565,0.178352547651776,3600.58020052676,1,1
739,-0.5,-0.330571625161623,2.27376937865087,0.824277938286895,1.05042369409362,1.99583075518967,0.132051385752955,0.0486304460529587,0.0759681856111273,0.10572283309215,0.18187697024506,3571.64388485188,1,1
740,-0.5,-0.363016581595623,2.31146609321782,0.761972699626011,0.956193912051261,2.12096258076701,0.133781879581843,0.0473846689104635,0.073633882815229,0.11012093114681,0.184188572915855,3597.34502610705,1,1
741,-0.5,-0.673226274570073,2.33604769958884,0.761948660262127,1.09396349558286,1.77922923076445,0.197052860194087,0.0479356110658174,0.0758579549962866,0.105577605273148,0.174210006622931,3625.83406702005,1,1
742,-0.5,-0.347931196727321,2.29698541628846,0.793244429362593,0.804375184474455,2.34793196380101,0.135691471395077,0.0459975178417645,0.0721166864579258,0.112445235908463,0.189889401938544,3568.1911896836,1,1
743,-0.5,-0.451992443776002,2.34723081284008,0.733622254154372,1.08097338010311,2.01123501857026,0.142372012759006,0.0473820953836037,0.0742468814587247,0.10258960734941,0.170662427385341,3612.39007180511,1,1
744,-0.5,-0.654590673572914,2.36301251340479,0.65168044901824,0.907259116366012,2.07464382177098,0.182297286288536,0.0455968030877267,0.0729675496163909,0.104336033028427,0.182190340717662,3538.13310721443,1,1
745,-0.5,-0.462353820432162,2.30010364559853,0.79232270885798,1.18276899462298,1.69490029914654,0.154198029283587,0.048769282839034,0.0762896178076959,0.104055230895844,0.172737349678405,3612.19824777018,1,1
746,-0.5,-0.256302721733257,2.19688504641214,0.981630446202131,0.894630340199795,2.23188103910769,0.124206066596631,0.0482364221862316,0.0728428404558325,0.109279530191904,0.186437590581097,3575.16609657402,1,1
747,-0.5,-0.586656021193595,2.32589206279868,0.780109217705599,0.994813687159759,2.05571050940866,0.160216137466019,0.0486312751849054,0.0760027690825161,0.110366519585063,0.18205592325122,3624.61540026651,1,1
748,-0.5,-0.47829205075413,2.24677599238459,0.838602187599116,0.956662151004547,1.94958101441555,0.164490203609664,0.0479340835132494,0.0738963958591632,0.106609992973775,0.17948235168365,3571.57601135475,1,1
749,-0.5,-0.580963252485295,2.28889959787224,0.785564751707512,0.883546838700357,2.14151699614964,0.161622031519546,0.0463169440052491,0.0736382366639645,0.10997088507796,0.179391220381102,3574.20996573417,1,1
750,-0.5,-0.437622499802706,2.46590590595269,0.53130233398731,0.969489952060913,2.02610276657363,0.152461182431805,0.0452025286669606,0.0729805260021749,0.104571335314668,0.179328488843311,3608.50824278189,1,1
751,-0.5,-0.415390726528032,2.36964618959286,0.666651296075269,1.0631085185169,2.06701648731029,0.139204800466631,0.047931974482573,0.0756114051119732,0.106733857154813,0.176412592016811,3630.20890249662,1,1
752,-0.5,-0.789112658752697,2.26544063460104,0.870932714479601,0.938604588002659,2.02986441783989,0.189715845276044,0.0465877623806195,0.0730580963709923,0.104185109849427,0.172513170474542,3575.17724448165,1,1
753,-0.5,-0.582275918057185,2.28098642201696,0.83876197888168,1.03810017987893,1.90033141429009,0.161210232321052,0.048704619186493,0.0740972344072592,0.108857843382663,0.172010811458577,3630.34404504693,1,1
754,-0.5,-0.330820656623786,2.31317295223487,0.774337451720578,1.03206417069433,1.92109906126332,0.136041055989908,0.0457741588645173,0.0703378138890311,0.107510444090113,0.18123294177748,3606.75302866704,1,1
755,-0.5,-0.251335440818969,2.2624329519726,0.887567484696425,0.763252977862269,2.48168270807705,0.117757800581369,0.0475554135656809,0.0726482057017634,0.118035584560707,0.202160622876549,3567.91066615295,1,1
756,-0.5,-0.918450103312785,2.32009071210532,0.781935130443957,1.13364372029534,1.64440037492838,0.214409501352612,0.0473611999523485,0.0744380973262604,0.103877350225628,0.169614040550997,3600.97966919487,1,1
757,-0.5,-0.483375127800856,2.32248942427785,0.759625362187025,1.13036867009301,1.81128982045677,0.146799202288685,0.0476967333977997,0.0770348536586163,0.10875972696715,0.175213395647578,3620.84299818171,1,1
758,-0.5,-0.461044422014645,2.30495603798887,0.757326483942786,1.09357977216433,1.92413978057514,0.145417450261216,0.0501363191928473,0.0771285011978554,0.106020978456936,0.168500333920546,3618.96548586042,1,1
759,-0.5,-0.340184799189996,2.26956073614542,0.887603928352023,1.01764439790463,2.04835345437003,0.134723108656861,0.0488686732700143,0.0746864168324493,0.110217444952238,0.183666256645657,3630.69099373617,1,1
760,-0.5,-0.549452758640849,2.27099467732192,0.816916583700774,1.13906332509901,1.77080240980619,0.164973361852676,0.0492247465676371,0.0762901232842248,0.103167662174288,0.173427710306939,3593.60954963002,1,1
761,-0.5,-0.116956472040721,2.28309510088335,0.772864664966058,1.02056360726147,2.18347273762507,0.102434662269348,0.0469277558567765,0.0744801419733753,0.108853054883796,0.193937654402837,3567.27027955225,1,1
762,-0.5,-0.313220877694754,2.30951617612383,0.761747668652657,0.972996510808413,2.12120184741567,0.122426075150339,0.0464425691825673,0.0726705960171942,0.111951669852666,0.181898025888483,3623.72631721933,1,1
763,-0.5,-0.844909224775949,2.32287928208004,0.721161036529022,0.911386624813624,1.93186955552337,0.215328707981606,0.0447888666927433,0.0713587172213687,0.105946259315029,0.177706943580269,3555.15083767936,1,1
764,-0.5,-0.629388301506015,2.33007859798854,0.721240694105702,1.12279988827382,1.73514074477752,0.180643817629073,0.0477248853886909,0.0752914854606787,0.0992807336409482,0.169516880223735,3596.70571607575,1,1
765,-0.5,-0.487574080561574,2.29726860953545,0.727323628055449,0.910359189646131,2.06757838055154,0.154030733573851,0.0466281866786918,0.074112836264961,0.110027786546929,0.178268240907658,3572.45205417713,1,1
766,-0.5,-0.301112526628604,2.27940091776461,0.826616440151725,0.78867258578981,2.42986899210101,0.118451643422454,0.0468126194147494,0.0716014525239709,0.115667671027557,0.191060536981391,3602.28866631946,1,1
767,-0.5,-0.706430388956051,2.28729949781871,0.848082045204494,0.938318881231045,2.02226746386817,0.179422950446804,0.0470751499057208,0.0724856902324584,0.107310235012992,0.178098470756181,3576.67955065288,1,1
768,-0.5,-0.290458705879314,2.34357981232799,0.804819406139159,0.98773171035067,1.99778533146439,0.138670852084,0.0463655396400843,0.0718400966910214,0.105545826562631,0.177567208195927,3642.34721539749,1,1
769,-0.5,-0.715797856896335,2.29572744336513,0.778856352124988,0.92930908330839,2.02821596988985,0.194267236575061,0.0474628353807496,0.0741660490209112,0.104017167245913,0.174192275555278,3555.33703553409,1,1
770,-0.5,-0.679582571192744,2.29753893679643,0.797846371834161,0.952267800657784,2.02573681309572,0.176866799346336,0.0478064184015256,0.073775020688535,0.104729899499923,0.173650322514688,3582.67147628838,1,1
771,-0.5,-0.482982032352042,2.21362571868295,0.91092313860483,0.870253795786885,2.34298635681229,0.138649243965853,0.0491056509968994,0.0744055162815862,0.107622698712042,0.179695800698738,3582.26908219442,1,1
772,-0.5,-0.497138423368934,2.33618253883471,0.776829190673491,0.971892888741814,2.16872867461868,0.139421015342534,0.04741710868645,0.0751624601486327,0.108057465188626,0.182646989722383,3600.20164789222,1,1
773,-0.5,-0.350213604243674,2.25941146089289,0.880361774523636,1.09757634987066,1.90598021725688,0.138538045396965,0.0486928206782352,0.0765097730645098,0.105361847814731,0.178958709426345,3607.09875901243,1,1
774,-0.5,-0.504033248495844,2.30714605645438,0.768434180739277,1.01249878580879,1.94298851235956,0.161328092973354,0.0471048337665621,0.0722731715662954,0.107944735542415,0.177070159411192,3600.9493739618,1,1
775,-0.5,-0.314454040271581,2.25920145437207,0.822174880960625,0.981463589849743,2.14922380276637,0.119512816105729,0.0477751643133323,0.0745846696052921,0.10806450951934,0.178501052252562,3565.43231238808,1,1
776,-0.5,-0.202211568918659,2.36089073266856,0.728364586717673,1.02541043463678,2.00836824636414,0.125544146193248,0.0461426102671071,0.0718293522061149,0.107289960801109,0.194350974318081,3594.78580801547,1,1
777,-0.5,-0.476175478107486,2.3500922041256,0.719626021973705,0.903302762981985,2.08998014122421,0.157795936388691,0.044788225864915,0.07235422896834,0.107025354944913,0.181196987917535,3586.50514611447,1,1
778,-0.5,-0.529224095760831,2.26540143918356,0.860958916433223,1.18785285664212,1.69831236174105,0.156179501741685,0.0497937027376641,0.0779777110117558,0.106846458274581,0.17519046893715,3620.38541867643,1,1
779,-0.5,-0.362231247817861,2.27492900787604,0.878561788224347,1.10490039303431,1.86035974044948,0.138439563303818,0.0482968281882311,0.0731989712306584,0.102978582917571,0.174736566695066,3628.89651097082,1,1
780,-0.5,-0.698027362569217,2.28121007827454,0.868340031828155,1.09485230443161,1.81717202518106,0.191489810661135,0.0481802604396062,0.0760467443376674,0.102197360497973,0.16634708851729,3619.6406886815,1,1
781,-0.5,-0.59620364506727,2.31423747528974,0.807931594901367,0.981659308966546,1.96719905607504,0.17375162584688,0.0462737938995974,0.0725170515072553,0.105291251593303,0.173977337051748,3612.39710810909,1,1
782,-0.5,-0.617901477135269,2.2794308238233,0.810418188372095,0.964677071685494,1.99249449778275,0.173529162520659,0.0488169647310766,0.076060183927213,0.108670609941279,0.177301645815541,3594.08372907385,1,1
783,-0.5,-0.69080377069432,2.33964784918413,0.728621722691727,1.15096157007767,1.68838937368603,0.18614382503503,0.0476911263282548,0.0752891587063045,0.102916520707839,0.173119039595832,3604.96247405976,1,1
784,-0.5,-0.249373140401018,2.40814100703366,0.661968890589572,1.04978213068124,2.11241332270428,0.118733870490232,0.0474284071788329,0.073618739552617,0.11075684769037,0.181498665350989,3665.93162297065,1,1
785,-0.5,-0.35910421670115,2.24102482863823,0.889490477629688,1.17140847962772,1.87275879650323,0.132703266097133,0.0500670600834478,0.0756379639568865,0.104720135025407,0.172890828917105,3617.06252394877,1,1
786,-0.5,-0.37397913656075,2.37654249322051,0.721447846221801,1.12933206000921,1.89999545749039,0.138776342997409,0.048043400211806,0.0747255143867545,0.105796895999422,0.178025906256969,3654.59586090284,1,1
787,-0.5,-0.466395629978263,2.27817405821153,0.846098218796078,0.985304772588042,2.11897587232067,0.146103767834497,0.0475417282350944,0.0736620150806508,0.106006260877217,0.170542532825292,3613.20437915421,1,1
788,-0.5,-0.698831021080821,2.27237192386075,0.883049065619277,1.02488020572924,1.89983374773937,0.188613419856964,0.0481577225234183,0.0733863092485546,0.104024142629037,0.1742512701194,3613.49931905252,1,1
789,-0.5,-0.589641282637622,2.21648795035323,0.89667510197741,1.04548287826231,1.86953781250345,0.173585912256583,0.0485383790198166,0.0755225319679924,0.105706416039458,0.174964171331355,3582.85612507222,1,1
790,-0.5,-0.510301025857364,2.33253440202033,0.818337905715331,0.969195356216567,2.03930143346488,0.157531033800169,0.0466668939343334,0.0729264530138879,0.109621675908,0.178153656184182,3635.95948881507,1,1
791,-0.5,-0.79634474496807,2.33842854354134,0.728743358715958,0.933717199332429,1.96625776307543,0.203537052041272,0.0464528292778445,0.074672269977261,0.106393065647181,0.179728424357341,3559.8622466102,1,1
792,-0.5,-0.408028540392829,2.36339153314999,0.694111268411561,1.00943117969279,2.02773364887955,0.139051161231559,0.0469142214085499,0.0749825531798304,0.108570581280757,0.174962910901356,3631.95823907721,1,1
793,-0.5,-0.567881490891039,2.30170141173623,0.841326954675941,0.991531712720155,1.93924834419609,0.165451632943885,0.047636254582173,0.0737713053135739,0.10465253092395,0.171966462590182,3604.6749150357,1,1
794,-0.5,-0.656256020033957,2.31016469900122,0.710732448495765,0.925567132327603,2.09035003261235,0.16547752427214,0.0482801546693049,0.075655326702513,0.105363492568663,0.17247317414068,3588.54353692425,1,1
795,-0.5,-0.426147717326287,2.26597779628438,0.879677891831672,1.00964091154363,1.80358039327315,0.155700462835738,0.0455135571014925,0.0720660847854522,0.10791388831134,0.175513660594019,3595.51218394409,1,1
796,-0.5,-0.563800453663306,2.27718209191919,0.857038376526954,0.828050041670345,2.12345240669632,0.181984930582649,0.0443094415492262,0.0699037094817734,0.108481597256262,0.186472215870918,3560.48264679952,1,1
797,-0.5,-0.50619301945612,2.30971747419995,0.782359799726825,1.0815175305349,1.83502239238026,0.169461274524934,0.047401436072257,0.0749421636686668,0.105536813373143,0.176697807750252,3602.87359759264,1,1
798,-0.5,-0.401483367732718,2.3108619628704,0.820847290446553,0.9179536735758,2.18084639024619,0.138792099304858,0.0476350870794342,0.0738235022142627,0.10932802024524,0.184066978029448,3600.38150135718,1,1
799,-0.5,-0.413061845399156,2.25430026862301,0.916156085334437,1.21870432989206,1.81207162561288,0.135608921573932,0.049730594098017,0.0763143443817023,0.100452300713133,0.171617205355389,3615.62096707614,1,1
800,-0.5,-0.385523185831693,2.30998621882186,0.778544547832163,0.914431648467194,2.08214161450044,0.146997785962179,0.0450999359496853,0.0714907249089098,0.108715096759862,0.181516714646588,3589.75922285235,1,1
801,-0.5,-0.666087924686456,2.27368087601269,0.780468373833139,0.863492934184082,2.11556085205084,0.183382143915982,0.0453526757705493,0.0720325782425616,0.11101110838838,0.185283239340362,3549.13610206109,1,1
802,-0.5,-0.495307275922976,2.37235755388059,0.641855637399125,0.773772787680679,2.26149542497669,0.154030587730417,0.0445695531690176,0.0715358688473252,0.107463118121218,0.180029870392393,3553.27524005966,1,1
803,-0.5,-0.742401186844573,2.30633744511697,0.784365984047595,0.886865013075584,2.04962435373346,0.194782099479185,0.0471708412460345,0.0737504263881835,0.106041643712891,0.178333460416816,3558.34060429977,1,1
804,-0.5,-0.611797246340425,2.33433232689346,0.758339754956797,0.964510718662264,2.03446371499549,0.158343497374518,0.0462759322367823,0.0721568999247923,0.10725065020382,0.171301582016448,3618.57686501839,1,1
805,-0.5,-0.527440498775661,2.26712341742549,0.828973182672536,0.920849405415653,2.03484063759915,0.165096151757228,0.0463847532392371,0.0715544155415941,0.106590571321308,0.18078580807102,3553.44078236185,1,1
806,-0.5,-0.183456105078723,2.2774854599898,0.802962025353565,1.11348064031823,2.04504621076296,0.111285137335187,0.0500900362997281,0.0769354205564438,0.106734026504756,0.185244102864179,3574.95992320128,1,1
807,-0.5,-0.75097414637217,2.35551402532803,0.803429075464727,0.99631153707431,2.03840344772838,0.172702805315102,0.0489072212719106,0.0754665144569487,0.107897784833123,0.176605684583377,3622.87831400536,1,1
808,-0.5,-0.350646567290216,2.29358507023732,0.88643296368261,0.737634610558925,2.40407989826395,0.135375657525249,0.0449276061274836,0.0705188283769847,0.114905131248864,0.189801911882446,3600.39020070782,1,1
809,-0.5,-0.472146254714934,2.24981251296172,0.841389156113386,1.10876820192087,1.78193965539291,0.152755889918669,0.0479643381797009,0.0756022183885013,0.105144085384833,0.175788281511093,3577.15323355983,1,1
810,-0.5,-0.287999737271109,2.26750263774447,0.838122267866403,0.887522950309397,2.21929964361271,0.12992368466934,0.0471885509972126,0.0729628516883871,0.113287682109613,0.183379691169915,3599.65311592918,1,1
811,-0.5,-0.373323130454804,2.2950265837527,0.812507694960371,0.981663734675618,2.11744386387781,0.134534932215078,0.0477158050467811,0.0734088178898391,0.105747093854153,0.175574063481128,3608.46135032751,1,1
812,-0.5,-0.263810965068427,2.27378035868968,0.827834579627731,0.956456333943357,2.03878266057573,0.122366721632173,0.0474793539460855,0.0749177015467684,0.108877692280896,0.181419978263953,3582.16291595091,1,1
813,-0.5,-0.601825134972506,2.32540148569158,0.762872614890943,1.002052494347,2.06799606616049,0.156401160244661,0.0476705268147336,0.0753669136768231,0.106384296092116,0.175646282949632,3595.80508938366,1,1
814,-0.5,-0.648459952403517,2.3175824296477,0.783453200892389,1.03040284450796,1.84431999956201,0.183791951725264,0.046238339410712,0.0711760920682894,0.107034073235414,0.176313751180162,3617.34731515317,1,1
815,-0.5,-0.454816279745955,2.38396037184681,0.690730580567748,1.10433542143586,1.96888853346072,0.144876528906363,0.0490886665550805,0.0759005405464894,0.104252365602587,0.17444739019512,3657.10276615138,1,1
816,-0.5,-0.580101106111274,2.24670988784565,0.850409320551734,0.970551018403441,1.94056912431596,0.168105788028219,0.0476127723426657,0.0742515725599191,0.106860044966022,0.179230269477628,3559.92640900994,1,1
817,-0.5,-0.387426633106667,2.36239825329,0.7859540459411,1.13505472461591,1.91080270353988,0.137285612143053,0.0488873215671872,0.0763182746294686,0.105786008631266,0.176533461313244,3657.72195485613,1,1
818,-0.5,-0.700442258713676,2.29450922797071,0.788914855650431,0.90768386506624,1.98179293049984,0.190204266368895,0.046379105442949,0.0724984893053604,0.109378847107812,0.174861535787072,3589.73894350579,1,1
819,-0.5,-0.300473264621448,2.30465056016255,0.774588082842716,0.950314793907396,2.12137233701083,0.134034895635626,0.0484826097653159,0.0738133727848723,0.111805108754001,0.182671988263494,3621.06836069564,1,1
820,-0.5,-0.687343667880321,2.3164753217915,0.749898934050254,1.10271181790676,1.74326019280704,0.184017044750785,0.0482160381529175,0.0765791078888439,0.104877460612543,0.173632173431594,3596.83912740731,1,1
821,-0.5,-0.588521395823212,2.34580829097104,0.728535310620615,1.02923067324458,1.93575394506154,0.178209475669662,0.0474350236644014,0.0736112155582215,0.102696117552021,0.170196802196217,3608.44681452801,1,1
822,-0.5,-0.281755852254006,2.27315242285755,0.859883306111575,1.03524377788906,1.95020785489272,0.135863274639655,0.0460256175165181,0.0706348522249201,0.10580381221268,0.176797409078353,3611.45058970231,1,1
823,-0.5,-0.66086362454269,2.35294660985191,0.721810624209687,0.992721306767947,1.83831972623879,0.196038188645153,0.0467198720929003,0.0732981774726231,0.107203748887844,0.186866466761488,3587.53814493336,1,1
824,-0.5,-0.402567558741383,2.27829711278352,0.843766405148592,0.98295202339555,2.05862580521409,0.143922174489983,0.0484673805671323,0.0762475750012253,0.10791812241501,0.180262581615692,3604.34989210335,1,1
825,-0.5,-0.560688049734915,2.27304139497861,0.858074674723048,0.86546935026675,2.3090764500909,0.152535354959365,0.0484852759872676,0.0744278837065562,0.108108445970772,0.180634286698762,3592.30542238905,1,1
826,-0.5,-0.492981187596544,2.33075401094147,0.794706540686178,1.10539227494529,1.93621741578053,0.150721571999779,0.0479837903031655,0.0757992894234226,0.105538491202764,0.181363058975704,3624.36897566607,1,1
827,-0.5,-0.524347438387858,2.27486571291058,0.859148306726838,1.03090487831968,2.03119123786736,0.149572633014992,0.0494096584488623,0.0768016141568029,0.100042660299579,0.16938924357491,3591.89769327317,1,1
828,-0.5,-0.356464608744636,2.25760648879926,0.848052070234254,0.916014317380024,2.09656712321299,0.14424222780541,0.0471711095022488,0.0722045952054923,0.107989659201125,0.182098742183836,3580.09340837699,1,1
829,-0.5,-0.341080508507596,2.33884465945945,0.765727299703796,1.07084766073915,2.09707988202619,0.124062306708215,0.0467316375019566,0.0736198217917512,0.106071343350297,0.180819761678562,3603.63175013171,1,1
830,-0.5,-0.33313367993378,2.27333715979631,0.868194518914571,1.11086154914724,1.96680206935353,0.126088713997624,0.0490706124586949,0.0778281704365182,0.106450819011978,0.175701164521563,3621.83987634705,1,1
831,-0.5,-0.418394757819443,2.28753607007227,0.860377452226963,1.04518378664656,2.01288824836572,0.144363210669632,0.0489462159613024,0.0763653159010583,0.107427292019706,0.178031176554159,3620.53660009524,1,1
832,-0.5,-0.503521738292222,2.30488659380847,0.750926489463828,0.959631752741822,2.00839421688184,0.162403895919112,0.0469964676303825,0.074294544055344,0.105355674394502,0.184642469830229,3557.77268725263,1,1
833,-0.5,-0.783408239393626,2.33070115616835,0.796041160720703,1.03286625320411,1.82739207305649,0.209792717231984,0.0463420848992002,0.0722425418883295,0.104514077781943,0.173293555456537,3613.13461395049,1,1
834,-0.5,-0.340805470178547,2.28393086121441,0.857169660199973,0.991853864927212,1.99463038948807,0.142110978027875,0.0482816022553735,0.0747308485266666,0.108529845165907,0.185498306422806,3599.1237488102,1,1
835,-0.5,-0.474764565917304,2.24999197114227,0.847191303033077,1.19121176226915,1.56712961620537,0.161559010649617,0.0496605446458076,0.0766145251940384,0.1045487211932,0.174035490103782,3601.07979111738,1,1
836,-0.5,-0.619858638121097,2.21179754425416,0.9082299482853,0.985422408531347,1.86467050822978,0.177781419981355,0.0482352033628958,0.0738352542663048,0.10941459129924,0.175298347804182,3579.99775087606,1,1
837,-0.5,-0.594740746585009,2.26672760954896,0.841402481658151,0.874580982813061,2.07339375302368,0.170628008988467,0.045001430695231,0.0703614140604367,0.108402155258955,0.180247358268601,3560.85037648928,1,1
838,-0.5,-0.354749255592143,2.27929701418119,0.823830943391426,1.04437077821509,2.00290121597495,0.139119949589019,0.0481183457586825,0.0758567715296188,0.104655729228037,0.176722419312178,3599.43807227155,1,1
839,-0.5,-0.389713601508758,2.29273942438926,0.842072380821743,0.980017293703207,2.19968518585866,0.133749943742275,0.0502598186606347,0.0778785635628638,0.110458050986824,0.181762542440475,3630.08853726247,1,1
840,-0.5,-0.581855903134038,2.27088315907005,0.84001976748023,1.16006871364025,1.77029758211145,0.168405859647042,0.0484571650795675,0.0765181725536692,0.104857730257538,0.171645527839519,3613.16613393987,1,1
841,-0.5,-0.711847350805606,2.27488427797868,0.823450739568522,1.00107113324728,1.85044172163406,0.188000227507736,0.0477069865061915,0.075360839373991,0.105165837896996,0.175781484459948,3571.44516386981,1,1
842,-0.5,-0.368344044637121,2.35357470553296,0.701772563110537,0.702376920777775,2.56313739371423,0.127746180896908,0.0455762311341143,0.0712408043133014,0.111057694005146,0.186339721785145,3570.21706552725,1,1
843,-0.5,-0.39728693778399,2.31427227183243,0.748324502254956,0.982021815033292,2.09923994169604,0.142880304870313,0.0477647528129349,0.0760794422870165,0.109227566779729,0.176427462046057,3596.74499857612,1,1
844,-0.5,-0.831949818062575,2.27278952819742,0.887676974507215,0.914438590873074,1.89655138313143,0.229106771012334,0.0459773024209543,0.0715094293772069,0.107933732235792,0.172809952477068,3602.45146233681,1,1
845,-0.5,-0.637564013362512,2.29772865766106,0.756508704331354,1.03213796419056,1.82019170068806,0.18294087667914,0.0476690860218167,0.074539181972669,0.108335048388157,0.180818263270453,3583.1596204633,1,1
846,-0.5,-0.581585086052373,2.2772004250675,0.82385336001963,1.11025988588843,1.82651313449564,0.156735256825724,0.0485418820543885,0.074003447903436,0.102653295860379,0.171749072299765,3603.31393885903,1,1
847,-0.5,-0.631055863238558,2.3883588484627,0.587548945568509,1.1936870310618,1.76505127502953,0.175670988236184,0.0475224565669409,0.0790877338087473,0.100439956543857,0.177000501826378,3577.07282664667,1,1
848,-0.5,-0.235067841921527,2.2452941624882,0.850405428355668,0.966540657310763,2.01726333177229,0.128853310031236,0.0478606545671349,0.0743122992737058,0.107736682883584,0.1781188066551,3574.05671132225,1,1
849,-0.5,-0.502691408495013,2.29029607555682,0.835306574203265,1.24977219287137,1.65034637606254,0.160746851128581,0.0507226781380768,0.0762511114574047,0.1040133362197,0.174676042418811,3632.76790981354,1,1
850,-0.5,-0.428705332926051,2.39846824839559,0.714646499965434,1.12193505661862,1.8793158795557,0.161009691995508,0.0451294097615279,0.0707406791186692,0.104708691553057,0.177220206412541,3655.76233488519,1,1
851,-0.5,-0.44341564047742,2.35153847737008,0.755597996659444,1.15310038086195,1.84754631984924,0.141494361442024,0.0473676463422742,0.0746987617948201,0.10377421281204,0.173590862150113,3629.79292182281,1,1
852,-0.5,-0.280616378211396,2.3682402660966,0.66423818119644,0.889241933715279,2.31075959789309,0.123191531917148,0.0471721567691266,0.0742078013459511,0.111178654789313,0.1880588409862,3594.57945136214,1,1
853,-0.5,-0.579697245022216,2.27836671200545,0.794965654805614,1.01141940800977,1.83295967405068,0.173573750176914,0.0484862524933426,0.0754145726106598,0.108618587703317,0.176382929825288,3586.52021052079,1,1
854,-0.5,-0.935790268865532,2.31609229579591,0.839307601198123,0.892474333275261,2.10078312668336,0.202075738778811,0.0484566361684446,0.0752515161648009,0.106699522154622,0.175899232905656,3601.0669735538,1,1
855,-0.5,-0.596748202319367,2.26404179236329,0.798693859890039,1.02166398563171,1.95661137237442,0.165821443917098,0.0489316353280392,0.0756423483421342,0.106971768610168,0.177566785319052,3576.46821238182,1,1
856,-0.5,-0.351161320333409,2.27627207924759,0.839320146409731,0.876079197556694,2.12510381276594,0.142825180938062,0.0468583805568312,0.0732473395188305,0.113942082672045,0.181132314664208,3610.40503010393,1,1
857,-0.5,-0.684206846373453,2.22987095740975,0.922235706108739,1.02167517421549,1.84375487468746,0.183761973144641,0.0469015217842596,0.0742064733038938,0.103948137329776,0.174539745567185,3570.2806663532,1,1
858,-0.5,-0.61973549196845,2.29551706318919,0.794773335662709,1.11127728846325,1.82856521652432,0.172634224103843,0.0492652173482139,0.0779112829980027,0.102388714380687,0.169744798883268,3599.35364062592,1,1
859,-0.5,-0.371637952145749,2.37676487354444,0.682225513697156,0.852167242439848,2.35325281336373,0.126980885018504,0.0448931909902424,0.0719866237498694,0.108144470283336,0.179242117139641,3578.71140303383,1,1
860,-0.5,-0.550797095990069,2.26130317870644,0.807466440041871,0.83647524288551,2.24331850704786,0.155044947439455,0.045624104487659,0.0718942100243616,0.109085016174022,0.184394719032913,3546.05088566779,1,1
861,-0.5,-0.659118716498526,2.34468393984948,0.745424887302465,0.834169371540521,2.2029165760706,0.178900182920726,0.0468591163777448,0.0717032518241647,0.111565510354251,0.178942451388266,3611.9153758148,1,1
862,-0.5,-0.644163000581176,2.23225787599942,0.879585576562661,1.05087795255443,1.79925126581475,0.171150664777265,0.0474715509911571,0.0736409801365479,0.105099235768799,0.172500889638884,3577.18597151465,1,1
863,-0.5,-0.71287943048946,2.33812649331385,0.769814460944102,1.00313766960413,2.01101756425447,0.185715049713193,0.047916595593238,0.0748644409185103,0.103870079775919,0.172893052225728,3611.96512014297,1,1
864,-0.5,-0.562787417657934,2.2963990626428,0.827875142090824,1.02051005242248,1.92872093674864,0.170580878190846,0.047287360153682,0.0736427612196678,0.105681793790974,0.175749541503746,3611.13720010606,1,1
865,-0.5,-0.532933885832383,2.34599384732487,0.653469139509957,1.02898359194032,1.85919347953641,0.175250908890377,0.0471750491014048,0.073869390993177,0.104471658536958,0.176383252931476,3579.01703220222,1,1
866,-0.5,-0.678312900201321,2.31096776823366,0.837790101935964,1.05603060872083,1.75452390728672,0.189382642109416,0.045688085202856,0.0732547629946955,0.104047000939684,0.168882134343112,3620.18723486041,1,1
867,-0.5,-0.377055128079042,2.34406426320137,0.699864921529924,0.948606730559799,2.18079915359758,0.12881557108766,0.0473918474091374,0.0744711111281048,0.107366159120065,0.177432369383518,3595.09953042887,1,1
868,-0.5,-0.401627395380415,2.31985283547541,0.769527325114415,0.867878079184099,2.13448204429342,0.146168552783663,0.0463536923331161,0.0704801809147065,0.107948062789471,0.182699449469597,3570.41333806896,1,1
869,-0.5,-0.655190320621057,2.30503696914411,0.723435778307451,0.978712887591339,2.00041928471724,0.163127931245098,0.0476481204054404,0.0737985663366552,0.106105430009641,0.172998547122739,3576.4081794566,1,1
870,-0.5,-0.399681615896481,2.34416412844279,0.708635818882485,1.0192987796421,1.95716126295397,0.148166648329373,0.0459827557541495,0.0720313140586145,0.103381799950706,0.174661999459247,3594.36894285729,1,1
871,-0.5,-0.586072287118832,2.26090869527201,0.830905566719562,1.03350747466957,1.94405211182397,0.174238523366655,0.0476694376473962,0.0750794054663258,0.102867222491546,0.17797309321193,3560.01367585176,1,1
872,-0.5,-0.408442112756691,2.29375804912283,0.831621187219643,0.724981964694929,2.37382048105812,0.158625861281501,0.0439826460333584,0.0689639665172862,0.111691381041643,0.183021874252987,3578.80541746598,2,1
873,-0.5,-0.321053089906477,2.31030397938833,0.838394469450495,1.03141569446021,2.04379990666988,0.129127622309312,0.0468051512429002,0.073037898370871,0.107283880554096,0.180020367802472,3611.32890480078,1,1
874,-0.5,-0.666826128869788,2.25610725309968,0.817286062261399,0.930944480204149,2.09370488820087,0.16384989855466,0.0481541869589558,0.0740641716617685,0.105537782227344,0.178620675148821,3524.96454487608,1,1
875,-0.5,-0.498501523543384,2.21981297219864,0.87341704310518,0.975141983303837,2.15216237425833,0.14896093034305,0.0508899673553532,0.076230062003293,0.105717745183676,0.172677965654459,3583.78509872492,1,1
876,-0.5,-0.587141397768708,2.34388185646166,0.788777427841516,1.11712612223671,1.71010073534294,0.177701494633379,0.047490350981701,0.0752212531889875,0.105380215634012,0.175010487542246,3629.95967080016,1,1
877,-0.5,-0.34929799839884,2.25426764945354,0.826704025886901,1.16419816548661,1.75118599798339,0.145579108676925,0.0501937983583232,0.0769370384715529,0.107365647904732,0.179430975407288,3604.5263297018,1,1
878,-0.5,-0.702679192139141,2.29272713445142,0.847941005716126,0.925381183859047,2.04934646902536,0.18317653827174,0.0466430899214484,0.0722706316857514,0.106745316665616,0.180093351754106,3593.61094011097,1,1
879,-0.5,-0.390230358698063,2.32802767646338,0.781913890407541,1.1067560259192,1.86745462090677,0.139800542290186,0.0473848054884499,0.0728917633694786,0.104075668882546,0.170091429036606,3638.35570215901,1,1
880,-0.5,-0.699815539332975,2.32400972887842,0.728721230837929,0.853861564991872,2.07223672386483,0.1890297921876,0.0462768890463602,0.0718906791742238,0.112082518527003,0.184284604109685,3578.37992578037,1,1
881,-0.5,-0.29882514618433,2.31695234989626,0.769568788452831,1.00509793334874,2.21955260240509,0.120211472757117,0.0491658391191671,0.0778436628105561,0.106067068568798,0.182738034658668,3590.3665205713,1,1
882,-0.5,-0.533444817902533,2.27948608575492,0.875335485162962,1.11345460334392,1.74485583182379,0.170908017391301,0.047427222349965,0.0735135126150226,0.106339227741276,0.182529684669485,3613.34251070812,1,1
883,-0.5,-0.749592184325922,2.24008990153311,0.855206526868162,0.970985219476918,1.94950996420942,0.178221175048937,0.0482710915211811,0.0754702902889641,0.107787734205485,0.172873458554223,3570.21258425661,1,1
884,-0.5,-0.622998654318801,2.28668155808399,0.814942305463082,0.981701941867847,2.03782518996814,0.165114696007782,0.0488829746615118,0.0768060061839974,0.106389225095368,0.172677700479827,3606.5595224171,1,1
885,-0.5,-0.310409936947706,2.3075948189722,0.757587636757861,0.826043383775412,2.29874042722242,0.125947183648747,0.0458846612887326,0.0726498185106433,0.11115509725599,0.18726910286895,3561.04194538551,1,1
886,-0.5,-0.32638108696923,2.27186776242832,0.854921650077041,0.833421287329854,2.2534695191727,0.128709004169219,0.0451747612635505,0.0702166857155541,0.111918413028514,0.188077586776319,3560.7971623523,1,1
887,-0.5,-0.077522316030892,2.25963468023253,0.805416433535739,1.03035403707741,2.03906163349052,0.104384395798794,0.0472190552237239,0.0749578221639454,0.111135841477223,0.186934789585707,3582.41864079008,1,1
888,-0.5,-0.433753346296526,2.2799672846283,0.854789726615215,0.931678344855424,2.14134823191135,0.146501996533942,0.0473152859850068,0.0731220009760537,0.109612831272262,0.181292243737667,3620.22239156507,1,1
889,-0.5,-0.428655475153989,2.40361439825621,0.660662974050626,1.21519070472127,1.70681408331883,0.147549043605899,0.048002361409754,0.0753799741073564,0.105554372023979,0.173005012034813,3659.40711041494,1,1
890,-0.5,-0.652785416522206,2.28072148403092,0.865181990113014,1.14750354236007,1.68270514574883,0.178816722615945,0.0476629087082489,0.0737421768300679,0.104278271790223,0.169215633482615,3632.2854104042,1,1
891,-0.5,-0.413751503278071,2.27443777542848,0.860830552377321,0.869201809044902,2.07078866232393,0.148367620565663,0.0460628700683841,0.0736855186441608,0.113815457271918,0.187401568869152,3595.58827417337,1,1
892,-0.5,-0.442547636368827,2.3140929474478,0.819128644178256,0.952401668967456,2.05731510249736,0.156442513281984,0.0457140037875473,0.073149276059822,0.109253255472092,0.183718323441687,3610.63429037329,1,1
893,-0.5,-0.441162627062751,2.30368381189252,0.78377208262902,1.00298529697628,2.03211982860422,0.134803145192131,0.047774598058417,0.0744472856517049,0.10678256785789,0.177419284945675,3591.54045056772,1,1
894,-0.5,-0.211179510043379,2.39331558839798,0.707433130932451,1.29348283625249,1.7266469967775,0.124228042772955,0.049223406017708,0.0774166987894798,0.100396543952873,0.171612053674047,3657.64291533805,1,1
895,-0.5,-0.451611872686047,2.270403376325,0.814029313393925,1.10359857020548,1.87914311870048,0.145203448596208,0.0479292811780531,0.0755558637781153,0.102533328998164,0.177090958206579,3570.40946340876,1,1
896,-0.5,-0.473293914980122,2.34921590031453,0.721406850913013,0.764062946039631,2.40497048690933,0.151795793117887,0.045860454761234,0.0711454518282412,0.110664371673414,0.183502202349805,3584.60602482687,1,1
897,-0.5,-0.559049776932147,2.34200605589232,0.735691204820354,0.951293166358372,1.99242581848244,0.179928571229746,0.0467831379130661,0.0741118033591562,0.106238525102662,0.174338690216818,3603.03972827179,1,1
898,-0.5,-0.306781177936838,2.28810989679268,0.750229019856902,0.949849661913367,2.16195632607872,0.136082630625483,0.0477095140626549,0.0754100884609835,0.110498622598872,0.192383751945807,3557.81252396019,1,1
899,-0.5,-0.525662199309533,2.39311762535184,0.67950146304464,0.94831611454596,2.18608302440979,0.157590257136867,0.046715566933325,0.0728252025972945,0.107200845550336,0.185883059591611,3592.51694673604,1,1
900,-0.5,-0.582222753827579,2.29093628600368,0.785027909172931,0.92511858536632,1.98211261895009,0.183595174742581,0.0454436212868106,0.0717469950435326,0.106601863624787,0.171342179831934,3588.13587251328,1,1
901,-0.5,-0.385098590493763,2.32675872083949,0.813258725952854,0.809238488063866,2.27867873244766,0.143512761339081,0.045289038130027,0.0701800974939996,0.110591262114366,0.177763437058197,3615.25447684902,1,1
902,-0.5,-0.748144025144318,2.26862363278227,0.813790565187122,1.09712125158405,1.87469470888973,0.180994944026384,0.0484531059572981,0.0752800621951814,0.101372059645271,0.175166166451909,3549.60015859239,1,1
903,-0.5,-0.372520354410529,2.31592138372239,0.779949462407531,1.14790245785255,1.84748654546957,0.136191960079786,0.049118565388556,0.07633364237947,0.105698600989992,0.173800833913977,3641.46375765824,1,1
904,-0.5,-0.356217464763879,2.34779189191898,0.778650192461115,1.07813622276202,1.95469142749899,0.132432363897691,0.0462056589788058,0.0749849499310557,0.108048757713344,0.183121814237434,3624.41463917119,1,1
905,-0.5,-0.62985737368915,2.201502897137,0.963080548039547,0.981526678530147,1.90928670379427,0.178793195358306,0.047228949903266,0.0727384443249325,0.107783456159959,0.181383411506507,3565.46450021297,1,1
906,-0.5,-0.445197533746108,2.27413805146863,0.824895767921629,0.981595800172231,2.21307525478842,0.134323251119038,0.0498977336903969,0.0758703797104869,0.103025568868332,0.174167660135712,3572.65499441464,1,1
907,-0.5,-0.582382640919643,2.28097976006373,0.832478235400719,1.05174188910256,1.88332568179648,0.158638541603787,0.0486598511447768,0.0756399607730893,0.106642305809332,0.172274804291391,3595.97544006133,1,1
908,-0.5,-0.579540413851346,2.34050365555245,0.757642970737849,0.813729912943464,2.29448210922546,0.164460925269221,0.0457646689731382,0.0712909648158412,0.110688863149712,0.184260870857452,3597.0389844694,1,1
909,-0.5,-0.227065372324039,2.20425142015308,0.962018800903683,0.955847665651891,2.11106096604145,0.122929067673115,0.0490985502000817,0.0773066502256057,0.109639204426771,0.18836421606426,3554.61142647675,1,1
910,-0.5,-0.315853014294416,2.2647143373401,0.865920826432777,0.913065462998337,2.24363894647184,0.128019162073475,0.048642188055684,0.0742230468958319,0.111771919559874,0.19131173468846,3579.18473458333,1,1
911,-0.5,-0.577417751028959,2.2573228435539,0.837986843117485,0.99126109235263,1.96011969615272,0.157805848527776,0.0482628549619602,0.0745661179992749,0.108891711022875,0.180620643497237,3594.05414556815,1,1
912,-0.5,-0.559802483783575,2.25694706005861,0.914221519952157,1.11354059248973,1.83829942091692,0.154352051370108,0.0478205731380468,0.0741278305660785,0.100778737194213,0.16945015146633,3601.46112160936,1,1
913,-0.5,-0.15772486329053,2.22738844909443,0.917706239366347,0.995143421516825,2.0845332749385,0.111477214840424,0.0480643906686322,0.0736155198516719,0.110910241819974,0.177397772335401,3629.39891959002,1,1
914,-0.5,-0.43647388301168,2.31771727738231,0.836878448031755,1.01530420886113,2.00597830255748,0.139005019656766,0.0479576938325904,0.0737193196736266,0.106704894008674,0.176965631714446,3642.3427179321,1,1
915,-0.5,-0.761556613916485,2.32021429027219,0.78542254052511,0.831448611605923,2.09965600662203,0.204555431641542,0.0445767154536724,0.0709423344686211,0.108621116056897,0.1826978046189,3571.70547104943,1,1
916,-0.5,-0.500756609957418,2.31708101311527,0.788050477632506,1.00171996018604,1.99755858490094,0.154109936552168,0.0465571825247575,0.073994940371589,0.102747674906884,0.177852583481357,3590.99647333299,1,1
917,-0.5,-0.244716907809405,2.31007189291474,0.710397884753095,0.887798980971134,2.22888359482176,0.125929017107035,0.0473073088331861,0.0748576134588369,0.112018789364922,0.17958093197498,3586.63058839829,1,1
918,-0.5,-0.363240377761343,2.33042820885137,0.799872258426533,0.98576791707325,2.0034814937556,0.147595910376978,0.0479754072093276,0.0732223666474444,0.112430503229162,0.180829347682652,3663.95074822652,1,1
919,-0.5,-0.542041161700717,2.33492747728339,0.748227048484847,0.899078863362704,2.09055773214858,0.173025640355353,0.0467897917431658,0.072570115779671,0.105325848705931,0.16970958110359,3604.73409965787,1,1
920,-0.5,-0.385378331894588,2.31811403779813,0.756541061303879,1.06705651230018,1.8485406875861,0.143520223349841,0.0460531781543349,0.0715885018218007,0.108458100540572,0.176968851218875,3621.52451748761,1,1
921,-0.5,-0.365859054791296,2.33053228879909,0.697205762161269,1.05486809504931,1.97383879308438,0.138896176287376,0.0471135579406951,0.0740175563883594,0.104520563812452,0.16748488796684,3598.52975870853,1,1
922,-0.5,-0.683031896166747,2.26695522442515,0.868499567470081,0.860090088055189,2.14076836034559,0.192923060646697,0.0470124820636157,0.0743976004480756,0.109940881126199,0.174468434883244,3585.92435999761,1,1
923,-0.5,-0.581035788975637,2.23955606359864,0.914471865044034,0.909746389814254,2.05703330075331,0.161240732528807,0.0468484656125373,0.0739368758465635,0.109479975818218,0.176441710298449,3571.98001660488,1,1
924,-0.5,-0.737845730407893,2.32812592553227,0.745056312876198,1.04082479620331,1.83838329057405,0.189688937537896,0.0463589890378895,0.0724193986633475,0.104663166069363,0.171760144571812,3602.11609543808,1,1
925,-0.5,-0.636690797010437,2.29368331881048,0.851447538990299,1.02022720264844,2.0039502667456,0.178356442406996,0.0473843614163562,0.0751945183079401,0.10311595084407,0.168317302633235,3616.61388865116,1,1
926,-0.5,-0.272345023272363,2.2864842658376,0.820168154934729,1.06620682763077,2.02352307607287,0.117948102111403,0.0484611374343051,0.0737321969515575,0.108457491380637,0.181360911833952,3618.12746573825,1,1
927,-0.5,-0.632295744948854,2.40258662699783,0.665119322955657,1.05047234558066,1.83659503598221,0.169904277579356,0.0473927009239795,0.0750351932031302,0.107214853058863,0.175304749130857,3627.78756296475,1,1
928,-0.5,-0.291002577957947,2.36806844379403,0.723439665201271,0.981749510770047,2.10575978129039,0.129219297855613,0.0456233150680534,0.0705994372943569,0.108719428520121,0.186876698607093,3629.44658263185,1,1
929,-0.5,-0.594263766128023,2.32234346108796,0.708880215857996,1.06988159153416,1.88572033587212,0.163906027517942,0.0474645970841902,0.0759418672999194,0.105644513814431,0.175630512495909,3574.80748366892,1,1
930,-0.5,-0.592394632651627,2.32222475196904,0.836400284568505,1.09222945843764,1.81416827380031,0.161665958241111,0.049208682313874,0.0753436919700074,0.104864216259274,0.171170897525187,3648.63665985213,1,1
931,-0.5,-0.251149684834394,2.22182004245739,0.917313476000795,0.81692482623697,2.32716352241471,0.118341468917189,0.0466969287337057,0.0706750534802626,0.112357954286155,0.189193717024694,3585.37532118645,1,1
932,-0.5,-0.873085956391143,2.34456613475388,0.699888994275541,0.986850886737074,1.88705690645725,0.220771351575095,0.0465487129956449,0.0738189732215535,0.104186181640375,0.174068755288701,3584.45939121834,1,1
933,-0.5,-0.495384236720585,2.25946332347053,0.81792818092615,1.08757235172212,1.85342166198438,0.148189078655585,0.048069979635158,0.0759947282437694,0.105734083385197,0.170907434762541,3596.54324819924,1,1
934,-0.5,-0.542409587150721,2.22645105640339,0.885316973898247,1.09909698172358,1.81906172202695,0.169745561893774,0.0486752774258206,0.0756206755635449,0.102503634908221,0.173218130496555,3566.10216789444,1,1
935,-0.5,-0.409060144994097,2.35266344521946,0.730595162531535,0.909812186149869,2.12771287336805,0.141320494799528,0.0454618747978306,0.0711634865279417,0.108128412631879,0.178575282491028,3598.36440098853,1,1
936,-0.5,-0.603910230376691,2.21712506730539,0.891631015812149,0.985972772793804,1.94474947969094,0.171035942396542,0.0499002690158712,0.0754981348370447,0.109464980605304,0.182551667196196,3560.02110000987,1,1
937,-0.5,-0.643214215819013,2.3249431703866,0.795752138020388,0.978898329910481,1.9975932551351,0.164616283316747,0.0470233255996496,0.0712199390047018,0.103641336377967,0.169404599035613,3598.53260762066,1,1
938,-0.5,-0.381012536949419,2.39607448361057,0.658632354637425,0.917831278151914,2.08759383534121,0.144769606950057,0.0468327182338762,0.0743554508660705,0.108822699323896,0.184377151473729,3611.07944277088,1,1
939,-0.5,-0.406183081364651,2.22767348783064,0.979310279610567,1.12914412272351,1.89168672112486,0.140602344578201,0.0500927915812897,0.0764526265114653,0.106715505292865,0.173503517103315,3646.33672872635,1,1
940,-0.5,-0.390649241173653,2.36631258674645,0.744222822057563,1.13478375674219,1.84656643690417,0.146712971006179,0.0468214712144631,0.0728707038401377,0.103422342991734,0.182370088133193,3628.69351083956,1,1
941,-0.5,-0.430067160478461,2.33445545796404,0.784947658132503,1.00730115974227,2.1313279375073,0.139697929122076,0.0474941703954013,0.0739453026899921,0.104145293479229,0.173512973835808,3627.65937568086,1,1
942,-0.5,-0.705508351734912,2.27630500573846,0.874390032060679,1.0394755930926,1.9861824984678,0.17423780486834,0.0487332315150249,0.0775764964369307,0.104691436492655,0.175634673394497,3580.23005329008,1,1
943,-0.5,-0.64075103006159,2.27061628876899,0.79453782770492,0.796996866226238,2.23698163442651,0.18037529443772,0.0461945084056114,0.0713706249741881,0.108534353550536,0.177796702536455,3560.12484261504,1,1
944,-0.5,-0.284266622925956,2.39749685073931,0.680027018931966,1.03854049289328,1.8476797072023,0.13141475029063,0.0451254437119963,0.0714598023750882,0.110383418153082,0.17951619920362,3642.95778806961,1,1
945,-0.5,-0.571988269347006,2.3299673956268,0.793835630937871,0.905213939688414,2.20407735338573,0.162507172449939,0.0469875383743344,0.0733148846740272,0.106980153772089,0.176647604672718,3604.79400523148,1,1
946,-0.5,-0.305439817453454,2.33527975493859,0.77287848854031,0.903025210681818,2.32329330384136,0.113603943527506,0.0472959160492323,0.0735021686879894,0.110432746083632,0.178520067525856,3617.83545933388,1,1
947,-0.5,-0.709697088823347,2.33876682092313,0.737098702857672,1.04369388780771,1.92551208424803,0.186034699582684,0.0470871801079993,0.0743635413475137,0.103799337326895,0.173543413470108,3599.058656284,1,1
948,-0.5,-0.493318759520619,2.29199184990038,0.79560209761399,1.14099745765686,1.75444570839401,0.154398894595877,0.0483564169073213,0.0757949496248236,0.104222439041707,0.178729861913793,3598.73812934326,1,1
949,-0.5,-0.638571157333851,2.30719107575716,0.812173182000886,0.991555359004102,2.03222594138733,0.163164104897566,0.0489848739820541,0.0762344294246858,0.107892297874167,0.172260690686318,3617.6219763765,1,1
950,-0.5,-0.266057034045203,2.38774025234315,0.745316526606808,0.989393981538796,2.0869776900256,0.121254346844821,0.046392308756278,0.0713959172900253,0.107794738397876,0.179109377688129,3656.32500499095,1,1
951,-0.5,-0.496781955288361,2.26850761502255,0.899781787787849,1.21473906348949,1.81853842041896,0.145292343845944,0.0499518531885719,0.0778286589807936,0.103468629977136,0.170359337892845,3646.84400024325,1,1
952,-0.5,-0.329187953676221,2.32048514564008,0.762638721567105,0.82526497743212,2.32502581535768,0.12434274487385,0.0454769798648589,0.0720746013445105,0.109815393270371,0.182266404365204,3582.80136414372,1,1
953,-0.5,-0.501301460097031,2.279040753333,0.741143088833042,0.933223663586718,2.0584178893874,0.149188588786756,0.0481173334161594,0.0756779067738756,0.107484042370243,0.176685229171098,3557.45487375628,1,1
954,-0.5,-0.245085731064096,2.27923373932256,0.823952642260186,1.05166036130669,1.8999300289751,0.129033315167753,0.0480374434348148,0.073510561152152,0.110392143097677,0.183403637852218,3615.19899612087,1,1
955,-0.5,-0.428619713738781,2.36940324513413,0.732583406574153,0.866350366903574,2.29955952303527,0.137651502994357,0.0454263739937792,0.0730636200414476,0.107347855510089,0.175500507805967,3624.24186643516,1,1
956,-0.5,-0.46178913760288,2.24874614473597,0.796689664618942,0.964151235329421,1.87117776960863,0.160040862994211,0.0476985457605524,0.0754563670998726,0.109311011633115,0.180027528185663,3543.0860408947,1,1
957,-0.5,-0.562338349397123,2.34730868305875,0.7917379848745,0.859618583875049,2.29174676863484,0.159315693653925,0.0446492885750034,0.0717317251189638,0.107929522522262,0.186423243241577,3589.63874104854,1,1
958,-0.5,-0.448522148244501,2.3361694877415,0.801012618483621,0.952709394677292,2.10207328465053,0.160322598759951,0.046010735495213,0.0714095878856696,0.105808385478236,0.178496517070207,3629.77500207094,1,1
959,-0.5,-0.390156397653242,2.20988854606652,0.920251775727309,0.866706165715153,2.16353770487787,0.143865411739541,0.0478430347322346,0.0737100653775052,0.110226057607508,0.18337180767677,3561.69542979583,1,1
960,-0.5,-0.521820703830498,2.24472026436094,0.803236425335015,1.00901103653169,1.82493376389436,0.171807611615099,0.0459934370274379,0.0718264371984191,0.104403782078388,0.177571304027105,3531.79498307341,1,1
961,-0.5,-0.225593645046185,2.29466808247097,0.798479481155082,0.989586340023918,2.23154747501274,0.111616320875925,0.0478023725057989,0.0768603844036953,0.110025196278773,0.183046749158792,3580.91807067004,1,1
962,-0.5,-0.433976496364849,2.33395715033357,0.813567467249864,1.03619870538375,2.07996979705434,0.141635585687904,0.049441465677505,0.077907550857922,0.105996535358132,0.178827235920082,3620.17405450422,1,1
963,-0.5,-0.527719136706834,2.35547124147329,0.688504010569491,0.993484180757524,1.9862798310483,0.156121027400341,0.0447525290077595,0.0728779436866836,0.107063035291978,0.176584607756391,3591.06804591968,1,1
964,-0.5,-0.395961938438646,2.38412854708214,0.624417543591685,0.981512703606696,2.11962081971369,0.13764707399406,0.047328703561399,0.0747205698198712,0.106951974033792,0.182119294038605,3592.00857585224,1,1
965,-0.5,-0.560991851850351,2.39356802065054,0.654731909902981,0.789440735025479,2.45809684800751,0.152465296486702,0.0446739227388464,0.0712092217064794,0.108306925583503,0.187573389495896,3558.6515324576,1,1
966,-0.5,-0.673926667837064,2.33438858584398,0.756045732709124,0.943256353587355,2.04906173509825,0.176043371040322,0.0462534999015056,0.0741826878759243,0.106372270239871,0.176149494780376,3585.1860760118,1,1
967,-0.5,-0.289413505161892,2.25910890179361,0.845582890195223,0.967708613108671,2.08103851511556,0.137124762721073,0.0476618865017221,0.0746470250598431,0.108455712317852,0.178821787933714,3593.28789353457,1,1
968,-0.5,-0.590582815571485,2.37191288112582,0.72152877513514,1.0491213443527,2.00026305555213,0.164675376789746,0.0470099355970236,0.0738399226149198,0.104073938916381,0.170141562247665,3626.27316752482,1,1
969,-0.5,-0.498502443231799,2.35170270759605,0.696780546660672,1.18622613321605,1.75061899051049,0.153724077880518,0.0489434407778637,0.0788965650124927,0.10264874860336,0.17368793179742,3617.37096290503,1,1
970,-0.5,-0.636994878456167,2.3418378552124,0.788499490350457,1.0918615233489,1.8638918342273,0.173581287190103,0.0472055083884739,0.0748230897498544,0.101206175169339,0.167658974605791,3617.23792087219,1,1
971,-0.5,-0.767181171012057,2.31718948657342,0.778413322727067,0.961495881982443,1.86845140786608,0.207077343669584,0.0449006562158823,0.0716666059635597,0.104424219859948,0.176058180964038,3573.22799152895,1,1
972,-0.5,-0.519067650875483,2.35756161262654,0.791422648049715,1.04612757130043,1.86896778693005,0.162931878135369,0.0450362880249461,0.0721971227318179,0.105573402873678,0.174545538983011,3623.79254658683,1,1
973,-0.5,-0.528202283745223,2.27900577311213,0.818714675099356,0.960934133222844,1.94749787565718,0.165181977062379,0.0463164999027852,0.0732280476959426,0.109813528367148,0.179434852740377,3594.90237397296,1,1
974,-0.5,-0.579789821307289,2.28993096988511,0.812833755782156,1.08382085956541,1.8043175705961,0.167694596465586,0.0475510887285316,0.0744495005314241,0.1044234262209,0.176017963863541,3586.21995417255,1,1
975,-0.5,-0.605650665165979,2.34348400345144,0.755145462024116,0.905941997384512,2.13978710195118,0.16407950358182,0.0471220057059645,0.0731420976883248,0.10683757973766,0.173067132503375,3619.24839698601,1,1
976,-0.5,-0.635701257828105,2.23971725989092,0.921595391173375,0.9790483910005,1.99647253135776,0.174898245270347,0.0489460695336387,0.0765051757390107,0.108394049921625,0.176417129564414,3587.93453090605,1,1
977,-0.5,-0.511661035609954,2.28131005699624,0.832604185078123,1.07192404879936,1.83751424336415,0.156511323090596,0.0490343640466507,0.0760332793123773,0.102422113220644,0.174109562447361,3580.44676524992,1,1
978,-0.5,-0.602361989248564,2.32803101924438,0.697984269586969,0.95958185009779,2.03430130280196,0.170495629824183,0.0475608912959043,0.0747991831255703,0.105859150061511,0.17690087565584,3571.60568101284,1,1
979,-0.5,-0.493919994907322,2.26893419652201,0.879018943008287,0.976970950995478,2.0733362307887,0.148763634704333,0.0482038797229514,0.0753887110324774,0.10518273695618,0.182778941831297,3572.55410876241,1,1
980,-0.5,-0.442843815393096,2.3036269367249,0.768943217526623,0.950883626123834,2.14951546336882,0.147209812329819,0.0481760815049365,0.0757705768533222,0.107499467958389,0.182641331918665,3576.86071782319,1,1
981,-0.5,-0.365431434905998,2.36181480936519,0.711714600162069,0.929939191678409,2.15747321884543,0.135284829280352,0.0470172652289726,0.0734009647515223,0.10283615119825,0.174674119066776,3582.12043982932,1,1
982,-0.5,-0.547370705754523,2.2153272297735,0.9214117007164,1.02135548864278,1.91244277353857,0.159116593750321,0.0483429146496641,0.0719316159363098,0.106629772056936,0.179369669518638,3586.63173895132,1,1
983,-0.5,-0.529359953854414,2.34616866217597,0.70638697097935,1.06371701672549,1.87225391301362,0.159291388365229,0.0465587644437041,0.0754085138701065,0.104301494736433,0.176927486572429,3587.74186964846,1,1
984,-0.5,-0.713396740627677,2.24723582530596,0.860532019811217,1.04908328304945,1.75007858669649,0.18682936083142,0.049568488333791,0.0772570866054806,0.1075362188835,0.1768715170617,3562.06618456911,1,1
985,-0.5,-0.392835732073447,2.22275911576028,0.921243193303239,1.03941814081502,1.80159073069837,0.146264840754978,0.048614978661174,0.0751541465731854,0.108292827424821,0.179495375133752,3578.82062104345,1,1
986,-0.5,-1.00390627081367,2.32122769673224,0.762214841570215,1.10261559871547,1.61940478672407,0.243114949370854,0.0470317072480695,0.0741349823471339,0.100001891279002,0.168282918062258,3593.24884747672,1,1
987,-0.5,-0.524824552967283,2.21596929457033,0.925219014743507,1.04098940222309,1.87398307309302,0.158990483919588,0.0476363123120201,0.0737211135135426,0.103571138769393,0.174549761641131,3564.98027800943,1,1
988,-0.5,-0.740002051591649,2.29303095880745,0.776014109247261,1.00046167513297,1.9432806017686,0.188082838434378,0.0490993898182773,0.0760023999171661,0.104826927098484,0.172554070182016,3575.33600467546,1,1
989,-0.5,-0.486653027124247,2.23424599473555,0.925550442695133,1.20264842032284,1.64481706542337,0.163253926185368,0.0487990369573162,0.0779516666607036,0.105015045228492,0.172186108010221,3608.78023088317,1,1
990,-0.5,-0.641040622065027,2.27036211614241,0.80395903568987,0.863329262975401,2.14702292882437,0.189627153280206,0.0479552422329084,0.0731667111604514,0.105549551254927,0.171959743179063,3584.74363288722,1,1
991,-0.5,-0.671117847585535,2.32088000170005,0.766764901928702,1.11334056662085,1.78062836572553,0.185414877313319,0.04782247577088,0.0755430911377309,0.100859393798716,0.166944902188569,3613.01658213712,1,1
992,-0.5,-0.577197468959127,2.32491430317935,0.748868301431312,1.11462464015594,1.79049589408226,0.175000911997447,0.0482484251981104,0.0756905121175527,0.10638998379729,0.175526641513797,3606.15425793363,1,1
993,-0.5,-0.537503694637674,2.34356565083578,0.689931312984353,0.799232300276208,2.23699568914887,0.167320399302819,0.0456836431254435,0.07186202812543,0.114498864088446,0.179720373701864,3610.58297769223,1,1
994,-0.5,-0.255606981971569,2.3382929170143,0.707380039881208,1.0577140643346,1.93472358562117,0.127450488796912,0.0459079038888641,0.0730053139991935,0.109034638893044,0.173643760787726,3612.18413592638,1,1
995,-0.5,-0.657501457371505,2.33972361069185,0.782565036088281,0.949392235671261,1.98826907567909,0.196267310894066,0.0467982275978254,0.0715584534780761,0.103070708074557,0.173512695277334,3612.43059931788,1,1
996,-0.5,-0.28196763931873,2.26292046897385,0.919078494994239,1.20462749131004,1.81058390330238,0.125211110404986,0.0490330672605381,0.0773223615198898,0.106517696617239,0.174804273464274,3639.28074406569,1,1
997,-0.5,-0.452670553723122,2.31606938186688,0.766170461807423,0.983116736224157,2.15520422129029,0.143216763897637,0.049338076898119,0.0755510535104301,0.107226370827151,0.176334612394081,3624.87539071623,1,1
998,-0.5,-0.467644555438391,2.36119910169068,0.626125332247907,0.836131386462541,2.11978890460848,0.157238208643053,0.0456682236561171,0.0740349396918894,0.111429366523125,0.189351252345683,3538.95872425862,1,1
999,-0.5,-0.290521840769139,2.33525847063411,0.751128813590726,1.02243588411484,2.0821461130998,0.124860406053788,0.0467957422745363,0.0734512986491908,0.106461155861084,0.177410243618285,3613.71012149784,1,1
1000,-0.5,-0.58742608592387,2.30448661059309,0.796331066667729,0.991204739080563,2.04028081127695,0.162835863332884,0.0472587739226173,0.0745716560421848,0.103349498362158,0.179566776914647,3569.28979794965,1,1
1,0,0.0672995399642187,2.33195564066438,0.729464882089581,0.983277084948008,2.15856489733994,0.0933889845729358,0.0460229049516482,0.0709689598849604,0.110101815300789,0.194659916115022,3578.0293236702,1,1
2,0,0.0469191638490004,2.32625187245506,0.785649509872372,0.842731873815624,2.20511842716411,0.0936862578429816,0.0441405136549574,0.0680701270633204,0.116306251151806,0.193210125750281,3596.65374792194,1,1
3,0,-0.221218557272232,2.34391252381796,0.760338514986644,1.04689200403815,1.83940209340283,0.13182038720225,0.0466624703811397,0.0718107295886248,0.111672575990229,0.188226474716066,3631.79297740742,1,1
4,0,-0.0802263933732137,2.27683921550533,0.838127802093565,1.04661483018215,1.8464130490036,0.114045212753426,0.0456867844086323,0.0721454008919606,0.10965158559877,0.188277574918324,3576.14501418581,1,1
5,0,0.0025917583090332,2.33537514807018,0.759939029555337,0.969272743071654,2.0559075088499,0.0974618614041422,0.0460019325028823,0.0714274630426691,0.116176448280651,0.196314275840659,3609.36266726743,1,1
6,0,-0.0547068652931474,2.34739586748091,0.748424804453493,0.858414382204264,2.14578644337555,0.111016070062821,0.0437733162407323,0.0678798011526729,0.115346286249026,0.191122221208839,3609.28466253125,1,1
7,0,0.0471787945407277,2.15202713533316,1.04192630596271,1.12541444803261,1.87063303854764,0.0939714533430216,0.0492327096372586,0.0735284071125411,0.112633754369621,0.18428627371258,3608.09800012053,1,1
8,0,-0.0673014751649671,2.37379375074156,0.740347556306379,0.870622557200898,2.10506897295883,0.115634889339809,0.0438151757587145,0.068255018942328,0.115612898949619,0.189731896087939,3626.10771205665,1,1
9,0,-0.0654809367658983,2.40989131497903,0.659798494293524,1.0637062353909,1.8672470804843,0.112389902953029,0.0454554855044924,0.0710176576991844,0.110157999794838,0.191944040369864,3630.55373033024,1,1
10,0,-0.200574481698207,2.26696172889267,0.908956755430104,1.08456046779768,1.94117616991721,0.121488776538841,0.0485044489233902,0.073276820426768,0.110691034737073,0.182860449954945,3642.58919633988,1,1
11,0,0.100399698994764,2.31309956754222,0.742688642772367,0.770449755199515,2.34873612402256,0.0881027241875427,0.0452412449236022,0.0716914759603006,0.122015595169718,0.20323503501254,3566.67580386639,1,1
12,0,0.132936480591898,2.39098371568534,0.733723945889522,1.07697318797412,1.98934361762937,0.0836294392493366,0.0450347146656044,0.070505381666899,0.113661245631249,0.200075564618518,3639.70815769625,1,1
13,0,0.0484651403328619,2.31079938757137,0.814084362674573,1.14531829890666,1.87651416884295,0.091717466986536,0.0476899358747166,0.0722152521806889,0.112419416653131,0.192325189095161,3625.2595290049,1,1
14,0,0.291947624379327,2.29482819242719,0.839086928911562,1.00005331351936,2.4032102221288,0.0639447503564106,0.0449547595521249,0.0687672285092026,0.116765140757583,0.212435142129772,3576.7523235548,1,1
15,0,-0.126875550943988,2.37133037073999,0.733748571677867,1.11097628464573,1.63201761744428,0.126404614138281,0.0473362801037935,0.0722121938453815,0.114703776036529,0.192077189340538,3637.16206540347,1,1
16,0,-0.0103890149200219,2.27995745281965,0.881841883123244,0.861689417611894,2.23265427861214,0.10333608223588,0.0463322641628389,0.0707515252766081,0.115598471714725,0.198806770431102,3600.56946989708,1,1
17,0,0.000114791082659069,2.29830516420257,0.801036657032964,1.05831357159952,1.99141054917171,0.0982006566263778,0.047132236105975,0.0734124895113319,0.114996604596125,0.194205981634255,3607.01718680918,1,1
18,0,-0.252821453024007,2.31033835460982,0.789274572038068,0.956057504744045,1.94372625754279,0.140002025550108,0.0451843199073453,0.0702751687428206,0.109192530705964,0.180439161098742,3601.74011291849,1,1
19,0,0.0213606400358686,2.2427033092286,0.841821268369555,1.01173973832028,1.95085302578293,0.0940635400374857,0.0478497950934976,0.0726618882934274,0.113985919915321,0.197626986269262,3569.22237449363,1,1
20,0,0.0318117389994183,2.25036697270246,0.832565937230261,1.00342257338954,1.88023647718858,0.0985262727892312,0.0458858091418718,0.0700692871468982,0.110603242049811,0.191034558206548,3550.74210350296,1,1
21,0,-0.0979047023981424,2.29499426847151,0.821852420437757,0.91954401441111,1.94973403576089,0.116485364650913,0.0464291521235213,0.0708089881852739,0.116958769891579,0.186438764995432,3617.58551688154,1,1
22,0,-0.116858356685795,2.27814262261309,0.786725318422317,1.12889477614804,1.63939794569832,0.117286977677617,0.0466696840215354,0.0744630681961396,0.109441449830962,0.181429665104868,3570.98817993499,1,1
23,0,-0.0855042542876211,2.29450573853893,0.816647377271004,1.17962170949086,1.78683996055814,0.107893270020726,0.0479243783498291,0.0731541185596363,0.109269046895538,0.184573231030068,3618.05776380138,1,1
24,0,0.0774081010660969,2.2148690292612,0.941889158850405,0.823782680235683,2.36896232395316,0.0893419030584773,0.0467635205389006,0.0710325920294586,0.11654118145893,0.199491176541333,3560.56275220885,1,1
25,0,0.13826937247966,2.36109013258364,0.685860828180212,0.711496908490621,2.39950555529904,0.0850305143953386,0.0432466871875075,0.0665446045473271,0.122553119362441,0.208080379077281,3568.81846168751,1,1
26,0,0.146126003405231,2.32023561561136,0.721783237167895,1.05216498946242,2.10272386318929,0.0770784777857245,0.0466857332056906,0.0723099387940309,0.113340519850279,0.200347343018389,3572.35224900394,1,1
27,0,0.0890438521132852,2.26018782899058,0.872942204118811,0.892756519749814,2.26624711165525,0.0876754052659567,0.046522956758485,0.0694369653434104,0.116109559572689,0.195774029916437,3585.81047250733,1,1
28,0,0.079294289167961,2.27566195517376,0.778217373750731,0.865960580760919,2.18464187379435,0.0947879355285621,0.0445407911280675,0.0709887843302389,0.119107112578412,0.198090598452331,3555.38464332967,1,1
29,0,-0.0180307185638116,2.26198987854533,0.822641544344759,1.09186948096585,1.93465903235139,0.10102491035969,0.0471362118767576,0.0730842827507365,0.110452588860376,0.182997825921493,3585.11381170371,1,1
30,0,0.0283838245162702,2.29735820174385,0.790904025475891,1.01753597399868,1.95541179662763,0.0980169147305661,0.0439487203611581,0.0687294391735291,0.112123815044455,0.187924486365395,3586.82559646583,1,1
31,0,-0.0285210572461979,2.34021049792585,0.77333479119007,0.745720308943935,2.42901516143012,0.101322639820846,0.0447284247228333,0.0684758472208051,0.116640245933665,0.197663367791195,3601.83664067076,1,1
32,0,0.0250116150643248,2.24278992278997,0.826537505653048,0.793023994077196,2.38057156346911,0.100132794881388,0.0444268273997528,0.0702899898812452,0.117494104944525,0.209146518010607,3529.39698230063,1,1
33,0,-0.0921232476947114,2.28996786413101,0.855458220276336,1.12691333051581,1.78804057861497,0.113816147739725,0.0466248289503851,0.0728761907958875,0.112763276443722,0.18876296324587,3621.19110851208,1,1
34,0,0.015746965973248,2.25612653107277,0.86941448433248,0.911076816693469,2.14716791836262,0.0970394491484224,0.0466429793751493,0.0715909933606829,0.11712299991387,0.195075115400285,3595.80167871859,1,1
35,0,0.0613477809401064,2.3619678408002,0.751933303558691,1.12265674161196,1.99873353437007,0.0857891207068553,0.0479472034137589,0.0728427751223276,0.115493339140094,0.186229801482854,3667.83378197652,1,1
36,0,0.145542199684148,2.24200751489353,0.867297647101092,1.07413419454289,1.90692889428408,0.0874847977810993,0.0476415097219488,0.0731060652409616,0.110197522119675,0.19675832137041,3562.02613025007,1,1
37,0,-0.125223020161954,2.37058513326804,0.664660963345945,1.03403923690123,1.95325661681364,0.120646557735975,0.0443199278136283,0.0714087306635034,0.110346983114785,0.191730127289749,3594.861316866,1,1
38,0,-0.14729105741117,2.31173835859401,0.76700162268005,0.911858104935895,2.01460934270464,0.121379761712408,0.0452622978975142,0.072125679656824,0.114050164275185,0.18725840409915,3592.70484342287,1,1
39,0,-0.0861850647945202,2.28958855135619,0.855723623374102,1.02788534489355,2.01203785973242,0.104739047843873,0.0460371046105718,0.0711065861080088,0.108810651095344,0.183564436855405,3612.56608714865,1,1
40,0,-0.0824097615386573,2.35915246549864,0.715957074355406,0.907776570674001,2.01590504768434,0.114639078361792,0.0446569379462681,0.0688098444218401,0.114158615370589,0.188585100560779,3612.43321004088,1,1
41,0,0.0996411587656123,2.31633252663071,0.796869529994175,1.05916834575727,2.06457767854566,0.0837236558386383,0.0473037418205518,0.0732908192586429,0.115207124303279,0.188253482091573,3636.60813383899,1,1
42,0,-0.0182990268280509,2.27925275519776,0.864054639699739,0.88539222428023,2.16879859734388,0.102846747254209,0.04411614018902,0.0685581573569196,0.114179548191644,0.190508906563097,3587.6793767851,1,1
43,0,-0.0324544710474697,2.29086718891156,0.814503193122076,0.826038059559408,2.21599825517202,0.107813782527113,0.0448562429973599,0.069118454346798,0.11476765172519,0.193060795268412,3568.41887142377,1,1
44,0,0.0100033576490707,2.28499402684909,0.80869545230851,1.03305103536663,2.03159742602343,0.094901434740571,0.0457903738435869,0.0727956172262005,0.115245189765575,0.197946028473401,3587.32197191694,1,1
45,0,-0.0273902732975724,2.34934352363052,0.719504636048961,0.955695792383974,2.01229425072455,0.102098880793761,0.0447370727333158,0.0713224840062951,0.10981839712784,0.184015693993891,3588.71183212677,1,1
46,0,-0.00733054255742571,2.30100256598202,0.861074429678707,0.957418366936676,2.13515146746005,0.0981936410644545,0.0454673834356092,0.0705443725892035,0.112041391088841,0.182704732261985,3640.25124959209,1,1
47,0,0.220318205826331,2.22572593132803,0.871893108786551,0.965556731844781,2.21868831176129,0.0740427906037681,0.0461432345517162,0.0694536241813227,0.115500221576459,0.211970763971848,3544.36190650025,1,1
48,0,0.0581396774062133,2.32009982116664,0.834727283483253,1.06240524120549,1.85767098316191,0.0940578299287134,0.0460856983373935,0.0709888358183528,0.114588376450936,0.18134440076907,3659.81613094846,1,1
49,0,0.0151968103045557,2.32285074842117,0.801512594306185,0.954084097882642,2.13891867708108,0.0939142596512787,0.0458317070230837,0.0704713394099481,0.113654885869989,0.194128455566567,3624.0605443978,1,1
50,0,0.0689143730293878,2.31099623686803,0.804985949233211,0.737801075026824,2.58485812269736,0.0851426764376349,0.0436410452732357,0.0677050462963958,0.11701295195377,0.206317042770436,3567.12192411332,1,1
51,0,-0.113628177404522,2.32465648420314,0.800479885779526,1.30402413105149,1.35001483303976,0.124976079932935,0.0471203905758982,0.0728831296535717,0.109240510903687,0.17712181941872,3642.69467470665,1,1
52,0,0.0222758891640424,2.25720012138367,0.865616423256573,1.0338341003277,1.88741333629436,0.0993033107894207,0.0469869794124209,0.0716627134521835,0.112108949166053,0.190743631357101,3578.15971764122,1,1
53,0,0.0576033373451579,2.36125346482349,0.72811498563743,0.761864524596403,2.48818830389235,0.0907519801210567,0.0447109006288528,0.070445423417603,0.112909449209579,0.194239827554509,3596.52589748123,1,1
54,0,0.067980838102758,2.27386446608407,0.801476320072499,0.93495590607535,2.11980259614304,0.0921558885471128,0.046542472951919,0.0721904223815781,0.11715447232365,0.203311249207599,3554.54911411215,1,1
55,0,0.0533573242071794,2.30225544750994,0.806312282490747,1.06976489152178,1.89152473378552,0.0953065571145148,0.0456109178752195,0.0708512402389685,0.110581847478391,0.189027495202041,3591.97704490105,1,1
56,0,0.164552661853695,2.31988483441902,0.820639966286382,0.736657464389087,2.54645536885235,0.0812631925144752,0.0431603729773132,0.0664860356782261,0.117062892801489,0.208938415281353,3568.50346690283,1,1
57,0,-0.0802464049555436,2.25978716400731,0.883929101612604,1.06683495659632,1.8428790925168,0.109184048193787,0.0468652653140668,0.0703088452360773,0.11372038847595,0.194395484188384,3607.69785278168,1,1
58,0,-0.00720560957753219,2.32847934546405,0.77523295929276,1.02742858783137,1.99997186769595,0.0938160310920872,0.0468314510731784,0.0741521330618087,0.111917871767472,0.185277235380548,3612.0407123379,1,1
59,0,-0.310455622904833,2.25670753287123,0.858047500242857,0.867777279073035,1.92727521874216,0.148033392770309,0.0457893085968935,0.0711714358271597,0.112330558647067,0.177112015991983,3577.65067688769,1,1
60,0,-0.019908846052582,2.27483752195487,0.817284607514044,1.02380943293994,1.90438703492364,0.0940075493082984,0.0481212917565584,0.0735751994120093,0.116080168337502,0.178488478956912,3621.02281177802,1,1
61,0,0.0983142350586484,2.40466503454706,0.682733537071229,1.15563444865796,1.88866346591715,0.0896369634300707,0.0450686518445754,0.0704153448193243,0.110250945653886,0.193809119075361,3641.51473435165,1,1
62,0,-0.0612555288845441,2.31918466275844,0.792786541381265,1.28313114802869,1.59242087326431,0.10484158396765,0.0503903824351108,0.0778371570828592,0.112895183695918,0.17879467289156,3670.51731737777,1,1
63,0,-0.0556924646772221,2.30475554178896,0.794155880678926,0.848212544860809,2.17500879789745,0.110025837791149,0.0441564272601464,0.0689191203770968,0.115068107234608,0.196538058330594,3568.50223275985,1,1
64,0,-0.109287151823147,2.34238295749639,0.777221513766907,1.21161152110417,1.53792530971487,0.127815505994861,0.0455596467561569,0.0701299132473599,0.109085349037326,0.176184129978662,3648.0540072915,1,1
65,0,-0.0445772207010891,2.2944687366046,0.815881171314191,1.08642912837351,1.7150750266152,0.109611818686923,0.0459565591749547,0.0708410754823461,0.107361376905275,0.181436439773811,3586.17280533123,1,1
66,0,-0.0904212046266294,2.27664813544926,0.862127274025726,0.892511121643212,2.03203922135586,0.118553266412432,0.0469682301486742,0.0727700706011313,0.11366813354483,0.197639467637927,3578.67298709949,1,1
67,0,-0.0291322443292599,2.26648337609733,0.86461873024877,1.03127362925545,1.98309745826571,0.109590296830827,0.0486782256038592,0.0757985483728811,0.11450564843303,0.197284235283833,3604.08687146665,1,1
68,0,-0.0160830474594561,2.38685378486668,0.686738065279939,1.1232966258953,1.83785920315584,0.101746045742969,0.0458881441310041,0.0719186671513458,0.111514825788582,0.191901471560888,3628.52985665334,1,1
69,0,-0.0217802853461428,2.27123206236336,0.80953168109331,0.929490891846186,2.13771538014876,0.103657902888093,0.0468900054050175,0.0731982855101811,0.109686966201752,0.190743534435663,3558.5996681415,1,1
70,0,-0.121900927483164,2.30573996036316,0.797135076095812,0.860493026585941,1.99004470704663,0.128149353534298,0.0439109296708222,0.0699338027298829,0.117238071482916,0.194602848724681,3590.6956583146,1,1
71,0,0.0280829289592131,2.33474597401338,0.735494528859939,0.946797270580987,2.17099640858042,0.0910891364591301,0.0467334700501267,0.072374802626553,0.112878940754601,0.182406226730672,3616.50031471538,1,1
72,0,-0.15199172261193,2.32442112830907,0.778077770049129,0.872919519593092,2.01857431321174,0.129651165687699,0.0447254141481718,0.068099924203634,0.114852144980296,0.187248619675019,3613.44699629554,1,1
73,0,0.0676524657874527,2.27834385440302,0.866966099348224,0.938299585271607,2.28168776767494,0.0868139946480163,0.0459198379130733,0.0702453839766196,0.11476380025999,0.199659833477319,3591.21265615197,1,1
74,0,0.0293593354577526,2.34201495107888,0.768759703964629,1.07060791362733,2.01457687144271,0.0964462305456922,0.046024855393297,0.0704418015934363,0.109677241967222,0.189195343984558,3622.14949679186,1,1
75,0,0.0148392788505466,2.34192991519608,0.763942993007858,0.853131581524446,2.28544138057733,0.0952306714532464,0.0455642413855588,0.0714086152467683,0.117085370025992,0.196211534624414,3612.82624476177,1,1
76,0,0.0282024858708849,2.26589956299797,0.905981771695981,0.988011028737764,2.01704432641299,0.0961061572626928,0.0484073708860767,0.0737618554187442,0.112719091239594,0.192508307974716,3608.9647474839,1,1
77,0,0.121941442093294,2.2864888319226,0.804136296242812,1.04546660755714,1.95347082669797,0.0870493550501956,0.0467256886971484,0.071295901444865,0.116000547105437,0.195788578678241,3601.18480063315,1,1
78,0,-0.179983690422498,2.27109209320508,0.855281613090807,1.02555754222118,1.85239237939652,0.126135808810088,0.0472238285259537,0.0725567982785148,0.110837796987359,0.188629247201275,3597.94137303283,1,1
79,0,0.033346343960793,2.26629245082106,0.894441090470529,1.06454440118447,1.97142114838491,0.0938453964241601,0.0477373837724882,0.0715573230928395,0.116475123256702,0.185444849715561,3651.48247456395,1,1
80,0,-0.1401355488095,2.28585664636233,0.820766684174596,1.14760878542145,1.67938202442905,0.119934991095897,0.0477847890916615,0.0744187425627105,0.110250318920595,0.18696032723587,3606.57578191639,1,1
81,0,0.0585806055325814,2.30960768075781,0.773651711839719,0.944861475563591,2.04900061928039,0.0967604304471933,0.0445505202061096,0.0704932462937011,0.11599953863669,0.198882352323415,3581.36807512585,1,1
82,0,0.0928506499171465,2.36331464292427,0.672989528427667,1.07830995947196,2.02863291956645,0.081984595654461,0.0472787305097217,0.0719030170747021,0.113004552853649,0.194909203640348,3609.69574078266,1,1
83,0,-0.146425259978438,2.38785814428294,0.668007173923971,1.04428228952785,1.7726632716069,0.132643965740174,0.0448744668686867,0.0696252912212428,0.112331403220805,0.188607934301285,3619.58258105155,1,1
84,0,0.0423704897723489,2.35864899681622,0.744983533119343,0.820400815616194,2.31530630163707,0.0961945870713302,0.0463130078835054,0.0708376082317944,0.114168026525345,0.198879890401155,3593.71561915091,1,1
85,0,0.0682164658377989,2.39501535546124,0.732271694811562,1.01479528755586,2.05837057371463,0.0907327614444886,0.0436732477753314,0.0688400422196854,0.113364667869953,0.200378258248748,3641.36154550406,1,1
86,0,-0.146719191499884,2.33816109078692,0.685820947092891,0.897441673153244,2.06933940669931,0.119420481118899,0.0452851858600972,0.0722283342049761,0.113388221971921,0.186895073878063,3573.49389627761,1,1
87,0,-0.11684501530039,2.30208239943508,0.769169140161061,0.816897947048307,2.1563823758379,0.115593072767109,0.0455345334942116,0.0715219441843711,0.113805682179076,0.192797736160065,3561.47652316391,1,1
88,0,-0.0217790253653948,2.25088030694891,0.892345613036869,1.09270900860107,1.80111616570038,0.0979892398452265,0.0468435995441136,0.0721165982101648,0.11219012249724,0.18638232374379,3612.59559036413,1,1
89,0,-0.0475693638781182,2.29043785439859,0.798236465360258,1.10216397061213,1.73613440425196,0.114586921648799,0.0467180323528172,0.0717172562730866,0.114279734488424,0.19117673924854,3606.5337846375,1,1
90,0,0.0885819177626644,2.32947680042656,0.761695146290852,1.09663655305542,1.96837755444747,0.0854303644003592,0.0473770392924542,0.0752535970190311,0.117139362530775,0.198970881826026,3620.91229386691,1,1
91,0,-0.0986308105285678,2.34634023956484,0.683430378611606,0.956380015447736,2.11273212132879,0.106695962335,0.0453672309251101,0.0719747972052573,0.113311025483049,0.184255086550142,3610.6821980665,1,1
92,0,0.0835593578154442,2.24649332186755,0.890655250992406,1.00751347292727,2.03834487082216,0.0933926738445001,0.0464039085132984,0.0704767493606395,0.113278654959489,0.190386114333304,3606.9631651873,1,1
93,0,0.0162567159268858,2.3095638632528,0.82416796252743,0.756560770011474,2.35361014057822,0.100281261014652,0.0439387923718919,0.0678541634528712,0.118657592389569,0.200986589714241,3589.37410093181,1,1
94,0,0.0837035034457087,2.34284119593186,0.763070584121777,1.04458181254489,2.07607866792029,0.0855947877333965,0.0480961317616695,0.0741817092433457,0.116692560611109,0.198940926815137,3630.53894320881,1,1
95,0,-0.00766788900115386,2.3677831113309,0.785880378872225,1.11817956165168,1.91413761308246,0.103868024339091,0.0454341954694495,0.0710767417623155,0.107302437497739,0.190342090527401,3637.98907559572,1,1
96,0,-0.0402418853750631,2.30404376149304,0.827833544089234,1.02913352921449,2.06897129017314,0.103559964033177,0.0453890462532729,0.0704488065906483,0.110060763217654,0.185419825026161,3618.4277331702,1,1
97,0,-0.140232168605872,2.25430281083082,0.820850867499822,0.964611705520846,1.94238719085244,0.123087915054568,0.0457413183155001,0.0721159291990456,0.110155134225718,0.187055887141659,3555.62458928845,1,1
98,0,0.186362722778268,2.23898461571308,0.966105075412364,1.17175564354211,1.85931426617337,0.0755364362824537,0.0468754638719242,0.0722589984425682,0.117127311577979,0.19169043976335,3629.12197848565,1,1
99,0,0.150367573147788,2.28475064513199,0.848634557482867,0.753402063853752,2.48912662642839,0.0819525103341657,0.0436753043766668,0.0673851122433888,0.118724160773896,0.206815412214348,3564.12054366622,1,1
100,0,0.0209453907051719,2.28356000611969,0.799996378131685,0.748644539700125,2.31533802658061,0.102255380454727,0.0452038113572035,0.0693537154597719,0.118460147764617,0.197878587480997,3579.61122526298,1,1
101,0,-0.252899226317083,2.29050549673992,0.802089207646233,1.14689865627965,1.65989853666496,0.130086693706322,0.047200856583635,0.0739116611518706,0.109708573551275,0.180071793992439,3606.46170341944,1,1
102,0,0.123275545656855,2.28677444888641,0.797967453261039,1.08132446147373,1.98836800075177,0.084691925541871,0.0472444960475307,0.0743242315600797,0.116431765690432,0.195577791268062,3604.13841037971,1,1
103,0,0.00165435239123556,2.28377875449352,0.850970807651758,1.09172090689717,1.96411290251838,0.0941349353879046,0.0482637009308072,0.0733959404211731,0.115862623455081,0.191495325901835,3636.9064767236,1,1
104,0,-0.0137223337325273,2.34886588140196,0.753400129769197,0.916761767794662,2.14635836985261,0.10136082873329,0.0442524697471231,0.0685191853883365,0.119453463763148,0.201497791780119,3605.79714611922,1,1
105,0,0.0500996138198015,2.28243763229595,0.843482836186798,1.06395885339668,2.08519292112257,0.0876195025308599,0.0489166707143951,0.0735918714304449,0.113997324043428,0.19210264742124,3621.89890640842,1,1
106,0,0.0611357899855949,2.33013648087768,0.767327378300052,0.88067735806091,2.19768858943534,0.0936414023042078,0.0452494704663183,0.0708744114326047,0.115770864559325,0.19746633660517,3588.77702204105,1,1
107,0,-0.104426279551394,2.29132659866386,0.809280735633363,0.778678275554201,2.17553055170836,0.123065575361716,0.0437700258086568,0.0681209619848064,0.11800370015848,0.193107950702188,3577.75600287351,1,1
108,0,-0.0763405210007096,2.29822340658354,0.776012416140759,1.104409180704,1.7260139939933,0.112116840108517,0.0461875944757885,0.0733689082032053,0.110398812077835,0.185470163783691,3589.41274282969,1,1
109,0,-0.162880178518917,2.29992823034185,0.849949553204694,0.857269027683604,2.05059587090317,0.128792610946051,0.0444970073304004,0.0683774336288047,0.113146576695767,0.187511087852076,3615.18687335268,1,1
110,0,0.0407054805489638,2.19932067191909,0.960873673561875,0.955431038352292,2.11502429706146,0.0928508864553637,0.0471891492141692,0.0726276994079955,0.113041501012853,0.194983845592627,3545.21009434132,1,1
111,0,-0.092452804370925,2.220209926876,0.877644896875914,0.921671463385346,1.94179847597726,0.118217171260002,0.0463838938606086,0.0724278300661457,0.113593741101942,0.187102743090053,3554.90792909098,1,1
112,0,0.00324679788481482,2.34579635999925,0.764653188265289,0.924166794970272,2.13184110143734,0.0920253125793607,0.0465550597885913,0.0714143770416963,0.114315279049694,0.180291335672563,3651.58718568045,1,1
113,0,0.0606009766103272,2.29073318841569,0.847103397833603,0.814553015785745,2.43475465637337,0.0838971281566549,0.0462075339673303,0.0698037744766227,0.117670678484605,0.192138093731581,3624.41284371089,1,1
114,0,-0.0118665838046749,2.35880844469872,0.730889636620617,1.05719170958563,1.90626328049799,0.10722912790161,0.0461003231615089,0.0718293277719936,0.110968451119493,0.184914811370076,3625.17018021574,1,1
115,0,0.0826715263722602,2.2838232769389,0.77573428576403,0.832201349343387,2.30865539656149,0.0864314918828281,0.0467360032335824,0.0719755782796835,0.116659656861398,0.188366603297806,3582.4504005439,1,1
116,0,0.0899731147622735,2.26609142019892,0.876065808136164,1.04688896009599,1.96766885830562,0.0891609728455927,0.0460317332010967,0.0707201683983211,0.113847331605613,0.189013408659721,3603.26865917454,1,1
117,0,0.0455828998510137,2.34719079961881,0.719043834493234,1.09211878601864,1.88081937263034,0.0938635220876832,0.0479811696399066,0.0721974432831372,0.112893928645762,0.190032364072861,3623.45618732292,1,1
118,0,0.113136422606915,2.35463484734604,0.722748387174777,0.829365119360199,2.33680192837996,0.0843237975437348,0.0453689133513346,0.069062103265148,0.121007691945668,0.198290440510466,3618.49763259521,1,1
119,0,0.028567584946978,2.29972465159716,0.835876371856584,0.963648078785296,2.202070523173,0.0937714220402523,0.0476177920559737,0.0724450177662164,0.112715593230242,0.188743596330651,3632.266312371,1,1
120,0,0.0510030888359126,2.24399259490438,0.857364952761724,0.865158660343817,2.10321937147783,0.0964456780555979,0.0452298500937435,0.0697061311059061,0.119615540384683,0.199276268712814,3565.32758708271,1,1
121,0,0.0441047885214749,2.31735689553643,0.759590853536868,0.891575944110969,2.1325932253434,0.0973799946753958,0.046491590095204,0.071305505141471,0.119565975096482,0.197033864934474,3604.61871866685,1,1
122,0,-0.245331915540322,2.25291044436008,0.875698490783844,1.06448676883388,1.78343697157123,0.136416283527453,0.0481126288171585,0.0735822918439436,0.108161883761238,0.188121255048053,3589.04046255217,1,1
123,0,0.0295290509852855,2.20720905391215,0.957876956465479,1.0620802265376,1.90745767398442,0.0911092166284362,0.0484692922889441,0.0737199832221908,0.116008343271214,0.187190078752687,3608.04296613262,1,1
124,0,0.0280855249334263,2.2912093709257,0.781518642481529,1.04579260436744,2.02386868378713,0.0889338266697107,0.046845717053075,0.0737056219441502,0.113960093822427,0.186455343280575,3602.07874517074,1,1
125,0,0.0138538703956282,2.33539089462498,0.796575758422706,1.16697342597632,1.79832334642391,0.0995298257077498,0.0464475845743697,0.0720133273217117,0.110119287477918,0.189785193333978,3633.02738167967,1,1
126,0,-0.0559471996718507,2.29240584307086,0.803500146703539,0.927336227591773,2.09021089075298,0.109480076141371,0.0454085163971166,0.0709390130297913,0.112741537251603,0.187123018651527,3600.70986172752,1,1
127,0,-0.0021138670829193,2.31451678500458,0.766093931400564,1.01615411807036,1.89746916916003,0.103923438060904,0.0457856351293839,0.0715522875924383,0.110534390934291,0.186091113291158,3592.75408056117,1,1
128,0,0.0592067778313252,2.26155402755702,0.843586785714962,0.852554970336953,2.23836990293154,0.0951642064978586,0.0446302937817666,0.0679162239936587,0.11181285756333,0.197954502898682,3549.20706306658,1,1
129,0,0.115750969327305,2.29247403555707,0.842424318245164,0.959416645499682,2.25565412719754,0.0814351226766307,0.045464119052487,0.0711032165883047,0.113869837170996,0.204424696401232,3576.23778410866,1,1
130,0,-0.107275635594945,2.316815948059,0.803423497207322,0.981722774510258,2.03561980573895,0.110590350666499,0.0456855375491755,0.0698803927702563,0.108881735531771,0.184729086651759,3609.52190124208,1,1
131,0,0.201508450151307,2.2347907359637,0.806058358715959,0.962410462096507,2.06293385297506,0.0795232186692176,0.0464509068041564,0.0722532269534851,0.119101511916194,0.205935529627302,3520.4977114764,1,1
132,0,-0.036778545780454,2.30921579631791,0.757743389987541,0.970114572780148,1.96295903413555,0.11220638112279,0.0450505637392976,0.0693168254356561,0.11233019296855,0.185143706805484,3595.00120169467,1,1
133,0,-0.0810075135585365,2.36951110919481,0.679344924038318,0.984035110575288,1.87045379262092,0.11610419289655,0.0439406220536791,0.0696327344228213,0.112453782945724,0.182422308242579,3612.90895343205,1,1
134,0,0.00978202612390363,2.26382548026386,0.841215239445363,1.05795457978511,1.74543906433642,0.110040731606368,0.0461471014853652,0.0721597619029466,0.114829968146915,0.201301285612915,3567.0304086343,1,1
135,0,0.0309544166588075,2.32336927987473,0.79722846007454,1.04933333925465,2.04687323231834,0.0887785368497159,0.0474233472132031,0.0744949876806815,0.113785046280682,0.184547571279999,3644.95674055801,1,1
136,0,0.0239460074077041,2.32994929895333,0.77809210706361,0.847676842327542,2.34277345170939,0.0905968066606881,0.0459017297912017,0.0713938046920877,0.116782588646832,0.191362807624544,3622.4450076353,1,1
137,0,0.0249207069324022,2.29948127230733,0.836198144642761,0.980017150543527,1.95740246864797,0.103575317262962,0.0454418814315022,0.070380551180462,0.114161538400129,0.198994509870964,3595.10245183071,1,1
138,0,-0.0869392443313476,2.34376366123413,0.676395673067896,0.950380141279321,1.88872234376863,0.12265611402898,0.0447284726958421,0.0703336860538773,0.114126202637038,0.188240913710587,3586.15781284938,1,1
139,0,0.0999434887387821,2.35130491735934,0.746001200207831,1.12257820966551,1.84452770543895,0.0844414843214214,0.0460464420167055,0.0723725111867404,0.113930747169738,0.191385289920949,3620.43986155507,1,1
140,0,0.0675788255855401,2.3618806136263,0.681684903201481,0.984799381395554,2.16714558860084,0.0848337494031326,0.0485158851101612,0.072883321447295,0.112246596022618,0.185653610652022,3624.04919898911,1,1
141,0,0.121619324551909,2.33392266346497,0.810919639802333,0.982107706519603,2.256938196653,0.0819343141218097,0.0469713299525694,0.0707453487423176,0.115965705049241,0.192001950735125,3665.76152656106,1,1
142,0,0.0195813973645478,2.2766738679601,0.899262005368907,1.14121634330097,1.78508848190566,0.094822090167424,0.0482105588669866,0.0746416923620218,0.112713487702209,0.181837664799268,3646.63427387593,1,1
143,0,-0.0718739443468933,2.30854743233131,0.779819376350026,1.03186546067145,1.59510105491356,0.136857699332855,0.0436157423700912,0.0688008313640034,0.11153107218595,0.198541187706681,3562.2357124854,1,1
144,0,0.130948148340786,2.32493714731053,0.86130736978641,0.980101252575095,2.18405375334195,0.0847161472152869,0.0439660936126233,0.0686673469641928,0.11320909057433,0.199553516560683,3620.57222511683,1,1
145,0,-0.0845730690267788,2.27469354376669,0.810704571517207,1.09787690966821,1.85376726949719,0.105577142919503,0.0489187203985481,0.073525658225545,0.112398736537577,0.18847397521272,3598.37615938938,1,1
146,0,0.0788686305674022,2.25876398499313,0.901179526789791,1.17394342532601,1.72675330576262,0.0914124267603434,0.0475303861534248,0.0722025021056401,0.110609072367392,0.195359483222661,3606.26598510164,1,1
147,0,0.0142315120334685,2.27647135069437,0.81679207374822,1.02879676886045,2.03865098923709,0.0954689405257205,0.0482205047937177,0.0730690306076901,0.112507382397626,0.186067085583733,3609.38974802842,1,1
148,0,-0.0473336127054178,2.30715096933881,0.824850015892739,0.966518260405072,2.05761446167633,0.102530365078121,0.0461148412482216,0.0710154798756632,0.112920129436,0.191309528593976,3606.44621481367,1,1
149,0,-0.00270474664542835,2.35067963616199,0.761196314702909,0.886762211613957,2.35290903058904,0.084204006446251,0.0475648840568022,0.0726611597028317,0.118372817031374,0.198729756175713,3616.80913114895,1,1
150,0,-0.14015181172579,2.36081446399153,0.680514705567106,1.11607966592854,1.60427988575437,0.129824171913353,0.0456817155766259,0.0717132329788682,0.108413407575686,0.18215752317132,3602.07610842429,1,1
151,0,-0.0228740606835595,2.3201148975517,0.759279141269249,1.14559631171942,1.68868015258246,0.10420506989446,0.0482980049465221,0.0746165533905634,0.11139113882405,0.185111348506678,3613.74260122035,1,1
152,0,0.042174128063187,2.32663117974509,0.823737414798432,1.17606828370876,1.78047944722039,0.0975140719087376,0.0471864453910649,0.0731973371568239,0.109263064679412,0.185191769860966,3644.07831980601,1,1
153,0,-0.0211320215433326,2.26193912347066,0.835289317681476,0.972979617009979,1.90831909126196,0.110511978201092,0.044683067978767,0.0704667728921634,0.114581012622547,0.195602335655977,3558.09192888746,1,1
154,0,0.0677493093790233,2.27716818097697,0.815520245016642,0.953683823048961,2.08724695477184,0.089752203433889,0.0467776915189297,0.0707091879930505,0.11844139359579,0.192673104892926,3610.2923000319,1,1
155,0,0.0257449354417293,2.2204654230174,0.926448115084521,0.978157008199947,1.9226289517428,0.104190272631548,0.0461522002148421,0.0713596047923033,0.116420423174342,0.190661631134827,3578.02865157006,1,1
156,0,-0.165617365810527,2.32944606303864,0.794188042383819,1.1791524548651,1.62404484190386,0.126925253706905,0.0463353499415993,0.0715201969265877,0.107851073273327,0.17932942373934,3645.26355838999,1,1
157,0,0.0573920345091302,2.24578836734986,0.924142048794486,0.981161727448149,2.06587851973166,0.0884960802345791,0.0469242272738,0.0713866089448484,0.115401434488024,0.191032479848311,3609.50427671854,1,1
158,0,0.068924794801022,2.31937466312157,0.763546975627689,0.783507737133309,2.23239401536403,0.103987912700871,0.043190535270632,0.0668719088008068,0.115431935929919,0.204211142392069,3562.84570942199,1,1
159,0,0.00181845920295484,2.24307164766826,0.941246085839932,1.11993979918236,1.88607098685809,0.0979398668992599,0.0480630253505351,0.0717455670972911,0.111345565040883,0.187083233131886,3624.88955914644,1,1
160,0,0.0150375721124801,2.26981270091019,0.838490335334807,0.869827465728839,2.25383618843695,0.0923185071669591,0.0487918039808858,0.0737506085864569,0.119738472223635,0.195319834318723,3609.22344132597,1,1
161,0,0.0465650312909411,2.30691886711623,0.794966652671256,0.965846011014677,1.88678721924021,0.105639032618035,0.0450198802214066,0.0695102964116564,0.112016524029748,0.189526288634778,3583.74442216381,1,1
162,0,-0.09959796154048,2.33970219563931,0.763960230413704,1.00802748986983,2.01104218741278,0.107638190067001,0.0459113087538256,0.0729349188569246,0.10891840035414,0.185240690231416,3608.32293900626,1,1
163,0,0.0239051231945322,2.26573996020912,0.856679259201225,1.15565103959304,1.73511760698575,0.101041712127392,0.0468296831614274,0.0719470590545388,0.109447458110115,0.185458248043158,3605.83972724004,1,1
164,0,0.043718174667323,2.31791945601576,0.760442001719904,1.15282205166577,1.60978841999004,0.102233270354363,0.0466514362864179,0.0727957202308559,0.115288783404647,0.193285563207372,3599.04571943841,1,1
165,0,-0.0166943704799018,2.32171151338307,0.780431224952617,1.11783855422153,1.75729872962963,0.102516107026289,0.0465855825818436,0.0713740961316678,0.113363568016074,0.184324526745712,3637.08928030013,1,1
166,0,0.0528421731657692,2.19600874719333,0.890617167980071,0.887533204809205,1.98025090031716,0.103358020861276,0.0444598194863228,0.0684943333184655,0.117466849813771,0.200455716792896,3530.409722374,1,1
167,0,0.183719937963977,2.2869145672856,0.761019819429598,0.938035307226805,2.13436359681677,0.07699782451812,0.0469382212992258,0.0726678609063783,0.120140329670466,0.206310213259423,3569.98861060856,1,1
168,0,-0.0511204017640531,2.33682952709562,0.708016871100611,1.04839441023173,1.95459055498372,0.100934683817416,0.0473653947942816,0.0737529948407258,0.114768419294348,0.188509739854244,3623.50368284579,1,1
169,0,-0.0126735162712176,2.26949887987824,0.8890114574886,1.10157630771307,1.97843049818817,0.0965634086739099,0.0484188046910919,0.0735462967216396,0.11353997087083,0.203138760406656,3603.47519315149,1,1
170,0,-0.0419784214136536,2.38548869379574,0.74504003804385,0.899899386735492,2.27136059406592,0.103520337158183,0.0450970993655489,0.0694813780078205,0.112584053842748,0.189669864460608,3642.57623224941,1,1
171,0,-0.0134843524149926,2.37622451461121,0.731852503487738,0.900230081909184,2.25237967263004,0.0962129355230425,0.0452052736639517,0.0709488682237561,0.116175804120141,0.198391091582893,3630.93155169627,1,1
172,0,-0.0801840083802024,2.22373793089164,0.883542693128414,1.02342679275158,1.82408626376365,0.116091495592833,0.046476103497107,0.0730684561743499,0.109363384229922,0.178147679388527,3566.58624338678,1,1
173,0,-0.133315756993542,2.31878363012973,0.753172308446192,1.05479770518543,1.88389383064928,0.124034986663665,0.0476734261795985,0.0734786964727145,0.111444808827224,0.18801611464467,3616.06183099323,1,1
174,0,-0.0191324382778736,2.3095744072155,0.782099328745933,0.966192585374603,2.06599441127313,0.105122764050478,0.0460435886952933,0.0706853146040776,0.109372793357842,0.185004500701207,3593.4942316749,1,1
175,0,0.173861361239228,2.36156196557738,0.660877361370586,0.758211676562707,2.44694641151348,0.0762961100837835,0.0430760713490607,0.0680148769579341,0.118919942176327,0.204984421264245,3552.82862041876,1,1
176,0,-0.00595167296558105,2.36248979572329,0.735641000809687,1.05968921101305,1.86104746375897,0.107518618419769,0.0462675986986384,0.071442498931353,0.111490869804785,0.186765640183899,3631.98985147422,1,1
177,0,-0.0812931890247621,2.27296259343269,0.799653144042365,0.991969943564385,1.98615353066525,0.111407598970207,0.046997318012173,0.0725327636604968,0.11119767863512,0.188902203553444,3590.98756491066,1,1
178,0,-0.11898457262058,2.33736372999057,0.760273090675822,1.15950929101525,1.7361581337936,0.114315228345536,0.0460284118568219,0.0713974737502108,0.106029399051109,0.177926287367586,3622.51198863958,1,1
179,0,-0.0979190373044737,2.34863457468112,0.754104802817306,0.974180123672714,2.08119159543899,0.105083751387432,0.0461039819263399,0.0704577209855435,0.11574398431701,0.184171762274732,3659.18588537312,1,1
180,0,0.0499581454294053,2.25380791431679,0.836898629783361,0.836387127658652,2.16094768545877,0.0941068453802588,0.0446391790398006,0.0686554017537995,0.117698142630848,0.196001334700708,3564.53967356613,1,1
181,0,0.173936592932549,2.35618267503839,0.732753800723017,1.02116557965369,2.10876805691048,0.0757000308368644,0.0458207654458921,0.0737324735719634,0.118980983701944,0.191344079241189,3636.20429640949,1,1
182,0,0.135129993895633,2.40451111703546,0.674268519172077,1.14572369782207,1.80792892959227,0.0853970469687582,0.0444142502044658,0.0697841751031446,0.112530770267862,0.185972730578287,3640.94519097225,1,1
183,0,0.10335972294436,2.37065851055677,0.691654378250764,0.92016481712886,2.19184403850187,0.0865794241573515,0.0453281579290894,0.07202374117286,0.118096276523329,0.200651645855352,3602.64026976095,1,1
184,0,0.0246157856665968,2.34606747536114,0.673513161537927,0.885221492447395,2.07405970064926,0.10278840014051,0.0444986210273157,0.0693945760310214,0.118691938835862,0.192467172991607,3601.94811272948,1,1
185,0,0.071931660091173,2.21012228633461,0.890696576228144,0.905496722448482,2.23245515336398,0.0861037911165393,0.047638969054961,0.0725661199219456,0.119033808286608,0.20108250960835,3555.01035086739,1,1
186,0,-0.0214579119095595,2.39503842973789,0.683887971502581,0.845974878009281,2.38160732859488,0.097061723929215,0.0459209000350334,0.0716618950722114,0.112471864939703,0.187218614619089,3620.10830976517,1,1
187,0,0.0790346522242507,2.27348024098758,0.818174096980365,0.851599255312315,2.21989095589015,0.0928541972348537,0.0456588972345551,0.0698958487058316,0.11484169889645,0.193114310135638,3569.38884427131,1,1
188,0,0.0452664090845382,2.37205412200444,0.730860934349125,1.17508920780309,1.75592505058959,0.0995684346691227,0.0452907022890272,0.0703531320934794,0.107861887265281,0.188243435334891,3625.26702121741,1,1
189,0,0.00485683194241665,2.22346268525194,0.909910132300387,0.952414476422631,2.07972695992616,0.0953048507443256,0.0475460224891536,0.0717708512147344,0.115581373901227,0.191390898392219,3592.5150931286,1,1
190,0,-0.162333455943091,2.33033215081634,0.7844183836233,1.01554437681431,1.98028879145024,0.117067234421779,0.0471045821556227,0.0722597397674605,0.111925624767736,0.177209243805858,3652.37150838399,1,1
191,0,0.0631794869629091,2.31849480409321,0.750064971903463,0.99091820137615,2.0304887235887,0.0919905121371294,0.045181332120424,0.0721343655524219,0.11895483018394,0.198131736770971,3593.3752699991,1,1
192,0,-0.0327256983657093,2.24148769129605,0.865405955839026,0.842072309550231,2.09060359650382,0.111516946213728,0.0465775666493871,0.0709783299151771,0.120204364543659,0.198291015547255,3580.76799061482,1,1
193,0,-0.138484404799951,2.35393756611479,0.794022896148021,0.994746451074023,2.0897898597724,0.108512949496372,0.0469845321688615,0.0734253785559116,0.111462674730243,0.18691731857869,3646.44967612158,1,1
194,0,-0.0114192165135489,2.34911094203634,0.713000971304373,0.829628874590947,2.22244415860098,0.101780256815279,0.0438928204309654,0.070514547661984,0.116415083704834,0.192384585325267,3588.18317954295,1,1
195,0,0.0713217238642156,2.30142719833849,0.731899198016185,0.831861468315973,2.36983444804302,0.091142667440407,0.0450746111070796,0.0708018640172254,0.115524749102406,0.202653444683635,3542.78389732304,1,1
196,0,-0.0887360011016088,2.32547997602738,0.723149172170501,0.976472173526784,1.89322672802327,0.119178783788676,0.0450756465635474,0.0696585280668733,0.109535600770282,0.178917406869404,3588.2045135994,1,1
197,0,0.0574597086860964,2.29449399476908,0.809128628883812,0.927178195844274,2.05179197914451,0.0945246437768134,0.0439327874679638,0.0675824163434132,0.115442254446275,0.196846135700531,3580.38725374029,1,1
198,0,0.00240012307798767,2.26670432894576,0.783795958535858,0.983178819561662,1.78863674330695,0.108059365966716,0.0447486015914501,0.0696507955131502,0.115553083579884,0.193551028119632,3550.30404963304,1,1
199,0,0.0261206993769207,2.35310284539639,0.701792770768761,0.958779837400327,2.25199152410282,0.0915978105097182,0.0459521225549343,0.0725111314743218,0.111800253579033,0.190705820077404,3598.99678758791,1,1
200,0,0.000469244882925852,2.22827935393983,0.9518775438886,0.865186436959886,2.32571095508086,0.0967030255086589,0.0474302331609348,0.0741644203632776,0.113019896895777,0.19732911729641,3575.66941696534,1,1
201,0,-0.00347732199123438,2.26056361428432,0.844896540692407,1.13992724061287,1.76041629889958,0.102614127111136,0.0470227005537639,0.0721986105863282,0.11304964479161,0.186367545332604,3601.28549356527,1,1
202,0,-0.0415191257699181,2.22004420170352,0.887765497951619,0.793189003960093,2.32311368109356,0.0982416711979671,0.0453702273743864,0.0686565309420475,0.115342818394731,0.191783073469587,3559.07499171791,1,1
203,0,0.0336680431575678,2.24377211549789,0.807046385908071,0.807012580019619,2.21313025369641,0.101199258980523,0.0461992839631213,0.0707672343443073,0.118790868287841,0.201736203980443,3538.92586318797,1,1
204,0,-0.116538266179394,2.24918444834871,0.845507562484741,0.963904144355631,1.96511731261352,0.112536620986651,0.0476612212616574,0.0740180183458636,0.113483939746418,0.184478928622286,3583.27470831092,1,1
205,0,0.0671792221257623,2.38986843084989,0.681071675736537,1.03688930097297,1.93971727385996,0.0913926242455223,0.0448769872079359,0.0699337680930316,0.112854317734689,0.186924247785667,3627.44738207953,1,1
206,0,0.0361613230105048,2.33772305205043,0.735743366871407,1.18573535587486,1.75307706341422,0.0933372907264569,0.046685612254221,0.0733826773935745,0.113533603458479,0.183971924629718,3631.23435429368,1,1
207,0,0.0640562970635893,2.2762969912262,0.836438098353,1.07174348404461,1.93963635690606,0.0910871351467479,0.0462159294499701,0.07114364310256,0.108213584944438,0.183740578437619,3588.86053030986,1,1
208,0,0.0870935378400415,2.35800262575812,0.771409281902762,1.04703041733963,2.03843069349665,0.0935090104079423,0.0455523113702666,0.0702568578415716,0.112069213290005,0.190282105001691,3639.93705311256,1,1
209,0,-0.0703042760926589,2.35992066512353,0.660882792988849,0.98984720063716,1.83534336323824,0.123099352206309,0.0439942801884654,0.0700023374345034,0.11438024405014,0.192587757448876,3595.21496441204,1,1
210,0,-0.062828009440169,2.43552221911578,0.647183974417107,1.29291095924923,1.50678338902767,0.116538165596348,0.0466018163506825,0.0728349601663186,0.108061977382073,0.176112125222858,3689.48886144356,1,1
211,0,-0.130868752649657,2.33044139580807,0.767191241012666,1.1250175337503,1.67083631313481,0.126894839822912,0.0460290204699992,0.0725509646823293,0.11049220913965,0.182821866358151,3616.71497817866,1,1
212,0,0.0869808073051813,2.36324447297034,0.687084226992683,1.15436391591391,1.91587933801139,0.0854013396031817,0.0472965276945675,0.0736500196232797,0.113842960159316,0.193983116293931,3628.06681369907,1,1
213,0,0.0348722622501659,2.30928726928218,0.77332393686739,1.06744749207966,1.78061685614856,0.106026992023856,0.0457945306015134,0.0704811660884584,0.112106633353536,0.189801495846176,3592.73689339154,1,1
214,0,-0.269870714586573,2.23371463429113,0.890262320700033,1.04658152642936,1.75130440520423,0.138589878204938,0.0486744178921943,0.0762309185352733,0.113059913008064,0.183287420261619,3594.26524424141,1,1
215,0,-0.127655466003804,2.33900847281493,0.72943413552627,1.05669310087369,1.8015084014517,0.127336429932267,0.0454407210786005,0.0715749104884971,0.107752182328628,0.179866257062329,3603.76740131204,1,1
216,0,-0.0194946012395219,2.23796128635533,0.909404127536531,0.921374957764005,2.17520711629214,0.101228447351872,0.0459676780058854,0.0700282217195107,0.114103432064571,0.187358308782904,3598.34638136319,1,1
217,0,0.2051824771182,2.27570407229649,0.822158278074109,0.975016382191831,2.20769972696821,0.0718648388594866,0.0469802990058746,0.0723894107875632,0.117102155590482,0.196051923350419,3580.24646890591,1,1
218,0,0.0205023806368836,2.34564803053714,0.762416756731433,0.904838102701102,2.27225219868212,0.0931092964418667,0.0453471341263676,0.0713902911677798,0.115817672144114,0.198318295655209,3607.78026502697,1,1
219,0,0.00482100375415607,2.35116068127968,0.789103135391595,1.159635763925,1.78990608489049,0.110346405213924,0.0453589305948746,0.072210426514708,0.106938609243736,0.183267369457794,3635.85793859712,1,1
220,0,0.194134045494928,2.20106550100655,0.987109043523685,0.989793719724592,2.17511692013785,0.0726150519127924,0.0500994903790105,0.0743719148972662,0.119426039447542,0.198420847062596,3630.72059528339,1,1
221,0,0.0569389999206861,2.35341815501185,0.739387391088216,0.921747385979737,2.27040708365381,0.0949945570020899,0.0450023744492895,0.071366588252904,0.11244464272506,0.194376941154809,3603.80624265484,1,1
222,0,-0.0953626843043019,2.32578863019132,0.835749083456637,1.07448721886213,1.87056383500422,0.113753683240375,0.0465301404796371,0.0728119094972215,0.107769602891138,0.187221929750057,3621.37864066406,1,1
223,0,0.0128731209717966,2.25820787820916,0.862991094273465,1.1265122557083,1.62389081992454,0.102190502628782,0.0472268355483316,0.0719862800419142,0.114010497359208,0.191307922832126,3596.84264777618,1,1
224,0,0.0185470091060614,2.20908881690448,0.96227487970936,1.01614437798213,2.02739634187048,0.0997937921551853,0.0471153925645356,0.0723332124473972,0.115531212214284,0.203536215467298,3575.17893823182,1,1
225,0,0.171332679848696,2.27902485302213,0.91902195106744,1.00467726170889,2.02689048333923,0.0841650071617056,0.0447266258992396,0.069516077885357,0.116102435754827,0.195913203336949,3611.17144878405,1,1
226,0,-0.000474440607315638,2.26027365514416,0.885185156342877,0.910380660014128,2.25921125778853,0.0939964110384315,0.047698912119957,0.0726221000990516,0.114567242556093,0.202226264924401,3586.28089830779,1,1
227,0,-0.0334430745253681,2.27835197060695,0.796701730071715,0.846664594445663,2.14816054958761,0.104871767103341,0.043957250217417,0.0697917264084894,0.115674741596884,0.190997540514735,3563.91560126984,1,1
228,0,-0.186510386145105,2.24668370647683,0.886269616472921,0.847171628940111,1.94057960561732,0.142860244151057,0.0445046535600825,0.0689288721257087,0.114033370055317,0.193102157485728,3562.33630250787,1,1
229,0,0.0527011853412407,2.28825595585452,0.824767351121483,0.661608537761134,2.40586873294065,0.100138564381024,0.0427905351302471,0.0677250517085252,0.122560183850208,0.193889204930626,3579.68198822095,1,1
230,0,-0.0370416541048934,2.29195796179007,0.841219462101453,0.987058513601111,2.06279890653746,0.103103374990922,0.0472076971161724,0.0754559072093546,0.111187766917907,0.190531370823125,3595.87377638757,1,1
231,0,-0.157564199594384,2.3081292588841,0.84336892492629,0.763533394934172,2.27623209210289,0.126235201367435,0.0435124086618742,0.0671076779291097,0.111635544593654,0.190062629006107,3573.22347678618,1,1
232,0,-0.0421838144939292,2.28518019939449,0.808277056241298,0.882667540545023,2.12326386259924,0.104507518179419,0.0466395110863265,0.071072257631459,0.118935739945814,0.192852027669972,3610.43522916385,1,1
233,0,-0.0344224656337225,2.25596129829813,0.848237075789615,0.979253829317485,2.06009930418325,0.0973690418692681,0.0484802225680825,0.0743737618591983,0.112956582268745,0.181449724062649,3621.06440960259,1,1
234,0,0.0628957545629352,2.3040577164269,0.800951805744112,0.837546043704352,2.37403485575011,0.0895625098770263,0.0457218425184678,0.0721017024146751,0.116352978201597,0.193869639059829,3598.81819924106,1,1
235,0,-0.0357905613734077,2.31083159244169,0.85585988855486,0.982391560571566,1.94925833122603,0.102852504769142,0.0452065602988923,0.0703251528916072,0.116138413790102,0.184899710607637,3643.47424506573,1,1
236,0,-0.0121523083449314,2.35845472336214,0.725688532646144,1.00712397765427,1.88050744611608,0.113033258494159,0.0460573625906701,0.0710140719935274,0.114223791384557,0.201012341701418,3608.79022244778,1,1
237,0,-0.0178928816136101,2.29244553163055,0.807234857273076,0.951300511907218,1.97517745581702,0.102187854628989,0.0448980809552663,0.069526592274242,0.115188641821648,0.180927841221289,3612.41886633141,1,1
238,0,-0.0839128715851965,2.29827067057986,0.826374799602163,0.868146724049486,2.14905910945466,0.108661222661285,0.0452288183074765,0.0701817537628832,0.111238337192413,0.186978554269463,3585.05128984807,1,1
239,0,0.0347158808125976,2.35051645782981,0.701081652557211,1.03625386645494,1.81658846833269,0.101014420881119,0.0458366450294195,0.0720651325064946,0.117719333954243,0.194449166708614,3602.98999718045,1,1
240,0,-0.108334118555032,2.23344203085555,0.903285805790802,0.995849199237112,1.78433564248415,0.125900454157237,0.0451802133410663,0.0709870423960524,0.111902903802334,0.189257148046892,3567.494989252,1,1
241,0,-0.304178659229676,2.28812052266823,0.819526892527169,0.931451156857458,1.97924365960599,0.142335260074011,0.047409313434973,0.073962162881695,0.111966873824286,0.193399840600857,3573.2111694404,1,1
242,0,0.0957815325662383,2.29075032368496,0.746911812160491,0.797998972872985,2.12108973347935,0.0912811203200572,0.0461044264518654,0.0709036784782502,0.121602579193071,0.201422412435839,3553.47399396995,1,1
243,0,-0.0982796403488736,2.31332756313615,0.695548279424727,1.12039508055526,1.72644430250304,0.113210556482736,0.0466323398754992,0.073641180073702,0.107486782105841,0.188851739037277,3563.46157769913,1,1
244,0,-0.0167890647465349,2.30204225621929,0.834203905865923,0.783621861908287,2.2360373295171,0.10905651580089,0.0443529161396944,0.0682287163740461,0.117033103598087,0.19957320549932,3582.33730217051,1,1
245,0,0.0472017226717064,2.26054419058201,0.874439738466957,0.957725390844938,2.03186093691084,0.0908717272259901,0.0464646503992442,0.0715769848047716,0.11552529805809,0.188755156789524,3603.02333820054,1,1
246,0,0.0533501376835411,2.3607988841518,0.744858673916468,1.13296859998491,1.91890008500527,0.0870705801923058,0.0465640203041802,0.0724152782605726,0.116226711424154,0.190480663870605,3655.73000643123,1,1
247,0,-0.00271816337092318,2.30302486772536,0.847746573390714,1.05387650997211,1.93295892868979,0.0989644827889324,0.0468882348900576,0.0730539934663194,0.113777944010415,0.191579286635711,3620.05276949649,1,1
248,0,0.131732936533288,2.3218088594251,0.81109769337226,1.05020153083181,2.02859992817644,0.0857019295717302,0.0457893987619299,0.0709351368645734,0.112828858733662,0.194422623827274,3603.31926528339,1,1
249,0,-0.0339097723842204,2.34382356329268,0.782015544600068,0.932261394331742,2.17845324304455,0.105003469750263,0.0452352704542056,0.0698425943370123,0.116256317042443,0.192630298246841,3636.55256425222,1,1
250,0,0.0541368036186695,2.30631029012798,0.81810557496299,0.968263876221695,2.06740682534391,0.0947596802796538,0.0460561456447439,0.0715057638046825,0.114559818933623,0.187966566254601,3612.4076724931,1,1
251,0,0.063997971854778,2.27291529767981,0.842918327591629,1.00158445587053,2.0033077391931,0.0938696069305793,0.0469119402036343,0.0731473177390572,0.115940596787914,0.187701157051673,3614.76592053618,1,1
252,0,0.127745082618954,2.31738665448812,0.846705587935011,1.10467241845448,1.89561406824194,0.0844656177139338,0.0470498729506517,0.0716719522236065,0.117520563183668,0.195923853414176,3653.15875903979,1,1
253,0,-0.243856629048053,2.3242201212343,0.725520122601853,1.03869763646697,1.88519980346491,0.136066868730195,0.0455212363968665,0.0723175752381356,0.111957113329099,0.188590180666801,3601.48330334311,1,1
254,0,-0.0150295591121228,2.20007013628938,1.00679957910418,1.02789421666508,2.0931414762808,0.0969142649998478,0.0484667153235031,0.0718230354677195,0.11106932913198,0.192293490992199,3596.51295089038,1,1
255,0,0.0125724385389913,2.4245623555745,0.655418592461017,0.882391565816121,2.22543030174753,0.0981910730340579,0.0445902278778135,0.0684892415304078,0.114421918006586,0.19567175378312,3628.26176717496,1,1
256,0,0.169200260760895,2.27802519511763,0.870594894001596,0.830285840678135,2.31713731582525,0.0782418639725713,0.0459316779570498,0.0707131592996739,0.123180497361279,0.206372522614091,3597.71672742808,1,1
257,0,0.0813906429597623,2.32362028366766,0.735102876161253,1.01406724588508,1.9661958405412,0.0954968545559119,0.0461931860814232,0.0714181528826756,0.114861030145315,0.20003367825982,3588.32195430182,1,1
258,0,-0.101182381003147,2.28421793136784,0.802217812446508,0.86914275303905,2.16407068507351,0.109939632768575,0.0465460893914485,0.0731702184879737,0.113858007744775,0.197444541411545,3561.63983498514,1,1
259,0,-0.112916655751805,2.31420729575703,0.765871545285531,1.01599164568842,1.88530307944651,0.119769108084976,0.0463565013411205,0.0720167143361959,0.108445381246125,0.191587010078636,3567.17801280364,1,1
260,0,-0.180899723637002,2.3331457685305,0.805268107759573,1.08892977568874,1.96506528392238,0.115842433968723,0.0476648119171036,0.0722935322777233,0.107814584294723,0.182329217705273,3653.14563006283,1,1
261,0,0.0941942131276981,2.27786790530249,0.872250402419609,1.08089205798081,2.04003209398003,0.0890081183999109,0.0476874398477278,0.0732936194002799,0.112405297360246,0.200928489663096,3604.56660720318,1,1
262,0,-0.050297383925041,2.31849528388908,0.813698346787592,1.09566669988815,1.86547463801568,0.113141915577329,0.0463646924093505,0.0696358170799005,0.113487153680047,0.18478020875784,3656.6171881568,1,1
263,0,0.100889554613802,2.32764780119336,0.793936243950124,0.896451357054816,2.49613224878162,0.080501438139748,0.0472311676625264,0.0753893983306358,0.116840709385194,0.205669886910803,3610.59297428508,1,1
264,0,0.225940544434163,2.25718183514667,0.829362562955332,1.00153139209052,1.97411784129617,0.078985824037721,0.0456804222306251,0.0715186428878678,0.118805744436491,0.210814349411904,3540.27905677943,1,1
265,0,-0.00735731972641982,2.28189245255308,0.82477749272977,1.0530999567239,1.85651990734952,0.10404076267589,0.04503093649282,0.070648944957162,0.113227907417357,0.187577497616528,3586.87102289209,1,1
266,0,0.0282568522002358,2.33477944145494,0.75530043487761,1.06603912140139,1.99103853587393,0.090561717947498,0.0458202125614653,0.0704111851605779,0.111657180382664,0.191618832192104,3606.24497937428,1,1
267,0,-0.173041823593132,2.36338786758209,0.731263726883836,0.96503012030026,1.8900073763125,0.126178760611297,0.0450455168707449,0.0698739893470516,0.11186981907152,0.181656285038384,3630.96568565495,1,1
268,0,-0.031585405325229,2.38097202796143,0.674157951484515,1.12221061966474,1.7249708040971,0.107151272457033,0.045622761602819,0.0726456256293453,0.115301914742781,0.182264277940124,3646.72932592728,1,1
269,0,0.0350501384178296,2.27733741914601,0.870002716519838,1.11132939725067,1.76717797639765,0.101477416368534,0.0474267661180675,0.0744051923838482,0.115688664342243,0.187733472256398,3624.80601481189,1,1
270,0,0.0961796321862321,2.32062219065129,0.75300233858384,0.813747280892033,2.38308494691214,0.0889878141843374,0.0441317252744022,0.0687061501663783,0.117685390763213,0.209661862420202,3559.43642499162,1,1
271,0,-0.0196991024838785,2.26052862239963,0.861004558191221,0.95715307397722,2.1302126979774,0.0978432909674384,0.0484905754203121,0.0738709338629712,0.115412287717381,0.192848390658976,3605.4292213952,1,1
272,0,0.103759981542865,2.27399469964019,0.862623384955665,1.11761895141959,1.79278162613583,0.0917646833084977,0.0462369317263518,0.0720187177059484,0.115484403385271,0.18735426892753,3615.20238482375,1,1
273,0,-0.0395916455125065,2.33642988606952,0.709791383981672,1.04709992606265,1.90644110460771,0.106358808501712,0.0486499656405382,0.0755338449184549,0.114625475748128,0.192598363192387,3620.71510254146,1,1
274,0,0.0668567648400479,2.35628045013789,0.682163891726176,0.945942275594996,2.12767461425199,0.0872566398312101,0.0456559021126935,0.0708360456565311,0.114851717857091,0.19616964760266,3595.08255812632,1,1
275,0,-0.065379528235627,2.27066410931438,0.879622812174475,1.25012347512408,1.58840161021845,0.107492296905821,0.0487291637446342,0.0754240622394429,0.107460114781723,0.177525476262486,3630.72186915431,1,1
276,0,-0.242955646088013,2.27317863955322,0.829843561279587,1.04334698702284,1.90948573725827,0.130119239240068,0.0486069193415208,0.0733143865890518,0.106923184275471,0.181954058258736,3594.04251124152,1,1
277,0,0.0697284068417769,2.37546715105406,0.653594518692192,0.769187467321347,2.34375002433339,0.0941377394555555,0.0426960891400484,0.0685688739733482,0.118406705216456,0.195673962169789,3580.79362964816,1,1
278,0,0.00939629300323325,2.22475075781993,0.884773019343856,0.786494348345952,2.24252673448008,0.100195998016207,0.0443802863452461,0.0694887747718919,0.117894570323704,0.198070529531107,3532.48174509123,1,1
279,0,0.0566187437089181,2.26724063544218,0.814965265367313,0.71747359061159,2.42221063115429,0.0916450344543264,0.0456831994639674,0.0693900719240788,0.121616071257951,0.198756127968979,3569.35242807384,1,1
280,0,0.0235750229984074,2.35455410379266,0.700209237009805,1.09472275697099,1.85795532761845,0.0971523051191305,0.0457325791758006,0.0739966451910261,0.114995433353722,0.185787330043025,3619.83852316327,1,1
281,0,0.00346293790019142,2.33728507206951,0.770379988134972,0.980945039151631,2.03981413248571,0.0972367245563671,0.045329856346748,0.0704330291599598,0.113601129196914,0.186412434185248,3621.68481646378,1,1
282,0,0.0361741789500386,2.3258014643809,0.775914353093871,0.906420075567325,2.02586877271447,0.0999758272055916,0.0440272257347831,0.0684425756846109,0.112243446930986,0.192682424888156,3584.5438741163,1,1
283,0,-0.152227623128343,2.20939792398573,0.944949703880179,1.00561173174437,1.88309349561037,0.124808783092778,0.0467711556708645,0.0722674007481998,0.111408655524041,0.183447098742506,3597.6705333569,1,1
284,0,-0.00464027176380716,2.31335505019186,0.704476675889003,0.88682759677925,1.92205436636611,0.113177947682206,0.0449836335816446,0.0689159329302746,0.114146862214394,0.194300167807074,3551.34577340707,1,1
285,0,-0.0119185294746673,2.252267002591,0.899591507468452,0.883114323177323,2.09570142278178,0.11082638434467,0.0460958925974054,0.0717823348698395,0.115697937305598,0.200137238726237,3572.69375599797,1,1
286,0,-0.0529238031910514,2.27683814844272,0.87285293532443,0.914970825873003,2.02295585812698,0.112740646010641,0.0445227135980362,0.0707417289255127,0.118614191837217,0.190788675293568,3604.71036288343,1,1
287,0,-0.0179060926842825,2.27034282756033,0.85642378405934,0.988047529551457,2.0338168350008,0.0962261765645395,0.0457279758426393,0.0703136953203783,0.11274853661009,0.185461325409367,3611.63378115368,1,1
288,0,0.0897325891336454,2.3173450041629,0.723821838360515,0.894998939978077,2.12678556164178,0.0871764147553122,0.0450786625526659,0.0706494549285965,0.117670742868788,0.194118360575868,3575.53301410709,1,1
289,0,0.218218980905658,2.26632869413652,0.883197532195683,1.05072305305084,2.13304167646473,0.0702156890297741,0.0471194620428589,0.0726539462524697,0.116163587750028,0.205053385679103,3586.94724948245,1,1
290,0,-0.0365092149137275,2.31726416231283,0.816336169560956,0.96925339821312,2.05565646882904,0.107353616407189,0.0473907189182507,0.0711287343177157,0.114811273321352,0.191867759871535,3635.48292951685,1,1
291,0,0.000842576654949192,2.38926672420383,0.680066662001325,1.23078648106022,1.65307371113539,0.0973400828379413,0.0465667554897556,0.0718362438303263,0.110634478226368,0.179629122379502,3664.52023273405,1,1
292,0,-0.135743408188823,2.21722216870398,0.956094196323786,0.993780401989808,1.94443951643224,0.115706242478527,0.0474283987386469,0.0734695986246297,0.112719145336065,0.187715446564293,3594.34710659447,1,1
293,0,-0.106478887353112,2.28070177446487,0.829624465717815,0.965610315288414,1.93132956391312,0.123371578403966,0.0463334920487223,0.0709764985847218,0.112450709810353,0.197132179765558,3578.57882511346,1,1
294,0,-0.0426658581886805,2.36535687755812,0.712293493456614,1.02561803759164,1.95551854000934,0.109084397318082,0.0448205806752704,0.0700874438128371,0.111316657804201,0.183356270536809,3623.97343965189,1,1
295,0,0.0749736219081487,2.3071375379383,0.85087158904993,0.975479766247012,2.14601653786785,0.0895260480840512,0.0458841960569572,0.0706335716430098,0.113612416143786,0.191208836178495,3619.70340941158,1,1
296,0,-0.071866684453804,2.39112396886488,0.713479686028523,1.07698797753939,1.88663752637098,0.110732863877205,0.045914851661784,0.0711648064536354,0.110137567320958,0.185510552237764,3646.08396192661,1,1
297,0,0.0632186151017212,2.31375394309753,0.749076842558511,1.12878567651341,1.86430931000774,0.0900647401535958,0.0464098453287081,0.073309491087599,0.11580392310466,0.192637030770015,3612.63240707904,1,1
298,0,-0.025448081164417,2.25822682012052,0.916868991321605,0.797641888308817,2.33809277394521,0.0970956532272165,0.0452965426400215,0.0704670002784288,0.117638184008412,0.199228978553559,3591.41967305826,1,1
299,0,-0.148818958650923,2.352796326237,0.753102169936917,1.20343237839303,1.57726923441202,0.128260290427029,0.0471438662171181,0.0735160404234515,0.108799292708879,0.188985657515241,3632.86447863376,1,1
300,0,-0.113393970993665,2.31875540834701,0.864963988533341,0.865500245649835,2.19866545102635,0.111842926410303,0.0448018385954563,0.0691186911229094,0.114678707545791,0.187648687878873,3643.7963280042,1,1
301,0,0.0113613207515843,2.32419610086256,0.764966061157438,1.13410002862511,1.88625884512465,0.0930382463432491,0.0478911477793872,0.0725349680105013,0.112193675569508,0.190216729021271,3624.90054315035,1,1
302,0,-0.0638922386489563,2.24259259972657,0.851885592973381,1.02458145765356,2.00147500072683,0.103455053089296,0.0480443624128574,0.0739330418942161,0.112012080581306,0.190544595184795,3579.04800674444,1,1
303,0,-0.131619841347932,2.35453987867227,0.751201284828684,1.12926361249591,1.8398188655042,0.108708993879374,0.048647321181484,0.0743481590183871,0.11142453212849,0.186230366353501,3650.07831355416,1,1
304,0,-0.186931691672152,2.28864167901384,0.790891550976928,0.923792735486592,1.8681064744606,0.143644899052787,0.0461195243056457,0.0720572343148604,0.113007524313974,0.192502999624831,3561.47498070238,1,1
305,0,-0.0675754809008956,2.31880602874911,0.78440323063504,1.06443777413973,1.91622499304948,0.108715077561706,0.0469339825134588,0.0709379340390466,0.110668867711283,0.184121655148338,3619.76413313314,1,1
306,0,-0.0161953613129634,2.28887284501794,0.896775038118307,0.822789260734447,2.36199456739134,0.105173215008909,0.0448362498847699,0.0705889709926971,0.110609717116798,0.198166416686458,3578.58943500543,2,1
307,0,-0.0992583090872911,2.42058077982295,0.641963490624952,1.07137987473312,1.84435196410147,0.118545207832421,0.0459365001292664,0.0726602492702945,0.112311177672263,0.197404148947583,3630.89073361464,1,1
308,0,0.0458485493742735,2.24610770521877,0.857306816345419,0.978315928169658,2.09262729491941,0.0892478537660731,0.047274748456294,0.0737197468438254,0.11415539306599,0.190642822454001,3577.39108748722,1,1
309,0,0.0566828673483917,2.32312134747416,0.793258786453891,1.00121232283488,2.02073828325566,0.0910366199174992,0.0444852491156545,0.0691694019520799,0.114522898140323,0.193563021551773,3603.41676049023,1,1
310,0,-0.0653297412112583,2.34349156645408,0.753423616185166,0.931737599792822,2.11557744135395,0.114528244552373,0.0437041984988302,0.0694977818598346,0.104766927736735,0.189833386038596,3562.61759087868,1,1
311,0,0.0515597073859355,2.32354015298257,0.805772728638608,1.06858912352914,1.95976518633157,0.0879409319452041,0.0466352737213541,0.0730345645016086,0.116305295722866,0.188305400426231,3644.3951044266,1,1
312,0,-0.221258505499181,2.23307423447062,0.909145762558982,0.931448293509139,2.06766036201001,0.124770821235879,0.046998776781487,0.0730460252102065,0.106068933348342,0.183050948306463,3557.52606973776,1,1
313,0,-0.125541917999968,2.33974487700441,0.771334208242216,1.10454145587308,1.78779987155763,0.114631058661132,0.0458468336107007,0.0721944943881487,0.107652074215968,0.181419929181916,3625.14571511795,1,1
314,0,0.176371681582265,2.30119547337337,0.792444903184208,0.948777114161035,2.34304892167858,0.0747366808343873,0.0473692813115833,0.0732878170609696,0.117016556398618,0.209371453144756,3581.33670937962,1,1
315,0,0.0448381040508978,2.27069775533414,0.873239161338554,0.980739331588289,2.09349265988537,0.0953367969659885,0.0469742132059871,0.073502199275495,0.113127364911556,0.190348712188998,3605.99314470108,1,1
316,0,-0.142842115172516,2.36438415061207,0.688142732677796,1.00411721312248,1.99594145736334,0.120965577099422,0.0476989705526435,0.074412715637364,0.112985508014992,0.193163307869537,3592.41331283215,1,1
317,0,0.0437303153838653,2.31038098228301,0.845630586927665,0.914457022039981,2.28189988782499,0.0912276915207408,0.0454796161310698,0.0699104725790031,0.116948415483068,0.20849611245888,3604.5725548201,1,1
318,0,-0.0641897741379719,2.26203146501862,0.843567482862196,0.939029957854004,2.16339162815943,0.102131720780713,0.0476524848487317,0.0746495946880791,0.116282667463944,0.194229119383178,3588.83500132091,1,1
319,0,0.125947456124733,2.30849046954557,0.782136731445723,0.925054189167247,2.25360302742321,0.0788918622682883,0.0462658764903067,0.0715181588753923,0.121449110276214,0.201521601482122,3613.8657018264,1,1
320,0,-0.00766384266177894,2.27709492988409,0.851375539719661,1.10389130085954,2.03499258213298,0.101022723239502,0.0489281385646833,0.0724618521111631,0.111246228372002,0.200180990341939,3620.44984338755,1,1
321,0,-0.102183092059428,2.35786960040646,0.717396770164762,0.962412377644863,2.15338175398415,0.108579832489324,0.0462029308580561,0.0712056990797754,0.10990035295367,0.189046684921948,3606.1832551483,1,1
322,0,-0.0366131055087335,2.25105389467874,0.805115792940758,0.929700215099974,2.03974392484486,0.108244825519066,0.0462275127232427,0.0711057676289191,0.114869154809293,0.19899898121933,3541.95656760178,1,1
323,0,0.0188729131864379,2.28625429146562,0.831613187479513,1.02242743191744,1.9720663493098,0.0974051831526883,0.0468876358306834,0.0709895597789048,0.114908059400686,0.194147385962706,3605.05018983614,1,1
324,0,-0.0747426910334243,2.3806812390867,0.708159509240727,1.05656808030018,1.86812310046867,0.116069442214379,0.0455129028437249,0.0709206079813846,0.107694253808025,0.184999614360557,3625.0727065244,1,1
325,0,-0.0708749949939084,2.3263082141231,0.794347974934155,0.986832576507421,2.10004957025572,0.0994657406341725,0.0483045373764833,0.0767140171252689,0.114333716450828,0.188282336377852,3626.64729826825,1,1
326,0,0.0181765325853436,2.2524225759759,0.81437063347988,0.917123469900369,2.1346943931822,0.0961141979126522,0.0477753566241733,0.0752097720056689,0.118198930454417,0.190772927390476,3582.96277345936,1,1
327,0,-0.0866015776550471,2.3073665824042,0.789057208480411,0.939803737167932,2.09990509832247,0.113582023456355,0.0452273439854007,0.0714230049243072,0.115099687866007,0.194181917109755,3602.09036683441,1,1
328,0,-0.165119644272644,2.35756977155589,0.74158361257328,0.852134365192826,2.08748256200839,0.126398151519163,0.0440852566435702,0.0687892750119044,0.116541180428881,0.185306426693963,3625.84501930231,1,1
329,0,-0.152157006001851,2.37047611777909,0.710637495190681,1.04764601686104,1.80618895664144,0.130695173437207,0.0446406493150533,0.0706290152296906,0.106127956496042,0.176229453096592,3616.68547351686,1,1
330,0,-0.0483124324456129,2.41068514624074,0.688624597365632,1.2212629554401,1.78774311951672,0.104674962765978,0.0480763431346614,0.0750363926535725,0.111637146849615,0.191554292324703,3672.87106336833,1,1
331,0,0.210407243627523,2.29489224080535,0.779514427355794,0.892361899120765,2.29522550904717,0.0733641508108525,0.0454563285132805,0.0701023187539173,0.119156889164888,0.202197796451387,3577.45155218665,1,1
332,0,-0.172275370067657,2.28609853117458,0.887044771854676,0.99356592388655,1.92625349549343,0.127958217000158,0.0469372545853728,0.0736577812727441,0.111648054793994,0.187295441434681,3621.05998238798,1,1
333,0,0.0578592519113921,2.35096497936408,0.769172956606974,1.00936447600496,2.07708123570215,0.0939896146531817,0.0458353287791806,0.071106421571206,0.112983947381086,0.19506452883817,3615.72912904399,1,1
334,0,-0.124676502936155,2.3240580248882,0.749618852821843,0.940255958221218,2.14309854019886,0.113300538271638,0.0468219581794212,0.072640421924101,0.110441392341273,0.180486790864075,3607.66098066202,1,1
335,0,-0.00324095071592918,2.30004222968703,0.842500534652924,0.98411720418527,2.05321149442677,0.101666048206055,0.0451730576506968,0.0706033394039309,0.112798089165579,0.193345651821833,3588.99503028774,1,1
336,0,-0.137863440647372,2.30555591581566,0.828406185897135,0.873193655153802,2.12589528683126,0.126490150389467,0.0442901010612733,0.0677307709661167,0.112609873178687,0.193604505839318,3591.8120096681,1,1
337,0,-0.0106305811079975,2.22680111027141,0.824254019587449,0.878021658066796,2.09373792007643,0.107737888442416,0.046145920668444,0.0704631902987699,0.115015666673054,0.194452836731117,3529.94719427441,1,1
338,0,-0.0218744366367314,2.35468308849275,0.740921383976017,1.07152703594154,2.03384419200682,0.091165009621786,0.0473051552497184,0.0737189420415481,0.11207288333459,0.182148356169887,3657.23175129378,1,1
339,0,-0.0225677448868295,2.23833139237938,0.917604342928238,0.751402624012837,2.2745822052464,0.101344760925343,0.0432565186574452,0.0663887702898386,0.117090389602419,0.19933275534185,3553.37039402183,1,1
340,0,-0.0918445365440091,2.29555656574891,0.775767869545624,0.989766009050788,1.82083957609265,0.112379259939236,0.0449538079589931,0.0718313425760931,0.110705076560098,0.184016667283807,3570.99602099056,1,1
341,0,0.0130233213407817,2.28234078555779,0.830254547461438,1.06921723257777,1.85351150121978,0.101643275559022,0.0462687853595907,0.0708223809276415,0.111884299112576,0.184346895751532,3613.89417946579,1,1
342,0,-0.0216237704363874,2.28475153676437,0.80617294387526,1.09010539870662,1.76507551875761,0.114499412644023,0.0470588597459681,0.0730862700056256,0.11309327477105,0.193483477525146,3591.08995183772,1,1
343,0,0.04769016798862,2.25130812261506,0.877717257547971,1.09857178103673,1.71076249124874,0.100749245906137,0.0485211698332775,0.0739974463465273,0.113306532155094,0.184428115765477,3606.25227985493,1,1
344,0,0.0163612874127946,2.29850065462773,0.79315225998911,0.83083821244301,2.33725636615356,0.0890638922075505,0.0444673435251721,0.0697679325387264,0.118896057276175,0.200204719823644,3585.41932791145,1,1
345,0,0.0889529780108083,2.27686820232405,0.87576763074293,0.882462231692561,2.13207624398682,0.090420963807246,0.0441468672859863,0.0691847188853087,0.11659964944235,0.198548599578632,3576.10316275486,1,1
346,0,-0.223171470226802,2.30685075364589,0.730345703702248,0.999177482984335,1.85433539846454,0.131978544133423,0.0465260286220586,0.0719397289343219,0.106723876410935,0.182458417840668,3565.87408806409,2,1
347,0,0.00478260998971848,2.24518930076194,0.887343932900178,1.26347162162595,1.63775993872607,0.0948969316683004,0.049377239046965,0.0772505334631156,0.107758569369878,0.177501217352126,3607.54356978107,1,1
348,0,0.0199758792570021,2.36371424967259,0.665222584012186,1.06156609983859,1.97697848066045,0.0967900542338778,0.0453722002723913,0.072726519853267,0.113507613595447,0.191216874900946,3601.08622074724,1,1
349,0,0.00922084555546689,2.30628583436006,0.82317045222904,1.03124659272702,1.81245357942769,0.102052641816161,0.0444660068269001,0.0698885831146584,0.114409772749337,0.1907524020047,3604.80649637979,1,1
350,0,0.0846102802007787,2.35899017156742,0.741032068189472,1.16774443063759,1.70826046740477,0.0916338216673147,0.0451599832010996,0.0717047912311444,0.111517235595958,0.187046753674284,3617.68012753427,1,1
351,0,0.124383414104588,2.32631066837614,0.740206403509219,0.843052038969988,2.28572507128664,0.0881666301526716,0.0452278920474331,0.0703536245827763,0.119109038389969,0.20477868455014,3573.76588807302,1,1
352,0,-0.0160870549182486,2.22598528868328,0.8958722200995,1.11729454562069,1.85589908176076,0.104997959555445,0.0467445197908233,0.0718013827321751,0.11164505525556,0.192531927743986,3569.10872041569,1,1
353,0,-0.109090935083275,2.23348438608489,0.86559987345826,0.905018866190451,1.99906540498395,0.119160883357708,0.0469815037209986,0.0713092082325499,0.114883582968216,0.196043626397578,3545.68493115671,1,1
354,0,0.0808207602385966,2.28718684735601,0.829815190159262,0.93452202342856,2.02292560955366,0.0933141052786935,0.0458571751209344,0.0695699647634721,0.117952491898193,0.193993174029614,3600.64940765484,1,1
355,0,0.129034817024561,2.32307026373068,0.660268846740228,0.99530190351964,1.87995129389768,0.0903300931954523,0.0447214833763864,0.0699287889969988,0.117007724501033,0.195929007118647,3560.66109546022,1,1
356,0,-0.191915493606199,2.3055916592879,0.779045146018731,0.923290154783808,1.96531665315516,0.130964443964352,0.044975893453323,0.0695402572394317,0.109625066661777,0.181538676079769,3591.5720980673,1,1
357,0,0.0994964714718151,2.34197750376222,0.732875777449645,1.06659594823034,1.95232089015523,0.0913122542880075,0.0459055346504679,0.0715621308569448,0.114487296377048,0.189401094169074,3611.6495143983,1,1
358,0,-0.0355766144641289,2.38528883492619,0.657423319220393,1.21765314822245,1.5410820770361,0.107132806017781,0.0473173716145749,0.0734912494604209,0.107384323693385,0.17747076825884,3639.51053570207,1,1
359,0,-0.041202010413505,2.33591362463273,0.769502496230959,0.92930257360377,2.04262553102101,0.113049718218312,0.0460047252912806,0.0708280434508019,0.11510007242994,0.199441605473922,3602.71578862125,1,1
360,0,0.0427157933020317,2.25781870424284,0.920753148096751,1.07064595856631,1.99458382349538,0.0868759376070692,0.0488434026021246,0.0736216242729596,0.118299996950509,0.19398544227312,3633.65592143019,1,1
361,0,-0.195009413469406,2.2993551496549,0.842035548040266,0.926986954246145,1.9517532837257,0.127673024806812,0.045485477331533,0.0709606146280538,0.112899727725897,0.185439811616711,3593.75497841974,1,1
362,0,0.0282353928442654,2.21355089579173,0.891312469882085,1.09239284130745,1.70837217969805,0.0987581834138378,0.0478344732743948,0.0737768498737409,0.112486978124704,0.182350220025716,3574.24817642767,1,1
363,0,-0.148977759594567,2.37857503808741,0.665854861448981,1.17633194656782,1.85817614499853,0.104664478951914,0.047234588349544,0.0740509343835185,0.109773535154381,0.177450385268502,3654.99815451309,1,1
364,0,0.0773441766282198,2.30540187049769,0.770264523232825,0.876493522655194,2.11728821575412,0.0930103591395171,0.045924706602419,0.0713559107699341,0.117204274104631,0.202630561647856,3572.03249370334,1,1
365,0,0.0721610695839424,2.27956064538433,0.856972710529723,1.32294585570088,1.62973126363889,0.0900753024841301,0.0490781400462712,0.0759638121422921,0.110881078515825,0.188732495081675,3632.61566211952,1,1
366,0,-0.0678854059746998,2.28798589608949,0.788714150311726,0.986840158158478,2.10272255889517,0.101019905667712,0.046785411707133,0.0724120880278046,0.110708913903801,0.190354646464637,3577.51528180779,1,1
367,0,0.078883793631057,2.21692408573787,0.87749100342528,0.980367360868359,1.98427658621034,0.087734951207014,0.0464088884491213,0.0715650274093897,0.116383443009556,0.192962457613908,3555.59005360501,1,1
368,0,-0.0867454413902628,2.34998168594074,0.739371641729081,1.2234136626947,1.61062780058167,0.112104661869777,0.0469258655589033,0.0749726539435876,0.111013885095045,0.17993285497206,3642.37901332899,1,1
369,0,0.0623710224103421,2.31481810963304,0.694168960906879,0.992178201756986,2.18979805008298,0.0849697232637068,0.0471788640902251,0.0727742052893821,0.112665822679194,0.194912089827573,3565.16634239982,1,1
370,0,-0.102619478331296,2.28423277545957,0.798589161494418,0.983620754327874,1.96303846088065,0.114212603106809,0.0468115688927617,0.0715857475112828,0.114188174714552,0.190151375074359,3595.73386019961,1,1
371,0,-0.0491246109887242,2.44182384502393,0.64069857798202,1.02406663008305,2.07091441263801,0.103617374918697,0.0450301879967259,0.0704436289100033,0.114385996161567,0.186917098496486,3690.15051364146,1,1
372,0,-0.171769923590051,2.27824855841275,0.908631862483881,1.08855072227105,1.80325526198296,0.132273596574344,0.047965872488324,0.0735517729736393,0.106880950536457,0.1823969345391,3623.05549381334,1,1
373,0,-0.0120584309361252,2.29258929275866,0.809659596926639,0.922634950202075,2.08717679559228,0.103122289416446,0.0448964599818205,0.0690635667318868,0.116313039016814,0.194113955399494,3587.61692948114,1,1
374,0,0.109796264357704,2.28028910208862,0.815054512270446,0.75393165713224,2.39474561704456,0.0873401211100936,0.045110512144558,0.0695632201112415,0.119790228465984,0.193645286054162,3592.3426727325,1,1
375,0,-0.110173715075792,2.2695944513168,0.789543096932722,0.938075436900396,1.94261463792824,0.119485323651622,0.0460874081796091,0.0711018268759945,0.110583655759903,0.180209982535212,3573.35752227849,1,1
376,0,0.147128134451272,2.34774220302864,0.681784951096032,1.06034641429165,1.92253748388874,0.0807638577032657,0.046782652103494,0.0725902954628359,0.119967545845511,0.203831299978569,3597.83728673753,1,1
377,0,0.0156279789655897,2.36738751404354,0.756415345615842,1.06257141699806,1.86452751688906,0.0985011849268552,0.0456316864231805,0.0697572515244464,0.112562979110489,0.186061696507329,3644.88119407313,1,1
378,0,0.0521195477900231,2.2800340625486,0.81337758962099,0.953795721153774,1.9924510510877,0.0934310728651741,0.0464241822095161,0.0717306810792835,0.116644163656106,0.199050614195575,3578.40462382022,1,1
379,0,0.00714215742635061,2.37480514578353,0.605686605595976,0.894107485853259,2.14095092364976,0.0955505971486159,0.0423734293742937,0.0696514082731365,0.113948927218445,0.193276043959835,3560.73471957171,1,1
380,0,0.136768402760781,2.27849623928447,0.760794485434381,1.0475047028288,1.92426076341058,0.0820028450616562,0.0454882173592109,0.0706105030473173,0.117260239526227,0.192862563547561,3572.06372924933,1,1
381,0,0.063104550079313,2.3633863762298,0.680513866572742,0.77864810342482,2.38134347757087,0.0847541283879644,0.0439311615818338,0.071088564391184,0.122689458301599,0.1996036855006,3583.3109145185,1,1
382,0,0.0974059182180275,2.32052319968293,0.814380289383299,1.0880184913202,2.04047834650844,0.081600923197377,0.0462783021250483,0.0727118128943169,0.114226794073762,0.192062891794749,3630.63496543805,1,1
383,0,-0.0261821030359221,2.37594614942415,0.667226619794062,0.817635961424474,2.18946010883325,0.105512738205001,0.0441371760115489,0.0682392106473657,0.117001178784051,0.189985255779299,3601.52413178461,1,1
384,0,0.0388629473531816,2.29075229250967,0.779534082585912,0.887979190317605,2.10230090981124,0.098077767962434,0.0448785932208402,0.0703509116134341,0.115203954370534,0.19723008242426,3557.28507901116,1,1
385,0,0.0163198845690715,2.21839659490841,1.01212053352593,1.03783756505937,1.83640257593121,0.106369227033495,0.0467010166749146,0.0705674969000451,0.110899997318505,0.186823680812865,3599.06134075488,1,1
386,0,-0.0392075823555609,2.27975851916505,0.782776013370841,0.82471922780781,2.23629247217251,0.103560434974927,0.0450948816277339,0.0714284374665574,0.116624644660913,0.194491406841363,3548.11057342517,1,1
387,0,0.0122711249281942,2.31422168164058,0.751488572890579,0.927262098579578,2.04428143942112,0.102152884120594,0.0457746606790483,0.0696626945575594,0.115190221290567,0.197342460398328,3583.78922327298,1,1
388,0,-0.0585138456003996,2.34898857337388,0.684472763337987,0.866310058093298,2.1578576539023,0.109518556043561,0.0448185223512809,0.0700626593626881,0.114522461405596,0.199275635723505,3576.23748780932,1,1
389,0,-0.13364159338041,2.28150139774695,0.843378234439999,0.925861605348548,1.98796570826615,0.132073201076078,0.0479050637990872,0.0738157213301077,0.11142715534343,0.182550008129875,3595.57009997784,1,1
390,0,0.0927753286032806,2.28256204261702,0.804514008588403,1.17640070777991,1.69858028686298,0.0878405549113426,0.0465294395896564,0.0707340956560444,0.113748785177865,0.187791219695092,3610.79171133155,1,1
391,0,-0.117313982448181,2.12752673383755,0.97894321341767,0.938886371101997,1.95123060527039,0.113842024267177,0.0489245619415808,0.0750449432309627,0.111222683970369,0.180312919919127,3534.05081942615,1,1
392,0,0.0499470138930114,2.2816227480689,0.807955205572752,0.899786666041599,2.06948521663865,0.0974038718679474,0.0453749100888287,0.0720110455549831,0.120047108223284,0.196272908933899,3577.43820048178,1,1
393,0,-0.120350904388328,2.28341835995349,0.773997380292351,0.932868294233846,1.85181427770537,0.124592889164727,0.0458472632021539,0.0715120013303406,0.112452909462959,0.185437310213856,3568.80625414114,1,1
394,0,-0.094206138467618,2.32246669104688,0.800453784105461,1.00733895216659,1.90619335658687,0.118146692399284,0.046151392684123,0.0710112343170694,0.114012724096754,0.187392843323173,3631.22865886378,1,1
395,0,0.0211466598602464,2.35557198805858,0.706004380067278,1.01917805052013,1.81853461764192,0.106542027762605,0.0461980070871912,0.071607225738041,0.114716224268914,0.1908848234935,3596.08315147429,1,1
396,0,0.0564453894743056,2.32953075846939,0.734896308946425,0.872735483846545,2.14660786624498,0.0939683146449408,0.0437135044894534,0.069812108927499,0.121223569261429,0.199272756205749,3600.85817417659,1,1
397,0,0.0229265201634836,2.25626990313505,0.932234042087757,1.22327517439523,1.74575836908342,0.0969448874447575,0.0492052980999241,0.0751477501511639,0.111938278225652,0.184974394007902,3651.52912535555,1,1
398,0,0.0840546420364838,2.39187658779561,0.688558479281042,0.918003984162672,2.21520004860131,0.0874933832374676,0.0468361899713934,0.0723002737895842,0.121342269902534,0.201376518687241,3644.49749126376,1,1
399,0,0.127345428401715,2.24938781536895,0.868979142931539,1.12016321498667,1.97679258444096,0.0768072553861551,0.049006683898582,0.0742691188234479,0.116974753654168,0.19914853690308,3597.78747667474,1,1
400,0,0.0229014745273551,2.28833619258902,0.82950448778352,0.790652480088545,2.33672250002929,0.0960355900504623,0.0444328472190138,0.0692680889430529,0.117426727167619,0.196552997110213,3589.12671571685,1,1
401,0,0.0360629703777458,2.33870095755537,0.772842870685782,1.00082039850795,2.05422144807433,0.0972741488474168,0.0444942294884844,0.0702268983156299,0.11372130445426,0.202303002030471,3593.87260087675,1,1
402,0,0.0233650952194569,2.28095278125012,0.804834952055096,0.979907621379209,2.11006225620463,0.0966915814215941,0.0479216509648391,0.0740635721221879,0.113314426758308,0.202909285487043,3569.67626640108,1,1
403,0,0.0744643482028692,2.44184150187014,0.560564361586774,0.981967950778676,2.1236294852959,0.0886881971088559,0.046214467379368,0.0732591024217388,0.116289266534714,0.193931834423614,3630.77447877508,1,1
404,0,-0.020934659534565,2.27479459997327,0.834354607503091,0.996847532881282,1.96078454088229,0.109630868172108,0.0470506291489567,0.0726272989814025,0.113725213896463,0.193977012380991,3591.320848909,1,1
405,0,-0.0716380857709083,2.2778211041024,0.845579369439323,0.901093258824515,2.06170891630795,0.116108296174979,0.0446269314332718,0.0706604484156348,0.114992347647561,0.204970092073296,3567.1923746455,1,1
406,0,-0.328608895697062,2.27940438003855,0.874906023673126,0.939081309152105,1.88808233717831,0.158210302968368,0.0453224006927346,0.0704445555717061,0.111911800745277,0.184846409796072,3601.51026808979,1,1
407,0,0.107312952680059,2.30687480713429,0.819497238111715,1.24494296210992,1.80880509449132,0.079949376420663,0.0479743282810865,0.074978616358891,0.119295762874547,0.193515892025073,3658.59621753608,1,1
408,0,-0.180610581222203,2.2787642164978,0.845243227802281,1.05697354934221,1.71606543092538,0.13665821720192,0.0472144594681847,0.073380634928734,0.108642049037882,0.183205686586736,3587.48849775494,1,1
409,0,0.0617258478597403,2.25132651054866,0.852954406628207,1.10565746033008,1.91742856243556,0.0941178354600127,0.0469012164750047,0.0722088370740285,0.110393855283399,0.192128120294433,3578.57689354546,1,1
410,0,-0.0233292742398749,2.31714001719852,0.811432942189675,1.00107660674597,2.01278257708162,0.101413816668741,0.0457946960415745,0.0711860922400085,0.109940225229709,0.191473836807231,3601.35830677062,1,1
411,0,-0.0559816610439347,2.36510545190884,0.751028284128305,0.991678617809116,1.98246539178623,0.110179197660345,0.0447498407365518,0.0690977924006336,0.111386878949357,0.185436756556275,3627.32210929837,1,1
412,0,-0.0157388368861327,2.30666759211747,0.791060582387854,1.10554713839188,1.91407986224699,0.10207079030539,0.0474625688835579,0.0730449786705467,0.110935807348067,0.188971313052063,3602.46788767711,1,1
413,0,0.0150173644523062,2.40763301271662,0.610606553540922,1.06651851016394,1.85243792977862,0.104142597549051,0.0456042102345235,0.0721767584487513,0.112820453776274,0.190540701107799,3618.76816810756,1,1
414,0,0.00144014646514638,2.28000254403004,0.856341864814512,1.08251119654756,1.93012399218832,0.0977193986674169,0.0475449483502829,0.070948241605287,0.113875147223642,0.185498879896319,3637.92943855591,1,1
415,0,-0.115303739650863,2.26375888366018,0.854660385224417,1.02784174483839,1.84548008211827,0.115330627981448,0.0462620421079463,0.0725237004619912,0.113298361372246,0.187399141146211,3597.53924297891,1,1
416,0,-0.019541409255237,2.31371021115955,0.783174410954542,0.970978168422432,1.87740721434895,0.114709462910261,0.0447447502749705,0.0679322223688171,0.110848233043396,0.177951133576425,3595.78060992171,1,1
417,0,-0.0988222350967394,2.28263275042862,0.809087521725172,0.969162901419852,1.9169204311831,0.119556449930102,0.0468948777340755,0.0727688198264306,0.112676071410696,0.19035610695539,3577.59487205183,1,1
418,0,0.0617680804341013,2.36834657244963,0.741086903891277,1.21718011860349,1.6399675935941,0.0993878428494638,0.0465760318106282,0.0730045004713287,0.112033113134201,0.183921539177609,3663.00270113252,1,1
419,0,0.151268253168822,2.32424280860774,0.775553382609615,1.05469932379225,1.87121001596495,0.0894903131691811,0.0448760911403989,0.0687972811257172,0.113444039317461,0.197091863282942,3591.89293466386,1,1
420,0,0.0323695212457076,2.31162314054906,0.832297635064183,1.11653769317386,1.894438137449,0.0975493269393324,0.0469553556121199,0.0726656178089949,0.110732037077387,0.189652791114395,3633.09451306918,1,1
421,0,-0.00653279070109745,2.22851692311136,0.929668023203322,0.930723379867014,2.05122275114215,0.101703126339382,0.0460711065480219,0.0706976285009144,0.119250985569886,0.192222792438746,3608.17216511826,1,1
422,0,-0.0667398247143881,2.26726954302803,0.873625983031173,1.22554229021678,1.64719862123696,0.110615897796655,0.0488422801073572,0.0746427806497669,0.109103366345535,0.182005857076524,3627.01570750385,1,1
423,0,0.0355370546960879,2.31810990241986,0.817915944097558,0.76112738122572,2.32182594308608,0.0992351103332313,0.0431570165287569,0.0676418544882083,0.119598864210456,0.193640752311608,3601.84117078124,1,1
424,0,-0.10608878325838,2.37563544842907,0.664516345323309,1.05544359326859,1.69698208823051,0.125633330625588,0.0448731767934959,0.0706672824095262,0.112962492580977,0.188006435909431,3612.46953168785,1,1
425,0,-0.161938471819803,2.25283070552289,0.848241105462347,0.983342634849619,1.77801420983979,0.134700783127247,0.0455205653278597,0.070934386441596,0.112937577859447,0.191634711857866,3567.23363155519,1,1
426,0,-0.167587201664726,2.36268868716061,0.763986527440159,0.995082488691504,2.00148007249923,0.122334962462233,0.0461872983301002,0.0715555518712818,0.109325596660406,0.180728635427638,3656.03947942183,1,1
427,0,-0.019732361194649,2.32483731232221,0.753188460509092,1.04829081262798,2.10286035813891,0.0915307700321937,0.0473384862313726,0.0746767956431828,0.110895746124015,0.179544042017536,3637.79888116849,1,1
428,0,-0.250228201033675,2.32351617895243,0.773082520259551,0.886431737040795,2.12455717558094,0.131808824077032,0.0475953042617091,0.0736552823611372,0.114307067838358,0.186970290010016,3620.28433978812,1,1
429,0,-0.00734665278472494,2.28917031681971,0.865436521224188,1.03844095837091,1.94521544595686,0.103015104790483,0.0486104326447394,0.0736747657678462,0.115256571660038,0.188593473316719,3640.53511023989,1,1
430,0,0.0428512004602833,2.33327887020402,0.748527334707331,1.08924763654135,1.79336164988114,0.0997243457623531,0.0469577845084809,0.071871625868785,0.111438698441723,0.190788117417417,3603.73060506107,1,1
431,0,-0.120838013166332,2.30366961839438,0.795165535004263,0.995932570224132,1.9531320656281,0.110920995486163,0.0458450784874552,0.0721668664459375,0.110605452577725,0.186886304177259,3591.9292508554,1,1
432,0,0.112135490681559,2.33911429027016,0.742953637870883,0.771421266914867,2.3857856594619,0.089584400217597,0.0441951775258806,0.0707455726766478,0.120571642442508,0.20224394387724,3588.00369649807,1,1
433,0,-0.0725561931676935,2.30881559589253,0.82227347994358,0.925847001273183,2.07845332866887,0.112263011526861,0.0459379182559428,0.0713962889261441,0.116761691353889,0.195718791548955,3617.25830467994,1,1
434,0,-0.0260376601900063,2.31364129486552,0.774511133991941,0.953154825822868,2.0178771085828,0.107615787527756,0.0444387784008864,0.0695572787057557,0.113049925220065,0.189448771865553,3595.5066088063,1,1
435,0,0.0628511366911618,2.27867057264136,0.751633583398708,1.01184322965372,1.90355909135518,0.0947147337734516,0.0463149038556098,0.0735091920223531,0.111480858857401,0.192179172686928,3534.22126330514,1,1
436,0,0.0202750223971824,2.31287058157104,0.788724702407722,0.89713431990475,2.21842321406249,0.0936332439521451,0.0458862662221068,0.0688011271365368,0.113408498275604,0.190280978527486,3596.45928347444,1,1
437,0,0.0096858434196661,2.27574449248463,0.816768171891863,1.06431428247335,1.77759851338969,0.104560632686103,0.0456277171151489,0.0714253306234396,0.112527947320117,0.192406462032174,3579.72130942564,1,1
438,0,0.0738283811093406,2.30686954886587,0.791556609447014,0.940207022522805,2.19351620051666,0.0925862186248397,0.0466537344229788,0.0708835598739749,0.114279439134077,0.195614153973162,3593.84507849709,1,1
439,0,0.0206125924234698,2.341992439011,0.787697840078413,0.920933303433234,2.25438347329656,0.089580123801036,0.044714845570368,0.069519745228803,0.113216127041336,0.189928150058065,3626.90769312106,1,1
440,0,-0.0140004746435643,2.307580336519,0.772134773349332,0.749584972885677,2.40016230383731,0.104000084705213,0.0449399773439582,0.0701609408889977,0.118824162610173,0.189658749536059,3600.07929220654,1,1
441,0,-0.0200247831264119,2.36006019886152,0.724786750444198,0.966133834291683,2.15729369575868,0.101751612176088,0.046343971303133,0.0713442611284233,0.112646114979654,0.196050528596258,3615.19213858169,1,1
442,0,0.041060569215052,2.27415646242479,0.80347558563537,0.918336598382758,2.16024854203161,0.094594835659244,0.0459509411196574,0.069807708660463,0.113995811648337,0.203102941005865,3557.79496517176,1,1
443,0,0.101453852036385,2.25203261553682,0.861438857823701,0.98314423981734,2.11552624418056,0.084897622958684,0.045883681832191,0.0706051603020895,0.113273040409016,0.193010387924488,3574.072338241,1,1
444,0,0.127537765387236,2.21960544569095,0.910728265022593,0.852479181457574,2.39775529240261,0.0796223722288539,0.0477973185044004,0.0724163651358026,0.119320538461667,0.199406139939243,3591.4408488224,1,1
445,0,-0.11852860993175,2.31957177403278,0.774181360289118,0.800622546337049,2.24177047986429,0.106609092094191,0.0446230866984206,0.0721860865644057,0.114182278083706,0.181379764683276,3603.9702862456,1,1
446,0,-0.0106218575385193,2.30821152120338,0.79378715878269,0.862522328212022,2.17860922706534,0.0984311104150191,0.0447446026414885,0.0703970147257899,0.114186175958995,0.18785892059572,3588.25034500544,1,1
447,0,0.00527125359371841,2.22897697115567,0.927642377073118,1.0171613737132,1.8974143769917,0.109516256172024,0.0461722118849583,0.0718044183391774,0.11039047238987,0.194939721143256,3561.90388163174,1,1
448,0,0.0386123738176462,2.29411953482216,0.844159854559004,1.02123474841678,2.03204818970095,0.0945443807098677,0.0474228938666975,0.073443319542493,0.11367692309435,0.194962243198378,3622.11195794591,1,1
449,0,0.110179228585892,2.31070156197104,0.752288323203887,1.09816181818729,1.94673149338551,0.0848714027962103,0.0463421931719394,0.0719146687095272,0.112479595455302,0.187609280565081,3606.81050428798,1,1
450,0,-0.0999999655679989,2.39465743106258,0.639786659208252,0.925617652903537,1.91172254301626,0.117369742509067,0.0433757375649748,0.0687958543153861,0.112089479202796,0.185964561698211,3591.23272264791,1,1
451,0,0.129779909939962,2.28481093942954,0.798334789521097,0.984166776703546,2.17294113797694,0.0822716109768289,0.0475293309816102,0.0736614507052259,0.115870039142411,0.203810912813102,3587.42297808586,1,1
452,0,0.094442196286596,2.31383880047758,0.749046512307278,0.896316732677588,2.08225472705378,0.0907213504280184,0.0444661987039968,0.0673919214457897,0.115314913163959,0.192310199974387,3579.83911457068,1,1
453,0,0.0666610695449596,2.34766734857492,0.752042281733973,0.906672664147587,2.28945598420283,0.0824196716310557,0.0470282076644995,0.0711365056756255,0.120912937421847,0.194982682436263,3649.60453345903,1,1
454,0,-0.0619766543367413,2.24179701042253,0.861255579344761,0.840953593147135,2.15680504279234,0.116170187662171,0.0455744665009373,0.0695726848569501,0.113255004197418,0.189617157471215,3557.64835971962,1,1
455,0,0.0722483499739496,2.37405051561409,0.715094365909747,0.943225405470053,2.15733182042206,0.0911737909464489,0.0457041402462048,0.069785129262683,0.116392395022942,0.207402769203223,3616.30687605809,1,1
456,0,0.0697675337569213,2.28709758011638,0.833626295807974,0.984970176936212,2.05016404142016,0.0925332377071673,0.0475131740233444,0.0713526058678905,0.114264621952743,0.197771043130332,3603.44590588374,1,1
457,0,0.0152126632238383,2.3407921450041,0.764115472108238,1.29068002369129,1.74287217227936,0.0923027539432676,0.0492384032187828,0.0775866889600273,0.111985438508341,0.178106372542237,3662.4637749529,1,1
458,0,0.0744314152912847,2.36989237832919,0.720103518930236,1.048930936932,2.0014379893685,0.0913299767896165,0.045961990939926,0.0710054254437811,0.111777822001731,0.192353442623942,3628.92017357597,1,1
459,0,0.0236973285509077,2.26572368691808,0.810448714473831,0.915649025158356,2.07803389557492,0.102191538725636,0.0466527981773337,0.0695262172267593,0.113991663942672,0.191022814556331,3578.18954828463,1,1
460,0,0.0235270673964753,2.25039821750974,0.842072188095099,0.664859250225292,2.44714779239004,0.0970418437029341,0.0454793882972424,0.0687577146203827,0.119611390224613,0.200175007792822,3551.58240962579,1,1
461,0,-0.326174109469339,2.34974405672555,0.715243586963695,1.07056493051853,1.78796900014272,0.144673348801266,0.0457551905709122,0.072410910860933,0.107046409623047,0.179869141374268,3610.10508751404,1,1
462,0,-0.0498738111818881,2.31392546622945,0.799077658229381,0.90684706544159,2.16457138592347,0.107059840642626,0.0453423633034024,0.0712160307669874,0.115651980141292,0.191896660595172,3605.78703961952,1,1
463,0,0.222614645751287,2.16246676000803,0.977956870198871,1.06390798287882,2.12371513185388,0.0710510020712839,0.0496767515622701,0.0733119036387607,0.114986204182335,0.203189921505607,3555.57473667431,1,1
464,0,-0.0597810175181278,2.31674501980786,0.801584633206147,0.930868717692487,1.98240065003524,0.114325071311861,0.0452284283560853,0.0697826354112068,0.114505554501367,0.186878643077879,3612.42244453042,1,1
465,0,-0.0074464022653156,2.26650128591477,0.857637511147622,1.15192039911188,1.78044113078026,0.102688273436655,0.0471768372435366,0.0716596036996003,0.112932627275368,0.187164218509231,3617.6952358776,1,1
466,0,-0.00505218408185612,2.22822645801558,0.942878521649889,1.10606084787052,1.80682190709005,0.105962769627562,0.047803690513387,0.0732122488727333,0.111455771724738,0.188499922442364,3602.00029516266,1,1
467,0,0.116188252388218,2.25692802949959,0.855936438384786,1.03201725298593,2.04836664560323,0.085674020937824,0.0485869809444777,0.0744873671345543,0.116410773585371,0.211039421406279,3574.65525802663,1,1
468,0,0.00870758523333507,2.30071485420681,0.825110683917962,1.02306738150466,2.01051076751799,0.1015033612438,0.0474471024173608,0.07269662646719,0.109368736467199,0.185234418742043,3605.18535823773,1,1
469,0,-0.0943314982878584,2.31389435667033,0.786743594765573,0.930725466210331,2.1499032198737,0.107263512574848,0.046731523883276,0.0737921215430282,0.107715530331916,0.180086547463228,3593.10372838705,1,1
470,0,-0.0864282077876877,2.27533794280962,0.800990921627132,0.873430513061381,2.13414629373178,0.110998355476117,0.0462905327178677,0.0725008132412874,0.115228378149079,0.191946225884559,3566.61619674604,1,1
471,0,-0.0575687885265401,2.34326606636219,0.727918886877109,1.21322008319772,1.69335280369996,0.10312691783224,0.0483195685347211,0.0742017775499505,0.110614868119607,0.180156854002685,3641.44179182878,1,1
472,0,0.000955327027352468,2.28713216088376,0.796000531628724,1.08428872357034,1.8946809316913,0.102937283517696,0.0481893184340868,0.0740609745871743,0.11008512668198,0.192034575468973,3587.33356595676,1,1
473,0,-0.185621892114013,2.33443016490625,0.743403359046948,0.887295126515787,2.26454096059205,0.112543956332706,0.046075721369554,0.0717592648461889,0.110553639559168,0.186837067240852,3588.10110348646,1,1
474,0,-0.0677969700790802,2.18184373445514,0.931138263093939,0.948382030011605,1.90671894533295,0.115018897715945,0.0463670510932921,0.071107970311948,0.11362137802438,0.188171055032387,3536.46555301638,1,1
475,0,-0.0454674182409088,2.22196169903287,0.863285777744093,0.766903529891045,2.2706861736906,0.109053177310807,0.0467100582558505,0.0702737807974086,0.118618668491336,0.191678748294211,3567.9049019893,1,1
476,0,0.11150527328387,2.32351351930232,0.788597349330285,0.804698632326664,2.34323887105832,0.0839336381747781,0.0451995883988271,0.0687852164538108,0.125489211845782,0.208068626049919,3617.99588436222,1,1
477,0,-0.0652837121182132,2.24967331707994,0.844111827872449,0.814793669549691,2.23245947448692,0.108365664966891,0.0460623972268011,0.0711337652664858,0.116069294954407,0.192568490930303,3558.36450420317,1,1
478,0,0.199119401378093,2.29829824277582,0.795691555678454,1.03821710867768,2.21575773234713,0.0696434069345095,0.0478268703992333,0.0743934434424275,0.119146006475094,0.188127762861374,3636.71973114293,1,1
479,0,0.0364039384886903,2.23359165824055,0.882218222476222,0.906717627836219,2.05225472709115,0.101370836802583,0.0465722856332422,0.0722327907874606,0.117774955412248,0.198658162313214,3562.99204542793,1,1
480,0,-0.0263997038047012,2.29634955389832,0.845015361664509,0.919080898483533,2.13827704435526,0.101111490451349,0.046166782939454,0.0702255010840865,0.112143378370906,0.189981462541191,3599.92370560371,1,1
481,0,0.0272675361594029,2.28265808730388,0.85706964525838,1.27948416106554,1.64254071521402,0.0969349982160404,0.0488333258625102,0.0739246890120484,0.1097586468308,0.188280816213105,3619.22252187728,1,1
482,0,0.0748375327810913,2.36059904095627,0.733923614703607,0.900664515899177,2.34409179599259,0.085809978239368,0.0437399957763419,0.0679331427300217,0.114382683799114,0.199462337867214,3601.26698529974,1,1
483,0,-0.00217485218075791,2.30034707429387,0.801233172589157,1.20923510857607,1.74460070192413,0.0973737275137645,0.048456515292182,0.0744415714189507,0.11107166286394,0.18882251837138,3616.681246844,1,1
484,0,0.0835825206127024,2.37783286838606,0.682361670248818,1.18495831598284,2.01000371655018,0.083825601276442,0.049452682770066,0.0752573466082685,0.11306135373982,0.197530497354537,3649.81667381582,1,1
485,0,-0.0238487755397466,2.24332824592752,0.946684699902184,1.11655582048367,1.88487000963749,0.103379593207956,0.0464557200882516,0.0716263815195001,0.108365413035772,0.180811731094573,3617.75962452679,1,1
486,0,0.0174344285403683,2.35186291605029,0.685029105572931,1.05338408569367,1.81575094526511,0.0996948659908218,0.0453411516710593,0.0701391611496886,0.112670239318247,0.191320172809248,3592.86177388451,1,1
487,0,-0.0200492698517538,2.30695990065326,0.809653037264995,0.964326023336698,2.01581016663183,0.100250495819367,0.0455754236752839,0.0707585597055746,0.114140830475541,0.186702784869235,3603.68164447235,1,1
488,0,0.084780838723447,2.33043991803664,0.759036674668069,1.00852337568714,1.94100308384584,0.0909086859003323,0.0445311194700174,0.0681710987741265,0.114641217083442,0.197161105935629,3593.72502580881,1,1
489,0,-0.0171151317283341,2.30986263742211,0.846182409362196,0.894895453639322,2.2129851140502,0.10336708801543,0.0445373449471574,0.0714083309253194,0.117079882901212,0.189574218430836,3629.00665953968,1,1
490,0,-0.086165432427505,2.33972274882019,0.790043333203949,0.915359314071573,2.08710393380766,0.112388839880899,0.0461847019762621,0.0713748821190216,0.115264350044299,0.187225659334911,3620.06672729498,1,1
491,0,0.0189778725329248,2.32154328498135,0.810642771612963,0.980378437767739,2.05408209413906,0.101227205704396,0.0452416919569301,0.0711683073403435,0.114326773683859,0.192494084553127,3612.58507267165,1,1
492,0,-0.118965980597548,2.37434545309566,0.744820881278487,1.22171136233494,1.69675160742178,0.11097725886458,0.0468415400457383,0.0732483211282013,0.106494730786993,0.179833397961907,3654.30625575121,1,1
493,0,0.0799187796742254,2.26305528009511,0.902312339138781,1.0358667435663,2.00879277173703,0.0933261509789555,0.0472573067917614,0.0716838172523484,0.114687823455625,0.194923099275114,3611.74745034139,1,1
494,0,0.0827760010206427,2.2522541931723,0.890709457715075,1.00120608513411,2.1154288474452,0.0874613879713613,0.04814509054377,0.0735630129389213,0.114153446702432,0.197248040414986,3599.0758320101,1,1
495,0,0.158613545245744,2.34741274979088,0.75697031319572,1.08669263886951,1.99642805517595,0.0771691030423686,0.0452510338224313,0.069575769021539,0.118952571452202,0.189247661505606,3647.01238825362,1,1
496,0,0.11769957128726,2.32031872511906,0.761808372162371,0.903905697178283,2.3679231244618,0.0825514060911506,0.0466505285127621,0.0714920286712631,0.118260859502398,0.189492094719461,3627.65035566239,1,1
497,0,0.118825281535075,2.33944065249047,0.786851056393832,0.991737509656007,2.11117249409899,0.0859800648992084,0.0470738473352081,0.0721062482784952,0.117145913383323,0.197014462056106,3621.64272886454,1,1
498,0,-0.00899201012844922,2.30776214461755,0.792125137573597,0.896784717771879,2.0182541998725,0.105721345452341,0.0440767595558425,0.0685299671699288,0.113989292583635,0.19217051978849,3580.16851282847,1,1
499,0,-0.0493898420041849,2.28860738369922,0.841354426621966,0.977079056785811,1.98847966884641,0.114915810141297,0.0470607083724406,0.0715758266527256,0.110299098656755,0.187276316630501,3607.17967009349,1,1
500,0,-0.0163724244446233,2.22157903830043,0.842946634399664,1.04661485605088,1.78814454428334,0.106334475465,0.046592179087758,0.0714800069559181,0.114892928887053,0.192316737777795,3557.62260736875,1,1
501,0,0.0741913124039976,2.25880843321289,0.791652848203074,0.914609783084137,2.14259932112015,0.0893795246032073,0.0473834546291749,0.0718182247526999,0.115923609903412,0.19296454574961,3564.66083450348,1,1
502,0,0.0639343889673982,2.31346490904302,0.725614254549528,0.832728793098658,2.09658283794644,0.100448856617828,0.0447612000779588,0.0703119638114609,0.119155556887495,0.203681834542496,3543.61426756184,1,1
503,0,0.0424959945174436,2.30000399511508,0.817669287140381,1.05199036676857,1.93150335015793,0.0928136571640923,0.0460089703651803,0.0712762874943897,0.114131631324692,0.190993961502175,3609.41059543401,1,1
504,0,0.0559856237370067,2.26597240512277,0.796621468547384,0.852435088047805,2.04859752288382,0.107360453301449,0.0442806639280223,0.0680650873414038,0.118076813928669,0.205782339227168,3544.65204207342,1,1
505,0,-0.0788644819176127,2.27752261743649,0.802729532589445,0.939312708700662,2.0811413407889,0.108037278999953,0.0471207045975659,0.0741193043984347,0.11327357309541,0.194061940907265,3572.34899478432,1,1
506,0,-0.176749784842415,2.28898288881257,0.811033920601209,1.12279212423282,1.59282653205169,0.145202113724023,0.0464967861643909,0.0709653369419291,0.107111607304422,0.180783911272593,3600.43498152881,1,1
507,0,-0.111380448862918,2.3772038942319,0.671427151089641,1.06880935447337,1.83287860079331,0.112879547025365,0.0467927947434796,0.0734794886704867,0.111914721802831,0.182816137547383,3627.73480529725,1,1
508,0,0.144964019882189,2.35564315504195,0.724389164064154,1.01069788032547,2.01932174234457,0.0872188202888109,0.044951412962993,0.0691216264007064,0.116654234352876,0.204978726400009,3614.62022921749,1,1
509,0,-0.00318418100839172,2.4125360359296,0.629788733979711,1.08516335669194,1.82317436071164,0.0976210692827227,0.0447987045298449,0.0724605982651756,0.113956437902384,0.193533837875724,3611.81539543861,1,1
510,0,-0.332616283523461,2.35149733229781,0.703048680635348,1.00233387418768,1.71096262171443,0.165288904139494,0.0455511589297734,0.0715297413557675,0.108775761732801,0.180827151872205,3600.026204552,1,1
511,0,-0.0403791071807517,2.23812345780611,0.887622352739667,0.950945581342814,1.93177838716314,0.110206073889487,0.0477605634012604,0.0743084843116573,0.114335509139663,0.188375356546595,3580.218417685,1,1
512,0,0.018867625493446,2.24284215951512,0.942204233190466,0.773797730308103,2.26327984128931,0.103035271789321,0.0448165952858384,0.0690335342434016,0.116237537002903,0.187320926543497,3593.49135097794,1,1
513,0,0.139455844280781,2.23086365736025,0.871003483278234,0.937830407112429,2.02559332262656,0.0814638896636699,0.0458762792263081,0.0722340043205568,0.120561912665933,0.194578708602845,3567.77870113095,1,1
514,0,-0.155985695369458,2.33829460480667,0.733732580292626,1.01252406183357,1.78401323759607,0.133096994597032,0.0442803556528926,0.0696742013765773,0.109980722364882,0.184662108699385,3589.0284691853,1,1
515,0,0.0156588132230829,2.26492379570971,0.766905987625221,0.961693825541833,1.88438601190653,0.103154140515863,0.0467630023439936,0.07110133632826,0.113233719332709,0.189142375484385,3556.41913812288,1,1
516,0,0.0177823859249545,2.31401903226561,0.824654329169797,1.19864903245647,1.71385596488655,0.0985744191883256,0.0475330801152381,0.0741315112537989,0.108087418162003,0.186395307207517,3628.88681076933,1,1
517,0,0.0844300972986076,2.32471933931967,0.746024796544264,0.969462592620079,2.01195755129296,0.0956712297852133,0.0447004287919673,0.068945889583871,0.117965943158224,0.198255130230947,3601.16405368242,1,1
518,0,-0.119817154306724,2.36756794124353,0.67648362525958,0.768533697188592,2.27692074315274,0.115712507104326,0.0449815092568668,0.0705605297454917,0.115709385444746,0.195320145318985,3573.97768590564,1,1
519,0,0.0498922222419211,2.31231863136247,0.815017594927367,1.15469996671395,1.69392980042094,0.0930011367817137,0.0453625920054999,0.0692931367053667,0.109996662044488,0.18072320422606,3626.98513145231,1,1
520,0,-0.0584481094310488,2.27221892431228,0.83283811787467,1.10589559138125,1.84648017747887,0.111289179084055,0.0477074535563403,0.0739835060682749,0.108436489904851,0.187693904564449,3576.62692351246,1,1
521,0,-0.114733351418023,2.25285581729552,0.838337535220798,0.880114912790903,2.19350547983102,0.114267950664272,0.0460281178210184,0.0714563960930884,0.113890597601582,0.195488635004551,3548.23393388672,1,1
522,0,-0.0216737758454475,2.25733435464049,0.828787155527714,1.04352983333503,1.97218696729564,0.0985680733479762,0.0499829615982885,0.0750001865765845,0.113784760728868,0.189962878590366,3600.59265568023,1,1
523,0,0.0670645492102404,2.30494756824641,0.809873920182681,0.90513562028854,1.97194209151217,0.0977774356052005,0.0433605550349665,0.0689075210052334,0.118268257150687,0.198283369141324,3575.86561341257,1,1
524,0,-0.100160700366466,2.26375120537704,0.808508382494281,1.08828201884956,1.71827749670157,0.114239273085969,0.0459089466154373,0.0715947336550944,0.11313028398379,0.1811569001171,3594.58017711482,1,1
525,0,-0.0165683674921157,2.29644015398127,0.842705487152018,0.822763241627479,2.35931482602212,0.0977164935885363,0.045354259494325,0.0701896806775831,0.11551791420794,0.202710527868791,3575.85273649391,1,1
526,0,-0.0512449025131793,2.30533731716848,0.797222505339682,0.991741836001368,2.00575568820226,0.106314644950254,0.0445550136594579,0.0696901920012441,0.111138282950729,0.188447432277701,3583.41928600296,1,1
527,0,0.129245662476996,2.30487241079717,0.82887119331804,1.00193675968094,1.91727047616928,0.0944540900219428,0.0448904253681502,0.0680584495600366,0.114789754552121,0.196495881835664,3597.53584684465,1,1
528,0,-0.0762299015950996,2.40041932220589,0.650308785633503,1.08895550929481,1.89060486375126,0.109936997546099,0.045938063278426,0.0724688937271008,0.111139674823314,0.19209998252151,3624.71726214414,1,1
529,0,0.152616106259095,2.36004567583887,0.686291718437207,1.13651520777465,1.821810068636,0.0812788214223634,0.0468558330655784,0.0723484656265737,0.117856628245762,0.197508255888276,3620.21160366586,1,1
530,0,0.00170286043714496,2.21606011987227,0.886568265396272,0.862736830790015,2.21897589770787,0.106009979213047,0.0472159128897389,0.0722351733099662,0.116883940477176,0.199945176645587,3559.89229871849,1,1
531,0,0.105122051621949,2.28953535655351,0.842073136065475,0.910619822101363,2.17509219190061,0.0848253705188541,0.0458585137235686,0.0709460918901178,0.116321483180291,0.190404324975184,3600.04530326366,1,1
532,0,-0.0768271150883875,2.2837145847929,0.828057921366545,0.982336397394458,1.92559658080876,0.116213660451688,0.0457579187105528,0.0704584658087551,0.112769595387916,0.18732952580783,3595.60121376031,1,1
533,0,0.0408272424203628,2.26294204534825,0.867636871975726,1.10240308798083,1.96141047672088,0.0927358010684282,0.0475432552341053,0.071658439319324,0.111248109507475,0.19104436741345,3607.86424852951,1,1
534,0,0.128348264521067,2.27079952155033,0.808565059391827,0.862052501695458,2.25887216812913,0.087542244685381,0.045956489122626,0.0705155257684568,0.119971135099681,0.205577771829641,3569.72513413383,1,1
535,0,0.1674901023744,2.30609522977551,0.797915864373356,0.924895409011909,2.22407161734221,0.0791006702194503,0.0458334879660826,0.0700580666414987,0.120555383586682,0.20722930615163,3595.41968398676,1,1
536,0,0.116387983403952,2.35340182932638,0.765641014146567,1.11169931790982,2.02297418103609,0.0829123835641248,0.0469326882731642,0.0738464914594286,0.112136495562377,0.193108712359036,3637.49582064143,1,1
537,0,0.0968383708805791,2.33602887785251,0.760259994537684,1.07983485240599,2.0315385701299,0.084304856795062,0.0474709899386267,0.0736936850766656,0.111319432539573,0.185427060043833,3629.62689353397,1,1
538,0,-0.153283358779731,2.28333664051534,0.801376881263177,0.821496090336553,2.15880742830964,0.119462138095831,0.0458173398905159,0.0709736641899846,0.115649861593793,0.188895001579974,3573.37404022018,1,1
539,0,-0.312109751057816,2.35080042015971,0.717280862182279,0.983701979994368,1.77129133151563,0.158819090437277,0.0443382439431101,0.0703804518242101,0.111172566023324,0.186724652852837,3594.00927499757,1,1
540,0,0.0785082326944876,2.27531416498973,0.810997052308872,0.956133010387904,2.119028819436,0.0840619494621039,0.0454745357345375,0.073096029832763,0.115436940385511,0.186981948200152,3573.57303030545,1,1
541,0,0.0292860332686062,2.31592549430179,0.745271124155916,0.94439093871262,1.9491409757203,0.104543655578613,0.0449113336464528,0.0691681225933337,0.115763796959017,0.187281819283229,3603.60645246072,1,1
542,0,-0.193468030898512,2.37570807589441,0.710333206876254,0.909827645952252,2.11778792452695,0.121084376174273,0.0460088164832039,0.0715458939552833,0.114098229342666,0.188199496851787,3642.70319329214,1,1
543,0,0.0299022311661961,2.35017193386915,0.743664914016742,1.1522199661086,1.68611164230411,0.10198803210632,0.0453452539156023,0.0714795798465906,0.115404597990214,0.190123605125239,3628.48117596818,1,1
544,0,0.026176853335888,2.27675829043943,0.806375347359477,0.927067481290254,2.18462527799428,0.09938668912496,0.0465816449698595,0.0712774521337851,0.113331002468079,0.19378483875547,3579.82914694023,1,1
545,0,-0.0621266348195138,2.30596837236707,0.808007786246243,0.893734829663199,2.07906685204823,0.118685993236081,0.045041020888704,0.0699347059572415,0.114804495009609,0.200487954424979,3581.00098712491,1,1
546,0,-0.0600252863649371,2.35359623826732,0.721623695169093,0.955053489193022,2.04783885478101,0.101543010194391,0.0457872075912693,0.072088841305937,0.112963674025113,0.180281609662232,3625.42007585785,1,1
547,0,0.061111662497188,2.28190828152849,0.786575120243529,1.08324931907604,1.85695922922133,0.0939596162401506,0.0479255496496543,0.0735473883492009,0.118577493629649,0.188775271741965,3617.06366656259,1,1
548,0,0.0903070586336766,2.27640236637573,0.846402880961606,0.940729428270701,2.08200263633142,0.0933399406934406,0.047072284208704,0.071898376390613,0.113330707923937,0.201600962052365,3575.03948837767,1,1
549,0,-0.0382737617516361,2.31819695150821,0.726116344992315,0.844527075493004,2.19106216112353,0.105637943885806,0.044771528058592,0.0712598850402055,0.114901991698198,0.198822685417411,3554.75511031674,1,1
550,0,0.051977627754119,2.2854073388419,0.75853606422461,0.831957255292295,2.29315456360086,0.0919444328437695,0.0464172594895364,0.0728336818484969,0.118064863818379,0.198829274263757,3559.23858621367,1,1
551,0,0.135909682964623,2.41738165273586,0.601304069777297,0.922819336347979,2.08732914756511,0.0923235463136418,0.0434509997120005,0.0676066176046805,0.117316709569039,0.201571119641867,3592.89070049309,1,1
552,0,-0.0701733901449996,2.33871507095354,0.794452535681232,0.974677268629919,2.016028702785,0.106581613021763,0.044741981224964,0.070104205757537,0.10947628235919,0.184138546380446,3632.96242313735,1,1
553,0,-0.0426067916029286,2.36443728788885,0.690546495721806,1.1860330067052,1.54600573090506,0.114172411022554,0.0469607760800925,0.0712568555364416,0.112268388608747,0.183689124092444,3631.42303906394,1,1
554,0,0.0478702490234038,2.28371781040575,0.80340005838767,1.0656971644727,1.92654410023474,0.0892942446745027,0.0460630453084647,0.0718912929451291,0.114600780891974,0.187719265053238,3601.64408957179,1,1
555,0,-0.128894131876143,2.30801667071648,0.764132077618183,0.925084141550383,2.06975315095536,0.116442946088819,0.0449832562262129,0.0703289035803319,0.110371712624529,0.196011248501692,3568.0986488701,1,1
556,0,0.09564562081398,2.32329913757887,0.75597957594509,1.0079888570645,2.13375137386785,0.0860692472712975,0.0470254850566071,0.0724887983654727,0.113789305427436,0.192931796700538,3604.16476197077,1,1
557,0,-0.0718028662660401,2.32104637372531,0.789232130824176,1.11545292472582,1.81919806728067,0.108856729053982,0.0473658930876965,0.0736815376290682,0.109973813415019,0.188149172614729,3625.69802754092,1,1
558,0,-0.0955157163771634,2.32451698367073,0.777373535254968,1.0030881221849,2.02865138316152,0.103536493572401,0.0461560078010209,0.0738725830239638,0.113799913459144,0.185636004095699,3608.19782952951,1,1
559,0,0.114379652741486,2.25043513553997,0.848884789954462,1.12455925247231,1.70088183692771,0.0977911776065862,0.0458690095451865,0.070077633617756,0.114771056653901,0.190971854729873,3581.0815211231,1,1
560,0,0.0826960564072266,2.27192844381716,0.829774448679913,0.947901784054154,2.11335840466298,0.0909116115373486,0.0472575149171447,0.0730691121300908,0.114881692534448,0.196939164804745,3580.23025966139,1,1
561,0,-0.0657965578440528,2.25027871657922,0.819872808871433,1.05533195144226,1.84758521825399,0.105160232484993,0.048212477050407,0.0737818970909418,0.11289862870553,0.185339989874086,3576.93714806846,1,1
562,0,-0.0924011112468458,2.33502081798594,0.778597139819609,0.851152679690796,2.09595816945301,0.117602236406272,0.0442545253908003,0.0697996783688499,0.115290257244836,0.194205472259901,3587.92467568283,1,1
563,0,0.0164669092436405,2.2592489258422,0.815859513686525,1.11088895915699,1.7168020011079,0.105639077138943,0.0463783223009691,0.0719435460718238,0.11066270654288,0.18612617000825,3568.80164424891,1,1
564,0,0.108786190471938,2.28778938328849,0.828601999188767,1.11072335183617,2.00115305960127,0.0815192416571759,0.0487775968359621,0.0738786218681685,0.114975837834777,0.195335249777461,3614.3067731946,1,1
565,0,-0.000237787104366946,2.31790128802578,0.761620051857054,0.889185381802511,2.1761749833145,0.0961376973806786,0.0457816344813319,0.0701381111695525,0.116807860333879,0.193469264528694,3603.07325591961,1,1
566,0,0.156206024393856,2.28021579786521,0.794738663954943,0.98815951717135,2.13215880790791,0.0823824747845332,0.046692067297283,0.0731558511276257,0.115574778915241,0.212168519783911,3553.98064480016,1,1
567,0,-0.044236516713164,2.22261769659494,0.942365661027423,1.0826569297849,1.89536695028732,0.100512959210737,0.0484767654210708,0.0740253098767712,0.112935568052502,0.182138072126687,3618.72063947164,1,1
568,0,-0.0897312341746771,2.33368220037468,0.747308051189883,0.941694672128573,2.10180014282845,0.102875969137133,0.0446773074704315,0.0696299453428215,0.113615468239391,0.183929287845359,3622.19364635283,1,1
569,0,-0.00298445473335806,2.29587138645172,0.829146192303518,1.04350291433637,1.92448708185069,0.100193960489501,0.0466328595000327,0.0711676465813258,0.114071560662968,0.192152513346629,3615.77709208266,1,1
570,0,-0.176475485523144,2.27371201371056,0.803359689024884,1.05891243751759,1.82233470583854,0.127783980424847,0.0473371584879149,0.0750288498317716,0.107162540426074,0.187626569304966,3562.68271854866,1,1
571,0,-0.0118676875247276,2.34419233639022,0.721274875882328,0.937318678297731,2.00030915103215,0.111700103482782,0.044148500019292,0.0695795313553202,0.114497280073516,0.2028244217755,3570.20116065964,1,1
572,0,0.045795055746839,2.25303460129102,0.847212208258492,0.979557217074291,2.07355418506776,0.0925594126212883,0.0468270492780553,0.0715250885790205,0.114758651868806,0.190197286255118,3594.18401526374,1,1
573,0,-0.0316860862778865,2.33798396350758,0.734993225493855,0.962569479476407,1.88766679247814,0.106986187817425,0.0441387783031182,0.0693652601412668,0.110989186972315,0.188964859568502,3570.03464363221,1,1
574,0,-0.0631511115006444,2.37001660080265,0.708280097915623,0.970743586973223,2.01514258568402,0.107522781915111,0.0450657305349466,0.0707559178533634,0.114902921628599,0.189401261290949,3636.61938287447,1,1
575,0,-0.235979204934105,2.24575202992017,0.955441345028922,1.02418162673473,1.96469420587734,0.129150287813799,0.0466606288831861,0.0710472791741975,0.109804369752847,0.17983379691395,3630.88569701279,1,1
576,0,-0.0593126628146074,2.38333866403084,0.598407317130647,0.957350179133403,1.97484068647255,0.104079646517979,0.046336142807997,0.0718926382861362,0.115138043373805,0.191028787615206,3597.71499663908,1,1
577,0,-0.16269666799738,2.32798354497731,0.725923924862979,0.993087581114733,1.90804760722588,0.121341847129273,0.0469467101463996,0.0739578083750674,0.110913907298835,0.185874967373255,3588.45408951882,1,1
578,0,0.0214742737276505,2.32056676505225,0.822101307082663,1.23805427166786,1.77418496668119,0.090957902973683,0.0484938566626258,0.0750285668226144,0.114095758615253,0.180934033422637,3681.28519714763,1,1
579,0,0.21780538177842,2.34205302137053,0.725154909469646,0.828221724972106,2.40600533940269,0.0711660055874822,0.0443367122499075,0.0686497227172096,0.120696305875571,0.205198507021627,3588.31876564147,1,1
580,0,0.00225138193012518,2.23152294987719,0.916307252727312,1.10402194772513,1.76775300194627,0.104902384769644,0.0468069541803511,0.0715948077696254,0.11293455862432,0.193532499102752,3590.35342162764,1,1
581,0,0.0291429263011318,2.29359429598685,0.765425545537357,0.743550018076272,2.36419552931952,0.0970127935799786,0.0454940562294281,0.0705567474041688,0.119697037905225,0.203999288858422,3556.27962746554,1,1
582,0,0.0512604641741185,2.30974201034107,0.823417414080478,1.05400307117752,1.91356219091633,0.0994249674066834,0.0456297366655045,0.0706444394103029,0.113696660909941,0.194843759919865,3621.48510300493,1,1
583,0,0.0321874930600042,2.25891113481592,0.851873885050011,0.847499199595814,2.30360079574092,0.0972293588283051,0.0464641877157433,0.0716720423859027,0.115799084008615,0.195944516769791,3563.20395779489,1,1
584,0,-0.110479934768991,2.36024484425029,0.710593421261326,0.894068255829092,2.11771334686505,0.108474757015867,0.0450289183613797,0.0705362513029359,0.111176731704469,0.18714036438668,3594.23557204226,1,1
585,0,0.0615519270842084,2.22378853311225,0.960910143732611,1.0043615929427,2.0940093498421,0.0953197915105409,0.0470221052529226,0.071510948412612,0.112479769765017,0.202576877970475,3577.44960640221,1,1
586,0,0.0382185165321036,2.21080872538236,1.00633260253149,0.909808047991266,2.25917534154841,0.091604984305221,0.0471811287293311,0.0727691354056285,0.114753497219606,0.195859379721224,3590.71523073883,1,1
587,0,0.0488229805542591,2.27189239805708,0.821167499412907,1.03027016604691,1.82248361776596,0.101432782481207,0.0455444499557248,0.0711051798849719,0.114645287172601,0.186529466882864,3582.70328278296,1,1
588,0,0.0701614119856718,2.35831692060003,0.781285451232343,1.14490362797983,1.88716113689367,0.0956059327373134,0.0474607217049395,0.0720878590381799,0.108058976530285,0.1909471318827,3636.16370731954,1,1
589,0,0.0738471447460471,2.33815153163697,0.778159636442119,1.01053722142433,2.06185023897075,0.0873371391530761,0.0460396503884251,0.0723443021956441,0.113357355712784,0.190819383590438,3618.8356121559,1,1
590,0,-0.0406057528250799,2.30778016651057,0.822195527258729,0.947721890974501,2.18735262184104,0.101529443533359,0.0463545577427697,0.0713964594398501,0.113254431006039,0.187693792055166,3624.11364434344,1,1
591,0,0.0431732817357349,2.37993240223966,0.663536950664503,0.95809237927486,2.11315343737793,0.0907049183493393,0.0454088364258468,0.0709129122345153,0.115182815589466,0.196295055364198,3613.56415401667,1,1
592,0,-0.0160316785687388,2.27257884535649,0.84619185449317,0.969553434780822,2.05496205783276,0.100161466023427,0.0475937630909372,0.0740067375874001,0.115807572905424,0.183941312485963,3619.39280271497,1,1
593,0,-0.0323202373179708,2.30336853619259,0.839069775613754,0.765678055247471,2.30612452145242,0.107034896065506,0.0430967114452774,0.0667271562559152,0.11549167305221,0.191476748841725,3598.88998645957,1,1
594,0,0.0890310872495377,2.31272820005362,0.797406598173068,1.10301740816474,1.83015681269812,0.087180457387514,0.0454764477675218,0.0709523134484624,0.115021374961237,0.185854801959579,3622.2142378308,1,1
595,0,0.0861181877649835,2.27691031109578,0.798724322036766,1.13180378361878,1.63521973692746,0.0961663654963833,0.0472169088464471,0.0736173237546822,0.116007308180802,0.189371604045859,3583.59481679324,1,1
596,0,-0.0923803373996207,2.3318494464617,0.703787136092442,0.875630820740144,2.22361617052304,0.111840106782941,0.0472200078555626,0.0735291138307702,0.114306709060134,0.194955643145565,3566.39367969467,1,1
597,0,0.168018874895594,2.389628696773,0.667421962094284,0.906785439778522,2.43576869305131,0.0767016597885038,0.0455619874004157,0.0707606791456901,0.1173844379028,0.203835501486315,3622.7233781422,1,1
598,0,-0.103500358309568,2.33870116011691,0.731620633756426,1.09426485327644,1.77061879948024,0.120320475832151,0.0466080337535893,0.0717616650779835,0.111267279692978,0.186257470116036,3609.92250121388,1,1
599,0,0.0492497714076716,2.36012813079423,0.733631210849907,1.04801215902504,2.01633265839374,0.0885791644796698,0.0469108615705099,0.0726114312041953,0.114854869926739,0.188884375769446,3636.90646842724,1,1
600,0,-0.113769558925501,2.22651909624605,0.913542666188897,1.08332812785231,1.72714916920862,0.11963400512684,0.0480520830346962,0.0745515388561818,0.111346235255126,0.186922293609162,3572.7028770878,1,1
601,0,-0.193185638288836,2.17083230000371,0.958186928348489,0.989121852263006,1.75857685521082,0.13900568088605,0.0484484379643331,0.0733351571794993,0.114220195036055,0.190386992066911,3556.31384985501,1,1
602,0,-0.0104930312807073,2.28406041921812,0.881725949648815,0.886988907654087,2.23289408084221,0.0946613282914392,0.0446350346304674,0.0704246367466367,0.113373591574455,0.187311979473078,3608.60000959894,1,1
603,0,0.116232234697098,2.33179713427122,0.744572252278755,0.953305430152822,1.99318377099202,0.0900453253991363,0.0440592419243042,0.0696079660079441,0.11789467880906,0.19773343550974,3582.76441949152,1,1
604,0,0.0749235473488427,2.30317168056997,0.83807185452718,1.02780913733527,2.01933833685397,0.0858929839346716,0.047372522150185,0.0722496957893876,0.119785067880743,0.188791291784454,3658.88788148211,1,1
605,0,-0.0471595381096794,2.36328636651928,0.732373053810298,1.18127433740394,1.75432286024336,0.100556624760258,0.0464293551724241,0.0710830154909607,0.107465113445458,0.179437616426948,3651.56536144003,1,1
606,0,-0.061460404232149,2.28676170471092,0.845443102560894,0.935332422464985,2.12639845002921,0.105231653014303,0.0464650109877035,0.07022275764624,0.111355050479569,0.185947627570641,3616.4545341315,1,1
607,0,0.0633694158723698,2.26018017507706,0.848490671262976,0.948795216921801,1.90612532634056,0.097003929962792,0.0448262605384152,0.0695944406165774,0.117770249827646,0.199570863079082,3560.78595052505,1,1
608,0,0.208674352778506,2.33741474127933,0.715225277848535,1.04480098074503,1.94315078334114,0.0756265335448922,0.0451719113181134,0.0700547152304176,0.121398225329647,0.198796740625841,3597.87459634576,1,1
609,0,0.0418193044596847,2.36044306836947,0.697918210065871,0.932242127653333,2.11539936374214,0.0924068214140822,0.0442773028206162,0.0712455913770351,0.114362494584763,0.192018416487155,3596.08437043573,1,1
610,0,0.0380431650212337,2.29140122824901,0.84279900524367,0.832034175093009,2.27482304578687,0.0984932931432435,0.0443664213162268,0.067491840261154,0.112052896632718,0.194539953260618,3584.89602045977,1,1
611,0,0.113293351982195,2.32740442847931,0.772029318786236,1.02132997209482,2.05835750296445,0.0854150852111175,0.0471705432597083,0.0719979352084054,0.112707232392786,0.191108567174681,3621.99268279266,1,1
612,0,-0.0771326822659516,2.31507022199616,0.783719358381138,0.877363804066191,2.07859303393328,0.112547466996127,0.0460563452151341,0.070168408769597,0.113739869003713,0.189583288876307,3603.39357928126,1,1
613,0,0.0483360103668336,2.2917063066659,0.813346865058658,1.05993309583028,1.90052806355424,0.0968371408241429,0.0468909410859231,0.0710228416853901,0.112713706499373,0.186158148869341,3622.60434331021,1,1
614,0,0.00521910122240439,2.39324539775379,0.701050149779247,0.768361180271158,2.50768014333027,0.0921333051711958,0.0442056455164024,0.0688889169368124,0.114778039880754,0.198156140073738,3609.10640961219,1,1
615,0,-0.107965589548795,2.32963192114673,0.777460984074485,1.15695308459583,1.58088572549248,0.116420521142357,0.045450051064871,0.0720594685292814,0.110109305719331,0.180891863037916,3618.77991989756,1,1
616,0,0.164685687146997,2.28010561849284,0.875433572470928,0.957713634375738,2.21897346762091,0.0770891276350289,0.0461468843285809,0.0708110481911161,0.119851317257643,0.203519030148684,3611.86700483207,1,1
617,0,0.000963839431357183,2.28667560655605,0.834111122809417,1.00758309099372,1.92317388942223,0.102087328674678,0.0467344712919983,0.0709665917348863,0.110886363583028,0.180160104745098,3616.29278025752,1,1
618,0,0.0620917193056867,2.31937188287486,0.795053451876356,0.931103090832885,2.21118511787861,0.0941027272692512,0.0455595058589081,0.0692968855874932,0.114614379593595,0.188917381896318,3625.30657504518,1,1
619,0,-0.0607891835465245,2.38815962439534,0.627915819443318,1.01939184423033,2.01126300321155,0.102327597818617,0.0457891935924715,0.0718916054443557,0.112765769623816,0.186594143473918,3612.70821146935,1,1
620,0,-0.071711291114931,2.31222301459473,0.761638146884889,1.27823395762378,1.46251059782606,0.114465964536284,0.0485528706011271,0.0746688257442708,0.109961886740215,0.182541383215929,3629.55898022123,1,1
621,0,-0.0715439434177244,2.4373413435792,0.628824989022141,0.937925738609233,2.19630118455174,0.10432745350901,0.0433841018445512,0.0684491882117169,0.10855177473015,0.191378655794631,3610.54538745801,1,1
622,0,-0.125158233922029,2.37098590310182,0.680990284896678,1.02824403401612,1.86059934576007,0.123243706882522,0.0451005936151945,0.0703935234454869,0.109987681882747,0.181411388191143,3615.50177607838,1,1
623,0,0.0603697774308181,2.26643462195376,0.838948639093722,0.998952991960842,2.10707748838337,0.0895390693255464,0.0470997485798508,0.071633046418991,0.114626803691062,0.197139522734811,3591.99511103955,1,1
624,0,0.139122088577728,2.3095083265627,0.828516711529254,0.958618047311777,2.35402488486584,0.0784142371302875,0.0465673113496309,0.071627740133353,0.114918686371122,0.203449804617899,3593.88920082594,1,1
625,0,-0.100761583371023,2.33447653115541,0.771617706167059,1.17529350818175,1.68390931284665,0.116326168234656,0.0480412956030582,0.0754828024502791,0.11268650653351,0.183488724244557,3644.89373843254,1,1
626,0,-0.0146336949084245,2.28633021142545,0.774372366692156,0.917312428040392,2.07406355682467,0.100139738248952,0.044937705980422,0.0706549605055729,0.115546992992056,0.192025065127169,3565.12518421405,1,1
627,0,-0.166509235879878,2.2505626776962,0.917928747727932,1.11156050733061,1.61083670687742,0.136547256698704,0.0452289540983758,0.0701714896695034,0.111254513704034,0.176265234741638,3610.00530271284,1,1
628,0,-0.0848719861749886,2.30947267115382,0.804976667477238,1.06643302424346,1.91687673316686,0.10807564013311,0.0471507513967006,0.0725491199621491,0.108332468397352,0.180628477827915,3631.96779046635,1,1
629,0,0.104079128242711,2.285028896706,0.838758592095377,1.20385632823105,1.69947895215902,0.0869208209788882,0.0478821582052208,0.0737033587042386,0.112272839690769,0.182662740453652,3634.73861913786,1,1
630,0,-0.013849356498379,2.32946366737207,0.745585909277966,0.897587047896869,2.14607819753279,0.104235067751589,0.0464404156093551,0.0735907838980651,0.113407517206995,0.188961641869779,3598.05525129435,1,1
631,0,-0.00906952849881785,2.20192648524909,0.946354322246452,0.974771365999827,2.05819654235916,0.096242208156221,0.0471056381195519,0.0717479437117715,0.113431486451689,0.196628610541558,3571.45583987678,1,1
632,0,0.0790621069160462,2.26643708097892,0.813191710567889,1.02756624449722,2.00096631657207,0.089055876345822,0.0474488417242869,0.0736732203394833,0.118467239871059,0.194686249872033,3593.63316130137,1,1
633,0,0.099229668830179,2.31395042136447,0.819034239384161,0.994796796405656,1.97762709834572,0.085997714469072,0.0446320407191439,0.0706926301225737,0.118647923316483,0.187754013968872,3632.07574512308,1,1
634,0,-0.018632113161397,2.26008286216956,0.880152470816118,0.809746349862224,2.3199408095881,0.0969579575229736,0.0457788252498231,0.0709054825833252,0.116060431597816,0.191716826933413,3592.40789962888,1,1
635,0,-0.00711553117253811,2.32630022401375,0.736815441933913,0.940037701259315,2.09506632041519,0.0968327054932235,0.046782783069427,0.0714546959362318,0.116654884613022,0.194857165167642,3595.71853764271,1,1
636,0,0.0225431500866047,2.34529736410925,0.727329418529818,0.903934916505093,2.20005716375504,0.0902121099340869,0.0460280564251076,0.0700140724777485,0.115422458708998,0.196684228988746,3590.99546429738,1,1
637,0,0.0718912805939552,2.25576229364723,0.855840133108185,1.0825851698116,1.89632931159682,0.0896557134998793,0.0484523582281088,0.0734996199201743,0.115374676808737,0.198484392834578,3589.99999565056,1,1
638,0,0.0674993266567118,2.20161699634612,0.931783222034618,1.06937118736373,2.02364016930709,0.0889151087913733,0.0489491748287285,0.0747696184755292,0.112748116395231,0.197090130433987,3566.77991199989,1,1
639,0,-0.0393197433047651,2.35551559430141,0.655015896481061,0.923174792343056,2.18746566504301,0.0975150484195652,0.0456642035436304,0.0727535942805396,0.109983541197352,0.180058292584078,3597.9238169201,1,1
640,0,-0.0713086114109204,2.32395252706286,0.801659929531857,1.07154049770152,1.8438361827998,0.109395840938568,0.0471259415869529,0.0710904147379157,0.110955837857492,0.188096394439332,3630.08410617198,1,1
641,0,-0.0580894888784886,2.2052550199074,0.971096977907072,0.955297056461765,2.01024517993736,0.108752271947781,0.0461552006208523,0.0715417169839276,0.118468032865453,0.187490217558706,3623.10168632995,1,1
642,0,-0.100292314714606,2.2469278443253,0.850941948059508,0.915033983248506,2.00643078944327,0.115914784544751,0.045151437469853,0.0705743853853375,0.116808506419876,0.191050517989493,3583.7200093271,1,1
643,0,0.125652478268403,2.3156135681825,0.829465319962779,1.111985308288,1.92130715545836,0.0839614497190942,0.0474679916302599,0.072447324342412,0.113537900084332,0.180551336209744,3653.79594173845,1,1
644,0,0.0872278439016188,2.2806425311392,0.833060008529048,0.876172544533114,2.24373647540468,0.0904287511620482,0.0479559583325123,0.0735790026603467,0.117035380083299,0.207129244753522,3573.55640902146,1,1
645,0,-0.00991790284170912,2.3490306184867,0.734899950591033,0.877994360829919,2.14031516676747,0.0961457251725679,0.0448067746925082,0.0702059536418356,0.118936771892445,0.192978430090757,3619.34247390309,1,1
646,0,-0.00384686198145513,2.30478587033726,0.834030323073269,1.11644925252006,1.87166856918611,0.0950896196254925,0.0474371667267688,0.0718116281194512,0.108764343920686,0.183245497337622,3625.47617899713,1,1
647,0,0.210028789363797,2.26968113947527,0.826301944585062,1.15362980203688,1.83761304910172,0.0770206158893733,0.0485681330669485,0.0734174165254056,0.116626443632267,0.201204567048202,3591.17964852931,1,1
648,0,-0.0104963872787889,2.22020622102209,0.856983777061701,0.995896176549051,1.86004483982518,0.104686188230603,0.0460797141104549,0.0713895977327303,0.110607473280292,0.191059108588467,3526.92787631184,1,1
649,0,0.0191615020257801,2.23318023262334,0.922500896961634,1.005656163025,1.93627241438611,0.101308326588753,0.046853954229478,0.0719893017015392,0.112664524855272,0.184976080726809,3592.07681220754,1,1
650,0,-0.0610945325574291,2.38379598750307,0.652166626861412,1.13941853035819,1.65495172571433,0.113678260083944,0.0451910942349158,0.0706475169482966,0.108687138716342,0.183301311788588,3614.59275862039,1,1
651,0,0.0246469259796837,2.24524522306798,0.890450147924411,1.03484063860785,1.92112233101887,0.0994523571471455,0.0470781543361793,0.0716475572134024,0.114670879024071,0.195225045357839,3590.35652788971,1,1
652,0,-0.169745621675104,2.29320567786728,0.806952973006938,0.856475528604964,2.20445073185687,0.127067132974777,0.0448549428100187,0.0696261109428686,0.11263375047672,0.191136196408478,3583.1226379566,1,1
653,0,0.114630028782452,2.26984397518621,0.812050938469127,0.899369909738289,2.01812659100596,0.092909370552861,0.0448459670873998,0.0689207554803134,0.119568314382376,0.194732678551824,3576.28384518407,1,1
654,0,-0.0435074968241051,2.27913144469896,0.832057184830835,0.83882229016927,2.13101102351626,0.113800019167754,0.0431946896345497,0.0687692677289754,0.117024290213459,0.194586050469822,3586.70911859687,1,1
655,0,0.0301115039021119,2.31065240511685,0.85357556842707,0.918420088756541,2.33561957898001,0.08885150246951,0.0466986086810134,0.0721098999124586,0.113277821337226,0.189649935339958,3635.21437439921,1,1
656,0,0.0645295165997539,2.25458978374033,0.813912006156264,1.0693678440542,1.66435984100505,0.109137324841296,0.0462083687350208,0.0721420755211931,0.113214625649614,0.196433817211577,3550.47269782511,1,1
657,0,0.119046549441463,2.30979569651551,0.765490094154359,0.943770166676367,2.21462647658348,0.0837954012388146,0.0460608183688508,0.0724319347359668,0.116161259485222,0.196550015330118,3597.85851653246,1,1
658,0,-0.058205341487274,2.21719959000519,0.921343894164063,1.10852677497603,1.8033510441909,0.110891504575918,0.0483028381436401,0.072970966226635,0.112532021782256,0.191473958213136,3586.06956634894,1,1
659,0,0.116838512387299,2.31560187698882,0.805244078531132,1.09434641911721,2.12077469882325,0.0753409524777686,0.0489539686547945,0.0736682329035613,0.120831715797098,0.190916964719586,3666.71510937735,1,1
660,0,-0.128386654049219,2.31149024203031,0.848060553821793,1.05161708492863,1.97771602347357,0.114952469309954,0.0482886911845914,0.0753410201545992,0.112168467508319,0.190022242445555,3650.53730785673,1,1
661,0,-0.0827873260188777,2.29813386775352,0.788523526519681,1.13017520958294,1.79367649119675,0.102539837884175,0.0476998507756781,0.0735660759504769,0.109441987731458,0.180180745920704,3608.11025805795,1,1
662,0,0.230914927227844,2.29081301414672,0.82394715476415,1.0170580844091,2.12820688389592,0.0701880932850189,0.0444280331305562,0.0693599299722613,0.118206594278044,0.2020778646061,3586.87585875529,1,1
663,0,-0.0765039580557835,2.23854513015275,0.931855612541811,1.00811266529716,2.00500120911556,0.109810319852916,0.0470915766077351,0.0727075921244123,0.107012454549626,0.192586155801268,3570.86664108879,1,1
664,0,0.0778053678601398,2.36258128504308,0.765514147607823,1.03367295047384,2.14474016716375,0.0862005798538161,0.0453854640868456,0.0698691049147603,0.113674913020896,0.197331186719547,3634.88204492121,1,1
665,0,0.0790641835694906,2.31966050343839,0.738559077681477,1.17568310200995,1.63894169494676,0.0923774424436267,0.0467143841009939,0.071690838074972,0.115327268516197,0.187648663188809,3619.3964851876,1,1
666,0,-0.116198753471411,2.3179318198478,0.764621883486557,0.963996982923869,1.93099110647105,0.119728389018213,0.0453689003230541,0.0708972137626098,0.114282764780383,0.188119810047068,3600.72438909212,1,1
667,0,0.087537243366192,2.28063361248995,0.789100676561424,0.904942478109646,2.07630303553768,0.0957334812425466,0.0464261417504721,0.0699992037892002,0.119492143924389,0.208811392568105,3573.27691736234,1,1
668,0,-0.122907330143521,2.34052673310049,0.726278704968325,0.769093388028405,2.19021443942468,0.121965218668807,0.0423745494973273,0.0668342084643716,0.112761241747601,0.189861714796173,3560.33991750588,1,1
669,0,-0.0658489157788816,2.35573658477387,0.642611289930203,1.04775023503703,1.96007505848711,0.101507147980206,0.0460878944984801,0.0743534436894029,0.114831497648117,0.185195931973612,3609.49349620187,1,1
670,0,0.0581585786470223,2.24465451413853,0.861658244285333,0.764003436203755,2.42148747089081,0.0874395644207676,0.0456154140101003,0.0691456292205948,0.117460713827796,0.20119866546664,3553.28287166425,1,1
671,0,0.0483451461969503,2.26701980943078,0.882524423370066,0.915192338792481,2.08957560285441,0.0976087535433072,0.0443911993631304,0.0690707412644519,0.115469284346874,0.189465038726784,3604.36108769813,1,1
672,0,-0.0473818790167382,2.24318063693826,0.863086104773218,1.11387126171733,1.68687931853644,0.106461296377778,0.0450017885852277,0.0711846988710803,0.110687344896994,0.185466990708141,3568.88836981397,1,1
673,0,0.0824439181895718,2.28667726212519,0.850453112325018,0.817220849438677,2.43544656438199,0.0858321044203829,0.0472173255760492,0.0733146487410043,0.115633161831466,0.202018063938529,3573.34694428015,1,1
674,0,0.0561320102547487,2.38460156090127,0.733943968063569,1.14197234973685,1.97553213051729,0.0876827388374889,0.0480114224444057,0.0722008981942382,0.114669348638747,0.190285205749184,3685.82374909472,1,1
675,0,0.118779860041707,2.28466666500662,0.803255717250759,1.12568871150352,1.92630961356101,0.085490504841735,0.0460052311312701,0.0719345814296074,0.111014016946879,0.197584645279644,3583.3002692042,1,1
676,0,0.0501216363729017,2.29841271704193,0.785160331872117,0.571610462331588,2.76499354812615,0.0831040289833671,0.0446131374835455,0.069148795215326,0.126384923570195,0.20827757067176,3584.44284052793,1,1
677,0,0.0185918857287687,2.26524081501543,0.855102870734883,0.905446846908743,2.18679195877601,0.0962580513326994,0.045986603507561,0.0698198506707425,0.119020975479921,0.193076924601635,3606.90163229847,1,1
678,0,0.126503461194505,2.18748788015568,0.919946271263101,1.06664600706334,1.96162844936975,0.083160181510208,0.0486975019427308,0.0748033978861426,0.117650363108663,0.206686262111928,3562.17424961114,1,1
679,0,0.0531402901953415,2.27691171240493,0.742867066856167,0.804581390074363,2.15094962653975,0.099400592411555,0.0453137932431095,0.0700681187831015,0.114734442568675,0.192409940427504,3536.07556510017,1,1
680,0,0.131678384229896,2.26412369635769,0.844419654478032,1.03208227054887,2.11229552540648,0.0765258027030902,0.0464234586899095,0.0720184477170342,0.114204279303179,0.191604144843506,3594.75972814817,1,1
681,0,-0.00662804424518007,2.26056448587277,0.864018370554745,1.05371363356991,1.86313839209017,0.0954654651360175,0.0469715060211976,0.0720730466535731,0.118557378324161,0.192305384013063,3613.06079499271,1,1
682,0,0.0935358695937749,2.2497962715024,0.873959719152842,0.893406216918566,2.15022201927012,0.0963854694475079,0.0444233682160882,0.0684606903193986,0.115543651619207,0.206402507945839,3543.90938474557,1,1
683,0,0.0569993275414565,2.25474321082793,0.774062432198161,0.917052654623075,2.12132175736477,0.086928480716111,0.047554714363201,0.0738481174143704,0.117154882308833,0.189805315790734,3562.69912208017,1,1
684,0,0.01923167971461,2.33184562153605,0.764568104302342,1.15444451868761,1.91154503120993,0.0951824348842613,0.0458083643640181,0.0721417248042485,0.105601983082723,0.181018865630568,3619.35023280765,1,1
685,0,-0.163205196882553,2.28484740614134,0.813570663457961,0.970070968395264,1.84806694848317,0.135154496225244,0.0458256654208587,0.071864843537909,0.111917399253963,0.186043065057584,3583.0922506996,1,1
686,0,0.0221201557339823,2.26967752432358,0.824579385027327,1.06704728044546,1.89054749829136,0.0914516577894264,0.047417171302168,0.0737141028149106,0.11314850932415,0.187635708921076,3589.97121929972,1,1
687,0,0.00397433247334661,2.356652740402,0.730781572986116,0.941065827037799,2.05972724724504,0.100457362502913,0.0453744801351346,0.0695191792574207,0.115611244522908,0.189596810094703,3637.57790092567,1,1
688,0,-0.101381784815018,2.32014562993394,0.789858675247368,1.16546627018905,1.65763504169474,0.117405733827977,0.047011425049871,0.0734316115556649,0.108549936416564,0.181875014502568,3622.72160954578,1,1
689,0,-0.104306385249466,2.25430224321954,0.823179493329465,1.05980664911494,1.8793782171699,0.109304398492766,0.0489440531438144,0.0746213005700331,0.110430602694069,0.189763740191648,3581.00498554447,1,1
690,0,0.144041283548012,2.34607805486573,0.760618098891776,1.20457689850224,1.68164164142899,0.0839925659609007,0.0476959695924831,0.074958921110936,0.115813091891315,0.192674838834222,3631.9349404119,1,1
691,0,-0.00192658149308178,2.25861479186029,0.878436639412475,0.942584705174837,2.03878259785843,0.102731070738634,0.0454885137779827,0.0689155986705898,0.112078973908216,0.193211874509307,3580.75014859726,1,1
692,0,0.0194530060635472,2.31260643201815,0.765408970194148,0.886774743311999,2.09815444944872,0.10157660914311,0.0446906299997945,0.0694037928406139,0.116856711053316,0.197125515220919,3586.54392989764,1,1
693,0,-0.0218101759165315,2.31172160725905,0.768870554248574,1.06112688828973,1.90804448543742,0.0995121619767439,0.0475919841144438,0.073790646765685,0.112165876046107,0.18556779505697,3605.46793807964,1,1
694,0,0.00332018029510784,2.23807748259369,0.884244015663867,0.861682482342065,2.10481515090475,0.10726902905598,0.045875346064028,0.0700169623634746,0.117174496820012,0.203511899449369,3553.54398751394,1,1
695,0,0.03029015788748,2.19431879048217,0.943891053780139,1.05198677444301,1.9128212838367,0.101862932507583,0.0480398581665639,0.0726753257003931,0.110922634181678,0.192256290760738,3561.03090535391,1,1
696,0,-0.0582787909792521,2.24869901894499,0.862485302255573,0.963968027927398,2.10388232379632,0.104301254896498,0.0481182615808961,0.0733154376559757,0.115668273818359,0.20248236924709,3576.26352649242,1,1
697,0,0.0105333383747466,2.42100241162516,0.620155613810665,1.09975375418244,1.9270313731543,0.0973897004997465,0.0467581301344569,0.0754637003246921,0.108949854483327,0.183453815187581,3634.14404231947,1,1
698,0,0.00968359922493064,2.2408248603793,0.873341297752833,1.1714442071563,1.68439588948985,0.0943793634690254,0.0476462128174864,0.0751642754460765,0.114527059600464,0.186485674579007,3587.3608424894,1,1
699,0,-0.0933401151165874,2.3135334687578,0.771237591592426,0.965178162117234,1.88699394615457,0.123846514591821,0.0450132787265922,0.0706741673617772,0.112721953979504,0.194693115086227,3572.0970062504,1,1
700,0,-0.0524019746059177,2.36722803038757,0.761604783743569,0.862203045539024,2.26223054592573,0.105215232815514,0.0435618005288604,0.0690521956078859,0.115708313511763,0.198453591787083,3615.04353330808,1,1
701,0,0.0481337219987577,2.34600160642874,0.764487125192251,0.912429072988678,2.2588003448772,0.0899806675721628,0.0458587287421805,0.0716971269630487,0.115154876440935,0.19333946758789,3615.09479993167,1,1
702,0,-0.158662593201333,2.30505911536207,0.770870109889592,1.09481481150271,1.70133756889369,0.129588326882792,0.0462454926373304,0.0727714154043944,0.110504672568281,0.186264846224652,3608.70001350745,1,1
703,0,-0.044619207884303,2.30042995390212,0.814686773647655,0.930079074885452,2.0607940629041,0.116350964498535,0.0452771981026993,0.0712856373236027,0.114137386639467,0.191667527985258,3599.15823012115,1,1
704,0,-0.00660670863911692,2.33367248242477,0.740227736311387,0.985450644990254,2.03344081307558,0.0924706777892747,0.0464422763097689,0.0740790556208753,0.115511072175261,0.188333642148027,3599.93370279544,1,1
705,0,-0.0405958553712871,2.28162223339772,0.828688794398864,0.889495277647873,2.14627108730868,0.101717891949944,0.0482547150338209,0.0721830370867118,0.114266660076761,0.188564556168222,3600.34653394702,1,1
706,0,-0.052436934738247,2.32133595449109,0.793827425158902,0.947242937527428,2.11539786162493,0.106908435120307,0.045276769163326,0.0707685902629978,0.110898326186749,0.186290629842794,3600.09652151516,1,1
707,0,0.0192998145731925,2.32627213297502,0.779102772261601,1.07800352421267,1.99134350035314,0.0942893933447284,0.0474172906212856,0.0731733611253091,0.109798234616012,0.190478418614088,3606.23234692943,1,1
708,0,0.00399490582532476,2.29492333174474,0.775092362274951,0.902395196675059,2.11433763381515,0.102936616190004,0.0452667082527981,0.0699795429266147,0.113848261232606,0.190366227952682,3569.01310598025,1,1
709,0,-0.0808550922024206,2.34628248908444,0.698933086368096,0.721425651160681,2.33108652136813,0.110990689035846,0.0439257582629584,0.0689855540670426,0.115616581056855,0.195736691306286,3574.3556854974,1,1
710,0,0.0476841717441337,2.21787186972245,0.913511093413744,0.906265717780595,2.19961943956708,0.0884781361240841,0.0468986409770673,0.0711871487974948,0.121673124161316,0.20140421717502,3598.29407827595,1,1
711,0,-0.162178301689263,2.40091892396414,0.693700676945251,1.03278707049267,2.03872801347505,0.115918414025666,0.0463422469702786,0.072745511599178,0.107715141081224,0.186108080951152,3635.68180489593,1,1
712,0,0.0232769175798091,2.31131768816155,0.782522435628547,0.945722384017262,2.12375382916323,0.0962714360706408,0.0459914310852051,0.0703284326933594,0.116819890926759,0.19772086859913,3599.96149434636,1,1
713,0,0.074605905455206,2.32062331109275,0.812600959926492,0.982582170416534,1.89150510072575,0.104212302654441,0.0430007648256121,0.067688537136384,0.11012209971353,0.195916989458507,3568.55031646449,1,1
714,0,0.120685260624821,2.23202779474545,0.933347637698104,0.924932405156816,2.25688592265201,0.0817506050433526,0.0485785670889622,0.0713098069599514,0.121887313992775,0.21335670100705,3590.39393424313,1,1
715,0,-0.0509368624448794,2.290192715253,0.819537968991125,0.852739361634445,2.21829459318947,0.103974277877851,0.0460368907663884,0.0695733759323839,0.111717626007403,0.195182345231824,3576.33787084341,1,1
716,0,0.180578993241114,2.29791158386163,0.761754239182798,1.09148281813113,1.78037808080544,0.0786337546432359,0.0467561477710803,0.0714536742672858,0.125402521115454,0.193676749912065,3611.31356287141,1,1
717,0,0.0519953778622858,2.2970413427227,0.80164058328507,0.979526130191738,2.0231520320141,0.0891207689134044,0.0452247070140143,0.070133237717252,0.117785560422313,0.195039876253332,3606.21104059936,1,1
718,0,-0.0970616360295861,2.32833442768248,0.797901324760206,1.09262329620538,1.82013001740475,0.114608294720962,0.0476957256239794,0.0735206090258655,0.110342888361005,0.182877254733479,3638.35661887156,1,1
719,0,0.0586393813562548,2.34541011889336,0.720277675110017,1.14928870217271,1.74657032992573,0.0997637308303494,0.0469085725887763,0.0712526317231934,0.1115203945028,0.183218987165363,3630.76972844773,1,1
720,0,0.0376658517582853,2.33142509380597,0.752085490535586,0.937347120359901,2.02193458136393,0.108957357691271,0.044187844340943,0.0690720482242546,0.113549445455042,0.194323555345384,3586.8349067329,1,1
721,0,-0.0931865846614616,2.30009257738196,0.802352121107644,1.06079993626927,1.86579615973795,0.111757219173238,0.0469016692054598,0.0730325557500026,0.112042049693415,0.190306253126067,3606.91203836144,1,1
722,0,-0.0288212699863161,2.34675614551716,0.750753941836017,1.07064313420967,1.81780355645929,0.102734547040755,0.0459374922350398,0.0705430498577776,0.115207361184294,0.184408517031771,3643.77936463467,1,1
723,0,0.0717825470868368,2.26469171551102,0.875196422602062,1.25819604784511,1.65836260636204,0.0902521793824518,0.0473023601735317,0.0721793212472075,0.112733246922452,0.183746579800113,3627.47486495804,1,1
724,0,0.0118004799852355,2.39110441247891,0.727443784505147,0.954842571212629,2.13249261231768,0.10409589242075,0.0441287673416828,0.068916214371685,0.113094490759362,0.195099777068268,3637.2467697772,1,1
725,0,0.0409635705120349,2.28940615580715,0.818866399237528,0.975008228437301,2.03058591802947,0.0943135325183679,0.0475276896489313,0.0733387324859858,0.114959048963374,0.186116579728437,3609.01459386153,1,1
726,0,0.125682231787869,2.27300066114761,0.811682811155741,1.05259577093379,1.86140389602142,0.0905840277407245,0.0453999088060663,0.069302978804338,0.116983940287683,0.193387697966426,3588.11540403942,1,1
727,0,-0.0865388192156739,2.28733891239463,0.82206059249232,0.859174283483545,2.18815948811049,0.107172467363135,0.0452828698688077,0.0701277555638612,0.111701523877894,0.190300467364033,3578.87852956531,1,1
728,0,-0.213641667455485,2.30106179155081,0.772709007318391,0.77558508177035,2.2708151143693,0.130605626394319,0.0450909741030452,0.0710401861149617,0.112187274039284,0.187469709938934,3572.15117402464,1,1
729,0,0.118926146656775,2.27537762629997,0.838778710133358,0.915014549116638,2.12137453803423,0.0841024458490207,0.0452225949573408,0.0689892482343517,0.123667888239113,0.197498024637858,3617.85110327426,1,1
730,0,0.000603588005159697,2.36396333847815,0.703127351993646,0.893452001017963,2.20834275494487,0.0989225928093803,0.0444158342589488,0.0695252238902118,0.11460599383135,0.193214547595347,3605.95248675305,1,1
731,0,0.00823821929358901,2.32525128150777,0.761488543411218,1.15700483530689,1.87364983291439,0.100903808745057,0.0467165436886369,0.074229699841108,0.107135241357795,0.183861381562345,3607.41675491221,1,1
732,0,-0.0529985583456181,2.39374118853508,0.687348975370851,0.984143291400788,1.9302781524282,0.106538037912744,0.0458760578371374,0.07111875239255,0.113837901456732,0.194192815384151,3631.98446363634,1,1
733,0,-0.225044607727135,2.24927141072036,0.868251158889845,0.842276945176116,2.05907416136585,0.145719184673477,0.0450980080575417,0.0696716971314939,0.112821625641918,0.183174123407438,3571.13390068173,1,1
734,0,-0.0648843333663533,2.33136768476558,0.772249265936526,1.07510485591641,1.88105175610073,0.107370509287448,0.0455704269136498,0.0702192733101549,0.112610374115953,0.18169971907228,3640.86371438574,1,1
735,0,0.0118090020357868,2.2113490108314,0.956627852077578,0.928486810557892,2.01645599217882,0.105175280627186,0.0457788482150414,0.0703929506176228,0.116842602041843,0.192711462814338,3586.5003480926,1,1
736,0,0.025773749147687,2.31502982458833,0.800871541797583,0.862509789840806,2.27558690430857,0.0941010623453464,0.0449295010265384,0.0697069772330051,0.116366206471611,0.192728806912703,3614.32830907002,1,1
737,0,0.0955519007882708,2.33441089630509,0.733035288794806,1.05187739415664,2.02511775428265,0.0842215319418134,0.0456260835906161,0.0701847070272121,0.112151557569751,0.18793532516642,3600.90837276446,1,1
738,0,0.0718084894078289,2.26937768101494,0.845470988880092,1.0735742712175,1.87683948221503,0.0932309284060106,0.0451614107243813,0.0711896610554448,0.115455685726231,0.193586344145229,3597.27816354873,1,1
739,0,0.117880459930859,2.2822343486743,0.811677017040091,1.05141340197034,2.01276692409513,0.0863042916012301,0.0471550601767976,0.0730323705985713,0.112963565575766,0.198930238738023,3570.45822752781,1,1
740,0,0.142641252093554,2.31835260230624,0.748898935058059,0.96968054663154,2.1285324192854,0.0795095326081979,0.0458492941092676,0.0705203654132003,0.118626687373001,0.200213911377879,3596.24096084271,1,1
741,0,0.010110627017116,2.3379669177207,0.756385376193838,1.08593973383991,1.82746176671686,0.102908952549956,0.0465483855528306,0.0729988196787849,0.114437630774282,0.190515381820552,3624.03053431095,1,1
742,0,0.141180114367544,2.29057965541092,0.804358798389901,0.788842026314491,2.41894883321917,0.0805305133666437,0.0448594163918816,0.0696015168835962,0.120372246338161,0.206294351065296,3566.12904489645,1,1
743,0,0.0468368828123116,2.35280218947148,0.725991912889184,1.08272939634429,2.02754728840458,0.0912080999545168,0.0459898754686337,0.0713761810906023,0.10967942267446,0.185032877177654,3614.18943461649,1,1
744,0,-0.0743917645443143,2.36675953247926,0.641925003087017,0.922592398523804,2.06082265717843,0.115522367881205,0.0446737263000966,0.0709886472048619,0.109579943585111,0.198758284033357,3547.73395605828,1,1
745,0,0.000283429396299996,2.29403533353576,0.803024643722798,1.20811797669722,1.6453620154043,0.102156817881144,0.0475404731267416,0.0736507123414686,0.110999878464895,0.18526515325552,3611.5312299018,1,1
746,0,0.109597199211673,2.20104538730494,0.973745961857696,0.885163513770369,2.2387021372254,0.0883513070606021,0.0468938338810097,0.0704272633657347,0.115464820088777,0.19925519227047,3573.22301808264,1,1
747,0,-0.0299855765392684,2.32382244052339,0.785935305276303,0.9762724682679,2.09241541615479,0.10070146669632,0.0471549016290941,0.0730404838930852,0.118245488134935,0.197731288969398,3628.76009309411,1,1
748,0,0.099650553293708,2.25164374221811,0.830046712231498,0.934691514502433,1.99511929843336,0.0948216908651043,0.0461919135307306,0.0706246266761434,0.115172719849994,0.197094040435969,3562.52202748674,1,1
749,0,-0.0311633444312133,2.29066982270065,0.782543251027973,0.888820759328216,2.12670619708274,0.0999475396534451,0.0451592965532202,0.0712689120583558,0.116947427408715,0.194696260775781,3581.05078351024,1,1
750,0,0.0381611934821504,2.45744977525239,0.546552204415229,0.958085018449037,2.04807216593485,0.100341807286199,0.0441337037460204,0.0705796089680004,0.110504257815393,0.193183229193027,3601.68638094311,1,1
751,0,0.0513604904232153,2.38008445921118,0.650350814559275,1.05093748048998,2.1191264127321,0.0870441564147967,0.0465222781259293,0.0728007992527444,0.115242820806728,0.192056984655895,3632.38833177978,1,1
752,0,-0.257943342688921,2.266310844616,0.86766739473881,0.944500187804306,2.0056818037816,0.133694553378455,0.0457316658125575,0.0713901809934411,0.109232157902501,0.183247854668798,3583.9392587485,1,1
753,0,-0.0765659627364243,2.2838798409712,0.832962072896293,1.01442925443714,1.92656049681009,0.106054792115926,0.047322391204785,0.0715825151954206,0.116048532424657,0.18405081545548,3630.05083698921,1,1
754,0,0.119447710915709,2.30903063988322,0.779154829520866,1.07147609483539,1.846386298136,0.0866188056803895,0.0445848000536249,0.067768665880496,0.115536032469913,0.194849173254676,3600.07343207147,1,1
755,0,0.101000684730746,2.27050790720305,0.872428045238523,0.74387350119014,2.51364590330012,0.0853069172267482,0.0461394794050311,0.0700883279317608,0.124157642461694,0.215616000547245,3572.36241278333,1,1
756,0,-0.314365980160777,2.31918169563865,0.782622906173829,1.15583200816443,1.57507128703522,0.14431232013785,0.0464574274714738,0.0726359003809154,0.108772604303641,0.180206991436668,3609.75679268295,1,1
757,0,0.0583021534999642,2.32454613415457,0.757258361779678,1.11751208045574,1.83686803184455,0.0896946564536944,0.0460925520035499,0.0736835471215936,0.117125774919057,0.188258862821136,3621.33448465432,1,1
758,0,0.0770384397367903,2.31515400922328,0.743141727172472,1.07701713683477,1.98519779600974,0.0846921919055014,0.0483662638443649,0.0737140690258589,0.114888336283826,0.184046109484254,3619.26894214295,1,1
759,0,0.0513134409969599,2.27056164644239,0.887440246460523,1.03593087775706,2.01209908526098,0.0941256889616366,0.0475176900091155,0.0720325521047865,0.116804154639579,0.195853957044715,3630.04415674337,1,1
760,0,-0.00391931096176531,2.27285721858245,0.815543971021119,1.17368101261826,1.71356016132085,0.101741202765222,0.0479547933982133,0.0736542625057677,0.110459847942777,0.189257216283613,3597.01917182789,1,1
761,0,0.159237205254809,2.29224176903906,0.760136170291249,0.987439388961918,2.20628449954573,0.0824838386294788,0.0452110880188147,0.0712507641133618,0.114812965867464,0.204943185485155,3557.43259738121,1,1
762,0,0.0312499738374141,2.30976282884701,0.761369041579997,0.960250378855109,2.1128736477575,0.094373601724342,0.0452144771953693,0.070262154504833,0.119141084894439,0.193485996023795,3618.95681452977,1,1
763,0,-0.260462273608888,2.31844323740655,0.726636993852703,0.883039869761797,1.93856738179147,0.143881731508221,0.0436373663371022,0.069112408449147,0.111321631567001,0.190064611480951,3555.13876975305,1,1
764,0,-0.0783401051409135,2.32714556655341,0.727715933408966,1.14731474912733,1.67251479253226,0.11459106197063,0.0466586575005858,0.0730818420720069,0.105370352353104,0.182373352960386,3596.30399187515,1,1
765,0,-0.025772590237839,2.30215093787327,0.717870549220212,0.907091118412436,2.04645872582508,0.105143442984435,0.0453071210497433,0.0715738641577087,0.116751399331861,0.190827918782913,3569.05858666477,1,1
766,0,0.0458775800004116,2.27891019537392,0.826956248122401,0.757880469471871,2.44421193026034,0.0899311331849522,0.0454430063815839,0.0691001523694846,0.122858213444942,0.203481598859319,3601.59295619315,1,1
767,0,-0.185837342877797,2.28540694002128,0.849903965402705,0.916013161173417,2.02744478227716,0.124691764894532,0.0458667326808819,0.0702398080164371,0.11237905382578,0.189911813928623,3583.14880985755,1,1
768,0,0.142525527463398,2.34653751734628,0.798116219662536,1.04196732632372,1.92296840042367,0.087823684938001,0.0452753474617922,0.069519681364743,0.112018405569506,0.191057238177214,3635.13881762485,1,1
769,0,-0.0895595436354519,2.29052713575415,0.787118631685609,0.920700006670629,2.0403091776921,0.116541378157954,0.0461726367077345,0.0715232519618621,0.110405093303761,0.188812066588714,3562.18917833299,1,1
770,0,-0.256751568015772,2.29811237481724,0.79704173074459,0.931568566289857,2.01810949591081,0.139452553893322,0.0467384244140352,0.0718915452404508,0.108379709618386,0.182273636308542,3584.91433544799,1,1
771,0,0.0443224220614573,2.21593079197999,0.907971550039942,0.885998911707751,2.32577360535885,0.0858854900037804,0.047686416495924,0.0716587891259797,0.115471448674372,0.19480203395439,3592.34459683558,1,1
772,0,-0.172695065997109,2.33041506578495,0.785337046342811,0.991187245435518,2.08251221053162,0.117579924349372,0.0465439760218391,0.0733763890302655,0.112294866444358,0.191818521540999,3610.91886029058,1,1
773,0,0.0893794246730503,2.27150072439953,0.862719673949844,1.08668168145568,1.92234009810625,0.0923883262068128,0.0468782659765856,0.073082547116596,0.112293465619613,0.193050736976777,3604.04749319408,1,1
774,0,-0.0303675577233406,2.30430711749165,0.774600313433909,0.967346659606994,2.00818338109621,0.110372037079898,0.0456869340870415,0.0695798251276501,0.114458892045171,0.189051229240522,3597.79957507512,1,1
775,0,0.0102189517151075,2.25861317030892,0.827637135918419,0.939287926914539,2.18171622394719,0.093206972952306,0.0462826157093457,0.0717828639013709,0.114294918388273,0.189617812517642,3564.66944626635,1,1
776,0,0.118586872972119,2.35500833043334,0.739190193995128,1.01351286683134,2.02156559339145,0.0976142305037965,0.0450620093593403,0.0695605825711453,0.112609093091679,0.208721726553346,3586.31128265155,1,1
777,0,0.0162150541317551,2.34523784399457,0.728467158396207,0.871986072514763,2.14304063503501,0.100751339992397,0.0436926064295595,0.0700607256114045,0.11383496430434,0.194785180592413,3581.82775415803,1,1
778,0,-0.0988188922188397,2.26361040652434,0.864803055835912,1.17084873266675,1.68773035245396,0.115432173816126,0.0484034822879622,0.0753463302866953,0.112839185680148,0.186703163846522,3617.12890441441,1,1
779,0,0.0120740422985935,2.28592084018844,0.861864120022976,1.0769268588079,1.88970507724196,0.10452022294314,0.0468006231966957,0.0706335331405206,0.109190608890237,0.186065523620778,3619.27332719,1,1
780,0,-0.118435964577796,2.27914316864681,0.87259694561529,1.07634637220954,1.85144608646056,0.121259710998584,0.0469958331678791,0.0736884045832903,0.108576743441034,0.178296779904006,3620.84867749187,1,1
781,0,-0.109287621627617,2.31071524730319,0.810663380862803,1.00511871473981,1.92792596467833,0.116443399194815,0.045509600507014,0.0708374885313793,0.110882269106317,0.185188339889715,3613.6993707914,1,1
782,0,-0.0411047000602188,2.28203853429878,0.80486534059056,0.948719537714554,2.01652245513983,0.106582273736149,0.0474238011174862,0.0734272996622569,0.115949170573375,0.190729283151251,3594.73235582693,1,1
783,0,-0.0930440202911137,2.34005674669213,0.726240620698816,1.15949246637246,1.67335093808549,0.113332139596544,0.0464885108229737,0.0728276892287181,0.110175460551358,0.189022998026224,3606.65842063203,1,1
784,0,0.171785813881487,2.41530508564268,0.654116154045794,1.06837439889727,2.12326350114761,0.0757892685141731,0.0459207844826396,0.0704387488603534,0.119505249026416,0.196895030010052,3664.25038607224,1,1
785,0,0.0971078793219371,2.24522132971785,0.882666793149936,1.20907175268971,1.83645983157805,0.0827440497182051,0.0485732118538203,0.0726083475364221,0.113731926548084,0.188112393741996,3621.75162343815,1,1
786,0,0.0694389090747552,2.37660416361283,0.724413369584994,1.11021191975529,1.95718168373706,0.0919420293713433,0.0466804129056401,0.0719514698998674,0.113045743728081,0.191711716135079,3648.28143094939,1,1
787,0,-0.00451739101192516,2.28570521335039,0.835270136571689,0.990384359008053,2.12619548073691,0.0953464169675255,0.0464231389641072,0.0714832548140648,0.112890664396276,0.182458312530177,3621.06795969376,1,1
788,0,-0.0674555995183202,2.27247656996762,0.880702201545593,1.00541738830361,1.92750549120202,0.112667338694253,0.0467477423717198,0.0707648742534793,0.110998710377578,0.187937384156726,3613.39546740823,1,1
789,0,-0.0111423330999612,2.22081190489074,0.889770755036691,1.04974886639326,1.86977291393098,0.104185458703818,0.0471997957917886,0.0728888092350424,0.113685344189665,0.189717906853524,3584.57322517066,1,1
790,0,-0.0342102756358236,2.32624518000522,0.827146717484133,0.995170692985544,2.00292246271017,0.105635490968707,0.0458474608883963,0.0710765561940926,0.116322881701404,0.191236147577293,3639.10394252951,1,1
791,0,-0.16949913469363,2.33772997397098,0.730504896143894,0.892688339466046,2.02282818278321,0.126807357037724,0.0452252598751959,0.0722837493911625,0.111961638828901,0.192786796194642,3563.93799131473,1,1
792,0,0.0600398680219274,2.35619769616258,0.705114253553268,1.03302155133491,2.00181435066599,0.0884551685549625,0.0458737425457029,0.0725423736990035,0.116907422769059,0.188775680728286,3629.33855799867,1,1
793,0,-0.0664319704292314,2.30290762550351,0.836335733948368,1.00256765496722,1.90211154467179,0.112086440123702,0.0464853220733776,0.0715899600185526,0.110232513417736,0.184012575101962,3605.59463852691,1,1
794,0,-0.117357067582289,2.31628851083969,0.699786506470172,0.944569218277713,2.02035317098307,0.109868950189375,0.0470501901708684,0.0733558874781804,0.112256457559647,0.184837168102,3593.47904561351,1,1
795,0,0.0186366675106968,2.26900507388162,0.87319332866412,0.975727680557926,1.82627757591555,0.10805132371405,0.0439077578630139,0.0690451650706741,0.114867476675499,0.188565963988049,3580.911544531,1,1
796,0,0.0365472393628596,2.27531045715938,0.85895106266675,0.826898589341772,2.13803909787254,0.102737428379023,0.0432077659248512,0.0676061555579087,0.1166062119963,0.204623285908916,3558.88722258844,1,1
797,0,0.0169846343439903,2.30947239669259,0.783017973283399,1.08621010049154,1.8279150038678,0.10225837630814,0.0461784197106356,0.0724044557766089,0.113195457784753,0.190908596693694,3598.62256036065,1,1
798,0,0.00357986929705042,2.31142648557512,0.818471313393424,0.907387559863771,2.18774585037687,0.0984740127616872,0.0464111970806847,0.0714822527012557,0.11543343835084,0.197245431213476,3601.80925987639,1,1
799,0,0.017916617626214,2.25700884803844,0.914172988257746,1.22445388858865,1.80153719428557,0.0944841955922118,0.0482681007851057,0.0734592445640083,0.107401376704402,0.186066025313113,3619.13777341062,1,1
800,0,-0.00760438753887902,2.30653373913432,0.784339598566202,0.898641037200119,2.08632048410799,0.110031033416848,0.044031505074305,0.0693420670515903,0.114528541732947,0.192993863345403,3583.97141454554,1,1
801,0,-0.0653793663324672,2.26937118722382,0.785498347434094,0.852985699690436,2.12304861573964,0.111991468818664,0.0441057075781394,0.0694137219624715,0.119275809797047,0.201391198412896,3553.04908329697,1,1
802,0,-0.0207509421223398,2.37328006371402,0.63829075997029,0.7391385827977,2.28750546107831,0.108259164065307,0.0432529866403297,0.0690360446948779,0.113554364514384,0.192955547783759,3549.40823208845,1,1
803,0,0.0588385458128955,2.3083769344367,0.780455142912098,0.906579916848286,2.07971257011953,0.0923266397481576,0.0460131872161856,0.0712092175338362,0.113937023712699,0.200333271930794,3564.36386320431,1,1
804,0,-0.0695128279445642,2.3445398991255,0.740041103055652,0.956453635821111,2.02770024544492,0.100831691455654,0.0448178006462546,0.0694939118623973,0.114521859017698,0.184209123007484,3624.85398156096,1,1
805,0,-0.0737789619475261,2.26913204315978,0.823183920077879,0.893519051096515,2.04469302415115,0.118876617630393,0.0449915432909775,0.0690280182952541,0.111787451402412,0.192493188442549,3552.9676161375,1,1
806,0,0.171341245676042,2.2753127722843,0.812567436649261,1.12379377124559,2.05758638335667,0.0772107357821297,0.0486070600057571,0.0737175776727256,0.114196449761456,0.201646142953105,3574.85131490717,1,1
807,0,-0.197202358130392,2.3497079591921,0.813222505209623,0.995004821646028,2.03290276268684,0.115703027176004,0.047947820972646,0.0735182381266846,0.113196696028777,0.189314491316329,3640.27631167259,1,1
808,0,-0.0292891158204285,2.29703146770206,0.879837907838122,0.724820023643246,2.40936918867199,0.107773417734154,0.0439066226200664,0.0686068850070545,0.119414645159521,0.199086124095864,3598.45441779343,1,1
809,0,-0.0330406947827358,2.25762641038934,0.825749521312257,1.09152046286406,1.7798889704806,0.109244398520097,0.0464881954941139,0.0729175998468584,0.111784439305662,0.187061604729421,3573.13054248167,1,1
810,0,0.158857392622382,2.26929929095348,0.834713278030532,0.877519665960101,2.27548851826866,0.0792689129517636,0.0458143349013608,0.0701277974023598,0.12236262970893,0.199836239274352,3592.44409196091,1,1
811,0,0.147041035298937,2.29216884630243,0.817403206157999,1.01506290438498,2.09271783313823,0.0769927761434108,0.0464843583522442,0.0707102563410551,0.115265038428486,0.19309799068313,3609.37869872487,1,1
812,0,0.0976355373029488,2.26692009150453,0.83692337344993,0.988720600153381,1.96386652261553,0.0892715683237465,0.046385036600938,0.0725804121128524,0.114639333629536,0.192707529522555,3575.63525073999,1,1
813,0,-0.101733292888105,2.31818344741402,0.776942547978105,0.986335450589587,2.08744386412391,0.107053854564112,0.046518177732004,0.0729348430585476,0.112294663355326,0.188154764665294,3604.72113172024,1,1
814,0,-0.112638180819962,2.31160242559965,0.792168114341825,1.04894285725324,1.80759546608806,0.117903677520445,0.045381915731138,0.0693458197061635,0.113609565377141,0.188505413800387,3616.02632562754,1,1
815,0,0.0202580831631463,2.38428253068939,0.69164612213398,1.1143934372268,1.97726046810015,0.0935664259710823,0.0478660191923383,0.0733731510993119,0.111447781230827,0.188417832346883,3657.42221244547,1,1
816,0,-0.0909047696382559,2.25015457548207,0.843471316503525,0.971968672745203,1.90872156662721,0.1178344161098,0.0464118478429541,0.0720070613511787,0.112912270380258,0.192146527756426,3563.10039398293,1,1
817,0,0.095510501951613,2.36049834163534,0.789863618150738,1.16217796265078,1.9083053043226,0.084381360537866,0.0477874741363449,0.0738433492071746,0.112862555117603,0.191305758847602,3659.56034714718,1,1
818,0,-0.160111931249757,2.28502552595191,0.803930649332931,0.900692523562463,1.96746970970418,0.125938375801529,0.0453975998321564,0.0704980011773358,0.115370610715095,0.185937061089896,3589.96450161006,1,1
819,0,0.147742048685112,2.3054282333756,0.77267823598911,0.955488003980557,2.13772567085347,0.0831144631557941,0.047012698049025,0.0708851286962226,0.120568352929287,0.197802685810094,3616.84749101494,1,1
820,0,-0.0148964629542318,2.31274241002029,0.754856058525331,1.12117629099857,1.71429097157419,0.100346176943836,0.0469504415139316,0.0738931122471723,0.113619176427173,0.189868405242022,3598.09134232467,1,1
821,0,-0.0186437740675931,2.34516725239406,0.729732609710912,1.0266172699366,1.966417558914,0.106061434542249,0.0462915935131513,0.0712504657355699,0.10925040657759,0.184779498706339,3609.64559563601,1,1
822,0,0.13434267764624,2.27973558307528,0.846795767017055,1.05006740522809,1.93946042370721,0.0861904555217578,0.0447092990701462,0.0680303867238804,0.114048950234256,0.191538437433161,3603.85034752972,1,1
823,0,-0.117265905499655,2.34463465284478,0.733965503920392,0.991839262728201,1.82463996306689,0.130750860513966,0.0456783385919387,0.0711269313958091,0.112177945501696,0.200854942274744,3584.55755439346,1,1
824,0,0.0445602921705668,2.27752841857059,0.847907637701687,0.983107417769133,2.06666223088978,0.096107664002055,0.0470800918740287,0.073426737273575,0.1147324238236,0.193827278447141,3602.45038796138,1,1
825,0,-0.0241938179467491,2.2722259433556,0.859890249490703,0.875419057973718,2.29362776429123,0.0953677071553783,0.0472293084425791,0.071951148968352,0.115124231697916,0.194203363944141,3606.76768142609,1,1
826,0,0.0377062345260336,2.32982943036734,0.79708987674668,1.11727769565064,1.93568631113542,0.0920341259232794,0.0466763549103497,0.0730168923195511,0.113403796058726,0.197173808004422,3628.52060881112,1,1
827,0,-0.0215690152626843,2.27922890551945,0.853063959277682,1.05491607404837,1.97623471811192,0.0979204421759543,0.048097508614967,0.0742729450501054,0.106034820319606,0.182022428897249,3600.22116597231,1,1
828,0,0.033917027009022,2.25393665578697,0.853870829202725,0.91554000800915,2.0724165788248,0.104562515468507,0.0459167626142108,0.0697897242462861,0.114065617053231,0.194738835938724,3573.15696956083,1,1
829,0,0.00963914628098514,2.33805991555328,0.766561012002295,1.09036092397657,2.06364714103047,0.093497166096174,0.0458484322146305,0.071683292945851,0.111717392047071,0.192601814985269,3611.17331788528,1,1
830,0,0.129342399102193,2.28732636743299,0.848324369603081,1.13200169228104,1.94544651259155,0.0796382527192848,0.0474240537113288,0.0745451287666787,0.115815269275092,0.192060459680237,3622.72969594191,1,1
831,0,0.0222440751215789,2.28280200595303,0.868454192499362,1.06376175463607,2.00494356125509,0.0964680880369048,0.047907027410924,0.0740702277545239,0.113744519241111,0.190603678575622,3623.47626308108,1,1
832,0,0.0237993670525604,2.30433965477276,0.75161215706393,0.958278678366085,1.99958635816072,0.101318531835565,0.0457926097543955,0.0718842621731353,0.112471411505287,0.20019066991159,3557.67744579407,1,1
833,0,-0.158961368012239,2.33239086946931,0.791963515063208,1.01043761138361,1.8635103163217,0.130587189362679,0.0451766588224426,0.0700150565492896,0.110140697085052,0.184294825136151,3614.00422368891,1,1
834,0,0.116523829982191,2.28011340765543,0.865652687261378,0.961894820736495,2.06665657796287,0.0912402562660186,0.0468722932386379,0.0719224202993818,0.11562602425025,0.202032225581804,3591.15103604325,1,1
835,0,0.0172955561186737,2.25014778308077,0.846775895279329,1.16222204039152,1.59737887413188,0.106762346321021,0.0479311347507022,0.0733975416768473,0.111790646799454,0.187636608072156,3590.52819952381,1,1
836,0,-0.0634600916004504,2.20830337231388,0.912424774514542,0.971013932162335,1.85643255122037,0.111987934973667,0.0467513863830835,0.0710715722847412,0.116613232604762,0.187724736178925,3575.99317006953,1,1
837,0,-0.113993954655585,2.26014600565538,0.848885295458019,0.875940801049703,2.03198666486239,0.123012144003102,0.0439710610559416,0.0682731064780205,0.114231257956001,0.19306097789708,3560.35357598124,1,1
838,0,0.117968629449815,2.28343708762117,0.816449477118234,1.05357248845171,2.02582202629556,0.0855289704267562,0.0469136241478382,0.0733351656729674,0.113363527505672,0.192961487440108,3596.70178161123,1,1
839,0,0.0994087092723415,2.29657434293496,0.836586366720767,0.988154626359521,2.22274286724424,0.0815422074020164,0.0488233207010597,0.0749895115610763,0.118490065816621,0.197325304871997,3635.55066473296,1,1
840,0,0.0079009098084812,2.2716793742103,0.84147474644489,1.16549000572451,1.78428659837685,0.0966625930223434,0.0471634745769208,0.0737434745857252,0.114092268004817,0.186920513724849,3617.51091401456,1,1
841,0,-0.139273245301349,2.27361549746705,0.823499812245244,0.971568467317583,1.86468558762567,0.122947402872481,0.0463291309479436,0.0727919304832161,0.112161827367428,0.189671137076978,3572.72795588689,1,1
842,0,0.0284734197852043,2.34829941568247,0.712072457639531,0.690643139869573,2.5572125382394,0.0932088478746163,0.0444127396232446,0.0689450284389765,0.11704587266299,0.199301979562618,3576.38839491328,1,1
843,0,0.0901689968125136,2.31445418988337,0.751120439868153,0.969716316343136,2.15804479202102,0.088152478579062,0.0464380428975494,0.0732105553276989,0.11733365776108,0.1917275264556,3598.19504305779,1,1
844,0,-0.167294787360414,2.26973698266134,0.888140600740842,0.896813764470264,1.90614991793564,0.136936696029428,0.0449408545803292,0.0695571823314414,0.115472081308167,0.186137133039957,3599.73161523548,1,1
845,0,-0.107120000082314,2.29777340319478,0.754846751337972,0.982094776403457,1.87034780239167,0.124072255485571,0.0461295345938865,0.0717169058784672,0.115025624815917,0.194019917944387,3576.77427222311,1,1
846,0,-0.0461737915179326,2.27959555889452,0.820388360438784,1.11622864959405,1.7909105878222,0.10357471039836,0.0470295487097235,0.0711862315976871,0.10913555655947,0.184920183421171,3604.97124971845,1,1
847,0,-0.128773698742562,2.38682226430455,0.593922045559102,1.19305268972723,1.76922874183342,0.119067330397398,0.0465157944596024,0.0767759389597737,0.105860811711873,0.188709175463864,3584.42650063645,1,1
848,0,0.176152947548557,2.25102348393581,0.842357939389516,0.949298828359674,2.061751371151,0.0815341965222068,0.0461136235937743,0.0709432810613086,0.116228470942168,0.194672252984258,3565.03215626241,1,1
849,0,0.0993597112875745,2.28987375131407,0.83654674629016,1.26654709336415,1.65587931687692,0.0872427342716811,0.0489622383120709,0.0727027236259822,0.113482422772575,0.193684308576635,3633.33584811983,1,1
850,0,0.153920443973273,2.39921295957286,0.714555237486757,1.12529570709207,1.94162619926551,0.081143375682011,0.0437123722522122,0.0675287280682527,0.115031747628277,0.196030816267989,3651.07244179675,1,1
851,0,0.0239402295801717,2.35069251463687,0.75703719325449,1.18131150531964,1.81517856848689,0.0938183187930261,0.0462339184653343,0.0721862364615744,0.110870092872422,0.185674902020413,3635.31102056525,1,1
852,0,0.163242151231075,2.35245856184704,0.689252952758887,0.89596202577531,2.33989330489728,0.0768239090079747,0.0460814825743031,0.0715701026054984,0.119422556909702,0.204258720082349,3594.00612110375,1,1
853,0,-0.0908249194710926,2.28266247362883,0.785729350234463,1.00809526890564,1.81054743002594,0.119959517776644,0.0471196226685295,0.0729239583850148,0.114644781563182,0.187670922382396,3583.06823251851,1,1
854,0,-0.312417994964822,2.31280062617654,0.841843045061332,0.857261790029531,2.11481461153632,0.132536222741514,0.0472867224299434,0.073183186323885,0.111806162657373,0.186960170044354,3612.12132444639,1,1
855,0,-0.0287689222472081,2.26575259856003,0.796588891538817,1.03412375363927,1.92963072485972,0.10133929783966,0.0475477519625522,0.0729126491216115,0.114417163546958,0.192294149911238,3582.57135921756,1,1
856,0,0.0872897120009063,2.27470071067325,0.844445133233369,0.886923048127692,2.10788456701661,0.0937204118736103,0.0457120290692032,0.0709048929840618,0.121627051756411,0.193087519778509,3605.17182861867,1,1
857,0,-0.093481479302286,2.23307778899932,0.918157289244647,1.00530954138715,1.83885069701785,0.117965363566044,0.0454421850408496,0.0714470840774444,0.111251143365829,0.188070303608899,3571.67865375574,1,1
858,0,0.003730374298459,2.30850047150506,0.773913663721411,1.13165287481013,1.82010251762671,0.0974262425781802,0.047724504107486,0.0748539229182752,0.110344679864633,0.185976916454938,3604.90757622522,1,1
859,0,0.077585116294523,2.36401930045316,0.705498966367112,0.854404738258579,2.35627478599669,0.0840692445335922,0.04380851241105,0.0693908956520233,0.115368242043771,0.194732363362825,3585.72270711764,1,1
860,0,-0.037604982277882,2.26131086967094,0.807606543637171,0.770978161837108,2.3217488183855,0.103659896753351,0.0439432185663993,0.0687971744369428,0.116756194730026,0.201420515043045,3546.13399163508,1,1
861,0,-0.0105636433633636,2.33151730231056,0.766786596054702,0.836843795619411,2.22370236253402,0.0976291670088301,0.0459495240850934,0.0696444118735347,0.119570883439976,0.193714411777736,3618.94690388985,1,1
862,0,-0.0992598712209516,2.23886398808434,0.866869213439686,1.03704096909747,1.78912576758013,0.111706820702701,0.0460699555453634,0.071128099409527,0.112061374303719,0.18491129736294,3576.79525308638,1,1
863,0,-0.214800333766649,2.34471253270308,0.756923532133208,0.995027909199709,2.01973887454881,0.129712962788604,0.046855374682407,0.0729223546824931,0.108154036004095,0.182420683957334,3619.84528336017,1,1
864,0,-0.0200640172323389,2.29265521860227,0.835097193279201,1.01537468097505,1.93207502009262,0.104442515708147,0.0460098429331357,0.0710541092582092,0.113091879843294,0.189574331469269,3609.8165873449,1,1
865,0,-0.0179780032980023,2.34063625447864,0.662886207263504,1.00223678651565,1.90227358125438,0.112574066348326,0.0459685898776322,0.0714348510529464,0.110980360844161,0.190097574411575,3572.56528987252,1,1
866,0,-0.0361542858967705,2.3143273274967,0.830250794613802,1.0842197571388,1.7019331317687,0.108620180894645,0.0446296436869925,0.0710412264349484,0.111657034440624,0.18312807932073,3618.71419348252,1,1
867,0,-0.0187196543056399,2.33706626426944,0.709976200313926,0.91774516696423,2.22005937534286,0.0964593544371795,0.0461640706597208,0.0720057573768727,0.11298900046225,0.187683731830528,3595.14209897713,1,1
868,0,0.0590876127861057,2.3134547535275,0.778195957511573,0.887220596338055,2.10294216737425,0.10006808117235,0.0452815593420393,0.0682225226903778,0.113498783883528,0.196868319996509,3571.3649271331,1,1
869,0,-0.063210922606816,2.29265877130418,0.745019002029841,1.00021147450881,1.9325581582027,0.101187879935921,0.0463369682364411,0.071012304340535,0.113817652166641,0.186945878970341,3583.95393698789,1,1
870,0,-0.00246474363812259,2.33663417075816,0.722517773850329,1.03488794799302,1.92343416839309,0.106457541922455,0.0451974366826651,0.0702439911920401,0.108684742594849,0.185247382222371,3591.3301966759,1,1
871,0,0.00320602929130809,2.25446639181646,0.841264869083098,1.05459252024913,1.92770485658228,0.102317892913846,0.0465600072313804,0.0725828077235405,0.10990121959988,0.195704742450801,3561.92746485819,1,1
872,0,0.0813236480967281,2.28987944831467,0.837020187743189,0.713702669698241,2.42261535236796,0.0970254168789473,0.0428936952581371,0.0666418417798631,0.11880859366632,0.197560749878115,3575.66938312236,1,1
873,0,0.0719175746128456,2.30702569020413,0.843158885823654,1.03983714469423,2.03034853100492,0.0914832392278021,0.0457390595653829,0.0707790751561787,0.113182589148684,0.191768303971753,3611.41423957136,1,1
874,0,-0.139526294954801,2.25867258325081,0.811560826786554,0.917502041650421,2.07896012866095,0.110670274852687,0.0467371482345754,0.0714390279789466,0.111124601261415,0.192275590177589,3539.65786420761,1,1
875,0,0.0705927170031175,2.2199529210082,0.874092666280431,0.999622475481604,2.14574935074093,0.0852063759689664,0.0493653861137953,0.0731855182336225,0.114666463845495,0.188870548612407,3595.73857814915,1,1
876,0,-0.077410001292471,2.33411143884953,0.801543974530345,1.1371382607508,1.66346394696464,0.116219099448715,0.0465870703637887,0.0732234273660698,0.111521781836203,0.188244361306567,3626.45919998439,1,1
877,0,0.114650358356339,2.25304201753077,0.829160815875187,1.18780926318273,1.72693006590303,0.0901712629215234,0.0488204299473253,0.0741016294211609,0.115583078382718,0.193638571788704,3598.54557143652,1,1
878,0,-0.154357319999099,2.29192768734977,0.846213125401469,0.935375565563279,2.01628709545476,0.121863055412937,0.0457074766924603,0.070456959163487,0.112385621502676,0.192198018337228,3600.87115768095,1,1
879,0,0.0290863579646353,2.31768988622054,0.797640092073267,1.12643805960869,1.83033046976176,0.0970827444115171,0.0464653903370668,0.0708191797379647,0.110464393543501,0.181763498302489,3636.21521392939,1,1
880,0,-0.0940955152532562,2.31893540720558,0.73593250048498,0.81973335329728,2.11810140609916,0.115532952574377,0.0449213237852093,0.0692537320839245,0.118735032885218,0.197237520704914,3579.52625112446,1,1
881,0,0.172948886175799,2.30633682170692,0.791133107952361,1.03344099503141,2.21357466276917,0.0728841144379821,0.0479004676727429,0.0748041151931269,0.114502310432632,0.201298057177713,3597.04912198036,1,1
882,0,-0.0309379084342044,2.27268552403285,0.886044601934589,1.12020161005455,1.73701120433975,0.113703311084358,0.0463437229177015,0.0712010747830754,0.112394322517743,0.196991148580649,3608.34990571892,1,1
883,0,-0.242662829704493,2.24840426790381,0.839149215640761,0.980880491672844,1.88569014793532,0.126237366808574,0.0470636384075795,0.0733673097846769,0.113557261680332,0.182982968968238,3582.03532025241,1,1
884,0,-0.0711523293463304,2.28269061813825,0.822350844031977,1.00637853212102,1.9905518491018,0.101960634529916,0.0478694617409544,0.0746712745196313,0.113988710399149,0.186706396567556,3614.24209842993,1,1
885,0,0.108390637488875,2.30059912488198,0.767270008791698,0.843169987396781,2.26172604694428,0.0848440709111125,0.0447454874169642,0.0701629255116123,0.11848407620324,0.202202391527086,3558.74644071402,1,1
886,0,0.113745950263513,2.27724782293297,0.843781477165187,0.811292998630268,2.28544102659243,0.0859846372549183,0.0436819161642388,0.0673781074355112,0.118807285398802,0.204106492757696,3560.23427211915,1,1
887,0,0.236720169009839,2.26983257507872,0.791038498114719,1.04280560127793,2.00828623330579,0.0741458551734944,0.0456334424196327,0.0718001558666514,0.12043046208906,0.200736952766358,3571.62263665056,1,1
888,0,0.0146776784434907,2.2809077945244,0.852886318378093,0.933442859772686,2.13145876825514,0.0980668059044631,0.0461514706588824,0.0708458993532276,0.116389718549418,0.19324787691845,3620.0169774918,1,1
889,0,-0.0299807663377214,2.39693108387631,0.674534184406743,1.21927804353921,1.69503473028566,0.107747053675888,0.046889443504222,0.0729746790565079,0.111343180949554,0.183670473586187,3655.96908880784,1,1
890,0,-0.0803510351859878,2.28190008008048,0.863591259215262,1.14489101243012,1.6649833301343,0.113135179764763,0.0462552837496907,0.0710483230870169,0.111304890189622,0.180893706047844,3627.54200605561,1,1
891,0,-0.0440953143360295,2.26622107934482,0.872234239581777,0.839021699939342,2.08694229429983,0.112899470500289,0.0449241648567994,0.0714260371293712,0.119005065451424,0.19731579411596,3585.59710835574,1,1
892,0,0.0947127079874882,2.31521953353221,0.819146661987562,0.970439166981211,2.03591086918985,0.0905563396459861,0.0444761264550038,0.0704998933137844,0.117280615163787,0.199271126873901,3605.79973455259,1,1
893,0,-0.0147172948000725,2.30879988193401,0.773309858692517,1.00257149295163,2.00845064857438,0.0961030910612583,0.0465014540932449,0.0720803491306702,0.112633706171876,0.18931680863387,3594.76467897574,1,1
894,0,0.16204511295385,2.38927474003784,0.716027444382051,1.33820072147421,1.70220457082547,0.0840926843874695,0.0481540607253556,0.0747283490273536,0.10684243640409,0.185602584034491,3654.00478658172,1,1
895,0,-0.0260376021891373,2.27776205731584,0.802578176014636,1.08869451481492,1.87201386083931,0.104453147453215,0.0463768171747585,0.0726721492921236,0.108458955041387,0.190122111362882,3572.08929072613,1,1
896,0,0.0591842975712855,2.34735523998934,0.725125890287846,0.765605698235412,2.42635351655449,0.0905552617469764,0.0447547804092908,0.068838415492486,0.117980119575916,0.199062566046209,3589.34896841737,1,1
897,0,0.0699082235751583,2.33953861957532,0.73684052772114,1.00118953225309,1.93294514236007,0.0953466233364132,0.0456788302346356,0.0716212708405776,0.114621964652694,0.190218477622527,3603.72445908923,1,1
898,0,0.15207765311748,2.29200172905844,0.745959116517658,0.91723127310491,2.25791403407418,0.0847316973839412,0.0460788152480766,0.0720899844043777,0.119116588772049,0.211050133886937,3555.46949849355,1,1
899,0,0.0884305938599807,2.38720323226229,0.692902570747653,0.925394020103845,2.30504232690379,0.083600899671782,0.0454754647088418,0.069970563569397,0.115718246186592,0.207524447445458,3598.17503940521,1,1
900,0,0.0273381980605523,2.29042394850997,0.784580332415926,0.928483101732185,1.99560033338974,0.101731523827413,0.0442563292445354,0.0692301305678771,0.114780425178617,0.185802348535424,3584.74197215607,1,1
901,0,0.0628495964735795,2.32089641847892,0.821278334744688,0.802328501678892,2.29843943878175,0.0928330668766601,0.0441954579005459,0.0679259900682477,0.117040856228451,0.189590801120231,3612.70774220157,1,1
902,0,-0.162330509855555,2.26976933385564,0.811333727338691,1.08333070377719,1.88499658906298,0.117817787174787,0.0471578203556738,0.0727667294617523,0.107172258427179,0.190133460357041,3564.06936344805,1,1
903,0,0.0503687075938166,2.31557575310592,0.783489588061322,1.1847469977029,1.78651708516376,0.0931658668776705,0.0480129327904594,0.0739479300576044,0.112606368124287,0.185456894510201,3641.9349760368,1,1
904,0,0.00838579453057451,2.35100039415786,0.771269525599646,1.0761537379825,1.9444733581925,0.101706000792661,0.0451032133861193,0.0727431037627861,0.113826450947117,0.195055554091124,3621.72751207337,1,1
905,0,-0.195391884027826,2.21273833888192,0.943590755116574,0.943078317020552,1.93367972539066,0.135704562661293,0.0458094706472008,0.0703819528908393,0.112609673023682,0.192228403129926,3565.14575919908,1,1
906,0,0.0812630290637995,2.27020904191977,0.836783249484143,0.979405984659863,2.23518312841173,0.0811573108472039,0.0483697067084733,0.0728055171454687,0.110690376672986,0.189293492910501,3587.39684908967,1,1
907,0,-0.0275221605617304,2.28382207365756,0.825945245831764,1.0689464007123,1.83574334491239,0.0992624116402989,0.0471833801855734,0.0727998251485651,0.113528812146308,0.18530205440984,3601.52782559141,1,1
908,0,-0.172618001240561,2.34172755933773,0.754941465984607,0.805111786285964,2.29700656371583,0.125235021350869,0.0449228295306725,0.0697001077703843,0.115178101143208,0.19373233332616,3603.71216267753,1,1
909,0,0.167774860742331,2.2038955808076,0.96079654431207,0.973553870619401,2.10139673540111,0.0829560540885475,0.0476176438298499,0.0741973731861013,0.11710828156161,0.207111401854421,3550.54894909492,1,1
910,0,0.134152720054846,2.2649211052845,0.865906401990076,0.8969971472191,2.29714760552754,0.0815157968619238,0.0470754477917708,0.0711538396279061,0.119372021474549,0.207166162432398,3582.24571762651,1,1
911,0,-0.0401312713035583,2.26437960219042,0.826036312052756,0.991326255616993,1.93333009437065,0.10108796363954,0.0468127705671281,0.0719129860441697,0.116412092994478,0.194139040339981,3596.73173952124,1,1
912,0,-0.162636298778297,2.25598761284976,0.912562561031831,1.10512605321155,1.79211403206127,0.120828303927611,0.0465940999115137,0.0719083027106204,0.105268970484267,0.177667226898369,3603.19077115976,1,1
913,0,0.191271706062688,2.23390351520493,0.907550775505694,0.994299179063239,2.09398167617184,0.0756917870506611,0.0465734278179684,0.0707265339709937,0.119758658056323,0.190418332853887,3618.11406004398,1,1
914,0,-0.120556290288548,2.31774306753959,0.834538484979173,1.01414563423568,1.98205957840094,0.114046412586123,0.0470253850770247,0.0719907820602033,0.110748150982988,0.185062285501123,3642.08870100283,1,1
915,0,-0.181849166754051,2.31952429924525,0.785451220109535,0.804180522061663,2.10989878647604,0.135125232174951,0.0434024514544558,0.068713674932117,0.114826089206477,0.197558528314089,3568.80523227669,1,1
916,0,-0.0360691545750761,2.32339346284041,0.777123448921895,0.976238923415158,2.00775992661876,0.106992611445888,0.0451389633960799,0.0714007626371157,0.109159322158565,0.191040666301995,3590.24033782392,1,1
917,0,0.169447922930541,2.31247929529881,0.708917288338283,0.905936533399656,2.23686687245063,0.0790006496959928,0.0461418467323858,0.0722905298898703,0.120725279710143,0.19406387938493,3584.27541172072,1,1
918,0,0.0404629714224869,2.33034794685571,0.798802868711184,0.991176957399287,1.99104517397301,0.100422930628769,0.0467858932666119,0.0709329772510392,0.119542095115201,0.192354126563205,3655.75278178821,1,1
919,0,0.0403359813907414,2.33506183879955,0.749223623978943,0.875922875934501,2.1438213660148,0.0991496113523543,0.0453394654331964,0.0697474621343116,0.112764860068816,0.183478230285944,3604.76653075169,1,1
920,0,0.117200237514275,2.31283821571202,0.767538548900333,1.09936916248735,1.79433619381654,0.0866504943843671,0.0446874959187562,0.0685820962734585,0.11731504222669,0.191800151924555,3612.63517465785,1,1
921,0,0.129374378401327,2.32962877185873,0.702334191971044,1.07598778956967,1.96278330055118,0.0817345335865294,0.0457944338536632,0.0710742432086589,0.113234388836743,0.182729228657034,3596.86654507439,1,1
922,0,-0.0028684636531686,2.26577945587799,0.86999010654108,0.873666241120232,2.15717685771799,0.0998339267984349,0.0459711909539212,0.0720999490067278,0.1182881787801,0.189057639386129,3596.84568304926,1,1
923,0,-0.0119802076069441,2.23383283154494,0.924150201725327,0.910251612828221,2.04779177576475,0.0984354853390056,0.0456605555750337,0.0714611106115431,0.116950155905847,0.190238518523318,3575.98610873872,1,1
924,0,-0.102849492390792,2.32586754197956,0.747963973144953,1.03027049462156,1.83143895868193,0.114772806433643,0.0449513405573711,0.0696603434603738,0.111755783493848,0.184962899143182,3602.98272084887,1,1
925,0,0.0628947888816051,2.290056074876,0.85840253263925,1.02790795773299,2.0358480515577,0.0889340054867159,0.046165750399636,0.0725225934979073,0.112835437930647,0.185404534434394,3622.24534289762,1,1
926,0,0.101143863186691,2.28668898745213,0.820599598303169,1.09808371493973,1.96511009654239,0.0847676226310655,0.0472623389793491,0.0712763098227949,0.115384723509798,0.194177294265273,3618.9478082988,1,1
927,0,-0.18795150501573,2.40088137462117,0.667574063675803,1.0239233763706,1.8452602853957,0.128366916237019,0.046177740638463,0.0727378314254673,0.111750447508677,0.184495430254432,3625.92507600142,1,1
928,0,0.132361782200543,2.36420938975596,0.730786233036121,1.0026380252843,2.09309381862721,0.0840228061989603,0.0445846633672463,0.0682757568288009,0.11610949341013,0.201480601685026,3625.91225358878,1,1
929,0,-0.0853200313999759,2.32116022655888,0.713047535091541,1.00606249217717,1.96927169869276,0.111371267383599,0.0458805611880157,0.0728889857239759,0.11282845541356,0.189729558287414,3575.54324597509,1,1
930,0,-0.205587368034184,2.31809909394589,0.843598838597399,1.08166865505322,1.78075907679021,0.129848360585956,0.0480111579839884,0.0731808104509691,0.109017257736324,0.179000324046013,3646.41947148874,1,1
931,0,0.0884434907534849,2.22927819061549,0.905788370636299,0.848083184344703,2.24562613037357,0.0892860512646897,0.0455817370020419,0.0686536434678468,0.11823603620092,0.199535593343951,3587.02966921952,1,1
932,0,-0.107013141579518,2.34124701388268,0.703336079805799,1.00453235711101,1.87772543911325,0.117169078684714,0.0456508706466576,0.0718085592484493,0.111536576502166,0.191051617217535,3588.57407103299,1,1
933,0,-0.0682628240211612,2.26019126917901,0.81690302269796,1.06363232499449,1.85326411999822,0.106750218528416,0.0467161944439779,0.0734509112685444,0.112598738372496,0.181887962585431,3593.25243982398,1,1
934,0,0.0364776918888327,2.22621527750414,0.885483733543555,1.13434626025041,1.78711106736892,0.0966395011557958,0.0474120733657382,0.072863547491304,0.109963099683696,0.18897355965588,3571.42167152763,1,1
935,0,-0.100443596720317,2.35634889547091,0.725046101325818,0.888623571208351,2.12119196740609,0.121039651352245,0.0443803541430615,0.0692336002566511,0.112049741997935,0.186836558307418,3597.11438227086,1,1
936,0,0.0458420244616669,2.21914717347056,0.886950214028059,0.9698052751639,1.98415586748722,0.0937739813573312,0.0481402645750841,0.0721766992703806,0.117897370858376,0.200309719542684,3566.26657385019,1,1
937,0,-0.171993421616258,2.31227029538355,0.815172634852292,0.982012793158783,1.97826470564854,0.117107714437977,0.046153843111771,0.0693725888778623,0.108731991302665,0.180576338867181,3604.94260570733,1,1
938,0,0.0595804282911588,2.39590635954919,0.659064838404858,0.889575013852745,2.11934484134028,0.0983062218663622,0.0453243264153481,0.0714374693061423,0.115814350583661,0.199362595147006,3603.21883483047,1,1
939,0,0.0225642563133145,2.23035707621506,0.975358104192837,1.12481051713214,1.9074288734706,0.0926707659279465,0.0488428362581848,0.0740749746486831,0.113930718272936,0.185186035658053,3644.17137748858,1,1
940,0,0.0531267761867246,2.36324325474248,0.751323564115381,1.12242198233813,1.88682644687321,0.0985562265423144,0.0456330439093067,0.0703451338042216,0.109664116885411,0.197406558642565,3621.7373044578,1,1
941,0,-0.0394622346326338,2.33086519398883,0.791227821501731,1.00671165431959,2.13692636487547,0.102993146244508,0.0466428588021696,0.0721568584082731,0.109372296559283,0.183970666209983,3628.65570402498,1,1
942,0,-0.0625412137944607,2.27505691752699,0.876084347308201,1.06177035070552,1.96528589946718,0.100601160277724,0.0475069740460691,0.0748979319563457,0.111984439298531,0.192905219984166,3595.96151995435,1,1
943,0,-0.0581296123466506,2.27545068034925,0.783897567716454,0.774096614523064,2.26450422954717,0.109081128075131,0.0448875614876695,0.0689863931906417,0.115760182459608,0.192217490955232,3564.71939476207,1,1
944,0,0.118329262748003,2.39136469935404,0.6899990929872,1.04036652085265,1.8319627411771,0.0908953625384618,0.0438727527742857,0.068802898419366,0.117642682566082,0.19107564340809,3629.55908756628,1,1
945,0,0.0223581215709345,2.32868388341282,0.792860640722604,0.913217675738107,2.2393600988692,0.0911228930265615,0.0459723005373811,0.0710919818373184,0.115099891318476,0.192407226685302,3612.36099098926,1,1
946,0,0.0833226349862609,2.33070238284052,0.78151296707266,0.9205277374629,2.29073320663912,0.0799160219949221,0.0461834146669909,0.0711454701257751,0.117508466178581,0.191262967959291,3625.78788039465,1,1
947,0,-0.147589498737065,2.33263959181325,0.745907293134926,1.08769986870431,1.86706218689611,0.117963035667816,0.0464754608792505,0.0727884143146141,0.109671959690768,0.185040949288346,3612.63230542529,1,1
948,0,-0.0391834534277891,2.28472187874998,0.806486992432847,1.12062530087907,1.76321910717964,0.110421262033912,0.0469461070063126,0.0729945725014975,0.110238056976565,0.190786201405853,3594.04241733265,1,1
949,0,-0.0834462137511987,2.30462328413759,0.818629154103722,0.97026363952978,2.06672630639558,0.104258105323314,0.0477071955079933,0.073740773007955,0.114666760342879,0.183862163509846,3625.95809518072,1,1
950,0,0.115362322081882,2.38464469549796,0.750130291781063,1.02440786816018,2.04159530546588,0.0826483289928139,0.0455056322357001,0.0694336914344974,0.11387465051351,0.190554958208656,3654.632442044,1,1
951,0,0.0260051954187258,2.26976553432662,0.900309169836811,1.21683662967,1.84078291296315,0.0906736265871617,0.048412683560263,0.0746467245306352,0.111630067905233,0.1852772062225,3647.36771338023,1,1
952,0,0.0208650338101141,2.31541157209126,0.771385825871527,0.811837893670713,2.32726356788719,0.0944837044689846,0.0444281322282246,0.0699245413926609,0.115048569886681,0.192095901357314,3581.6462585824,1,1
953,0,0.0680469607323505,2.2856767366821,0.729617806072032,0.926093800298314,2.05740577047433,0.0885148059987999,0.0463672152596821,0.0723426838855266,0.116194522993648,0.192740820883142,3559.93900522411,1,1
954,0,0.0950457315293763,2.27989270363661,0.819340751681541,1.06125367827553,1.87746934252041,0.0944251844652503,0.0468339086499485,0.0711675290021298,0.116876003356025,0.195240532621804,3603.90766106492,1,1
955,0,0.0714548940273812,2.37088414475039,0.72984881498502,0.889339898265302,2.27847959085265,0.0853456332055636,0.0443198315055611,0.0706344873360972,0.114652151513185,0.188414478166734,3628.06612642329,1,1
956,0,0.0868555112511528,2.25019818511367,0.791441622737875,0.96163019741902,1.87362186395739,0.095062080423166,0.0460967845304012,0.0722768111777345,0.117325646473672,0.196581696875143,3534.54864046836,1,1
957,0,-0.0322503874713478,2.35205898619768,0.781969849229364,0.850949978348339,2.33114481875504,0.101571153621809,0.0436934963612305,0.0697826591387158,0.11406679199081,0.202601939921165,3599.24116186599,1,1
958,0,0.0672524342735227,2.33248466251225,0.808788193675375,0.968768943360891,2.1123288766827,0.0943935088494634,0.0450938902706329,0.0693481936135859,0.113220664049873,0.193227616933518,3627.76457759174,1,1
959,0,-0.00715431494224648,2.21081923720832,0.916906271572471,0.838311494206844,2.19186519493912,0.104376955375193,0.0465161449936315,0.0712994458783324,0.116307540073167,0.194429071699551,3559.18591373571,1,1
960,0,-0.0137517319317391,2.24249991824654,0.80916477206532,1.0024741988269,1.81128338539484,0.112084409789527,0.0447148622130194,0.0692609502571097,0.110985313073507,0.191015663849076,3528.2749994013,1,1
961,0,0.190726099587715,2.29391592886727,0.805948228837313,1.02751773397653,2.21668388452757,0.0705311479820469,0.0463864573975411,0.0734330135717886,0.118627153263004,0.201554389494126,3586.91846655967,1,1
962,0,0.0445969031117559,2.33176029202965,0.819708618614336,1.03386522796954,2.11911571687071,0.0923630899083092,0.0481616076661687,0.0751971374851949,0.112781199119127,0.195169869276251,3627.95317927135,1,1
963,0,-0.201535267999156,2.35432568944577,0.690563891200827,0.951635266079856,1.99985512604018,0.130744100802577,0.0435973727944581,0.0707099231701359,0.111253420445419,0.183381495897644,3588.74261744297,1,1
964,0,0.0515797631310605,2.38914765967983,0.618467895329562,0.947280106953814,2.18902370451912,0.0919586172211395,0.0457348120681227,0.0715714627942302,0.113679296801305,0.197903414534758,3591.17599313894,1,1
965,0,-0.00189948771932641,2.39581736439871,0.650764584884766,0.780727178405983,2.50155221617423,0.0941622191884994,0.0436657302449142,0.0690635748816619,0.114796378120039,0.205875107160821,3572.30486311353,1,1
966,0,-0.139171076678501,2.33083203331757,0.762801767948506,0.949017284448324,2.02375594255137,0.119574178964627,0.0453111191897203,0.0722082795787511,0.111781003810478,0.187940629700902,3591.1111764789,1,1
967,0,0.0972827838563501,2.26321028485497,0.839440021687503,0.948250530625688,2.12430277829163,0.0928988683179459,0.0462789545993752,0.0719458694223428,0.115903125627024,0.191959251925575,3586.84652229021,1,1
968,0,0.0328449150459747,2.35960609025813,0.742009657750197,1.06412236049523,2.04170047395487,0.0898892386626294,0.0460952117893167,0.0714391544306057,0.112059174810178,0.185665596101822,3634.75842333744,1,1
969,0,0.0127241527014342,2.34994329425016,0.702932742792301,1.18796783149086,1.74854189629083,0.0964893642010405,0.0475261131851042,0.0758927527724707,0.10997770914996,0.187261149472828,3616.74607680746,1,1
970,0,-0.0397994014191315,2.33758527018045,0.798117943241521,1.12611762337749,1.82570888554104,0.102844913179478,0.0462541424741661,0.0726012382159286,0.107075234848115,0.180175037828348,3624.76376899972,1,1
971,0,-0.212763781297092,2.31266886229293,0.781245161408573,0.974935940092266,1.80867599326204,0.140015864126705,0.0440252280540895,0.06989364555921,0.109971927738944,0.187386434418058,3573.69782054764,1,1
972,0,-0.195596849264039,2.35232699129255,0.797716135101107,1.02809147479697,1.86513978812149,0.139589129651346,0.0442414512460708,0.0706137410788736,0.109424156920961,0.181643216963141,3620.65492136725,1,1
973,0,-0.00488767286831091,2.27699784532464,0.819951536845827,0.96381149636137,1.9289024265733,0.10369701324593,0.0450160422611746,0.0705927678150286,0.117609158218936,0.192525716838071,3589.77278146475,1,1
974,0,-0.0567675497502866,2.2889759055512,0.814800786440329,1.06117938131206,1.82056176030679,0.109940587570375,0.0461424615465002,0.0717265055435096,0.111198728497239,0.189783395908422,3584.90906598197,1,1
975,0,-0.108147432894063,2.33633398517113,0.766958696283045,0.902554747659643,2.13810022073619,0.111716274032448,0.0460410914341662,0.0709350603163939,0.112520977043012,0.184018203119087,3623.07672879485,1,1
976,0,-0.0684261049656494,2.24761884339616,0.908018267869727,0.959387827365786,2.03161195559626,0.10887918200629,0.0474442061448531,0.0737176085018524,0.115337905645486,0.189475894683744,3594.5395228755,1,1
977,0,-0.0504367191569158,2.27217214177046,0.846732148364811,1.06542937236987,1.81629309109928,0.111418576753766,0.0477877545828323,0.0735589412512125,0.107449597748593,0.185418160254712,3580.57445040588,1,1
978,0,-0.0141309739871811,2.32963865867852,0.695534022391748,0.978555310418944,2.0073796034441,0.102547919922127,0.0463054657884181,0.0722210037609771,0.113264353259154,0.192457592045101,3577.75378379859,1,1
979,0,-0.00915411944156568,2.27384559636351,0.870798791652338,0.966931661639337,2.07337550417993,0.101204918112766,0.0468353589728797,0.0728377849430387,0.111085692312325,0.198031948287906,3579.369030788,1,1
980,0,0.0432808728503564,2.2999924047753,0.779230009644851,0.952640610137008,2.17204816810293,0.0934314077490902,0.0470379599139219,0.0732978304119105,0.114628651200978,0.197724201297143,3582.70309392025,1,1
981,0,0.118722286237682,2.36492071329091,0.706061293278791,0.94769625503778,2.15453582726747,0.0864306592535814,0.045803595437297,0.0708691693158589,0.109349774696446,0.190917177311258,3584.43841962355,1,1
982,0,-0.0531880928088454,2.22295752655304,0.908506848658368,1.00190874213436,1.9298248635348,0.107136173424102,0.0468853219824816,0.0694224735606666,0.113457353995093,0.191795016577349,3586.6778300593,1,1
983,0,-0.0813672901372659,2.34349966347224,0.712709919502781,1.06150452497173,1.84426749559498,0.117925502655739,0.0454638318335499,0.0731491586287837,0.109403825213827,0.188458032576492,3589.52820283578,1,1
984,0,-0.0520383341050987,2.24820304215098,0.857623023055179,1.04143771141682,1.74634990571021,0.107386455530267,0.0479906382194917,0.0742358831360527,0.115157556429067,0.192617671770629,3566.66567903135,1,1
985,0,0.0937006079237821,2.21754049416892,0.930063985464265,1.06071595823604,1.75042705361515,0.0930454959227285,0.0472530253858365,0.0724066108392334,0.116257075298162,0.194777819206323,3573.32265503557,1,1
986,0,-0.200464012387726,2.31996222752573,0.75996496089347,1.10126120401881,1.59498923608457,0.134684282406047,0.0457899724858878,0.0717423453763895,0.10680229859349,0.181269114900308,3593.92122211105,1,1
987,0,-0.0432551244822332,2.22120345805253,0.915218433026908,1.04159924891259,1.84990857303215,0.106849229325587,0.0462575532081295,0.0711455774411795,0.110494725581216,0.188811350201922,3566.02855865792,1,1
988,0,-0.117870404406761,2.28286912979876,0.793384780468022,0.989174439426058,1.95759011755993,0.115136699595319,0.047887560536717,0.0734983332471144,0.111393920462257,0.185975543510221,3583.68275834709,1,1
989,0,0.101166792460596,2.23406162043744,0.929588875800078,1.27336887815596,1.55545283473816,0.0890228656821649,0.0475407640032367,0.0749338779843942,0.113919810467416,0.187631727989156,3609.06615708582,1,1
990,0,-0.0421125773763175,2.26857573997261,0.8081927804128,0.844083260219777,2.18021446825992,0.112058654239509,0.0467065582568797,0.0708048536188296,0.112224216870585,0.183442895265936,3584.31779149866,1,1
991,0,-0.0755653802612467,2.32041297237334,0.768038255686896,1.13538459831763,1.7523563836005,0.108524199895477,0.0467743934571754,0.073307398596896,0.107798178405238,0.180401605528888,3615.42825245392,1,1
992,0,-0.0619208574282747,2.31713941285335,0.763638864641055,1.10971454257104,1.80143316063316,0.112432619403474,0.047104617211195,0.0732282643750393,0.113227476115431,0.187731800229013,3606.3311649837,1,1
993,0,0.0399100654541042,2.33408180822262,0.704581889478478,0.802604651393036,2.24263817457258,0.0952236562368833,0.0445764999444934,0.0693716668271168,0.12306661649154,0.193575770812904,3608.222233851,1,1
994,0,0.2219950549628,2.33593157530372,0.715679113430793,1.10214610850401,1.89533186161796,0.073289176111943,0.0443555175693705,0.0692633348900541,0.119581373317214,0.190138379346114,3606.49233006929,1,1
995,0,-0.0232532940678058,2.33985160447093,0.783042691695132,0.942193084847988,2.03607615052661,0.106543915782519,0.0457260557370941,0.069394328650278,0.109900420890984,0.188481885652034,3610.84567179568,1,1
996,0,0.185988362028617,2.25837787314789,0.929416734250978,1.25457420301581,1.76508287937129,0.0739395724257209,0.047732302689836,0.0741880774897664,0.116897373131653,0.192231757515743,3638.06155709058,1,1
997,0,0.0726190349327,2.31632384025639,0.765356299811149,1.02356764558791,2.1338328945422,0.0841161686359615,0.0481671006436313,0.0729981849084885,0.115414722692618,0.19188875682227,3630.67263130648,1,1
998,0,0.0042368385227119,2.35591886249283,0.633635957647184,0.818574798469894,2.12831592574774,0.109779246939539,0.0444238166126523,0.0714248765841987,0.117836543776373,0.205998414930472,3534.44520210021,1,1
999,0,0.147365675779672,2.33268161093936,0.757407633432383,1.04507847999321,2.07431816636581,0.0782765574650474,0.0455587306891341,0.0706582817160075,0.114420071459121,0.192046448685295,3612.40454653734,1,1
1000,0,-0.00962285078641841,2.31023613505235,0.786794561355641,0.98190804380651,2.06976055255656,0.0990165191436123,0.045881374653756,0.0718796205556883,0.110260438816142,0.195881666176021,3578.72088694694,1,1
1,0.5,0.544869453917612,2.34063996539065,0.718624124132075,0.98350402056119,2.2322728368426,0.0418740864285872,0.0424745908306701,0.0634835036725325,0.131797465256795,0.237622739189548,3521.17833595174,1,1
2,0.5,0.508603088252376,2.32517379034031,0.784697591087335,0.831924032866883,2.20948331443337,0.045674748578642,0.0408538649417544,0.0614521121635522,0.135833187759296,0.227087293548983,3538.07822709688,1,1
3,0.5,0.444400921014509,2.35097154976249,0.745010957819439,1.03052966043223,1.87796872137089,0.0537700664916699,0.0431909534781808,0.0650155440193527,0.131147522299254,0.225095598055087,3573.03960754549,1,1
4,0.5,0.481318336168476,2.28250141366219,0.824812792436432,1.07174311176204,1.79466816475052,0.0508052074345418,0.0423526198309661,0.0651848176019951,0.128510044820057,0.224584081028865,3519.55134623661,1,1
5,0.5,0.50306176596435,2.32989902976917,0.769089622579914,0.942889275296206,2.10583634820274,0.045785155961211,0.0424542337591516,0.0641626359976505,0.137248309445415,0.23396997389597,3555.8820021184,1,1
6,0.5,0.494618088816861,2.34757799210964,0.746167856084823,0.824183308697635,2.22099001422667,0.0482510781863791,0.0404594273818026,0.0611241326652217,0.135503779368105,0.229372687601688,3550.35069900339,1,1
7,0.5,0.505577541828482,2.17687582020895,1.00480704755572,1.1530067703009,1.82401242187052,0.0454445900675995,0.0451564181732826,0.0659278877506162,0.13593421195379,0.218072263766773,3557.1105721857,1,1
8,0.5,0.522483542393091,2.36370933891766,0.754514116651439,0.878097874955826,2.1395515190556,0.0446741628481297,0.0409309604860401,0.0620545726837488,0.139014343407433,0.230145708676901,3567.01301161535,1,1
9,0.5,0.474214914705878,2.39895729788556,0.677714952735496,1.07924571051186,1.84892280768284,0.0512801551173888,0.0423064156133938,0.0643033431520267,0.128775500942463,0.226386064243042,3575.76730187115,1,1
10,0.5,0.41278249837071,2.27547857841373,0.895737125950705,1.09636461329897,1.90969288590112,0.0527595449476031,0.0449887843040811,0.066682198909012,0.130803266065194,0.214865981526599,3604.75833408699,1,1
11,0.5,0.551221516052232,2.3064200217882,0.755085330561426,0.728514327568036,2.44384307497788,0.0412841674739811,0.0416774604807796,0.064178394617908,0.144826509527747,0.247937040577652,3507.50175915085,1,1
12,0.5,0.552774421520691,2.38382420769009,0.744329288208213,1.11377182058841,1.99416418263641,0.0403326320913577,0.0418387250924991,0.0632420389319244,0.134109648233061,0.240595334295908,3575.00073983844,1,1
13,0.5,0.502553337292646,2.31098565885317,0.819207207290674,1.16281627086481,1.8693124566471,0.0453378616288415,0.0440580157042998,0.0648078011851243,0.133335680575235,0.230137717292539,3571.22740500378,1,1
14,0.5,0.628517356660731,2.29897667420957,0.84142420666375,1.06597014947452,2.49060308477706,0.0312492497297677,0.0417383281592219,0.0607768509017102,0.144622441991112,0.261562381515787,3519.42358030824,1,1
15,0.5,0.44605304988955,2.34908810151133,0.764706488072676,1.07866701141998,1.6429104026463,0.0565284423758959,0.0440670612324544,0.0656787653695708,0.132214558276022,0.227160182573889,3572.01543987875,1,1
16,0.5,0.500375309783147,2.28225351262711,0.872986106871926,0.849626475967104,2.27026095838294,0.0465902697483695,0.0428450008980787,0.063922907783509,0.135067433884033,0.237235314894808,3544.4585880748,1,1
17,0.5,0.451635849992267,2.29515489801871,0.805861407848923,1.03162272069915,1.97252346488232,0.0508855132277696,0.043519174694809,0.0662731703180861,0.133985834609196,0.227306674062645,3553.10661616333,1,1
18,0.5,0.399695651665398,2.30623070557376,0.791892076498745,0.980446401461237,1.85845716908293,0.0615656925916084,0.0421126713095332,0.0640872985574787,0.126647918749889,0.211522676842801,3553.17015013264,1,1
19,0.5,0.448716167844488,2.24856640903017,0.827719038780135,0.973336180978864,1.88512440828959,0.0545565129601481,0.044009933649801,0.0658221488979307,0.131090063382588,0.228175616140306,3511.58433358007,1,1
20,0.5,0.50889386923116,2.25128350432742,0.829504952669803,0.981868691652093,1.84044124118316,0.0492920793234051,0.0421033176343772,0.0627604682514924,0.129274847920186,0.229355189474277,3484.53975722043,1,1
21,0.5,0.476711901235509,2.29285085848219,0.819164694600237,0.898336127126473,1.95270712927728,0.0509878268090397,0.0427622244840821,0.0637893648244143,0.138032920868649,0.222078277072052,3556.567785726,1,1
22,0.5,0.451142352328304,2.27456029640866,0.792734025148018,1.10652844604239,1.59535606575778,0.0555686587625058,0.0428128190790191,0.0666493654784768,0.128829426784538,0.215640613809183,3510.71595669857,1,1
23,0.5,0.475563208793691,2.3054623526966,0.805822257017222,1.18589191264192,1.8112466093118,0.0487326996018585,0.0439944203446978,0.0651224114693066,0.128672630120955,0.222091455031875,3566.47703683994,1,1
24,0.5,0.55684736248802,2.23573500112218,0.908003805725385,0.80620316130107,2.48496499392093,0.0399586790874331,0.0429290805812421,0.0635108493444032,0.139318533494749,0.243242135660517,3508.20371930703,1,1
25,0.5,0.551568683232188,2.35464716364687,0.694575136729369,0.668964518876098,2.43207606358929,0.0427738130262513,0.0399465071939041,0.0599232929423614,0.143054194801137,0.248263304642969,3498.88034308272,1,1
26,0.5,0.567649599542614,2.33131698665424,0.709525417432933,1.07200661812173,2.12523476131732,0.038074743742807,0.0429002859291144,0.0641870464798581,0.13674930392926,0.243798342867183,3510.35200876984,1,1
27,0.5,0.55433410196733,2.26538573821517,0.868831974576898,0.920557144119194,2.28284684758073,0.0397100469286121,0.042749126871158,0.0618001261583409,0.138520481579805,0.235747371438062,3531.6699157217,1,1
28,0.5,0.554463135229701,2.27927567754978,0.772606528119114,0.834534614013861,2.24712913438513,0.0418304402879377,0.0408791662433473,0.0633116227387735,0.145162023460105,0.240328404630665,3492.11502802826,1,1
29,0.5,0.51519015480668,2.25027443947782,0.84980746356725,1.06560699728142,2.00871281049306,0.0438449085846283,0.0430290258900902,0.0643749033693669,0.13406846281256,0.220238056958914,3532.62331891469,1,1
30,0.5,0.508974282268221,2.29804307855594,0.791860459366051,1.0168358156942,1.93998600009221,0.0464405819215005,0.0404318564707536,0.0612876989057504,0.132864452068438,0.222644697580908,3530.53894468653,1,1
31,0.5,0.454235475588598,2.33305974286872,0.777962793108985,0.703893230514526,2.45996892917034,0.0516660548827089,0.0416248586561504,0.0625178970378362,0.133613114266629,0.230094856246448,3552.47659571866,1,1
32,0.5,0.523865574938627,2.24565818241436,0.823177389276738,0.760534267411518,2.44359909427194,0.0444050306136968,0.0409170457714495,0.0629713606692915,0.139243630985785,0.249997891024234,3475.03751300768,1,1
33,0.5,0.489823474853826,2.28313577979783,0.866628358096857,1.15621765333362,1.75797254361256,0.0475400148562684,0.0430219847773155,0.065107813892469,0.136151947912543,0.227842138727122,3566.96070735438,1,1
34,0.5,0.509960736418195,2.26388046389397,0.854104930221545,0.90404359158043,2.15548957071585,0.0449865464766372,0.0429261369819446,0.0642942296368059,0.141006776212068,0.233368421031603,3542.92500673283,1,1
35,0.5,0.522483141425072,2.36877973537807,0.743926188475558,1.16712984877998,2.01448752849511,0.0400295286170726,0.0444249241564208,0.0653405510860988,0.140241304370619,0.224164254133308,3615.98940486279,1,1
36,0.5,0.587503500069009,2.25379233965969,0.851879745321124,1.10592320487575,1.93051623202123,0.0385009543519087,0.0436091565524299,0.0646510062460062,0.131718776980217,0.244615508595429,3492.86677779278,1,1
37,0.5,0.481289053517097,2.36738397948012,0.67090662323487,1.03717867895713,1.98702404955397,0.0498909674895393,0.0411607887916078,0.064251969190743,0.1311571891821,0.230352848541361,3543.56189579328,1,1
38,0.5,0.385833781407134,2.31332135391127,0.759367017462246,0.853698135809775,1.99487289634811,0.0623127419813125,0.0419802924523216,0.0659189200359735,0.130373048353941,0.216721516405361,3534.36847913327,1,1
39,0.5,0.440716525707208,2.2883914111386,0.855306097600319,1.02972676940445,1.96148500685738,0.051153861622312,0.0428490330952437,0.0648027578885057,0.12719440387411,0.213089132780092,3563.23589152139,1,1
40,0.5,0.43448283495782,2.35286662115082,0.721805799353254,0.893925854411479,1.99285674835598,0.0568819942089807,0.0416716762007452,0.0629703683285632,0.131243956959772,0.216533514376656,3556.00158827399,1,1
41,0.5,0.519598793971001,2.32951249283875,0.778203632411086,1.07031977873633,2.06560509336125,0.0423869011953169,0.043702113374721,0.0660034108758263,0.136672170669942,0.222377155033035,3579.52235662799,1,1
42,0.5,0.470381362251803,2.2760744823532,0.863598734679947,0.869849793958332,2.15507230668172,0.0503386610151643,0.0409677906576606,0.0622232109190211,0.132797802795119,0.222665530476885,3535.12436983185,1,1
43,0.5,0.49676870972796,2.28726413960343,0.820247677613029,0.812090918110766,2.2496851584747,0.0486221858826057,0.0415574812089789,0.0623769637605861,0.134296614480269,0.2304463540378,3517.72065887914,1,1
44,0.5,0.520544601813496,2.28787783661511,0.807070080630991,1.03098905828464,2.06749560169947,0.0426738247630856,0.0421204106227923,0.0647575848598848,0.138994361635627,0.243448924078725,3528.19816029112,1,1
45,0.5,0.48464807240319,2.34633204443374,0.72103064152733,0.982982253164167,1.93130175688709,0.0497768761977002,0.0415520239864748,0.0645383886450897,0.127162294447991,0.217487978509781,3528.24096377199,1,1
46,0.5,0.499654379937978,2.30079112186911,0.862646454145681,0.993178256240538,2.12795319952309,0.0461611734147398,0.0425256139311118,0.0641872965498687,0.131666992238725,0.214921725834145,3591.71804077887,1,1
47,0.5,0.606722553776139,2.24137635293049,0.854598593052829,0.96698993551195,2.30543560849901,0.0360271307383379,0.0421266970550913,0.0612115912507356,0.139622496375091,0.263262519985342,3479.80313516119,1,1
48,0.5,0.533433000701243,2.32351693802391,0.829706362435791,1.1280745593439,1.76705720701853,0.042062964487515,0.0427093639540215,0.0639302241930118,0.13951806900383,0.213679080357576,3596.47563590657,1,1
49,0.5,0.485762930643736,2.32397782580802,0.799023642142414,0.942898838252674,2.13562320707081,0.0478022726706792,0.0424575070068235,0.0638723831249758,0.133049391988879,0.226058864484284,3571.1670563124,1,1
50,0.5,0.528054495448917,2.31505353102068,0.803178977362651,0.744626674268189,2.63347911307186,0.0426926145324852,0.0406629621988787,0.0612872388928094,0.13457737131514,0.245999473165276,3521.30586800693,1,1
51,0.5,0.431941845572415,2.33074417570505,0.782598203499861,1.32222066126393,1.27140094783437,0.0584538895407459,0.0436187798708012,0.0660608544040515,0.1283428398762,0.207235917950896,3581.00464865747,1,1
52,0.5,0.4996034173261,2.26837603209097,0.844784197515621,1.04014973829161,1.84291833681302,0.0484773185019562,0.0433448002420609,0.0645828838433701,0.129777275191681,0.22623923946539,3518.15429397178,1,1
53,0.5,0.504552822596352,2.36135369624863,0.725180905231605,0.771555266726427,2.49086219613343,0.0460543381151716,0.0418580690509456,0.0645221164054787,0.130107148392218,0.226980533787556,3548.62800635447,1,1
54,0.5,0.57288975693661,2.28865652491643,0.78559349982718,0.88273901281223,2.30906055228714,0.0396985145012753,0.0423441137915288,0.0634395655821245,0.141942071085713,0.256634207525606,3490.81796580991,1,1
55,0.5,0.521381026082495,2.3019987257099,0.807458574710655,1.06808509521207,1.91085708323622,0.0448895530489297,0.0421722156936719,0.0636264777342834,0.131267715680568,0.228432859176343,3530.57586370261,1,1
56,0.5,0.571966155597152,2.32199951412109,0.815555588349544,0.760610682755692,2.59069618847083,0.039491408640815,0.040350214527182,0.0603269737697471,0.135960243754465,0.251564695367417,3510.29260245841,1,1
57,0.5,0.44498438883666,2.25558228506481,0.889470611584716,1.03788112952028,1.84708134181707,0.0558316379411913,0.0432566448689828,0.0634343049861354,0.131339660901683,0.228103420067545,3553.24541882823,1,1
58,0.5,0.47224200987676,2.32195665808493,0.788196108513328,1.02654773560128,1.97656564126804,0.0496627414843345,0.0433655778706526,0.0669177256145596,0.129379604512482,0.216551362068793,3562.21999335863,1,1
59,0.5,0.417587950410659,2.25515179297994,0.856072044911649,0.850444441530522,1.88731394896241,0.0597176206207726,0.0422665461397502,0.0644035960972187,0.131244453681369,0.209903005383851,3522.67280698287,1,1
60,0.5,0.479720806322063,2.27587439816198,0.814688533187309,1.02280139078451,1.82521656728637,0.0466795168957899,0.0440257889418697,0.0658787061431863,0.139600848700664,0.209413905959052,3559.97032328509,1,1
61,0.5,0.575117528174606,2.40704827332199,0.682476321911451,1.24326140427432,1.90320001665379,0.0376934848399623,0.041977266063058,0.0627672649207036,0.136001445330429,0.239996809110349,3578.64083072453,1,1
62,0.5,0.498906129944623,2.30982169586592,0.811518770788328,1.32297468435833,1.55656562595188,0.045120571410333,0.0463381577023043,0.0692694503306519,0.138084000248457,0.214743350972785,3610.25519540527,1,1
63,0.5,0.450382306599868,2.30366325883573,0.793729645680497,0.810010288122579,2.22929701976344,0.0556577034808348,0.0410619657025687,0.0625977061166124,0.130878766315382,0.230729080440919,3520.52007600613,1,1
64,0.5,0.505180445831647,2.344687918441,0.770468874046005,1.2874141041839,1.43783101931912,0.0479386028735853,0.0420192433451596,0.0625597238166829,0.133190184918393,0.212455907527603,3583.50988884826,1,1
65,0.5,0.487280850780381,2.28522528306261,0.828495152332705,1.10938372303465,1.63590288617351,0.0512022946320309,0.0427394532735495,0.0642636357364558,0.125093334898374,0.21494111113904,3525.06238717384,1,1
66,0.5,0.489582782347706,2.27798587462428,0.855417729131499,0.841372965817212,2.12052693637322,0.051353414315219,0.0431224637833952,0.0653146306547372,0.131704141241381,0.238632986098494,3519.42374433409,1,1
67,0.5,0.499763237674486,2.27435703437436,0.852260231323704,1.02305599449245,2.01993827366671,0.0479546459309336,0.0447513248621908,0.0679806282673957,0.136625608414288,0.238036177802283,3551.21752409851,1,1
68,0.5,0.490468516453473,2.38402114038382,0.693708633216349,1.17256451249038,1.7915475852257,0.0461090859313765,0.0427458247109561,0.0648146278429363,0.129948947499834,0.228741986062047,3571.7221799097,1,1
69,0.5,0.505768859292885,2.27113287183457,0.812660003241079,0.936522744883893,2.13231387044153,0.0479762155701704,0.0431781098740343,0.0655229420754336,0.127827466723958,0.23006098541906,3506.15919834154,1,1
70,0.5,0.47032296550695,2.30954548220133,0.784582490233735,0.842341018108957,1.983251495449,0.0543161495955836,0.0407815076761432,0.0636454049643301,0.139549147393285,0.233044198549767,3531.66124897451,1,1
71,0.5,0.523793275607853,2.33328969087798,0.742048483804309,0.948060873183397,2.17414602560273,0.0412255659541005,0.0428271499811032,0.0644354637781938,0.135665783932694,0.218186568622118,3559.54163338353,1,1
72,0.5,0.438147255356104,2.32504498175473,0.767843311863897,0.84027159519117,2.01442487742649,0.0571856042827841,0.0414325222883998,0.0619392343490909,0.133527058868128,0.219954492162215,3549.02978331755,1,1
73,0.5,0.540393072009566,2.2891893532951,0.852195543147716,0.979914197885619,2.28128105487965,0.0403420908138111,0.0422215442632478,0.0623818718030875,0.136253384571414,0.243237619017777,3541.34257666142,1,1
74,0.5,0.521869262682557,2.34293505540714,0.770838537248396,1.11099077347311,2.01862424733068,0.0429843682304938,0.0428128292590368,0.0635035874174375,0.130660372198572,0.227582840245693,3570.42281025954,1,1
75,0.5,0.506646530338687,2.34582104500573,0.753995714273966,0.818400940032199,2.35677479527091,0.0463444439135489,0.0420951942020643,0.0644121471493809,0.136301598543842,0.233217692417221,3555.16040726033,1,1
76,0.5,0.519789400020848,2.27272607081947,0.892129054813227,1.02631759828543,1.99503852580996,0.0449203733975198,0.0447706010027185,0.0665373973552865,0.13264355694165,0.231904442854885,3551.69323172883,1,1
77,0.5,0.550597602021138,2.2876294984725,0.804573180311095,1.04348942966671,1.95375318567061,0.0411066973408188,0.0429031638408161,0.0636773955559924,0.141588730358788,0.233676724581598,3534.39910077854,1,1
78,0.5,0.431955294398873,2.26977169442111,0.855521736366947,0.998571203717167,1.86809987657604,0.0579534965613154,0.0434582736283082,0.065246327957958,0.127481383442121,0.223698604427704,3543.31073497636,1,1
79,0.5,0.496937480882848,2.27219265632568,0.887382576129928,1.0698207802502,1.98341931356411,0.0451408380371131,0.0442727448836153,0.0647443997000742,0.139099332923033,0.218442555818362,3594.44566070183,1,1
80,0.5,0.415792073834389,2.27939289512508,0.829107294997614,1.12273588844553,1.65297874651404,0.0579900598741524,0.0442461384523861,0.0675311868186474,0.129746330191233,0.219235158958921,3552.13014703026,1,1
81,0.5,0.488697090737247,2.30443311146371,0.783012374226886,0.914649221058153,2.05507741866369,0.0501319937049399,0.0412818051250601,0.0637473117763185,0.134407684570409,0.233517208058327,3522.10037876571,1,1
82,0.5,0.498004669851659,2.35522283955253,0.690624464791766,1.04615288109425,2.04460668842343,0.0459400533113141,0.0436066378064139,0.0646474520142463,0.13223201917622,0.228046321220464,3555.09066822548,1,1
83,0.5,0.486822322404611,2.38843367312955,0.660728781547679,1.04975874537002,1.77854864247784,0.0511754896760175,0.0412793007490537,0.0621469389892301,0.132787287240821,0.227016566639565,3554.70898692677,1,1
84,0.5,0.534567712791352,2.35998401068549,0.740214610256293,0.83491913816157,2.36434150757338,0.043253026002478,0.0430105858980474,0.0640253170998377,0.133161555411767,0.240355130680462,3541.56846224033,1,1
85,0.5,0.523153264850018,2.3923874405785,0.738676873015297,1.05914103716272,2.03750433686999,0.0437663637016314,0.0408241463839146,0.0623292821411862,0.132974461871975,0.234905974459108,3585.59516557352,1,1
86,0.5,0.422046422323198,2.31924907171663,0.719305053345139,0.88190645758005,2.00378839398892,0.0586384875442204,0.0419280816302753,0.0652484565531283,0.131798335163885,0.21737352111763,3527.26357100258,1,1
87,0.5,0.451429662233212,2.28486878067631,0.794666476047715,0.779657496323462,2.16896885762598,0.0542549905492366,0.0421865723342758,0.0647428933969255,0.129779628736614,0.227661871270549,3505.94788988924,1,1
88,0.5,0.474878418057789,2.25733699351807,0.880645494005118,1.11977812869726,1.68972610438216,0.0493919665217149,0.0431880969768235,0.0650030727100917,0.132657117199774,0.21716669973419,3551.9146407855,1,1
89,0.5,0.488810066102566,2.28624400201135,0.802156723353952,1.07800961269967,1.76151431757583,0.0515780171997018,0.0428927468962542,0.0640834133086316,0.135189740234188,0.226943795330466,3542.72709415769,1,1
90,0.5,0.540168584689806,2.33228812725505,0.761612296579922,1.10635060971936,2.00569153850995,0.0408267594800405,0.0433866838567677,0.0665491293885322,0.141408254097834,0.24025349914021,3562.12996901393,1,1
91,0.5,0.441147423966034,2.34160028080075,0.691075001237187,0.939868733881012,2.09407070387196,0.0510939406815106,0.0422655923260851,0.0655387862558861,0.134136361631792,0.215218971770758,3560.36277276174,1,1
92,0.5,0.553355189185585,2.25537379092102,0.874844890082799,1.06793982542068,1.98716435272982,0.040757542949448,0.0428208089690576,0.0630090492707001,0.137922649448298,0.229329637212421,3545.1126969992,1,1
93,0.5,0.478270987308551,2.30724397023377,0.824376820479278,0.692780545627596,2.41939603410355,0.0520168904578821,0.0407649793954847,0.0617172038533518,0.135261260395126,0.23541297508582,3529.9275365976,1,1
94,0.5,0.515347420371343,2.34529462632466,0.760609824178478,1.04988771032642,2.08181919486257,0.0432615616119483,0.0442709835892621,0.0664358519300111,0.136478888187556,0.232654955688858,3574.67247983973,1,1
95,0.5,0.534620502887597,2.36161705805129,0.802450488164888,1.1763410856718,1.96109288015095,0.0425380493004565,0.0425343484437183,0.0640598965218818,0.128343248270559,0.232564099652488,3583.90033406379,1,1
96,0.5,0.500201804259517,2.30104972013063,0.837648312375919,1.07243196263438,2.08708312953605,0.046683052842418,0.0424225346655384,0.0636445908018188,0.129152396569992,0.223845462693831,3574.45774606731,1,1
97,0.5,0.47676898257696,2.25631052897427,0.81897375734879,0.956807433567533,1.93446932720851,0.0517436732162511,0.0421016815514219,0.0646743506667212,0.130587621365305,0.224503742128634,3503.09202064467,1,1
98,0.5,0.593393027715336,2.24940154744009,0.956160093616099,1.25818889510218,1.83975352207079,0.0343514343798283,0.0432796223930767,0.0641094657843099,0.148156330400652,0.232442027395107,3567.9192551644,1,1
99,0.5,0.542123341307201,2.28407122203759,0.846600163614696,0.688314005865683,2.62335743533323,0.0432291052815964,0.040467732730415,0.060924949009321,0.137689672571403,0.246736301098315,3509.52034581836,1,1
100,0.5,0.51352901704699,2.27771549516845,0.806282901569782,0.725672475438189,2.32422078351668,0.0467249353941609,0.0416669892678373,0.0623957582917736,0.139576331715152,0.236002954206894,3523.47886115524,1,1
101,0.5,0.367830088374487,2.28782226789397,0.801380437219905,1.15352838757782,1.55634633042583,0.0629851029750542,0.0438539343884549,0.0673201126189649,0.125757279908497,0.208002803639522,3553.10587205105,1,1
102,0.5,0.518042498802953,2.29188463788144,0.796884342741,1.11811268480323,1.93908417079703,0.0440530002506973,0.0437560365334476,0.0668538999994786,0.138195744071757,0.229978898435608,3553.92741840582,1,1
103,0.5,0.470200364319462,2.29343838717233,0.837032399231516,1.08886276459848,1.9414798811269,0.0471276092056836,0.0443321353429088,0.0658550663198514,0.136247601337506,0.223486419733297,3583.29638443059,1,1
104,0.5,0.504063622069033,2.33926058823337,0.770317781276872,0.880365734032225,2.24317073641785,0.0453494469107142,0.0410386789463036,0.0616049552524517,0.140625346148934,0.24188568342497,3549.28481811694,1,1
105,0.5,0.472346459332308,2.27934290971217,0.850300456284083,1.07393943423814,2.05814555382662,0.0476752611528372,0.0455631483929987,0.067021330762215,0.132974336258283,0.223860732724494,3577.61779079955,1,1
106,0.5,0.505313308392873,2.32188753018724,0.777632257046492,0.861564014586106,2.19419861766593,0.0469569255457103,0.0418698391661843,0.0640052763894916,0.133773616815115,0.230332380177101,3529.73894355593,1,1
107,0.5,0.47083858160112,2.28691420004523,0.809198442303414,0.735664952668959,2.19102306606269,0.0539748674936302,0.040446018624824,0.0616056731194525,0.13799452984764,0.228358413836963,3515.53523101375,1,1
108,0.5,0.465611718472001,2.29646790303643,0.778895731419873,1.11560974789039,1.63891893659761,0.0532902391677212,0.0425695622765881,0.0659562835249021,0.129142885736468,0.219298991254668,3528.64033691249,1,1
109,0.5,0.447384466910269,2.30534044227597,0.831306051611801,0.82560712218065,2.06107426526335,0.0562567672032269,0.0412748906907728,0.0623371295133644,0.132317452715239,0.222558446450996,3553.06425066277,1,1
110,0.5,0.532162775335454,2.20927563407753,0.948048008984855,0.968808321298789,2.14504079630267,0.0441447136965613,0.0434642735391357,0.0649203967946817,0.133310439843938,0.237371947960828,3494.64679213668,1,1
111,0.5,0.520722313718065,2.21300362521266,0.890019921652437,0.924424262181756,1.93392791094993,0.0466856921771422,0.0422961769351156,0.0640164395907327,0.136458630515916,0.225884583023282,3491.19921531508,1,1
112,0.5,0.463011125036539,2.33936963353796,0.769890259453243,0.905107242381711,2.10253574831341,0.0484752887157662,0.0431952202011655,0.0649803032127257,0.133303978983525,0.208073227129395,3592.21140851068,1,1
113,0.5,0.518392653082096,2.30004748378751,0.832179880001746,0.801107380381205,2.47990436386317,0.0417178415120881,0.0426188748570522,0.0628451778771556,0.138824208670335,0.227417001874438,3572.68477555485,1,1
114,0.5,0.528950976949838,2.35146817635365,0.74416964158363,1.08925229674523,1.9171098805988,0.0427143102994705,0.0426921347593169,0.0643328298129034,0.134750423302704,0.224194379075709,3565.95427510187,1,1
115,0.5,0.513046378015793,2.27951864820804,0.784142013703914,0.805044038577216,2.3170304651096,0.0446955128500719,0.0431188499721191,0.0648929332767298,0.138232872207161,0.221200733759904,3530.65172591146,1,1
116,0.5,0.53787654536767,2.26835220608283,0.873521745581262,1.09248849037735,1.92433932977782,0.0429168334956923,0.0427398546285512,0.0637892061753019,0.13702658750502,0.224994846743367,3549.46660100816,1,1
117,0.5,0.522044346646504,2.34296013008099,0.72801786690636,1.13570469952359,1.83094030093179,0.0442700485457362,0.044199377540431,0.0645866331246126,0.13401724818971,0.226157531507733,3567.47277896046,1,1
118,0.5,0.539049038822663,2.35597867355675,0.719401239838664,0.815809010893221,2.38752406792388,0.0422814667028525,0.041849105759668,0.0619639010295856,0.14195128012578,0.234979219693451,3557.36584266624,1,1
119,0.5,0.508074977616931,2.30067540997814,0.835130552643036,1.00167714243624,2.18204229508305,0.044703232175735,0.0441184589988363,0.0652992910593667,0.133404898999104,0.223128656138874,3584.89995526276,1,1
120,0.5,0.492937532172446,2.24115915478103,0.858961255749842,0.804179716285935,2.12194512026284,0.0514083403526564,0.0415811973078358,0.0627536616639559,0.138265359072458,0.23359135091719,3503.57185151319,1,1
121,0.5,0.537887153610725,2.30930078179592,0.770884080400647,0.902276095220144,2.10754177468482,0.0422228149053456,0.0428085794493186,0.0638836355858685,0.144927330966499,0.235856158003301,3539.94713042853,1,1
122,0.5,0.395815078527226,2.25450751665281,0.870986038300153,1.02582010739674,1.79219046125288,0.0626636549229807,0.0445267641713136,0.066917255506153,0.12454759478869,0.222306850901494,3537.67220255801,1,1
123,0.5,0.496524110995628,2.21763589442639,0.941464432747452,1.07573272286345,1.8525967417671,0.045066791031797,0.044504329415605,0.0662193579564866,0.139474662700747,0.220742299811156,3550.5119515367,1,1
124,0.5,0.497442717616708,2.29533947602341,0.777452878817105,1.04648441523581,1.98957456635398,0.043919107566123,0.0431213189648836,0.0661022431071527,0.136482810955539,0.219889777835547,3545.45039731056,1,1
125,0.5,0.515321761952942,2.32819489842163,0.809105755097222,1.2209886319552,1.75522587177909,0.0446218922676397,0.0430434664667606,0.0644551198492167,0.130722466561013,0.227356051346675,3574.67728313612,1,1
126,0.5,0.494279133603888,2.29695085885052,0.795862045904959,0.901666862926633,2.11881585723239,0.0472141222381961,0.0416721812062154,0.0634603384655321,0.134747987210853,0.223144682974948,3542.26605786751,1,1
127,0.5,0.477625245188848,2.31217571039573,0.767984544976348,0.991402153655681,1.89001996835882,0.051724981080298,0.0421966249198599,0.0643869039389382,0.128160654855452,0.219474424994097,3531.49035209763,1,1
128,0.5,0.543402853813532,2.27094008284876,0.826688254891435,0.846327038105766,2.26519510121756,0.0431913017032176,0.0411277123220052,0.061002045468436,0.133180748417094,0.239516225819224,3488.584129067,1,1
129,0.5,0.54883005553484,2.29686670966062,0.841724927825171,0.943647379955824,2.35912386552796,0.0403509381084424,0.0418540869588858,0.0632500924649228,0.133277271757423,0.248872412049356,3518.57657626694,1,1
130,0.5,0.476481083910749,2.31351904915605,0.809797623349819,0.998723682729243,2.01645171186654,0.0476429496795217,0.0423557960852789,0.0630505324142827,0.128608150166494,0.22071650134953,3557.71354374522,1,1
131,0.5,0.613922496534347,2.23740943830145,0.807917314697301,0.959701843899523,2.13631870378951,0.0366483094615596,0.0421861148794848,0.0629548540849508,0.146587210811317,0.259524244539486,3448.75823857824,1,1
132,0.5,0.533602641856389,2.30427796021034,0.769530705099368,1.05112657901799,1.85895725018822,0.0444834239920132,0.0417230570639814,0.0620222517091077,0.134916128414056,0.222619006982373,3536.12965552066,1,1
133,0.5,0.458474456192258,2.36011621203197,0.690253925964949,0.993111315798939,1.77737846380564,0.0539807629128687,0.0407486500831161,0.0630024539822756,0.131177708596809,0.210499609412353,3548.27345318519,1,1
134,0.5,0.492911897066515,2.26643327999145,0.832551109657991,1.03536504577697,1.75135658703272,0.0529723890207591,0.0425234118869481,0.0649029879032065,0.133907310863893,0.243499075544573,3503.3776843816,1,1
135,0.5,0.492696262996623,2.32573692966459,0.79441949979898,1.05824604411746,2.0226242449717,0.0451961951425701,0.0437089114785691,0.0668902469528359,0.135842176610203,0.21565269072283,3594.51986614047,1,1
136,0.5,0.486490144414402,2.33581027643577,0.76408593957109,0.819284017750311,2.3887202468009,0.045639941183068,0.0427255423347752,0.0652140636974048,0.137608690318429,0.2244442749947,3569.55538083702,1,1
137,0.5,0.47683932825521,2.29475694270113,0.83700737268264,0.975862248633061,1.912319288878,0.0535741286473224,0.0421150544478343,0.0637565113242434,0.130971919966582,0.231798363040801,3536.79943239906,1,1
138,0.5,0.504049749572947,2.3366905175738,0.69140947324654,0.948809767769985,1.86845070113336,0.0491207689318565,0.041190562728358,0.0629886130774212,0.136167354902881,0.224575362795579,3520.8317447858,1,1
139,0.5,0.53060208081277,2.35009051959949,0.748941463960603,1.14242005857895,1.82010540004356,0.0417117522032638,0.0425603336703253,0.064902770851147,0.135633533545776,0.228128978002985,3555.63723583594,1,1
140,0.5,0.522002456847302,2.35383282799878,0.700878282152095,0.987318221623017,2.16632252956836,0.0417802060091891,0.0446508886580716,0.0653194430173101,0.133688020705124,0.220456996463918,3569.83802229569,1,1
141,0.5,0.553672669599069,2.34683907841651,0.795037701855004,1.01655726680189,2.28226219765345,0.0372361979343668,0.0432905017364653,0.0632780193706062,0.139944287435455,0.229741155186267,3610.16383928883,1,1
142,0.5,0.492865240349012,2.28788703879017,0.878904106911046,1.17356704995416,1.74224465486875,0.0471097271871449,0.0447094203315571,0.0676430324117648,0.134077344006746,0.213334911193179,3593.31335178052,1,1
143,0.5,0.530886411552397,2.30478784243794,0.779083174515103,1.01221515716728,1.62628355316642,0.0505265697119379,0.0399985341631268,0.0613120775382038,0.133507461051324,0.246397954730844,3486.70170093886,1,1
144,0.5,0.566094660774509,2.32431362601878,0.864325717949143,1.01031257025479,2.26296102425524,0.0383091016629934,0.0410364867003913,0.0619112870853132,0.135583667070743,0.241780579960928,3565.52246812959,1,1
145,0.5,0.451640208989021,2.28392508884596,0.799047475924479,1.06003019057536,1.89467404823619,0.0522651034114843,0.0446769980193631,0.0654659201906243,0.12991668907287,0.225988180848069,3541.24680197806,1,1
146,0.5,0.522438550742601,2.27300129374248,0.879936510853562,1.15747568890242,1.7577966709787,0.0445360493165976,0.0436068528375812,0.0646845441761921,0.131564236577649,0.233924736617181,3543.6302890045,1,1
147,0.5,0.532795293126641,2.27836503693153,0.818159531167231,1.03090960669299,2.08684821606007,0.0412931654854396,0.0441383186002597,0.064854068248323,0.137341759274703,0.225167533130976,3553.76585103332,1,1
148,0.5,0.489763166853228,2.30915235468282,0.821809367908769,0.977464954433623,2.06402971616525,0.0470968046933196,0.0427702278785527,0.0641626115478915,0.131730121684964,0.226548368223342,3553.98161571763,1,1
149,0.5,0.464109599289958,2.35440327019145,0.754198027164184,0.862575790659633,2.37913714063355,0.046029712065293,0.0440633402805934,0.0658286178968762,0.135686109871427,0.232921188363288,3573.00349931353,1,1
150,0.5,0.432818383847077,2.35634062913957,0.681016525060825,1.13041190231608,1.51645118618533,0.060556379572062,0.0423860850701374,0.0650958181371732,0.125589993347497,0.212693344700204,3541.62141420542,1,1
151,0.5,0.494747414593938,2.32419959767129,0.751991411186963,1.16631127916998,1.64779287049238,0.0491368780612743,0.0444073865825362,0.0668666195327245,0.132198389436528,0.218796692678219,3555.02501886203,1,1
152,0.5,0.515433754684385,2.32972272734742,0.820021656100511,1.22710261748171,1.73912363020665,0.0450327018922941,0.0439198489675169,0.0662271352171184,0.129451650746469,0.219848184169648,3587.36324565736,1,1
153,0.5,0.517391237745407,2.25554218947943,0.841804419819447,0.955225915639435,1.91969682110429,0.0472515960473797,0.0410559574984593,0.0628840796889705,0.137173435743509,0.23602732429261,3494.97092464393,1,1
154,0.5,0.498598483346293,2.27039702029255,0.824385022678669,0.904940059275666,2.10401866345102,0.046641332062097,0.0429581993483772,0.063479548465349,0.14009739640547,0.224757409525038,3551.01305643143,1,1
155,0.5,0.540337380618762,2.23657647019434,0.895210038460349,0.992928860827442,1.91517413852373,0.0442291162433675,0.0421784389799869,0.06341033889085,0.140557559404062,0.232612553619548,3512.76841974531,1,1
156,0.5,0.41726043336637,2.33855767555653,0.776952188997067,1.16316357276487,1.61752335005663,0.0584986167849011,0.0428159163856769,0.0647410503287781,0.125246115860567,0.207663028825926,3588.35495142089,1,1
157,0.5,0.508019208065806,2.25693009970344,0.904626447943698,0.971434721576938,2.05540776368758,0.0442728592191814,0.0431560166459327,0.0642317375924455,0.135737596899609,0.225219022636068,3548.37581336012,1,1
158,0.5,0.56527713453202,2.31598740485566,0.764071907528453,0.763436054683543,2.30639221816653,0.0430694178893258,0.0399780990080161,0.0603111464890323,0.139112738789581,0.249990287990144,3498.57715788205,1,1
159,0.5,0.474788939269873,2.24741273023589,0.93616289685712,1.11777940768935,1.89777407785198,0.0497033999598893,0.0444161053113808,0.0647087115633285,0.130205056606764,0.220531585217843,3575.43171220504,1,1
160,0.5,0.490552390831152,2.26512271593831,0.847123425422043,0.872354799654388,2.22055707413049,0.0456934072469041,0.0450108756103455,0.0665111616278035,0.141533255086827,0.230408279184509,3559.60765848787,1,1
161,0.5,0.523415244777981,2.30524132285454,0.795211875558424,0.977340401024336,1.86368304885664,0.0478829062048957,0.0417268530696769,0.0628232067639531,0.130678499396811,0.226346798676225,3517.73734755407,1,1
162,0.5,0.428182995555157,2.32754865139403,0.78111483632227,1.04529492885674,1.94215815549747,0.0545183864387233,0.0431915175471646,0.0669238415092871,0.123345351543594,0.216135839612965,3562.14021197136,1,1
163,0.5,0.505752462232808,2.27384100370246,0.84273387373959,1.15569076792146,1.74374008112755,0.0473417859818034,0.0431916015997259,0.0646861301701411,0.131558973046346,0.220235802829223,3546.76052526961,1,1
164,0.5,0.524416697821558,2.31365458647418,0.760372649556241,1.17338363739533,1.54714490704839,0.0467607271227891,0.0427048251784501,0.0646534876744303,0.137315710992748,0.232557821283793,3526.50066529254,1,1
165,0.5,0.480844651516524,2.31669254108837,0.787584484529146,1.16482787615858,1.63886016525614,0.0486604451346571,0.0432176434458028,0.064512752508421,0.133721774389361,0.215894691031163,3574.66023873774,1,1
166,0.5,0.54063922278416,2.20495380463971,0.873031304919728,0.851451881255963,2.01492368867538,0.0461148612399639,0.0406956990545155,0.0611851370609667,0.141079906425902,0.243480754026899,3461.98053989012,1,1
167,0.5,0.566984837325197,2.28921475730954,0.755880728738541,0.937426530393751,2.10197614790891,0.0396707517188277,0.043193357184331,0.065202286245548,0.1437132347248,0.246919858075546,3499.35129532137,1,1
168,0.5,0.454114328943135,2.3345453827704,0.713694334457492,1.02673699711905,1.93431162565575,0.0503958255839582,0.0436620223197052,0.0664388226443059,0.135072731969175,0.219239768357196,3568.77417783286,1,1
169,0.5,0.514555515506234,2.27695470545712,0.885662980932553,1.073646930142,2.13752874030468,0.0434947566613578,0.0446467622028279,0.0656661872308044,0.134870511126228,0.251216454509599,3553.2992333932,1,1
170,0.5,0.487180096253088,2.39069530610096,0.736823143174326,0.910898896018482,2.34505604300424,0.047081660552804,0.0420988347002054,0.0631057081110939,0.129665235198624,0.223334027525471,3598.8259002669,1,1
171,0.5,0.471983115767578,2.36597787402089,0.746500204563407,0.863987806181365,2.31555215364808,0.047672476725525,0.0421507092249383,0.0645654764484229,0.135367925403504,0.233344786658649,3577.8829238073,1,1
172,0.5,0.478037820133713,2.21721366284217,0.895039953512346,1.03260333219037,1.7770348125998,0.0517571699318264,0.0427954880251634,0.0654496239420593,0.128668538289346,0.210670411673373,3510.17411236611,1,1
173,0.5,0.427279237188743,2.31577814528151,0.753318133817196,1.03022766103246,1.8958008862216,0.0575621708126095,0.0441747374614923,0.0666706262106485,0.129594600657999,0.220491898987797,3564.22311806606,1,1
174,0.5,0.53783316003429,2.30852147622048,0.788416109081474,0.958440461760104,2.1437178225407,0.042898557597813,0.0421832429449349,0.0627160918520913,0.131423343071925,0.227938629183878,3532.11417424202,1,1
175,0.5,0.555816582353873,2.34839121939046,0.683851336393761,0.691792165259182,2.58623103917544,0.0407956057283073,0.0400276894651244,0.0614117478709878,0.138594679109306,0.246154861287335,3492.39344904228,1,1
176,0.5,0.500673167523338,2.36568224371082,0.730266930891967,1.09183215978682,1.8417671776122,0.0487518206206994,0.0428613358253632,0.064409423625887,0.130223073296467,0.22387292765676,3570.41112005274,1,1
177,0.5,0.464751653784662,2.27601829915812,0.7951171998465,1.00226396648032,1.89727891033316,0.0520533639196939,0.0431089165533585,0.0649679955599004,0.131159743248913,0.222668741294784,3536.89207422976,1,1
178,0.5,0.403339788275869,2.32750890538635,0.776632602034023,1.17968728021989,1.645478574742,0.0587980143889352,0.0430159045392113,0.0651752211354825,0.121879866218943,0.205363374371681,3575.15063178068,1,1
179,0.5,0.430822681138314,2.34428567954077,0.759070916918671,0.992793429241167,2.01767369807114,0.0524082898791723,0.0428299356288054,0.0638339131080599,0.135081205967798,0.213238667852444,3609.81147569206,1,1
180,0.5,0.52561385964086,2.25038947713366,0.839227593420482,0.803254453992454,2.16146974634699,0.0456137878532446,0.0410843227196244,0.0616983743847819,0.14001539690782,0.233669747535922,3501.13478492789,1,1
181,0.5,0.581674985317918,2.36631890107899,0.722318934059507,1.10623543257251,2.07405503252605,0.0353513833231195,0.0426896461187655,0.0661641669084384,0.147594371444372,0.230722331974537,3573.47472785289,1,1
182,0.5,0.547286372463083,2.40493955625791,0.673756884287488,1.2001726045507,1.75643738702316,0.0418267480516332,0.0412534647109421,0.0626424319331349,0.135774360011574,0.221603840361159,3579.61410337928,1,1
183,0.5,0.54728422055507,2.36930161358331,0.695606006835485,0.91352614497188,2.25764615109741,0.0408704736370449,0.0421485409707593,0.0650527202649891,0.140903460768183,0.241683143356273,3539.81057044191,1,1
184,0.5,0.544287812597812,2.34776549529612,0.670885656133676,0.875813567070209,2.06285121320327,0.0429981366280807,0.0407254158163792,0.0616692549326846,0.145621602483391,0.233894536014527,3529.90165871727,1,1
185,0.5,0.543806121803212,2.22383208092805,0.873231043332352,0.884425339165101,2.28497610130559,0.0410756217912091,0.0434174239524973,0.0642790217626245,0.143409006517033,0.246524153644602,3498.64310084994,1,1
186,0.5,0.485695099690196,2.38895574646878,0.696783695104904,0.852027104291193,2.42090017039408,0.0455446807276068,0.0428916531990356,0.0651488878620636,0.130575173158002,0.221917271975975,3575.63103218461,1,1
187,0.5,0.578089745124121,2.26988511406954,0.823592430569071,0.874312856929802,2.25174570597913,0.0383234135761636,0.0419138404018478,0.062018793922735,0.140226695694486,0.237493293232669,3503.77463416529,1,1
188,0.5,0.509850769733805,2.36711414335398,0.739623050825131,1.18925044337655,1.77091813186674,0.0471839997907433,0.0422268683858265,0.0636476094773724,0.126916587114108,0.224505867086718,3566.63197023155,1,1
189,0.5,0.517626628454082,2.23698509563071,0.887152637228383,0.950856681253688,2.09603690765278,0.043834966383668,0.0436136228136985,0.0642372015845396,0.138924085072264,0.229484142018633,3535.54622923423,1,1
190,0.5,0.434394619873829,2.32621476484014,0.789764728214306,1.06734901670262,1.88248276531787,0.0527867133314317,0.0437619011299868,0.065428682632373,0.133017907958502,0.206998858638539,3607.53272948927,1,1
191,0.5,0.493073064746517,2.31604934243854,0.75416368496009,0.98989275787188,1.9890617868156,0.0466637187079863,0.0418795830107417,0.0651331163585272,0.139951620270415,0.231684106124095,3538.97480620649,1,1
192,0.5,0.518399712900082,2.248155847597,0.848278100935175,0.804396932157435,2.16621950530683,0.0474408084583989,0.0427360866790068,0.0636509627611538,0.143958906785338,0.240168770836301,3519.12199597205,1,1
193,0.5,0.423247667803868,2.35521762388559,0.789271384493328,0.971593621741174,2.13495387014847,0.0530326054270829,0.043754550169241,0.066981171267743,0.128705361030639,0.219560691510916,3599.28071003949,1,1
194,0.5,0.471055435321882,2.33579644596021,0.731940167582224,0.794185065043801,2.21005229881899,0.0516101274264686,0.04078766969174,0.0640873010557895,0.135515569577346,0.224947787457482,3533.33350941892,1,1
195,0.5,0.546804792271385,2.29400092500376,0.747655177407653,0.795434090613269,2.46789057738268,0.0419715757082013,0.0414719650509204,0.063106455154362,0.138567497642361,0.247807878506397,3489.15884471971,1,1
196,0.5,0.51597452695297,2.31565644772873,0.739444607400135,1.0165890047909,1.81853733115254,0.0467200871059268,0.041526649240674,0.0621879582367904,0.132268184866566,0.216254601286737,3526.21896582825,1,1
197,0.5,0.510964410467683,2.29476274034721,0.806423967996166,0.874920679769577,2.11012858080867,0.0480057704935133,0.04056039002749,0.0609173089276737,0.135662381573173,0.236200130410721,3515.00758335735,1,1
198,0.5,0.471667007837794,2.26904080283418,0.777900752648803,0.948729229981568,1.70687411969827,0.0541339131673736,0.0409432196204927,0.0624822418969057,0.134682056640019,0.227017700222739,3481.4061621406,1,1
199,0.5,0.511760505102965,2.36136158083579,0.69267101765006,0.992879771998556,2.25508086641955,0.0428037988155149,0.0427363656489133,0.0655254146840542,0.133411603992979,0.228048037810385,3557.47461273815,1,1
200,0.5,0.522276018803615,2.24162831959018,0.929782192759106,0.890566411466166,2.3672608606404,0.0430204448163888,0.0437989535934955,0.066634303078947,0.132915119239265,0.239603398174317,3525.63366357673,1,1
201,0.5,0.51177047267495,2.26187537180069,0.846236466385962,1.15974913403478,1.72359328671649,0.0463252623746641,0.0431146550533039,0.0641454515695479,0.136236225368521,0.225596388877837,3541.48045009643,1,1
202,0.5,0.475148738224822,2.23105612997771,0.867317905604914,0.766693274625706,2.31533230766887,0.0490997830989567,0.0418537234384545,0.0621443579041094,0.135541114141361,0.225807325497735,3510.78269186744,1,1
203,0.5,0.528579066215329,2.25644451928779,0.78953970427096,0.746419162273696,2.29838003167772,0.046012244307332,0.0421468656030667,0.0631133781437153,0.140139153574294,0.241967932824002,3479.39493196302,1,1
204,0.5,0.444413625169278,2.24535207238443,0.850607315187818,0.89754670747488,1.99818350328968,0.0535986881076919,0.0437450246941067,0.0665995309419838,0.133198226101128,0.216482421246493,3527.68574577411,1,1
205,0.5,0.530970545078761,2.38764073490202,0.685111394044058,1.07911371982712,1.89792313722629,0.0433921439409539,0.0418637803271791,0.0633454513909026,0.134680620726026,0.22152312130517,3565.3902950756,1,1
206,0.5,0.502289306322025,2.3308142356948,0.751398304710244,1.25541250471555,1.61444009788294,0.0457748772658684,0.043227899604126,0.0658444335178576,0.137835566272252,0.21650134858704,3573.12297283158,1,1
207,0.5,0.543368154001937,2.28341824570009,0.826222264233272,1.12881342258406,1.90858708048985,0.0417227493985213,0.0427038137657437,0.0635408705083849,0.128856594459256,0.22198039469679,3529.63627974352,1,1
208,0.5,0.546630877380656,2.34764635653102,0.78910509791735,1.07940703762724,2.06396781464359,0.0407458624825489,0.0424230452275999,0.063251240492683,0.134511487842037,0.228936031526231,3582.06375025115,1,1
209,0.5,0.471908571743846,2.35270537878351,0.670030475504565,0.990373385821417,1.77251160984554,0.0548207462491068,0.0406589333944846,0.0630067638038912,0.135451706584869,0.228134046005571,3531.70517627685,1,1
210,0.5,0.485475319023192,2.42865742044274,0.660458891580789,1.33493336803628,1.46622576866988,0.0493262245030041,0.0432729865495536,0.0656400402020169,0.130274539211086,0.20643223457835,3628.74237561302,1,1
211,0.5,0.460403831093743,2.32554480174209,0.775024778152968,1.16180519485499,1.57361562371195,0.054052187258384,0.0424723519651734,0.065171270934928,0.131327727128701,0.215743985941645,3558.13022599399,1,1
212,0.5,0.53938967292335,2.36942097885773,0.68253137004057,1.1642394853086,1.95540845242005,0.0414823892473264,0.0433263509498277,0.0650987562934367,0.136751681081922,0.235642694729954,3564.45924925124,1,1
213,0.5,0.5520494951177,2.30505128735125,0.780107335947098,1.09823133085725,1.7589820986134,0.0435824047254209,0.0418493990371654,0.0621866810551685,0.135547453278763,0.229753531227884,3526.58699555406,1,1
214,0.5,0.390594594036473,2.24220798236133,0.869607833262236,1.00981204146617,1.7369372943874,0.0617586706978059,0.0447630176141134,0.0689535919131018,0.133065525460207,0.216972406598009,3542.8369858385,1,1
215,0.5,0.4281301272392,2.33570632286393,0.731488688295406,1.05648381871782,1.76285700844494,0.0586119147727569,0.0422517823719535,0.0650396068461291,0.123816599270758,0.210064476378903,3546.84972954845,1,1
216,0.5,0.504731584650017,2.23933126682477,0.906411258182227,0.947779735619743,2.15795845219169,0.045499782175505,0.0426780102820683,0.0632500789818856,0.137015061252964,0.223713575335451,3552.02599276423,1,1
217,0.5,0.600862042931829,2.28393925922704,0.813272602021634,0.964181691702217,2.30634496719792,0.0348022449468335,0.043056249560796,0.0641499653095662,0.142901803674738,0.240777522803319,3509.57741406841,1,1
218,0.5,0.501306310855873,2.33388406308333,0.784929385786968,0.914388771591465,2.28873519518112,0.0448282971369828,0.0422299785454311,0.0645125852442748,0.136181705355363,0.237345902442861,3558.1372083519,1,1
219,0.5,0.485259701192693,2.35590381751517,0.781488967741417,1.17710904744075,1.80291564687571,0.0506552372000629,0.0423748443713177,0.0657292719595445,0.125248959171261,0.215311875244425,3584.26241918422,1,1
220,0.5,0.538442614760705,2.2204687371458,0.957290665104945,0.983732699975373,2.16039882276923,0.0409840852882992,0.0460986534798368,0.067273505897137,0.14031480394855,0.229568985006775,3575.08744650498,1,1
221,0.5,0.519441390541111,2.34936431377289,0.748819523832442,0.919835353481437,2.31694303881639,0.0439477674635578,0.0420331046077723,0.0648759419970256,0.13324454356566,0.233025984999613,3551.24923322241,1,1
222,0.5,0.450033801874693,2.3257241980581,0.833697187891605,1.0505613329344,1.93374525881089,0.0540420031355989,0.0433313913013794,0.0662899752431622,0.123645124022738,0.223065551809128,3570.40527268762,1,1
223,0.5,0.467506778833798,2.25706355173154,0.861556757694724,1.12042240400605,1.54156196662801,0.0546522466364099,0.0434406745200463,0.0648668588676667,0.131019912555405,0.222886776798033,3530.48378229547,1,1
224,0.5,0.544702955940644,2.21872039281652,0.951310210670471,0.971396301819681,2.20510412272215,0.0428335921881736,0.043148049099269,0.0641902928574687,0.138444173274089,0.25129252975642,3518.7267441709,1,1
225,0.5,0.584903646588834,2.28529019825095,0.906602544300251,1.06049702798644,2.04205972662192,0.0376405417166814,0.0414556350427702,0.0621680863146132,0.140118207238061,0.236184698107896,3551.56129696834,1,1
226,0.5,0.476289432048409,2.26238634651648,0.882136032264983,0.867227177077471,2.34253024813961,0.0498687026686537,0.0439380491506045,0.0653554280940229,0.131927150371961,0.241675122642311,3535.90413836534,1,1
227,0.5,0.478578217220346,2.27073176761216,0.805636464957176,0.789752838059836,2.17964125364565,0.0496890055736221,0.0406232590500116,0.0630951007078798,0.136866828226992,0.224943018396141,3504.07660384914,1,1
228,0.5,0.476640532259215,2.24956951907178,0.871101890012988,0.830677928100898,1.92365943246076,0.0552770853772446,0.0410114660480991,0.0622001045716875,0.13409981954057,0.231210873873286,3495.51232319027,1,1
229,0.5,0.523009049496991,2.27802647505545,0.83606014277505,0.652639645494231,2.40746973293996,0.0463381444200253,0.0399232142596117,0.0616709441242223,0.143265737483055,0.227350125501602,3523.33726325719,1,1
230,0.5,0.498156661326377,2.28967267392303,0.846543893316356,1.03987662394384,2.01391698561384,0.0457919681671348,0.0438470721246514,0.0680695309417377,0.130474169938998,0.228689324659447,3545.96789414374,1,1
231,0.5,0.436834151077293,2.30227062148552,0.845543237410929,0.715371162214268,2.36055305335334,0.0578022991641082,0.0405988007336936,0.0612980912839634,0.126906972129715,0.226227651711659,3526.41663290984,1,1
232,0.5,0.472128006471302,2.28232904702869,0.811416879845038,0.871879042621941,2.09554837835467,0.0505240535793665,0.0431273990388394,0.0643648343239541,0.139200302282369,0.226141417231226,3553.03451781518,1,1
233,0.5,0.451447822566452,2.26234182798875,0.837827858124323,0.97099870130263,1.99980067465316,0.0514438140787347,0.0447391313566605,0.0673289619283411,0.133326509497006,0.210060463681572,3569.27249799535,1,1
234,0.5,0.517425281433767,2.30624057984132,0.796410806991452,0.804725051017561,2.45600036958956,0.0431391806367645,0.042180364708586,0.0648226182506459,0.138561753903266,0.232151672887673,3547.19397330696,1,1
235,0.5,0.460818210684211,2.30868346222038,0.853534367658057,1.00321314526893,1.89355429470287,0.0517195680425484,0.0421163959360884,0.0640209117837695,0.136712296080706,0.216226353419786,3591.13760699228,1,1
236,0.5,0.502823741138672,2.35630416230338,0.728513828550456,0.977174898438844,1.94932240986037,0.0501906058183248,0.0425994264821973,0.0640893551756694,0.133789427109518,0.241254462480513,3547.06011056285,1,1
237,0.5,0.506303887320289,2.29063754647469,0.809919020037892,0.964370380602533,1.95454016000296,0.0467043730690259,0.0416171444136934,0.0626463541003889,0.138794473849726,0.215591381744733,3550.14389653585,1,1
238,0.5,0.452650411240112,2.29515857154692,0.827836206421418,0.854186638868745,2.13710449271217,0.0526941462039327,0.0421068725477973,0.0639929205611038,0.127712586427595,0.220311792100874,3532.30640161795,1,1
239,0.5,0.514576594540393,2.34053635059,0.714850418573249,1.04273362900117,1.80002664601507,0.0472007532143005,0.0423766714709213,0.0647086503977257,0.138500606114679,0.230431125849469,3535.6870143293,1,1
240,0.5,0.449102400718835,2.2487172868652,0.872723770215636,0.932084229502421,1.82282485907098,0.0580230493888557,0.0413780388038398,0.0638803672720528,0.130257127675612,0.225284869027067,3501.48420903011,1,1
241,0.5,0.321412914038423,2.28000937868524,0.827120350889087,0.859483865685976,1.99394980183992,0.0737930251609654,0.0439127983610875,0.0673625720713781,0.125147267309186,0.224803923319047,3525.87462515463,1,1
242,0.5,0.554042396729422,2.28249482516511,0.759887161708063,0.791647506201756,2.10128679535795,0.0427400452094717,0.0423175510688743,0.0633604679819526,0.143387264748572,0.241753337110359,3481.79736372129,1,1
243,0.5,0.438128578983683,2.31577769852981,0.690676210046902,1.0345366468581,1.76238757592676,0.05854462486329,0.0425760505556836,0.0658683392450728,0.124870511846453,0.224298631287556,3500.85847017971,1,1
244,0.5,0.470423172463151,2.29101397921753,0.843541755799665,0.742920037104552,2.26030556436168,0.0542599643366493,0.0412047844532736,0.0620988541615717,0.13431364075532,0.23260203412505,3527.77048048653,1,1
245,0.5,0.484253797056316,2.26471113044715,0.864616262177498,0.931240124365849,1.99428656257273,0.0483916416331062,0.0427922567717135,0.0646827650208484,0.135116027473061,0.21922893306987,3540.10399574874,1,1
246,0.5,0.51648341906852,2.35990435640919,0.748074591246266,1.21768645705848,1.81732416442042,0.0422251451272898,0.0432925406187785,0.0650801396569686,0.139608681283217,0.225815712129807,3598.06769169793,1,1
247,0.5,0.489482010533711,2.30468152312094,0.845310127265189,1.04383119613358,1.94710340306807,0.0474231450057542,0.0431959551965767,0.0656253673721244,0.133467772279713,0.22499558255853,3566.31625594635,1,1
248,0.5,0.538526539846375,2.32394234116974,0.809736921817862,1.05215511884519,2.06315257887831,0.0421076559387831,0.0423248652214833,0.0635669802642782,0.132569494831141,0.231622436302591,3542.66551474543,1,1
249,0.5,0.511465087033493,2.34449590935454,0.781859258422724,0.920650540920462,2.28968082025129,0.0455144333231226,0.0419373883840699,0.0627479090847881,0.138075986292,0.230726307813425,3584.6365103426,1,1
250,0.5,0.51906886373898,2.3044121279774,0.821786595069475,0.958585536198535,2.11684019884729,0.0450125213116476,0.0425209455912636,0.0641378590953895,0.134651430984493,0.224739566533543,3555.32293811623,1,1
251,0.5,0.533075314046617,2.28014474263875,0.831156246006465,1.01244094853202,1.99565547617185,0.0425206769385082,0.043173383126632,0.0655464349993204,0.141380345129065,0.224814847167412,3556.15473928823,1,1
252,0.5,0.53197025927169,2.32262784393092,0.838035596896726,1.10692078952417,1.93524621061607,0.0429613951812202,0.0433448202850036,0.0641890341441736,0.138898775202286,0.230220888830906,3595.18525770349,1,1
253,0.5,0.417087849813663,2.32838922853295,0.715440527887927,1.03901031935558,1.82170158192064,0.0586746647643606,0.0419318019174624,0.0649893133437894,0.131937733027628,0.223871524413717,3548.07700197546,1,1
254,0.5,0.516511781128529,2.21028284044112,0.994615993948163,1.04109278211189,2.15129236846791,0.0436818956239728,0.0446212651010512,0.0641951258175919,0.130928176354731,0.234653664595568,3550.61376108033,1,1
255,0.5,0.491217473606754,2.42219586009773,0.65735674922868,0.902851786183121,2.20879353982349,0.0478551913244588,0.0415610583319535,0.0621813508075521,0.131108396278634,0.229103896355742,3575.2628566453,1,1
256,0.5,0.54460502448145,2.29495424013453,0.84049806142546,0.835016542743772,2.30000740295217,0.0421610942067682,0.0423414469398202,0.0637425450409299,0.143064783489161,0.239601565437717,3537.17887173496,1,1
257,0.5,0.543500498852849,2.32787743130788,0.729781504402097,1.03090428265971,1.97283362955426,0.043273352118641,0.0427069755807887,0.064155181510338,0.136055003298007,0.242095248017215,3524.81804776757,1,1
258,0.5,0.456237505265871,2.27553925782486,0.816399545122608,0.813603379184828,2.20525168711001,0.0536230673120133,0.0429131221414995,0.0659324955303057,0.131096408541874,0.236498948874288,3506.13258164883,1,1
259,0.5,0.463422426010343,2.30974362556023,0.772781865581477,1.01311180496436,1.89262939304134,0.0545425945114285,0.042994555296866,0.0649572780548534,0.124245714562757,0.227885568846851,3515.40526448089,1,1
260,0.5,0.428662577206894,2.33056318574142,0.813011971382042,1.06820757525896,2.01499878289397,0.0517387002985772,0.0441379896277443,0.0653439511057809,0.126353683673403,0.21727271622357,3606.19302621835,1,1
261,0.5,0.541239880155788,2.29130170304579,0.855631948395822,1.09411337064689,2.08259823946102,0.0420134242942469,0.0438689100408035,0.0654610954953398,0.133734674303023,0.243030296549511,3547.47099137198,1,1
262,0.5,0.49906205850066,2.3164568369498,0.818027162834882,1.11433283252651,1.8748670030209,0.04612091235773,0.0428341940294496,0.0624211389087218,0.137192892943382,0.222387241897554,3598.99154168054,1,1
263,0.5,0.522489137530516,2.32982669734862,0.795876947845785,0.85733540110677,2.64264203204844,0.0406190643282336,0.0437085910274048,0.0678444802863102,0.137424792157217,0.246404305150316,3564.34338903382,1,1
264,0.5,0.623567068262506,2.26816298586971,0.817897707295446,0.985217191490154,2.10890944789216,0.0358218224259896,0.0415676674133515,0.0624683150845264,0.145378282167878,0.267100134988314,3466.50597816448,1,1
265,0.5,0.531064858832939,2.28565171572328,0.821089699472326,1.08856446554334,1.83592538044601,0.0443397256850047,0.0414698331898472,0.062846908257131,0.136639982887146,0.227142630838573,3525.22316868097,1,1
266,0.5,0.485198305609381,2.32838738859835,0.768001193522116,1.07938245779551,1.95142041803418,0.0463448069504834,0.0425650550671096,0.0636017458757709,0.130623660977399,0.225919231775292,3553.65615718839,1,1
267,0.5,0.397934712512025,2.3476055619644,0.752729208259537,0.965876215943707,1.81385456400446,0.0630293561297862,0.0423554441964707,0.064496242195863,0.128173853231309,0.208780584410003,3578.81546815804,1,1
268,0.5,0.500095713576103,2.36490752447396,0.701606381410462,1.20997337488914,1.56075072730279,0.046138898450355,0.0425352799785609,0.0654877915557941,0.14104342188888,0.215741195498246,3582.58732714782,1,1
269,0.5,0.501755325925004,2.2873232236474,0.848362783969783,1.14736813016467,1.70731763413546,0.0481957187628941,0.0439962490504288,0.0674478588346045,0.136324682547633,0.219423631095647,3561.27783269188,1,1
270,0.5,0.534261784076118,2.32119869993561,0.752069140016882,0.745201487571378,2.54627534082326,0.044900344856201,0.0407740667589583,0.0617759175492965,0.13854800752097,0.25579192834676,3504.2081321054,1,1
271,0.5,0.500960044923822,2.27625552077731,0.831613462004913,0.957087143921878,2.12431332638657,0.0460641464711226,0.0444586903923714,0.0662332196075878,0.137224604999382,0.231050076723157,3549.05408026635,1,1
272,0.5,0.553304111981562,2.27039553085426,0.869639739966347,1.14012058732566,1.78433169155789,0.0407281780041534,0.0425289994743509,0.0640400520049859,0.141145574760344,0.226854830491178,3547.1222761898,1,1
273,0.5,0.506602222123186,2.33958651482919,0.707146103120417,1.06068835373394,1.89310301429858,0.0463472783803583,0.0446268261690264,0.0674852110757636,0.137319833980021,0.230177238188774,3559.91962995005,1,1
274,0.5,0.502806566321529,2.343017965705,0.704132685495014,0.923344966247896,2.1004255894482,0.0474814788454749,0.0422788839404097,0.0640177931927065,0.134178548125334,0.231958655743677,3534.73725067711,1,1
275,0.5,0.480061297586472,2.27224653205748,0.878176105185718,1.30616698281869,1.49049218542433,0.0496261386094062,0.0448781000056286,0.0675526374374854,0.128977109165062,0.210631731475831,3577.44449925958,1,1
276,0.5,0.418269930345813,2.27807375361799,0.823804139750063,0.998364829641353,1.9878265605665,0.0566524205337028,0.0446825441186021,0.0659051071070448,0.124978189216413,0.217746793499797,3548.48186841608,1,1
277,0.5,0.529030295997633,2.36851152190871,0.661918528101663,0.749485692540857,2.37572602597418,0.0438290511602721,0.0397410683463398,0.0621369346624016,0.141147484025862,0.232619753678843,3521.15242374573,1,1
278,0.5,0.537643486097115,2.22346333494114,0.887702491941137,0.760463689675371,2.28367197071961,0.0432850375345485,0.0408335620232308,0.0622132929627711,0.141784260641148,0.240594156048228,3471.11170223054,1,1
279,0.5,0.54911417540944,2.28274349697531,0.789358510586506,0.667387774821447,2.54423972584996,0.0399315716584881,0.0415672680916267,0.0615173094393732,0.146479881479842,0.239895356877913,3504.77832380876,1,1
280,0.5,0.499817236536335,2.35361831380476,0.701617181787827,1.11214733764426,1.82157034018448,0.0463533472111743,0.0423198149807727,0.0664397267719919,0.13721574474711,0.220640907793886,3560.37762704079,1,1
281,0.5,0.464817914004634,2.33781198834918,0.768363865801316,0.974810238152992,2.02473469665144,0.0496436404841976,0.0422251711760501,0.0642228714990183,0.131887411339048,0.216691748316561,3568.39759777688,1,1
282,0.5,0.515679363650457,2.32309895995937,0.776721448231739,0.852778890039033,2.08897937854837,0.0470407040397614,0.0406546519228908,0.0618335410806236,0.131850133758593,0.228506039978578,3517.76452462697,1,1
283,0.5,0.462418574191203,2.21890921665256,0.925254852953197,1.00735771160771,1.86147975941888,0.0533393253408381,0.0431168103115352,0.0651344987273457,0.132324303416439,0.217874271247312,3541.02409355098,1,1
284,0.5,0.540027786633248,2.31337029703603,0.701999851907544,0.874345433864634,1.90620279360027,0.0466849048707079,0.0412186632862409,0.0615508295293512,0.135965640724824,0.234152186503419,3477.41841961763,1,1
285,0.5,0.517262879545718,2.269218406117,0.871030181365338,0.896871185246669,2.10930973137486,0.0472468314027331,0.0426892801817227,0.0649589176489672,0.135796769641193,0.24292944422797,3515.30172274901,1,1
286,0.5,0.503078050027766,2.29079510851951,0.848090420375842,0.903872656315166,2.06638790628893,0.0480886165483571,0.0411069558266198,0.0636991672268622,0.143099636516157,0.228371433616704,3546.37738172744,1,1
287,0.5,0.479936793827628,2.27765265792183,0.843339623259008,0.977274100101199,2.01017493662971,0.0479651071042319,0.0421356209814109,0.0632889977061491,0.133241948119273,0.216512903741094,3556.72192820768,1,1
288,0.5,0.517016523713962,2.3130631071859,0.730876777859351,0.860960506159055,2.12520937490926,0.0447946415950724,0.0415954840156088,0.0636414476013813,0.138610923478733,0.22886697102411,3510.68586692331,1,1
289,0.5,0.586590958048971,2.27294566679705,0.879963650031142,1.05899228907083,2.17701369381875,0.0356523295542486,0.0432940803490428,0.0646049516369518,0.140299265338928,0.248370368352443,3522.36897829572,1,1
290,0.5,0.478270620520346,2.30489697418881,0.833762498179432,0.957323237216368,2.07997290336273,0.0501594488657545,0.0438494508380598,0.0641436978288729,0.13273432912404,0.226091550171368,3580.83051452774,1,1
291,0.5,0.504748849141156,2.37953224877731,0.698594076987377,1.27956108970934,1.59138175913041,0.044762351545603,0.0431641701965043,0.0644153094109043,0.132764287963337,0.212559257463248,3602.47469737284,1,1
292,0.5,0.428942439343543,2.22385919707777,0.942527963024524,0.978990669348576,1.9146883972153,0.0557844720365089,0.0436891737926683,0.0663373869128024,0.130635423061525,0.220222024728362,3544.03872111628,1,1
293,0.5,0.430871512506577,2.28175658329928,0.827453126996294,0.931762481856412,1.9419288638491,0.0605183606077363,0.042976934414877,0.0645479250253141,0.128518808844558,0.231631868250064,3526.54167251891,1,1
294,0.5,0.504348917318148,2.37096544781014,0.703801392459146,1.04848775035884,1.95536874790764,0.0452021698292071,0.0416456831756847,0.063280102445768,0.132855501390894,0.220458335373241,3562.9177742389,1,1
295,0.5,0.529435957020551,2.31431236596185,0.839939393299599,0.975545170460794,2.21726556336481,0.0425510332966011,0.042409177452512,0.0634308855670382,0.133438391637906,0.226396111859084,3567.09831859705,1,1
296,0.5,0.465788893147847,2.39037094524689,0.711994467997464,1.07509092349576,1.90076507962862,0.0504973194832002,0.0425609460019257,0.0642293581270152,0.126976103791421,0.220374035499304,3586.66930385035,1,1
297,0.5,0.509446566183244,2.31200121901856,0.756728946842852,1.10802083066737,1.8843451706749,0.0454919623137352,0.0427185342826638,0.0655035497618765,0.139056904193128,0.229807754748951,3553.00149298787,1,1
298,0.5,0.455412510602694,2.26547442223033,0.902517698175425,0.761596047116426,2.37498565066262,0.0521643602984606,0.0420488878533495,0.0642063923045605,0.134679456096658,0.2351495785716,3547.69789923641,1,1
299,0.5,0.416381601824933,2.3471693336398,0.761704741414106,1.22736123425537,1.53012817576765,0.059465587269483,0.0440779166400681,0.0670978520653616,0.124341095788604,0.221244958858188,3584.01305566012,1,1
300,0.5,0.450138711066582,2.32052677984318,0.856092028036302,0.886229137241175,2.16326446553081,0.051232786222289,0.0418721095296119,0.0631947629600848,0.132865112681743,0.219591518498291,3594.14895475154,1,1
301,0.5,0.479630563726451,2.31778780897586,0.776162046356879,1.14700256690529,1.82697890045727,0.0472958355582827,0.0442119992213948,0.0652619790727192,0.132274993299943,0.223176089615116,3570.2911344802,1,1
302,0.5,0.450296385531017,2.24776261253278,0.845244941883006,0.998301484840084,2.00608080349019,0.0523909427876641,0.0442593031726001,0.0666507554283915,0.130347251519603,0.222545713382344,3529.75645376089,1,1
303,0.5,0.430917449673795,2.34259690512256,0.77173584707198,1.14254868829367,1.78092452833029,0.0517955535787902,0.0450080160335875,0.0671222936503535,0.130478756388381,0.218750577991394,3602.25049262471,1,1
304,0.5,0.499345714677655,2.28049225706975,0.80011728460752,0.935864481165458,1.82870348480716,0.0502511044092867,0.0425861306321824,0.0648547962928966,0.136023445224697,0.234875690047128,3496.94643339369,1,1
305,0.5,0.486117911678556,2.31832906986121,0.787830876056791,1.08252528380568,1.91832333630419,0.0470307204047574,0.0433610902758264,0.0636775968304037,0.131027457906037,0.219344438741272,3567.41673110127,1,1
306,0.5,0.509756318645093,2.30429290795001,0.870256239085906,0.817960268971358,2.46427777648417,0.0468392656381929,0.0417301501390343,0.0641103108822025,0.12849484519879,0.242387409211281,3532.8080503874,1,1
307,0.5,0.468881820222743,2.40738118951419,0.662688046779722,1.0858767841986,1.83236942185499,0.0523833461869327,0.0427294071611226,0.0656561391717621,0.130289255495114,0.234054490605755,3574.49392386631,1,1
308,0.5,0.490245726988127,2.24718128018393,0.855528928820443,0.918115705535691,2.13684769157827,0.0463379827589682,0.0433380207939982,0.0661197518314759,0.135854558435345,0.22457622428677,3521.06957748787,1,1
309,0.5,0.504955029238053,2.32950850808331,0.781874643139034,0.982988822728454,2.06837665875263,0.0464432507372103,0.0411443655437255,0.0622280694071943,0.133113784355576,0.227876469608772,3547.90267847032,1,1
310,0.5,0.487337467425925,2.33918810222821,0.762487240612646,0.895455211242905,2.23230412383292,0.0523034449916197,0.0407326818917796,0.0630040313468375,0.12070818881909,0.230404968054163,3511.64053589205,1,1
311,0.5,0.511406886751454,2.31494455417912,0.821741110279412,1.05893052246458,1.95826770580697,0.0427699028048127,0.0430587497058526,0.0655620342462127,0.140574615671727,0.224349771249624,3582.31787892324,1,1
312,0.5,0.363806522451504,2.23682218062687,0.898616342499403,0.885634913378095,2.06534725641275,0.0651122153180866,0.0437548431975987,0.0670098721933197,0.120031665708817,0.214054089532736,3518.14061211195,1,1
313,0.5,0.440494580902427,2.33913070943285,0.771427691463463,1.12674963351366,1.71318062251792,0.0530066692689478,0.0424100979103744,0.0651084733152921,0.125976705680945,0.212406990511001,3571.60081094958,1,1
314,0.5,0.560966440861065,2.31682701080369,0.771523239284296,0.936064359907134,2.45607266067916,0.0383942094680384,0.0436071332435493,0.0655202870234971,0.138294000303224,0.251154980249715,3525.8984318614,1,1
315,0.5,0.514841431584268,2.26754551973146,0.883108508460259,0.994876890235951,2.08411971946995,0.0453778412867124,0.043287400670689,0.0658366088569091,0.134111924643157,0.225656836815078,3558.68434821403,1,1
316,0.5,0.480712843796666,2.36112134563764,0.697458465944711,0.980980014088905,2.07992384403011,0.0489998881004149,0.043804683382517,0.0660757543066882,0.131705867473856,0.23717819037294,3539.87507391751,1,1
317,0.5,0.485180859336722,2.30925299587588,0.8495363820532,0.857501736851558,2.38554449753299,0.0477584924178054,0.0421960046613834,0.0633970931305258,0.135466074360531,0.248021410412926,3553.10599102194,1,1
318,0.5,0.440740979688908,2.26252945059927,0.84418228325302,0.86997862272395,2.23784412171126,0.0528398276108989,0.0437869106704459,0.0671270536705311,0.134522892178194,0.226572421002221,3541.34084759089,1,1
319,0.5,0.555628054312908,2.30631559265336,0.790703320244514,0.922728029600429,2.28831766387474,0.0373948134811819,0.0424584162091778,0.0635617361687487,0.147028807766575,0.242385222552093,3552.1085540864,1,1
320,0.5,0.530817654331135,2.28948343813165,0.840774343105569,1.1133663252006,2.13752364293713,0.0425941335033558,0.044806202632455,0.0642274925348097,0.134560163100788,0.245971484714286,3573.38530754536,1,1
321,0.5,0.457275010105765,2.35169190181597,0.733486331758687,0.981889795375984,2.17605468506037,0.0507342591176272,0.043187775216222,0.064653497909245,0.126718874784801,0.226577118464993,3567.61226683322,1,1
322,0.5,0.504047287626619,2.25478874363368,0.801844296641253,0.911399252412521,2.04629303585518,0.0483646576797301,0.042464131290529,0.0636382840004396,0.135834507550909,0.242377121646614,3485.15012600818,1,1
323,0.5,0.517672816532942,2.29498172784541,0.817238216908896,1.02733053313794,1.99285916037696,0.0444861483939312,0.0429594608613212,0.0631584182329842,0.135493035848977,0.232766079030744,3543.93076712522,1,1
324,0.5,0.470652422497178,2.37158663587894,0.722210812664671,1.0711684716483,1.85073087812786,0.0525674303904589,0.0424993345638162,0.0645214398247263,0.124637899102332,0.217632391816636,3570.15614048582,2,1
325,0.5,0.465496459256652,2.32958251513989,0.788886461613656,0.988581867474799,2.09830347676274,0.0473639468451658,0.0444619678462321,0.0688606397396059,0.133534321184165,0.222238601602915,3573.42224994929,1,1
326,0.5,0.533454287528854,2.26314183834153,0.798582430897207,0.901068031660624,2.17381279865523,0.0434054082654369,0.0435311834223018,0.066639007255469,0.14412917236963,0.231186136980696,3526.9671539406,1,1
327,0.5,0.44965721711329,2.30398067367039,0.794774977355885,0.915068837006378,2.11432995852343,0.0530126983433907,0.041826599206713,0.0643869043132959,0.134091959054852,0.22941284668613,3549.2659891963,1,1
328,0.5,0.426709313508337,2.34306144944936,0.756418890137674,0.814079276719911,2.11022941078043,0.0574611179162933,0.0409528364323436,0.0624011034082834,0.134180863083201,0.21536778182261,3568.34471639816,1,1
329,0.5,0.481930755360444,2.36160038746288,0.72405878969788,1.07263505595402,1.78543511519403,0.051051525420553,0.0414696932622914,0.0636772134480485,0.125204547412962,0.211064259332384,3555.20631369979,1,1
330,0.5,0.455587374762085,2.40361648015692,0.702068446038382,1.23596765467213,1.79720970181889,0.05007353466426,0.0447281409900479,0.0678137813105654,0.129455913518892,0.225177426110154,3622.76725476056,1,1
331,0.5,0.589756469779152,2.29703339256187,0.779343171142326,0.924227503959801,2.29543937191546,0.035886564508538,0.0419069505407905,0.0625103890393336,0.144605629367319,0.241300585581345,3511.5443341344,1,1
332,0.5,0.414968095611459,2.29273120974208,0.872811395144587,0.97471687645262,1.92681411102999,0.059152994544983,0.0436028885168608,0.0672298016353079,0.128223915384693,0.219242707261673,3572.29467653879,1,1
333,0.5,0.535058903004503,2.34358278653255,0.784504117443835,1.05964831419446,2.0563206977649,0.0426175861314729,0.0427989048306015,0.064263511301273,0.134083450776622,0.236051735239965,3563.40928698178,1,1
334,0.5,0.433858794884492,2.32337522004182,0.75315628807018,0.926102712864702,2.15596466427224,0.0530875970092503,0.0435171008599062,0.0660795009490593,0.129149444208684,0.211716530661499,3566.20298229138,1,1
335,0.5,0.475039644798574,2.29170300723241,0.85753790385463,0.956569295758946,2.11926704307302,0.050956207812478,0.0421594643122083,0.0641228625332231,0.12921908663674,0.230308166888661,3539.30416184201,1,1
336,0.5,0.462440965031554,2.31364063317289,0.813810008985845,0.856475423520618,2.20654387954743,0.0539296139270859,0.0411271498734164,0.0613021017666514,0.130148607927831,0.232521669692001,3542.94119873932,1,1
337,0.5,0.465694161866428,2.22784756799768,0.824283642579256,0.839429882116597,2.07252533988205,0.0547495784942314,0.0424223874782481,0.0634528948976004,0.133142206914912,0.228771531767139,3477.85806717202,1,1
338,0.5,0.453450210231642,2.35831927782395,0.738446893039202,1.10036410443432,1.96073410332027,0.0484233423779038,0.0439069118850769,0.0667654297344667,0.131410560225363,0.209416721962314,3610.14889571175,1,1
339,0.5,0.427839824302688,2.24830520677015,0.892559710506107,0.715547831511952,2.21516164617462,0.0578910691880865,0.0401331257613895,0.0607628080159173,0.132908795571848,0.229654998699723,3502.12124006948,1,1
340,0.5,0.423894152407579,2.29345081216158,0.771250409810419,0.963153403271528,1.73567706319959,0.0599230704952383,0.0415838709734671,0.0653151214477849,0.127105010887581,0.213496263022091,3509.38910266467,1,1
341,0.5,0.514620925867852,2.28752582903089,0.823472002937233,1.09250587979768,1.82192284040747,0.0466051422621412,0.0425077482393715,0.0631815313055727,0.133467568575597,0.220289798416667,3553.01922684074,1,1
342,0.5,0.510192615009466,2.28509229028352,0.805355184964472,1.07900447385036,1.78317830498536,0.0490003486947316,0.0431866486257891,0.0653168550255645,0.135878458385601,0.233090152137052,3527.85463901627,1,1
343,0.5,0.51964451758164,2.25213968354735,0.875651733410327,1.11067189222244,1.6627441208856,0.0466007138978506,0.0445633167621577,0.0663971888718154,0.134515990005288,0.218146707144085,3538.51412510046,1,1
344,0.5,0.515409369209548,2.2940139435332,0.799143098540342,0.741267350913709,2.47811257734817,0.0424793925371786,0.0405584184096661,0.0618725468226811,0.141641802663533,0.241606695106974,3523.4802445131,1,1
345,0.5,0.534481942201977,2.28218977410039,0.862216670839239,0.875458069836352,2.15255683973772,0.0440728244558043,0.0406240624015745,0.0619220095589779,0.137189412807901,0.236964545268939,3519.84884005789,1,1
346,0.5,0.378575566486474,2.30293921595673,0.736150372964595,0.990558790581467,1.76651264362836,0.0648856281866887,0.0431535916097248,0.0654871554767266,0.121672909701803,0.212808110260627,3516.94864798711,1,1
347,0.5,0.485291700770982,2.26632957697109,0.855400183878769,1.28833336932122,1.57837522002439,0.0475856867641092,0.0452011843495541,0.0689592204913223,0.127504540688271,0.21000836519027,3551.35170431795,1,1
348,0.5,0.504633840950905,2.36246906161139,0.671887642736213,1.06512996945509,1.99411209452287,0.0447599278885638,0.041996778146682,0.0651650806741992,0.135245092345341,0.227862291888439,3546.93854931147,1,1
349,0.5,0.520215408278063,2.30752310786755,0.819125406486445,1.00852450604779,1.83468238841039,0.0464447843939287,0.0408400488225858,0.0624725833347027,0.136558277818306,0.229484105045919,3536.14001738389,1,1
350,0.5,0.545542212086719,2.35563135515461,0.745891664357288,1.20786992292791,1.69281690101736,0.0419717241995459,0.0417906416176091,0.0639517858662972,0.132870335324369,0.225524955083424,3547.61150911081,1,1
351,0.5,0.598565707493683,2.32313431583643,0.748789854490934,0.812104682843448,2.43409155798819,0.0358440344474111,0.0412850705442156,0.0618542618767154,0.146117754084343,0.256942254247715,3500.47830741493,1,1
352,0.5,0.510994821247665,2.23042888809334,0.893347016564295,1.11870399981155,1.87573648191839,0.0463981601773375,0.0427787078406673,0.0634905447757795,0.133046404070599,0.233251392243005,3513.90587268749,1,1
353,0.5,0.494722876076885,2.2254828271272,0.875558132912934,0.896700319039915,1.98140354928885,0.0508362881677224,0.0431351286725932,0.0637326650439355,0.135624912770878,0.239190935317361,3489.74287971436,1,1
354,0.5,0.518224661136141,2.28866290498282,0.821531923486328,0.908053651601472,2.01696098119616,0.0457579966719825,0.0420865286825988,0.0624960650056838,0.140109166772533,0.229366451229996,3535.39005846674,1,1
355,0.5,0.561588340794512,2.32164857552886,0.666229211240147,1.00987564788785,1.83352445947459,0.0415675778150898,0.0411881356896542,0.0625170542448834,0.141945829959835,0.234775719242198,3491.30671711426,1,1
356,0.5,0.396202389080943,2.30822668190453,0.769201077455603,0.885623058369784,1.94490820522343,0.0643229584526954,0.0417855734131293,0.0635974642087467,0.125776333907519,0.212604054568655,3533.77841474026,1,1
357,0.5,0.546055955219522,2.34824320916528,0.729270767475216,1.08009550004319,1.99192665843256,0.0410671323056733,0.0423255567113625,0.0638561032829447,0.138582891719285,0.228496272009529,3555.56456729457,1,1
358,0.5,0.513981489081124,2.37865179182304,0.668404458332379,1.25579725730316,1.46815270008544,0.0467232436927458,0.0434772564687278,0.0655869180371004,0.12916008287944,0.211843913708116,3568.55811769223,1,1
359,0.5,0.498393563427621,2.34158454784469,0.757631526202584,0.895161893249985,2.11113414796982,0.0492759153961892,0.0426447874537736,0.0642803887298122,0.135489548831669,0.240186528127009,3544.11217567746,1,1
360,0.5,0.490183995210055,2.26831052704669,0.902679016789251,1.09315041161758,1.96082501749019,0.0441773510388787,0.0450594831727542,0.0663524381352554,0.13951887113813,0.226358997103685,3581.58955639255,1,1
361,0.5,0.440876027142448,2.28276935996833,0.861303108105633,0.904407723084802,1.96360440953292,0.0554690211226754,0.0424359174079715,0.0647339541155605,0.130649812336443,0.218079749729572,3542.04405683227,1,1
362,0.5,0.494808407589363,2.22039423639675,0.878302618724404,1.05000120459445,1.6767913302193,0.0500077417458086,0.0436219908792545,0.0659706669328945,0.13246281697919,0.214609447233908,3503.74865154405,1,1
363,0.5,0.390070873566851,2.36994076678628,0.686577562036357,1.16889611835,1.81362867931177,0.0562941010555673,0.0438557391858249,0.0670433724919225,0.128393926151978,0.203495885005485,3613.67350996677,1,1
364,0.5,0.524772961742485,2.30249136045289,0.771970240071206,0.837825526690403,2.14451889583132,0.0465343741242384,0.0420569946741603,0.0637479694474854,0.136680404646191,0.243555743922323,3505.32138699767,1,1
365,0.5,0.510314479223903,2.28592424481227,0.854513994751529,1.37583899492883,1.58534907597534,0.0439529447058989,0.0454816541331823,0.0682668279408006,0.133312887014435,0.223627905180426,3580.72454924614,1,1
366,0.5,0.446197272640673,2.28855898822598,0.785897233083889,0.956816842210727,2.10718576268668,0.0512340789784022,0.0432278584794945,0.0654851277283635,0.129171860359974,0.223965015077579,3530.68583370262,1,1
367,0.5,0.531403365462505,2.22558431972169,0.864836251641905,0.975159499622812,1.95540264544597,0.0435384968992369,0.0425022685298804,0.06390560295721,0.140532354436185,0.231373172496918,3491.04165253763,1,1
368,0.5,0.427635469777601,2.3416762070765,0.75699937998276,1.22478897695948,1.56056091020256,0.0564425791155413,0.0437064176592792,0.0681597363171733,0.129705141202365,0.208201928776213,3591.30129556868,1,1
369,0.5,0.533506478100243,2.3020488951762,0.725071874607288,0.988218417249825,2.25173471621542,0.041026675151403,0.0435282322646188,0.0647857174934954,0.134569792987179,0.234686828188388,3514.76349473728,1,1
370,0.5,0.44515957888697,2.28166689439497,0.803180226743247,0.947921387378323,2.00715520256314,0.0530477149305356,0.0432261225588815,0.0645678307962364,0.132804966586645,0.224605850643477,3542.92306679062,1,1
371,0.5,0.468805267113366,2.44504654041588,0.635311828274393,1.06094154653219,2.04841593767513,0.0473892957207135,0.0421090715429434,0.0640278264348588,0.134944855521014,0.217557547332871,3637.08586917306,1,1
372,0.5,0.448012308033137,2.26896791536405,0.921607300821202,1.10525112590192,1.80812345802455,0.054705241947954,0.044912066351597,0.0672666190944619,0.124050684066393,0.21601538252671,3577.24372011665,1,1
373,0.5,0.485109248314763,2.29933876766157,0.796196500489008,0.913048593896482,2.07692734379098,0.0492731533502912,0.0414907033347399,0.0623198515730883,0.135821028686999,0.229906861790026,3529.59214007886,1,1
374,0.5,0.554290896280551,2.28617692885859,0.802019316110787,0.734926085242046,2.44576107116617,0.0405004976857623,0.0416651802323589,0.0626525826811684,0.14366089399977,0.230708931034735,3530.05503904479,1,1
375,0.5,0.469286503861664,2.27300048991379,0.781998411392716,0.957264132286013,1.84858539821091,0.0527428686090574,0.0423980676742664,0.0639384769592642,0.128609370904817,0.211280597691604,3510.10654339906,1,1
376,0.5,0.55823201306118,2.33670163680792,0.702210051801007,1.05303943103867,1.93280438600026,0.040067875679244,0.0428468562669934,0.0642709669189256,0.143329689625123,0.245356396802109,3524.29662917164,1,1
377,0.5,0.516912676390451,2.36676296915389,0.75400365014448,1.1011848031017,1.81711315645406,0.0442781841905503,0.0422596750848077,0.0628132284343173,0.134097953259566,0.221550436154047,3578.68277591776,1,1
378,0.5,0.533289599643016,2.27592339888984,0.821339503231615,0.951451781824633,1.9834221644056,0.0440592464513109,0.0425439445288798,0.0638446720095868,0.13768200928508,0.239453492810322,3512.87318960911,1,1
379,0.5,0.480719713673103,2.35686422286341,0.636544671977661,0.884722664737884,2.08597606635461,0.0483872712151375,0.0394797981405536,0.063015655868205,0.132921315371316,0.227000407518785,3499.62352049146,1,1
380,0.5,0.54652973724243,2.27631674958235,0.76499925699253,1.05351114265963,1.85292257666414,0.0415460585145289,0.0417267215631962,0.0628566731582005,0.142433801146585,0.229720886719716,3502.07445104394,1,1
381,0.5,0.546553308638027,2.35323710025515,0.699951312385014,0.739725015776061,2.48267338286647,0.039852855299253,0.0405707543305243,0.0634585706920178,0.145777210124125,0.239197466659758,3521.30631870238,1,1
382,0.5,0.52937866034289,2.31994678212762,0.819858307523855,1.12554516769657,2.01788366086364,0.0408820779957834,0.042906727993611,0.0651877483151593,0.135904539839786,0.227905242147642,3577.23373914629,1,1
383,0.5,0.468451850155504,2.37096427236716,0.672978582273977,0.740266756289196,2.24452536614281,0.0517653991529424,0.0406104856748487,0.0614753594896662,0.135498133231325,0.223562365077917,3537.44298302033,1,1
384,0.5,0.512159152745761,2.29543864990059,0.765974165155771,0.837575675638384,2.15986519554822,0.0481521944117535,0.041268526836147,0.0631898882096821,0.133430535535818,0.232074755068589,3493.12624778752,1,1
385,0.5,0.535318641902336,2.24030449815255,0.974160828056311,1.10956614956176,1.75344921567281,0.045256181940249,0.0429790762144322,0.0632985305903386,0.131213923096101,0.22423239199737,3544.64587581916,1,1
386,0.5,0.488959207861624,2.27641761971975,0.789333463985558,0.765067383545935,2.31863524472117,0.0476378254499722,0.0415667280181003,0.0642209948256369,0.136322867860737,0.231424803215362,3494.00674802298,1,1
387,0.5,0.519243930945813,2.32523822181171,0.73051798831256,0.950739584848467,2.01800492343915,0.0462412781398408,0.0423750329498885,0.0629245959461798,0.13609505094388,0.236607772859544,3522.87361959448,1,1
388,0.5,0.494083332541436,2.3343455519997,0.710690005477727,0.83712106610158,2.21061913748701,0.0489225887033451,0.0416294458668161,0.0633660936423216,0.135141608414441,0.240064368438772,3521.39357532266,1,1
389,0.5,0.476196722368874,2.27866967374055,0.847937342298457,0.92078158798888,1.98924565382163,0.0535999598926754,0.0439802796160029,0.0661355792676551,0.129852348936211,0.21826635473815,3544.76556848047,1,1
390,0.5,0.529410430702125,2.29648588814217,0.784167315291411,1.17758184695404,1.68542683913598,0.0427435814536826,0.0426238182280766,0.0630956608318987,0.137855054137207,0.222708952310553,3545.562924408,1,1
391,0.5,0.441275982398297,2.13850650545785,0.961809298222417,0.851114888069154,1.96302990541677,0.0558492655893367,0.044376280246243,0.0670694225283237,0.132604186325521,0.212708678914794,3474.05513686696,1,1
392,0.5,0.523742034100269,2.28538831550259,0.797665273530781,0.839433416868999,2.16018129416182,0.0461642169455415,0.0414895202784864,0.0641331732414794,0.14268755378785,0.236402158003286,3512.67632133358,1,1
393,0.5,0.427749434065521,2.27903978736751,0.77489793346096,0.913792041779166,1.75154279158867,0.061884289469213,0.0422823033866179,0.0648047254221188,0.128934678918153,0.21563294899098,3502.94137264933,1,1
394,0.5,0.485334585261335,2.3252008689992,0.795150726639291,1.03673238282962,1.86272357644023,0.04927811587941,0.0425767414848937,0.0637659513927092,0.135726092694242,0.224024411841521,3572.09348808755,1,1
395,0.5,0.507036759140614,2.35071325740584,0.710846770265012,1.00240203805741,1.83982237328275,0.0491299207646913,0.0426734620461055,0.0643434783682891,0.134066682927318,0.22766523938667,3529.44795506584,1,1
396,0.5,0.508042051779956,2.33147938358608,0.728338640627464,0.845179368676961,2.15681944988212,0.0459958139285777,0.0404739994285631,0.0630558194265127,0.144887161057956,0.235478516846091,3537.78510364117,1,1
397,0.5,0.506430065081469,2.26297295275364,0.924866035330699,1.2924169505179,1.67534484397557,0.0448778886929699,0.0454589820204966,0.067379201040553,0.134804610348818,0.219253668487998,3597.75205359283,1,1
398,0.5,0.536340753120162,2.38892141014124,0.694032679892933,0.952139265681692,2.2133936254147,0.0421588298954362,0.0433361882526421,0.0648567756822477,0.144050501593105,0.242203870090901,3588.17053724013,1,1
399,0.5,0.547170407781247,2.26287439671113,0.851754923131904,1.14884160148445,1.94675775750435,0.0389998433757435,0.0447057887360944,0.0656640784481963,0.140965174021969,0.241100085232123,3536.05145676255,1,1
400,0.5,0.498086663409039,2.28691593767121,0.832379179558799,0.758985965288256,2.39972533051971,0.0473971300875717,0.0413376808227662,0.0629772394402944,0.137667720217625,0.233216215640058,3540.27706577248,1,1
401,0.5,0.533206507902597,2.33604998635903,0.780830538616532,0.967709388766771,2.19308739123063,0.0450535265335854,0.0410312726786682,0.0625711437538604,0.134744072420666,0.250190531469709,3535.62974737256,1,1
402,0.5,0.485233117267586,2.28257577120567,0.804565792529946,0.988622400343475,2.0851998984105,0.0498598567304656,0.0442794079919373,0.0667068057004305,0.13042253033305,0.238963682197312,3523.27884123475,1,1
403,0.5,0.539245245890732,2.4367883041996,0.574206468276051,1.00335560584144,2.13741809638558,0.0421724563819032,0.0426609469710034,0.0653791968267531,0.139305679645187,0.23526529154196,3572.97770873076,1,1
404,0.5,0.480150593803525,2.27658788159035,0.831991232445628,0.977401978172416,1.97293077907601,0.0516943173994435,0.043209396200509,0.0650812894675142,0.132661480043629,0.231690155238188,3536.95694779026,1,1
405,0.5,0.444633910592933,2.27357029379998,0.845483852327164,0.866489931375195,2.05528322775138,0.0576355821317675,0.0413613839211626,0.064117293574796,0.131169761479657,0.241692072569287,3508.81341825271,1,1
406,0.5,0.37381906268342,2.27495334059242,0.876062027201258,0.918494715855105,1.89040197079042,0.068024193873644,0.0423294292646507,0.0645673911095689,0.128851753744264,0.215772505032126,3555.97399493268,1,1
407,0.5,0.543418072485438,2.3219947771462,0.804877494405714,1.3402937331626,1.70868519944174,0.0382617974860139,0.0441181233031195,0.0663879056279285,0.149693408728043,0.23215016502311,3603.41206992385,1,1
408,0.5,0.455273668640777,2.29152666689678,0.820693244118136,1.06324054199641,1.7199188686828,0.0573936328642491,0.04358195244764,0.0660935988150813,0.125081641075286,0.219865295516307,3531.52664246434,1,1
409,0.5,0.5363676269778,2.25981344932609,0.843425546997455,1.13563304857883,1.92115799713803,0.0427060805876324,0.0432145048327023,0.0643588552039171,0.131591311139068,0.23194455292064,3520.36161383605,1,1
410,0.5,0.484298255008696,2.31435582612327,0.814246298292126,1.00492810615508,1.99530026146528,0.0488415966441785,0.0424820546960573,0.0644008276498299,0.127772048782301,0.228524577361036,3544.48445726858,1,1
411,0.5,0.479897563734889,2.35734510842538,0.764215373636907,1.00323827859475,1.98755629039969,0.0499256093686892,0.0418069163804799,0.062812891205282,0.128536708218765,0.218832603137245,3574.61137247478,1,1
412,0.5,0.495658324113395,2.30750124277127,0.79110509868645,1.07950137303018,1.96237747787114,0.0465074202575688,0.0435324193959553,0.0651536000196252,0.131746939799836,0.225504697925158,3547.08998442199,1,1
413,0.5,0.518387042169472,2.39304352794236,0.636157251780746,1.1006409080347,1.81388853446992,0.0451556354655513,0.0422418610126293,0.0646529785508138,0.134754700704386,0.227798708130862,3553.7240591691,1,1
414,0.5,0.470695581848628,2.27761490282455,0.8621766111379,1.08679655076571,1.92276695306679,0.0491663446926704,0.0440396705157796,0.0640906840136406,0.132578246486415,0.215080478116916,3585.30905524036,1,1
415,0.5,0.455294298653348,2.26750968850781,0.844326238357115,1.00459220058529,1.83028061685925,0.0530520118549303,0.0425756610783633,0.0652888576994454,0.134450780211395,0.223125045221821,3536.58190094765,1,1
416,0.5,0.522063390749953,2.31770798451303,0.776079398197664,0.988884836053762,1.85373233352657,0.0473915830450431,0.0412155470873667,0.0609022046884622,0.131841625839879,0.213470148929499,3533.51235138354,1,1
417,0.5,0.474498730608168,2.28028078376603,0.811391186448704,0.948642588698764,1.90794110051789,0.0526956504362806,0.0430622478905386,0.0652473517273963,0.132433942852394,0.228447158760387,3519.53057189191,1,1
418,0.5,0.550848970457877,2.3667115754445,0.745911346657709,1.34970159955485,1.48305062504108,0.0407426480364748,0.0434138399228098,0.0656185078100372,0.13979148505349,0.221967312455027,3600.19628041349,1,1
419,0.5,0.563841208931355,2.33100715073902,0.762271732178221,1.06865568432964,1.90472093965969,0.0423161962459302,0.0413894826669668,0.061460413105674,0.134899070332333,0.237870027469158,3525.04805660303,1,1
420,0.5,0.50678828785979,2.30868796764935,0.838749379886651,1.15546064959876,1.86564509566016,0.046081286148352,0.0435550571938858,0.0654124858548214,0.131681037236957,0.224261677293509,3584.1960287114,1,1
421,0.5,0.473634850809321,2.22941354688786,0.924607604072275,0.893910139523702,2.07074881271988,0.0503581763473678,0.0426424103765807,0.0640955225542368,0.14079468210095,0.224251882642215,3551.972077389,1,1
422,0.5,0.497812649421965,2.27788222155947,0.859215736270788,1.28873771601726,1.57352245555439,0.045686267874518,0.0448442858558543,0.0665250281983829,0.131114013594858,0.218031338187767,3571.02936959163,1,1
423,0.5,0.521499197760522,2.31613801138075,0.815543109921139,0.709618854285151,2.41944819380579,0.0446004872597621,0.0399811109355737,0.0611794884470131,0.142073666249106,0.229525969642262,3546.13647129951,1,1
424,0.5,0.445244526123566,2.37158067796597,0.667281199167392,1.03561800585714,1.64099489748623,0.0588096029935066,0.0415144139360796,0.0640464490214626,0.1329761890745,0.219633877288724,3547.1176873627,1,1
425,0.5,0.483395215041841,2.25618977443363,0.839676031100174,0.978033046266344,1.73873855049066,0.0527208594164016,0.0418078869922794,0.0636669801559269,0.135292808313176,0.23304608256213,3501.24365570278,1,1
426,0.5,0.416289658843338,2.35629481681456,0.772107107919559,1.01770946306535,1.96942156029157,0.0559281741916182,0.0434944065305657,0.0659985207021694,0.127274696405968,0.209295094454238,3612.26667958107,1,1
427,0.5,0.462841470418038,2.32892027874436,0.752331754391414,1.05818128005026,2.08461800889497,0.0468492751047255,0.04388152427117,0.0675194941179895,0.131919476013707,0.208549564441469,3595.28161571991,1,1
428,0.5,0.391272680382074,2.31603653216122,0.78151212656374,0.862987575357309,2.12294828909746,0.058995090360669,0.0441499878911274,0.0669929491114806,0.132543952454832,0.217601097795406,3577.06508039442,1,1
429,0.5,0.525669020090984,2.2954063291891,0.854998701700766,1.06368876838282,1.96700928332384,0.0448956909576194,0.0447710390470418,0.0660254211536066,0.137978619111882,0.226976769809098,3583.83008587157,1,1
430,0.5,0.505948608833315,2.31723383822195,0.774836872583965,1.12427268726573,1.69763256710824,0.0483646663478912,0.0434398643564309,0.0646548144911256,0.1298584727339,0.22479847084961,3542.46985283941,1,1
431,0.5,0.423007710064115,2.30608484608703,0.788394742520326,0.973171980955075,1.92370416223072,0.0552240800357804,0.0424305591980964,0.0654300090118879,0.12717647734421,0.217435733426056,3536.19329415749,1,1
432,0.5,0.548143467156411,2.33876497014858,0.744947461537176,0.732512644485225,2.47769027872206,0.0416736400816415,0.0406634958578726,0.0633001683147339,0.143438007069254,0.240705318484903,3527.44133032286,1,1
433,0.5,0.473069777855708,2.30870326007854,0.821601618221269,0.92218191250795,2.09157885976323,0.050675909923468,0.0425673506933038,0.0645550563966118,0.136247072237539,0.230920462096906,3565.60936902024,1,1
434,0.5,0.488176372473545,2.31590159723698,0.770885179595694,0.885862897299375,2.10677644979477,0.0506158357318023,0.0409215799866368,0.0626099982122505,0.133935402829494,0.227484833313038,3538.80355249749,1,1
435,0.5,0.543166317988529,2.28590722811494,0.741736310668873,0.985523121764956,1.9308019798813,0.0438627566978217,0.0421692145797476,0.0649182227487053,0.133369819685282,0.235766077397695,3468.18205407628,1,1
436,0.5,0.484367178743783,2.30879620155399,0.79506225299312,0.883384528762361,2.2430707074127,0.0474756599204497,0.0426914851512435,0.0624956757583113,0.131171630804888,0.222798455158672,3545.78252733015,1,1
437,0.5,0.553423014824146,2.29185783486397,0.789263545335732,1.08732515372359,1.7867613207687,0.0429738158275306,0.041826388017268,0.0635311034477794,0.138241492869582,0.237109396710465,3511.17029900919,1,1
438,0.5,0.546726878602885,2.31312555573954,0.785099271714634,0.948786336000292,2.24668999598536,0.0406967847111526,0.042900784351187,0.0631578223238975,0.136798610549696,0.238339928025141,3534.62911701398,1,1
439,0.5,0.454086298098692,2.34239974448825,0.783630001531669,0.920842713251763,2.22813428907658,0.050868766479205,0.0418078452858983,0.063604284836999,0.128782799230389,0.219492968649723,3580.96752958716,1,1
440,0.5,0.486588509452925,2.30037345283272,0.78248124393683,0.736014192614262,2.40697009457485,0.0469224959975,0.0418251435826337,0.0637831676492842,0.14087205405669,0.223478086107782,3548.90712018984,1,1
441,0.5,0.491675579393744,2.35773721552232,0.728377513699688,0.953166076939459,2.2171746413795,0.047548026251243,0.0429746032389774,0.0644040738552338,0.13160992981265,0.237261382936181,3561.24744595235,1,1
442,0.5,0.478184589682884,2.27097719230345,0.805689437378154,0.909698812787882,2.12410371781398,0.0512294730651541,0.0426477218574673,0.0633329573734075,0.130599788707247,0.236729675416216,3508.01044357332,1,1
443,0.5,0.511261688265629,2.248759135658,0.869794682202444,0.991319125677229,2.06190494158113,0.0447274754326728,0.0425346533824855,0.0637990230611451,0.13236045321352,0.225582470300157,3519.83214261126,1,1
444,0.5,0.531612452977057,2.23316008657532,0.889149843825459,0.847350056842186,2.41069025585625,0.0409870874259695,0.0441514991060101,0.0654842577002454,0.141749314278772,0.235032860647388,3539.7752898965,1,1
445,0.5,0.444977178161506,2.3236396524269,0.762499442610354,0.76699716640249,2.23751323359919,0.0513495121194768,0.0412730631044982,0.065521743445447,0.133297648592931,0.210364011705723,3549.38364808595,1,1
446,0.5,0.502447141489927,2.31093407151814,0.788932286181061,0.856854067666567,2.15182105760173,0.046237369938441,0.0412893835961562,0.0634567062298006,0.133741204298361,0.222487788161336,3528.69003354134,1,1
447,0.5,0.527739746907356,2.2276067153009,0.929868446864295,1.00897538927342,1.94817822528733,0.0473701286238379,0.0426095375238029,0.0643759739709586,0.131386916547683,0.240131056168001,3502.97132695058,1,1
448,0.5,0.491065264041115,2.30318235512797,0.827810950369299,1.05561438940567,1.97020253440764,0.0481946367074226,0.0441294688843913,0.0668693619158331,0.131961532850828,0.227410927467301,3568.54051300719,1,1
449,0.5,0.537280838008214,2.3068393450397,0.768004941826712,1.09642333469413,1.96529625639006,0.0422278691398482,0.0427161341067892,0.0642516544151964,0.135721840095033,0.224221143349367,3552.24300832227,1,1
450,0.5,0.452923331824077,2.37296457523345,0.670757408340961,0.911514590578852,1.85226966816912,0.0561544457878307,0.040283971114935,0.0622992822890343,0.129603032949806,0.218520413025468,3528.25191724349,1,1
451,0.5,0.553120112559711,2.2870058843644,0.799462728424672,0.980421594369761,2.20823091893159,0.0404595247549974,0.0436037024016568,0.0656004611537371,0.138442366526239,0.24479949049213,3528.14025628948,1,1
452,0.5,0.555689424481233,2.30672909255502,0.760714626561589,0.92382554357989,2.01884871930576,0.0416399299896138,0.0409295038272057,0.0601508281427859,0.13731912690543,0.230252684292665,3511.92535591323,1,1
453,0.5,0.499925668953585,2.34714754512015,0.75452544184009,0.890141508914084,2.31694598608625,0.0437827220048774,0.043384434453319,0.0639352396089549,0.141627251365808,0.227825931175669,3596.3392233129,1,1
454,0.5,0.502957604130208,2.24957566251094,0.846943877296369,0.798998827382743,2.21321477490139,0.0477933288708087,0.0416248320857946,0.0620334351690069,0.135424671278465,0.231072799385671,3497.32272004407,1,1
455,0.5,0.513081049869428,2.37161837035671,0.718429329983194,0.916219755646865,2.20621009021054,0.0465401511659405,0.0421949797998449,0.0627919156184172,0.135166332059157,0.24675154729549,3554.76738390041,1,1
456,0.5,0.547062553359581,2.28689960465134,0.836331988300584,1.0192982029203,2.02094219572817,0.0414948255863555,0.0435668428247645,0.0634737561615346,0.135555807628124,0.237919722167187,3541.18736387581,1,1
457,0.5,0.502771963261089,2.33946072533289,0.773383980189905,1.3524183770987,1.71182508363638,0.0422675271080284,0.0455565515896843,0.0691750478036213,0.135809805704682,0.212470167802432,3611.61667438345,1,1
458,0.5,0.561103574725024,2.35810137607396,0.747060328390417,1.12850157063777,1.9608939685487,0.0392201629668054,0.0426508296295668,0.0634021130807166,0.13523310014984,0.231811667980131,3571.45051409144,1,1
459,0.5,0.529088953219518,2.26636385904445,0.809223677229239,0.956808671528939,1.99959285379442,0.0450329493348074,0.0429469450132519,0.0622900491114234,0.134047324521822,0.226920762715712,3516.43917978247,1,1
460,0.5,0.53867818566652,2.25535971661126,0.830620494167063,0.643508716943097,2.47519952431507,0.043607563286975,0.0417298560042557,0.0616659217354685,0.141459039023678,0.241374970815528,3490.4453418602,1,1
461,0.5,0.320580170845093,2.33855515652504,0.728986946122405,1.01041451812309,1.80574396422596,0.0712139465254931,0.0425829539580799,0.0661590396339903,0.123498650287787,0.209225697488324,3564.6224089134,1,1
462,0.5,0.499240704275147,2.30850334203364,0.811358953280797,0.909011949200407,2.19449633717366,0.0458618636628362,0.0420255520743933,0.0640724566428471,0.137430377292355,0.229824413079113,3556.65326613434,1,1
463,0.5,0.587078646464404,2.1901976873885,0.939570692983387,1.09785681124805,2.11556967194426,0.03680518099669,0.0453172156917527,0.0649896010259954,0.138402065960075,0.242302107511423,3498.9020127906,1,1
464,0.5,0.483961038570204,2.30932812373563,0.810458113999583,0.965154144407331,1.90784193592207,0.0498125238215073,0.042072207845317,0.0633208963892793,0.135453623299444,0.219704416944927,3556.03594609324,1,1
465,0.5,0.468498438136765,2.26777257418815,0.855309928338933,1.15215292024608,1.75111513614157,0.0515581126158828,0.0434548073572769,0.0643172326917782,0.132419137247158,0.220099300446346,3563.71458479213,1,1
466,0.5,0.527295688628869,2.2275461094978,0.944343977098676,1.12458130000873,1.80857462870758,0.0449859319728972,0.043841840402377,0.0651326989366717,0.134444682076865,0.230639863742966,3541.34388973778,1,1
467,0.5,0.568528346485712,2.27740298407895,0.827440105228513,1.06186434214876,2.0977836128928,0.0394612046746402,0.0444327234084591,0.0659109288283024,0.140288105117316,0.259316995280962,3514.91868182099,1,1
468,0.5,0.521332853257632,2.29207298328528,0.842547624955332,1.07442047302086,1.98001277349666,0.0442206443356841,0.0438807257470235,0.0651123528638842,0.129790880282537,0.22087124985842,3554.63413850255,1,1
469,0.5,0.456548097985337,2.31367049910794,0.785338637997797,0.923298108162569,2.17350862560941,0.0516543290839961,0.0435491776688987,0.0673012220901977,0.124957590364417,0.211962923580971,3549.58669887093,1,1
470,0.5,0.455870917924535,2.27305139055286,0.801647898223372,0.846523941380644,2.12496527466299,0.0537011199859789,0.042792626704538,0.065571727693049,0.133643666824068,0.225591863455697,3512.70591260246,1,1
471,0.5,0.471169363694457,2.3326142463698,0.749019727106775,1.22874863820758,1.6418626288444,0.0490235984406315,0.0444752047455975,0.066323184282243,0.131175842662263,0.212429466398522,3585.27873068519,1,1
472,0.5,0.478484758834291,2.2884487132337,0.796670288311905,1.05071206398773,1.9292719624899,0.0510962275343347,0.0444047440501421,0.0666897244876601,0.128795400791895,0.227679217642472,3538.09710742861,1,1
473,0.5,0.420014259234346,2.32648344006058,0.755779914574811,0.821696189415427,2.35857004395245,0.0527846261908993,0.0426343956646706,0.0649024363945469,0.128294760019007,0.220609847996718,3546.20438059658,1,1
474,0.5,0.515845535767712,2.19181588955352,0.915460779090356,0.948202093707586,1.85468778355653,0.0468416761473839,0.0421493100592326,0.0629750114378535,0.13665096105753,0.227438259521618,3473.59779893074,1,1
475,0.5,0.485943075336689,2.21856685615978,0.867421622045448,0.738708702322921,2.26734124733555,0.048872608955678,0.0428963622778496,0.0631288091802588,0.14120189221957,0.227805782077171,3513.97418258909,1,1
476,0.5,0.54704839207277,2.33416086557046,0.772191946185193,0.840328137842181,2.33415439301089,0.0394088955366112,0.0418647509872385,0.0619462092456348,0.14933613999983,0.247993657129311,3559.54294595419,1,1
477,0.5,0.487812612161217,2.25394553567149,0.836172834555031,0.766777186396409,2.30339365802945,0.0486977329310809,0.0423137616003982,0.0638217543065393,0.13543749886078,0.230087566089648,3504.50323934937,1,1
478,0.5,0.575591508745378,2.29201717844356,0.817568643958892,1.06183661412342,2.25235208121085,0.0354681936230788,0.0441641759295592,0.0661986960619873,0.146712672771644,0.224582834297598,3583.16985794312,1,1
479,0.5,0.535239153822452,2.25039167567261,0.851447329616555,0.896353083620555,2.07694863906301,0.0457862035623061,0.0427895920765463,0.0648338229926391,0.139492735522402,0.241931979391178,3498.4416000372,1,1
480,0.5,0.463909771295282,2.28899347754783,0.852203911125419,0.910287429971139,2.12702698666745,0.0505573321610455,0.0429497258533868,0.0639262832269111,0.129810681213675,0.223349384202807,3548.27961161984,1,1
481,0.5,0.500349938355539,2.28626912677677,0.856378714727775,1.32552090079344,1.56813633543842,0.0463427884650944,0.0450271180153781,0.0661107202901525,0.129703568011324,0.224485193935796,3565.14532959667,1,1
482,0.5,0.511868153318657,2.365936519793,0.728823681530475,0.892006500303601,2.37467227810198,0.0438766359916469,0.040510421918861,0.0611310126860435,0.132834123342975,0.236589182661561,3550.6610662845,1,1
483,0.5,0.492770709451037,2.30377410172001,0.800978201738807,1.22750173765508,1.70629308643395,0.0462089591033505,0.0446062282167992,0.0666253903218061,0.131293977124476,0.226569298738829,3559.90071246989,1,1
484,0.5,0.502492375446326,2.37254185397776,0.699951323019878,1.17170733471766,2.07284403638418,0.044118487565517,0.0457318731394876,0.0676205029282679,0.133379266249259,0.233062045481241,3604.13497853039,1,1
485,0.5,0.503599497636719,2.25274254090017,0.933550733258944,1.13612867064004,1.89948379050612,0.0462850948050503,0.0429343234930274,0.0643405588372313,0.129800132324787,0.215609028022494,3564.938163255,1,1
486,0.5,0.510369161662265,2.33773755579552,0.706513799406551,1.08866688154257,1.69905942206334,0.0473555169530806,0.0419021590792925,0.0629632412081868,0.133522394212166,0.226500623505688,3524.92444482286,1,1
487,0.5,0.481104877063052,2.29432698006156,0.830180366645871,0.934949733668704,2.03812460561581,0.0477842525040135,0.0420561618222565,0.0635544748805556,0.133887824200308,0.220309575423664,3547.47614779903,1,1
488,0.5,0.527198906201235,2.32154131813859,0.772118388333957,1.03088546450268,1.89123631995009,0.0445112962857718,0.0413109942342519,0.0613961378749858,0.134109189781261,0.234622317673236,3528.3205261459,1,1
489,0.5,0.502624166632957,2.31086495512676,0.84506282131246,0.917351914014255,2.20841813068524,0.0452158065617587,0.0413625952753027,0.0643999826630395,0.139591382176657,0.223827622435544,3579.27084803075,1,1
490,0.5,0.488844787948937,2.33475375898945,0.799424081041136,0.924955393297061,2.10981509774194,0.0471596872687925,0.0427872203377691,0.064322395164166,0.135203250628636,0.222351779517823,3572.03394740278,1,1
491,0.5,0.525763827906504,2.32701378067726,0.79976089508249,1.02466769725468,2.03810408988111,0.0441079057306055,0.0419401721117704,0.0638874551784895,0.135115968515715,0.230349519703143,3552.6634128886,1,1
492,0.5,0.428706493132971,2.37308078425018,0.747642406209452,1.24988910718011,1.64142433686009,0.0547068443723769,0.0435539107072328,0.0663283030209024,0.123294781384098,0.207954297485505,3606.39559268511,1,1
493,0.5,0.536503527504865,2.26147548474393,0.904627597658378,1.08147261221091,1.98376729366165,0.0423228000905621,0.0438838198249977,0.0646094642765267,0.136747026054393,0.232495941986222,3557.1667652825,1,1
494,0.5,0.53175991045676,2.25800301192666,0.883902978564888,1.01762862533548,2.12328252047314,0.0429376995882369,0.0443100338455909,0.0658748399989462,0.134958975863751,0.234018023408093,3545.43014156458,1,1
495,0.5,0.574959756356307,2.35293016570573,0.754011880507362,1.15960126412461,1.9598200125916,0.0362185467295347,0.0419525113430642,0.0620003084481974,0.147488683265105,0.226890572861756,3586.76288438207,1,1
496,0.5,0.573572031576449,2.32277364329902,0.764858362025613,0.909344973144868,2.46080754685656,0.0357496092269495,0.0427508905857611,0.0631623197364447,0.146612239211231,0.230857421042242,3570.17502035395,1,1
497,0.5,0.564024928209253,2.34445264245461,0.781564701609431,0.99896864587971,2.19572365911929,0.0390642604441634,0.0432489147275679,0.0640673048813702,0.139271320525524,0.237478940057087,3558.78829994686,1,1
498,0.5,0.52522675142099,2.31933060473611,0.769787812848424,0.86185585675783,2.06461635538739,0.0454339447240405,0.040435074838734,0.061408897939199,0.137007223164763,0.233171497269496,3510.67458300233,1,1
499,0.5,0.509535012481924,2.28351519836628,0.848623073935643,0.9921401176426,2.011526811927,0.0480270424944983,0.0434975738641952,0.064351794923119,0.130208139642755,0.2266330026395,3550.19890321058,1,1
500,0.5,0.476056509953919,2.22567335978098,0.837031383106248,1.00857455461885,1.75966387760849,0.0533628855589327,0.0424756822764181,0.0636809903634815,0.135902873288961,0.230442590633377,3494.15482124249,1,1
501,0.5,0.544152759082299,2.26411322338573,0.785266833641333,0.91211500657964,2.15365349940608,0.0416944410226269,0.0433447396439021,0.0639101126120168,0.139308147444213,0.2326273354113,3505.84858100778,1,1
502,0.5,0.566768948957628,2.3059261849635,0.739241005161588,0.778285943620358,2.20274226863194,0.0421484216257777,0.040810960276464,0.0621093959123275,0.1431963034187,0.250167872798035,3471.64554843214,1,1
503,0.5,0.471015275442762,2.29317299460244,0.827668243495919,1.05482932425048,1.86040069432136,0.0510268798689713,0.0427232020962089,0.0646978876916468,0.132875267747674,0.221960522207299,3558.27092242494,1,1
504,0.5,0.554319856036963,2.27059252036539,0.786456916301198,0.832385827415706,2.04780094339575,0.0450227294234016,0.040305224411015,0.0602591492988906,0.140716624249503,0.251138075636792,3467.86423295791,1,1
505,0.5,0.460548288644446,2.26985814235644,0.817097471311649,0.902615260016918,2.10878259417823,0.0524633281386431,0.0435665895605996,0.0669203113975914,0.131903592373182,0.230534370771376,3518.77579275874,1,1
506,0.5,0.483097889056899,2.29026843174804,0.805974190167762,1.16481027426951,1.52202738718256,0.0533962276475506,0.0426763625440128,0.0633035013147125,0.12799601839454,0.218696511240971,3539.73710630033,1,1
507,0.5,0.471299007334792,2.37139287067875,0.679315303552404,1.03979606442326,1.83648742079863,0.0488485125286498,0.0426981227771393,0.0652059855952743,0.131645143840685,0.215684474601978,3561.19011996177,1,1
508,0.5,0.576819383251675,2.35119556864996,0.734851545007444,1.0268197447106,2.06973805258767,0.0389474117365409,0.0415065584275793,0.0616568220394671,0.141582174769713,0.249155627045431,3546.69360479779,1,1
509,0.5,0.47324792149474,2.40215934805323,0.645773847142965,1.06452685443262,1.82541064078674,0.0511708650758032,0.0414366892432857,0.0650342544562681,0.1314407007637,0.228756889752671,3549.78810308825,1,1
510,0.5,0.355903394357676,2.34071991219253,0.713524996286018,0.980193237915684,1.64936458663188,0.0732205180274559,0.0422564247883119,0.0651211935725938,0.124522557360653,0.208339390128198,3543.52849719179,1,1
511,0.5,0.48609710241408,2.25376337348318,0.855660481656445,0.948106394515284,1.90690572880497,0.0503075169854829,0.0439691455178955,0.0671359335481274,0.133617462400144,0.222925416880742,3519.38262952564,1,1
512,0.5,0.546163999597865,2.25264925824258,0.920701010681068,0.801874867754246,2.25767888935858,0.0422226767258524,0.0416134264720207,0.0625717477214919,0.139965851555384,0.225340534439621,3533.32531779337,1,1
513,0.5,0.566266228302865,2.23712497807846,0.860112694821615,0.916788097253449,2.01989819629314,0.0395105442383661,0.0418184189173466,0.064078814917024,0.147344497391963,0.234011589118712,3496.10981829692,1,1
514,0.5,0.46722486994072,2.33624315488674,0.732590430959908,0.99811653349819,1.78746742801653,0.0560289552004788,0.040816750013736,0.0625557408613269,0.12983773877262,0.222977288795501,3526.98937559356,1,1
515,0.5,0.49092279132952,2.25584097835067,0.781195094962288,0.924452348312071,1.85048620095078,0.051205519860249,0.0430362181746941,0.0641213130958554,0.133264873331142,0.222445012913007,3490.10563790603,1,1
516,0.5,0.50464581297855,2.31910538074233,0.81930642094539,1.20813736295159,1.7331461924976,0.0464977504966239,0.0439182004663836,0.0666546588945486,0.127771806591961,0.224038444801617,3571.51903822464,1,1
517,0.5,0.550285891766078,2.32610152767617,0.743992887121206,0.984076668856824,2.01573169939982,0.0426785208668961,0.0411961665695287,0.0616367815190878,0.142571232101285,0.235754029239993,3540.85410470914,1,1
518,0.5,0.426878208795283,2.35165735084828,0.698602401857454,0.674981997312105,2.3745249967105,0.0570750016992198,0.0416811332620227,0.0640856289360659,0.132466875430993,0.228668226734194,3523.46482895965,1,1
519,0.5,0.476701095836163,2.30874123881117,0.818352552209578,1.19935075367979,1.55958366890599,0.0504413797916499,0.0422951512218009,0.0630717218905078,0.127088828419992,0.208047952391958,3567.43838742826,1,1
520,0.5,0.505781421757645,2.27070329896074,0.835556163899231,1.12506114873714,1.86464902069215,0.0472909079859236,0.043836966281778,0.0656971950371597,0.129538300243071,0.232726558522715,3524.71405672558,1,1
521,0.5,0.501521400566577,2.25601707834607,0.837246981902132,0.842494969638464,2.32503012348175,0.0461024733697021,0.0423475175717086,0.0637463934052622,0.135063631192463,0.241416616347874,3499.44430540385,1,1
522,0.5,0.457073480903417,2.24960323667397,0.84073374576638,0.998742108447645,1.96833511386729,0.0517036809194548,0.0456993475797059,0.0671000871377783,0.13257609136153,0.223078529680968,3543.87337657499,1,1
523,0.5,0.518779629159106,2.30186606073372,0.807987390077845,0.879820137066816,1.96191190359217,0.0475592188802109,0.039946626974611,0.0618688699957317,0.13814710385036,0.233236607506899,3507.44132811786,1,1
524,0.5,0.457819351565538,2.2667312074879,0.800658336641657,1.08137414398799,1.64772991314408,0.0533655348589194,0.0422032711824531,0.0642951089053377,0.134207319526895,0.213232488612742,3528.97829977849,1,1
525,0.5,0.476935423263899,2.3052832898648,0.826724856417198,0.794037825144539,2.42372290896623,0.0509033836165118,0.0420041176893286,0.0634940434190025,0.132064815527511,0.244066499657432,3529.69234110829,1,1
526,0.5,0.513747324221127,2.30296905809905,0.798484944411861,0.958580026567712,2.09353299141228,0.0468344535191671,0.0410103806802454,0.0621573935698634,0.134583455211678,0.231355853354192,3525.51796925386,1,1
527,0.5,0.579713293604059,2.31106697989043,0.817308739999735,1.03371165081127,1.94047233721099,0.0400004154577977,0.0414392684932532,0.0608319347272709,0.137974881966238,0.2383866224895,3529.60478274254,1,1
528,0.5,0.470547487179976,2.39850728268933,0.65539653829939,1.1083932903496,1.87621990726385,0.0507408624885396,0.0427158279154652,0.0654277722109568,0.130035597887115,0.23007874481741,3573.31421699956,1,1
529,0.5,0.574401099675945,2.36303602692406,0.683116551961526,1.16175435088442,1.83612258935939,0.039171875723562,0.0429584058049299,0.0639968017733879,0.144134131431659,0.240235993983912,3548.71914721684,1,1
530,0.5,0.557204951329531,2.22514679246015,0.872415112733048,0.851910498632584,2.29718559002201,0.0421197497995879,0.0429957903929063,0.0638275097188304,0.141587087801913,0.245274663858672,3501.88455108837,1,1
531,0.5,0.544533530823297,2.29306798923916,0.837894834743587,0.937708632498288,2.16185529833373,0.0414870162044654,0.0424844730021824,0.0639551854850156,0.138138997287969,0.225065620446968,3544.8018386535,1,1
532,0.5,0.501072947881283,2.29084137068988,0.81425133376236,0.99835940782662,1.91614664619754,0.0479901891714207,0.0421702683242899,0.0632127800959884,0.133642370322796,0.224779548998675,3532.52507840776,1,1
533,0.5,0.498072344755305,2.276866210516,0.845032669805072,1.12875685150966,1.94184674236299,0.0471386981570761,0.0439172047874407,0.0644049358723817,0.129030882495303,0.225764342973296,3555.97754755879,1,1
534,0.5,0.566500543994194,2.27355297968069,0.807139114200075,0.823523739040634,2.3470918032533,0.039953281104137,0.0420062159818306,0.0625937052357647,0.144072116322222,0.248855773823614,3503.73770682959,1,1
535,0.5,0.582528691025631,2.31615308621564,0.783967236767933,0.951111195944692,2.24872135809419,0.0366665250548394,0.0420032343088858,0.0620812800608549,0.146569465314338,0.251415485859735,3533.07097541872,1,1
536,0.5,0.555887733360643,2.35499986609315,0.767483417454727,1.17243599835495,2.00157147716871,0.0383506377799085,0.0435444438899377,0.0662122986706196,0.136815008310383,0.232375609294518,3579.07003962919,1,1
537,0.5,0.556518392557215,2.3388482251768,0.762253637539431,1.13181190961521,2.01017002750306,0.0386751405677717,0.0437373489793251,0.065632246852769,0.136208372373997,0.224244333257488,3566.35220265768,1,1
538,0.5,0.475086016923344,2.2702790537464,0.819647047609438,0.805850333910003,2.13610993940799,0.0500858878149388,0.0421118739096318,0.0635434181160756,0.135989493834214,0.227193809164295,3516.21471796423,1,1
539,0.5,0.402941431999827,2.34011815774617,0.731252935481134,0.935038344892641,1.78765380384383,0.0645390190368767,0.0410652224774522,0.0637747479015137,0.130089613536507,0.221923825954711,3537.47338157768,1,1
540,0.5,0.500491825421892,2.26477482438087,0.828211475923548,0.94562268008799,2.10548890119245,0.045357839398565,0.0421480619848357,0.0657885364546143,0.135004467738791,0.21876313254263,3518.99846469165,1,1
541,0.5,0.519099749139666,2.31147571200421,0.752975999305572,0.961697927331816,1.86536186335612,0.0459046543125818,0.0414077295254875,0.0621194823833243,0.139961186365213,0.22212492490727,3535.83712404355,1,1
542,0.5,0.401986830644417,2.36624090938022,0.72275326217051,0.889220232284737,2.09881903041925,0.0582585537577022,0.0428181010410982,0.0652427517206576,0.131344808096406,0.217902505880939,3592.66006760868,1,1
543,0.5,0.492284835385674,2.35167060711787,0.738880997055348,1.14501089854646,1.68298375777305,0.050347821706364,0.0419051411589222,0.0643113407518758,0.135691500091391,0.224306078157935,3566.13104373183,1,1
544,0.5,0.520998048952683,2.27978963709241,0.801595401083491,0.924373251485778,2.19058031843116,0.0438794806045168,0.0427004643649149,0.0635750359455773,0.135157477062565,0.231545348995191,3520.45042000618,1,1
545,0.5,0.488281658156441,2.29959673488659,0.814333440916495,0.889440818920638,2.08969476334381,0.0513593039816171,0.0418297790868863,0.0633393096228847,0.133176910673088,0.236581615256868,3530.68256519674,1,1
546,0.5,0.462024740792165,2.34614260110939,0.730266259928366,0.937820498179856,2.03852407267588,0.0496584967543853,0.0426163237574975,0.065619463616133,0.132971671107537,0.211388268928902,3570.85757138509,1,1
547,0.5,0.530542685198233,2.27274836388793,0.804269685054015,1.09138142453642,1.82523022357377,0.0436443332425618,0.0439220657818814,0.0653797172888781,0.143967316424843,0.225072249758463,3552.12713302625,1,1
548,0.5,0.508574787083562,2.27543273959355,0.843828443167295,0.964952564688654,2.02152307846606,0.048872173954687,0.0437532356675688,0.0653297877137695,0.129451142474794,0.235721733342846,3519.00178030491,1,1
549,0.5,0.466675655125483,2.31295245330624,0.731955872108413,0.843446579550785,2.14955175083481,0.0531353631074337,0.0415538924418653,0.0645260178236909,0.132257510707952,0.234249346176615,3501.01117015988,1,1
550,0.5,0.530407688998999,2.28119788687348,0.771037039228023,0.800254845256943,2.35706682819653,0.04349065663329,0.0425537322456917,0.0648381479316882,0.138978493566445,0.240400636505918,3500.04228528395,1,1
551,0.5,0.561913266789072,2.39418898748282,0.642415606768827,0.903508261508631,2.1554147188368,0.0423452231420288,0.0402104867871391,0.0602906467168468,0.137801518297741,0.243680166615916,3525.24581062923,1,1
552,0.5,0.453093764887174,2.33960466675576,0.787375985389047,1.02084124434529,1.91727827307704,0.0524311904495087,0.0418132553972438,0.0639883412049505,0.126692077035627,0.213947976264465,3580.221328417,1,1
553,0.5,0.492692424780185,2.35319622254118,0.707399609149138,1.21509756077746,1.46827845162379,0.049621843614817,0.0432093353717106,0.0637452056402975,0.133825366921791,0.218499532624109,3562.91029682841,1,1
554,0.5,0.501372763461268,2.28861002880277,0.796153488157949,1.07411013262096,1.88659771788987,0.0454195646523241,0.0423463356422811,0.0641727852812104,0.136769213137217,0.221950206836144,3543.34663883059,1,1
555,0.5,0.43330819059399,2.30956724625718,0.760151030332474,0.876132159045055,2.09887883100277,0.0573435648788732,0.0416761627178315,0.0638879182320874,0.126146703467756,0.230676959062081,3515.84086594567,1,1
556,0.5,0.553345878476672,2.32303921244995,0.76511585878622,1.04028911185636,2.16479003740398,0.0394411028229628,0.0435152258803206,0.0648152202133487,0.136851867445498,0.231934682231363,3545.59928211633,1,1
557,0.5,0.438563823130549,2.31412878963501,0.802928459178025,1.11739696013523,1.79651758076487,0.0554312281782539,0.0441658993378911,0.0671634460989168,0.127797507316008,0.218563569295776,3579.22735528405,1,1
558,0.5,0.441562434760125,2.31755912927953,0.788564883800121,1.00158905290252,1.99165188340731,0.0506564432334748,0.0427472703276616,0.0666160227333158,0.132625949947951,0.217721835868583,3560.72942241551,1,1
559,0.5,0.546066245857679,2.25027167061374,0.847954859006933,1.18775392228034,1.58228371798762,0.0433512682147834,0.0422665925846688,0.0625814016991048,0.139232178842731,0.227661640931023,3516.91850860313,1,1
560,0.5,0.538663729612204,2.26216014026613,0.845261392006046,0.960547358303363,2.11280076260448,0.043436777123074,0.0437227600502793,0.0656966803734293,0.136357626778899,0.23639052338824,3519.74349116348,1,1
561,0.5,0.48320393177566,2.26934304360513,0.790538102753486,0.995669501463785,1.90419405417531,0.0490855798561971,0.0438272477802953,0.0656481934207505,0.13414109016369,0.220838507644352,3514.02568075507,1,1
562,0.5,0.443068089775139,2.33054442028339,0.779640355371023,0.789110380836661,2.12698389101413,0.0568809129858676,0.040832105469468,0.0631110530346058,0.131902412626402,0.22737960146036,3528.66374436675,1,1
563,0.5,0.505361786770469,2.25724922327302,0.817895335697235,1.1280484864298,1.62991216364981,0.0493303105958178,0.0426104363589531,0.0643121996203092,0.130298706296559,0.217471005365602,3506.61052292378,1,1
564,0.5,0.531628503370926,2.28023265565805,0.847527917711751,1.13954630576435,1.98263646132677,0.0409964757232496,0.0450925664487113,0.0661907720159268,0.136901140495356,0.23177221243196,3561.17452195495,1,1
565,0.5,0.486195734513402,2.30464199707996,0.784914802110273,0.857711975158167,2.17324079801716,0.0471397456073874,0.0421783051508814,0.0629876438215528,0.136716864099121,0.227771768715695,3544.90087000843,1,1
566,0.5,0.573891121244236,2.29055887140561,0.780648830313264,1.00530980108364,2.18477723130428,0.0395814615664859,0.0430599194919161,0.0653136323387517,0.138642679869936,0.260157122637381,3492.28171956686,1,1
567,0.5,0.48411991079449,2.231414647884,0.929574668758762,1.09406105564911,1.8531423726802,0.0469665264220725,0.0443028437629634,0.0659503200696502,0.134543407042564,0.215062004475389,3564.74340986159,1,1
568,0.5,0.410408093492596,2.33389344327764,0.74464330201528,0.917785117703176,2.05327566998532,0.0566776591543946,0.0414656513244559,0.0633667165238935,0.130353509164192,0.211104034769195,3568.40662597436,1,1
569,0.5,0.492170891329331,2.29498120444675,0.830969973645274,1.03137823687072,1.95073495785277,0.0474199777612488,0.0431509339481316,0.0642191158301816,0.134550826368608,0.229435157690722,3559.82138639647,1,1
570,0.5,0.38643950562698,2.26257851170265,0.819821350572118,1.01444892173363,1.82436828558713,0.0634493463953802,0.044069355393999,0.0684979631488512,0.122352039901857,0.221186990111769,3513.2978221931,1,1
571,0.5,0.496779243735035,2.33714061723798,0.729162151976963,0.927668750449876,2.00107924846897,0.0502980548859383,0.0410565762432889,0.0629808772382528,0.132370759282303,0.244099729316269,3504.19762625656,1,1
572,0.5,0.514256202894994,2.25959709121436,0.839100981902493,0.981848294933659,2.05598143429109,0.0445447132678715,0.043055455412732,0.0641261402592846,0.137103330621537,0.224393407496516,3538.91000649925,1,1
573,0.5,0.460857074333653,2.33109163222132,0.740296797492226,0.950929313672223,1.84272149367217,0.0553969526406969,0.0410550265145353,0.062996764752651,0.125605513181047,0.220184165063633,3507.83025879475,1,1
574,0.5,0.480043272064168,2.36904372579631,0.706400291256106,0.919860856557038,2.09747665389939,0.0483195607929564,0.0416097502473731,0.0637840218890257,0.137373787564983,0.223660012574,3574.80875050521,1,1
575,0.5,0.369379958224157,2.25171420108331,0.944573141956821,1.02113173071676,1.91577830958287,0.0615215798584126,0.0433313435843012,0.0647661883045757,0.12696356019909,0.208182196518829,3593.15526344527,1,1
576,0.5,0.464460570852867,2.36724444027101,0.624116158069559,0.913464267817779,1.96622597418847,0.051528936958481,0.0427286015558701,0.0647591241038913,0.134885380330079,0.226331111255247,3535.01905711085,1,1
577,0.5,0.436598106287703,2.31008147024541,0.755073012202712,0.965195852405112,1.88402489591754,0.0558498968916817,0.0433652307904257,0.066718249686514,0.130170181838489,0.219284989255455,3533.09528017448,1,1
578,0.5,0.509551296008409,2.31547195581036,0.83796994221175,1.31244983098913,1.67939500724489,0.0416088207057959,0.0448220579738303,0.0669950937497282,0.140227745227204,0.214383627232227,3627.0615702302,1,1
579,0.5,0.59620040051995,2.34694716442834,0.722090148609971,0.827824024170848,2.48256998477885,0.0343785477606914,0.0409220187909148,0.0613251746349574,0.145887614982461,0.247170278792998,3521.80767843458,1,1
580,0.5,0.486694582511124,2.23977630711109,0.900101326974248,1.11821393316672,1.71971726135379,0.0504242112813482,0.0432767863153041,0.0646816262221565,0.131866813629955,0.229645853830004,3532.07832852643,1,1
581,0.5,0.505715562415578,2.2916208094683,0.766153799901306,0.671615496307334,2.41872143433308,0.0471314787730566,0.0417080173428158,0.0633840522944255,0.141069598703414,0.242408443000528,3494.21207056134,1,1
582,0.5,0.543585477352377,2.30728840943562,0.828477507365121,1.10423082269419,1.87601789154988,0.0422488637131997,0.0422259207063919,0.0632483603727601,0.135924204248233,0.233263832256163,3555.41291148034,1,1
583,0.5,0.551748991434467,2.26838307866802,0.840014754859016,0.851888993285816,2.38418417375402,0.0395004185388838,0.0426907081877519,0.0637987199586577,0.140098654986589,0.241728899931877,3507.64276999265,1,1
584,0.5,0.408518082826104,2.34952484354465,0.722303267220631,0.869351676276809,2.0697627543817,0.0576043274946452,0.0420245635594209,0.0646297669487152,0.126483481702,0.217100387594401,3544.4477663115,1,1
585,0.5,0.555642705921157,2.24413386556239,0.93016867324711,1.02417826154801,2.18308889079391,0.0416937559728121,0.0431895430403921,0.0636011952737705,0.135036103950945,0.252477689383727,3521.398383385,1,1
586,0.5,0.542740057679649,2.22439591770266,0.984249445948631,0.933627528669504,2.30284111462851,0.0404954536283514,0.0433750593888959,0.0649680166053676,0.13686333672744,0.237281637869714,3540.23576065668,1,1
587,0.5,0.524466241745104,2.27837565148484,0.810015746331916,1.0157450426733,1.82184660807612,0.0465025411567705,0.0418509795947517,0.0636985611280836,0.137496033220103,0.224117081119291,3517.65527273846,1,1
588,0.5,0.522117315963991,2.36507053973195,0.772721615392456,1.18909673263348,1.91356408097268,0.0447795378457902,0.0442823971829442,0.0652631941049167,0.126595540958597,0.227256460057199,3583.977121825,1,1
589,0.5,0.485273823812695,2.32953903218824,0.791290501186676,1.03322700139164,1.99116165272912,0.0487043286063996,0.0429062054032991,0.0657222789812131,0.130799240157873,0.220972273893791,3568.40713268096,1,1
590,0.5,0.512617034115327,2.31520297114624,0.812412516434514,0.93540676657779,2.2870766062657,0.042996448695942,0.0427240606636242,0.0639139056682153,0.135788330198398,0.22812050320896,3568.21707581574,1,1
591,0.5,0.493733224285357,2.37229755357474,0.675155998370781,0.989034628916259,2.02696894656139,0.0465287211205997,0.0421980668460431,0.0641667252533688,0.134888461759969,0.229094117369497,3556.16413116292,1,1
592,0.5,0.494927853556759,2.27429009067648,0.841876914794551,0.964784247010011,2.04167127968651,0.0462803134462775,0.0438253852014836,0.0665067518544333,0.138918958481402,0.217210297974643,3563.21060217728,1,1
593,0.5,0.514289377037214,2.29519080312389,0.848989928786647,0.726794446406691,2.38789011301445,0.0455889950449043,0.0399082802912812,0.0602203561120754,0.137608491693704,0.229760675239893,3540.1282401688,1,1
594,0.5,0.519529742216714,2.31678956667465,0.788747194356023,1.1412323578389,1.74561563315513,0.0434859974497993,0.0421256229787978,0.0639112454711886,0.136528536958728,0.217259803899608,3556.45271777698,1,1
595,0.5,0.541458008440523,2.28066367028649,0.789414318778387,1.16607407231434,1.52860529554079,0.0448741760303144,0.0430959939049556,0.0653265251051383,0.139332737135545,0.226293204448663,3509.99653844961,1,1
596,0.5,0.481138265398543,2.32463010631359,0.718112065671256,0.825032976793399,2.31918762721795,0.0495985296169583,0.0434571685081373,0.0657360856269181,0.133056348071781,0.237017316977227,3513.96971959998,1,1
597,0.5,0.5665404958327,2.3923649736069,0.667378201970144,0.951760193884982,2.45808266297535,0.0371147736459047,0.0423672534843097,0.0635509942280028,0.141489700056723,0.243040706612381,3571.73836399034,1,1
598,0.5,0.475691838524293,2.33962569951287,0.729524925357974,1.10918149295258,1.75634928897045,0.0511582408138319,0.0429505902954103,0.0642264637727214,0.130245114504177,0.22122170934636,3552.33790975618,1,1
599,0.5,0.531046158505717,2.35262581735032,0.748796761570463,1.07432563533393,2.00477187094072,0.0410845518578472,0.0432832254159294,0.064798087747641,0.137531330309872,0.22506864213649,3576.74351463838,1,1
600,0.5,0.468913695868092,2.21883974370221,0.924748931271184,1.08779645675894,1.69705338847746,0.0531912437035864,0.0442767373545863,0.0669335935582942,0.130409956095812,0.221806799259409,3523.29870010841,1,1
601,0.5,0.410675345673533,2.17428054700239,0.94904924311206,0.942819699300218,1.74014006225788,0.066640082086806,0.0445630362708333,0.0663615511429298,0.130313762743831,0.222306956759299,3501.28485958863,1,1
602,0.5,0.468547339721527,2.29040099308566,0.865071196082586,0.882516570768787,2.21716874732759,0.0486226780281727,0.0415099583094123,0.0641070819049851,0.130961652509745,0.218354093702228,3554.05099920694,1,1
603,0.5,0.557643070260205,2.33673219872573,0.734667937402985,1.00450005664765,1.92186268004255,0.0414767511513531,0.0407903623699808,0.0625131758769622,0.142639390073555,0.236590678639295,3519.46892887387,1,1
604,0.5,0.503840398010264,2.30867885927793,0.828853995687859,1.0280768233394,1.9901063434936,0.0434297446370991,0.0435540039164516,0.0648306906433894,0.143332059528732,0.220232507570942,3601.12467021573,1,1
605,0.5,0.448431932293137,2.36681971458718,0.727082160772046,1.20109356347353,1.66153389438392,0.0521442685491183,0.0429256168719293,0.0642433655873532,0.126192437969443,0.209420850937038,3594.28387027261,1,1
606,0.5,0.459585304602437,2.29385512752735,0.833775375362851,0.909229164928754,2.17169504742773,0.0507157388765571,0.0430027030853232,0.0636513915737116,0.12944868502514,0.217799886126003,3568.94612672085,1,1
607,0.5,0.511807208214709,2.25809785861916,0.846800080909078,0.921614301669578,1.8800131469616,0.0479442287402624,0.0411020698129745,0.0623247746040671,0.139417360755024,0.235815603250938,3493.19759483246,1,1
608,0.5,0.588202099722953,2.33013435549877,0.728780632537266,1.07926056597901,1.91461154524807,0.0364486254934519,0.0416714183585946,0.0623310198475974,0.148935956947873,0.238930786078525,3526.28363853137,1,1
609,0.5,0.525479974556608,2.36542783941891,0.689303214960262,0.964556946841822,2.09042337863608,0.0446033587915156,0.0412566604817469,0.0645204204084404,0.135086591176742,0.229658285478918,3535.63015102481,1,1
610,0.5,0.521632255633201,2.29227806338205,0.835881670546681,0.820638415090721,2.29034775434691,0.0464216175943893,0.0410966140741133,0.061077019213227,0.130495881682157,0.231779121342718,3525.45919937257,1,1
611,0.5,0.55173264156864,2.32459094675347,0.782314511532539,1.04636819897919,2.10450889330513,0.0405375710819101,0.0436309453178949,0.064512835368003,0.13517833289848,0.229834763059185,3568.35188812529,1,1
612,0.5,0.464386148529987,2.3129785618411,0.78329314371189,0.855606099813478,2.08126374727401,0.0534362593923748,0.0426905967126292,0.0637590318244424,0.13114725121392,0.223739897773857,3545.46782483941,1,1
613,0.5,0.538305263624806,2.28747002168118,0.824188864216577,1.10294105025737,1.82319929476064,0.0428688512019655,0.0430290810456102,0.0632544614405575,0.137017698704795,0.22217898864467,3558.73216013598,1,1
614,0.5,0.506818306885764,2.38779542259789,0.7116976524637,0.792843499094987,2.53839152835554,0.0441266376512489,0.041473185055419,0.0629161130132464,0.132638647584781,0.23362988303899,3567.38000399792,1,1
615,0.5,0.457832176568371,2.31838386058078,0.792112174764039,1.1777500786866,1.51255733309382,0.05316273895962,0.0421426188394137,0.0650221282514531,0.130309750474431,0.213456825040454,3559.53359087634,1,1
616,0.5,0.564066601766187,2.28310934160552,0.871264568542956,0.946529535466141,2.28897221500554,0.0388722723369348,0.0424706011262555,0.0632173496848513,0.143422155780957,0.24377548423163,3555.46168751755,1,1
617,0.5,0.464923951916033,2.29249267535304,0.82063378484469,1.00196896808671,1.88150740023359,0.0525881354703725,0.0433331228963926,0.0646296144782717,0.128975378555999,0.207916246866421,3561.32111389585,1,1
618,0.5,0.535268454075283,2.32256338069524,0.793247302884083,0.96599903379266,2.18950107058173,0.041751299503255,0.0420444533162029,0.0620511620336544,0.137929992239105,0.22539691941716,3568.08582045779,1,1
619,0.5,0.471490354842491,2.37053328750478,0.659159325458445,1.03590121831724,1.97192272519778,0.0493664811071767,0.0427230461690755,0.0650965276370372,0.132177444318481,0.2197513100064,3560.89720248523,1,1
620,0.5,0.458054599038648,2.31054765784211,0.767222607171729,1.28662892872073,1.40177235830281,0.0519902675962945,0.0445056284061199,0.0667085505786113,0.130440455615112,0.213012350317782,3570.2712534639,1,1
621,0.5,0.436983888552073,2.42570586727791,0.646145331868941,0.904165306994981,2.25743085923177,0.0542159201923421,0.0407219762732493,0.0626616273645522,0.123517232361237,0.224492315715231,3564.9321191412,1,1
622,0.5,0.481202348708001,2.36538341056345,0.688223157595118,1.0541144260791,1.82304429460815,0.0509773184543706,0.0417130331751324,0.063178829442657,0.13040615181702,0.218352484840447,3555.88193923994,1,1
623,0.5,0.523717594435081,2.27165481997076,0.832440091409139,0.98332572729925,2.1529049618368,0.0434902994966851,0.043216923562761,0.0638578714378413,0.135741346938618,0.238388209317073,3531.69878000739,1,1
624,0.5,0.55426208585962,2.31512426545098,0.821962109029054,0.952052721660809,2.47014081390893,0.0385359313455981,0.0431460712523421,0.0643155799081484,0.137163873583004,0.244588897285337,3542.5446455658,1,1
625,0.5,0.477653056512229,2.32629517150153,0.785872350700516,1.21507148545824,1.63294450560275,0.0486751860012948,0.0445274174421836,0.067960229025241,0.135183838455015,0.216466595692049,3589.33284072663,1,1
626,0.5,0.509905514723681,2.28835947210319,0.771644191011588,0.934871280695981,2.05051975528452,0.0462748693795058,0.0416059716590124,0.0635248022082588,0.137013063254267,0.231498219837216,3507.42945482735,1,1
627,0.5,0.464957201453498,2.25539158308482,0.902337255746995,1.17250532147941,1.49649620548704,0.0539080913822818,0.0419178631871419,0.0633057852298186,0.133388858123764,0.210541365943561,3553.02907357271,1,1
628,0.5,0.465040813879423,2.31222414090958,0.801258141349488,1.1202919440972,1.82529641485853,0.0498460005919915,0.0438764800879268,0.0658548131612602,0.128115721935061,0.21237671698198,3580.08411159864,1,1
629,0.5,0.506922844568305,2.29048151696946,0.832192109934262,1.25031773740055,1.59939707878788,0.0462443402423525,0.0442722601201175,0.0664756867712996,0.134405876815325,0.212854182779059,3580.11357323941,1,1
630,0.5,0.514678265812997,2.32776823069189,0.747645319551102,0.856032738295556,2.22431098876097,0.045143726877598,0.0424617240403937,0.0655351715895635,0.134733749972802,0.227484909015482,3536.90688093728,1,1
631,0.5,0.484454510710526,2.2154292457604,0.925227170339749,0.950551312606919,2.04883479024486,0.0483110269415182,0.0433189156556124,0.0647284784832357,0.133813749587211,0.232275312713174,3514.87086420075,1,1
632,0.5,0.529977380534255,2.25680563524017,0.830991637449737,1.0566905586221,1.92126748588454,0.0431887661797758,0.0436240884097833,0.0656692786364893,0.143543518432246,0.23129806967102,3536.85950581348,1,1
633,0.5,0.532719371621241,2.31822948716793,0.805888234348336,1.05492622459765,1.87631185888177,0.0417562077772122,0.0417562017882727,0.0642790166091541,0.142586559200883,0.220463720330581,3564.37488610294,1,1
634,0.5,0.468950073052389,2.26825876291645,0.867848417063457,0.786468434854909,2.33251387113788,0.0494807008461791,0.0423862572718523,0.0643732765706464,0.135591568017788,0.224171543397649,3544.05970006277,1,1
635,0.5,0.464725065345884,2.32004257348395,0.746863755877901,0.907011774107892,2.10393857757213,0.0508463021477148,0.0432074463910587,0.0644971668254886,0.134589954632932,0.226827665628908,3543.0581986392,1,1
636,0.5,0.471257576112835,2.33871543886392,0.735487031233411,0.898071888332746,2.15280818058431,0.04906162682206,0.0426567889320766,0.0633591934567259,0.132204441981355,0.229747297555139,3538.57794049333,1,1
637,0.5,0.51513309777094,2.25047149678694,0.868542768068642,1.05646491028929,1.92688427093978,0.0452560448351747,0.0444732160077586,0.0657336274547865,0.136251963061647,0.235897622315144,3535.54098744168,1,1
638,0.5,0.534666899813899,2.215552396793,0.9154937584126,1.05381101508261,2.09739541394197,0.0422383500477171,0.0445574724965459,0.065988499754401,0.134216962944384,0.24213292688658,3509.96211453338,1,1
639,0.5,0.487766267233851,2.34963012165538,0.671573620481762,0.928647522915041,2.15657196059403,0.0458412392113594,0.0424261954517684,0.0658483946158575,0.130470063170701,0.214195315446662,3546.48727616461,1,1
640,0.5,0.451131145423226,2.32550477746321,0.797294550789257,1.10044545260371,1.7613833850516,0.0533787093360331,0.0437535934429041,0.0646589904203618,0.129288301038319,0.220907797741952,3578.99699096115,1,1
641,0.5,0.485853257610531,2.22193948378494,0.940797955919432,1.01609207047071,1.90694792571012,0.0481020784904093,0.0428901842004386,0.0647207811628327,0.143143534907489,0.22203476143122,3566.43115923309,1,1
642,0.5,0.431860308920463,2.24325982264567,0.853937128305448,0.870659836683878,1.99044733468181,0.0574525135691743,0.0416013394369026,0.0636095281964889,0.136056187709404,0.224258281452547,3529.31570271665,1,1
643,0.5,0.542431357642051,2.31895609925937,0.827591774963196,1.12795962955153,1.93489310724515,0.0403371798582102,0.043638750091368,0.0645937447395438,0.135227532446941,0.212878831910734,3591.09489634178,1,1
644,0.5,0.527537382443455,2.28550154832394,0.825045082277546,0.834202289980064,2.34097513871506,0.045813169156133,0.0442633923387265,0.0663233623715192,0.136116514651413,0.250504041404864,3517.88037629926,1,1
645,0.5,0.476141639218942,2.32932521308024,0.765661412310037,0.855898315719664,2.12467847350746,0.0490186093958689,0.0415932105208534,0.0635761597157974,0.138953218685754,0.223999557058906,3561.08656402844,1,1
646,0.5,0.430300160977316,2.30806337815561,0.82605663384247,1.13416824590183,1.76688634527639,0.0545190625168045,0.0441697586363153,0.0657113329732781,0.12394938650466,0.208877567784041,3576.30435822179,1,1
647,0.5,0.568092040783299,2.26818323956413,0.834539700272154,1.18360792157935,1.80258638188568,0.0398777753347941,0.0444480337997726,0.0649807765318347,0.138031232190233,0.24072401835973,3530.54428663473,1,1
648,0.5,0.493061670095745,2.22907549736198,0.836297930689962,0.998764744960182,1.78700853750612,0.0504889201935938,0.0422625173750948,0.0639334683173972,0.128699210310424,0.229482396820303,3463.87728777016,1,1
649,0.5,0.532012602280364,2.24424672802751,0.903900399952066,1.03976558009961,1.90386254695257,0.0428768672854,0.0430125046103364,0.0643472713741804,0.136513569507062,0.222778568027622,3531.29315691013,1,1
650,0.5,0.448556597579217,2.37402011565744,0.668451680892253,1.14679130519701,1.57758036985874,0.0567626929917788,0.041905741581598,0.0639010149423113,0.125769107605918,0.213719714869598,3556.03874230617,1,1
651,0.5,0.529695029201356,2.25745406117105,0.872324279848245,1.03551771061974,1.95051588952742,0.0439735561797807,0.0431248553022597,0.0638042999715009,0.137223356175901,0.237303869586634,3525.79097690144,1,1
652,0.5,0.453999767566111,2.2876597918739,0.813550287387844,0.822418983454039,2.25745666749008,0.0523206798822773,0.0415439140476822,0.0629237677470666,0.132938622829985,0.228511598009934,3534.0919202728,1,1
653,0.5,0.57429535637776,2.27113428595097,0.807988708382761,0.939373084885635,1.95930317801164,0.042000451837742,0.0413050670946895,0.0615560428045934,0.144400468819055,0.234895606293732,3506.2187197996,1,1
654,0.5,0.494625825804693,2.28202483766623,0.822457391576169,0.80429013122521,2.17345839753249,0.0505024798525169,0.0400009443306242,0.0622019128556411,0.139023678503316,0.231749127005107,3526.48305474858,1,1
655,0.5,0.489862630400564,2.31409944613619,0.84932960404378,0.962021815700769,2.32402491108943,0.0453881129908788,0.043739336165789,0.065753372908869,0.1303718412398,0.2201872233412,3589.90974129966,1,1
656,0.5,0.56250627314476,2.26455359343111,0.794786480345537,1.09123851444308,1.64445388934296,0.0454671579914857,0.0421569411057095,0.0638387835460446,0.136569553415704,0.243282593580939,3482.41057426339,1,1
657,0.5,0.556763584613344,2.30331783347388,0.783779975524804,0.955317582541303,2.2656940928601,0.0388546019457471,0.0426377316700844,0.0648120158432579,0.140529724056071,0.239197292377737,3539.49226471348,1,1
658,0.5,0.488755438262994,2.23063667978401,0.900350209165254,1.11181947445082,1.7902296393744,0.0486054770842487,0.0441358491036599,0.0649290954758832,0.133084542986803,0.230515946093198,3529.88290733369,1,1
659,0.5,0.552201110437512,2.30951428814906,0.823435264706613,1.12306045192257,2.13828635011133,0.0363274893709548,0.0450045870123676,0.065462217176058,0.150864041740451,0.231210731740679,3612.23021854283,1,1
660,0.5,0.422362193244272,2.32302312676317,0.826136025036986,1.03351386866167,1.98970741127491,0.0551450004449331,0.0446253833282737,0.0683395303152176,0.130967158266722,0.221783759297038,3603.17500386978,1,1
661,0.5,0.435946802551328,2.28784610051625,0.805666317510232,1.1034792146816,1.76863881387663,0.0539794449788231,0.0440260813306847,0.0663505277836129,0.127231506533559,0.211634179481653,3553.84601120675,1,1
662,0.5,0.581211063206657,2.29153098620113,0.827447665421961,1.02372803845659,2.18014724749135,0.0369945538665056,0.0411387769598044,0.061997303214029,0.141812284324915,0.241868227078605,3527.97082415728,1,1
663,0.5,0.49359177347733,2.24091288938542,0.930418248237772,0.996355933768093,2.05784340099892,0.0490584897390739,0.0434025665124233,0.065280063194865,0.125122392013002,0.233414910229352,3522.26935340527,1,1
664,0.5,0.547839218252702,2.36272627588919,0.772063912869076,1.06433939415194,2.24497543774445,0.0395905136534027,0.0422073203579538,0.0624362507460296,0.135438262394051,0.240977003430893,3581.55711365664,1,1
665,0.5,0.529492832512764,2.32344697630076,0.733940212760113,1.18372446087365,1.58360642847299,0.0439837426153604,0.0426989595604036,0.0637384807647066,0.139413738747884,0.223553199839585,3545.08667289534,1,1
666,0.5,0.429322692698707,2.31061798514532,0.774352103582659,0.974586081881566,1.85128601570456,0.0567521616422835,0.0423096573563284,0.0646743274361282,0.132046659254432,0.21765251162144,3548.65106724005,1,1
667,0.5,0.554671567078113,2.28067205585805,0.786288447004635,0.881912960292771,2.11605667447269,0.0434875061555487,0.0425676223535015,0.0625116125077406,0.142956731470325,0.257091368364477,3505.67853355756,1,1
668,0.5,0.445398460124132,2.32732078888009,0.740735734777867,0.726906036931233,2.19776391581368,0.0574046319966337,0.0394659637437988,0.0609537030935347,0.129652028278587,0.222497383082384,3503.54575704235,1,1
669,0.5,0.493217847081954,2.35196798629388,0.659589551542089,1.05305617739641,1.92371265233307,0.0452823453837305,0.0423265990134096,0.0660172598200468,0.138978235640634,0.222120951430989,3553.10092188962,1,1
670,0.5,0.540921017224179,2.23954470892367,0.869411754784815,0.735572173496989,2.46076219491811,0.0423200896227073,0.0419470081971218,0.0619589240676164,0.138897919933388,0.240776647784418,3497.90236236709,1,1
671,0.5,0.527296377988981,2.27673235409573,0.863425370310674,0.961389794844744,2.03493366802526,0.043336985337102,0.0412773508205358,0.0624838370089628,0.138266078044467,0.22343234130485,3545.08775620574,1,1
672,0.5,0.475162127389556,2.25040878195824,0.850034668885499,1.13544570231612,1.57635129656163,0.0519350639754111,0.0413513814941718,0.0637398872646016,0.131553176173972,0.219974360755169,3508.97505624087,1,1
673,0.5,0.548593569973442,2.29012155886805,0.849647822574183,0.816062851173226,2.51394425186236,0.0400976838950343,0.0438752989464923,0.0664119173925457,0.136315087264389,0.243959598294987,3523.47003110989,1,1
674,0.5,0.492261093960496,2.37847704053176,0.749167980189249,1.15133085334934,2.01089931983806,0.0447068123763696,0.0445661448945203,0.0650514060083665,0.135121031787988,0.222022608852749,3639.12848959419,1,1
675,0.5,0.518576502931882,2.28635323984531,0.804941669505404,1.13540492867783,1.91512482213158,0.0453836521745881,0.0426126851295016,0.0646951245291554,0.130020093600039,0.231088796051556,3531.06734627712,1,1
676,0.5,0.484305555355878,2.29454858715881,0.788709490398464,0.50640044205389,2.80906519844774,0.0451745043385715,0.0413209666950524,0.0628507876114895,0.146220535708912,0.241889582146442,3536.80632730832,1,1
677,0.5,0.499267606112126,2.26215517126437,0.859331983522545,0.813016435328394,2.32023113245736,0.0467746258148096,0.0420228440930584,0.0621923477337236,0.141751956285216,0.231475669880018,3549.90123543553,1,1
678,0.5,0.546733339170775,2.20496147172951,0.895473574375208,1.04354931699463,1.98224911987592,0.0424524705177972,0.0441876415165002,0.0661340895119217,0.140551896183521,0.24962631458748,3496.91927129872,1,1
679,0.5,0.538655252124239,2.27394406255657,0.743197413222692,0.763449977697099,2.16977891291603,0.045809259707454,0.0415834268473112,0.0628559560975096,0.137448873508683,0.233524176206827,3467.37041628694,1,1
680,0.5,0.548736325445727,2.26318448828501,0.851305188251335,1.01869424452166,2.1578988136694,0.0385971807285802,0.0427703722144795,0.0643967030669175,0.138498691256233,0.22944359994619,3536.33086707241,1,1
681,0.5,0.517182310899374,2.26281987762608,0.860934473903611,1.08079975441856,1.81272756030815,0.043090334803197,0.0432624638908628,0.0645462162288143,0.145435809806157,0.232516262062183,3553.43064745489,1,1
682,0.5,0.568148659959482,2.25803657292547,0.859464950589325,0.855143504911625,2.30349293878919,0.0411318636334723,0.0408899792881836,0.0610594934734414,0.138048070575954,0.253563816281006,3480.37848736576,1,1
683,0.5,0.502535892336365,2.25415428232934,0.776839744633645,0.913821512149168,2.04788919019137,0.0456038787889789,0.0436981567724612,0.0663500938187826,0.139134646297688,0.221845733828545,3503.23146072105,1,1
684,0.5,0.494569635062546,2.34300318952194,0.754202410584048,1.19323606534424,1.89229806273611,0.0461717807702272,0.0425823300838378,0.0650705979950758,0.125067017418473,0.215797770656403,3571.86124706792,1,1
685,0.5,0.502399870410133,2.2786797994305,0.820358803455708,0.949295516931242,1.87483580561794,0.0500094915858956,0.0420982199307701,0.0642726509795146,0.134913674837696,0.225734948645192,3518.87533898701,1,1
686,0.5,0.479749519672351,2.26997295867415,0.825665599781113,1.05272737966134,1.85143364188241,0.0475946655936985,0.0435290701337261,0.0661374334209412,0.133208597792599,0.218268581498602,3532.36440748214,1,1
687,0.5,0.482440259417265,2.35343025244482,0.732152337610056,0.930714459771297,2.03716673489757,0.0485285595578775,0.0420205268484133,0.0629747043852552,0.13616821812695,0.222105523826851,3576.19454609572,1,1
688,0.5,0.464374615237758,2.32047208755621,0.785561098952688,1.16188571985859,1.64111314888223,0.0532661854944353,0.0434488970439154,0.0662116639338836,0.126932493919938,0.216366577621673,3560.29190487924,1,1
689,0.5,0.467248401382211,2.26788550092724,0.802563938459615,1.03358469862327,1.87616265726162,0.0518757186477712,0.0445119363532017,0.0663661313196486,0.130611183586264,0.230476771791746,3525.09624420449,1,1
690,0.5,0.567194390040538,2.34064434479476,0.770578803832479,1.27323278423917,1.6522560163148,0.0388032312199982,0.0442612610946591,0.0670873917993342,0.139665490540472,0.232890400435235,3563.92957091801,1,1
691,0.5,0.465077768095387,2.26270133112146,0.869452370300441,0.890763800652303,2.07135702481275,0.0532896251250243,0.0419487307233765,0.0623854561794324,0.130185581407232,0.22568439594276,3530.46916097161,1,1
692,0.5,0.495166838596706,2.30717117202715,0.769268539238573,0.849189517522361,2.11427473056519,0.0489931268175462,0.0412953860876275,0.0626766592738984,0.137774644591835,0.234683080663141,3523.04431430408,1,1
693,0.5,0.460896473411501,2.3067279175345,0.778492748121582,1.09166351461596,1.80267864375703,0.0509337760944345,0.0439961792125461,0.0665287356588888,0.130635157414247,0.216022712341328,3555.83961603292,1,1
694,0.5,0.536031852743002,2.24634642243782,0.868437737814913,0.83319705542072,2.17174352397023,0.0468563020349315,0.042105503613723,0.0626537988848844,0.138133260022719,0.248486063739156,3489.65599893115,1,1
695,0.5,0.468679198365767,2.2105967026868,0.917190109812084,1.03140354016121,1.88519220440122,0.0533112133728313,0.0441506086517844,0.0655945752320582,0.128342933617895,0.224099894312814,3512.52937696613,1,1
696,0.5,0.459038328501054,2.24562081680385,0.870074446230262,0.865291074841615,2.23578994494508,0.0522382046947272,0.0440135271464981,0.0655418484739863,0.134858067290701,0.24530070143615,3525.52401899558,1,1
697,0.5,0.507706232624358,2.39692903976458,0.670695726589678,1.1464563944991,1.89982083293832,0.0442195077153569,0.0436113879419491,0.0679053314043916,0.129254151062872,0.219982220545782,3584.25970497524,1,1
698,0.5,0.457033459986606,2.24556208439945,0.866763135623014,1.13241470622317,1.64084481034127,0.0520785027988919,0.0437177941568452,0.0676061117429072,0.134030830491361,0.217669725863351,3527.45789001582,1,1
699,0.5,0.48505079464852,2.31061234570355,0.76962779521987,0.971338040651344,1.85103894693871,0.0524492537876374,0.0419059980682177,0.0642165715935666,0.131207468695638,0.234822799889759,3504.37333665875,1,1
700,0.5,0.447125004445637,2.3635153930886,0.764045291172417,0.852005296558341,2.25236780007111,0.0524376551890741,0.0407076698406816,0.0631304188324628,0.133276179457647,0.23072119494701,3569.47170940991,1,1
701,0.5,0.517577632872405,2.34320387007267,0.770142543314809,0.905701242521891,2.30021871288762,0.0428843764231591,0.0424842453275396,0.0646294772549319,0.135092648622409,0.229085035740959,3561.56702443373,1,1
702,0.5,0.428980217952482,2.30152624071612,0.77680025508285,1.09682850057711,1.61853850284072,0.058455413547763,0.0426824110849932,0.0656827584098186,0.129316360425259,0.219243730889548,3547.98362022434,1,1
703,0.5,0.505194577617288,2.29123436899331,0.826306704909606,0.914956949405738,2.10693689598295,0.0477104134263493,0.0418925447836442,0.0641482227925316,0.136209069447057,0.229934048040765,3542.21117432853,1,1
704,0.5,0.478047490327241,2.32535157456121,0.755558868738677,1.00405858249739,1.94583052465521,0.0479094500617515,0.0430204703428735,0.0668353035525872,0.135181711161923,0.22142270090817,3546.66596092575,1,1
705,0.5,0.491633847716108,2.28136957613248,0.826963971970255,0.890215047378942,2.11834855682929,0.0468532175195332,0.0445145326306799,0.0652216400372085,0.135071801237991,0.225328459980195,3544.68095731325,1,1
706,0.5,0.512982232890426,2.332566825656,0.775412020405125,0.975981399717481,2.14520728395865,0.0453702048709524,0.0419581462303514,0.0636105370206411,0.131206400760192,0.226515843844951,3551.19608712064,1,1
707,0.5,0.502976347121041,2.33579802986596,0.765550123856051,1.10853634765687,1.96653529692765,0.0448641759550686,0.0437456202148114,0.0656007228489906,0.129202386093162,0.22964020598598,3554.11700847434,1,1
708,0.5,0.501857302202115,2.29016539583384,0.781548332881397,0.876492645886733,2.12602210322898,0.0474649184852012,0.0415849199494295,0.0625475084462739,0.13337581767059,0.225911093557363,3506.07068560747,1,1
709,0.5,0.488706081440643,2.34490486822537,0.695787965197928,0.715640306268007,2.32024575440316,0.0491480779423197,0.0410063452014525,0.0631215666291713,0.135693409270006,0.230527344231549,3517.86531152456,1,1
710,0.5,0.518102633734166,2.22741336227543,0.896712555227256,0.909541437427084,2.15803424862465,0.0432702597917042,0.042959873890473,0.0635874478301622,0.14694644995103,0.239688626085603,3540.09796533242,1,1
711,0.5,0.422359418363437,2.388107831514,0.713649498329077,1.07114448257716,1.99232231657536,0.0532709624067028,0.0436587560275648,0.0668452318113961,0.12457940174246,0.218458204507488,3598.41386877777,1,1
712,0.5,0.503605882239053,2.31352670675224,0.776539788842923,0.890456418377471,2.22674874275415,0.045774284964552,0.0422099738278221,0.062855552030923,0.137701509893043,0.233785208281919,3541.9364910233,1,1
713,0.5,0.580898543304412,2.31143898044,0.824633759075368,1.03912700304906,1.86472694585406,0.0402358598473248,0.0399875658992773,0.0606415283137613,0.133556458918306,0.244279613858164,3496.33577669715,1,1
714,0.5,0.567519691553363,2.24308294855481,0.920747518652518,0.917095948970096,2.37947277630377,0.0386395314016129,0.0445165605653187,0.0632427902498863,0.145650229400961,0.264358809108762,3533.26207449944,1,1
715,0.5,0.467025772720618,2.28909110733498,0.820359475827814,0.816587105276722,2.25261630959077,0.0521029777649247,0.0427107731140794,0.0632746962954381,0.127917205084305,0.231647812112969,3524.45037813746,1,1
716,0.5,0.584900142135974,2.29670598445264,0.766796355314956,1.12589947251781,1.72213397012425,0.0372811268049721,0.0426575419526786,0.0629629339010511,0.156598340369198,0.233767763429513,3534.27886670374,1,1
717,0.5,0.495697476111941,2.29815844286293,0.796083531676923,0.929412138673774,2.04770449764941,0.046849254813026,0.0414909209009416,0.0628614868359011,0.139993785828359,0.229502045073085,3546.30317545065,1,1
718,0.5,0.459572935534526,2.32882029297049,0.798337120185833,1.09767973467444,1.81567226379406,0.0513475955665108,0.0442315022609572,0.0666371270970267,0.130085638242058,0.216958108013479,3584.41263544519,1,1
719,0.5,0.546899359807467,2.34230859671387,0.727097007757294,1.23202622931684,1.63377389610226,0.0421615051863806,0.0432414812388427,0.063497995357182,0.136834985646527,0.220717162691519,3562.76382354498,1,1
720,0.5,0.549811536160002,2.32804232300441,0.755929168134392,0.959328229004043,2.03437948853079,0.0428990736134728,0.0409874206233505,0.0621061036464795,0.136879171566411,0.236307435478456,3521.9478612487,1,1
721,0.5,0.487686340551225,2.29255230034569,0.818719405817694,1.07491116649537,1.84115063522171,0.048454428275305,0.0432581899014632,0.0654679912909441,0.133524964394823,0.226735946222315,3550.53784926603,1,1
722,0.5,0.440973119645063,2.34004153758217,0.759052523015658,1.06466994096479,1.75021798930033,0.0546632946725519,0.042589287957704,0.0639628396979631,0.132225818167274,0.211125453036246,3585.23776046815,1,1
723,0.5,0.520613336202758,2.27188415332471,0.869289395082451,1.30405528224477,1.59746567235017,0.0427011844235089,0.0436625806721274,0.0645931708187995,0.137371299491825,0.220213801927579,3571.56518928553,1,1
724,0.5,0.525643636471488,2.3820851769658,0.743041722689257,0.98781653419086,2.17530338672647,0.0452792206000381,0.0412282905237234,0.0622536798675644,0.133669147615772,0.230899462271416,3583.15039782083,1,1
725,0.5,0.522195639711618,2.29174120438859,0.81399650294125,0.981218123948648,2.03508524890939,0.0437617056416267,0.0437243514348417,0.0656949051322437,0.137596505230473,0.222265872479173,3548.85291623826,1,1
726,0.5,0.556661652312303,2.27957929866542,0.801437512182523,1.03353696144586,1.87115707264895,0.0422454494108005,0.0413936451054738,0.0614331282750678,0.142401849590729,0.232231694073227,3520.36911115847,1,1
727,0.5,0.438352819260728,2.28494032031228,0.820335281517243,0.81996920950067,2.19814371006328,0.0541361728135383,0.041899040763322,0.0636114549903473,0.128108480585752,0.225437780322788,3524.63409107958,1,1
728,0.5,0.438118896195196,2.31389904675188,0.750664406542437,0.75306602467375,2.28691685324691,0.0556575251162038,0.0415420711314415,0.0641054631266349,0.130115172992796,0.222035230653076,3524.62475707767,1,1
729,0.5,0.559424373383206,2.28405905137643,0.829767382853037,1.01438825836048,1.97487685620523,0.0383380817977145,0.0417603022611836,0.0615523101158899,0.151391694041374,0.234368832777144,3558.34911704508,1,1
730,0.5,0.497077258492892,2.35990675606352,0.706025631485638,0.894334965455624,2.22252637328403,0.0469854978998661,0.0413296566565218,0.0629322784370535,0.134746332005046,0.229320984571385,3550.53016872348,1,1
731,0.5,0.557568908601498,2.32394013964771,0.772282742446311,1.24414333364931,1.85814588392169,0.0397961240115128,0.0432459032095623,0.0657909675889288,0.133706051526588,0.230458921821468,3547.26877738978,1,1
732,0.5,0.483234016216807,2.38946136312356,0.692718787641417,0.999833298526841,1.89754975728853,0.0486328070353994,0.0425112933080461,0.0642956435565097,0.132841679539083,0.230086591109397,3574.72937011837,1,1
733,0.5,0.488388162815876,2.26163200096261,0.843505945546656,0.825896084464082,2.13360065201398,0.0516814944646936,0.0414327438236073,0.06239327482737,0.133928473475843,0.222856612586949,3515.38936097335,1,1
734,0.5,0.503113459621914,2.31860835686765,0.794045963211128,1.1207594220634,1.82980226014229,0.0454037360859111,0.0421972179234417,0.0627566405819111,0.136629183208104,0.217331937244957,3584.7928360067,1,1
735,0.5,0.514644913097971,2.21748703649656,0.945316351517173,0.916044915129926,2.04862773151835,0.0465285853456975,0.0421179060117219,0.0631165859299429,0.139593036287843,0.23277619511213,3527.59168424413,1,1
736,0.5,0.48054677723739,2.3081322979882,0.810003918963964,0.850502317201949,2.25842902274501,0.0487201519888079,0.041763845648489,0.0632836869142267,0.135387440380571,0.223524126531629,3562.68420133981,1,1
737,0.5,0.528594113769977,2.33324745863988,0.738912110373637,1.10196689060354,1.94425258899302,0.0417326764497047,0.0422893590689967,0.0630363467218481,0.133427785161573,0.222603244450483,3545.33483925013,1,1
738,0.5,0.53476789727671,2.27327935267035,0.839749343104367,1.09450787189846,1.86020134049475,0.0424059845715837,0.0417089589017758,0.063709805393829,0.141976338965672,0.235523183572334,3537.56435735104,1,1
739,0.5,0.546620930097544,2.28739480118642,0.804980689358615,1.07249252071762,2.0081583373806,0.0416494986073906,0.0435179164878906,0.0653357708951945,0.13401396821042,0.243064854200856,3509.14220723733,1,1
740,0.5,0.543696060687114,2.31302798662451,0.761174691269165,0.974488223917543,2.1038181568072,0.0417230360613422,0.0422282722945659,0.06304316686159,0.14043421618551,0.23688687369121,3535.58797991842,1,1
741,0.5,0.511181505051884,2.33253405722678,0.768076431965891,1.1408971616685,1.73544616467704,0.0464294536457876,0.0431092197057733,0.0656828160540408,0.137394142868474,0.226548492404274,3567.95544488109,1,1
742,0.5,0.592298016644775,2.28594179220751,0.813519367879805,0.758267061712623,2.53100576256516,0.0353700220140691,0.041294848858593,0.0621239032433425,0.147247367945202,0.254744256698418,3496.1519819822,1,1
743,0.5,0.513435977725508,2.35167894279197,0.733940792638188,1.12261527140886,2.01906416545267,0.042829260845655,0.0428520778762338,0.0643142337001392,0.129925001717442,0.221178497743761,3560.47254907412,1,1
744,0.5,0.517377469368511,2.35830866961561,0.664166474377814,0.897672392909424,2.19153670547729,0.0483911608730277,0.0413753631929898,0.0635198067462912,0.128300007455068,0.251228048423898,3487.42610008957,1,1
745,0.5,0.499955168815998,2.29156929376634,0.808267213335816,1.23253471611841,1.59633607253143,0.04746217149311,0.04358939680236,0.0654519880452846,0.132679930040833,0.220050854849445,3552.20770659541,1,1
746,0.5,0.550916611746082,2.21304918463867,0.95386342717626,0.871794750058697,2.29494161541439,0.0408244562515024,0.04315653779641,0.0633377697318214,0.137094712622427,0.238772788091158,3516.56837187722,1,1
747,0.5,0.47317222433273,2.33564271412094,0.764630512739745,0.98470427327815,2.08044565640514,0.0491333761504238,0.043561754758216,0.0658944218327466,0.137806426044508,0.233466155815625,3577.20904140927,1,1
748,0.5,0.548508624201501,2.25686363066163,0.821772953046807,0.956116228648125,1.95656510683986,0.0444587372942859,0.0424974545654512,0.0633128331332094,0.13709973845067,0.237215684159069,3500.32843050874,1,1
749,0.5,0.448795418777487,2.28283765510033,0.793257997011175,0.844699723521876,2.10436433197319,0.0555656008215645,0.0417547881118749,0.0644786363145318,0.133954869335736,0.228001317523128,3523.57445464785,1,1
750,0.5,0.531028303685967,2.4453142505928,0.570175127157911,0.982320586169376,2.05145263524474,0.044622738729031,0.0412272590750056,0.0638784776329168,0.129772015625978,0.231828821206428,3540.60193728756,1,1
751,0.5,0.539138874542917,2.38562086953181,0.645359581127837,1.09754443992006,2.09868378284082,0.0386772653836047,0.0429496423374925,0.0648097226333417,0.142664535090547,0.235003184532235,3573.67882373807,1,1
752,0.5,0.410025585184236,2.27432356622417,0.849572349088288,0.934707225066063,1.99898262263216,0.058449310778708,0.0424646475271883,0.064972591056834,0.126339487191999,0.215334811099576,3537.17247602181,1,1
753,0.5,0.453212370587829,2.27690388245065,0.841143367991155,0.969477740955871,1.94616433621383,0.0521035197509943,0.0435227171118104,0.064351793994412,0.136800301949991,0.216092872489316,3570.84905218669,1,1
754,0.5,0.505956584188404,2.30056868827661,0.793270846602241,1.04318308856672,1.82347978197958,0.0474255018035951,0.0411502826435054,0.0609686603471289,0.134403195346081,0.225112652106741,3537.0465213375,1,1
755,0.5,0.564854359958266,2.27774223473128,0.862732066486711,0.692001950534788,2.6736000198271,0.0384646438340463,0.0420845054654428,0.062038795327886,0.147806339571018,0.264261315383782,3513.93014890501,1,1
756,0.5,0.363489658281351,2.30616758949897,0.798178829949476,1.14798091111442,1.4910573427667,0.066515525278916,0.0430906470100545,0.0658902304626531,0.123885210957813,0.209580802632243,3556.11272476118,1,1
757,0.5,0.490644779803315,2.3243192567415,0.75849750753321,1.13807929144448,1.7638591103513,0.0475024175955866,0.0426834053216368,0.0664080262301095,0.137875543651292,0.21865748318342,3566.56767395441,1,1
758,0.5,0.516636633165037,2.31469843624424,0.749768554925862,1.11274709816306,1.91021791823254,0.0426738362272181,0.0444561700208984,0.0657987161167305,0.136535759903082,0.217052975601192,3561.97401937638,1,1
759,0.5,0.518517802266388,2.28695770936152,0.861953485910515,1.04208586684376,2.05560221131745,0.0443632412601951,0.0436347783972994,0.0643700445427088,0.138526776343247,0.234521807184767,3574.86183512759,1,1
760,0.5,0.503900487286038,2.28184648283865,0.804959571815642,1.19257532392031,1.68652709442595,0.047798916893255,0.0440146966384379,0.0656843891170449,0.131786838430925,0.228773774756979,3538.72613827683,1,1
761,0.5,0.568323893258191,2.29418988710538,0.765532336726984,1.04055914890081,2.17289413216987,0.0388196532853737,0.0417743586690288,0.063331915197711,0.137057656558013,0.246327845961529,3496.15452672067,1,1
762,0.5,0.514515801803416,2.31528804914389,0.752538467046578,1.02871178223427,2.00392907915531,0.0427949628389011,0.0421755098820009,0.0635706738162342,0.145780454994418,0.228602572454319,3561.42592809002,1,1
763,0.5,0.371620458758413,2.31257244135777,0.729737304198155,0.845649018903889,1.88960779623262,0.0700330432903247,0.0405538012606576,0.0630178733969525,0.125917434052629,0.221379175887273,3500.94836047815,1,1
764,0.5,0.440817086584294,2.31134365938494,0.754882427962183,1.17622442847093,1.54603301311506,0.0567804497957579,0.0434854840621012,0.0665331525134055,0.122083728061653,0.21136204037172,3540.1162350066,1,1
765,0.5,0.462369124384588,2.30931660391301,0.702801932249739,0.872981975806629,2.00974869803564,0.053562279806475,0.0416318325127936,0.0644258078397622,0.13651082301438,0.223551267603522,3509.16159099309,1,1
766,0.5,0.490946415290783,2.27834492733124,0.825686191799936,0.67072088965099,2.52528752962128,0.0460919412710037,0.0417718927072453,0.0622891048133571,0.145235509775166,0.239539760782947,3547.47507224302,1,1
767,0.5,0.383233106321805,2.28823894032854,0.838792748283773,0.879192105543272,2.03368135669895,0.0639301615484219,0.0427356988682625,0.0643340861112267,0.126938011298551,0.223052515035988,3538.72505328298,1,1
768,0.5,0.54779024127541,2.35275933080645,0.784151374146471,1.11779413462072,1.82778998854521,0.0422789001954212,0.0421280583954991,0.0629258495827279,0.130927449641475,0.226304398523369,3571.54475361568,1,1
769,0.5,0.475651853303893,2.28461533454461,0.795428425927039,0.928966402264049,2.00325024683418,0.0526933482222809,0.0425760555083644,0.0641785582916957,0.128266910492055,0.225724775897075,3512.00747373613,1,1
770,0.5,0.473683698959397,2.28951395592211,0.812907674781661,0.966587457923451,1.97385799104087,0.0506296040523796,0.0433080487042408,0.06479152151612,0.127820126884314,0.224211234484166,3530.9792194847,1,1
771,0.5,0.461548102894626,2.22692815594519,0.889141360808635,0.865703048892417,2.27710876069686,0.0498813348127442,0.0439082688023264,0.0648224383402556,0.132456641057168,0.221374726033713,3544.43801583453,1,1
772,0.5,0.420740705135797,2.32626590910573,0.792798887715088,0.93277204461478,2.18529212807029,0.0536340212774977,0.0430876889421017,0.0663102508147266,0.131169693543999,0.229321516000021,3569.16475995142,1,1
773,0.5,0.549854700128752,2.26996693108632,0.869409662272527,1.15294476773044,1.88222990298852,0.0411855071672728,0.0432231282755778,0.0649173076207582,0.133993281354801,0.234340853142726,3542.91488098031,1,1
774,0.5,0.54232424120371,2.29648946265916,0.788640638988378,1.00167479647614,2.00083809470121,0.0425612573720365,0.0420539223785758,0.0618509590748139,0.139547943799471,0.231737121508424,3538.60225029874,1,1
775,0.5,0.470916417371139,2.26415485193729,0.81634768512307,0.906700446195056,2.16457353489516,0.0485072688780772,0.0425966517267844,0.0646231252971699,0.134507965031565,0.223031090386998,3515.22257951097,1,1
776,0.5,0.586100466656115,2.35410779806801,0.748410745000269,1.03336734991802,2.16579276820785,0.0385428761805518,0.0419477398565189,0.0622015414528133,0.136526458678716,0.262589910750911,3527.17278576649,1,1
777,0.5,0.51531288702786,2.33569007108442,0.740869625475378,0.858135618788233,2.16184262804974,0.0466434234999798,0.0407955614110026,0.0637880687565286,0.133588483205798,0.231156235573169,3521.23429002387,1,1
778,0.5,0.451629387115905,2.26518573996908,0.862683929882908,1.19117204561907,1.6179757959114,0.053542235668805,0.044651642180648,0.0678033337480717,0.132101551223047,0.220769610457715,3561.42212265983,1,1
779,0.5,0.499773609542962,2.30562500059085,0.828676743287892,1.10729594723896,1.85393759603828,0.047397288582037,0.0432198978968123,0.0638090721565341,0.129738666660283,0.220907447309824,3560.97604634744,1,1
780,0.5,0.469474485989661,2.27554975099255,0.876690347068208,1.08026532061345,1.8829181906609,0.0520807379065153,0.043655077256093,0.0666586626304656,0.128082917928004,0.212511774886091,3571.68029754887,1,1
781,0.5,0.452416103499752,2.31520881255528,0.799145892500318,0.975487199596763,1.94749059870197,0.0533158965336509,0.0420245108790025,0.0639989733892062,0.129811904696626,0.219503716112638,3555.90017887278,1,1
782,0.5,0.511115826717891,2.28847718470953,0.793927700610214,0.968368800726363,1.98475060407918,0.045402198784158,0.0436303707806032,0.0658961272060515,0.139462778699918,0.229405612668151,3536.89665815933,1,1
783,0.5,0.449345519598769,2.34015351137399,0.726198238963333,1.14124117551723,1.64830675012781,0.0549129622639299,0.0427109344757023,0.0652549130302834,0.128600545735496,0.226201832716294,3546.13686251133,1,1
784,0.5,0.565929095067767,2.41237383313235,0.666169735560712,1.12479316488743,2.12018614541208,0.0368677776598683,0.0425708259745395,0.0627975772988478,0.14460655885637,0.235165045702845,3606.98498648113,1,1
785,0.5,0.533075968760939,2.26504726583901,0.859862661093731,1.24713111147354,1.79952490519182,0.0404042391305372,0.0441972866531346,0.0639526864282302,0.139008419748341,0.225103500894317,3570.27631406785,1,1
786,0.5,0.533717634510247,2.37352818268455,0.733317392387301,1.1394906826199,1.9963420428143,0.0409306392799582,0.0433571496006166,0.0646168754619476,0.135735340272044,0.229038688088891,3590.17179879029,1,1
787,0.5,0.516451745876482,2.28585392600247,0.83815677850898,1.02334467844528,2.10401620073505,0.0424708709564655,0.042970909468165,0.064145703711736,0.136954306416177,0.219459340768414,3567.6649046929,1,1
788,0.5,0.489173158335314,2.27692981063123,0.870756427732048,1.00752015982851,1.92699065709366,0.0502147704623373,0.0431996858845887,0.063925313611971,0.130451243709018,0.223526115217914,3556.3628977153,1,1
789,0.5,0.512223158023425,2.22498841693208,0.884744553559082,1.064400908609,1.82157406875901,0.0465190915403266,0.0432884627899338,0.0650022819149661,0.137102977161694,0.227912898363424,3522.54743261246,1,1
790,0.5,0.502832577014565,2.32752521255441,0.825746235661178,0.973720596706427,2.06843698941707,0.0465306014292201,0.0422687647061046,0.0637305554784842,0.138092756632454,0.229565391180202,3581.14792083029,1,1
791,0.5,0.44963153663555,2.31935027899917,0.758226865987603,0.865283370672556,2.04865813296186,0.0570951046589408,0.0421218002253286,0.0656057677091902,0.128281066550559,0.230434815279151,3510.22800225324,1,1
792,0.5,0.502989837811797,2.35287697047471,0.714444680301317,1.03082616366482,1.95816031286105,0.0449185092631881,0.042263725164964,0.0650057024119839,0.139578240435913,0.221781883074723,3566.36608739418,1,1
793,0.5,0.481273955291034,2.30633718012057,0.827291494708853,1.01111305293528,1.87650151598269,0.0503173988926229,0.0429278146156844,0.0645749343481654,0.128746984310823,0.221095777542575,3545.83906233383,1,1
794,0.5,0.424731904227328,2.31185619936689,0.705828437215978,0.901207316249369,1.98401425778506,0.0559774933158831,0.0433644233714184,0.066337440146562,0.13115030714876,0.21493307311972,3532.6332369471,1,1
795,0.5,0.50493409109466,2.27130591855275,0.863961773715335,0.974496948718274,1.77084476175101,0.0495161351258004,0.0403263332245561,0.0617955940757637,0.135117427275281,0.223552181200608,3512.58008418505,1,1
796,0.5,0.518490288806892,2.28207897908927,0.839578021515457,0.79264113783604,2.18354049267738,0.0482321986533971,0.0400136091915479,0.0613016733111181,0.136791615083216,0.244083963513327,3495.56683824646,1,1
797,0.5,0.496080880146576,2.3050713007599,0.789930536979067,1.12202848361125,1.75803413507114,0.0479999742262791,0.0429811259036582,0.0655864748693588,0.133426343847879,0.225995621478133,3539.58459557413,1,1
798,0.5,0.494877727241905,2.31526237623078,0.811862306477462,0.9084466640508,2.21797949704907,0.0477118393344122,0.0431647472783237,0.0648830238912799,0.133743207402649,0.234619916845031,3553.47644983289,1,1
799,0.5,0.481864114069566,2.26501113224697,0.903533701399713,1.25367983511559,1.77183799987153,0.0469828813804155,0.0445399240952317,0.0659305487031727,0.126666903719391,0.220261231385163,3572.60076996152,1,1
800,0.5,0.501020088443467,2.3051743239005,0.786487033671099,0.885134016437188,2.11438132009104,0.0492217571000211,0.0409194459481838,0.0628166266121936,0.134820476699652,0.228567035771903,3528.47364379588,1,1
801,0.5,0.492428618736183,2.27219373914623,0.781606851221124,0.788588656059884,2.1954290941579,0.0499332090465822,0.0402919598307363,0.06170507819339,0.142084708444951,0.244964944432494,3491.4661087052,1,1
802,0.5,0.476292440916152,2.36314474097993,0.64886718166706,0.691831527404978,2.33208638908472,0.0532844427568221,0.0403986358447931,0.0631556504551207,0.130346441773156,0.226159989270097,3493.12617820403,1,1
803,0.5,0.546506381284039,2.31231037932592,0.773580626631429,0.903969480191603,2.11952292294776,0.0445297806033909,0.04245681698745,0.0638618251707317,0.133324349834599,0.2479244605761,3495.59455839567,1,1
804,0.5,0.42430132774959,2.33792378128796,0.743783621394686,0.933629293909145,1.97585124152457,0.0541577641337659,0.0415206902726255,0.0630377224847593,0.132839135693696,0.212619246605733,3567.52280623027,1,1
805,0.5,0.495494935509368,2.26019326746845,0.838532450343372,0.862199810193723,2.09118981736582,0.0502850201817682,0.0414694441434192,0.0618754967981587,0.129963501604015,0.23172251960251,3494.07617309186,1,1
806,0.5,0.591413064710732,2.27711139937076,0.817157256074822,1.1947019273376,2.05860289205198,0.0349729262754392,0.0445523819195834,0.064546780411264,0.141496722665019,0.249562454141142,3515.38504406676,1,1
807,0.5,0.370707511789146,2.34231038808264,0.821551107213976,0.951581376152605,2.06393062597719,0.0625095793521933,0.0447707057727315,0.0673923388848286,0.127124462506055,0.221582148102361,3599.9550305626,1,1
808,0.5,0.490635870529397,2.30421697856285,0.860843505095725,0.704694469722307,2.47421412449764,0.0481293024775864,0.0406572972238102,0.0620341819386953,0.138683690134933,0.236086039444589,3544.04833299123,1,1
809,0.5,0.484750300859799,2.26511289095878,0.815099150894505,1.0744189629987,1.76682764907904,0.0502174668797851,0.0427377187613479,0.0654689060692342,0.13231105560016,0.220110857239484,3516.2975079321,1,1
810,0.5,0.571281495801054,2.28668850166907,0.81140986127916,0.893129491648037,2.29206180894809,0.0384970859127127,0.0420700240857299,0.0624828832542726,0.146978846865466,0.241851595889923,3530.08811349047,1,1
811,0.5,0.555411143434505,2.29531204981566,0.816992989394102,0.989935309717707,2.13628254952529,0.0394484397107554,0.0425477645398716,0.0629201234050244,0.139674660721127,0.231902333684965,3546.10696378834,1,1
812,0.5,0.527471555633693,2.27346719248078,0.825920223512232,1.01932028634309,1.84775521335371,0.0454404764068257,0.0424798204876204,0.0648014466550146,0.133781363939997,0.226832285118123,3511.07587513284,1,1
813,0.5,0.447908110614582,2.30468040813677,0.801587045132589,1.00848540987227,2.04836106902143,0.0518095801406843,0.0434420784492954,0.0662405457931741,0.129637813315815,0.22128488962958,3564.77458574273,1,1
814,0.5,0.471187696405552,2.31759731799042,0.777964501345584,1.03385257402121,1.80110479152327,0.0512038762573076,0.0417527925197433,0.0623074471750554,0.135457627011369,0.226237675891079,3553.88128275673,1,1
815,0.5,0.478502654896159,2.38096602980105,0.70017735398455,1.14159399653474,1.93088674008267,0.047182044605943,0.0444305600186867,0.066307596946037,0.131283355946994,0.221225116569269,3607.16875060937,1,1
816,0.5,0.46604947757894,2.24785452048954,0.844893114657666,0.881631878807184,2.016052085699,0.0544523511261362,0.0425608650933008,0.0646154851576387,0.133233105963653,0.231811269240161,3503.86639033324,1,1
817,0.5,0.523188464756528,2.35909773746629,0.797842154959328,1.20279063961546,1.9130834113817,0.0424538297403498,0.0444987308954499,0.0666506570346852,0.13229257705486,0.22617743315477,3606.60439067365,1,1
818,0.5,0.451116382383681,2.27303284380058,0.820985284660492,0.865194595345912,1.94914326519226,0.0559064472304435,0.0417582063199154,0.0633401596110629,0.136123537422179,0.221366143217365,3533.97561906448,1,1
819,0.5,0.564863686091136,2.30796628664367,0.76916489578828,0.936781497598087,2.18578595848105,0.0396075184440725,0.0429058471567033,0.0628231872931042,0.145893467147895,0.236075429933842,3554.23517881402,1,1
820,0.5,0.460647947307228,2.30738194420615,0.762017631495117,1.10226075697693,1.64787945581253,0.0531830980562441,0.043262541308671,0.0666751064986757,0.132234631199731,0.221002347679642,3534.81924036105,1,1
821,0.5,0.525321012376629,2.34289232052234,0.735295526983157,1.06240453107293,1.98220781846733,0.0451525934120068,0.04287645424257,0.0638713508567314,0.130213333832479,0.226032843331205,3554.38047785219,1,1
822,0.5,0.530968027743222,2.28202190710429,0.843446698525205,1.06769350817309,1.90895781612069,0.0436170428520987,0.0414587041564377,0.0613775066297142,0.136034479704498,0.225083897451932,3547.22084991492,1,1
823,0.5,0.486274020863702,2.34094484609558,0.738092409672906,0.988826964153032,1.82693048331493,0.0535314403177906,0.0421471457757088,0.0638487278146962,0.129857205210393,0.244441490483618,3522.03454368516,1,1
824,0.5,0.552374278020454,2.27682824350713,0.848699757162441,1.02044474067999,2.06397650499403,0.0410429011294794,0.0430205429554444,0.0647893108918492,0.140015823985713,0.237684221413296,3540.67281947863,1,1
825,0.5,0.461397756995758,2.27565904394037,0.849939357111855,0.843271313782132,2.30150983490097,0.0489182445495214,0.0435554886966675,0.0650694910592932,0.13339965734863,0.22568786720166,3556.07388706226,1,1
826,0.5,0.500928760829124,2.33457896648109,0.791160636362985,1.10613618738267,1.98003237601034,0.0451299829905292,0.0430302125325105,0.0654953907533932,0.134548628429716,0.232641216569389,3576.76371081682,1,1
827,0.5,0.482406242931338,2.27996942552365,0.853123804413136,1.09081646015119,1.92742213669954,0.0478541257583594,0.0446108978068665,0.0671721589162142,0.123673752820793,0.216305879390238,3549.77893235143,1,1
828,0.5,0.510962889656011,2.25858811783988,0.843730387757606,0.884845127613517,2.10701696174002,0.0493517486103869,0.0421927965978428,0.062668526474912,0.134194708289101,0.234820905276325,3513.69506122377,1,1
829,0.5,0.48983569941738,2.34631370751146,0.757871740507688,1.07149271718014,2.13644797833451,0.0456648121687284,0.0424061963995633,0.0643379714426134,0.131608431095681,0.230050833843003,3564.01916193016,1,1
830,0.5,0.537907337870303,2.29809102172879,0.832904942394221,1.16493782566918,1.93351540776268,0.0396853828679583,0.0438520838426781,0.0668668833293653,0.139986509124693,0.22980581384058,3564.41591408955,1,1
831,0.5,0.516454736632663,2.28383099923701,0.869037919796491,1.06375351672715,2.06638226219203,0.0442069352589004,0.0440168857107681,0.0659662754311646,0.135362704401887,0.229385142830342,3570.21754105415,1,1
832,0.5,0.502522838653263,2.29204457359189,0.771020925814798,0.943894589389761,1.9748871412351,0.0494788012759077,0.0424878125619504,0.0651131591448878,0.132265380993435,0.23752871564766,3497.55932631408,1,1
833,0.5,0.429073471704776,2.32830653251449,0.790398652303584,1.00754065517966,1.83490231890338,0.0596036577814757,0.0420281961751427,0.0636876056848342,0.126699717941237,0.214308048836855,3559.52813333056,1,1
834,0.5,0.574726076083778,2.27053601919192,0.882652964227628,0.99616745046619,2.09777493814068,0.039840133965637,0.0434370790673585,0.0644892129489826,0.138764423409123,0.248362719445266,3528.40668815678,1,1
835,0.5,0.534558641713711,2.25159709822624,0.845300748548726,1.20054097968288,1.51997645516472,0.0457808580035406,0.0437090670729459,0.0649206035184369,0.135046814732099,0.228505045230864,3524.43409919949,1,1
836,0.5,0.488863271627296,2.21492972251972,0.900092806174878,0.9892499085687,1.73562969383801,0.0497326729990516,0.0425675615009025,0.0632521898420465,0.137623359516367,0.221228566988474,3510.85931406197,1,1
837,0.5,0.482795196898036,2.26505996001701,0.837419655283426,0.823534636891504,2.08463261650508,0.0516442978281768,0.0403036711062744,0.0611067511700411,0.13449734776456,0.232222139762244,3498.23701207896,1,1
838,0.5,0.568884733701366,2.29606110885843,0.802101070278299,1.06302281269066,2.09517615385315,0.0387841614093897,0.0432513920554725,0.0655727627533244,0.139618574451118,0.238042843140727,3535.04218261157,1,1
839,0.5,0.5211339963017,2.29750135820195,0.836864558083378,0.977116701435698,2.28691628669079,0.0420108389179797,0.0451144030062035,0.0675068458812217,0.13952053954604,0.234085303620406,3586.69966781856,1,1
840,0.5,0.515562876748234,2.284095611722,0.824633126549249,1.16779511345552,1.80422713544376,0.0437609955748682,0.0433074314602934,0.0657232911016375,0.140049491150771,0.224942324406622,3559.65225886532,1,1
841,0.5,0.417309733472432,2.2604538100713,0.841228394041912,0.957658430464414,1.7730374831016,0.0604880528650463,0.0429646209168456,0.0662289399359926,0.130669961738382,0.222100721515805,3519.50587368002,1,1
842,0.5,0.468146595609781,2.32592985640165,0.745833126180958,0.648161636907405,2.58774277126672,0.0517380937358913,0.041609296082857,0.0632441980270455,0.133617026546447,0.230897310339268,3530.82218688462,1,1
843,0.5,0.555574843315372,2.31493651374651,0.758433553552169,1.01075909858808,2.18787847320348,0.0394187789174192,0.04303147850301,0.0653578807670691,0.142909967957367,0.233388357268255,3547.77108276821,1,1
844,0.5,0.469580208009772,2.26331934049111,0.893840311982787,0.884606932081801,1.87937828449563,0.0536769826546391,0.04159546827254,0.0630255953328661,0.137834847819293,0.221823130875622,3539.32976068149,1,1
845,0.5,0.48324680015526,2.29448750943132,0.757962092785273,0.981690828717269,1.82936728414168,0.0522216508656454,0.0424069061284482,0.0642803051659144,0.136150285653373,0.232169470879818,3514.85910327603,1,1
846,0.5,0.455829981809785,2.2787877259904,0.820184092933963,1.1147371012209,1.72746969606841,0.0523811656978689,0.0432807069660022,0.0640355463808659,0.125934748191618,0.21698435873592,3543.6213796974,1,1
847,0.5,0.474771837360901,2.37210226160234,0.632256278351801,1.23215778013546,1.74060973564278,0.0496810512286474,0.043193264954709,0.0685564886130375,0.125329617665235,0.227823955568812,3534.82083511477,1,1
848,0.5,0.604377953037862,2.26036229670977,0.828996809820033,0.99061241957433,2.06966758819728,0.0358793182703431,0.0420644395526439,0.0623740187233758,0.143821012483988,0.241509258350641,3497.50643600045,1,1
849,0.5,0.538676909427319,2.2982016524144,0.829718687479746,1.29614851696992,1.64791968147292,0.042092962025718,0.0447930161972765,0.0643779121558156,0.135897786776635,0.233546346264727,3574.73986801493,1,1
850,0.5,0.553781658822536,2.39981604060141,0.715039022596987,1.18699532831839,1.9249995956163,0.0391839013972278,0.040869932494623,0.0608622102401144,0.139477037682388,0.233362594463866,3596.10232068087,1,1
851,0.5,0.510938873820084,2.3491454667399,0.764872608244275,1.18822112539868,1.85864521499374,0.0434807862439233,0.0426444315420761,0.0643197310597765,0.134390255475386,0.222482166374128,3581.93458498848,1,1
852,0.5,0.580034814451365,2.33738355577778,0.724770508029576,0.903828509572658,2.4045853137029,0.0373377399767843,0.0425187470872079,0.0636460337907848,0.145403262093228,0.24864767452198,3539.4562272585,1,1
853,0.5,0.457698187804982,2.27566043804687,0.794299790941705,0.996104470024227,1.76793371832704,0.0551392677441865,0.04333669785382,0.0655375547664955,0.134191443933185,0.222484246313295,3522.44859319857,1,1
854,0.5,0.287881026174732,2.30538181855475,0.844456817397619,0.837005040505979,2.01109492642148,0.0731817809767087,0.044422287572266,0.0680742157331596,0.123933015428076,0.21304593758177,3568.52698172073,1,1
855,0.5,0.474915418321737,2.27780237259932,0.778508017253582,1.01029724485237,1.90551631442498,0.0503362221196069,0.0434683701416854,0.065201016764641,0.134599918728718,0.227220403080402,3525.69547714439,1,1
856,0.5,0.542728630656726,2.27734467360732,0.840362381765364,0.900798452898133,2.0758883160192,0.0424228660674195,0.0421707252112044,0.0637812733820606,0.146582586008679,0.228740138241833,3542.39588127353,1,1
857,0.5,0.444658748458702,2.23819278016809,0.904463194318814,0.983475464088449,1.80951397145979,0.0560998589586493,0.041971419859753,0.0646779966325932,0.128863823190585,0.21962920952365,3513.41039906261,1,1
858,0.5,0.532461276733876,2.31886459340231,0.75958274453959,1.1787153542808,1.78564427610606,0.042070759624255,0.0436624116257515,0.066187504432895,0.133937290926727,0.228541163168489,3537.85420568689,1,1
859,0.5,0.51063731324279,2.35041508249757,0.731499855487519,0.788425947738076,2.45966481743368,0.0446248022293754,0.040423784834855,0.0621458858049356,0.134996850003232,0.233441350362553,3534.62773674061,1,1
860,0.5,0.452872414519495,2.26192899038903,0.80564561623573,0.709162983500349,2.34446385389168,0.0538561613569124,0.0405398057289065,0.0621944035754286,0.135167901868576,0.23776665463798,3497.00151760183,1,1
861,0.5,0.484593150091213,2.3210423951977,0.781698650357556,0.80488160694861,2.26488985912975,0.0476495972595969,0.0427136353832009,0.0633050767439716,0.140138735358496,0.228263209702272,3567.54364769201,1,1
862,0.5,0.456809951259397,2.24431718236081,0.855390081709912,1.02440568242047,1.71358196546084,0.0538250087214093,0.0423288368263384,0.0640423059572118,0.132991156261852,0.220415115729664,3515.99286089042,1,1
863,0.5,0.441937846311071,2.34167345954065,0.762498661110629,1.00302292417839,2.01643280203148,0.0530966712196652,0.043314587832101,0.0656632864904474,0.125573027019257,0.218139339761054,3568.26100940584,1,1
864,0.5,0.457077023537116,2.29133583230955,0.834555347254813,1.0130565995242,1.88712223588617,0.0534190260466832,0.0427557181205061,0.0646384466340946,0.131010239758774,0.219470026796138,3556.60465192959,1,1
865,0.5,0.483151892489704,2.32492305353461,0.691803309824803,1.01010504820492,1.82830192676884,0.0532020120435823,0.0426560200271143,0.0645716950487325,0.129596370238345,0.22479080372514,3515.52458095397,1,1
866,0.5,0.481640737469745,2.31169671478914,0.827717638559067,1.08606095839738,1.66539224563585,0.0516725955775698,0.0413675317190007,0.0642523482092138,0.130922867467345,0.215673430027604,3554.65420187848,1,1
867,0.5,0.510642965041527,2.3371163431946,0.715758290927994,0.889744445211103,2.27477619856972,0.0434135358289077,0.0421561671267333,0.0637915613583924,0.135192819852658,0.226394811248572,3542.177183173,1,1
868,0.5,0.578137711667604,2.30102281807596,0.800858578729818,0.881716987298795,2.2255898908229,0.0403128234356638,0.0415947132581646,0.0603426301271667,0.135311710687972,0.244233952232407,3505.53204355708,1,1
869,0.5,0.414409998243901,2.2853576385511,0.754918750725527,0.921671357850486,1.9349158935189,0.056505371715439,0.0425077624309523,0.0639055645275169,0.13095013659176,0.214825485570124,3526.0758080715,1,1
870,0.5,0.539568800721605,2.3348948590536,0.728690931084554,1.0614776797527,1.89525953967876,0.0431360577349964,0.0416516238199968,0.062676794888303,0.131684772237975,0.226550554382181,3527.02022689939,1,1
871,0.5,0.518174498388677,2.26556269882971,0.827373625463845,1.06193670690855,1.9370998225561,0.0464342637718234,0.0427169344312638,0.0646862679966689,0.13048425466189,0.239181414403896,3503.42162390569,1,1
872,0.5,0.570611019738135,2.2906716707837,0.833589135680255,0.73596722450407,2.47667513040198,0.0399169568360971,0.0397350066146181,0.0597257380332317,0.143202214730841,0.241664074308331,3515.58761891072,1,1
873,0.5,0.537432993317479,2.30764008558962,0.844776525843107,1.06223560839932,2.05235065140248,0.041519382804596,0.0423779678576873,0.063479065185029,0.134585326130713,0.229666730521697,3555.40696471778,1,1
874,0.5,0.418760954960754,2.25084845960945,0.823652724202338,0.858562948641232,2.09132288609382,0.0577820245724491,0.0430654147939896,0.0643765645722641,0.126921485869496,0.228570987563589,3491.0824018411,1,1
875,0.5,0.540685176535797,2.22153372493145,0.87864540149555,1.02773305105989,2.121601165979,0.0408946432945569,0.0450519108833641,0.0647820363231583,0.139765976103517,0.226272802007978,3542.68865907639,1,1
876,0.5,0.440460840923982,2.32906671881601,0.806239135945462,1.14772336676213,1.60978264393446,0.0581998300037528,0.0434677396384405,0.0668347570697313,0.12828516109766,0.222193044518607,3571.10890918449,1,1
877,0.5,0.572921631012109,2.26001900346122,0.825501469688225,1.24412084639137,1.6665642515625,0.0381358657753634,0.0444997782311175,0.0652397369566563,0.143211629021659,0.233983774243364,3529.50894512857,1,1
878,0.5,0.449844752931161,2.29315520413542,0.839944264484305,0.892602408380525,2.0491571634435,0.0538761821986491,0.042114502491355,0.0636182074746078,0.130896867604459,0.226899727362152,3547.097524182,1,1
879,0.5,0.519610714793744,2.31629126822294,0.801995930127997,1.12866841991668,1.84338363290763,0.0439375554669233,0.0427116295106521,0.063141440823308,0.132115038176327,0.217755102588603,3575.34830576889,1,1
880,0.5,0.47803844814889,2.31937071631107,0.72995775044253,0.781539568221606,2.14651663250171,0.0525040858898996,0.0412926480450027,0.062182451856665,0.138402324000783,0.233710082204563,3521.14629991044,1,1
881,0.5,0.554460144765838,2.30280585117819,0.806832667954743,1.04187355179543,2.25319425591822,0.03878071976302,0.0442135144748497,0.0668172143590999,0.135096898385888,0.241207933845326,3544.71114686524,1,1
882,0.5,0.525256853083743,2.2752694779165,0.877740656015114,1.15238737241035,1.72324015993635,0.0455867484905009,0.0425789860513169,0.0633599652219452,0.134404761363305,0.239146930341921,3542.79093939294,1,1
883,0.5,0.383493076689668,2.25095418149064,0.830116820121822,0.911176631354269,1.87147906837019,0.0620327391290604,0.0430344680477977,0.0659569570037753,0.132178753293829,0.214625403824694,3525.74619832943,1,1
884,0.5,0.458253951827151,2.28756997984758,0.813997870791598,1.00377067637374,1.93282297982216,0.0499785733832783,0.044058980307481,0.0673201502287437,0.1348628368271,0.21926032713629,3558.19419330783,1,1
885,0.5,0.531201423275965,2.30300358785917,0.761816336018418,0.756116896202256,2.35268910954596,0.043339210020172,0.0408435224896018,0.0625549191850624,0.139187374998698,0.239541291271944,3490.29196794422,1,1
886,0.5,0.551244783303584,2.27737204987875,0.844251947614773,0.738761569604366,2.40583907398491,0.042548442598665,0.0400246491002799,0.0600631213210851,0.139117991174523,0.247358498743612,3495.48696802778,1,1
887,0.5,0.598720709475902,2.28021546773911,0.780179362177368,1.09894777069352,1.95740738589332,0.0354092289914006,0.0420722529120729,0.0638940336230937,0.149807998215883,0.24070375739525,3507.06396644039,1,1
888,0.5,0.495885703912601,2.28429703487075,0.845813253091417,0.915543205153912,2.15300120989626,0.0469151903774658,0.0426499636383824,0.0639543593094018,0.136558811387551,0.2273356167768,3560.43971703329,1,1
889,0.5,0.498154720962676,2.38892644853841,0.689082316218225,1.24715275545982,1.67294983586748,0.0459388121232338,0.0432400994130336,0.0650394875732212,0.132986462773147,0.218831637246896,3594.00190525202,1,1
890,0.5,0.425216912839981,2.27900832653399,0.862980012611994,1.1552896770848,1.57605212376307,0.0578410961984775,0.042955934957186,0.0645976754512791,0.128489821363321,0.208882968201363,3567.62500574765,1,1
891,0.5,0.519845752808244,2.26435095275893,0.869280758181965,0.822802906589999,2.09779953522307,0.0460759959121988,0.0411188457720707,0.0635920652325632,0.1424481424165,0.238146684915584,3520.66095876651,1,1
892,0.5,0.508178417703512,2.30926683486127,0.823942296632367,0.987062388077827,1.97860999550555,0.0474943506606422,0.0414594325077824,0.0640891171173544,0.136158433166982,0.231757671631353,3546.38808016854,1,1
893,0.5,0.451812645986182,2.30439240482036,0.779326134664545,0.967017542825174,1.99029992272769,0.0515797311232591,0.0429634942261689,0.0652039849988587,0.129698198718329,0.219943895290839,3537.29729276355,1,1
894,0.5,0.61082964439735,2.39715957824493,0.717662759746615,1.47229102018973,1.72541609137182,0.0336999334962821,0.0445596833512492,0.0652100986540412,0.135082425639699,0.236672728420619,3587.32409047917,1,1
895,0.5,0.44962021067747,2.2808420408442,0.795840750292736,1.06785539935632,1.83555401480068,0.0549075784422887,0.0427414418216423,0.0654947105870384,0.125487878741106,0.223139170303555,3520.27926199915,1,1
896,0.5,0.53199577290028,2.34251046138345,0.730993778974561,0.735254644138849,2.50382461361986,0.0429371301033918,0.0413931406035039,0.0620100554104686,0.138696900066765,0.2383214299969,3532.56780377463,1,1
897,0.5,0.539398277585771,2.33451172768695,0.744733553699097,1.01274509861085,1.92156516175279,0.0436807775476248,0.0420517270299713,0.0639913573072646,0.136861255660778,0.22868374808499,3539.51021768205,1,1
898,0.5,0.566812232232218,2.28801277045262,0.756492752944661,0.879899137886482,2.38425020659203,0.0408421634650337,0.0423276289111553,0.0640548822742782,0.143779119050426,0.258570433778447,3499.91939342883,1,1
899,0.5,0.525135811892522,2.37512563819456,0.713925583990653,0.907044433880827,2.38228611433324,0.043434854817354,0.042226682750419,0.062932831596834,0.134749183644602,0.251485841296804,3544.79428128374,1,1
900,0.5,0.543706783098984,2.29096408177639,0.782799795079238,0.960929809990808,1.95407200570069,0.0430917189977657,0.0408094962208837,0.0618233344315884,0.139274743704035,0.22326675348908,3519.59760256051,1,1
901,0.5,0.534411621191901,2.31281857497619,0.835367693695732,0.808136164918744,2.3216078104436,0.0427947821202483,0.0409412422169226,0.061134953911812,0.137843950702295,0.225068472762101,3557.4599605103,1,1
902,0.5,0.40564269780383,2.28047738883964,0.796422513585877,1.05542897781871,1.9091019126305,0.0605409623514123,0.0436850279373844,0.0659617253887341,0.122381939469579,0.225482790984002,3526.62334316229,1,1
903,0.5,0.519634008231749,2.32051063622308,0.77675393865486,1.19764579168767,1.78520486029443,0.0431273664577207,0.0441629846250146,0.0660490872969434,0.134928794303426,0.221599447655634,3578.53973843666,1,1
904,0.5,0.529778853634952,2.35752865870155,0.760780460911757,1.10226047019748,1.99587904523172,0.0420377704299713,0.0418123356325362,0.0651062680103897,0.137390396676469,0.238570011780311,3560.97233385755,1,1
905,0.5,0.420341922151591,2.22596336961214,0.915146988052547,0.943875803119353,1.89204536128856,0.0622740568746656,0.0424213859654689,0.063959437945957,0.129643949681863,0.230454900971978,3514.565189313,1,1
906,0.5,0.512782938389507,2.27538937171751,0.831065329509334,0.989256248084369,2.21659595572583,0.0431841637412348,0.0446388647816955,0.0656019717640328,0.129937342419329,0.222822158990861,3541.92865934429,1,1
907,0.5,0.469264144890173,2.2832719750576,0.825147803219488,1.04477050167246,1.82679112983347,0.0503536993807778,0.043320973302816,0.0652317978955955,0.131866380721603,0.217588459960481,3540.64731874126,1,1
908,0.5,0.450081882484651,2.33210472684092,0.766767415037964,0.757393497934662,2.37649678020938,0.0530516356750785,0.0417461970057027,0.0633078144220096,0.134546496301699,0.230555014966767,3554.35306790091,1,1
909,0.5,0.572082884791978,2.22508040851873,0.926898146051273,0.953417347509642,2.1975264626933,0.0403350234566435,0.0434126540168358,0.0656641286155153,0.138717061001016,0.254323243032685,3489.41213961554,1,1
910,0.5,0.556974323451362,2.27495045177038,0.854038561531469,0.859490508852195,2.39694935942343,0.0399182782945248,0.0430019516838712,0.0632226676323975,0.141261206027093,0.247857821817932,3525.22968560478,1,1
911,0.5,0.478229692601698,2.28123552189685,0.794220637220567,0.943201011561862,1.94855737469655,0.0503991801211067,0.0427880216412575,0.0645098668601745,0.137848362379658,0.231940729283907,3532.01584065891,1,1
912,0.5,0.402159110123848,2.27343959272851,0.878613060747725,1.11922179647919,1.6836591380399,0.0592246162507871,0.0431228156677267,0.0654446415135221,0.120655330391922,0.206901931286114,3554.58168415603,1,1
913,0.5,0.583689276720993,2.25036088233611,0.883734601945409,1.01958833220159,2.06745461935901,0.0360213011644883,0.042648442936521,0.0627615262926634,0.148398330725948,0.228375334730232,3549.42430052853,1,1
914,0.5,0.417754974014375,2.31452207235321,0.836742285214531,1.02598120880912,1.92559057722842,0.0568101518741488,0.0438190980023485,0.0657001062006441,0.127249203105113,0.214115732678293,3593.84512490067,1,1
915,0.5,0.432161709601236,2.31666300504216,0.782695276232946,0.766473776219442,2.13394674996194,0.0600655644982456,0.0403967735423018,0.0626778288385087,0.13230512974544,0.237638705014046,3511.11288921104,1,1
916,0.5,0.443543405679871,2.31937339742713,0.780105003504532,0.950627658975211,1.98809464791606,0.0556827155916088,0.0419998474557279,0.0651380141211203,0.125108044144275,0.221747082899854,3536.23224369464,1,1
917,0.5,0.584166669085759,2.30691531518004,0.724642620038138,0.893266054332657,2.30176324088476,0.0360521342826796,0.0424304612212279,0.0642553097887491,0.149106488705723,0.235987328306972,3516.70682901478,1,1
918,0.5,0.496623829714338,2.32244898991622,0.808444290181619,1.02994520253252,1.90379764039503,0.0475357051768257,0.0434917543399867,0.0643416877016618,0.141439143951611,0.224127156505573,3596.44367097421,1,1
919,0.5,0.542988272384835,2.32643686260732,0.761738785026558,0.927953393369109,2.10528213023455,0.0420287375685791,0.0421121150982909,0.062863243743004,0.135444939123913,0.218898579397854,3550.12596962083,1,1
920,0.5,0.538903339342696,2.30478027855856,0.784326499599843,1.13909770979686,1.6947407734224,0.0428021154790154,0.0411938595905314,0.0611613722626732,0.140734268228725,0.226584261833163,3546.98716674267,1,1
921,0.5,0.57301787744097,2.33076730873083,0.706552912272488,1.15040040382292,1.8935822341113,0.0373010176594633,0.0423064253423272,0.0631277505402776,0.13928305212659,0.221249676946265,3534.26225863331,1,1
922,0.5,0.53484075685237,2.26902304483244,0.865309843450924,0.877910842572559,2.19988218250368,0.0416034163593919,0.0423372083843372,0.0644602421819343,0.143070866184459,0.228751099247208,3539.14200447309,1,1
923,0.5,0.516859775397589,2.23884481210509,0.911778714924583,0.926080244687222,2.00375217054646,0.0446359526811084,0.0419731886642614,0.0639801407861811,0.139647279569699,0.228154458853712,3515.7763110406,1,1
924,0.5,0.434810504291726,2.32317979727831,0.746362397276209,1.02635880631693,1.75737886184205,0.0575607145122798,0.0416067349859835,0.0630943159438754,0.129334134628863,0.214706790788626,3545.58570393937,1,1
925,0.5,0.550113516706868,2.29117115525881,0.861568853494138,1.08146172928384,2.02253615133098,0.0393276222030487,0.0428556130794215,0.0652688692517021,0.138292390555242,0.223518794707638,3567.16787240458,1,1
926,0.5,0.524875314112176,2.28810112718694,0.822176249433979,1.07769722701167,2.00768057741515,0.0438851589999618,0.0434705584447291,0.0637113147160374,0.136204071129908,0.231274451685253,3559.90473049464,1,1
927,0.5,0.420563697620448,2.39693790142338,0.669115321085487,1.04733188513475,1.78878960746375,0.0580880884054411,0.043074551325418,0.0662540356482485,0.127071215264448,0.216674605706517,3571.27577729825,1,1
928,0.5,0.555181055710852,2.36248268012373,0.73621757056193,1.01492074024256,2.12022421708808,0.039901198983827,0.0413051576182866,0.0612844827818509,0.138322977279605,0.242212967369041,3563.42299459137,1,1
929,0.5,0.485087808379077,2.31861467804899,0.72130120680563,0.970616980120749,2.03548480463955,0.0484451290757064,0.0422658021171249,0.0652087279248089,0.134760525647182,0.231379153511822,3521.92581719264,1,1
930,0.5,0.41446723731779,2.32498801432037,0.827241338786409,1.10190981806136,1.73756048112321,0.0576181794166246,0.0445932004685605,0.0666529556170171,0.126022379284261,0.209741193986116,3595.62994538476,1,1
931,0.5,0.510244409367527,2.24021904176449,0.888379356660295,0.819021344683823,2.24828496150687,0.0463797180113895,0.0419863977957254,0.0620444497822231,0.137242953399358,0.230691442109201,3527.69411227476,1,1
932,0.5,0.4541097461824,2.34197318897493,0.701092465939312,1.00812611636258,1.8269206414765,0.0556691155240403,0.0424031816627253,0.0652504649801322,0.129530655758152,0.227819436347344,3529.69545995112,1,1
933,0.5,0.458351817841444,2.25761889573084,0.823330675567688,1.06298431777097,1.76924424166191,0.0522096232746352,0.0430921077730355,0.0661871871364131,0.134348683098033,0.213897821823678,3535.34129624881,1,1
934,0.5,0.524392434765352,2.22623448138783,0.892872846083553,1.15176141744027,1.77529962308519,0.0442740724093766,0.0434042611549457,0.06448313606595,0.130725606144018,0.227042955719419,3514.34545580103,1,1
935,0.5,0.488828725401181,2.34884798828764,0.736997622462879,0.890538045542536,2.16463858443633,0.0482761411969737,0.0413148718535797,0.06257602294439,0.130685460735437,0.22340307208824,3542.47317577128,1,1
936,0.5,0.514844136242841,2.22175974974318,0.882845109765548,0.975683276596612,1.93266027184407,0.0469891513567015,0.044070064700828,0.0645017090003072,0.13800404943828,0.238251733473507,3509.37962376628,1,1
937,0.5,0.44333446850791,2.30975982848763,0.818689782183068,0.950585253125491,2.03418334724506,0.0533736928575251,0.0426091650111589,0.0624449811393216,0.126303103827877,0.215487018603303,3557.29745836702,1,1
938,0.5,0.502982531084135,2.38273779822164,0.67455420903715,0.90777412898612,2.05812476747031,0.0485129265027081,0.0422104433619847,0.0649302011131626,0.133911780138654,0.233008841499342,3543.73047613085,1,1
939,0.5,0.49547863697294,2.2460299367699,0.953493948804112,1.13136296722177,1.92408109406917,0.0449561605497861,0.045173047931653,0.0670055120277084,0.135866138709065,0.218757239128266,3592.28256431418,1,1
940,0.5,0.523982419564747,2.36697287712707,0.749526347690908,1.14205511354771,1.93276860710434,0.0452362851228816,0.0424627660739895,0.0634208930597991,0.128884199712042,0.238077051299392,3564.2102430387,1,1
941,0.5,0.484552386941096,2.33407671528416,0.788775833787296,1.05571892112405,2.12668076338414,0.0462621026139151,0.04371408873343,0.0657877947749467,0.12869546390117,0.220776033027489,3582.22147118684,1,1
942,0.5,0.422774200747542,2.28315818756546,0.859934612631999,1.03734596786014,1.96155189441627,0.0564863094973058,0.043922947155413,0.0677911859067116,0.127495894354085,0.226495974256296,3552.30797217726,1,1
943,0.5,0.493922766581944,2.26403568300676,0.801306752627914,0.769952502425619,2.22563706773579,0.0478628584084951,0.0414903964479308,0.0621701927861516,0.136951459821193,0.228988552757368,3510.07951571671,1,1
944,0.5,0.552990169100125,2.38442754565321,0.698243313498794,1.09107489429203,1.74967225389544,0.042030793429422,0.0406023943607094,0.0616613059714015,0.141907402181991,0.22730390786036,3560.4246802238,1,1
945,0.5,0.490521152700745,2.33367034001034,0.784043809039528,0.871979134855591,2.31627624674094,0.0470870059972095,0.0424532454657962,0.0641392896213259,0.134830460485467,0.227378290782359,3560.94712801138,1,1
946,0.5,0.523023405147882,2.31913682697807,0.803963645696802,0.894912181429895,2.34809744961406,0.0402912120668316,0.0426371769647472,0.063767577819083,0.139849608476732,0.226339414392643,3570.77572740642,1,1
947,0.5,0.453604155644161,2.32309163016029,0.764682554005731,1.05609950141994,1.91526849204953,0.0535040045904653,0.0428067175860037,0.0651230068279129,0.130270624349113,0.222073959744709,3562.80748093749,1,1
948,0.5,0.489828563885255,2.28722965146781,0.804222451138749,1.11806875847085,1.72771021324227,0.0493428510024542,0.0428899201037148,0.064888091362796,0.130771042365118,0.228180657077963,3533.86079736883,1,1
949,0.5,0.49734366783711,2.2914927138664,0.841891501935915,1.04273866481328,1.96284714326843,0.0440505104964037,0.044216046589912,0.0664057590699951,0.138447633923138,0.218997259536936,3578.26378705049,1,1
950,0.5,0.541704926993159,2.37405307448095,0.770799067284765,1.0488829989514,2.0435141161751,0.040086864739727,0.0422774719177917,0.0625431535585701,0.134104035166608,0.225127122412825,3592.95453355568,1,1
951,0.5,0.490681839789839,2.28594418591908,0.877909272748694,1.26503185039967,1.78887378411425,0.0450418795431426,0.0446328774987387,0.0668648600756283,0.132456747454142,0.218899952882443,3595.07951822072,1,1
952,0.5,0.507995863128281,2.31278751465846,0.772755750341944,0.756016412247321,2.41248690652329,0.0451853459306582,0.0409012465391987,0.0627466306151769,0.134611087097892,0.228744848649076,3523.31336921438,1,1
953,0.5,0.506866588388613,2.27996788718496,0.740223125805775,0.912856452526846,1.98481921819831,0.0476244381780827,0.0425480792667138,0.0648392298282892,0.136849264770382,0.22631290111478,3499.40762012924,1,1
954,0.5,0.536736773417904,2.2890754609767,0.804784014738432,1.07993779143752,1.86242035568564,0.0434816220254143,0.0430472489923676,0.0636155714089868,0.13929666545937,0.231972038721999,3540.17445070616,1,1
955,0.5,0.493054304997406,2.36271185053516,0.743117188350531,0.868589918885387,2.31135246609608,0.045336935121443,0.0413297003854238,0.0642531611295472,0.133102622877174,0.217855078094487,3574.2270808702,1,1
956,0.5,0.555303573273022,2.25420360039136,0.784619015878569,0.898183441323483,1.94201359307076,0.0436617724849031,0.041731351044453,0.0636369211626251,0.140137284727752,0.241079758854004,3457.32257796639,1,1
957,0.5,0.473857878044415,2.35149072829074,0.781812268588201,0.819797521230033,2.43832285022544,0.0500398026282166,0.0409528823267703,0.0638388753864663,0.131345682324766,0.243817467293864,3549.91218258732,1,1
958,0.5,0.530287789910084,2.3273398093254,0.817164231644307,0.984511235518139,2.1382906143358,0.0430641448033216,0.0419726067003093,0.0627252272548679,0.134887797488761,0.230643702933744,3570.02386406414,1,1
959,0.5,0.524643445672811,2.22417404006328,0.894085471470573,0.757761279544173,2.31355048724494,0.0451232628953969,0.0421533226247194,0.0631961323839409,0.140795126547716,0.237052272502868,3498.77144766172,1,1
960,0.5,0.526031120809418,2.24115541967093,0.809768338935645,0.99251034087858,1.78140525439689,0.0475199188879447,0.0410202475691791,0.0617346343090536,0.132573801927007,0.231470533252079,3457.38809405859,1,1
961,0.5,0.586983483902739,2.29726989465739,0.812376944197084,1.06569550398685,2.27527743909276,0.0344847119757864,0.0426170939401281,0.0644116480384313,0.14422259680112,0.246617968135388,3527.98671949105,1,1
962,0.5,0.524865495118864,2.32895514837723,0.828253477014742,1.07027673438257,2.15799846489527,0.0424566608241431,0.0446091320531884,0.0673823139956498,0.132651885172146,0.234673759868291,3580.65123541287,1,1
963,0.5,0.409627848313655,2.33893144575915,0.714741564185629,0.937328201974984,1.97474738635337,0.0579180638148213,0.0407097386063786,0.0643268713838267,0.129183473674843,0.214630862973516,3538.62067060374,1,1
964,0.5,0.532301882252489,2.37619529580093,0.646532966400132,0.968661517999468,2.2213390745949,0.042899573504537,0.0423568543130496,0.0638960589136545,0.134370943227512,0.238693618719492,3537.50291939953,1,1
965,0.5,0.460898936406672,2.39129412918246,0.659176076094019,0.734169335092851,2.58046908033794,0.0508344676830339,0.0408918044364374,0.0632083864672168,0.130314447945868,0.243550325803367,3526.48844230501,1,1
966,0.5,0.460102264818774,2.32004766024926,0.776622462991552,0.925434821221591,2.04186802041781,0.0512343426944036,0.0419256114789166,0.0651270631220502,0.132197120334599,0.224950344090953,3537.73126228413,1,1
967,0.5,0.567216103910119,2.26483027064911,0.839954600413897,0.979581158268387,2.14964779184147,0.0393866747460102,0.042581512363059,0.0639563044214881,0.14181521453725,0.234112618757803,3524.74594031867,1,1
968,0.5,0.549866307956983,2.35994201327397,0.747367199378254,1.08959486659356,2.09885041373166,0.0394290895163566,0.0424207479597682,0.0632679250715785,0.136086020270196,0.225122268208034,3578.97250896917,2,1
969,0.5,0.498047960658227,2.34973284769143,0.707189119775057,1.18747146583272,1.73733798839471,0.0465506724102718,0.0437312506108761,0.0678995750234311,0.131034211725416,0.222651450886567,3555.69886452924,1,1
970,0.5,0.4634822640711,2.33289684052828,0.803911062317916,1.14261363381046,1.79306642511248,0.0510192915182172,0.0430084124677338,0.065725924293246,0.123063861688001,0.210010257459202,3573.30563019497,1,1
971,0.5,0.414537745743161,2.30815453326256,0.784033440499695,0.948438248906675,1.77323897580393,0.0625566613674875,0.0408540616298019,0.0635662485591627,0.127781338937026,0.220762746948152,3517.63690512275,1,1
972,0.5,0.43920609515638,2.34612094948841,0.806445994883733,1.03361359357325,1.88250472735829,0.0563520857008765,0.0414796085103398,0.0644790860469588,0.126772674717374,0.213432804130288,3572.94099386062,1,1
973,0.5,0.50629845289063,2.28520880124526,0.804312294776864,0.983985990562042,1.83798666587764,0.0470559216589306,0.0412449929135058,0.0630363013103127,0.141333754904374,0.226366540349628,3526.30322971749,1,1
974,0.5,0.492338192042912,2.2907385076863,0.81402079217342,1.05576259066625,1.81837895082096,0.0487597312617897,0.0424788576434655,0.0642778214319092,0.131928112680762,0.228732066078887,3524.79614934162,1,1
975,0.5,0.460966446261694,2.34527195452047,0.751797614600401,0.92488904539041,2.10807897626489,0.0516320314243267,0.0425961040943792,0.0640875833785537,0.131178503243156,0.216719544476027,3577.41621113916,1,1
976,0.5,0.477945220332533,2.26163324560075,0.882700138243809,0.980337361771016,1.9964598851592,0.0492480387326654,0.0436770207235169,0.0663168476771558,0.135994265386782,0.224066915080925,3546.23089091859,1,1
977,0.5,0.498432112961844,2.25652807439338,0.873618721272403,1.05901853672319,1.81001109226665,0.0497804788403583,0.0439365672611461,0.0656966396815349,0.12610163043455,0.226375061385078,3519.95548327188,1,1
978,0.5,0.485748388356126,2.32251068334308,0.707409842938931,0.98176340587167,1.98193301998872,0.049105783298235,0.0428524719760854,0.0650663711237897,0.132253489018508,0.227095363871521,3519.43176642439,1,1
979,0.5,0.478844029024005,2.2678290976575,0.879229441893265,0.966954644506236,2.05526928255177,0.050431943562594,0.0435598416865199,0.0661597823840999,0.127394161104881,0.235948141862312,3525.40765651973,1,1
980,0.5,0.522176597966256,2.29804949881516,0.783843559805952,0.931454645655131,2.23734834832384,0.0439534628755613,0.0433796527839669,0.0657373780791683,0.136383214016122,0.236615484904998,3529.60703910665,1,1
981,0.5,0.539800645405661,2.35798225263069,0.72035692225212,0.949452589204674,2.19654766330616,0.0440875311019163,0.042609184342017,0.0640313245929852,0.127013899166974,0.229389089753999,3526.40461233033,1,1
982,0.5,0.479249831494453,2.23570332254895,0.886753421568781,0.955168162477776,1.9728826816101,0.0508148455854216,0.0429384854481137,0.0623471403240864,0.133600982099048,0.226403556283283,3527.07910322478,1,1
983,0.5,0.486015250826235,2.32808739198577,0.741286136489317,1.09704946450824,1.78496214564456,0.0501300378705792,0.042319347058771,0.0659435823128261,0.128811716132204,0.225996534548831,3534.72820535383,1,1
984,0.5,0.470182177810016,2.25429288684095,0.846593565460349,0.984575743075817,1.75228283868756,0.0534919048597021,0.043756228232805,0.066251604109289,0.133268569973945,0.229138448298249,3501.47556585972,1,1
985,0.5,0.571256672702235,2.2265539902792,0.914422349803836,1.0490168482288,1.78374376328654,0.0413730848617203,0.0429405009229764,0.0639114734927014,0.14104058956469,0.241211326579043,3500.71184111662,1,1
986,0.5,0.417847295928748,2.31427280653363,0.76360865986385,1.09522516183796,1.49906968904719,0.0626404708257906,0.042326009235358,0.0650361744283016,0.12392919584796,0.212523312166662,3531.09262169709,1,1
987,0.5,0.464307371131734,2.23436416294566,0.890547749440621,0.987753890865463,1.85972624815325,0.053471272141452,0.0422455452052908,0.0637073724542347,0.129249168767491,0.224165318532053,3504.05558146304,1,1
988,0.5,0.430161019013208,2.26904101396055,0.814725238062811,0.972639999098216,1.93144701898402,0.0565024485294295,0.0444155032119231,0.0666649721506293,0.127703724899197,0.216177773834336,3536.68522873762,1,1
989,0.5,0.561677208678178,2.23862661416216,0.923361650858152,1.36497814285778,1.44507534570315,0.0399584229820555,0.043681015301347,0.066228421120998,0.140016806009534,0.226615621448781,3539.78202911379,1,1
990,0.5,0.52486474305428,2.26378067208325,0.815781080311942,0.868928801800647,2.13136148871172,0.0454100059040332,0.0431755366139781,0.0638376698691223,0.134451995736276,0.219505432800011,3522.82378071704,1,1
991,0.5,0.450761599830565,2.31525772849029,0.777943980540778,1.17241899792907,1.67053174888267,0.0525005073827772,0.043622571960017,0.0666775978410118,0.126432944258504,0.210153806300278,3563.63218743926,1,1
992,0.5,0.499794973710041,2.31519871168482,0.770386431049365,1.14698613641839,1.76097729210871,0.046652449188547,0.0434725237615253,0.0655278165843021,0.136500386338198,0.224376176704287,3552.35898858708,1,1
993,0.5,0.516203704264255,2.32497810566103,0.718837668308894,0.817339698859232,2.19658118164732,0.0452280317719431,0.0414156628326622,0.0626377877106975,0.1459110503337,0.225381905998974,3551.58118045601,1,1
994,0.5,0.601964248033951,2.32474226983665,0.741429423442507,1.16412405757399,1.85255847948311,0.0351465536919936,0.040914854739461,0.0608860849352255,0.14839886070662,0.2294666060835,3535.58797601694,1,1
995,0.5,0.503619197008962,2.34367412770602,0.773575583877507,0.956124929537475,2.03551082318418,0.047992092205503,0.0424885485736152,0.0629786578084451,0.128001372102506,0.224731574620544,3550.78238989749,1,1
996,0.5,0.560955241998307,2.27457136959226,0.906297115975234,1.28812861036653,1.75707054516255,0.037512809360827,0.0438630378102838,0.0659683085237515,0.141920996858492,0.22766953182695,3577.79687547787,1,1
997,0.5,0.531414215159324,2.3244339206479,0.757737356379963,1.08418418374531,2.06681305338836,0.0400536122981513,0.0442597350832716,0.0650052448556193,0.139217009523121,0.226955270481937,3574.87122650395,1,1
998,0.5,0.484931050322456,2.33779665705936,0.662639007452533,0.733736755258701,2.19048563856445,0.055704809391007,0.0409277508796796,0.0641903032870123,0.135539162025649,0.247865389891193,3468.53275600839,1,1
999,0.5,0.578809468389781,2.34011069785987,0.750833915080543,1.07881071705545,2.09219852738678,0.0364161027286666,0.0418457858148709,0.0625155299900868,0.140531357496973,0.233045565679459,3547.01422124048,1,1
1000,0.5,0.511857246289033,2.30968804579857,0.787849445063804,0.963957952252834,2.13721400927753,0.046680301631663,0.0423156958124369,0.0644157527387199,0.129834002231832,0.239469464982174,3521.71579459843,1,1
