1,-2,-1.67902344702137,2.3246008959217,0.738007844336954,0.933075957362171,2.2014329820837,0.313723117642953,0.0479741986902797,0.0750897412266003,0.0960966595978916,0.160200660797157,3506.67988796675,1,1
2,-2,-1.94495538694174,2.33339624336865,0.775030821594326,0.85575761900012,2.16301434795751,0.374470866820379,0.0463334500017003,0.0725983604679887,0.100897825738756,0.161035109586082,3551.36750242764,1,1
3,-2,-2.18368117060454,2.34720080577444,0.758988779001727,1.016968698391,1.93721886993641,0.395809943331511,0.0483800165561286,0.0751161672451958,0.100032573570853,0.163791499900395,3576.68113871583,1,1
4,-2,-2.34626841005554,2.2798542308134,0.833882711860779,1.03751130118172,1.89574215161832,0.429679693435495,0.0478713551087412,0.0766418921383058,0.095557141343845,0.155841803954373,3514.35444832592,1,1
5,-2,-2.31744804344531,2.34805980019163,0.738856290706177,0.942968836987259,2.07007289300891,0.431867041365142,0.0477182096853987,0.0752915310325061,0.100071233398531,0.160754821000994,3535.7534824242,1,1
6,-2,-2.29141696160444,2.35358626712989,0.742029944899408,0.878052992222687,2.13970324136645,0.420138825368141,0.0460529323169848,0.0724311914956035,0.101927844487754,0.163531635343118,3545.78075408953,1,1
7,-2,-1.52167919073531,2.13641212446516,1.06210501934755,1.08397754114631,1.9551829195306,0.282713961648325,0.0521066442656387,0.0787761311247247,0.0963849903665743,0.156146066327227,3560.57943220865,1,1
8,-2,-2.54820084971836,2.38408357695769,0.724452295013527,0.903776793231194,2.02443594931127,0.500040869175229,0.0452554029549234,0.0712931755024,0.100549307257125,0.159644742793925,3579.00274010656,1,1
9,-2,-3.10837153787125,2.42569162395355,0.632972974016293,1.06274174156753,1.81020646162889,0.653579565034227,0.0470977902146735,0.0748234434070462,0.0955817627249923,0.158211778092996,3571.63108586496,1,1
10,-2,-1.81361227639474,2.28195477107728,0.880868355204094,1.12181256661912,1.95432840156248,0.307822001581284,0.0508581376503324,0.0776349388458793,0.0967856076791695,0.157167252450283,3584.93588128075,1,1
11,-2,-1.6043681680246,2.32040425208126,0.729081454032292,0.844486033754453,2.23353218456579,0.292247232740248,0.04805850242762,0.0773524157927851,0.105652481428166,0.169336127884955,3518.00362676527,1,1
12,-2,-1.65920963762174,2.39282652012602,0.727924863998348,0.994838216486558,2.07649078507071,0.304225329492561,0.0470175826999905,0.0750740202579431,0.0989196462143191,0.165670671916399,3589.1896664869,1,1
13,-2,-1.92653064028094,2.30850886424036,0.817296733909369,1.14568349119247,1.82958166475898,0.351752395214144,0.0502744706259467,0.0774140927979158,0.0959354034144422,0.158240557051816,3570.57112704052,1,1
14,-2,-1.07286533828532,2.29072369556055,0.840611123102353,0.93914871202563,2.314129887185,0.219684593678198,0.0473287290726803,0.0745293914429006,0.0988659904169235,0.168082613738823,3524.42930775608,1,1
15,-2,-2.5931129734751,2.38458559541527,0.716750590332845,1.08416833284766,1.72738785140144,0.493668063563481,0.04910628600057,0.0757227500827494,0.100453650298703,0.16014052050383,3587.54022034359,1,1
16,-2,-2.27996379270381,2.2842045737681,0.876815356953597,0.915425962071446,2.12445973046399,0.424191334758701,0.0488791456707912,0.0756203263523839,0.100578638838331,0.166596272407693,3533.38201326836,1,1
17,-2,-1.90666525560071,2.289019337376,0.814238254405899,1.0012446791551,2.10817474535117,0.335985305354156,0.0494947102927723,0.0780985830464858,0.0986071140025381,0.162072748217152,3532.67383606104,1,1
18,-2,-2.61805081862206,2.30919537738517,0.794227532313513,0.990628761159629,1.9238207010657,0.510152098970286,0.0474154175725726,0.0744547621386908,0.0978125538480105,0.158778859592751,3549.1958042726,1,1
19,-2,-2.44633570930172,2.23688183799545,0.84766303835383,0.994231231900662,1.98719885659821,0.461839343358966,0.0504585866013356,0.0776250005505199,0.0961027463907592,0.157006332423676,3499.04387357281,1,1
20,-2,-2.37912734211109,2.25842591445307,0.82288401953084,0.989515514614026,1.91350639825031,0.458400121103967,0.0481302257200966,0.0746732494412736,0.0964603238660862,0.160549827840858,3491.65454985578,1,1
21,-2,-2.64814899660146,2.30372595786258,0.811171396425129,0.932887957223779,1.95735058880397,0.511421337086725,0.0487055070034197,0.0751876880887427,0.100105830618875,0.155211539205481,3567.24052330284,1,1
22,-2,-2.39011428640927,2.29262410045616,0.767386629357014,1.10874313119479,1.72261590727223,0.451015756449501,0.0488326359641869,0.0790828083127646,0.0945767595614272,0.15281379248381,3516.28997750185,1,1
23,-2,-1.91113724120115,2.28761248141984,0.82726525617989,1.15455250781036,1.81607549485725,0.345581878218092,0.0502817901495492,0.0778592013115518,0.0959280962906549,0.155664046944248,3559.03248769141,1,1
24,-2,-1.69766649624998,2.19433489755274,0.97375102706467,0.85526550845854,2.29334918406894,0.299055415889431,0.0495203092331491,0.0760183974169221,0.101431842080004,0.167401158134612,3480.02627981048,1,1
25,-2,-2.21516471948369,2.3614551563908,0.688345541535896,0.699954853014656,2.37948776856547,0.414963185013445,0.0453714622555193,0.0709805328092129,0.105521890843407,0.168715715852694,3495.92710680696,1,1
26,-2,-1.93601130817683,2.30773457526006,0.736392797404327,1.02943261449309,2.03641771646512,0.348424938003693,0.0492078640451733,0.0777336769588844,0.094601783370238,0.155443761912552,3498.31642417132,1,1
27,-2,-1.50412161840895,2.24860655383253,0.890338561644683,0.896299949930852,2.24151938560544,0.272850200973352,0.0492231651718469,0.074463324931356,0.101799427617926,0.165795168771353,3524.69271222419,1,1
28,-2,-1.31311246847143,2.27108818267739,0.782358741206901,0.912964168111601,2.17140274354632,0.246433613019066,0.0474463033417971,0.0766118668964903,0.103523661222247,0.169661958888151,3515.81783156538,1,1
29,-2,-1.64696161390297,2.28603091743235,0.778523892641682,1.06452747954426,1.97641612220747,0.304198330040833,0.04879041926298,0.0770721372567061,0.0966935538989495,0.157184276139855,3525.03096175336,1,1
30,-2,-2.0305683838473,2.30869122071627,0.771982570456725,1.02044561566018,1.91711226648967,0.400463604112578,0.0461320912934276,0.073610122867882,0.0972794212558466,0.160570121149417,3536.29500195451,1,1
31,-2,-1.85934679639735,2.35401723214843,0.750772803982589,0.811408560295032,2.33012529167453,0.335198310650024,0.0470850205284494,0.0730901848068365,0.102964363489416,0.168230005694825,3548.70550704825,1,1
32,-2,-1.66437733823684,2.26070267904294,0.79448218456994,0.832985042108818,2.31943685207471,0.304648294141759,0.0466934062295012,0.0751992157430544,0.103220440282167,0.174945729437731,3470.62950142077,1,1
33,-2,-2.11151177785148,2.29558191953477,0.843027158775494,1.15467303418635,1.75224290639874,0.389556071028254,0.0490062698040921,0.0777048023934021,0.0972542065153219,0.159418343114888,3567.55884133365,1,1
34,-2,-2.06348096454851,2.24854470106709,0.880064335377936,0.91728488263128,2.13723500284526,0.379077432456948,0.0491956875239841,0.0764573787108102,0.0993244482113051,0.160858585300807,3529.76120976407,1,1
35,-2,-1.68385968280605,2.34711037698572,0.77127187909799,1.09513600415283,1.9701937436012,0.299041645414632,0.0503144447594683,0.0775896557815723,0.0976960753547748,0.154351280682028,3612.4995480658,1,1
36,-2,-1.44615398505967,2.24783363527255,0.856152669386149,1.01377847780735,2.00106664521638,0.2809492105675,0.050090004117637,0.0783043246713938,0.0966041545619735,0.16293703303197,3524.35841826943,1,1
37,-2,-1.7704940602574,2.37929767821114,0.647973549934992,1.04415741486298,1.97150849938463,0.323767553464016,0.0461896135767282,0.0754649644807894,0.0983908371507616,0.163556718859252,3545.37419673509,1,1
38,-2,-2.32580960133326,2.3054699187193,0.779482746322708,0.902970578339045,2.12946095826485,0.411400255367576,0.0476030575573736,0.0765223959232291,0.099242494142869,0.158643982045852,3524.78738498436,1,1
39,-2,-2.03307362067003,2.29188200687976,0.849207070476651,0.997451618513052,2.08398054935748,0.355315079263297,0.0479212968487447,0.0749275273489407,0.0951737926024954,0.155432480672595,3538.40531037297,1,1
40,-2,-2.24814878678027,2.35397307832698,0.729268259996411,0.929229474050729,2.00506156306366,0.437627860364614,0.0469417301532692,0.0730424699381741,0.0995730002641402,0.161597525890211,3577.07025294437,1,1
41,-2,-1.47307896857975,2.2999277691928,0.821874524780136,1.02403423133087,2.1046880163854,0.264862889644275,0.0498770615193436,0.0783429471373191,0.099185079569921,0.159809496858828,3586.09690331637,1,1
42,-2,-1.9761510291933,2.2708760719145,0.878893057452286,0.933796402946037,2.10347834450087,0.355517012694067,0.046765619053171,0.073548307387336,0.0997294265978802,0.160949370088097,3524.46406294818,1,1
43,-2,-2.05903478855721,2.29876728410122,0.803854181513532,0.902380302767917,2.06892087767571,0.402826559219896,0.0471496954792932,0.0736891053350617,0.101425653693464,0.164401061607325,3521.40251350959,1,1
44,-2,-1.73392713525946,2.2824439725278,0.809303110839533,1.04927825344428,1.98547833309349,0.313847302473206,0.048250779163959,0.0779637341211979,0.0989191089823508,0.164514555455006,3532.39543427553,1,1
45,-2,-2.56650191169896,2.35163777081807,0.718745218326664,0.936938313793465,2.01301120930828,0.501174694141009,0.0465560975677333,0.0753045765403302,0.0968903754949227,0.154931271239003,3525.11401467545,1,1
46,-2,-2.01010885012,2.30196471963964,0.860968020842315,1.00728471926476,2.04195929334952,0.362772282519196,0.0479309057416835,0.0753067337495934,0.0984794575394713,0.157972699863689,3579.99975071415,1,1
47,-2,-1.6782178439498,2.2225082629601,0.870784972302379,0.96641036376919,2.10107189929481,0.324094539017416,0.0490831870776369,0.0755233849337524,0.0974240534533399,0.165641270673514,3485.49794009935,1,1
48,-2,-2.23875746304054,2.31184085043077,0.846630542869705,0.970496564423401,1.99326860071823,0.433610611577284,0.0479940462102616,0.0749666000966199,0.0981413255035597,0.154460782406094,3612.36349798475,1,1
49,-2,-2.34931026968569,2.32390396190911,0.802869224609233,0.977456964760814,2.05776456050669,0.429961734068265,0.0480933032705898,0.0749691051187113,0.0983750661548199,0.161490375837763,3557.43533165852,1,1
50,-2,-1.73217536929248,2.32504799842648,0.781848876052675,0.805250058702029,2.40687655717056,0.313530639456046,0.0457658272337148,0.0723165686346781,0.104053428485465,0.173190695356167,3504.61341842321,1,1
51,-2,-2.46412683649054,2.31162903734053,0.826264887467445,1.24798768277548,1.47994211256174,0.484093099385629,0.0494039490056641,0.0771575319056758,0.0934087604046147,0.148067596005378,3600.51905377569,1,1
52,-2,-2.1558255195366,2.2557510961892,0.869574435220956,0.976036497128278,1.99522131424146,0.393402339940411,0.049127752147417,0.0759720019867987,0.0981997350716222,0.160001279477542,3511.44726327366,1,1
53,-2,-1.7333219870637,2.36841692985251,0.716233747300684,0.78523735859507,2.40403126146927,0.317072011218726,0.0466039085744135,0.0744275686350961,0.100152334200139,0.164144040599396,3539.16213296822,1,1
54,-2,-2.4931430706121,2.28267892995501,0.787610825916362,0.940474384165622,2.03245904233218,0.477208362486246,0.0485564337624396,0.0767134831785798,0.100213852612701,0.163136208104765,3477.46258453055,1,1
55,-2,-2.23699196447498,2.29803521472909,0.814262857564838,1.02392039659973,1.93325678826814,0.434641319948527,0.0476746620850338,0.0752392280520057,0.0937868524031626,0.151065128336639,3524.16495401136,1,1
56,-2,-1.68519809452496,2.30839338994978,0.837855579159547,0.800631759974874,2.34199443554799,0.310667087231017,0.045813991754931,0.0717438987919213,0.102854605001463,0.171223160496276,3513.06531882196,1,1
57,-2,-2.31111090794862,2.25704944052862,0.888506992052449,1.08602172177159,1.83471811230421,0.41710550441665,0.0495588051864245,0.0753022634242489,0.0987986598242081,0.162549760408732,3549.15802681726,1,1
58,-2,-1.84834588146226,2.34017961408657,0.756349948234914,1.02724189379681,2.0014096855858,0.322896296191482,0.0490761943444814,0.0789612709613424,0.0987646422311186,0.158124051065669,3552.98549737729,1,1
59,-2,-2.74319537577139,2.26866436481979,0.846839304264325,0.905298511278145,1.95018478665099,0.517356148856037,0.0479238896462853,0.0751760045404171,0.0994680076132615,0.153036329734828,3526.79587547538,1,1
60,-2,-2.03556015109507,2.26834146764264,0.825891608389069,0.997544093477625,2.01021896798053,0.345406356868847,0.0510384565451081,0.0788779021422732,0.0986121034556135,0.152218921258632,3554.86116604206,1,1
61,-2,-1.9174132782651,2.40501613900383,0.677339364657606,1.10040623568881,1.86591340452126,0.381519701515008,0.0467251395443699,0.0745032414159802,0.0952730783986612,0.159101630450554,3598.53239315281,1,1
62,-2,-2.08286750215766,2.33105889056018,0.76992618799507,1.28497101448254,1.59100766718504,0.368375534923541,0.0527442968379941,0.0827088204105587,0.0969129193171114,0.151639135473133,3618.99113269969,1,1
63,-2,-2.28609207233254,2.3030510886173,0.800617078199994,0.886714811122501,2.12720850528313,0.413853388619902,0.0467916442414256,0.0740797019124661,0.102823933314992,0.1662409425162,3489.73052333895,1,1
64,-2,-2.06256723121821,2.34381446513052,0.778668702675557,1.20077620158434,1.56806752813632,0.418404859847377,0.0476007850425862,0.074192226794467,0.095732362894172,0.153545752586072,3631.85134169522,1,1
65,-2,-2.92544691780652,2.30648085638485,0.798211942047949,1.04373145786589,1.79847941444751,0.589703548524898,0.0476021229802658,0.0744223520268891,0.0921532092478335,0.14715158854514,3527.67994657235,1,1
66,-2,-2.24153926611672,2.26644426600291,0.882619047936013,0.899720362569021,2.06189388085194,0.412703771843661,0.0494355611935442,0.0772661897393063,0.101132971901598,0.166399242964257,3507.33112014012,1,1
67,-2,-1.55844326169651,2.27173495368905,0.852330384490181,1.08066863447245,1.90114531964032,0.304691236455178,0.0511900481637671,0.0807004352396413,0.101393753467369,0.170404037560436,3565.35856372322,1,1
68,-2,-2.42513507025726,2.3724787577094,0.711923676460531,1.03034126886062,1.9972327232825,0.427874785481954,0.0480948976920166,0.0765115401534542,0.0973102934741119,0.157009580126703,3537.88535180075,1,1
69,-2,-2.26658763933738,2.28379098897293,0.786353294523752,0.886912712443532,2.1688999207106,0.431557153301738,0.0486231604040914,0.0771812445480188,0.0975046867835056,0.161859129636685,3490.85387353893,1,1
70,-2,-2.17975557501979,2.30277628236976,0.805757331193459,0.896845797819971,2.0139768087545,0.408850610676428,0.0462920800302221,0.0743996186312154,0.103398444831742,0.168252150303164,3554.20519282498,1,1
71,-2,-1.45843161265207,2.3228627414786,0.751913194020615,0.949930258911856,2.19697535322877,0.25188455979823,0.0495682826267323,0.0776757421053971,0.0990930417133011,0.157050192565404,3556.19495970226,1,1
72,-2,-2.14892882872351,2.31210028244744,0.804956955474661,0.932878188195818,1.99268432959709,0.397812604957458,0.0473192673310567,0.0724874495849518,0.101615502777549,0.162394014737559,3575.07013171769,1,1
73,-2,-1.48114271541439,2.28454456980951,0.854863479340193,0.964743416257982,2.20013208971229,0.265203768506745,0.0485691764929095,0.0757269030588676,0.101109407258415,0.167218148641354,3535.60567677509,1,1
74,-2,-1.75883924755034,2.34576290427517,0.761598296070327,1.03394421795608,2.01819338443536,0.332829357341471,0.0476979261740224,0.0741443733884839,0.0963471525645432,0.160372292955429,3567.13156243932,1,1
75,-2,-1.87401143579088,2.34598578596039,0.759239630422294,0.858813333392058,2.24993748285608,0.33808313424324,0.0474701148984282,0.0753886072127226,0.103218667779589,0.166139114386398,3543.45088053066,1,1
76,-2,-1.77187397546455,2.25750944087795,0.919874794229129,1.03456370448228,1.94436801940199,0.322295541693058,0.0513559151567046,0.0791142075559599,0.0992253919179776,0.1615119129666,3563.43803564229,1,1
77,-2,-1.56572105047224,2.27419011213182,0.820587406011081,1.01280342331523,1.99403519396701,0.307325721356879,0.0494185521720142,0.0765074045314108,0.0976529724446892,0.162476930484945,3560.47300610384,1,1
78,-2,-2.1531157029505,2.27829919430797,0.847869872705441,1.0075351267794,1.92833471747257,0.396217844728954,0.0493228528895751,0.0766787201408812,0.0998088194330157,0.164069111939182,3539.18285740202,1,1
79,-2,-1.91473005679011,2.23995455368768,0.938305164004651,1.02902390217287,1.99178795655991,0.349394869032209,0.0499904695271162,0.0756748120803745,0.098486003129745,0.155629118058444,3592.62355436546,1,1
80,-2,-2.1455636615335,2.27681774715297,0.833629954989844,1.19221040752488,1.6857182448218,0.390745391001553,0.0508875428387002,0.0799985181096475,0.0945458621761561,0.156887243944321,3554.99142310052,1,1
81,-2,-1.69278806458805,2.30195131236432,0.787769991966957,0.922070310808716,2.12394082995368,0.313109882265038,0.0471441564802144,0.0757035335723864,0.100057820748944,0.164817824207997,3536.12110774138,1,1
82,-2,-1.82007010079394,2.37363510216834,0.651076558702277,1.0885458394729,1.96786073537396,0.332158848504319,0.049897040536044,0.0774182520945156,0.0961470473819959,0.160147119536765,3551.49328020471,1,1
83,-2,-2.07968260124038,2.38952906615629,0.667089837625118,1.01338882794375,1.88827001971807,0.393509314210347,0.047037007135807,0.0738998522660486,0.100177321905152,0.162164013785099,3575.37189286383,1,1
84,-2,-1.83438244212711,2.37708371021292,0.714716216206079,0.796126246562954,2.31737313250152,0.342533850334995,0.0480861099360187,0.0747858689761304,0.101535734002438,0.1656631066139,3535.40271385937,1,1
85,-2,-2.19282081343626,2.39250643641658,0.737246455370591,0.943719005152867,2.10355390736576,0.416812538576704,0.0451957697301269,0.072471854157217,0.0989493016309194,0.166077045222481,3577.31972113549,1,1
86,-2,-2.45297344180891,2.35539851067283,0.657252105052578,0.916760211418616,2.06882038876094,0.457564029042792,0.0473610728137987,0.07668957168843,0.0997385005584645,0.159619840411735,3509.47742279886,1,1
87,-2,-2.70728335666314,2.31534019307095,0.746779037916977,0.8603659926361,2.11498706989476,0.508547529703369,0.0477777473574438,0.0760093690497807,0.100629912023834,0.162252170102712,3493.97022828701,1,1
88,-2,-2.89115695841525,2.24540348213591,0.902741069073107,1.06922825830697,1.80976315425435,0.573547105512417,0.0491042620264111,0.0766201562117202,0.0954508421489264,0.155365441344176,3554.05692026125,1,1
89,-2,-2.0011554541324,2.29233594826768,0.793089685700558,1.09371160798372,1.80120633977395,0.369658554980161,0.0493184904093106,0.0767524067712495,0.0994933658915241,0.161246737422278,3557.30946572436,1,1
90,-2,-1.69009522048704,2.31613513680424,0.7806239748575,1.09253226095521,1.92248634950585,0.30956159104912,0.0503461703569501,0.0813506753098712,0.0991500346488517,0.16312804028218,3566.7785010782,1,1
91,-2,-1.64478882844419,2.34625009448983,0.680598274095413,1.02496438624885,2.09073697870922,0.277659154887433,0.0481684886296009,0.0772648953698125,0.0983067635378701,0.159449456385458,3553.80687330687,1,1
92,-2,-1.53961965220153,2.23715426579327,0.902264809714307,1.01393745235252,2.01640230555353,0.292924895404002,0.0491885032013463,0.075797426830752,0.0985138888902456,0.161234216316831,3572.67786478645,1,1
93,-2,-1.81575133702241,2.30408797225769,0.83547820101529,0.797474444215596,2.29273792689009,0.331346313552787,0.0463366922067605,0.0723710950843245,0.104708369285077,0.169312446132326,3532.84456980147,1,1
94,-2,-1.77729548581776,2.32896182567318,0.78336026908988,1.06454343347827,2.02078871685605,0.311901337851509,0.0513946156567079,0.0804737970351779,0.101721439788714,0.167872338313255,3555.86451116275,1,1
95,-2,-2.10753216187831,2.37952390806442,0.76477044502458,1.10460313863558,1.85604427893834,0.416342839228123,0.0467692454557237,0.0743943758383109,0.0950435621188056,0.159853863036961,3593.46361345252,1,1
96,-2,-2.00348578174986,2.3127886822713,0.813277091498926,1.02363859087495,2.01197634979657,0.370387390998402,0.0469632987874407,0.074055465341595,0.0976961952376319,0.157108568010243,3559.19096409185,1,1
97,-2,-2.57058380578596,2.26458390940615,0.804721240495608,0.987512140855866,1.91849188886843,0.507813598040957,0.0476978100552679,0.0761784185790055,0.096333644780506,0.156788583675203,3501.98122759483,1,1
98,-2,-1.7040219357067,2.23506686681607,0.965367996494288,1.11423732440846,1.8701822102383,0.328200017861197,0.0493703333274612,0.0776934364770674,0.0963291884154919,0.15571171818732,3581.29067290474,1,1
99,-2,-1.57650825955312,2.28269189025097,0.85211321787506,0.778009182464881,2.3908818692131,0.299558765519203,0.0458326143135015,0.0717780092444787,0.103242165809867,0.171326796304887,3499.21027921279,1,1
100,-2,-2.08236231274329,2.29241095453034,0.790030194266942,0.793441526200063,2.26039097242924,0.387012093482941,0.0477680858542126,0.0743044976054285,0.10266561224693,0.16520155055405,3516.03204705146,1,1
101,-2,-2.71538355810185,2.2871782823001,0.811536860988746,1.17801067796832,1.66122124365497,0.490272547167859,0.0495710566393705,0.0783500315127578,0.0971019921216648,0.156007673223369,3542.5237439289,1,1
102,-2,-1.59298930241725,2.28089275285235,0.802206794429574,1.02706531803854,2.06790596181335,0.296895624947651,0.0500462988902033,0.0802354917602611,0.0985204725717781,0.162340555763718,3551.99565539072,1,1
103,-2,-1.87515600744167,2.28520591594233,0.847092803912989,1.06989931548157,1.99144950820807,0.330189898040576,0.0508833728643074,0.0786210448481211,0.099174639079115,0.160517061468885,3576.77107185283,1,1
104,-2,-1.95389244907548,2.3614411140776,0.733073065176879,0.978943930011768,2.04554686484632,0.347529153264239,0.0466158313460973,0.0734160003091585,0.104864746394694,0.170588584470328,3546.21925052399,1,1
105,-2,-1.58916412472009,2.27593129460918,0.852303133300802,1.04917410424985,2.09886778288616,0.279849717569442,0.0514581266642592,0.0784135580798017,0.0979974612253573,0.161289330739503,3551.5618556012,1,1
106,-2,-1.67843730857036,2.32543117504,0.776354738510442,0.888245008704222,2.21124178321742,0.306966231303013,0.0477572076588499,0.0757232262768234,0.101518591298404,0.167703826309665,3528.11029776534,1,1
107,-2,-2.33243226893503,2.29773439857298,0.805880696067672,0.803456868429278,2.16800298213595,0.455892591137436,0.0457391533379208,0.0719869847779333,0.104204130165416,0.167041193563706,3531.33410303975,1,1
108,-2,-2.83208030237659,2.30057159963611,0.7731723359642,1.07308356457253,1.79129970284809,0.548420836168819,0.0484258073669239,0.0780828885640045,0.0958121055098291,0.155882539009875,3520.63134387159,1,1
109,-2,-2.38433398092809,2.30066788367684,0.855054474784059,0.848569824967571,2.09691008028831,0.472401741270109,0.0461120796258953,0.0714463655164408,0.0996553070848615,0.160162809290923,3573.87014975633,1,1
110,-2,-2.09064102077845,2.19209596022319,0.974496510957979,0.901839699305729,2.15737674863589,0.384610068767584,0.0492203083315458,0.0768786458940536,0.0979586974102986,0.158188052096313,3462.23602863971,1,1
111,-2,-2.74412150949904,2.21515217275727,0.888626816119004,0.969967214624368,1.87122569702754,0.557821648632747,0.0493238249063489,0.0779911284800454,0.0974411321140038,0.157961296828992,3499.77820969087,1,1
112,-2,-2.86170872833979,2.34344650380571,0.769627453010398,0.892774350608331,2.1502693182091,0.525732042269516,0.0485493043928427,0.0754318277848441,0.0973671442822735,0.149934286894405,3574.89233964525,1,1
113,-2,-2.06197523431509,2.29959354389041,0.830105074304623,0.842209753462832,2.32102153474269,0.362908258734961,0.0486019905556441,0.0746963972608262,0.101832300663148,0.160339379744044,3552.15199590515,1,1
114,-2,-1.58011780056199,2.35612202251612,0.735211609339628,1.07114662358567,1.88972648497905,0.299018363251322,0.0483189822098292,0.0761832006976894,0.0986578762828763,0.161083625691331,3583.35129439981,1,1
115,-2,-1.78338661350483,2.29511450880623,0.752680044733521,0.861284881765727,2.25518722824638,0.325286292970035,0.0494688674105206,0.0774795438710571,0.0995560033292705,0.158556786965775,3526.68164972368,1,1
116,-2,-1.66848410327078,2.2585795999195,0.886490617211762,0.975995648001367,2.06585425044049,0.314482797713233,0.0480160994421606,0.07477645366012,0.0986741898750236,0.159985359571627,3548.68728505357,1,1
117,-2,-1.95140902692828,2.34703585299243,0.717559551583081,1.11317795963581,1.80333155729927,0.368178450597312,0.050699149967533,0.0775131634930144,0.0980812791209557,0.159536511692605,3573.25107800283,1,1
118,-2,-2.45463521109312,2.33811523865038,0.753533793496122,0.823262196471574,2.24416533721325,0.46954501096424,0.0477947610415041,0.0738971971323651,0.102193614395732,0.159243120928433,3548.68381221795,1,1
119,-2,-1.69140471710141,2.30865969934787,0.819586023103809,0.976486452960716,2.13601813462407,0.312551120983475,0.049999084342445,0.0772917220179845,0.0990702333391291,0.163012328512808,3577.95157410308,1,1
120,-2,-1.64723733754389,2.24635619485982,0.854685435911105,0.900195062806025,2.14991383988613,0.28753624845303,0.0485120766707584,0.0758373294733229,0.104768605671134,0.171948167043967,3506.72543809793,1,1
121,-2,-1.91651646185189,2.33049116168736,0.736059748118193,0.887333990529971,2.12496682084196,0.376213177915333,0.0485660192830257,0.075638171555076,0.101794526683569,0.162659276656223,3566.37103883147,1,1
122,-2,-3.6400740587134,2.26235914986329,0.863761933546221,1.05473732191779,1.80557063852456,0.776396169156809,0.0496701927854286,0.0767423027521401,0.0933777473827578,0.150956833261411,3511.50194568649,1,1
123,-2,-1.77282484320934,2.19577386979554,0.973557041271133,1.03833632947525,1.9670993157577,0.323058571918512,0.0512869437470869,0.07888067985895,0.0985190674890686,0.157790437357604,3556.31604739552,1,1
124,-2,-1.47305569851826,2.28662428900345,0.785040964238637,1.03761494483884,2.0702867322477,0.254993284533414,0.0495470228578618,0.0790956216009845,0.0984956057854046,0.159770988515975,3541.45554417309,1,1
125,-2,-2.20707770599687,2.35193713072099,0.768196794450836,1.08424988303562,1.92130501805579,0.404409395525259,0.0482227811874749,0.076227966611093,0.0955267802376773,0.158378010317815,3574.35995998946,1,1
126,-2,-2.04432728553489,2.30114665971868,0.790029220670717,0.911413471429495,2.11615674617436,0.398019698741454,0.047242646969421,0.0748706576903464,0.0979965140445803,0.158778482985532,3554.08413261042,1,1
127,-2,-2.03007344397844,2.31889836445597,0.762271414262592,0.958207862365488,2.0477595673147,0.367820316971234,0.0482032930450799,0.0765329051151246,0.0973044211288498,0.157740473939781,3533.83321806225,1,1
128,-2,-1.94141847618781,2.25585428601328,0.853311613540479,0.892797477171189,2.16357259565464,0.372181439632478,0.0472971790490043,0.0729637922884249,0.0971279313466955,0.165222284747248,3497.20832188841,1,1
129,-2,-1.62555587522185,2.2959033284775,0.834392526391665,0.923127075875624,2.29286596095932,0.278676189216492,0.0480089919690646,0.0766117765215497,0.0992925663535097,0.1662863546297,3479.6292228788,1,1
130,-2,-2.65050524495237,2.31356107140785,0.810964491454235,1.01733726403593,1.97005631461206,0.489194645550275,0.0480018345862058,0.0742612180492546,0.0955254150999078,0.155144807175446,3541.46308862118,1,1
131,-2,-1.94065140315173,2.22740042178649,0.815656460262017,0.966733359252237,1.97054661086079,0.377438018883928,0.0495316449187755,0.0787736343581343,0.0998510489516176,0.163038538843043,3466.73904902843,1,1
132,-2,-2.60005235294246,2.31280617706752,0.75404550649579,0.964123180631977,1.9501927830896,0.526634068242973,0.0470614311871661,0.0734814390227158,0.0980702619460018,0.156687052117028,3546.62121336417,1,1
133,-2,-1.92153602599529,2.3677664425546,0.68471684345204,0.9608822915213,1.99410838570059,0.355361529783494,0.0461632094022248,0.0740159328902914,0.0991747298974048,0.159506616528427,3571.98257926301,1,1
134,-2,-1.8674402281802,2.25453426040816,0.859500997780229,1.08716439529386,1.76522504119773,0.34548539206549,0.0493696316751058,0.0781630513440063,0.099325285320834,0.164542358900478,3522.87466089006,1,1
135,-2,-1.84578681247779,2.32219961744375,0.795106721478503,1.01218305318392,2.10079232774266,0.319682528270192,0.0498796440730736,0.0795965750949399,0.0976616309129574,0.15574678118507,3568.58799160323,1,1
136,-2,-1.75798865407651,2.31389344040487,0.806199072854078,0.848849648003416,2.29979049304983,0.313930992143727,0.0478311274135934,0.0750452990260875,0.100555213815543,0.16024691625659,3560.00418417464,1,1
137,-2,-1.80395819826324,2.3004582893805,0.834359779209964,0.955097646645507,2.02760529507149,0.340855677628106,0.0477533809535792,0.0750104238544826,0.100729110166492,0.168402741312021,3548.5504017932,1,1
138,-2,-2.48774117964601,2.34493567282291,0.679851965197711,0.976913137951867,1.90866392715895,0.488078912603457,0.0472865222998799,0.0752453034051742,0.100562711171897,0.163281661844949,3537.18442040883,1,1
139,-2,-1.81152944646624,2.35043946936381,0.744832032125414,1.08370126893191,1.88979846331829,0.331314425039236,0.048567439468312,0.0777507377489199,0.0966610025687155,0.156201941900085,3581.09942680038,1,1
140,-2,-1.83505247009646,2.35676168753333,0.687013645250814,1.01714168693762,2.09952352829344,0.320477508774539,0.0516135570527692,0.0786211125871535,0.0968682632167256,0.157732563423932,3552.1520265471,1,1
141,-2,-1.70027611680257,2.32897683236013,0.817576458107437,0.963931245135156,2.22665537133211,0.306085158380209,0.049644840762456,0.076041061064845,0.098140701523331,0.159240040503575,3609.6645296514,1,1
142,-2,-2.35005597376025,2.27162059210837,0.908260380598096,1.14654930911935,1.73599599740717,0.444132865321852,0.0506089832984444,0.0793575758089241,0.0955818085416579,0.15251222254583,3594.48658634896,1,1
143,-2,-2.9658546089692,2.30978667871514,0.784320912352448,1.01385488059408,1.65019462944698,0.697192788738999,0.0455922872369132,0.0728252630107129,0.0967056216400043,0.161716548461546,3529.07267558232,1,1
144,-2,-1.66151202985911,2.32595812259338,0.859382842781222,0.95462918363929,2.11430137000339,0.328561354005002,0.0455663858056552,0.0724104081985124,0.098403871479637,0.165084308884072,3576.01561786157,1,1
145,-2,-2.16849856093816,2.26589771967562,0.826016541386806,1.03975152703824,1.95512794678491,0.389647636388716,0.0514558347492327,0.0784170649451268,0.0980023046301527,0.156475804285157,3527.19650473516,1,1
146,-2,-2.18051551312514,2.24599505484041,0.921961341040821,1.11653691883851,1.82365214342231,0.406425700699012,0.0502451052691095,0.0774195040813874,0.0925751744723916,0.155982047283259,3543.7353393357,1,1
147,-2,-1.84929372251801,2.27546311314097,0.813357045587077,1.00559171741872,2.05672658638051,0.334631649988884,0.0506174297158218,0.077833340739203,0.0965816417944836,0.153853482803685,3544.32130417182,1,1
148,-2,-2.57762510174467,2.31530025768351,0.817119591467361,0.930486409055968,2.06800608303872,0.489706031444138,0.0476289096197485,0.0743985433170499,0.0995619366437354,0.158930703924511,3529.82430399438,1,1
149,-2,-2.46654194656151,2.36552951701111,0.736441140895314,0.938363093666214,2.19336473230249,0.411815572696483,0.0498543741006107,0.0776738824662014,0.101449794069454,0.160182097380657,3506.4444171564,1,1
150,-2,-2.30508627946456,2.36513053390604,0.679485636850658,1.12667088811918,1.66305539200002,0.442198209106845,0.048123694409528,0.0763862635143105,0.0949521920710196,0.154701460901974,3571.84550695166,1,1
151,-2,-2.20147978391996,2.31284555291388,0.772217567554529,1.12360334981329,1.71898854595424,0.413664860081533,0.0508001502469786,0.0794699040838445,0.0969572991176953,0.156451239457726,3565.28144418992,1,1
152,-2,-1.9789056859292,2.31892822444161,0.83362599043837,1.18211571747305,1.7304593070034,0.371126121478407,0.0495570775618778,0.0778919443495327,0.0946771837878134,0.156285528751905,3596.87464152456,1,1
153,-2,-1.93723320879397,2.26374691037806,0.832247230629316,1.00100218419437,1.91720023720822,0.367261175814793,0.0473183990482369,0.0756412564694394,0.100127146701327,0.166853192476655,3512.99609246888,1,1
154,-2,-2.00150691042929,2.27190938393806,0.820305920121449,0.93900061249122,2.13271940145953,0.353170916311857,0.0497033080036341,0.0762604596769426,0.100643312935527,0.160548517046079,3540.13382069436,1,1
155,-2,-1.61034184680026,2.22024539381173,0.927439673408697,0.974036989885221,1.94683547774541,0.313454997079344,0.0487644081854875,0.0765016192776031,0.10093943534707,0.161341718196656,3553.65328536404,1,1
156,-2,-2.62947528556063,2.33087336233084,0.795298123147328,1.15206623160114,1.71462448068443,0.482830345321265,0.0484379091786929,0.0756422931728302,0.0943353484975635,0.152978181629576,3588.0927652509,1,1
157,-2,-1.96162792677945,2.24458453004072,0.926271302330984,0.980057469993759,2.07781013824861,0.341217103276232,0.0495013923495291,0.0763134140333377,0.0994471652603072,0.160684076706172,3545.84525811809,1,1
158,-2,-1.89910505673778,2.32634615223515,0.755603166657038,0.799765221955673,2.19354757781358,0.396473811950385,0.0450808297477135,0.0706905649538033,0.100404991719978,0.170811783660226,3537.91884930548,1,1
159,-2,-2.47931136236185,2.22554941023351,0.970156056780621,1.08139109532887,1.8750483056882,0.484181082376062,0.0503091647760841,0.0760667502855112,0.0942890676885094,0.152392373592803,3551.29146919068,1,1
160,-2,-1.68280420876567,2.26550765661696,0.847644745572286,0.96349963297276,2.12071467179433,0.293821851917328,0.0521816127110934,0.0797408574140421,0.103817296918496,0.165247246731852,3549.56982702561,1,1
161,-2,-1.90285327565657,2.30224169470119,0.807669428307585,0.911908512659223,1.97759407656009,0.374275732877327,0.0469864598943659,0.0734548677203305,0.09934162556641,0.159807287709254,3551.34603395664,1,1
162,-2,-2.46507841885211,2.34875660695929,0.747344552189483,1.01464116797485,1.9746719321382,0.444508307689379,0.0477236453848253,0.0768918163278947,0.0961495966942472,0.153387241267484,3548.74979183844,1,1
163,-2,-2.00134384711662,2.26394344524573,0.855895452124088,1.11886950348408,1.79939674546081,0.389019596761926,0.0491485581271099,0.0766510192239583,0.09288748919646,0.151989035893534,3560.29289223253,1,1
164,-2,-2.60752374593248,2.31564994860616,0.765083782244103,1.12554187722317,1.65148462404302,0.531153786856482,0.0496480601623095,0.0788512728366394,0.0969602129280231,0.156189722470069,3558.48911450503,1,1
165,-2,-1.80302631754097,2.31526576661037,0.79114571197443,1.08368664892104,1.87129597927164,0.322172953118461,0.0491254240655415,0.0761974558907466,0.0983990519548253,0.157549447790523,3593.4556472957,1,1
166,-2,-1.84666177081899,2.19508756280637,0.89493542843528,0.935762438572289,1.95357875349923,0.363366844769683,0.0474035524383837,0.0740126307276593,0.101447087292157,0.167488212367359,3504.56101328618,1,1
167,-2,-1.78012827752971,2.27866415942048,0.773272237641218,0.920082004473239,2.13540631838623,0.331554425447964,0.0497527526906335,0.0782970901345759,0.102254516418216,0.169180964768902,3515.28281050276,1,1
168,-2,-1.68807662906691,2.33090271635676,0.718678028602417,1.05382264847063,1.98975186032026,0.29203790100561,0.0499611080128329,0.078670876041969,0.0991978035395551,0.160245577863497,3565.81928212337,1,1
169,-2,-1.78030095369437,2.27229519036689,0.882129298145865,1.12529048112926,1.93064290734452,0.304347241009246,0.0510078128979259,0.0786590497130345,0.0993895742484743,0.166901806163505,3528.02214557082,1,1
170,-2,-1.67827875091122,2.38433212316366,0.748721191669677,0.869026936856786,2.26799039611136,0.306056224354553,0.0466006247347347,0.0727062129622845,0.101957122937502,0.164733633274393,3579.56694724781,1,1
171,-2,-2.09205980121611,2.3807808562005,0.71850151137554,0.860058438423962,2.29614060302013,0.373545474622443,0.0466973104271938,0.0743148309474484,0.100641996380859,0.165372330806208,3555.69846226856,1,1
172,-2,-2.16965423205471,2.21354981138793,0.902167177826734,0.999078374326157,1.91433404702057,0.406425180780083,0.0490971488731685,0.0780919994271263,0.0956205065367021,0.15038551920303,3511.47333192246,1,1
173,-2,-1.79883443814142,2.32769946604864,0.735033697710496,1.08707162185065,1.86509867852214,0.338600738973811,0.0500143223232249,0.0780333819014923,0.0992937606804174,0.164023011293595,3575.8550401003,1,1
174,-2,-1.53493122541566,2.31488935397774,0.774225007674221,0.994703117310992,2.01621933683286,0.292926116985012,0.0482095982637102,0.074928229925492,0.0974854825596925,0.160215463766018,3556.47428165241,1,1
175,-2,-1.49744212635544,2.37363591349498,0.63678856281711,0.800830154010061,2.35478872089735,0.277939437062014,0.0456074946465197,0.0735039479356407,0.102495623583327,0.168351324671454,3499.22950734853,1,1
176,-2,-1.92078958175374,2.3633291923667,0.736303919623091,1.02481998390665,1.9153251462564,0.367355089671477,0.0483302694920583,0.0756288680215543,0.098135578660206,0.157998550892293,3596.16887918999,1,1
177,-2,-2.23078161517327,2.28004947671229,0.785482416253433,0.976797388345793,2.07671366209192,0.397882607660287,0.0496870203042553,0.0778203998096785,0.0964401030587113,0.159065639299964,3523.99232430778,1,1
178,-2,-2.09596246911371,2.34234473463243,0.748903069524684,1.16160469068696,1.7572893252353,0.387280011768306,0.0482496780950514,0.075915279823978,0.093210736960117,0.152705118278386,3570.79299448975,1,1
179,-2,-1.92112996805996,2.34132730346248,0.765293282548329,0.946476223460318,2.15651395088686,0.327760468781817,0.0484438179934723,0.0749740216635525,0.101907767775019,0.160007482264613,3586.50805561663,1,1
180,-2,-2.06511122881133,2.25872892490027,0.830057719937061,0.846895129246018,2.17543941598729,0.377412032374537,0.0470821912327457,0.0734778989586216,0.101096884590897,0.162546494047366,3505.03802588329,1,1
181,-2,-1.69011758224229,2.33572421851178,0.767304810869469,0.980584619664149,2.09531633812948,0.311611008437351,0.0480183179164794,0.0784972021780324,0.0990077213223389,0.157242788610544,3590.58546050979,1,1
182,-2,-1.8962368758846,2.39819440904651,0.688169897966897,1.11594493938327,1.80356165260396,0.370146165062973,0.0468606672298936,0.07503420970089,0.0944382507036066,0.153989541420045,3610.18961048111,1,1
183,-2,-1.79990187986112,2.36509911046631,0.701511994808345,0.916953739483956,2.15482942976554,0.324414953299985,0.0473178769064873,0.0762080416106068,0.101749472601227,0.165605756095068,3544.23305231546,1,1
184,-2,-1.55108366470337,2.35020275659449,0.665893788998084,0.916321593754681,2.08287000354556,0.290328966164505,0.0470123826835518,0.0743235030263177,0.102997345029004,0.165191929219513,3578.11863383505,1,1
185,-2,-2.01116589711738,2.19711681804915,0.910413124337563,1.00542512714893,2.03955582913887,0.358218029817483,0.0512603626867511,0.0792433986463152,0.100674156036532,0.163302425022533,3480.43055140041,1,1
186,-2,-1.58039548549187,2.40289095936911,0.668666743475921,0.858877905202183,2.35827811652516,0.271036828472964,0.0479326485874411,0.075836880263058,0.100792810620856,0.161484673203928,3548.63637519829,1,1
187,-2,-2.69453987862081,2.27531841588213,0.812217784921982,0.844550428676667,2.13519594828897,0.550976192669254,0.0476253710367532,0.074107931045814,0.0973154414581566,0.154296659261354,3500.44916675435,1,1
188,-2,-2.45728390740058,2.36884437198692,0.732839404521995,1.14070089477983,1.73525946842441,0.491915546914401,0.0469972260292661,0.0741700730567155,0.0917102515506472,0.151853453233176,3568.51293258982,1,1
189,-2,-2.36945036360737,2.21293832157659,0.926452549739352,1.00148815218941,1.96802387542196,0.441927296611663,0.05036953544411,0.0769301468475608,0.0975753856571667,0.157263889149937,3524.85411134624,1,1
190,-2,-2.22669093303908,2.32841128469863,0.789794835782376,1.05079475698298,1.90447416948348,0.426180393613751,0.049313324620444,0.0764639736035496,0.0971977367240364,0.152547762452805,3602.61218938751,1,1
191,-2,-1.69414994828031,2.32794288495457,0.729418714226002,0.98015172609631,2.10525951820382,0.293083424052248,0.0479488032456632,0.0780616372164526,0.100939843864761,0.163632542285289,3528.67639061445,1,1
192,-2,-2.37210330612178,2.23264551368675,0.886071420544588,0.867053471348988,2.06485069437787,0.456374724319613,0.0490493631039932,0.0754246789734789,0.103609060984534,0.164937591697154,3526.9359091518,1,1
193,-2,-2.18599834493482,2.35178500364746,0.796975287313701,1.07074780806803,1.93440597312568,0.39006922566294,0.0493159210118688,0.0778904776734009,0.0986422305724207,0.160426069331758,3587.56029221585,1,1
194,-2,-2.09555860114673,2.36595820108494,0.683018681012736,0.879782940476254,2.17076963728245,0.376616243539477,0.0461246200305027,0.0752449004942737,0.100632845393703,0.163412641363533,3530.45666353642,1,1
195,-2,-1.87614735559235,2.30419216605058,0.722442373736392,0.86993940171004,2.23396931174613,0.36331729212714,0.0474266053775156,0.0758293712384916,0.0981119733841232,0.162902771487747,3479.91726648314,1,1
196,-2,-1.87827942480607,2.3438876537497,0.692001216994698,1.01036625960623,1.88766955385253,0.355434187150846,0.0473249202373538,0.0742084756163309,0.0969856145111299,0.156763469459414,3557.48682582984,1,1
197,-2,-2.49134794812405,2.28977760584602,0.819215618285669,0.934891799739823,1.99536937967693,0.500744086694463,0.0461119924865196,0.0720008656529697,0.0990653708814971,0.162163678225727,3527.14681247737,1,1
198,-2,-1.83602204071499,2.26722802224499,0.785264917249225,0.975720551076264,1.94114690396371,0.335371585106964,0.0478909134884492,0.0755402047921023,0.100280100319037,0.165738112422876,3506.53954276321,1,1
199,-2,-2.14609494318992,2.35727467846143,0.689773203427858,0.929011276189315,2.23448414769494,0.382074404253906,0.0476879291865518,0.0764862374159309,0.09618467434428,0.15556637152655,3509.78494332284,1,1
200,-2,-1.86713964051716,2.21468707439519,0.972154157224338,0.87361911567797,2.2927505792154,0.323953946506146,0.0500789744731916,0.0792164560539172,0.0993008385040296,0.163142077154794,3491.65326597729,1,1
201,-2,-1.81324814511992,2.26951272668856,0.826409633533189,1.17181652225695,1.72927497679285,0.323178467767677,0.0499501992174105,0.0780670959674365,0.0971134374589453,0.155229863627729,3559.06550261522,1,1
202,-2,-2.05178022670744,2.21151683426333,0.905670110688482,0.887944406779798,2.17735946278318,0.36619310673582,0.0482192273159721,0.0736997788137887,0.0990284839079886,0.160374830694567,3494.61903723828,1,1
203,-2,-1.90357434367232,2.24463709290374,0.806991108689581,0.852590376000067,2.18379114982908,0.347193936581691,0.049225297509662,0.0764154953729607,0.102741073506276,0.167695491480038,3482.07529832959,1,1
204,-2,-2.24561752220528,2.2525369966592,0.840891285025823,0.970312504923996,2.02904502458946,0.393370933339519,0.0501452380247658,0.0787077775387912,0.098554157653762,0.156658145317943,3508.24020102873,1,1
205,-2,-2.00223111127236,2.38895784210379,0.685699183932551,1.02918089781671,1.87176811753886,0.402204764325327,0.046500031671851,0.0735317485575981,0.0972161888447948,0.156527353815556,3597.44538184386,1,1
206,-2,-1.61926648826672,2.33297904801168,0.736082129624749,1.1460257096187,1.85299769676504,0.292801965547507,0.0494668234322149,0.0790088190146796,0.0960239141288107,0.155699627507114,3588.39655517499,1,1
207,-2,-1.90133954943592,2.26478905566466,0.854830422261106,1.06681303732119,1.88781458924183,0.364486110699567,0.0486324513341274,0.0760082941602423,0.0948765452590941,0.155768743860369,3543.80092904955,1,1
208,-2,-2.01650025143875,2.38103093485605,0.72729124800195,0.963756030950977,2.09036553564079,0.388606952606896,0.0465144758285124,0.0732252275924035,0.0971126057692904,0.157491843539617,3584.13943723826,1,1
209,-2,-2.14004810342623,2.36726867669828,0.64806811274313,0.96334835713235,1.94090097797819,0.429328861403157,0.0462308037870396,0.0747495939605608,0.100271195829659,0.165783061470427,3567.1117947338,1,1
210,-2,-1.75365666647844,2.4337814344947,0.651141361489504,1.23507926250439,1.59538615208627,0.346261745736129,0.048290228758962,0.0763748169260707,0.0949412350594663,0.154283741698561,3665.5804570492,1,1
211,-2,-2.26592961978813,2.33741222823356,0.754644790459738,1.12563576934537,1.73270217303168,0.429755133809154,0.0485504120318073,0.0775406815925004,0.0958885013326401,0.156414301809819,3574.55265489341,1,1
212,-2,-1.56898007659679,2.34163877047882,0.718656805348336,1.14628326571238,1.88082980811542,0.285979607008004,0.0501971630850963,0.0793842961014044,0.0983798120124358,0.161463229339629,3577.06281107438,1,1
213,-2,-1.88224341284432,2.30955148444324,0.773781422221303,1.04897603483066,1.81796448922076,0.377181574696598,0.04838505878588,0.075654481569026,0.0983027229904227,0.162092576694858,3561.6001064705,1,1
214,-2,-2.84709809737865,2.23711446509552,0.888652596685543,1.1156566507164,1.68759359062989,0.546901268806767,0.0513039035498018,0.0810740207899224,0.0976649982230007,0.155898832395852,3533.79226163094,1,1
215,-2,-2.40771141559945,2.32725691553258,0.751205047314859,1.09329627298537,1.78640726343797,0.459694855938153,0.0481971180891792,0.0766858280808533,0.0942479385449785,0.152938454206656,3558.6907329902,1,1
216,-2,-1.57379043260057,2.22643396054738,0.927019759715622,0.997835643663789,2.0740368255437,0.284663648065366,0.0488716056876223,0.0751906077140419,0.0993197992170396,0.16101066327274,3546.09042086745,1,1
217,-2,-1.81854117939529,2.26496072924058,0.831611659614448,0.970003956704041,2.1047519923029,0.33204299276111,0.0496623846827662,0.0779487878754537,0.0981071574668226,0.156768163584452,3514.12092263108,1,1
218,-2,-1.88338787475536,2.34660510517855,0.760468365968872,0.922042797839612,2.19708430726841,0.338523509374175,0.0473871290328177,0.0757273220854132,0.10050520874532,0.163630011678868,3538.39661846982,1,1
219,-2,-1.85335970224628,2.35084076878321,0.789588938511377,1.17754033809306,1.71895388699771,0.372280569780309,0.047421956816025,0.0765442150914498,0.0927335883100703,0.155860192358687,3606.867725559,1,1
220,-2,-1.80516236614674,2.1826049692149,1.01417322251973,0.935852280193915,2.23769548710672,0.318159511884055,0.0532964524019926,0.080169166669845,0.0999208075844096,0.16336364342462,3561.40732657256,1,1
221,-2,-1.50654688878795,2.35970709019267,0.72431571114963,0.916908209355583,2.23519529720221,0.286801059291083,0.0466490042345272,0.0750755012707388,0.0981420507074613,0.164118213003877,3554.15227921864,1,1
222,-2,-2.34420554361979,2.32768028976174,0.834612523155886,1.02313179432825,2.00003349629405,0.405954757684423,0.0485483377538829,0.0768885058947606,0.0954164875708487,0.156499419420759,3535.16039134234,1,1
223,-2,-2.40157132547618,2.25832948619436,0.865320883327224,1.08372108899154,1.70664100911533,0.481281008061448,0.0496994252659431,0.0768093204465925,0.0986499475345207,0.162120996067781,3561.00623989457,1,1
224,-2,-1.86437461430874,2.21182597716372,0.953940641888104,1.04493188695954,1.95164092080152,0.342630591024694,0.0495360641979775,0.0771866342745187,0.100850687051065,0.168563416750865,3506.7955121524,1,1
225,-2,-1.93374773715247,2.28513802774003,0.907896898068154,0.954813888774087,2.00941201795285,0.380284989237132,0.0467756874985195,0.0742752317646578,0.0998181776990334,0.160315743958312,3565.29321502663,1,1
226,-2,-2.18489824477476,2.26246376679653,0.878312932187047,0.936214643026056,2.1615797711528,0.392524249773271,0.0503796377911319,0.0779264534656451,0.0992511319591227,0.16488479346485,3514.88916832975,1,1
227,-2,-1.64142766298795,2.27172111680913,0.810083066622993,0.872386420865779,2.19183657349319,0.29361585650888,0.0465687643100306,0.0746414563183997,0.101321010045731,0.164859586279705,3514.82851071411,1,1
228,-2,-2.19938319175074,2.23984038775853,0.90504962566716,0.849781790681467,2.02316942401415,0.446382428867083,0.046688539611563,0.0728268063417085,0.103217892304317,0.170201045936784,3523.65733261806,1,1
229,-2,-1.67712808496111,2.29293618742267,0.818673986574039,0.740563322495345,2.33026970968155,0.308454343537488,0.0454550325602041,0.072833893284954,0.107294868261792,0.168302333416332,3542.53566318122,1,1
230,-2,-2.52221648264343,2.28737064354256,0.847244692967388,0.970176755831548,2.07146632642204,0.454092433105102,0.0494682938842679,0.0801107797475595,0.0955074049642006,0.154942307921246,3509.62803363082,1,1
231,-2,-2.26487458424063,2.31711292983642,0.830027204027847,0.788962076941266,2.2540382921546,0.431602748992916,0.0452759198596013,0.070646206547434,0.100321797117751,0.162679811447686,3508.38224805666,1,1
232,-2,-2.62661500527455,2.27454650284624,0.829354864757823,0.902774504455129,2.12729814399238,0.487863912764485,0.049439314989566,0.0760928217850538,0.102499506924646,0.16178268250212,3536.82379785213,1,1
233,-2,-1.49572501457835,2.24568947924353,0.864496381386097,1.00097073136292,2.08439035099865,0.266776067136051,0.0514114105432085,0.079641131223109,0.0977302298014646,0.155471506404029,3577.93246917309,1,1
234,-2,-1.42826604278707,2.30631564595612,0.795352172344591,0.845204927263867,2.35434117135783,0.258318156679405,0.0480972798679389,0.0769859355361762,0.101924843093206,0.164626928469172,3539.68042021817,1,1
235,-2,-2.19430380143547,2.30238008260726,0.87332329542768,0.994911666923924,1.96274599206404,0.398520055817183,0.0478351073604676,0.075240392534666,0.0999127649351372,0.156794270052158,3587.67925230705,1,1
236,-2,-1.56390386471312,2.35667769913913,0.736985018700464,0.970230852063982,1.97250070483919,0.310717781057797,0.0480167843732816,0.0748156475490508,0.102771592099725,0.173327129571142,3575.83523495732,1,1
237,-2,-2.48384041813224,2.2850812109898,0.822576983149945,0.994763255367188,1.88849941498875,0.478374027162412,0.0472818244994518,0.0741112745036154,0.0971953011279084,0.151860050683287,3570.54770394618,1,1
238,-2,-2.34319263846786,2.30020077440373,0.826414100202891,0.884830139226178,2.15570725793861,0.427289957114255,0.0474086735063753,0.0743728565805728,0.0980694147695801,0.156488549423687,3511.70889820296,1,1
239,-2,-2.15898460844249,2.35540140373713,0.694648222399487,1.00370407582389,1.87682436255221,0.415790093550088,0.0481593451114691,0.0769474637550228,0.101062422606103,0.161112851006442,3568.79389094056,1,1
240,-2,-3.09957159926079,2.22177335997572,0.929957190411341,1.0272292711396,1.76402332581285,0.644193865944828,0.0478960958542084,0.0759948342477603,0.0961585110494689,0.158413978756719,3511.50274500231,1,1
241,-2,-2.41181789895069,2.28654220429754,0.827280698884603,0.950717499092364,2.00573279083918,0.438009685977806,0.0496658391293422,0.0781733094863942,0.098538288692832,0.161344082811516,3506.43863731726,1,1
242,-2,-2.36618589647056,2.30088504869064,0.733385628758892,0.750186938094274,2.2000155907393,0.473354357572832,0.0483152214528786,0.0755033940763093,0.104617085395706,0.165022499033249,3506.59326086743,1,1
243,-2,-3.22148240725513,2.31242079282112,0.698122163483045,1.08278258447959,1.79679983832961,0.637037406291958,0.0486280594961971,0.0778673916399226,0.0917177925412997,0.152503129607535,3472.62413862057,1,1
244,-2,-2.09117707195145,2.30959094935044,0.823353390679117,0.794760695190829,2.23007813622192,0.398249441993699,0.0464062673477004,0.0722970078350244,0.102708789292325,0.167985274118535,3527.33583489315,1,1
245,-2,-1.98439979167947,2.25478097819036,0.885400174704581,0.960327638214893,2.04030899570382,0.365294401207261,0.0490612049676451,0.0765321879480982,0.0982998974173514,0.156355375978058,3550.31060300229,1,1
246,-2,-1.91893332829321,2.34990627407228,0.763253208937907,1.10907251903562,1.8945523037672,0.346117852725615,0.0489251046325725,0.077341005659256,0.0987564607844721,0.158062992445463,3598.56086628657,1,1
247,-2,-1.89411455204958,2.30221102976962,0.848508990776801,1.02615823286027,1.96819494743958,0.346884285509289,0.049107928560871,0.0775634635621672,0.0994450016157905,0.162637889433012,3552.99851096534,1,1
248,-2,-1.56588967247211,2.32752612654117,0.796803456742168,1.04690796828886,1.97936186463574,0.298695955626555,0.0483309942585103,0.0764406029049815,0.098054886647174,0.16280192092258,3563.68401392236,1,1
249,-2,-1.70935283765771,2.33783331948226,0.793242965770345,0.937571763889133,2.1375517595401,0.316966205244419,0.047120604777001,0.0736292121868266,0.103770926403612,0.168488146355722,3578.81732262983,1,1
250,-2,-2.15907725838274,2.30685491027012,0.819985925828834,0.998141923847126,1.99942922495394,0.392212511654651,0.0489319385701826,0.0772385374083546,0.0991545148159665,0.156223017676119,3550.42895462876,1,1
251,-2,-1.78398911042365,2.26992056330923,0.843970724427905,0.968536647263718,2.08570301576462,0.318357151311273,0.0495635778465643,0.078414895705747,0.0995913928250232,0.160301364529656,3556.34694365517,1,1
252,-2,-2.09452078892951,2.30722226455776,0.86169049235365,1.0589275714728,1.90548112920761,0.397469759790209,0.0499762660583723,0.0775615311538229,0.0982020997735178,0.158655273834058,3602.64173110056,1,1
253,-2,-2.1297139416288,2.3220943802087,0.729061878920751,1.09918517209621,1.84497979164846,0.391603345841459,0.0480544553962709,0.0771187432125739,0.0993206792122141,0.165375369818917,3552.31306660575,1,1
254,-2,-1.53906939163471,2.20517075689069,0.996372834983254,1.05539170707154,2.03003758001502,0.277552877565956,0.0508016954322815,0.0763290331739505,0.0994403928701506,0.164919646671171,3531.84043703669,1,1
255,-2,-1.58721077121181,2.4122777272597,0.677569635881705,0.904523666269949,2.19814840831166,0.280762550393229,0.047110126400777,0.0731787038009634,0.102081829733692,0.166879463056817,3575.07883801439,1,1
256,-2,-1.58088965979253,2.25835479627332,0.905254760551689,0.751863120817149,2.40255579588778,0.295449873403113,0.048299983056646,0.0754137556188505,0.107481720644102,0.173740816323042,3543.77104371894,1,1
257,-2,-1.66580798349492,2.32753718636436,0.728125502619413,1.00606423457468,1.98655752828531,0.307553324303459,0.0486726141785399,0.0764668339098457,0.0999325608452418,0.165122117657594,3548.88093958084,1,1
258,-2,-2.41748269920442,2.28243812961565,0.806548363784774,0.871138745313503,2.19220678518841,0.433422441273329,0.0488258846932378,0.0776182966216597,0.0997328194186895,0.163274545150391,3471.64634743016,1,1
259,-2,-2.26816115626281,2.3165131039689,0.764113501924145,1.0314187668737,1.87144089553926,0.433617578745951,0.0486012909954821,0.0765433920638575,0.0969113405208602,0.163344008541402,3504.06189319339,1,1
260,-2,-2.46932088894178,2.32843668340397,0.811400888875473,1.08611199605714,1.94588788378567,0.445504994132175,0.049609912430089,0.0760409354363084,0.0941081656861388,0.153255925540594,3570.41232828486,1,1
261,-2,-1.27448764492889,2.26612768438468,0.888517432011099,1.05941186914637,2.03495046207948,0.245773929780228,0.0500227554370613,0.077919109446174,0.0981237785205023,0.166991946825781,3563.50318587597,1,1
262,-2,-1.84388426180396,2.31668482349491,0.812811882767823,1.04453858370359,1.95576399954734,0.338471542111617,0.0483588572971197,0.0735946063454119,0.0990106703286413,0.159932007815961,3611.50723750456,1,1
263,-2,-1.53037201825456,2.33631895180699,0.771579954968279,0.885304586298572,2.44678934576182,0.263611866913111,0.0495313117755673,0.0806089849011786,0.100621713034641,0.16676778826803,3527.49451133566,1,1
264,-2,-1.88112996369201,2.25652483411609,0.82615060474499,1.03580600257982,1.82286964173233,0.385369414037426,0.0487953435126143,0.0782282428239555,0.0995691136910552,0.165269586542278,3510.0322498528,1,1
265,-2,-2.46023852144011,2.27781302336865,0.834033634457445,1.05602328293649,1.84738783940209,0.473414926645747,0.0475660767329226,0.0758105127761285,0.0967761260660949,0.155755423077988,3530.81451572742,1,1
266,-2,-1.84694426571632,2.33367385957805,0.757443110555261,1.01809749532203,2.07554143975345,0.320178451581151,0.0479757003345361,0.0748940014971717,0.0971330501449534,0.158158491736354,3530.27590220343,1,1
267,-2,-2.39119520087443,2.37275912977734,0.717843847990247,0.951528589457098,1.97982097585879,0.445944057511727,0.0467274105720826,0.0731819105015025,0.0988824625911151,0.156916972751681,3584.11010554287,1,1
268,-2,-2.38630300526655,2.38082503148983,0.669646159817066,1.07465399678906,1.84555683457813,0.440099338703107,0.0478464262039365,0.0772953881254443,0.0973382823820286,0.153694141705221,3594.50566600668,1,1
269,-2,-1.84039509515564,2.25898080902675,0.90037747140911,1.0514010632946,1.88076542848192,0.341251621409826,0.0495676043416553,0.078495480096592,0.0989545177769926,0.15786724296633,3582.13155497966,1,1
270,-2,-2.19544188768536,2.31589550129715,0.759305178378709,0.855166924445455,2.21153183768518,0.416770149415052,0.0463610053772555,0.0733774537703369,0.0998806544773627,0.164878614337133,3488.23078783672,1,1
271,-2,-2.08033073784402,2.25750427448636,0.864147244479266,0.971164494895965,2.05034129645491,0.392403542135083,0.0505702001936214,0.0779579434330809,0.0992015907911704,0.160674823645735,3548.22391275687,1,1
272,-2,-1.9589990683397,2.2787975909655,0.852758943164335,1.06511942317383,1.85100798963671,0.386646073904728,0.0484720507611222,0.0769605749204874,0.0968969061943159,0.155911383414232,3577.74686979073,1,1
273,-2,-2.09627343836136,2.33088039873907,0.720008691205711,1.04401027440048,1.91195247164655,0.389054334907489,0.0510415356954779,0.0801041818248807,0.0986263300183174,0.160296301012844,3575.11865793374,1,1
274,-2,-2.28771950002217,2.36336230111871,0.66784507725039,0.993808599036601,2.04381940458868,0.404910339164859,0.0483347773006445,0.0762265491069095,0.0982404828877431,0.161574205889896,3522.73436734078,1,1
275,-2,-2.51123943588987,2.27446321421259,0.872856075850505,1.20377595269821,1.63413333591626,0.484823443970696,0.0506829385182661,0.0795825629223061,0.0904133912486279,0.145674941568584,3572.53094367968,1,1
276,-2,-2.23730896342962,2.26996267402525,0.835594435635986,1.05299011473808,1.94429364082808,0.404789030127775,0.0510587876409263,0.0777089140477058,0.0950252043521743,0.156256389043266,3522.76677980941,1,1
277,-2,-1.71334095895852,2.38964906681064,0.626231317347916,0.803285264636123,2.2721741530915,0.330237245129465,0.0445729799734282,0.0727878675190639,0.10181255555926,0.164650219740594,3543.89545286368,1,1
278,-2,-2.01260059635702,2.2264435488264,0.886027038152409,0.885097638504406,2.09312577010156,0.379443357018412,0.0471507841477952,0.0747930401648403,0.102109604228019,0.167204653884586,3481.78389146199,1,1
279,-2,-1.70704899298997,2.26063081119967,0.828348148419382,0.742948151655954,2.38227292402335,0.313922171455719,0.0485221460727895,0.0746628001494365,0.106359770065109,0.170388115299075,3512.65938632787,1,1
280,-2,-1.50911115928709,2.35136242574217,0.701676217128935,1.12273616836488,1.8549221274351,0.274262282433118,0.0486038554895441,0.0798476917691849,0.0988674015235187,0.158726598157182,3585.06031614001,1,1
281,-2,-1.95485552204069,2.32723414571276,0.788261476894683,0.981385634819031,2.03452777990758,0.354342876785956,0.0476363957974477,0.074878250628615,0.0995984694239447,0.160391745818542,3568.29357493667,1,1
282,-2,-2.19168744939947,2.3371891516246,0.759603531145977,0.880729002367144,2.08382705664938,0.428418703137781,0.0457303387776955,0.0720690569023036,0.0975092620152206,0.161217917769428,3543.12723046051,1,1
283,-2,-2.61452968785186,2.19078264666424,0.978784175113532,0.977409728519509,1.93977836980509,0.506892926113514,0.0487893320283887,0.0759916887778366,0.0946251973901646,0.151468928551391,3538.94947573497,1,1
284,-2,-2.88305264737329,2.3210055151138,0.696519448677344,0.844095545166287,2.04331226855535,0.58394759569284,0.046987976814722,0.0729339165111113,0.098264073807058,0.158287934280711,3494.38862202418,1,1
285,-2,-2.17794005506115,2.25118706111095,0.906952186357385,0.859195976215842,2.09976703601143,0.442466867589636,0.0477272816822318,0.0751661809267321,0.101050768958025,0.16569369480548,3531.24839286198,1,1
286,-2,-2.03631860991019,2.25793902938284,0.914008865773509,0.999116087262417,1.85474283813802,0.409719216644766,0.046880551496133,0.0750807018763362,0.101693825888024,0.162343694367407,3581.04484832192,1,1
287,-2,-2.37810044579282,2.27048926590129,0.857175579280692,1.0068312420186,1.9975244578678,0.434788741786552,0.0481889394502768,0.0751782568301474,0.0972907213037357,0.158173167765148,3541.61184043235,1,1
288,-2,-1.97621803012462,2.32675052272333,0.707373928992305,0.902580225986605,2.12410982212377,0.352466788373832,0.0475158244657935,0.0757664015575267,0.100086977163314,0.158966625738414,3521.65045398834,1,1
289,-2,-1.40693627494644,2.26098899325851,0.891078604885195,0.979550912086773,2.20762738977365,0.252163033111414,0.0498185942280584,0.0783275210725797,0.0978682874499908,0.164237017018822,3514.28153174462,1,1
290,-2,-1.98661828487836,2.32249790201095,0.807360369603945,0.95284526289772,2.08795975745111,0.361832942972766,0.0496422035626071,0.0755253490852853,0.101705514982436,0.163199175301329,3569.82597286189,1,1
291,-2,-3.29228382789912,2.39385204566701,0.669587973212097,1.16943002739923,1.68770922876084,0.673332468282257,0.048353287087642,0.0759903654440072,0.0915439571921414,0.1464381210016,3597.39828720283,1,1
292,-2,-1.92973394643855,2.22059584118544,0.952993341212357,0.969663314222475,2.04678179701748,0.34233867117475,0.0496716725531205,0.0778320088011413,0.0993526340900031,0.160981536274143,3530.46166337636,1,1
293,-2,-2.11898784268393,2.27026651008922,0.853694603487406,0.964289748360065,1.96274906729912,0.412397560293262,0.0485015532008058,0.0749439494314168,0.100539464640565,0.167199622206805,3530.23052334555,1,1
294,-2,-1.61578378853742,2.3639074054057,0.716012390427911,1.02487435790308,1.98849462492954,0.290831878532334,0.0468538463136713,0.0741241064787945,0.0989930867069077,0.159775296816327,3584.98071623014,1,1
295,-2,-1.71486295074309,2.30265804208451,0.853928455253076,0.977549648608425,2.09856820666198,0.318538851410802,0.0485777360864661,0.07606054724163,0.0983328347731945,0.161971601430947,3570.83033744456,1,1
296,-2,-1.72761971499413,2.39139275947514,0.715196231422905,1.00141151449292,2.03515166011088,0.313470325635598,0.0476558142945409,0.0747815888220782,0.0979259714347822,0.156760313248705,3595.10310574365,1,1
297,-2,-1.57181154804319,2.30435291040998,0.761099580176722,1.08279427960427,1.95295918928926,0.278520209276717,0.0488522106742569,0.0784004227344846,0.0981690082692313,0.159730237300317,3558.00572408997,1,1
298,-2,-2.3039251903221,2.25656489833933,0.923596034695304,0.837729624121822,2.23968611414051,0.412941481646951,0.0475489007342044,0.0748684888121279,0.102679091796133,0.164708236346115,3514.80604706333,1,1
299,-2,-2.42173720221814,2.3606975790459,0.74389290137041,1.14482528083162,1.73155150415639,0.456373147362935,0.0491442615231524,0.0776836584230977,0.0954061357037129,0.158339055741566,3578.08819562065,1,1
300,-2,-1.82395213093768,2.31032988753592,0.882393154717729,0.899540964187077,2.17184469156604,0.331108445356317,0.0470135629819541,0.0731403561426265,0.102168537944538,0.16303047437777,3596.88353978825,1,1
301,-2,-1.42162999503383,2.32323199790678,0.760400757439717,1.17522828642269,1.87396691004699,0.246797395074379,0.0510726629776596,0.0784188448590209,0.0976741385384645,0.162485325289949,3574.90191773856,1,1
302,-2,-1.74836825430573,2.23860846306732,0.86004320670464,1.03429998907621,2.01896604695406,0.305324969530643,0.0506118882494616,0.0787704533454749,0.0986759918396687,0.162171673673529,3520.44579495538,1,1
303,-2,-2.11446906777503,2.36390337607926,0.733420386622067,1.12363677913345,1.90214523479413,0.355905287945718,0.0510962648790236,0.0790819518902657,0.0970684620860204,0.158349994211348,3573.85043046954,1,1
304,-2,-2.49563166059216,2.29364647598128,0.787678942884801,0.921334762686036,1.91990003103912,0.508780892767437,0.0478554854451583,0.0754212401209059,0.100170885659291,0.163985343800125,3512.64167195878,1,1
305,-2,-2.07150241862728,2.3117781231059,0.796027487763791,1.05045094719086,1.94199230124894,0.376047671785237,0.0493061895776687,0.0754279997686577,0.0968049505552612,0.156401730815462,3557.77751703542,1,1
306,-2,-1.7496254962355,2.28791665902315,0.897818874751883,0.854818870985103,2.2858790813768,0.327410877343337,0.0469252443535091,0.0747655861118794,0.0986798044218494,0.167832839492339,3518.68080296052,1,1
307,-2,-2.28315769738336,2.41640925128462,0.65113026016699,1.08212621212016,1.8865077668177,0.407704020654745,0.0486799332288417,0.0779245485060559,0.100071130218697,0.168223697945944,3564.85772543977,1,1
308,-2,-1.76764031514166,2.24425775972318,0.857563283235274,0.961781986287477,2.13111631925257,0.319293534474323,0.0498593956362942,0.0789097458169929,0.0968146655690247,0.159353183195625,3509.82110441835,1,1
309,-2,-2.07700656926513,2.32271140087804,0.79567908225659,0.979665477401371,2.02250358196387,0.389725147440287,0.0466590110046632,0.0738281013750855,0.0987370699154609,0.160648529293124,3540.94377222801,1,1
310,-2,-1.94903956444172,2.35488962691395,0.736423679111915,0.927713872666442,2.10471023442265,0.369057966225319,0.0450855609508395,0.0727091290458067,0.0946646738197541,0.161218345421061,3504.67633850169,1,1
311,-2,-1.85090152578173,2.32734551421916,0.798918638842664,1.00191698309431,2.05075289435296,0.330190891168476,0.0484676441047504,0.0771610704517739,0.0980160563892397,0.156741612097282,3582.39890168262,1,1
312,-2,-2.98295728344986,2.23245193299706,0.909678197991124,0.959429677432278,2.06087727664545,0.553489426485995,0.0492132995583823,0.0772165150593507,0.0933846396131506,0.152025310414281,3462.58285700326,1,1
313,-2,-2.59688070798535,2.35765723235766,0.740551693513302,1.09795621249993,1.81048737484262,0.494703325060429,0.0479890237721576,0.076878367986163,0.0937199314598065,0.152684718474496,3572.02611547862,1,1
314,-2,-1.93874300458737,2.27860527650281,0.824894055520164,0.949516736263285,2.21648769052569,0.349113633235104,0.0503201994077551,0.0792041243605539,0.0986292519156825,0.165891601524287,3496.27973269201,1,1
315,-2,-1.73551889772459,2.29006651819887,0.838053648029777,0.973204787113589,2.10079900557663,0.317543923851006,0.0490357362624865,0.0780405542313679,0.0990064740161663,0.161848888708731,3549.3245646624,1,1
316,-2,-2.03795825915113,2.37267369613274,0.675958802978586,0.995771074775051,2.04806990880552,0.351474519851609,0.0500846783288087,0.0792993415443117,0.101546693452762,0.163967526327682,3514.14614319271,1,1
317,-2,-1.99152324163152,2.31385691155932,0.840253640931763,0.957667930619763,2.17686430564014,0.353619571781873,0.0479694675346925,0.0748901143323126,0.100573302991007,0.169680507797862,3527.17145258124,1,1
318,-2,-2.10021648296387,2.26961679478047,0.832031822033541,0.889418343272051,2.23245536006389,0.374065777554906,0.0494404602384017,0.0786199164480083,0.101893606607598,0.163676764609856,3497.6215943877,1,1
319,-2,-1.32668302282967,2.3211599721153,0.75785914957179,0.928217538974531,2.25878392744599,0.231213119451433,0.0491000397683533,0.0773896632266684,0.105485144721354,0.171196735445794,3562.96529618125,1,1
320,-2,-1.60198431068859,2.28181503201093,0.839555949479698,1.11795812160577,1.98291177711276,0.29281482599049,0.0513555901141444,0.0772036116467211,0.097913699258535,0.168264772428366,3563.01921083671,1,1
321,-2,-2.04424445111339,2.35985418692786,0.713542743529217,0.971904263415607,2.12418416743696,0.359970093546577,0.0484168283913183,0.0756902789732536,0.0980765947903134,0.160333390722913,3528.68458634389,1,1
322,-2,-1.97943791806423,2.2403582736879,0.825328855714549,0.945790052291545,2.06491009288273,0.35685568496123,0.048924017672273,0.0760305979608539,0.100281788046973,0.164393265762886,3476.20065992172,1,1
323,-2,-2.01857220016132,2.28416643317978,0.832696613383388,1.02622242455092,1.95929691771596,0.363153476010244,0.0498041076451461,0.0766588598113293,0.0995474024157538,0.161138372299552,3549.30653356062,1,1
324,-2,-1.93528535191155,2.37763328814795,0.712752963488851,1.05516033159075,1.90082101923768,0.36102299327859,0.0476061127187728,0.0749812109251675,0.0957844162055974,0.159459056374372,3574.38109594221,1,1
325,-2,-1.69770221455415,2.30834823951408,0.827818101645478,0.94152452281384,2.22017879567409,0.277393181435479,0.050874437873817,0.0815011241882649,0.101634249261329,0.16164918315777,3542.41646070356,1,1
326,-2,-1.88746278490118,2.2360485267714,0.843603226933771,0.962459441798455,2.06794712032364,0.337975471743518,0.0509530632516665,0.0811349197062165,0.100793404854303,0.161072729930034,3520.98478914975,1,1
327,-2,-1.82445746003387,2.30121211554117,0.799886563265635,0.963496981207229,2.12416249746677,0.316844565294793,0.0479854331248753,0.0767198342018938,0.101898282991738,0.166566882347635,3540.45716262477,1,1
328,-2,-2.24177476707864,2.37003716160053,0.726536975759152,0.881457090630993,2.1037411418584,0.402242162564111,0.0463132678683567,0.0732069718849088,0.103692127938098,0.162077458781408,3575.18050916463,1,1
329,-2,-2.4901279876212,2.37710789912948,0.703411313711525,1.01796109119522,1.86832460354175,0.489095517257859,0.0462790855382052,0.0741719362855936,0.0949149320235895,0.152761064842923,3570.88823625721,1,1
330,-2,-1.88617040200068,2.40720452892956,0.690593057051924,1.13593661400044,1.96646649119416,0.312029893929223,0.0504411750666366,0.0798686286097708,0.0979805298709675,0.161687970187691,3583.27798005146,1,1
331,-2,-1.5070571816576,2.27673202071662,0.809241535804528,0.863775614614002,2.25504487468412,0.297678325908867,0.0481624871854791,0.0755523512869657,0.100912756873095,0.167204853924641,3533.54373031603,1,1
332,-2,-2.78761062266014,2.30597573740417,0.855159746837994,0.995641836310924,1.90787533869573,0.556714569618314,0.0483975815334446,0.0769289815317701,0.0970639011508323,0.157462905664543,3573.11591469204,1,1
333,-2,-1.4545785559233,2.36185891481628,0.748453593547301,1.02900478781404,2.01896194145027,0.272817966702123,0.0477513801497492,0.0752365673776932,0.100750750808887,0.168178235094803,3575.13246565113,1,1
334,-2,-1.66502212897188,2.3312040270368,0.737871108284901,1.00576434730398,2.07470934760521,0.295284965225896,0.0493502063724294,0.0774411771611353,0.0972757667646777,0.156094081215664,3564.20227603973,1,1
335,-2,-1.91290758717494,2.31025546741959,0.82345433006186,0.997401014777985,2.03636500625888,0.340059121164541,0.0471681119203077,0.0748659150718938,0.0992531950905184,0.16284645236586,3524.88387577733,1,1
336,-2,-2.60304885476831,2.30126088252113,0.840776418808971,0.818445601684315,2.18231891348316,0.520287750100903,0.0457030794725707,0.0707079142997261,0.0997086774597318,0.161200928645515,3526.72709325905,1,1
337,-2,-2.01679587692169,2.23654447846496,0.810675420503181,0.906532285927459,2.09942222625814,0.363766902380806,0.0488518344538677,0.0756870300188974,0.100309969152054,0.161731404603187,3469.06404301488,1,1
338,-2,-2.1638901724782,2.3554049654751,0.733910085132823,0.99762240658377,2.12576866129309,0.378356634636656,0.0491944194374231,0.0779444898358913,0.0959826826020573,0.15206133422576,3580.07587878931,1,1
339,-2,-2.10138617440649,2.23975850828847,0.920043605576185,0.787282495813393,2.262409787726,0.394021072368411,0.045711650041819,0.0710124061552067,0.101544476614579,0.166645560524754,3495.3993473331,1,1
340,-2,-2.40162763372241,2.30076991436077,0.769433473701317,0.998915265298244,1.91474097314601,0.423731731615388,0.0476538170385268,0.0770832401143386,0.0968987033761292,0.155787763318795,3512.74964531424,1,1
341,-2,-2.18700586543656,2.28656187120264,0.825121674439546,1.04464755054666,1.87545435730377,0.429034942153235,0.0485284499869393,0.0754981267003456,0.096688164278054,0.155347592808235,3573.79692752769,1,1
342,-2,-2.56689859833547,2.28446946196399,0.807728032844515,1.11341066850716,1.72280909105875,0.507278773926413,0.0496148796838834,0.0780948255682755,0.0961391539142798,0.159127915280117,3548.1357343703,1,1
343,-2,-1.59613298485555,2.24641522958734,0.888736986596618,1.05191728464404,1.84394334164722,0.303505036668869,0.0511654086176102,0.0788851826873161,0.0984049906418193,0.157403446337304,3583.63505412486,1,1
344,-2,-1.63022296355782,2.3018807654882,0.787821711699444,0.868653512983129,2.28494097781255,0.279751310963314,0.0471011102978832,0.0750769741763227,0.104375152563263,0.170327427729727,3512.23658309684,1,1
345,-2,-1.94513780700281,2.27751289457751,0.875003185056158,0.90163924590032,2.09362616417365,0.362882399345189,0.0469258699309416,0.0748125304218374,0.100909213272623,0.164997767133399,3519.81922343734,1,1
346,-2,-2.44769964868523,2.30301470743328,0.738628822297321,1.00290816732794,1.93697271990763,0.446306826713679,0.0489845845726431,0.0764079140078863,0.0943626850697561,0.153616082053895,3503.92386623097,1,1
347,-2,-2.12542559875361,2.22674705816854,0.916944684860885,1.26250720346914,1.62840020380171,0.374220921986125,0.0525542486816587,0.0833377771762374,0.0927177360742601,0.14912019990934,3542.60245167343,1,1
348,-2,-1.94936057486473,2.35429336699715,0.679634396833744,1.06363633154606,1.99905609625968,0.332467902555831,0.0481113854399054,0.0783044960532675,0.0965955023068216,0.156765953660255,3519.24142008059,1,1
349,-2,-2.65926863815273,2.31083991463218,0.820174586479173,1.04285764621978,1.77893828074685,0.521082646343839,0.0467346810110706,0.0746017185246344,0.0972544761795276,0.156141104231366,3555.72166001615,1,1
350,-2,-2.6836959858867,2.36441797323094,0.731761735346923,1.0829430234873,1.77406585702669,0.525297473595511,0.0470144951509847,0.0763106212473349,0.09473418197706,0.151495718249157,3561.63747297826,1,1
351,-2,-1.75857088686553,2.33804304704627,0.718177447996739,0.838653957603932,2.22902693407466,0.331748206054444,0.0472842674400682,0.0749798250707756,0.103081240547156,0.166116251095596,3514.85004660032,1,1
352,-2,-1.7449521315953,2.2276199110669,0.889702365950917,1.14663837285081,1.80215532639384,0.323562363641675,0.0495190014575938,0.0774053994087371,0.0981683963864596,0.163000156235542,3514.93367988123,1,1
353,-2,-2.20275394409478,2.2487310425912,0.844028797681259,0.92678493221046,2.02353201973084,0.410826561222749,0.0492802778324415,0.07577718149752,0.101512246762405,0.164700261597907,3483.15425337298,1,1
354,-2,-1.63655606186459,2.29220023365805,0.822466373780019,0.950486470611027,2.06537395666031,0.295335616607069,0.0490213148493264,0.0754232291999994,0.102173940962961,0.166222204595944,3557.36789951193,1,1
355,-2,-2.10738036041898,2.31444094036846,0.675886478871485,1.00895677370887,1.86519347515689,0.420487093053139,0.0475946662226812,0.0755855145728395,0.0974180489253953,0.158593847019305,3534.30514583524,1,1
356,-2,-2.86084738261509,2.31136286951038,0.772975308626189,0.95281684376969,1.97211552877151,0.549450617701779,0.0471197363660944,0.0736170976039681,0.0952814085946308,0.153475983798046,3535.2135033763,1,1
357,-2,-1.61110335786027,2.34342412597216,0.733637953468701,1.04114901096636,1.93604800512589,0.311099812051905,0.0480966676841618,0.0763412159274651,0.097905529763999,0.157157976722751,3573.7582500019,1,1
358,-2,-2.46326208148833,2.38234704643828,0.662060089496877,1.13305367326544,1.68541958458781,0.499451650705327,0.0492611980531335,0.0774795098362705,0.0929620992297914,0.150289114896215,3599.54788596801,1,1
359,-2,-2.77237936448532,2.3409152190713,0.7639102027816,0.940519808522742,2.01250886523923,0.538769709861158,0.047813089802381,0.0744626660884816,0.0990941240852136,0.162343872374707,3527.53931486937,1,1
360,-2,-1.70075950766862,2.23721531091665,0.950187885242682,1.05859318840452,2.03040552589004,0.286543080500695,0.0521618145674283,0.079555485384424,0.101647620683011,0.163449937654029,3551.05737237755,1,1
361,-2,-2.34711226641936,2.32235623720256,0.805625998919859,0.981434522611302,1.90596523480067,0.431826946737785,0.0471829103890657,0.0744703108252363,0.101454973359254,0.160959986775324,3541.57035636635,1,1
362,-2,-2.52055410149044,2.198612629349,0.918759857911923,1.06303409137488,1.80867144494383,0.473881918179791,0.050869132305648,0.0793577175252557,0.0944755908349517,0.151799899138439,3507.88825179876,1,1
363,-2,-1.854563248706,2.38637411854008,0.650297153842657,1.19602927267393,1.85897863574699,0.310561860324429,0.0496618003361509,0.0790394908028542,0.0959815831284546,0.154883776033565,3586.86969054259,1,1
364,-2,-1.84681806026758,2.30940965145119,0.765999525868592,0.911054540394761,2.0627471605253,0.354627906004087,0.0489295537360307,0.0772349567447822,0.102590039729141,0.169054889017154,3525.97378971912,1,1
365,-2,-1.88152559679139,2.26109497641713,0.882530202298605,1.28396707771808,1.63219323482463,0.351232613865711,0.0516598159487377,0.0811696658221253,0.0930621019860306,0.152488294758636,3580.537902715,1,1
366,-2,-2.16256319313894,2.27640592746014,0.804107185381655,1.02428090143064,2.06610575300578,0.371905220533781,0.0496320023599611,0.0776786774151762,0.0969063708002911,0.161074058862208,3485.75018974641,1,1
367,-2,-1.85947120541242,2.19552606408488,0.91470902616085,1.06032217554043,1.84594996013127,0.355128773687197,0.0499581375601573,0.0780495322150377,0.0979336109627025,0.160875776020525,3516.39776222174,1,1
368,-2,-1.78009214960502,2.35514520915223,0.73122062039268,1.14987353625176,1.79979501015818,0.31792324972234,0.0488615006982259,0.0791692316980366,0.0972216794294935,0.156833319028842,3591.04082753773,1,1
369,-2,-2.29396173023276,2.32040083339919,0.672537953995822,1.05458665635767,1.99559667058238,0.406410644630464,0.0501695117712981,0.0791099129031899,0.0964976169361661,0.156980537471908,3476.16719381972,1,1
370,-2,-2.21405420209678,2.28898639440925,0.793565834566423,0.985245264004708,1.97216389591375,0.40760436689848,0.0491174945203362,0.0761310362447711,0.0993737570714527,0.159339719896905,3536.7572480084,1,1
371,-2,-1.90429556070224,2.43612512636384,0.649039194193386,0.996154997131625,2.08972517079836,0.352264492493736,0.0468370928734824,0.0742930326332134,0.100321863859958,0.161265542740165,3641.11649007825,1,1
372,-2,-2.44194597510289,2.27920040945379,0.906722353287441,1.07909123503009,1.84853462872546,0.459315316854643,0.049748465933715,0.076954866176746,0.0952210919071941,0.15717221750819,3551.93428619129,1,1
373,-2,-2.07048762549837,2.28421250837774,0.825508720124307,0.951532253777903,2.07361784362734,0.368324456830931,0.0476973586384056,0.0743208145938873,0.100852944635188,0.161412937769093,3525.19111468601,1,1
374,-2,-1.96670101225883,2.28226355209841,0.812170171797485,0.74301268186541,2.36264567142967,0.375993725373216,0.0470511838561613,0.0736997763380676,0.102812732797533,0.162697756922894,3531.16464574623,1,1
375,-2,-2.01438760672219,2.26301611101167,0.804885905322129,0.932850373076651,2.02764958556922,0.365344525924928,0.0486159678030343,0.0757079473841376,0.0981555512415333,0.156143882387452,3533.87471522971,1,1
376,-2,-1.55905760472265,2.33442669084802,0.701956813815419,1.02004772129786,1.98365563226509,0.285330301500576,0.0498406434518758,0.0786705125298725,0.10273065362381,0.167143355763522,3552.59296404479,1,1
377,-2,-1.92729770829478,2.37240114169612,0.748369160064567,1.00313088589237,1.92795069194052,0.367755169692908,0.0472631227162553,0.0733168393787314,0.0990268455691548,0.158506362695291,3605.93612842427,1,1
378,-2,-2.55204724533824,2.28593190669565,0.809397459421616,0.935171558339676,1.99619124631607,0.498612832116781,0.0488061298953692,0.0766696870202446,0.101109860397278,0.162703064945395,3509.83962760873,1,1
379,-2,-2.07292058789342,2.37740476062944,0.601892566073474,0.912674013017362,2.14290554911525,0.367626323774485,0.0447189355213777,0.0747674602738951,0.0987577716187172,0.161041509832258,3494.42668873306,1,1
380,-2,-1.94664265156589,2.25999559004479,0.790046931991961,0.971615877064069,2.04051578766118,0.358838226914906,0.0481958824056855,0.0761116331121553,0.0974508988580768,0.155583906809912,3513.38086519385,1,1
381,-2,-2.15575978504986,2.38307967491528,0.644654189500277,0.838868648716188,2.24420994216802,0.378644591238015,0.0461760773021288,0.0763304254428769,0.106305702887664,0.167775509869699,3505.85111570132,1,1
382,-2,-1.72740349755545,2.3207193496312,0.807972155241378,1.07680380722243,1.99245040599155,0.310490762151934,0.0485229271094426,0.0776719122731448,0.0981771510183202,0.158729830191495,3568.20953612093,1,1
383,-2,-1.78196191638218,2.37437279937212,0.674952491924776,0.800520792684002,2.26781101318898,0.322816596997252,0.0463246127035661,0.0724757307478374,0.104349866200322,0.164469473982003,3542.68817138073,1,1
384,-2,-1.81156989432337,2.28790993161588,0.784284003920242,0.893064974165362,2.14679600935397,0.321823284956075,0.0475439462722557,0.0755597434802784,0.101054513496517,0.165514124584719,3492.28288110383,1,1
385,-2,-2.68477719250627,2.2200694734932,1.01146318343256,0.968058787904048,1.92578488728217,0.547328537289632,0.0486606563839113,0.0745536352919453,0.0965525008419221,0.155424865244732,3534.42664501832,1,1
386,-2,-2.08207747143482,2.29551340145279,0.755876000703001,0.894406768040397,2.15682557539504,0.366921373515799,0.0476275463344125,0.0766292985938214,0.101302903142819,0.163272612382958,3482.0274934737,1,1
387,-2,-1.87168599367346,2.30532920328974,0.765782638647065,0.993211385099231,1.95519027773959,0.358363707616409,0.0487483657261772,0.075074753901136,0.10095797590436,0.168014176300648,3547.76359927794,1,1
388,-2,-2.45328629679304,2.35886427427398,0.667910699051863,0.934058520763807,2.06968229671899,0.460494899570132,0.0472574888867692,0.0748733586140261,0.0990270908394188,0.1661754603418,3516.38097894538,1,1
389,-2,-1.88476554302705,2.29457220150533,0.824724693708045,0.938520696887888,2.02859112352075,0.354933845899923,0.0501844626038651,0.0781811456487916,0.100938909122018,0.161807084618889,3546.14207446887,1,1
390,-2,-1.70383561877881,2.2657230968515,0.833361494655472,1.13896346406056,1.77192134102341,0.326066926568025,0.0494765783092386,0.0763042203352922,0.0963907474501396,0.15992040545181,3577.15709281837,1,1
391,-2,-1.78307501421934,2.12796512687093,0.983685728650897,1.00666984021271,1.93724911886306,0.32048051822035,0.0520912733418849,0.0805918368936852,0.0963576536707405,0.155645871606794,3489.76671943613,1,1
392,-2,-1.83492506405219,2.27048678843389,0.831530585245882,0.902682446333516,2.06495882638759,0.35005916243134,0.047993252937609,0.0771642846279876,0.103511050497853,0.164158559961698,3532.47426295055,1,1
393,-2,-2.21826125603371,2.27993979127669,0.786515357691741,0.920562588225824,1.9514675349172,0.429701708291462,0.0481559438188722,0.0757807193704026,0.09944526776518,0.159694059113965,3525.94212506334,1,1
394,-2,-1.64069971785512,2.31489214764664,0.815165433735486,1.00083479305977,1.97017555481838,0.307801882902528,0.0485450177936931,0.0754211942950557,0.102498081026982,0.164881819169067,3592.77181363329,1,1
395,-2,-2.33095048308072,2.35289254674147,0.716475659194875,0.959909209702624,1.90290815186965,0.453004135671169,0.0481737627420306,0.0757133440254702,0.101305011852511,0.161359098749479,3538.08507687471,1,1
396,-2,-1.94252035582281,2.32139617159369,0.749121898013994,0.881611913981517,2.14776467225555,0.364207004083464,0.0461992517592285,0.0748435182192033,0.103900392701713,0.167696665925619,3559.90954921986,1,1
397,-2,-1.58801764760332,2.24355359422926,0.951886983368332,1.18836956435559,1.77978231748976,0.293324504616562,0.0517898795194901,0.0801376370413547,0.0976129369942353,0.159667256464689,3603.85407313558,1,1
398,-2,-1.69503572068233,2.37774527635159,0.713205355738451,0.918120473120626,2.15733434745792,0.307740120476533,0.0493589355837616,0.0772321570254375,0.104382969543277,0.165663778183438,3593.40308458494,1,1
399,-2,-1.96215092664526,2.24069553247627,0.877718073443599,1.08455252014181,1.99894720643444,0.331104639835357,0.0523743120757643,0.080964772983329,0.0970327454331121,0.157734704241456,3509.57867969626,1,1
400,-2,-1.96728385647617,2.28600545983729,0.834478143537189,0.798796133733614,2.31337274107979,0.36012010941801,0.0465291467786919,0.0734520726590313,0.102139823124478,0.165589018549579,3524.30207463352,1,1
401,-2,-2.3009895440378,2.34142667425783,0.763278040358297,1.02121357328561,1.9272878888291,0.451777047575691,0.0465071698312607,0.0746988346393266,0.0966417399056223,0.159794623034104,3540.00384884562,1,1
402,-2,-2.25248484308477,2.28021030334269,0.805229731169259,0.965149055228822,2.09367656548389,0.410037697580884,0.0503824030430847,0.0791291900891049,0.0976512476300859,0.163338266869394,3487.51229498874,1,1
403,-2,-1.7835364338323,2.44263771669512,0.55791237583475,0.948143295071103,2.12483370826882,0.330779294876566,0.0483683636911593,0.0780354021645767,0.100450519033561,0.162212570083422,3576.95508258075,1,1
404,-2,-2.04924285325349,2.28501351776393,0.81811894136288,0.941276778890906,2.08628750272662,0.380375358923247,0.0492774025167979,0.0772886345397398,0.0989033945428475,0.161783745532444,3530.69821083887,1,1
405,-2,-1.75041466071578,2.27455212413012,0.856207879831172,0.88281358768987,2.16654796354191,0.324252920089527,0.0469046097885893,0.0750787785074158,0.102944811536595,0.173895718336289,3509.56769774888,1,1
406,-2,-2.66901101921113,2.27867009031727,0.88069825368817,1.00900874950665,1.85616784561205,0.501406211268887,0.0477763887695347,0.0747926950261385,0.09963516707557,0.161475817400387,3543.78598812775,1,1
407,-2,-1.75537138928224,2.30276245107891,0.818304934279714,1.16940346286684,1.88935064500445,0.31558004386246,0.0506649726428058,0.0808947472480058,0.0982408514486567,0.159477222145263,3594.54656146962,1,1
408,-2,-2.48469372080555,2.27090509403757,0.863577596109482,1.02149182199756,1.79475421196139,0.494800213963886,0.0492820609251013,0.0773213515152418,0.0979987845373135,0.157156346426488,3537.13473366238,1,1
409,-2,-1.64227807189675,2.23521428146837,0.875880213571954,1.12980384632546,1.86751409774198,0.300736783109738,0.0500470969293029,0.0782032579475094,0.0962115845568322,0.161750998722294,3528.10383777474,1,1
410,-2,-2.3393992827225,2.31564844573285,0.813035820104782,1.04177761638977,1.92159238443588,0.433614536667618,0.0483097400786046,0.0761280581025498,0.0949447806740598,0.157285740504086,3538.79945489541,1,1
411,-2,-2.14360968851501,2.36865188000113,0.748875825519183,1.00498204189496,1.94745809397484,0.396376270513249,0.0466346742764455,0.072935181780864,0.0998230422544816,0.161992724677903,3567.26267272432,1,1
412,-2,-1.40013804961139,2.30454213826816,0.791529683207148,1.12115032390921,1.93286913769841,0.250466328146683,0.0501499902018101,0.0781307221917101,0.0989182862132079,0.165117500036306,3546.14340427714,1,1
413,-2,-2.06372380409824,2.42349588421773,0.575748867823683,1.03608878127264,1.87680558647152,0.406018300324496,0.0476289402515661,0.0768732701539453,0.0982216213248219,0.159142393793711,3584.53692233323,1,1
414,-2,-2.26377807344601,2.27104243919062,0.869834518766947,1.09862664197027,1.89260391240967,0.400075580701871,0.050591135531303,0.0765853891753014,0.0974294252686325,0.15651154224605,3568.3175189092,1,1
415,-2,-2.22254701884531,2.25153170384353,0.877427132652869,1.0200204164206,1.92397960909306,0.394097073450942,0.0487252375517528,0.0770602535636985,0.0982249957135647,0.158963430651006,3536.94103535523,1,1
416,-2,-2.35193588044027,2.31817928770315,0.777957383861273,0.997293681235396,1.8377112883941,0.47989552413123,0.0471648101177853,0.0726337563400832,0.0963247846109497,0.152533800713778,3565.8037408715,1,1
417,-2,-2.00885725780165,2.28316517715773,0.812050659537144,0.96623056206404,1.96835118374462,0.367905571111666,0.0492079279750593,0.0771876302919124,0.099336381395257,0.160579944138753,3522.84318479411,1,1
418,-2,-2.65145192922711,2.37497365629825,0.726793234046592,1.1399215209557,1.71965949763181,0.568530808755075,0.0483199899924889,0.0771101574137775,0.0934504180320812,0.152820768063825,3623.96295552004,1,1
419,-2,-2.2848710747647,2.30760848295017,0.804882455744306,1.0197563570339,1.86377188110838,0.459855356994064,0.047614569378422,0.0743003124008502,0.0960491058805461,0.159500416016688,3550.09845955552,1,1
420,-2,-2.04496906792767,2.31305956877378,0.829661783569685,1.12300665818069,1.84307838659466,0.386830627216125,0.0494243724591581,0.0777150924349392,0.0957376654480709,0.158907725554265,3579.46665899481,1,1
421,-2,-2.83862575360915,2.2293574771182,0.927215426334852,0.927783280290702,2.05576682935993,0.556880576783187,0.0484067236284328,0.0753680679119416,0.100040350577564,0.159675423785242,3538.77757282332,1,1
422,-2,-2.38290275560556,2.27364489209672,0.862795165090235,1.15545955633573,1.76083089824187,0.445394083240047,0.050929530359348,0.0790108791721955,0.0940879877445961,0.152075097407789,3563.31154495487,1,1
423,-2,-1.99372716885824,2.31767058231716,0.822894844614189,0.803209699105153,2.23399842847205,0.375120747751184,0.0452534696444616,0.0718122574703369,0.104277915421308,0.166678968724691,3544.28975712387,1,1
424,-2,-2.21859900038591,2.38140817503745,0.660598890490858,1.05140063164618,1.75798272766278,0.441624320086514,0.0468799169085481,0.0746632288477953,0.0979116163776385,0.162356055290426,3586.38197530788,1,1
425,-2,-2.41320694665749,2.25177703005547,0.857421075716229,0.955059255450342,1.90541225118528,0.476864546001163,0.0475551540559288,0.0747228235886226,0.0989228857067812,0.16269491958482,3524.39759061312,1,1
426,-2,-1.9730709704484,2.35741972665849,0.776032931828248,0.976143786806238,2.04655487865001,0.364790962777945,0.0477527666915253,0.0745440942827381,0.0975451211750224,0.158089305195316,3606.8143170047,1,1
427,-2,-2.32271998277202,2.30778717174818,0.777223076579642,1.0456833283648,2.08375420959128,0.404366360712286,0.0500303729305763,0.0799396412633501,0.0931633213779541,0.148803147649713,3553.16689239527,1,1
428,-2,-2.35937992281369,2.33191528515057,0.762811096786364,0.913883513459039,2.11441493454528,0.430989937124706,0.049710003910913,0.0776973920519311,0.100996080864387,0.161208413825556,3559.64240256552,1,1
429,-2,-2.16868017438378,2.29284822565482,0.859649981174799,1.06403718449298,1.87577479307627,0.408828753629887,0.0509326588540207,0.0781865425392726,0.100264383462602,0.161051611934142,3589.77969958151,1,1
430,-2,-2.31875097681165,2.34128752817696,0.733543330121982,1.08045556987767,1.80264198837531,0.453725636393624,0.0494642550424525,0.0769746662804356,0.0961858444188314,0.159198850485049,3551.72583707515,1,1
431,-2,-2.6611500728977,2.29706802399823,0.808497042034163,0.989003461101517,1.99659121847596,0.489544601515693,0.0482604306903492,0.0768721282968726,0.0971274606432074,0.157967853091254,3515.1792797793,1,1
432,-2,-1.68089517472131,2.34399532416307,0.73693065123254,0.741646598410425,2.39121347880753,0.32696589029065,0.046194333208199,0.0752213000886146,0.104414049504449,0.168660479329169,3543.20513197271,1,1
433,-2,-2.61085925576323,2.32607047760152,0.795671235018348,0.915722821062684,2.07462477413252,0.508029256130479,0.0476162787654469,0.0751311119324717,0.101777524353267,0.164852699825651,3554.47032276106,1,1
434,-2,-1.92434309849988,2.32000962393697,0.769100678132767,0.981072284778567,1.99567815460939,0.355150835288245,0.0466343163578793,0.0739656129517069,0.0977820521460087,0.160784639230445,3546.77480500622,1,1
435,-2,-2.03519713789289,2.27667567989256,0.750189123766544,1.07063184180675,1.83322606397391,0.369152494323695,0.0498209297802767,0.0805058690361876,0.0947436254614961,0.155438118768568,3484.10283307899,1,1
436,-2,-2.33000518371716,2.30649888836518,0.799051856379175,0.944533316482803,2.11986541163583,0.41494052767957,0.0486649022836574,0.0740073444975164,0.0979214071055749,0.158066015893345,3516.22353744052,1,1
437,-2,-2.1137616207614,2.28074682888691,0.811670682396032,1.02380888981051,1.8183973767991,0.429433944118466,0.0472974355288906,0.0751060208421631,0.0967831913350363,0.158281133129049,3544.95819591451,1,1
438,-2,-1.52765718959501,2.29492568135559,0.811299284178963,0.933084994753278,2.19886678680607,0.276097200709658,0.0493664621561888,0.0760254369140952,0.0999183876470786,0.164122259503195,3532.22857119891,1,1
439,-2,-1.73475270882292,2.33503359645366,0.797533420624365,0.932458999230227,2.23005833081707,0.296209333180757,0.0471320327692452,0.0742978864203246,0.0988457939271939,0.160141568120291,3556.60691195713,1,1
440,-2,-1.63089493312496,2.30379462655425,0.774763748627251,0.808246937482588,2.35632670055395,0.295336660793497,0.0476927341676852,0.0752908084983378,0.10243539146028,0.161897785009808,3555.69706182158,1,1
441,-2,-1.8021616809636,2.34694686389142,0.74399573757981,0.996967126098372,2.09854755656354,0.315575109191258,0.0488968160961442,0.076103684322547,0.0988508181653262,0.163440368970484,3550.40326110791,1,1
442,-2,-1.75816613360505,2.27795093015953,0.793152440406321,0.974864333612186,2.07625149332614,0.317920371123537,0.0487962957036645,0.075295191413158,0.0989240481535652,0.167688172617655,3496.69861999003,1,1
443,-2,-1.57930167886201,2.26056252450403,0.84276509641347,0.946027457037137,2.21635865863162,0.274980574391468,0.0484830851704986,0.0760110125703482,0.097436605349218,0.159665992476765,3511.57376033883,1,1
444,-2,-1.45498274232211,2.19442502823532,0.946136441750648,0.836616145624929,2.41931695301613,0.256871135616631,0.0507173639734682,0.0776773680863366,0.10219244438416,0.166152277075464,3516.45212579678,1,1
445,-2,-2.3212233053734,2.3075840162943,0.800531822952412,0.822343858001635,2.27803838409876,0.398313268834974,0.0472011384727175,0.076961735361388,0.100551023604539,0.158057826752523,3527.15200256288,1,1
446,-2,-2.26575680672839,2.31544993963579,0.783449955312054,0.834554645858419,2.22911177470153,0.424382248511117,0.046534631507943,0.074207326524894,0.099973623178463,0.160275917190984,3523.72621888958,1,1
447,-2,-2.21188505726072,2.22444582847402,0.938692726552203,0.970245469271494,1.97712570081364,0.425074199639112,0.0481084529571302,0.0757522614487156,0.0956018742998073,0.157011516161232,3498.40529535532,1,1
448,-2,-2.00459047406093,2.27853576752234,0.871204123409558,0.955067850360859,2.11745338788851,0.369025263034092,0.0494151334203745,0.0773693785320668,0.0990124469420436,0.162744918773968,3552.9836979832,1,1
449,-2,-1.43589429026189,2.32351570710586,0.72529412405039,1.06381356367744,1.99003432892046,0.267469082671462,0.0486770655654842,0.0771128598619841,0.096743032824814,0.157858574269197,3558.84590952921,1,1
450,-2,-2.48515096966465,2.40070244634411,0.634875144363009,0.946985708235036,1.94365569042436,0.467022316722175,0.0456431201336332,0.073277328999348,0.0989054218439129,0.158271837099298,3538.50281252314,1,1
451,-2,-2.30053033674978,2.27703210109858,0.808227434971744,0.952832199611123,2.14460608951828,0.421484352124818,0.0501310402559271,0.0790644041233052,0.097523729071122,0.162279381312372,3504.63873938903,1,1
452,-2,-2.0731220607276,2.31239381927131,0.755412448924817,0.85395096682644,2.17497021975077,0.384250875841193,0.0468966900552189,0.0721737108937132,0.0994718821381345,0.159646129937563,3521.42550006295,1,1
453,-2,-1.67001794286739,2.33992380145172,0.765014747144445,0.91550373758841,2.23646648799493,0.283861100565907,0.0496977153451193,0.0763054564593881,0.104629655659642,0.163787595532305,3584.83256153115,1,1
454,-2,-1.8271793927282,2.24247771065534,0.86073214575382,0.816903578127408,2.25941511674135,0.340244314341478,0.0479006546658863,0.0739755518659911,0.0985186111534679,0.158133173728034,3500.66752982544,1,1
455,-2,-2.00736661786955,2.37525120816429,0.713740148837555,0.939295005502897,2.10845836231742,0.382115315195164,0.0479904660236177,0.0744817085166948,0.100572183767482,0.168812440983512,3563.45892150898,1,1
456,-2,-1.63510063695681,2.29261127762329,0.823364846642287,0.92679034853089,2.12692263875158,0.311714675433533,0.0496532316551668,0.0757357799563795,0.100756697117768,0.165640348029188,3554.29540333343,1,1
457,-2,-1.62016904613765,2.3267203068587,0.780859400187529,1.25406063039877,1.77563718676122,0.277269368922729,0.051930264378688,0.0831252349162535,0.0958104142949958,0.149556144256173,3597.79336527978,1,1
458,-2,-2.12180558978763,2.37799811288975,0.703907317478754,1.0489589459297,1.95363348250618,0.396928235378743,0.048401379558851,0.0761912592352262,0.0968747447731389,0.159548092156007,3567.8723493264,1,1
459,-2,-1.6665789175198,2.258297510995,0.824431320143618,0.914847404712225,2.12895428368678,0.300555475061631,0.0494785712436712,0.0745893498999978,0.100725452156766,0.162750374614206,3530.96762697973,1,1
460,-2,-1.83597917683212,2.25652030577919,0.834690213141841,0.764092346547498,2.29977119262927,0.341245329089067,0.0483739401502254,0.0740452040104539,0.10465855054903,0.169276187158853,3507.46987443354,1,1
461,-2,-2.63164269301745,2.36086374881292,0.699607006200779,1.06091191678691,1.87416964954127,0.475351783501985,0.047602266146688,0.0761709336975993,0.0937153639802223,0.152243897532429,3543.57745061297,1,1
462,-2,-1.64558019618768,2.31724316866164,0.795350221098684,0.940297101276516,2.11790265216179,0.302322554321885,0.0473558143776011,0.0752608582347942,0.103278467297563,0.1674701650422,3554.78003057069,1,1
463,-2,-1.38658582293906,2.13251872708679,1.01958888028109,1.02652442321438,2.10342697176546,0.261539626239661,0.0532853371352363,0.0800003390067715,0.0966195639364299,0.164117293982992,3497.69675133989,1,1
464,-2,-2.34979507717295,2.31877606503854,0.802187118870909,0.922021753172396,1.98679418585251,0.474832331154495,0.047105460089124,0.073533804035553,0.0996141298565513,0.159344561757668,3573.10203948476,1,1
465,-2,-1.77744086308144,2.26935666844064,0.84979502316794,1.14302038648476,1.82456501870747,0.32001053747016,0.0500452617577874,0.0772971940030145,0.0964026403033685,0.156134802969351,3571.99808508381,1,1
466,-2,-2.19827819864183,2.22819977259285,0.942253832399301,1.0828444237455,1.82048459522598,0.435432819585965,0.0499258571978006,0.0775050906975826,0.0960404114690938,0.156713854217859,3549.08038310364,1,1
467,-2,-2.47935602112757,2.23383843347921,0.889714978434844,1.06062230827181,1.89643004972572,0.484815458602859,0.0517423945845061,0.0806074637905833,0.0982941393404499,0.167052665119477,3502.80218375606,1,1
468,-2,-2.14557077563717,2.31202330958262,0.805646725332907,1.00246224512132,1.99786794524078,0.409890219409791,0.0493900506477981,0.0768790338002332,0.0958956784529472,0.156022925432656,3547.40111126862,1,1
469,-2,-1.74833261452913,2.31697602163831,0.78239832756059,0.930259143063306,2.14515028379697,0.321083241794493,0.0484109763707511,0.07722229100057,0.0967500381247215,0.156819219856915,3538.60239535559,1,1
470,-2,-1.86424301436028,2.27808341844818,0.794701064330079,0.878329397451039,2.17128294547513,0.331616501765578,0.0485640971432221,0.0769932658488288,0.101851802470826,0.164083863928641,3506.22504847632,1,1
471,-2,-2.19450016301549,2.35326604403723,0.708699368396487,1.12485486638949,1.8600984792643,0.377852468343325,0.050240072164128,0.0783613501937518,0.0964965381475809,0.153228560121302,3565.67184799367,1,1
472,-2,-1.67018774577463,2.2791501601042,0.807571679086912,1.08629500776895,1.91651080835755,0.307517549863911,0.050737192223551,0.078855393540999,0.0961484789682525,0.16065300053742,3530.26963485185,1,1
473,-2,-2.54658761036184,2.33770027678887,0.736022167459152,0.9771320787141,2.11613662349894,0.439452983936687,0.0486638708556779,0.0767602011337883,0.0974270652452965,0.158104542621391,3492.55917976069,1,1
474,-2,-2.61244408230521,2.18366918495721,0.931117857862874,0.984899205857985,1.86831300371349,0.5179994214447,0.0488796034004409,0.0759080079718757,0.0970624908865037,0.157276149978705,3485.81583951183,1,1
475,-2,-1.96897375977796,2.20658184722195,0.890118975485386,0.748250168039629,2.33864508309108,0.369699376855719,0.0491785079145849,0.0746061863715919,0.104433291334181,0.165024473700147,3504.9779211972,1,1
476,-2,-2.02444730721581,2.30703415694305,0.818679511505252,0.79892113610029,2.29314855127142,0.371726047580515,0.0476978831553283,0.0736093053277893,0.10672742795289,0.169318373549077,3553.55036521519,1,1
477,-2,-1.75917488740763,2.24912780493143,0.846544081751689,0.867444653972927,2.20947030464847,0.312574444665304,0.0487941151108538,0.0761659745014427,0.102603186673655,0.164465709936247,3496.43459679679,1,1
478,-2,-1.33369423041178,2.30734084992833,0.772074940744685,1.03083354711457,2.13252390045859,0.249112359798281,0.0506123637150465,0.080597856164871,0.0994089804416774,0.156805489539641,3595.11120762833,1,1
479,-2,-1.83710924120975,2.23204820194278,0.886447469526157,0.933956049385279,2.03177812349601,0.346997628028378,0.0490924737976954,0.077055584392979,0.103401335608885,0.166838081469416,3517.68228379937,1,1
480,-2,-2.31789254828496,2.29444667387278,0.84847186120961,0.95930939243754,2.07797867226904,0.415840461307411,0.0488185669430471,0.0751984248005429,0.0973446213210266,0.158451199080072,3519.73665576103,1,1
481,-2,-1.58492145262209,2.28293390617477,0.853174636137644,1.29054735622134,1.612792767275,0.293249799128015,0.0514498666318032,0.0791836644222134,0.0964107938010342,0.16055269375192,3581.24414244764,1,1
482,-2,-2.01480743944925,2.36624753240921,0.722440337775806,0.853329727049318,2.35244144742436,0.350538937854985,0.0455795782800037,0.0722899009620929,0.0992768448353248,0.162593912517446,3515.51557035944,1,1
483,-2,-1.90219002244745,2.31046193531008,0.781703547989354,1.13143829459583,1.88716096699395,0.330566889490166,0.0504411946592688,0.0787333822579702,0.096082673392744,0.157188002834585,3542.8154157297,1,1
484,-2,-1.36413617419426,2.37716271110316,0.67667284922029,1.14164149133423,2.05945629529299,0.236116327163544,0.0519289656936026,0.0803298245142102,0.0970304903141516,0.164233713266004,3580.34624590284,1,1
485,-2,-1.36871103747324,2.23726398326779,0.955250345548833,1.09857858971843,1.91546890979257,0.258120798417426,0.0484915545080578,0.0756405667909014,0.096299036859087,0.158070298463896,3578.29018791907,1,1
486,-2,-2.28632189446703,2.35105102285654,0.687519736266413,1.00124744030457,1.91938205618738,0.435506035066512,0.0474542822420705,0.0744592528369638,0.0968493154297958,0.157865488214472,3534.89367298909,1,1
487,-2,-1.89664578760968,2.32601033760185,0.778537215818239,0.988073561438552,1.9857135754073,0.346767345963784,0.0478784840133708,0.0756253298848477,0.0993257633663031,0.159055581249259,3557.64189429079,1,1
488,-2,-2.39445794823363,2.33071020465391,0.757707717115152,1.0632304534221,1.84707722540369,0.434146016458896,0.0476121458750214,0.074186041608903,0.0979860265696364,0.159927068658193,3533.97314955415,1,1
489,-2,-1.93704279115671,2.31876017801403,0.830789867825718,0.86853384921802,2.23149377254337,0.368998030903467,0.0460484117489591,0.07492725693002,0.103045500494359,0.164545247960556,3575.70404788037,1,1
490,-2,-1.93315508982775,2.34726154587003,0.779848174944231,0.940441981969295,2.03801598177405,0.354620738983959,0.0481493251276778,0.0753385914202459,0.103897323142182,0.164069477020742,3565.04733177721,1,1
491,-2,-2.25289470190415,2.30719298649088,0.833854205629433,0.951015096516291,2.06382800459314,0.424888535432362,0.0473623160399603,0.0755100919717922,0.0992808909337575,0.159238264911567,3546.96987356771,1,1
492,-2,-2.56706237720988,2.38137002961421,0.733506181451468,1.15458830458164,1.78544200484229,0.471157312039533,0.0484730341746875,0.0770243547286543,0.0928135316791546,0.151691610711512,3578.63759872792,1,1
493,-2,-1.64030653686794,2.25833728715309,0.906987216375182,1.00674165061034,2.02411034824541,0.311688006385826,0.0494954315362899,0.0761711674103703,0.0997257708390464,0.163349459269078,3556.65043492834,1,1
494,-2,-1.6581409268547,2.2356878142478,0.915597929073593,0.983932489473921,2.11175110700824,0.301996374034231,0.0509527829944147,0.0788754017399658,0.0988350210424832,0.163907951777111,3533.50099986411,1,1
495,-2,-1.74862272643355,2.33769167973,0.768530837336869,1.08824103400838,1.91827074003785,0.327326474778136,0.0480798697067944,0.0754889492474115,0.099501527307624,0.157958426874193,3605.45466327235,1,1
496,-2,-1.21903396131711,2.32604993092013,0.746255821408931,0.916195130806946,2.30183803987129,0.234071387168137,0.0492230947833376,0.0768509571988198,0.102323859447404,0.163863629290618,3587.95185348312,1,1
497,-2,-1.96044222553652,2.33609295299939,0.792938933110989,0.9568803484416,2.0759652511747,0.374866232237743,0.0492738423517894,0.0767896590676296,0.10164159318116,0.164151120246427,3553.809174859,1,1
498,-2,-2.41812771390967,2.30062566921863,0.810521033667302,0.894441229640933,1.99847906212104,0.503369221144398,0.0459188219923103,0.0721541039014883,0.0986603658349241,0.159075885189025,3543.32668814436,1,1
499,-2,-2.33447335452525,2.28472491520694,0.849392822685813,0.961262014916609,2.00682507481045,0.459671916235299,0.0493209479619784,0.0758916742689638,0.0979863097597712,0.159559752743907,3549.08055696323,1,1
500,-2,-1.74026831926549,2.21354265264816,0.857915109452698,1.11690391668636,1.74263391997383,0.326796194079975,0.0501515424264385,0.0779235275868007,0.0980701997240066,0.160213137337736,3530.0204673257,1,1
501,-2,-1.52863028670692,2.25448037487079,0.797227462841549,0.923745665232761,2.13996562255029,0.282822779130084,0.0502563738646397,0.077232960391577,0.101014912923243,0.162407708768569,3512.99538408815,1,1
502,-2,-2.44067061235726,2.33030912764643,0.700465302302519,0.90569142229588,1.99453444785355,0.477135743263804,0.0476915953389121,0.076305902226603,0.102142655414324,0.166623760929828,3487.79344961829,1,1
503,-2,-1.99120276893251,2.31264917334677,0.794656338481807,1.04539522458604,1.95272729368854,0.355165260888915,0.048457734521717,0.0764288882246965,0.097297275777876,0.159192656039349,3549.22369059638,1,1
504,-2,-2.02923952522432,2.26632632284855,0.80118480956275,0.890877805056909,2.00113377342646,0.419375190987887,0.0470907157813551,0.0734490259138683,0.102467770972207,0.171910952296803,3521.79510553464,1,1
505,-2,-2.78423964009759,2.26804081439789,0.821184098992802,0.926940648124716,2.07904176450095,0.532112102550929,0.0490472556052874,0.0779330121839916,0.0983455056962129,0.160307597313529,3481.21903541438,1,1
506,-2,-2.0226543417532,2.29505257233728,0.804594340825798,1.17193941626038,1.56587232553676,0.418260007820819,0.0490537728975423,0.0756892114073652,0.0951854567217256,0.157029065549548,3583.30951987867,1,1
507,-2,-2.22599326061026,2.37789204742484,0.672476409528673,1.03344793882101,1.93672718261137,0.388260872258116,0.0492313785409384,0.0783808711420428,0.0995850404017761,0.157837089347289,3555.96316430896,1,1
508,-2,-1.75395334945197,2.35759885273166,0.719547496418209,0.994285061730967,1.98363779651734,0.353706684676629,0.047241749232903,0.0739892446037628,0.100555000684655,0.17060009723726,3585.08074213901,1,1
509,-2,-2.77102442155006,2.41631464592243,0.623064622747197,1.06958704809811,1.82783981460593,0.519751698455452,0.047117378850389,0.077682072737994,0.0972338930932333,0.156418355900796,3539.32478410583,1,1
510,-2,-2.02200128736001,2.36093398243384,0.694897030336057,0.99194108012299,1.85739552037398,0.391655986781401,0.0476405669752679,0.0754743646631033,0.0986435994115517,0.160834729482587,3570.41916982722,1,1
511,-2,-2.47047143271517,2.22532370008443,0.910327615634474,0.978190169585461,1.92566759378755,0.460359960189486,0.05072930759476,0.0796819214102933,0.0988712067485711,0.158144125032336,3525.17074931859,1,1
512,-2,-2.01187452466557,2.23856318778108,0.950615786820841,0.794499031771603,2.19282581375617,0.40739062016629,0.0466924484422923,0.0726719843511754,0.10226005085632,0.161812483609054,3554.23699663025,1,1
513,-2,-1.8478045206036,2.23377398254634,0.866653721535364,0.901394971103878,2.09829364307877,0.341046576313332,0.0485869789178264,0.0779120147632554,0.101130907495877,0.160261630948841,3516.5294335464,1,1
514,-2,-2.31071351616833,2.33949300564126,0.735216913972374,1.01368348099652,1.82923278352478,0.466498347231776,0.0464248111651606,0.0738893752001444,0.0967222670403712,0.156610380866165,3552.41939176992,1,1
515,-2,-1.85264232035437,2.26614632384569,0.765423801069318,0.971567626565405,1.95986470575822,0.348834904532138,0.049633588903264,0.0763019535475679,0.0982159460796284,0.160777946440793,3516.58164499105,1,1
516,-2,-1.72475287829743,2.31589943320893,0.821103932233313,1.22698769845051,1.66605056887874,0.315842824572341,0.0501264502553452,0.0792599359182416,0.0948311019472026,0.158120513173071,3596.87192549171,1,1
517,-2,-1.72281382406216,2.33865496519479,0.720702987550415,0.942315986421103,2.02260179186159,0.360943051763756,0.046618792120588,0.0732445405501966,0.101588746041043,0.168437756889146,3569.68310038799,1,1
518,-2,-1.89092607432366,2.38214144591676,0.6520245202417,0.792109101812963,2.30586679472103,0.334389351688693,0.0472180262947597,0.0749987321987145,0.102917799750165,0.165945239291045,3507.15957450459,1,1
519,-2,-2.65188475871117,2.30746394139,0.821396243517605,1.10317527176045,1.78301010366101,0.50216700994355,0.0478061807613245,0.0742393791666321,0.0936812196466087,0.148891273642278,3570.36717185873,1,1
520,-2,-1.8588635380393,2.27395336402507,0.825445657405833,1.14439323429279,1.78788949043563,0.341867584343946,0.0504406720314646,0.0794215965716941,0.0946173419835562,0.154481761411613,3521.14173455041,1,1
521,-2,-2.40601960611319,2.25816789765841,0.828185533961031,0.986153089074644,2.01081578185615,0.4355625752528,0.0487169718156043,0.0767024888665302,0.100709319574145,0.163348898625803,3466.08390853012,1,1
522,-2,-1.94014575084007,2.24798843976599,0.843695597566035,1.05060035951684,2.04159405992483,0.322834905848366,0.0537532321770634,0.0816496341704293,0.0982038092417865,0.158842569602211,3510.0844454867,1,1
523,-2,-2.54702442517685,2.31392195451751,0.80177376261117,0.870305301091947,2.03314120855522,0.502799539261213,0.0454826839395681,0.0735980367034368,0.102007671384067,0.163874976212235,3526.09818916246,1,1
524,-2,-2.22194223567057,2.25986556527359,0.813257528551224,1.09657455650825,1.80494209012276,0.395362683946981,0.0487774417696612,0.0770097333658033,0.0965388525270442,0.154241169448014,3543.39755450543,1,1
525,-2,-1.95742100493265,2.28610504488706,0.856204444347114,0.953335164958416,2.10668297196063,0.344938542373342,0.048445005527374,0.0758882394255777,0.101320260907247,0.167422384967733,3507.6915492311,1,1
526,-2,-2.00174784771636,2.3083358873207,0.792028497877808,1.03195283486948,1.92253496009999,0.378382593056663,0.046672955163225,0.0740716272891038,0.0974063489475101,0.159305776456309,3531.84282304447,1,1
527,-2,-2.0772748860348,2.31268452922594,0.816267580210173,0.974649790114904,1.91487254373432,0.427440889673812,0.0469229696126344,0.0724216774375188,0.0992769632846441,0.164142514415933,3559.09342822568,1,1
528,-2,-2.04092067212399,2.40498789735489,0.642151092149937,1.08060059854145,1.88262135044414,0.376729752537453,0.0478034134040504,0.0765557613101612,0.0976456986080049,0.160666443853134,3570.30235878793,1,1
529,-2,-2.3693434634353,2.33689295826473,0.725744140518072,1.14606274566846,1.70106962749968,0.471729568552633,0.0500459140234477,0.0786486759136553,0.0967070203429671,0.156510786301885,3581.09488778976,1,1
530,-2,-1.40269045230623,2.22601838377889,0.868049581977334,0.864956428662481,2.22696062821683,0.271622726874984,0.0493030360166033,0.0764342665242459,0.104685485729164,0.173045320385165,3513.74090002439,1,1
531,-2,-1.69020832553574,2.29155334649473,0.839765471828624,0.938005586479789,2.08785914625278,0.321614182464461,0.0483048641516167,0.0758909967591208,0.101446627363384,0.163289101964646,3554.50052126794,1,1
532,-2,-2.20509821405259,2.27768567249194,0.839501399906845,1.01816482276245,1.88526967876181,0.412881893453991,0.0483641819478363,0.0753341850358048,0.0990057750571583,0.159962118849492,3549.44431217344,1,1
533,-2,-1.58997350885834,2.24961156342423,0.885053427768588,1.08743036392031,1.98912175249521,0.277848921007994,0.0503911385142363,0.0770421622189292,0.0977216943767468,0.16035629186232,3541.51874726015,1,1
534,-2,-1.30540823832728,2.28003660454267,0.791154731047409,0.862822748140515,2.25355820339928,0.253276303343316,0.0483320370395951,0.0754331859271168,0.103638328624828,0.170617702960035,3527.87235858468,1,1
535,-2,-1.634877605032,2.30286864242744,0.803087289174473,0.921896628609434,2.16830057667906,0.309463018077043,0.0485517331534018,0.0755845901777632,0.101650394815688,0.166989194215127,3548.29073657467,1,1
536,-2,-1.47933727952449,2.35967122705833,0.751155766557131,1.07854906389218,2.02385895735304,0.285604034123432,0.0489148205807653,0.078352045009884,0.0961654382208939,0.162694429628138,3591.01909538371,1,1
537,-2,-1.87043632942073,2.33622739858593,0.755956731440771,1.03732480533033,2.02631550278252,0.344809382406292,0.049493834339533,0.0781575138045574,0.0952809874368514,0.154392748344821,3573.55276346293,1,1
538,-2,-2.65262526188736,2.29232233289821,0.791633606866765,0.86607979420897,2.13031158053112,0.491461793873082,0.0481153622148255,0.0753668411940024,0.101550327164853,0.162200139006554,3490.14752216766,1,1
539,-2,-1.90407787853477,2.36396652820802,0.705171337562033,0.996856043181848,1.86385883054488,0.3555297137602,0.0461514901803792,0.0738944213447023,0.101433192560174,0.165845465213305,3563.25504508895,1,1
540,-2,-1.71625675177161,2.26471272092993,0.826769928366277,0.938105842363798,2.16840520118805,0.292954944662086,0.0483192214753532,0.0789855711318419,0.0991339329534639,0.156271064407969,3498.50512957112,1,1
541,-2,-1.95649263193302,2.31916049943344,0.740584342566152,0.938565329903663,2.00255780671102,0.384205342432009,0.0472762404726038,0.0738226433707281,0.0986574078003168,0.158007313216188,3575.21564254686,1,1
542,-2,-2.06026513292886,2.38319581044489,0.697410934661269,0.915436283832605,2.16648825401874,0.359386660843368,0.0480021134437925,0.0754788048335306,0.101318142231329,0.162030220759088,3580.10522049166,1,1
543,-2,-2.07176768076633,2.33478978964677,0.771845763738328,1.05115422326049,1.85730732543203,0.390579288251483,0.0473447628237502,0.075595940030451,0.0981759029552951,0.156596826991761,3582.64245100077,1,1
544,-2,-1.50810947598594,2.2669833037616,0.819518473122751,0.9060541627599,2.24371411673634,0.278390638832092,0.0492085198227547,0.0762343568826702,0.100338878640774,0.166653570919521,3520.53827798613,1,1
545,-2,-2.39344136059504,2.31786702610594,0.790933384992997,0.904488015239105,2.0864092996503,0.461022264987924,0.0470726217444241,0.0740739963133096,0.102307868315829,0.169404387148067,3511.20525164063,1,1
546,-2,-2.52405824764764,2.36460093107647,0.703174037651693,0.988927584092643,2.00877751995116,0.457497775877232,0.0479897348234643,0.0765957368531165,0.0963423887171327,0.151576132523491,3557.111134974,1,1
547,-2,-1.95965644256727,2.28249176142818,0.781944278788793,1.08529987614155,1.87104367341073,0.358227057121283,0.0508991695819077,0.0793638738820897,0.100024804295317,0.158368418422149,3565.84532724161,1,1
548,-2,-1.80873935210111,2.27791484325256,0.84349044845612,0.947568271961054,2.05344473869732,0.347464752485588,0.0496679226801599,0.0770137191746856,0.0991141978653015,0.16603042844997,3531.10384204558,1,1
549,-2,-2.02418428078433,2.3096257901092,0.743138110964269,0.877471018569142,2.17508052336948,0.366192772627735,0.0474643472625824,0.0764383489227377,0.100728937102911,0.164872921499166,3488.60732727663,1,1
550,-2,-1.7962379258674,2.27868852308341,0.77013257778435,0.905104514798625,2.16305522874679,0.324656086799161,0.04957148059616,0.0788572610069327,0.102413146847011,0.164820323884687,3507.00027649418,1,1
551,-2,-1.93429237232291,2.43043951912695,0.577661787536894,0.88996350823146,2.13076609956182,0.363892675936056,0.0457954227982251,0.0728608826910366,0.101141032766823,0.163804898618988,3535.06242198162,1,1
552,-2,-2.62542807589461,2.33076167978082,0.809156406729722,0.976487010935025,2.00910752109606,0.50531094330114,0.0470207517268801,0.0745750365612028,0.0963417007896236,0.157682646825891,3565.26277821999,1,1
553,-2,-1.96837525863313,2.37316507567251,0.67625916687857,1.16723943449237,1.62885690616406,0.379225704590809,0.0495657409944505,0.0762819966673511,0.0975699644739015,0.156596915985804,3608.93395291687,1,1
554,-2,-1.88433772676777,2.27099645319115,0.82534828362746,1.06678599582505,1.93525174561304,0.334815073819202,0.0492378451429193,0.0781622266125244,0.0970301282359967,0.155949207412399,3540.96026985118,1,1
555,-2,-1.99784851367016,2.31142084409109,0.760097420349547,0.939120348325714,2.09352925255845,0.36862464848314,0.0469931207676094,0.0742816295888745,0.09894336005693,0.167399324040399,3510.61995460364,1,1
556,-2,-2.06193458636663,2.31433491813739,0.767203389227931,0.98566233676695,2.06205654717298,0.403139041775388,0.0491456891505169,0.0770175895995022,0.0981235054817025,0.162132686342705,3545.31723108034,1,1
557,-2,-2.02553422557478,2.31905210577779,0.795072478592959,1.14408992034116,1.77746093383592,0.377678408926758,0.0497891808534804,0.0783237346549251,0.096645283617245,0.161190066499705,3576.69782123602,1,1
558,-2,-2.20820410492111,2.33350352683437,0.761959892933721,1.04801714005808,1.97683155531693,0.376298034162764,0.0487053132652641,0.0791645097438528,0.0999795334889224,0.15844908841867,3528.6904938586,1,1
559,-2,-1.16700817759779,2.23749682428358,0.869418019207483,1.10583646992308,1.79414190431446,0.248924566089848,0.0489722871763233,0.0758535445570579,0.0982865655695572,0.163446830295155,3570.15254121115,1,1
560,-2,-2.07377228333763,2.27304943371982,0.82576285299947,0.960531836472455,2.06204472131302,0.379997399483131,0.0499317594398307,0.0784413963733029,0.0985651077385199,0.161430892179186,3514.75367290855,1,1
561,-2,-3.69654276658969,2.22773208108705,0.859776143382642,1.08742530055214,1.77754958194105,0.728853485991906,0.0509981598799469,0.078795758159466,0.095091371788056,0.150183809521467,3475.11907130189,1,1
562,-2,-2.18793191156803,2.34908712717617,0.756222481317987,0.865241472862421,2.12545324853626,0.411856825971842,0.0463709612511848,0.0741386825200876,0.101841420636798,0.166986420296764,3529.0525003984,1,1
563,-2,-2.19141511906857,2.26483893122722,0.805978666453237,1.03163568314691,1.88994834252966,0.408805618805081,0.0486199746623845,0.0766687189635008,0.0956029788143744,0.155769986674577,3505.64147052586,1,1
564,-2,-1.81906751047751,2.29126195777177,0.819900129252439,1.06223636437015,2.01976666020237,0.329429827912934,0.0511272226771635,0.0789015565241199,0.0982020356736293,0.160048034930219,3539.16106583923,1,1
565,-2,-2.08797126818822,2.33706364544779,0.729900873596134,0.880461502599961,2.20962617576134,0.370783281545417,0.0480254870339697,0.0748884042791456,0.101873013037596,0.162781652382065,3532.3070392604,1,1
566,-2,-1.54851120383666,2.27150561774797,0.803538028606513,0.994572009727477,2.06679003949403,0.294642846638193,0.0495301900225848,0.0789812979812713,0.0985049434848848,0.16866232058521,3508.81233767784,1,1
567,-2,-2.09046411933323,2.21760746072934,0.94881551685322,1.07834025926594,1.92963939406183,0.373038338920657,0.0512482453334623,0.0792282225818418,0.0972637644067473,0.15483126401706,3551.47199131829,1,1
568,-2,-2.42680304988642,2.32566968705839,0.76533710226824,0.923341913894579,2.14135257083488,0.427352632578765,0.0467597119015219,0.0737687405223155,0.0992026717799846,0.157929913535378,3545.29053834877,1,1
569,-2,-2.03319668255509,2.28609166627713,0.845247124828915,1.10231273939999,1.83716789555966,0.366126273415336,0.0495703363244525,0.0765314096407444,0.0982975276866146,0.160108655458237,3562.55729970051,1,1
570,-2,-2.00491984939959,2.28918623026142,0.776617069039986,1.10011670643845,1.84554509224806,0.354837967959251,0.0497846110965254,0.0798422337659072,0.094534664398827,0.157471013953957,3506.38323588054,1,1
571,-2,-2.33956968779332,2.33994615958601,0.727062670559863,0.967516537729932,1.95544522886729,0.44789933379833,0.0465488155771979,0.0743764314289768,0.0997766012733463,0.163667392282699,3517.53119239225,1,1
572,-2,-1.60173108859591,2.24156425416204,0.865170525030681,0.982718039265726,2.07919793600246,0.289027275143491,0.0495097983625154,0.0765175556057151,0.099072230256649,0.161361626805393,3539.6305956934,1,1
573,-2,-2.67014390211573,2.34154762041416,0.733431333685862,1.00261994128693,1.86068969928644,0.508590749264823,0.0467797523564414,0.0746695333009463,0.0986829593035997,0.160056224878568,3514.70341185063,1,1
574,-2,-2.42999136868934,2.36061099950884,0.727960219933219,0.994474846789992,1.95398564552943,0.468362504239337,0.0471144451879525,0.0747163388840901,0.0980650188342979,0.158695726948637,3586.82054136294,1,1
575,-2,-2.09250643961065,2.24631989195947,0.955266882909994,1.02174797744457,2.02574052789735,0.37089835091095,0.0487765030089881,0.0749988406254638,0.096571601814318,0.154988271676015,3564.44822605466,1,1
576,-2,-2.35532763484028,2.38666769302469,0.590549072020611,0.972933910566447,2.00589841455608,0.414739821546501,0.0489477065410605,0.0769413432683636,0.0997021170927059,0.159804321778647,3528.67100581389,1,1
577,-2,-2.50615850333108,2.33888964266264,0.710679913912008,1.00079811649939,1.92359334315963,0.478707239873138,0.0489326465881439,0.0780114778261715,0.0970997883234327,0.158178113223985,3525.01272635871,1,1
578,-2,-1.49718332804328,2.32051849016617,0.809880723153705,1.14103259652683,1.97107675052825,0.253443967097537,0.050735420380608,0.0797936460112497,0.0971431424054231,0.154872881618498,3616.29205019759,1,1
579,-2,-1.73647112297532,2.32858303290568,0.748407109937361,0.839295181769205,2.28790165344744,0.326245484364205,0.0470218534931229,0.0741172733785811,0.102528745249491,0.167777272726613,3537.26419484177,1,1
580,-2,-2.09808249246925,2.22322893606758,0.930693439150511,1.10330312569387,1.78428030806788,0.394101798163407,0.0495129959510466,0.0767176846677987,0.0973310990603388,0.160541921979145,3544.43959752133,1,1
581,-2,-1.55691588839066,2.28252168191174,0.78830705964183,0.773761801887165,2.38529697345323,0.276666370915816,0.0483410282272527,0.075644006168434,0.103435780710976,0.170244854088469,3489.13778806031,1,1
582,-2,-2.11792390613962,2.31871459708386,0.81028717154685,0.986995573958213,1.98628185694141,0.412453317821083,0.0473249558874481,0.0745640148324601,0.0992673966321216,0.16386081985728,3572.48629876681,1,1
583,-2,-1.74057233590332,2.25476887771498,0.856168116572272,0.865019591928008,2.23942477401474,0.327436652969238,0.0488493018248444,0.0764087674599917,0.10138359073768,0.163552485912271,3505.56497821929,1,1
584,-2,-2.33094683867029,2.36320176563036,0.708698954825644,0.915190700155819,2.12344265449113,0.408571942832837,0.0472886982401646,0.0749302050080879,0.0983450495524679,0.159684110948513,3515.7794829799,1,1
585,-2,-2.18423712367614,2.20849503672652,0.985574243194761,1.00170991445184,1.9930731942993,0.421275190467854,0.049280004171414,0.076039525413218,0.0971426523096511,0.161621203591603,3505.40986806906,1,1
586,-2,-2.01707528911905,2.20823148557661,1.01093595763174,0.929214575801991,2.15238069966188,0.371829287955964,0.0495948648547838,0.0776467719602425,0.0992336805499576,0.160699624804148,3525.26219199769,1,1
587,-2,-2.41254729794002,2.26834467795531,0.829441830706998,1.03552254830213,1.82763245984641,0.469442526272884,0.0481906399176549,0.0763382288049383,0.0967079555578281,0.152651450662568,3534.89974315779,1,1
588,-2,-1.47122312643121,2.35495263834267,0.780659318863871,1.12925775355134,1.88618014783193,0.279398460508006,0.0499027468652001,0.0769971038815633,0.095518915643219,0.160531531092048,3596.16001566542,1,1
589,-2,-1.88956029218157,2.34687143332816,0.760266872462596,0.989770878217366,2.05189412993146,0.346253670922945,0.0482396996164513,0.0772283627535216,0.0981582130804392,0.159227263679027,3559.43842991733,1,1
590,-2,-1.4558176187293,2.3015593584699,0.834173343673224,0.982545877221142,2.13780181015051,0.259000545965867,0.0487613440859052,0.075917258781181,0.100455129126485,0.162799682280932,3577.15576354509,1,1
591,-2,-2.17304549696205,2.37762604468539,0.665387372025093,0.914468005976394,2.18818492648456,0.396925059044858,0.0478235950310787,0.075901306706549,0.0999163122866934,0.163913277553027,3539.77948231343,1,1
592,-2,-1.55331626346484,2.27271267903323,0.844762713351514,0.984303143594777,2.09289001090349,0.271652448424329,0.0501816176584029,0.078922329106477,0.1014230749419,0.16028668399568,3564.24673820791,1,1
593,-2,-1.99154572524085,2.31401277417649,0.827081982142842,0.839572327680655,2.16664041733695,0.384732458564355,0.0451330981224403,0.0707829347559687,0.101624994102114,0.165618908445097,3559.85812558591,1,1
594,-2,-2.15124918564547,2.31164494901169,0.797649728875761,1.09379284934244,1.80489363379335,0.409355985402042,0.0479604836257237,0.0762254676730018,0.0963388047556663,0.15337764151687,3586.14478326771,1,1
595,-2,-1.94404695547425,2.27554939456894,0.799284545858278,1.08230291305665,1.77561213232945,0.364575059656438,0.0502721954222809,0.079648835962072,0.0991301198874656,0.159417077067838,3546.41272469467,1,1
596,-2,-1.73305670306604,2.32883689059846,0.704571141979398,0.984460004838998,2.07215324284343,0.306612090245509,0.0502884943716423,0.0793265244164379,0.103021458987412,0.169613147814631,3505.54169493277,1,1
597,-2,-1.72541428618334,2.36989203609287,0.697813094278363,0.902504530671686,2.32476487727294,0.322325355285652,0.0481719969758665,0.0761082579054333,0.0998245318732639,0.166690177463892,3555.09085989776,1,1
598,-2,-2.44023929806791,2.34391078464599,0.723869177228078,1.10525269451517,1.74611714378379,0.470440226605468,0.0489763901915057,0.0765803545551392,0.0975600740330717,0.157937845072835,3559.62566097578,1,1
599,-2,-2.07173306172514,2.36641312712497,0.721976859288602,1.01709499875013,2.01009699325752,0.374697795790972,0.048899204714856,0.0770308489522639,0.0984033069949977,0.155760057930273,3567.51913163096,1,1
600,-2,-2.53347960710886,2.23892898949822,0.891822473332084,1.08954517337753,1.76356777494371,0.482548563583784,0.0505199490121322,0.0794623217334374,0.0968562110182033,0.156128617088413,3504.68810728552,1,1
601,-2,-2.7188152625203,2.17412658686044,0.956367522550275,0.99038923204917,1.84296590561757,0.522185386024353,0.0509267398132499,0.0777577696220814,0.100081516924342,0.16208197031863,3488.72064301383,1,1
602,-2,-2.1214499926988,2.27102020573786,0.900207483152512,0.887450539559247,2.22401257810812,0.371173070939655,0.0470474866040013,0.0751695726088168,0.0992381801740267,0.158923033139643,3534.10700025248,1,1
603,-2,-2.34363576477047,2.33146046599922,0.748111675475394,0.906245269886886,2.00563267594684,0.484199243552114,0.045901175070297,0.0737814350379742,0.0994158063680916,0.161274410003571,3541.73675746397,1,1
604,-2,-1.91545261194167,2.30555088476794,0.832354137250388,0.964656692840677,2.08939136514678,0.349358034881358,0.0496677184290632,0.0770750314172813,0.100716616053317,0.157480489547879,3600.76213504943,1,1
605,-2,-2.04742891131969,2.35594063896678,0.742209458238817,1.15313321892195,1.82441686861708,0.363194170397073,0.0488033149531416,0.0756285251652657,0.0935646262287027,0.153870104285183,3591.66620376238,1,1
606,-2,-1.92974451645444,2.28452419481269,0.850692520959778,0.941972022027806,2.12134975781865,0.348586169522389,0.0487191013002514,0.074474811909741,0.0982341055153222,0.160285194094781,3553.53597437381,1,1
607,-2,-2.07691364712342,2.25162761112187,0.863339849998421,0.945055702910213,1.96645141939798,0.394547978839689,0.0479011593155414,0.0754019678489,0.100129970804915,0.165161575189463,3514.06059758892,1,1
608,-2,-1.43829889576496,2.34883031502177,0.691304756800391,1.01298484668269,1.93916551485814,0.287758658323981,0.0476558999971198,0.0756858806630812,0.102407703729827,0.165337363581132,3575.56573016114,1,1
609,-2,-2.24810889006198,2.34728058163876,0.725431307501927,0.9137102565647,2.09186006982696,0.419599505044859,0.0461125167831484,0.0751135350041977,0.0998503284456648,0.160016008327586,3534.57917858699,1,1
610,-2,-1.88874149828762,2.28827885854274,0.84712487459182,0.862754537503606,2.23846283085436,0.345774210115466,0.0467327222994221,0.0719214831096529,0.0995375094253502,0.166252744241322,3522.18203503017,1,1
611,-2,-1.87995345839322,2.33377386775675,0.760192898819674,0.983293007349503,2.06688016039067,0.35752080469888,0.0494821038054231,0.0769112433938835,0.096813181105232,0.15785673732108,3560.73200736563,1,1
612,-2,-2.66295116018773,2.31900207324452,0.783014255140357,0.904084119861429,2.05841495121137,0.507950364839598,0.0483820113347727,0.0745238970019406,0.100212291767673,0.160447458562581,3546.43031455205,1,1
613,-2,-1.70216652639356,2.29668825794924,0.806052536219991,1.02189095078698,1.96731459714336,0.331204944386522,0.0490898629511307,0.0754239115610401,0.0984896761770256,0.160891184555083,3581.32412841661,1,1
614,-2,-2.13840471291893,2.39612310378433,0.701130450095819,0.799883221891353,2.35914544612933,0.397409246449106,0.045790677416702,0.0723308089312791,0.102060752761289,0.167075470122056,3538.16325281489,1,1
615,-2,-2.70453225912907,2.32730665434111,0.785472781619362,1.16133935731206,1.56825991708208,0.545364144704805,0.0476515650105475,0.07652116886412,0.0944501997861507,0.149530088529542,3582.22984782818,1,1
616,-2,-1.55316392761685,2.27875331865803,0.878004086568294,0.937961772084437,2.19556626170392,0.283759707343618,0.0486759572610997,0.0760721938190962,0.102136408050847,0.166984585643246,3551.76488039279,1,1
617,-2,-2.19618182192088,2.27553345707665,0.853250463859679,0.947579976669885,2.03077120987493,0.412041965031942,0.0489206539442326,0.07508374428627,0.0967921662378036,0.153584818066855,3557.62880153767,1,1
618,-2,-1.33874912255186,2.31131238467722,0.808003131388688,0.91221190637171,2.24085543875534,0.254539654836638,0.0479138390335804,0.0738378983768469,0.100203474581373,0.163967436853327,3584.40671097153,1,1
619,-2,-2.42212311578134,2.40440253906619,0.597926888828188,1.03936290828066,1.96375357271843,0.440427186152045,0.0477058154422664,0.0762046459171261,0.0970062731434372,0.155971330150563,3542.80235592822,1,1
620,-2,-2.0527789975395,2.31732251050689,0.752812433576192,1.23051808438264,1.58603634199271,0.395879611873406,0.0510114627619111,0.079573597105247,0.0942323509903932,0.154565222827232,3591.8923606033,1,1
621,-2,-2.36954450548956,2.44804746320418,0.605696178682432,0.962795948030811,2.10164987478481,0.447427496796353,0.0450800333215382,0.0723511055181663,0.0953918656677364,0.160399834963682,3534.76245903633,1,1
622,-2,-2.23204231416872,2.36879821087939,0.687695743206531,1.03737028707946,1.86087643679498,0.432790953323135,0.0472201610711979,0.0745615464552635,0.0972510173915672,0.157858127707474,3566.64408827149,1,1
623,-2,-1.77904091101695,2.25805689252014,0.850817855026812,0.988685432974647,2.1281436647547,0.309038174747123,0.0499772595256914,0.0771788623309733,0.0991400931987699,0.162885485652321,3515.14838161087,1,1
624,-2,-1.79004450339028,2.30142355905726,0.836292906253582,0.939298877335157,2.26343842789061,0.319953558790342,0.0486327287793435,0.0761586948111631,0.0975437813487993,0.163078756041142,3506.62661578017,1,1
625,-2,-2.07545567976781,2.35394026935277,0.731859685047809,1.09701486222495,1.83025762915222,0.383118645230397,0.0494459141917137,0.0788974029217684,0.0986699328406246,0.157580265481631,3593.49430401715,1,1
626,-2,-2.51470619365757,2.28371824288228,0.781741218635333,0.967411540217108,1.95693612922382,0.470352522180672,0.0473078119206615,0.0754239448122286,0.0990714152848793,0.157963209549468,3505.75218299431,1,1
627,-2,-2.60144000231868,2.25406536797784,0.917866937348679,1.08955956053309,1.6642385590228,0.540367958157227,0.0470123537127599,0.0738096424548161,0.097329524680397,0.151789715126893,3577.20489713028,1,1
628,-2,-1.84133833265335,2.30075439307607,0.821777089567888,1.04722809896114,1.9623554463633,0.33200894319981,0.0492326803774681,0.0764987846625347,0.0950263135976397,0.154062085501561,3580.84552732185,1,1
629,-2,-2.0667956313532,2.27428782174488,0.853163614942833,1.12487728370018,1.80181509369338,0.405457463295999,0.0505408905173276,0.0790723535537571,0.0930759825269622,0.152399036081741,3587.7166006729,1,1
630,-2,-1.73186501780675,2.34197465063518,0.725666081446034,0.901906798516866,2.17151770814412,0.312714144185245,0.0488189994581614,0.0784782544651028,0.10025841085409,0.162578134534422,3545.67495943794,1,1
631,-2,-1.96854245611162,2.20728619874583,0.941622572091399,0.960603091478678,2.10672279771003,0.349260827913721,0.0492732948343758,0.0759796313099362,0.0981221081494341,0.163877641708798,3507.90916880889,1,1
632,-2,-1.64452278203151,2.27501939391544,0.792000961815092,1.01168234143604,2.05339454639368,0.291430087233782,0.0500258478984411,0.0790084788617439,0.101078599043947,0.163131910808857,3530.11339067832,1,1
633,-2,-2.45645396457003,2.29805355782791,0.845590750311777,0.923651337074628,2.05957368341011,0.471261596492434,0.0466056643634101,0.0749675214583942,0.0990349829992228,0.15585456005567,3583.76877448159,1,1
634,-2,-1.90122047503551,2.24616660387537,0.909450678714182,0.859595786891521,2.21034308007682,0.357611613472268,0.0481673342356668,0.0753233253129268,0.101126353438433,0.163958913044463,3536.8382251445,1,1
635,-2,-2.13015176549847,2.32988274330519,0.729900829945936,0.985518408244052,2.02526876768349,0.375093873676374,0.0497364481967096,0.0771684726422924,0.100959823192853,0.164008763535249,3524.468541536,1,1
636,-2,-1.88393561909302,2.34444491329577,0.72718593718871,0.968746005380172,2.11109441376752,0.324002730402019,0.049179643281818,0.0759895401307483,0.101302162243961,0.164971558575312,3518.86977597901,1,1
637,-2,-2.08247546456672,2.26897660441693,0.831250672021148,1.10537096978021,1.86128577468103,0.379709149637641,0.0513701962015407,0.0792997815645102,0.0976219527486174,0.161551858362204,3525.22663514194,1,1
638,-2,-1.62349066388222,2.19172159110754,0.943726516786389,1.07269720279051,2.0077020431047,0.285184523122008,0.0522938150370901,0.081202450434781,0.0971765901333114,0.160741664651993,3493.0723274436,1,1
639,-2,-2.16679439658857,2.371277627089,0.627362286385889,0.918041582983611,2.20486515579911,0.376524083677174,0.047476630855594,0.076823762310792,0.096390352300536,0.154755982150861,3518.2479600508,1,1
640,-2,-2.64359992248013,2.33631098885991,0.781412364735029,0.997199699755062,1.95587313796229,0.518529258093062,0.0485483379896063,0.0741859318106724,0.0958625712761509,0.154702689148993,3574.00615571678,1,1
641,-2,-1.79025961605279,2.18187734044691,1.01230775054327,0.989142370308934,1.97588719394767,0.335185529328677,0.0487537736381251,0.0762098208349041,0.101694137674393,0.160482771986377,3587.8328174279,1,1
642,-2,-2.11537479891271,2.25236843398456,0.84380197463839,0.938639593634555,2.03313854079459,0.385622759951157,0.0476415928130519,0.0754986281877436,0.101201274077477,0.161490531157054,3530.99347482257,1,1
643,-2,-1.37353179424847,2.29956416106627,0.853276509456659,1.06069070548726,2.00925252259988,0.241693659502843,0.0504575332212654,0.0782200753877748,0.0991037613599195,0.157641499861226,3602.5355288839,1,1
644,-2,-1.82350199606713,2.28739948220207,0.820643700177128,0.853062679162353,2.21760659975398,0.3492420572132,0.0496919342889144,0.0773492994246124,0.10127078419618,0.165698885735569,3516.23612427666,1,1
645,-2,-2.06146566395227,2.35659441190386,0.725832626721661,0.920460477443086,2.09157571520129,0.366213341635791,0.0473343152788082,0.075223928883892,0.103175981701526,0.164165524043651,3562.32317584952,1,1
646,-2,-1.85871077526324,2.29061414805508,0.856368871887882,1.08252824888537,1.92165914547023,0.336007369978293,0.0498011098812459,0.076230218043273,0.0951931269318432,0.154521553157571,3568.23408459068,1,1
647,-2,-1.42930951268855,2.28507012958807,0.796598280872223,1.08028537861836,1.92628676475917,0.274504002667609,0.0518218110368103,0.0803883440235727,0.0988296177375046,0.162167297839947,3552.34642776721,1,1
648,-2,-2.10700654452076,2.21551149355507,0.866652740257964,1.02715143915636,1.88047088322524,0.388645568950772,0.0493031452611002,0.0774350108898684,0.0942478119978882,0.154764803086818,3469.99152877892,1,1
649,-2,-2.15266696097029,2.23746118710868,0.914131667441708,1.01508619210184,1.91097296342475,0.42265234514483,0.0493919679886215,0.0770027228029152,0.095563037783712,0.152615568004945,3551.17931766913,1,1
650,-2,-2.18373079285026,2.39056126353501,0.642436600600412,1.14342503867613,1.72678047806389,0.395167653173783,0.0479188329319362,0.0760185695130012,0.0955163325816726,0.1579347176721,3564.0717849664,1,1
651,-2,-1.92770611278072,2.22031554198725,0.933622830480151,1.00331206797911,1.95246272656315,0.368932896272148,0.0497577922410877,0.0765808162403365,0.0998062019529485,0.162667006818449,3535.40814831881,1,1
652,-2,-1.99462053354091,2.29398429889334,0.804225327430651,0.920792370891958,2.13056534870481,0.371052801854624,0.0471908339594668,0.0740012444668361,0.0993451574972465,0.164093879677597,3526.47498890081,1,1
653,-2,-2.95311756744112,2.2727478085535,0.810923490886609,0.90577177537194,1.96361481988432,0.627543275259077,0.047218600087982,0.0738001353635315,0.101075528926388,0.158549854553847,3534.13326595523,1,1
654,-2,-2.39316075971974,2.28034369173063,0.834175550043886,0.794846691121161,2.20303979183405,0.464868829322931,0.0446258119577364,0.0719654863308295,0.10067523738625,0.161548200986354,3540.90879787872,1,1
655,-2,-1.33381209744539,2.298744534429,0.868498910162836,0.89021595373677,2.34401756128723,0.240662202493409,0.0487113922681867,0.0761619380354147,0.101227070271695,0.164104011219995,3574.19765341897,1,1
656,-2,-1.73618716050007,2.24954670503551,0.823779336264138,1.07498846446541,1.67675977803048,0.364886059340982,0.0490595131133333,0.0776700233084027,0.0979055776181953,0.162196377588055,3540.29093218986,1,1
657,-2,-1.83463602099953,2.32256446216112,0.741343525799149,0.928331465559202,2.1707363320774,0.342160230187749,0.048089087515573,0.0771427433216705,0.0985661812684499,0.161379754851853,3539.14902318405,1,1
658,-2,-2.30819656261449,2.2195781113665,0.915984631509912,1.10883978820809,1.80448592231951,0.429287554316363,0.0508947140099531,0.0780594716028933,0.0965304305276443,0.156643548898917,3520.45823739059,1,1
659,-2,-1.47416332485086,2.32883913314784,0.773348621459542,1.03415667988857,2.14844439294329,0.262693548790772,0.0510847725618524,0.0784129080831815,0.100908579827866,0.157957735762769,3600.90313694343,1,1
660,-2,-2.34180352974059,2.30713999328492,0.856416535805687,1.03532342839469,1.99905915776638,0.430537407228905,0.050347842749773,0.0793697871792109,0.09809873299522,0.160242021520099,3585.45068305636,1,1
661,-2,-1.88135490254386,2.29372360319244,0.79496026159293,1.10719068025656,1.86830376805556,0.328361054927847,0.0500136299177061,0.0779788016539394,0.0955472797286619,0.152513391086075,3543.59683021811,1,1
662,-2,-1.6536269156225,2.29120957583644,0.818391568964832,0.997306058168865,2.07804447797852,0.305323944517447,0.0472926096064079,0.0757405119304544,0.0986874312632868,0.163239837540262,3536.86397186294,1,1
663,-2,-1.90328447420313,2.23874909055446,0.934211218617412,1.0332039455643,1.97458773113649,0.349647235467624,0.0492753237702162,0.0768750255757716,0.0954050104431958,0.162855318936175,3505.61921346785,1,1
664,-2,-1.98741388395861,2.36131587867443,0.766251691410976,0.99741540109819,2.082622177956,0.366893481327965,0.0471350761818468,0.0739813753232056,0.0991625045993846,0.162699252528584,3562.90677006774,1,1
665,-2,-2.06773039756257,2.31326509821224,0.746277342968627,1.11427959736443,1.7949020226212,0.370278144410377,0.0498788330700387,0.0778962519602515,0.0969518489157665,0.157130216833594,3575.95759368723,1,1
666,-2,-2.16246426829534,2.31193714913181,0.779361340944523,1.00840818059417,1.95289823920264,0.394443140412369,0.0483343150585325,0.0762989364733021,0.100730166897327,0.16242468261669,3542.980458943,1,1
667,-2,-1.80725011674341,2.27520600781626,0.79424705005583,0.913253234450625,2.06994167070145,0.354343384416456,0.0490880651427538,0.0749901953604489,0.102453554618374,0.170802790720665,3534.93336667709,1,1
668,-2,-2.17459761633603,2.34356186070916,0.727381841272872,0.862335079262956,2.08514849682206,0.424306693413626,0.0447138860061898,0.0712206859357971,0.100295489467006,0.165305314301772,3521.66485994351,1,1
669,-2,-2.01967937988592,2.35980400988281,0.634339225741535,1.00140327236562,2.03995005226885,0.355743320373176,0.0478264401945614,0.078463844382327,0.100191576687427,0.157882830825444,3537.5593340692,1,1
670,-2,-2.40762883359123,2.26492941286141,0.830814356540469,0.795960507496488,2.29714513051344,0.454008409926903,0.0474236670907439,0.0731533799656776,0.102352437714803,0.167029384543767,3467.20175897354,1,1
671,-2,-2.00445024636197,2.25192408906576,0.909995721752408,0.870910563567152,2.13462505691377,0.383289126976932,0.0463273554792632,0.0729689141067126,0.100069840692452,0.16046508936295,3550.37150214751,1,1
672,-2,-2.642216711861,2.23283445557307,0.880531363233603,1.1635664733588,1.6357531095828,0.501245286474615,0.0480627384662249,0.0770729906056927,0.0928803632979909,0.150724936887117,3513.52443172118,1,1
673,-2,-1.58231752136495,2.30147607134826,0.826654507324483,0.838543537133884,2.36172464253541,0.278930108541339,0.0491014624631604,0.0773591899847036,0.102716586147824,0.171147819911222,3497.80477880974,1,1
674,-2,-1.70493258335805,2.372702943597,0.750651327142026,1.15722375142352,1.89018062506092,0.309392425290993,0.0510190721727041,0.0779820151822245,0.0997343399119838,0.164924360829483,3626.60210845443,1,1
675,-2,-1.71296715073688,2.28133174178539,0.803568293816254,1.11633835225465,1.88382770494457,0.327753094293933,0.0487189745580558,0.0777338688530109,0.0946505967029605,0.16153804593771,3533.00211835579,1,1
676,-2,-1.9354373030685,2.29328389781203,0.801274965308317,0.67419091543078,2.62169865912479,0.320313775889036,0.0477838307487066,0.0749268500965074,0.10713454711904,0.171562622966583,3483.10944433037,1,1
677,-2,-1.82867993875078,2.27843787753544,0.832828869920947,0.934898327970807,2.12308522349272,0.335218884155371,0.0484937710011808,0.0749668262843249,0.102255069822933,0.16248415678242,3549.59918946019,1,1
678,-2,-2.01119069062074,2.19065281156112,0.912729646575863,1.05457388017223,1.92931097938933,0.381018968743006,0.051606827057181,0.0807958550140929,0.0986196394210515,0.165407104168533,3508.71881656814,1,1
679,-2,-1.92566319477014,2.27005403825967,0.75526958953068,0.8503353611228,2.12475245636624,0.36646754214355,0.0482156541261593,0.0753691732123846,0.0991614553039337,0.160817608935919,3493.82682188134,1,1
680,-2,-1.67367120689777,2.2556950205548,0.856884236089062,1.00821770852349,2.10911271276299,0.299692751116737,0.0491384219729269,0.0775754112364409,0.0961650298338838,0.157855315759833,3529.04412547194,1,1
681,-2,-1.94625009647831,2.24570882375351,0.89248654221185,1.0882843020863,1.80436106234787,0.356811360140179,0.0496464335566511,0.0769856433881076,0.0995768038632784,0.157104205318628,3572.25979403295,1,1
682,-2,-1.93309410365664,2.23372168602129,0.903428119947751,0.899591105029979,2.10376244899834,0.376161181834913,0.046870624847972,0.0732265059106274,0.100191907835282,0.16739619814044,3480.89028287576,1,1
683,-2,-2.20793957120092,2.24479673832902,0.786946984457803,0.890263638397073,2.16325779682923,0.398978038505084,0.0501731128276882,0.0789687944930594,0.0993675489514975,0.158408279791744,3493.222068604,1,1
684,-2,-2.15791122155659,2.32024788944602,0.780259215297555,1.1481901013435,1.85229510864351,0.400794968143109,0.0481713271839961,0.0771136974184309,0.0917080020825124,0.152534852660989,3563.88779441048,1,1
685,-2,-2.42127349457118,2.30585978496489,0.778952748431419,0.942481463974381,1.93912502108603,0.474443801148282,0.047249316807953,0.0750548154019669,0.0990525303405083,0.160911917059059,3534.60701759328,1,1
686,-2,-1.83198230732371,2.27140841079692,0.82156440791658,1.03722869558951,1.97719380491907,0.322519354889435,0.0501163153141004,0.078998830382282,0.0978745977011511,0.15964384274934,3529.51077231795,1,1
687,-2,-1.84881512651016,2.34656001579897,0.748548451315809,0.893767117017966,2.17091365371321,0.336616597204253,0.0475853116002999,0.0736963854644832,0.101021560952613,0.162373395528409,3585.19977730951,1,1
688,-2,-1.86428329984057,2.32589605443417,0.782817854339414,1.17266309265735,1.66991534354598,0.35443862475113,0.0491521192389794,0.077749227562364,0.0970353508692112,0.157648838085113,3589.4837184774,1,1
689,-2,-2.34358245908329,2.24636378952387,0.836262598439081,1.08684329260058,1.88315500943539,0.412093751681918,0.052087063691161,0.0802906757963902,0.094978673168238,0.156849779353975,3503.12780174193,1,1
690,-2,-2.17817291764603,2.3502642627257,0.750899241413853,1.11651212594867,1.75197118292024,0.419536366054564,0.0496613015940019,0.079598107577261,0.0975299063049429,0.155267619832472,3591.64259771526,1,1
691,-2,-1.89012612966358,2.26148885583006,0.874947711949616,0.958997457766495,2.02285234443416,0.371083626195989,0.047770341136281,0.0732593637642388,0.0974231118699144,0.161973846487942,3535.76539487277,1,1
692,-2,-2.45816928324968,2.31780439810408,0.757624492225246,0.949515126270505,2.00409853113965,0.470046153729287,0.0474455301723915,0.0747818093207649,0.100203340806602,0.163151851184111,3528.79644506912,1,1
693,-2,-2.11052593110427,2.33250761242457,0.732229293084004,0.984437362763464,2.0584212129693,0.370277624216807,0.0495559838095648,0.0782330655940203,0.0975808920845886,0.155968246955968,3529.86027006521,1,1
694,-2,-2.04861984171143,2.24560918459825,0.877438763982168,0.92239930077914,2.00166147598429,0.400720693961377,0.0482949752219952,0.0747166194937808,0.103537278832792,0.172300559393531,3504.24579820467,1,1
695,-2,-1.63839358414147,2.19487882794395,0.941080480279859,1.0616859244666,1.93432034477494,0.304332866596641,0.0510184137038445,0.078272377884701,0.0953516400011005,0.158471865842803,3514.43134601261,1,1
696,-2,-2.03767246054805,2.25353171627897,0.855047438146758,0.962938662507526,2.11356942993808,0.361748260051984,0.050436651567268,0.0778569954852293,0.100720274582481,0.16678423030072,3494.03022990076,1,1
697,-2,-1.6500500088452,2.42962721976937,0.6037806881136,1.04215666642589,2.01502102635962,0.293838718381947,0.048547390124929,0.0796401939888588,0.0967393265791998,0.156638386961218,3571.27907369174,1,1
698,-2,-2.09344101908585,2.24061952128693,0.874628971609243,1.13808538866864,1.77301857887163,0.372731153115429,0.0502086643103723,0.0803904713143441,0.09557101867879,0.153054231813708,3521.99850109413,1,1
699,-2,-2.16731711534455,2.31204336298487,0.775312445903029,0.972877377218157,1.92512687804212,0.419952175642286,0.047033930322886,0.0746116225132111,0.100171118462119,0.166712979755141,3524.8635518187,1,1
700,-2,-2.13870443696309,2.37659366549277,0.748346200503516,0.870383171244771,2.24303169519593,0.396944589854193,0.0453750991992081,0.0729605018105452,0.102542236381583,0.170351233289813,3546.43178906813,1,1
701,-2,-1.5392798825808,2.34638414031412,0.759968477739739,0.911827924068047,2.29045442187521,0.257066090928273,0.0484392419962995,0.0768138306410606,0.101398911526331,0.164080713041666,3538.41427269981,1,1
702,-2,-2.31455253123798,2.31244971130718,0.761171399831954,1.1150487814424,1.75566329359776,0.432796104669102,0.0487835442582847,0.0777321914032923,0.0953243262455352,0.157346775797736,3570.65871721037,1,1
703,-2,-1.57198992113237,2.30321841967891,0.808689910158302,0.965685098957741,2.03587273871886,0.303516698695083,0.0475314486684347,0.0756891037110455,0.100995999204696,0.164945988928642,3564.21804257916,1,1
704,-2,-2.00783302031367,2.34461925929536,0.722732301825647,0.99373954444037,2.02030499954722,0.350460177781802,0.0486773041260227,0.0789215347622547,0.0994648709033528,0.157258819808667,3532.21531150858,1,1
705,-2,-2.48105555450425,2.27227698231048,0.844226924919254,0.962738690832385,2.0250881005431,0.453789187781714,0.0510600478351383,0.0770759229631091,0.0983326804835002,0.156302083781592,3524.08657284432,1,1
706,-2,-1.7819390574564,2.32654149919777,0.786601347087204,0.929381147724589,2.13558796361893,0.324868504151354,0.0470831496186935,0.0746424492186867,0.100062015640629,0.16302232050929,3540.26159392802,1,1
707,-2,-1.84252740887327,2.31277044402544,0.799091079431345,1.08804730847714,1.95458968189126,0.324076803123404,0.0502175086700954,0.0785614155592975,0.095999494588788,0.159004468501952,3532.12110144737,1,1
708,-2,-1.67432760377301,2.2940270004677,0.775793821015083,0.904663522694909,2.15059159839553,0.309501564604864,0.0478645789752841,0.0750538183877211,0.100492234683141,0.163664510955555,3517.41062127988,1,1
709,-2,-2.39676272684178,2.34198084520388,0.712224036819895,0.793218249726595,2.21781939735378,0.456921426786321,0.0459500540809594,0.0726942924271644,0.101667765177252,0.166571948883715,3518.67069322414,1,1
710,-2,-2.07641957250425,2.19886560577201,0.948601230112773,0.973423485830984,2.08123376983786,0.36421549099714,0.050277039793026,0.0771882396462404,0.101457523995485,0.164632161406974,3526.42420000418,1,1
711,-2,-1.73163614926885,2.41021816949004,0.675452175501586,1.05016616399191,2.0139496403455,0.310211749153299,0.0480642258099155,0.0763452636511388,0.0972089333530437,0.162215331810772,3583.19150638385,1,1
712,-2,-1.6625816805157,2.30681043678986,0.788434615152748,0.941996529178084,2.14616972229251,0.29714460437169,0.0487978154637996,0.0757566396958792,0.10202503858969,0.166281545779025,3545.49014073139,1,1
713,-2,-2.14928100326055,2.32925412727687,0.800609148682989,0.969685906816133,1.84858608026693,0.483280873955124,0.0444418476139696,0.0711240226133018,0.0970027379277747,0.163963916981072,3543.98378141797,1,1
714,-2,-1.78455638001289,2.24116751602982,0.914243416153367,0.933802862854065,2.16247250659756,0.325109985685093,0.0509884670445795,0.0762982674290532,0.104098208156915,0.168741944298954,3523.14321175411,1,1
715,-2,-2.01315339921394,2.28919240605257,0.825297631436527,0.837423464439173,2.26266013522888,0.364349027091914,0.0479253325678712,0.0731461746546806,0.0996743019070406,0.163549625961616,3502.00529763908,1,1
716,-2,-1.60614160445726,2.30129764388754,0.754141538274036,1.04221157742471,1.85192712936509,0.315018336551346,0.049678107979187,0.0775281312896849,0.102883139108765,0.160260000271003,3586.15854590816,1,1
717,-2,-1.9441186370907,2.29211347741123,0.808177252649061,0.993137621817463,2.02301866157,0.347852837473356,0.0481587224347586,0.075838333114461,0.0990549879510939,0.160270542923988,3545.39775985921,1,1
718,-2,-2.17778897040871,2.33372946213205,0.789794793875756,1.11052016486406,1.7975338736516,0.403217383128635,0.0499220731083315,0.0778708494569594,0.0959276129326903,0.154129591417194,3595.66712115977,1,1
719,-2,-1.93047682647449,2.33604422577981,0.733255794326305,1.07442469405532,1.81844456368412,0.403374450370822,0.048845671639698,0.0752531757414622,0.0951957619604892,0.154222314295765,3599.51495480524,1,1
720,-2,-1.79881760228134,2.32983862507154,0.75716603974989,0.935476272810705,2.00987425766971,0.368257783479129,0.046135096869355,0.0730593623787992,0.0999915225675324,0.163225746916789,3556.97616004543,1,1
721,-2,-2.48890722894663,2.30187112087063,0.802190681747606,1.03203153412013,1.91393817008884,0.46971417210187,0.0488529986150718,0.0770036637367183,0.0962352059671639,0.156683647176023,3545.06480117936,1,1
722,-2,-2.10572241045236,2.35821777518178,0.728356254483428,1.00646758846989,1.96721051983965,0.371277635974571,0.0480058110000491,0.0749929173315429,0.100884091536765,0.157456648605992,3583.2992100219,1,1
723,-2,-1.81211849643151,2.25029486414289,0.895920139573673,1.22128199315544,1.72992963037505,0.320799846777751,0.0501774483524782,0.0777279911112369,0.0935308787563743,0.150601274318258,3566.14471426693,1,1
724,-2,-1.87941172523894,2.39802852761149,0.718480940868443,0.933704463519678,2.07976661617228,0.389278145046192,0.0455773365980093,0.0723250785615816,0.0999971921658629,0.167542380598194,3599.25342567496,1,1
725,-2,-1.76609080005448,2.27834628717225,0.837714365056756,0.984603940888745,1.98346944406843,0.336923097485353,0.0500679501035384,0.0781934987389977,0.100243812891991,0.157913995490345,3563.85457480667,1,1
726,-2,-1.44864449777629,2.27554046133432,0.805355684948451,1.03767139370277,1.9122523746889,0.292298129459578,0.0481680972878295,0.0747767466676831,0.0997490457738807,0.164665917250352,3565.34627168339,1,1
727,-2,-2.32459032562389,2.28104023283283,0.834564023215575,0.918292311028995,2.13655829456364,0.412437115492525,0.0483008284365387,0.0756236885241621,0.0981142235709789,0.16030726096058,3503.74229157186,1,1
728,-2,-2.45852997354092,2.29734995762514,0.785587710465878,0.847343781748049,2.18897232770877,0.456051045931776,0.0476169902619125,0.0756749095874322,0.10133254639245,0.166132622108127,3511.82369395621,1,1
729,-2,-1.9423602444862,2.26994605481541,0.846856855493419,0.852283222436722,2.22864319755032,0.357507379264782,0.0477836507722157,0.0742061314722152,0.10538069173652,0.166636453909021,3558.98968477006,1,1
730,-2,-1.99693896227479,2.35677844241272,0.71312907139781,0.974986480604678,2.06000820851532,0.366408843601421,0.0471879564448739,0.0748424337039752,0.0988513895821349,0.162205533360797,3553.7990687784,1,1
731,-2,-1.77769065225531,2.31806965231395,0.767030467557138,1.18856370296377,1.78331077100921,0.333502070083749,0.0492518066212837,0.0794228960621386,0.0931181499749547,0.155966183834493,3561.20761969068,1,1
732,-2,-2.51854907421192,2.39829192726133,0.685010162969266,0.949343529227024,2.01228808196714,0.465858027789216,0.0480288256195078,0.0754365659098778,0.0994529987410258,0.161063563590598,3573.27720372672,1,1
733,-2,-2.82186457667965,2.24817065388757,0.876440893392158,0.908141263943865,1.95156315048924,0.583783692372639,0.0472815318123225,0.0737226497112633,0.10053597961539,0.158855384564027,3522.23629454247,1,1
734,-2,-2.13491385252891,2.33706919789122,0.76140304158524,1.05545488336089,1.89652950920949,0.40433185869992,0.0473621568580406,0.074083803259205,0.0979574043721557,0.156438527075496,3586.5583671303,1,1
735,-2,-1.92275473025411,2.20452024700611,0.96793455624689,0.989026521616306,1.94679215870498,0.362505211975687,0.0488477289723577,0.0760295809744504,0.0996117067941949,0.159713664027471,3547.38017713975,1,1
736,-2,-2.23650842630522,2.32181594505867,0.789833252902233,0.89437922808557,2.17944728395398,0.421183363155843,0.0472233311204774,0.0744315217014225,0.0996473615225699,0.161289857735564,3556.39943269597,1,1
737,-2,-1.75920522876328,2.35084617638149,0.701532201757087,1.01560513529681,2.0516065008114,0.325133045374553,0.047688630614843,0.0749436704321911,0.0968868967407609,0.15770061199243,3547.0847857566,1,1
738,-2,-1.69760127234882,2.26485388297041,0.850793136731496,1.10614015731661,1.80627386620267,0.329438946806012,0.0479441828392548,0.0768478604850212,0.096117552177164,0.157301487173625,3569.69881092926,1,1
739,-2,-1.58805602309426,2.2681736981491,0.831877612207093,1.03871487577931,2.02640975420908,0.286137581455057,0.0500371226508455,0.0786750560192725,0.0970206281007062,0.1613103084766,3509.90823166457,1,1
740,-2,-1.57083576982959,2.30266488530705,0.778922826521673,0.958372359739648,2.12183026109013,0.284264708226153,0.0487877443945444,0.0762295725520024,0.102725519603873,0.169129501154734,3541.19699913483,1,1
741,-2,-2.10639719040024,2.33780338545654,0.755692070957681,1.07692903703369,1.81538726411163,0.41765155878363,0.0487872630610452,0.0776116949160919,0.0977917853164986,0.159330921257723,3582.18967656158,1,1
742,-2,-1.35386289038912,2.29205301170149,0.799864179970993,0.817937132488378,2.34225394215775,0.25157202414141,0.0472070602298709,0.0743587239541333,0.105833096395774,0.175575840902659,3512.06365327071,1,1
743,-2,-2.03874709829919,2.32689922693335,0.766511643412541,1.08727263613332,1.9525498807535,0.372376046710704,0.0486401439943459,0.0765817711796613,0.0941604349898601,0.152935457926747,3547.74132308523,1,1
744,-2,-2.44133822809952,2.36109687805552,0.654974375360135,0.950815402146672,1.97721158024144,0.470338997346202,0.0466895627352928,0.0751491315238712,0.0969172539147097,0.162143599630721,3485.14263899584,1,1
745,-2,-2.16027189717118,2.30037320719537,0.789441232297726,1.12622400097974,1.80212825525823,0.400993323161806,0.0499921655630217,0.0788764223171275,0.0948747744387843,0.153981943381558,3546.626906288,1,1
746,-2,-1.93308173359051,2.18993317782023,0.989399091439984,0.865102196029202,2.2382403636906,0.356550345194398,0.0491877859155762,0.0747198785598129,0.100260436264401,0.165224605181207,3498.8193345986,1,1
747,-2,-1.67269239844838,2.3310161253074,0.773085589855471,1.00510509418168,2.07764307666961,0.284576423865729,0.0499278482532332,0.0785050419216274,0.103228821935821,0.167467776162237,3570.69460113493,1,1
748,-2,-2.27535904756929,2.24386176119751,0.845170429974543,0.950506322827637,1.94720517651506,0.450088495579383,0.0490468028203601,0.0760353105174223,0.0979233772078309,0.159213292915769,3526.30371022657,1,1
749,-2,-2.40323212880718,2.28979132680865,0.783850552691257,0.936561255520594,2.06575749843207,0.436332094096678,0.0478418295319016,0.0765301318501726,0.101528517593486,0.161761336633943,3507.73432875663,1,1
750,-2,-1.80830555206343,2.46239652816616,0.538624379445521,0.960197703061699,2.05126579564223,0.339411877831961,0.0462308635317169,0.0750573766160202,0.0983373919988269,0.164640078469188,3556.36442140111,1,1
751,-2,-1.24623933356988,2.3631656107405,0.674017601555416,1.05199659134551,2.09310527534207,0.22714866272264,0.0490224380734102,0.0777591218706571,0.0991128238209935,0.159858899855883,3590.46235374607,1,1
752,-2,-2.48746630703848,2.27042590886211,0.864107130324769,0.955955350550764,2.03824021573937,0.447875945162457,0.0477729513345148,0.0753445915170686,0.0967079680450383,0.156573126439756,3514.71795895641,1,1
753,-2,-2.72300500900152,2.29644097157973,0.812863967888005,1.05775245110337,1.85319936733193,0.495481673300237,0.0497234845808691,0.0763548746878548,0.0978235269755309,0.152211456970149,3565.36729804556,1,1
754,-2,-2.50764563811173,2.3152603243703,0.769345525716458,1.01048499733654,1.93990015143032,0.476180419044206,0.0470499799027489,0.0730633091426682,0.0957271347757813,0.15797814764586,3534.25391801073,1,1
755,-2,-1.68189663449293,2.24813637444955,0.910946052134468,0.800564280033446,2.38761300463946,0.301011957417446,0.0492981675902462,0.07576412054888,0.108883791661253,0.180703713573031,3485.02444081094,1,1
756,-2,-3.23352758133039,2.33289758524623,0.76400450670184,1.12097189121558,1.67634669421813,0.63258395579761,0.0480011961957579,0.0759702991277516,0.0966533346478296,0.155780982516095,3539.42926877728,1,1
757,-2,-2.28554244858247,2.33116835161682,0.742483736392716,1.0324577661773,1.95328336123492,0.411121263253469,0.048101374437161,0.0784722066061932,0.0996555422099197,0.157909868725302,3543.32570639226,1,1
758,-2,-1.57045170656498,2.30773448750083,0.749716761712722,1.08634792050217,1.98512434938692,0.26488093662764,0.0517551493978235,0.0802019666752783,0.0980209326629204,0.154451015386277,3559.75571391218,1,1
759,-2,-2.0842481203792,2.25110597812072,0.920415440092163,0.963024338138212,2.09487865848785,0.389094577996142,0.0501196445789615,0.0770673085419775,0.0999125508210377,0.161782119704424,3557.24709303398,1,1
760,-2,-2.6268313933831,2.26676762173297,0.824982446329797,1.1129735365021,1.77754001153116,0.508872616826342,0.0501961926427363,0.0783283348192207,0.0939897331848916,0.150468928399523,3529.74925166542,1,1
761,-2,-1.31274346177269,2.27795814881504,0.781990539291433,0.942639354403357,2.27349280934124,0.24116488626877,0.0480807490162359,0.0772358962610819,0.0993798576401689,0.171395890735401,3504.97143145223,1,1
762,-2,-1.8777448794649,2.29820502228435,0.77873841795608,0.972055941652194,2.09197182073851,0.338841630229598,0.047665172323553,0.0751247626825015,0.100424364003753,0.160622561201589,3564.60351302936,1,1
763,-2,-3.22570569709624,2.32564613151736,0.718616570418498,0.925548759223669,1.89752648948776,0.679433413440257,0.045620465214664,0.0730888258752867,0.0972015033035304,0.158635528203524,3500.84246897988,1,1
764,-2,-2.24433117465157,2.33616218928952,0.709817441075057,1.09107030918335,1.83125422342082,0.424128847295139,0.0486533026467679,0.0772261379148085,0.0917348783698234,0.152819375886781,3545.77558726943,1,1
765,-2,-2.04801772522734,2.29317902573786,0.736773054286874,0.909080520708781,2.06329239899924,0.381965916485538,0.0477445999678347,0.0763439282910165,0.100838398701149,0.159880534695323,3522.36781907803,1,1
766,-2,-1.49451668010768,2.28742632146563,0.813693412423893,0.776575504505958,2.45142580327706,0.264178077888498,0.0477989114361105,0.0737248666881064,0.105569467632922,0.171508987844695,3543.62702109398,1,1
767,-2,-2.30886135704267,2.28249440926905,0.858048659561398,0.934968537162465,2.06193727966407,0.415094218346425,0.0482698697601898,0.0746130241441788,0.100197065637116,0.161677972208252,3503.27247536328,1,1
768,-2,-1.70314606267744,2.34118370403359,0.808934264213436,0.960444966146511,2.03831618175003,0.330940280780846,0.0475289669577056,0.0741772113878281,0.0984223235640194,0.162418858376414,3602.73104938777,1,1
769,-2,-2.44136937056197,2.30297890924054,0.766440992858348,0.926743130544587,2.03644884791951,0.472724786657739,0.0483919184574267,0.0761453512182512,0.0971230268224398,0.158097989526332,3499.7308275379,1,1
770,-2,-2.38728538753306,2.30989768895854,0.778998358072928,0.95596859472128,2.02763385376797,0.431425772236606,0.0486435634710933,0.0755811591117305,0.0981195358075838,0.158528537112754,3525.3489124514,1,1
771,-2,-1.78603996667444,2.20223756537978,0.928077826955038,0.880115350165015,2.33425846837774,0.305526231856644,0.0506315527846651,0.0770599907535829,0.0993862117682528,0.163396778017265,3511.03930094481,1,1
772,-2,-2.2225546847656,2.33162848316364,0.784625748608903,0.987491720802253,2.10271155822438,0.384785257503558,0.048515902578071,0.0773930315833998,0.0984865692646856,0.161471360562474,3518.68308279106,1,1
773,-2,-1.78303978749952,2.26701370736614,0.865404526690324,1.04789016355634,1.96329454059066,0.33605689694602,0.0496398444443235,0.0788393808979289,0.0976256312657314,0.161183588716985,3551.60778725335,1,1
774,-2,-1.99158545328971,2.32067047225264,0.745351474289539,0.987777162124169,1.99815375873392,0.36281957612087,0.0480284420643263,0.074350677039598,0.0999483080191451,0.161169927028198,3541.5989538037,1,1
775,-2,-1.60950305258163,2.25010364201404,0.835135996342668,0.99258688041758,2.12754396180766,0.278900667572116,0.0494060075178567,0.0777071109791389,0.097886170594407,0.159306333728267,3492.51337433597,1,1
776,-2,-2.1516376832107,2.37284474400676,0.705849147081684,0.991729983917359,1.96240573656843,0.442182941542685,0.0465661993570279,0.073410160518934,0.0974175825759174,0.166184796946672,3538.09484404613,1,1
777,-2,-1.94791219827403,2.35170308971303,0.717841498575761,0.863798361927835,2.17728443734874,0.364490075104243,0.0453660063064755,0.073681481063667,0.0991704008719533,0.164234018678877,3528.43707346867,1,1
778,-2,-1.97351635880288,2.26392032122798,0.86328347392129,1.14752298236242,1.7770576048204,0.349093607732378,0.0508140657172689,0.0800824784719357,0.0986797249588013,0.157671563157261,3559.58180219394,1,1
779,-2,-1.76234815120802,2.25478490357655,0.913640243972619,1.07589839036985,1.89394243004894,0.333886690196404,0.0495700469807352,0.0753759380327188,0.0943281256612176,0.158325141883466,3580.49940629098,1,1
780,-2,-1.91327041491156,2.2826584276226,0.865463863308963,1.12127788198302,1.80507449282141,0.350235271121478,0.0494215610306046,0.0783712160506347,0.0960116387267887,0.15398770834741,3578.6122065034,1,1
781,-2,-1.89027093650863,2.31657732481455,0.804249116944382,0.994554850707093,1.98668528823117,0.346141213142982,0.0474969645435041,0.0748529414246269,0.09824265641025,0.159294268871515,3570.17679707919,1,1
782,-2,-2.00921601191581,2.27859558541794,0.812640845242491,0.942588733042327,2.04470028294845,0.370633173263597,0.0496519299968854,0.0776609484334516,0.101633741906078,0.161995476793129,3543.19167434001,1,1
783,-2,-1.75928260049103,2.3399621418962,0.730059185780159,1.152751542317,1.75380123260179,0.315612652086173,0.0490514629066257,0.0777563235540323,0.0969899939968645,0.160683187765098,3558.54126147947,1,1
784,-2,-1.53247204587761,2.41401573379977,0.648948489335474,1.01518382405995,2.10862329194913,0.285341804971645,0.0483865755655729,0.0760149123283304,0.101290870620599,0.163248253190744,3611.93505776774,1,1
785,-2,-1.59783016957908,2.22829784343224,0.905600864492709,1.11519751115854,1.93455633284589,0.295805510817376,0.05132314222068,0.0780947735518338,0.095665277638168,0.154687384945727,3558.86258863193,1,1
786,-2,-1.57888873336215,2.37314543702823,0.724071241329983,1.08786067237311,1.95360136959579,0.294140270828524,0.0489151555147573,0.0766095825695526,0.0976757497151348,0.161107766317019,3603.8065317783,1,1
787,-2,-1.48742803046869,2.26836928474661,0.862172831495119,0.999715820063086,2.14445668904198,0.256691941659239,0.0490201077281813,0.0762177597018013,0.0989560125010527,0.158779119358706,3554.15564595073,1,1
788,-2,-2.30134856564157,2.27264066466728,0.881224234162976,1.03507728991612,1.88563590024908,0.439063634629645,0.0491480940692002,0.0752454273896276,0.0971937242069203,0.15973505920562,3564.02866197048,1,1
789,-2,-2.27367835005534,2.21525336702472,0.899811966353497,1.02158248857143,1.90162901767284,0.439148887353815,0.0493693898051718,0.0772625910757611,0.0969675423344865,0.157455984023436,3528.84184458989,1,1
790,-2,-2.10921730870043,2.32703482633298,0.827723165141283,0.99015910747101,2.0100082029707,0.389353449937286,0.0479978028387313,0.0754096550014454,0.101653084796893,0.162649768481262,3574.73114781372,1,1
791,-2,-2.47605115753341,2.33790746942413,0.729378905593659,0.968895017140164,1.94497979747287,0.468384327878993,0.0476577730945993,0.0769084072483694,0.0998333349709439,0.164177100892714,3500.73001025026,1,1
792,-2,-1.5160724063167,2.3426126711889,0.729504779703246,1.02743999728043,2.0218330428004,0.274218764128959,0.0485201246808556,0.0777716029999317,0.100493800323563,0.160862455068257,3580.32263583022,1,1
793,-2,-2.44709433458892,2.29892336312018,0.849071727474124,0.970496638632877,1.95668489861744,0.46992365520137,0.0484908330888551,0.0754744122435493,0.0968899808998962,0.154810342492539,3541.13891592566,1,1
794,-2,-2.55520251508818,2.31690183663656,0.700980462467755,0.999514542054613,1.98639744714616,0.45785204847547,0.0500004172581386,0.078872265722312,0.0966029289293692,0.15726850070466,3531.83817193395,1,1
795,-2,-2.10796195741423,2.27079260997186,0.875745785255977,0.922592166422433,1.95395402979662,0.413835559101474,0.0462134569855685,0.0738467180471164,0.0994638360840567,0.157605551579292,3548.26456245925,1,1
796,-2,-1.74675596397829,2.27677246826693,0.861342343162173,0.869814079092549,2.1061792663675,0.340939984797351,0.0456657342847003,0.0723282406373434,0.101852529546738,0.171425540629779,3524.36546620771,1,1
797,-2,-1.87978553831286,2.30585540172008,0.789293499888137,1.08376720740452,1.82284437724167,0.373359537633623,0.0483338382548658,0.0767884267393082,0.0971991220863142,0.160863579210134,3562.96258818077,1,1
798,-2,-2.02580115208337,2.30798421453447,0.825126719197326,0.918051046036894,2.15754412173741,0.362328832070104,0.0487690219794613,0.0760946005008674,0.0998401284010724,0.161851739597228,3533.35064047595,1,1
799,-2,-1.73753020900255,2.25053375739284,0.920301126515266,1.24865113585817,1.74943160425587,0.304027878592929,0.0514835948097954,0.0796620927483246,0.0920351596941466,0.153934566994134,3559.29926238213,1,1
800,-2,-1.85854825949531,2.30490651744949,0.792566087199822,0.944647952871495,2.02992268181095,0.352750602583368,0.0464155471012148,0.0739738154033599,0.100653582584985,0.163896231030757,3543.96476208683,1,1
801,-2,-2.1262734499447,2.27048262153349,0.787469023238386,0.857154334243891,2.1503463817994,0.394066785808656,0.0464187935510356,0.0741236804731389,0.102939166077909,0.167033982127515,3495.43698702112,1,1
802,-2,-2.42003277299817,2.37224542983693,0.642627555933443,0.787219999499038,2.22300954376687,0.458219769387428,0.0455424620914981,0.0735536160554292,0.0987794682703543,0.159711836932526,3491.23046652874,1,1
803,-2,-3.26561532049824,2.29674994278385,0.800982876797799,0.93807977026612,1.92874550895793,0.685878492460889,0.0482911495772161,0.0757411256565772,0.0986348705408775,0.1585845522968,3495.58547015103,1,1
804,-2,-2.26983540833704,2.33111103600767,0.765116431185596,1.00750631675049,2.01094834458284,0.383841260334711,0.0480615779054467,0.0753590126079862,0.0992629994831056,0.157484811703523,3548.62941554087,1,1
805,-2,-2.6918248040776,2.26964191340513,0.823346654903404,0.906152067521791,2.04233137733953,0.526275381865733,0.047304112668015,0.0735124569376409,0.0966137379823565,0.158549258197447,3475.01515535531,1,1
806,-2,-1.46225782463773,2.27171076982803,0.806004133311238,1.10463397044261,1.98736031732256,0.273383912875399,0.0515408065427025,0.0800801773073021,0.0966417222758068,0.161011814169964,3514.59604842701,1,1
807,-2,-1.88224401434139,2.3504270304305,0.815896129196588,0.989118213609953,2.08888043146146,0.311959705824697,0.0499280682034817,0.0771903204903807,0.101555464561042,0.161224412214075,3556.10798187389,1,1
808,-2,-1.80687567692773,2.29063827215922,0.894250109230806,0.717642654519642,2.41904240689618,0.32879779498903,0.0460390748729975,0.0727981949669588,0.106942549543694,0.171503694049541,3539.3918267321,1,1
809,-2,-2.23369064233798,2.2555375026844,0.829959268179144,1.08623498742381,1.82871670981889,0.418208517791846,0.0490616699403446,0.0779817586441433,0.095097888007957,0.155399410181457,3520.38414061164,1,1
810,-2,-1.50325137145167,2.26254113538284,0.846770901762512,0.880454144006768,2.22420223977462,0.276012775798846,0.0484336053296188,0.0754100411819917,0.104326179580525,0.166101116115302,3547.50873913397,1,1
811,-2,-1.74521929912223,2.29393485296481,0.813024377925804,1.01095942071586,2.07385293808359,0.316611310992669,0.0491606364869659,0.076109852528228,0.0968160612680968,0.158172161835478,3551.94742064112,1,1
812,-2,-1.98138762912278,2.27536832510631,0.824552419175068,0.940200015793552,2.06538623322552,0.361820770498277,0.0490392961524028,0.0781249459668172,0.0999699056323028,0.163259711755791,3515.97707236454,1,1
813,-2,-1.96304689302894,2.33920755720175,0.739529287692865,0.995387140134628,2.08023488309195,0.343617958163014,0.0484660631882613,0.0772820926727953,0.0994490393257244,0.161160382960217,3533.94745899809,1,1
814,-2,-1.9264961199238,2.31268711358733,0.792042653668245,1.07171916799762,1.83288687969095,0.351247019377091,0.0478313079617861,0.0739079345671176,0.0989738529335081,0.161198246963646,3578.37715804751,1,1
815,-2,-1.58626109462334,2.37999630914472,0.693903654847287,1.11645151267567,1.94997376896844,0.286473094666064,0.0504449749197957,0.0784562476837781,0.0963391032083004,0.158419522497769,3612.16627815269,1,1
816,-2,-2.45011557739355,2.24727936874451,0.852233265423103,0.955051646715538,1.9635316870091,0.468881769383635,0.0484982862485762,0.0760663427009399,0.0978080582484094,0.158781308795246,3499.83466989086,1,1
817,-2,-1.85519647636898,2.37476512756255,0.761211207187079,1.10292845942505,1.9362275673392,0.331092541895742,0.0496127733976634,0.0782224118378084,0.0981294031815064,0.158796421008548,3592.78171351268,1,1
818,-2,-2.1659073469838,2.29587433846275,0.788992168359275,0.927501054650007,2.03695991881842,0.38573947758041,0.047927292290081,0.0752512873406019,0.102755139946908,0.163542892501562,3527.73475608054,1,1
819,-2,-1.73057416099859,2.30347826873964,0.77894813535198,1.00807271008905,2.00651896700686,0.331719338242208,0.0502745823187406,0.0771258658844485,0.101906825464196,0.165241492754431,3575.10939149134,1,1
820,-2,-1.93556071684636,2.3142823500702,0.754930873763698,1.07281906007148,1.85877452336548,0.345271458125154,0.0493299882775786,0.0785798782708054,0.0977244660312703,0.159543260170554,3543.24717032916,1,1
821,-2,-1.44828503301265,2.35040295555964,0.722739903790895,1.01139793229539,2.02218061047461,0.270333183315704,0.0484012660892474,0.0754818066573695,0.0978033641910356,0.15910641436164,3569.16644588534,1,1
822,-2,-1.70250345484457,2.26727448888742,0.866140498024876,1.00185940892383,1.9741075939705,0.346076285325153,0.0471693203774033,0.0730247224592439,0.0965403491427847,0.159466340739656,3569.37255656013,1,1
823,-2,-2.40659296717326,2.35000593727744,0.729720474384917,1.0031390103692,1.86126685177348,0.466499425625789,0.0481095502457776,0.075847740997548,0.100455597144805,0.169084548156662,3534.24250677468,1,1
824,-2,-2.06589535889074,2.27298867383506,0.853373783212064,0.996446495419031,1.99984251302232,0.398338633254741,0.0498346482711044,0.0789360596413555,0.0985618960628418,0.161535834434249,3552.17919903292,1,1
825,-2,-1.68517003358027,2.27432498377407,0.855591335383872,0.841252337063118,2.36378637571533,0.294002789521637,0.0493836513060999,0.0762089399151825,0.101780108756739,0.16626090121493,3531.48556874694,1,1
826,-2,-1.93714030057127,2.33404108720197,0.78844549963774,1.09759099600018,1.93854942468547,0.347632376394835,0.0490393778177782,0.0780541758542914,0.097111598353666,0.162083387840314,3563.33667871684,1,1
827,-2,-1.89467994258428,2.27587679707036,0.856454077121196,1.08206885170043,1.93097653892164,0.344164164642095,0.0507829950507552,0.0793874766002974,0.0936044737918861,0.155940098733715,3544.32158575886,1,1
828,-2,-1.62331587289238,2.26751741779943,0.833118414252551,0.913116022893957,2.11694526406184,0.307174026726897,0.0484423937594177,0.0747831669407522,0.100382624525721,0.165324261683694,3538.71321471888,1,1
829,-2,-1.83290987273691,2.3396275652418,0.75955084218666,1.0909334625648,2.0267260897945,0.314078926377872,0.0480339234774321,0.0764689894447512,0.0969764449311274,0.159691291839328,3529.45247477172,1,1
830,-2,-1.39179899398755,2.26749405051103,0.876412038079127,1.13427067811194,1.93227744608129,0.24724091842453,0.0506940378954178,0.0809290989632505,0.0981708819353463,0.160891165232143,3573.22690239135,1,1
831,-2,-2.25787419302275,2.2983798192332,0.837661314969467,1.06477637613119,1.92325328674581,0.424010809116648,0.0501203281839436,0.0790153205241383,0.0985102620896398,0.160028254354318,3556.99832080302,1,1
832,-2,-2.55015768294144,2.31318337036295,0.736082950623626,0.890180918377105,2.10547166780806,0.51011200242161,0.0472719723525941,0.0752873068394081,0.09635673196561,0.160775810443201,3490.56095104382,1,1
833,-2,-2.22968786400686,2.34570350977052,0.772959119605417,1.01053827163477,1.88827091493662,0.431656930624966,0.046954884961654,0.0737319644505808,0.0985623480063561,0.161057809159714,3570.43830018231,1,1
834,-2,-1.83102893801157,2.28746683015807,0.850986714695002,1.01399883393336,1.9377404933866,0.355795425820829,0.0494501299135136,0.0770637648968976,0.100962616675839,0.168491983239482,3546.29650412822,1,1
835,-2,-2.02178569785166,2.24256616823732,0.859888753672432,1.17840729173271,1.61303311960639,0.387933438638337,0.0512040103454175,0.0794463372010166,0.0950334903108553,0.154799128475424,3554.56328572342,1,1
836,-2,-3.01355572212124,2.22626182693931,0.885671121807828,0.91361389863174,1.99299307708187,0.591944771355444,0.0488552722805383,0.0753838262002851,0.0999312260452717,0.156592587685589,3514.93859686614,1,1
837,-2,-3.37782267335136,2.26802066761402,0.842609275585332,0.864314569629808,2.05759897988679,0.695001064636326,0.045796729609867,0.0721056219492886,0.0967503601150118,0.154940157309146,3483.53832313735,1,1
838,-2,-1.82822390472257,2.2733503807338,0.830670728979186,1.05907523632694,1.94495725377104,0.352068347522752,0.0493342435895104,0.0782384493489411,0.0952671691136685,0.157699326806416,3548.9485050617,1,1
839,-2,-1.5113137908566,2.28863306665307,0.84534120741415,0.981439418527699,2.20574341857744,0.258439786225361,0.0516467541875993,0.0804758499562905,0.103270083064266,0.167651269367062,3567.18991999383,1,1
840,-2,-1.72797711488556,2.27069194119956,0.839883739663478,1.18181357652829,1.75013684298398,0.32335235794743,0.0496302531745042,0.0787903282120372,0.0974532613924964,0.158823991593561,3570.4784612881,1,1
841,-2,-2.88350275538635,2.27697965864975,0.81996008214034,0.942166694335077,1.96924872017671,0.564383183828681,0.0483054261076662,0.0766822510384584,0.0967294697687788,0.157052230789619,3502.09859713761,1,1
842,-2,-1.58916495035457,2.35461663039323,0.699832782057814,0.754192282769419,2.47715780577463,0.279438937106511,0.0470343588797831,0.0739889053269062,0.104247584205763,0.171924756922246,3510.46547147976,1,1
843,-2,-1.85414577279538,2.31663412797996,0.743070407506319,0.957386606835913,2.08335725313761,0.353360523190585,0.0484144638102332,0.0777620584377256,0.0997583381755172,0.156368878664331,3543.49977250264,1,1
844,-2,-2.61266243213585,2.27870260090464,0.884462475131864,0.996672302195377,1.79629368093693,0.525650097632705,0.0472748229232099,0.0737882584447304,0.101249128458624,0.162651288334067,3567.42018541604,1,1
845,-2,-2.69632445279246,2.31523584589357,0.726618528953001,1.03341206968985,1.8142205989451,0.540800579091717,0.0485136099293996,0.0765604797312168,0.0987797696598928,0.161102853933725,3529.69187358395,1,1
846,-2,-2.45361662368817,2.27698216706435,0.822977305721801,1.07402689512131,1.87909334938707,0.447530947611517,0.0495479818345932,0.0760500841750057,0.0933914658401315,0.151578470606099,3535.46618894041,1,1
847,-2,-2.05373034842461,2.39528946690366,0.576983114289215,1.16495871225061,1.79718725601552,0.384176246562006,0.0480776027701775,0.0806463629953247,0.0936276547330076,0.158813977254694,3528.31778005114,1,1
848,-2,-1.73461716394025,2.23574516046143,0.866584323047632,0.943196682162473,2.05291396757479,0.322892774221698,0.0495571597046561,0.0775860149132119,0.0974890809753068,0.156529449214115,3516.03791379971,1,1
849,-2,-1.97773483605938,2.29595920767694,0.8234595332945,1.24605245778583,1.62775043847082,0.376647879755836,0.051755943618671,0.0784514156073048,0.0954714672142283,0.156282298557142,3583.86506364116,1,1
850,-2,-1.62308893402529,2.39795771103846,0.715586489960082,1.13000144557665,1.84468524797409,0.322223923816699,0.0461420456010478,0.0728681556867947,0.0968625289184684,0.160700457917268,3619.01991589669,1,1
851,-2,-2.25632341594162,2.35199097091485,0.752145453704764,1.13165338109083,1.83238052913181,0.419936706184593,0.0483653886540781,0.077024108319144,0.094319940948306,0.15295035977234,3564.06423976678,1,1
852,-2,-1.57396899535794,2.36487646868621,0.667728516698342,0.935468351017985,2.20148571194973,0.292109802286238,0.0486778261466638,0.0771388133643894,0.102185277856005,0.168349123133971,3536.42613483282,1,1
853,-2,-2.70886521150716,2.28431581109759,0.786793274683807,1.01738761923042,1.83413551283437,0.528207126166208,0.0497486311924712,0.0779265756720501,0.0982721688949759,0.157495221796188,3534.15718252508,1,1
854,-2,-2.19025780239552,2.31552790307045,0.846663334950249,0.911438190386232,2.14478861900431,0.367736875003475,0.0496076777106391,0.0771138152155969,0.101832789074603,0.164501077045393,3543.33203297022,1,1
855,-2,-1.76155304703164,2.25358390654168,0.816995421875617,0.991580128209376,2.06019386625621,0.306183792570632,0.0502528020329344,0.0779483410026506,0.0997151280957425,0.161498953111303,3517.20548103837,1,1
856,-2,-1.62556139545724,2.28591727762499,0.824084654420041,0.856976119289603,2.1791546333508,0.306258690887514,0.047862143329636,0.0753533106263771,0.105372835438723,0.166324921968221,3569.37387228191,1,1
857,-2,-2.65983406022639,2.23089052400408,0.92368100738143,1.0305277911518,1.8579127121617,0.511180578912458,0.0481060710023634,0.0765232355750503,0.0965842587872116,0.161145116562174,3504.89199058114,1,1
858,-2,-2.62130513541293,2.28612451948311,0.811580731943023,1.14025879415536,1.74320313237519,0.502490996504666,0.0506020233562571,0.0804498089213353,0.0931719516425992,0.151893199756886,3536.95407380196,1,1
859,-2,-1.89601510602363,2.3872694253335,0.661136201997687,0.901705603562458,2.25700894506601,0.326555815801077,0.0463167546339636,0.0750842891917981,0.0999645268759919,0.162657770063801,3501.68604659287,1,1
860,-2,-1.94094925264968,2.26487364490808,0.803999538841102,0.820906064564336,2.30584156669239,0.340770794896699,0.0466848784841784,0.0741071938042322,0.100591156543526,0.164287383214217,3479.78019535771,1,1
861,-2,-2.13850889579096,2.34843061330128,0.741811518986444,0.870556264321637,2.16375215110716,0.385671215992124,0.047965156774398,0.073731696861244,0.103783447587569,0.164054439377731,3553.96732748552,1,1
862,-2,-2.98823456571906,2.23810936859093,0.873255041877496,1.06330328570932,1.7932661189485,0.562394348158386,0.048617455694616,0.075913594377136,0.0935477609600621,0.150872599978692,3511.49702997999,1,1
863,-2,-2.0194632090304,2.33662953484965,0.77515148300849,1.00313425876468,2.03180865970643,0.361426574315986,0.0489215010860004,0.0767393980882417,0.0980120353072501,0.159249178508387,3560.5954921576,1,1
864,-2,-1.95119964137915,2.29348756691394,0.833622299023998,0.991743337634746,1.99865025838204,0.36225792507706,0.0482579911361641,0.0755263034287802,0.0990198083447445,0.162624709298734,3556.00733065562,1,1
865,-2,-2.46084582787443,2.35948246920997,0.630877099812124,0.977563896658355,1.9414531273623,0.502493671284513,0.0475735625529023,0.0751179823698651,0.0958768990215898,0.155864752147032,3527.66130686614,1,1
866,-2,-2.45372816307691,2.3163481443442,0.832124610014775,1.06438829269592,1.74120202997971,0.490754798214384,0.0464539042048415,0.0748790675077147,0.0967417482376609,0.154138433360776,3584.58912589071,1,1
867,-2,-1.90146456779502,2.33807414727217,0.708574422795609,0.908558490927451,2.23128014647766,0.332563326654656,0.0485101993576901,0.0768055071074064,0.097610384552729,0.157843410519041,3512.5304880948,1,1
868,-2,-2.60562553106821,2.32197908272494,0.76313691745157,0.930785251675228,1.95859603244039,0.528061797105748,0.0477805228336353,0.0733183019962144,0.099667608029802,0.162442544575836,3513.12757346558,1,1
869,-2,-2.08727026873315,2.29823084253327,0.733516543374603,0.984425146445126,2.06749280320461,0.346232600004713,0.0494338792695806,0.0769356768146408,0.0977525659853404,0.156958308227889,3502.09665779038,1,1
870,-2,-2.05693903788098,2.35483537333392,0.688666011958035,0.995269098551215,1.99315760535239,0.391191147876804,0.0467218562598864,0.0738558003870268,0.0944027134161295,0.155871257561112,3539.90006995402,1,1
871,-2,-2.30359591136363,2.26121539908005,0.831602685221349,1.04459003497099,1.87789051668764,0.456898859802519,0.0484805381282818,0.0768126884503352,0.0941410351919055,0.156605927536013,3513.80733404912,1,1
872,-2,-2.01826920974567,2.2989115943778,0.825919547126447,0.711913712182884,2.35452809447077,0.412572258863496,0.0447164545879518,0.0706710443481092,0.104853417777443,0.167639860155272,3531.64435879696,1,1
873,-2,-1.71279753014991,2.32098053274678,0.817399136517901,0.972437248518577,2.11008033252759,0.31228701541952,0.047318531072175,0.0745949678543313,0.09885678014262,0.161159475258841,3545.70917779868,1,1
874,-2,-2.2230058875065,2.24324146651438,0.839834600162914,0.947881142670809,2.09447364125996,0.381132044856708,0.0497311920203456,0.0768090058184058,0.0981873410238357,0.160263073766144,3444.83193624785,1,1
875,-2,-1.82674026026517,2.21340213437396,0.880132641566167,0.978887001758934,2.14763763398178,0.331999206049619,0.052348495885451,0.0788393426641533,0.0973264360396661,0.156731217527958,3519.1576093479,1,1
876,-2,-2.4039863735842,2.33672195802678,0.800159590221242,1.05571753747908,1.8425525982691,0.443427482988298,0.0483992397289436,0.0769589677225463,0.0966248564298322,0.154591051696236,3563.82742488385,1,1
877,-2,-1.71193796044747,2.24853331808787,0.831039609347238,1.18746925013252,1.7218214449583,0.32748526026983,0.051902410501006,0.0800668201556099,0.0974925629728549,0.161799725764077,3559.17951075875,1,1
878,-2,-2.33750762123905,2.30473643268949,0.829505848206736,0.942624241427431,2.01331103069957,0.450782171404045,0.0473229789191049,0.0737689417962864,0.0997203140345435,0.165152625523781,3545.26436011839,1,1
879,-2,-1.83289977948072,2.33218349940447,0.771449794644655,1.10102006874673,1.86700472637714,0.338808780202412,0.0484747189030336,0.075200253396866,0.095865357159799,0.154753498402107,3584.61093751379,1,1
880,-2,-2.83430446414271,2.32769245160725,0.726045562819293,0.818502750814003,2.11160156869246,0.564457479348269,0.0468914370427662,0.0733239666765378,0.103471013460763,0.164744190516099,3515.84992039937,1,1
881,-2,-1.78387801029435,2.32457157331064,0.749501003359028,1.01444361947171,2.14411552789109,0.315307198020561,0.0502691604371506,0.0804202204884841,0.096230212939942,0.159818222176646,3517.54742996065,1,1
882,-2,-2.23831899732268,2.2861798950843,0.86184190540217,1.07367535616223,1.82273267849896,0.421877107642124,0.0483923076031815,0.0756507123184079,0.0988460217899298,0.164089826410832,3556.92479267312,1,1
883,-2,-2.33453291289582,2.2423681751064,0.853947573332105,1.02648968583788,1.92076084194864,0.40620153934679,0.049999867471309,0.0785494758839379,0.0998700157993406,0.158634191403726,3511.06169163595,1,1
884,-2,-2.28547191363144,2.28752462359073,0.815107064089093,0.9961138365647,2.00274812195674,0.421599097963276,0.0499082583749229,0.0788310978681106,0.0986297767529316,0.157900744650876,3552.89616772375,1,1
885,-2,-1.56326723597053,2.29552820504907,0.77680661298823,0.878684409581298,2.23797482024973,0.278939570991663,0.0478210403965866,0.076120578430804,0.102906374810284,0.169443082267426,3503.26316973511,1,1
886,-2,-1.79858907845831,2.2657223809187,0.864766165731816,0.861611967949445,2.19803111402842,0.326594471815406,0.0466339143254557,0.0729808857058032,0.1027233388055,0.166210897303674,3492.85071418526,1,1
887,-2,-1.39934344610875,2.25221301007889,0.815437623505245,1.00873835154654,2.02747349149752,0.280902707573601,0.0487140460817071,0.0781837795882403,0.0983814110259988,0.16331575199231,3541.07497961799,1,1
888,-2,-1.80283532154194,2.27358034140912,0.863316937490702,0.927282696976061,2.13994548815589,0.336538273004213,0.0484175871651024,0.075231215041945,0.101525977820675,0.166224563572403,3567.46528253177,1,1
889,-2,-1.75186762368859,2.40305009857784,0.659144467023052,1.162995626834,1.79460956397566,0.318545755333755,0.0490192706754433,0.0775950387890201,0.0979944765379363,0.157451516619176,3608.53475311609,1,1
890,-2,-1.96600381930373,2.26722847916078,0.888054216314123,1.1668013533991,1.68586873283696,0.357027728198123,0.0491519523524446,0.0762401752874097,0.0970786297756333,0.155582549977731,3591.73224447773,1,1
891,-2,-2.78770148604467,2.28429904409801,0.844146004387058,0.883785274112546,2.02441664887291,0.550191178348216,0.0471861443858372,0.0761809232713113,0.101741262504154,0.162099115027064,3530.37714352916,1,1
892,-2,-1.70007044551944,2.31854644919586,0.810529251639959,0.957312605535712,2.06950205127708,0.320626255443619,0.0467980233360848,0.0753856529849205,0.101436927118051,0.168362312796924,3569.31808946154,1,1
893,-2,-1.95974918009816,2.3035076655801,0.784119207538265,1.04914038535544,1.97284415157722,0.333128492285967,0.0494657618431717,0.0776040584074219,0.0982578393134763,0.160212911785488,3523.90076633381,1,1
894,-2,-1.20052414617805,2.3889223064699,0.71090520633007,1.25040943508925,1.76467895760948,0.235997494931903,0.050343737171004,0.0799426135328067,0.0935276850137354,0.154241291370817,3616.88824400141,1,1
895,-2,-1.92921737572835,2.2689416530126,0.815774851301442,1.08711803057322,1.92648961794103,0.335421449169964,0.0493442190750879,0.0783897850762673,0.0943586687956023,0.157802029097795,3498.08679828343,1,1
896,-2,-1.83826032013498,2.34789005746554,0.725848093769684,0.815062413070075,2.29814047775159,0.338375466579669,0.0470265301738065,0.0733344362129494,0.103244504721795,0.167609587757483,3535.98101693122,1,1
897,-2,-2.28017584174137,2.34962558862313,0.72116385027884,0.924186273380431,2.04242064597035,0.446132987868267,0.0476297062589574,0.076009441225243,0.0978056651502136,0.156584607339586,3553.92876967663,1,1
898,-2,-1.61269013438488,2.29314588662094,0.740114280738159,0.91292249865179,2.20210688614015,0.312296873127646,0.0485915515640019,0.0775221253102671,0.101457998468755,0.170063662514393,3498.48064547642,1,1
899,-2,-1.87730535091899,2.38358419685653,0.696466992877096,0.939101493409777,2.18336462172624,0.339575601142064,0.0476309352922258,0.0746007032613945,0.0992138858468265,0.16569818456111,3523.28410112737,1,1
900,-2,-1.76956696443025,2.28730745642927,0.792477316820008,0.97299362872544,1.9393577716829,0.344769588358259,0.0468727052066262,0.0743014067482996,0.0998663295462808,0.159428329344004,3556.67485706815,1,1
901,-2,-1.92230359907611,2.33777977852083,0.79751367435017,0.836662871070708,2.21993011608438,0.36925984542031,0.0464132320788844,0.0725122553369237,0.103200168838331,0.164255974405648,3565.94896755329,1,1
902,-2,-2.55791403705516,2.26452465141345,0.820772053196303,1.08903027943335,1.88680379546068,0.455589198608444,0.0494434577083548,0.0772350711373558,0.0951096749021137,0.157831430281588,3469.53534621909,1,1
903,-2,-1.64312657057823,2.31336038473414,0.784352899164605,1.11470485087624,1.90747354491283,0.293494594179053,0.0502399050964685,0.078631678722041,0.0970790964075232,0.15723218377576,3586.91828082708,1,1
904,-2,-1.96911353986566,2.33242016327378,0.804604977397069,1.0327357285642,1.99447174878758,0.358325164000597,0.0471599907703362,0.0770059437294331,0.0987525659392006,0.162643809397743,3555.15230212377,1,1
905,-2,-2.10412393758758,2.19454927527592,0.976898588600765,1.02651259417127,1.88830170246933,0.386467406041902,0.0489769640380131,0.0757034341462593,0.0999579846517941,0.164062375669593,3511.13843100721,1,1
906,-2,-1.63821141164557,2.27531064959609,0.822558784356301,0.965848003549149,2.22391274088958,0.289079485241805,0.0508116227726395,0.0777186553036938,0.0964259763912873,0.159786155175419,3500.21371451833,1,1
907,-2,-1.97858950738023,2.28845326169695,0.819772093428108,1.0544471003593,1.91195869763934,0.337238354528028,0.0499999404753073,0.0782877188700248,0.0998356493132999,0.15833696892649,3532.34579109284,1,1
908,-2,-2.05143816809806,2.34836422002715,0.747165743252169,0.843624413509673,2.21567988645778,0.384585532023867,0.0465561596561967,0.0729859910277699,0.102916653271339,0.167600634098148,3547.77865277326,1,1
909,-2,-1.81887948268332,2.19655195905604,0.97118231318065,0.92317622020217,2.10718609522622,0.342362882717525,0.0504473411372797,0.0801548641585984,0.0991667952229042,0.161179187676708,3484.35713641964,1,1
910,-2,-1.67524192602262,2.27075388543652,0.853453985464833,0.883928219354011,2.24524812246938,0.308453943628184,0.0494973815592129,0.0762236421469479,0.102498766649386,0.168569048491668,3509.48705160669,1,1
911,-2,-2.54264845027987,2.24449018907538,0.863980052145496,0.97187818912538,2.0096089723807,0.45738754212665,0.0494932981141033,0.0767348197978823,0.0992388114900013,0.161132083793535,3516.10313018793,1,1
912,-2,-2.14560871279221,2.25993730407371,0.90875194304721,1.05425023791849,1.94553516294544,0.371361389805375,0.0484947415284754,0.0756955723884345,0.0931940848229497,0.151537226735572,3531.54572290181,1,1
913,-2,-1.18391208934674,2.22497398558175,0.91977134903732,0.966411803643499,2.11430263366454,0.238799940704416,0.0492264501899059,0.0760651264710406,0.101066714742491,0.161108947487117,3596.7449304952,1,1
914,-2,-2.29775990852498,2.30840563991729,0.851224091277682,1.00268352293431,1.99362450015235,0.416812686666639,0.0490899569204589,0.0758818325781916,0.0969217378843056,0.157447201649304,3571.95374161998,1,1
915,-2,-1.98672949429185,2.32303745142177,0.78410516540356,0.871674689975887,2.08021555297984,0.381540383569825,0.0457246520673197,0.0730563804878523,0.102641921447471,0.1699285820947,3536.7551673012,1,1
916,-2,-2.02632903880923,2.30953359457689,0.8010015250443,1.02468722630068,1.99835037154069,0.361151542302573,0.048159496926572,0.0769010118022533,0.094739485936835,0.160437773915807,3526.52727698452,1,1
917,-2,-1.47710728500401,2.30389037354098,0.720106486579651,0.898240432489006,2.1854465944624,0.284003766294772,0.0485975641845554,0.0774386941747532,0.102105049503442,0.160964690166631,3541.60669302933,1,1
918,-2,-1.56117816865085,2.33541372760347,0.790060409688698,0.975351812169367,2.02532609103241,0.310263308768651,0.0490815520442801,0.0754475502123732,0.104210354423364,0.16705138944554,3634.24787769598,1,1
919,-2,-2.26526791423237,2.33988195195315,0.743539219897012,0.914142859793028,2.05835794091937,0.449198235762917,0.047778361253042,0.0745421379574984,0.0993067244190724,0.158258101049109,3553.37919554045,1,1
920,-2,-2.04585244223574,2.31768211957321,0.755757713759078,1.06300928066125,1.87605356120285,0.373611397342043,0.0476132054824017,0.0746811051225405,0.0982831404150956,0.158494216763632,3567.62930007575,1,1
921,-2,-1.73135771866866,2.34042592284373,0.676393910866529,1.04021402478997,1.98480093516315,0.321818818463862,0.0481481543767586,0.076477328574,0.0958377308125465,0.151037578219365,3546.02144489005,1,1
922,-2,-1.8161313947988,2.25992362347003,0.882649063659055,0.884778655212409,2.13299781356839,0.337670011120884,0.0481775962839538,0.0764110723409676,0.103603963975844,0.162385578536423,3539.45206456255,1,1
923,-2,-1.89208695746574,2.24295967925994,0.912442700993543,0.916391062017727,2.09830368187745,0.327214589196672,0.0481324082134914,0.0763699095566125,0.10266784428398,0.16218358564047,3513.09884534551,1,1
924,-2,-2.59920724461814,2.32802191014556,0.746664545719846,1.05878908441139,1.81389412565757,0.495651993777858,0.0474998507235315,0.0746239895956926,0.0971788800477485,0.157519564052065,3550.65516560618,1,1
925,-2,-2.45123590903877,2.28397338428717,0.868202856818521,1.02403724595549,1.97756112893737,0.467796421201587,0.0482690250180279,0.076794913425493,0.0955133787069398,0.153441524620879,3553.77146016472,1,1
926,-2,-2.07682044282429,2.2880545742493,0.813850538527934,1.08275789121255,1.94348824412655,0.363963717531252,0.0499666992112787,0.0768500312908256,0.0971356789253966,0.157685248896373,3546.37302965283,1,1
927,-2,-2.40445560254495,2.39974108344695,0.672339486917851,1.03353124307264,1.87701899569735,0.439046998420447,0.0484180441637409,0.077043346714574,0.0992789294733323,0.158597900477914,3566.76459734447,1,1
928,-2,-1.93020259838227,2.37262782111324,0.712838654074723,0.983837486681519,2.05543040710944,0.367831606001791,0.0466675595600246,0.0729342514843515,0.0994839725895273,0.167211363011197,3572.42148638986,1,1
929,-2,-2.23811166241746,2.32310239559783,0.705191899717546,1.0648331288933,1.89512820553527,0.398353840304548,0.0484561185321267,0.0780512872098378,0.0963962065503312,0.15529311464882,3506.72964418346,1,1
930,-2,-2.72494058777062,2.31234351167241,0.855155532515162,1.06264209579729,1.84182884688812,0.507769456730178,0.0502320298242731,0.077250037545369,0.0966083813762862,0.153796234799162,3576.09644702765,1,1
931,-2,-1.883188623192,2.2259487406042,0.911211938218816,0.796549437313712,2.34232195380062,0.348516009717085,0.0478460817214719,0.0730159286423787,0.102494087897445,0.169343951675567,3520.08899904598,1,1
932,-2,-1.97315783932444,2.33550042547581,0.717024674511996,1.04391605477184,1.85340194670425,0.370985367840422,0.0480206104507932,0.0762341630961765,0.0988114180282378,0.163259446929507,3550.22724775909,1,1
933,-2,-2.23637510923999,2.26794690331409,0.802779700694033,1.10061924456502,1.84927400632611,0.396317864611938,0.0493639107182815,0.0787075688190941,0.0947257114188372,0.151890232788724,3534.54178973158,1,1
934,-2,-1.74681059209815,2.22830156454431,0.881409248097983,1.09921543463591,1.82498703521998,0.337906892846516,0.0497789123009837,0.0778439638266521,0.0958340388351794,0.159037770893046,3526.16943228212,1,1
935,-2,-1.39596212035902,2.36130332537982,0.716434577067806,0.935434104216566,2.11089640159293,0.25551510620459,0.0466487816136204,0.0735672745494598,0.101946148180941,0.165147907380991,3560.85409152036,1,1
936,-2,-2.1062421833574,2.2118241247533,0.902581767790896,0.992295619669728,1.95010036773656,0.396904092228702,0.0511958335855915,0.0777672779168155,0.101873970801035,0.166102080831611,3499.76217035807,1,1
937,-2,-3.00718301116508,2.31419869969853,0.815330583758577,1.0209947977242,1.85992000860998,0.592659175003373,0.0481971313204025,0.0734189860312338,0.0963005083561289,0.152914941532336,3529.19912920218,1,1
938,-2,-1.94225962027995,2.39671406859328,0.656581459689878,0.917413564065306,2.09545324120991,0.360610476694219,0.0481135402249479,0.0769162715253395,0.101412352338526,0.169435165669175,3551.36863804192,1,1
939,-2,-1.59404857573024,2.23384088281288,0.967783746970784,1.12860953492953,1.87158128370291,0.294754311112266,0.0510185402963687,0.0784170341886165,0.0982878498308801,0.158929370816013,3605.29673861178,1,1
940,-2,-2.01613675511897,2.35815785362517,0.76006247798316,1.09356948158272,1.86189328942394,0.391636211635971,0.0475098495792598,0.074424450922736,0.0954248290453806,0.161385361381647,3572.51086421823,1,1
941,-2,-1.56089700762446,2.32682071333569,0.795353958563,1.00017243720289,2.13675448780946,0.278054583386243,0.0484638011635912,0.0757944137407596,0.0968818908708591,0.157450126061826,3575.19520343689,1,1
942,-2,-2.13585130718127,2.2907961833779,0.848970211047751,1.03012122473221,2.01703370376432,0.363801204463347,0.0496184395724114,0.0796603305570649,0.0970478983607654,0.157247080564254,3516.11851092732,1,1
943,-2,-1.78940381065893,2.26922431745284,0.798123877138821,0.846778726928953,2.19530163132404,0.330940554395081,0.0475705938654475,0.0737689285910553,0.102018138612235,0.165243753616764,3519.38269049472,1,1
944,-2,-2.34914635541664,2.40255350483279,0.669395309554116,0.977590267010662,1.91705586266202,0.461680228223322,0.0459478986987238,0.0735217711934055,0.0998588317615324,0.159244352671891,3584.6796532143,1,1
945,-2,-1.5888207006215,2.32331189158121,0.802775185565634,0.99361114018238,2.08915838767395,0.282765452653827,0.0486968540214949,0.076230267706527,0.10081773761308,0.164781432928647,3561.87716136183,1,1
946,-2,-1.64025035402024,2.35318714656736,0.738665934652232,0.909198717418367,2.30228697291255,0.269925006188311,0.0484766171259933,0.0762286251662389,0.101988816204389,0.16069730956219,3540.76232220155,1,1
947,-2,-2.10615828802006,2.34054430725238,0.733003778533702,1.11153565986977,1.83963530181392,0.386223789667946,0.0486016484131084,0.0771603562682846,0.096187267944337,0.158048311919954,3551.0722045805,1,1
948,-2,-3.73100957188862,2.30588376234608,0.770615794413113,1.11555231459997,1.71883162255291,0.795341967847121,0.049041093126233,0.0777587556720508,0.0921280976757101,0.152615319837542,3514.2965426462,1,1
949,-2,-2.36100875351001,2.32433912868614,0.782669213067558,0.961033515848804,2.08280716055368,0.4191903592745,0.049588742135638,0.0777604678870757,0.100123033371003,0.156863136275957,3548.92627396491,1,1
950,-2,-1.79717945673649,2.38907853789075,0.739518041435949,0.962697552905885,2.11376971927619,0.323322088507844,0.0474477406992191,0.0736483609658223,0.099252521987513,0.160678483548336,3593.77235451268,1,1
951,-2,-1.44258705215015,2.25944750251085,0.912960273485985,1.20498114644972,1.84880098224011,0.253301435434663,0.0512497014624434,0.0802368868168415,0.0968463052068817,0.158273708154929,3599.51928342938,1,1
952,-2,-1.84531339196794,2.32877888262278,0.747728190842285,0.845053627814015,2.29300113657351,0.326950434401868,0.046794338628512,0.0748746067036334,0.100759065158711,0.163048473611488,3516.88598539734,1,1
953,-2,-2.6415224647618,2.28694980680395,0.72869309012258,0.954584007641461,2.02860635663716,0.483391801074203,0.049588899275545,0.0786748929690366,0.0975996877487439,0.157685191572615,3480.22592883227,1,1
954,-2,-2.02564387994117,2.26925129934429,0.838955528399703,1.01907451308754,1.89732263757281,0.404989289241793,0.0492809375482277,0.0760404094776135,0.099230309602536,0.160458953389702,3567.11890141475,1,1
955,-2,-2.14357613225792,2.37238657461736,0.727155832648448,0.86176994353093,2.27632357704187,0.385605782754787,0.0463978958407103,0.075237347980292,0.0987129461528721,0.158578896220207,3556.44934069469,1,1
956,-2,-2.66060690994808,2.24005477725592,0.812282476022535,0.953281880327173,1.87268927029094,0.524872726238277,0.0491135015194765,0.0781578858007591,0.0982852103089137,0.155233701198519,3478.31006960742,1,1
957,-2,-2.66873635031444,2.34378846518493,0.798089379877956,0.867850903674504,2.18555577437269,0.521112459854967,0.045101126831495,0.0728234550132485,0.0984071840875004,0.16191921345216,3520.23309250076,1,1
958,-2,-2.11011393460559,2.34186113343532,0.791691175230684,0.961166546064654,2.05503623378769,0.420457802051797,0.0468169988810581,0.0731857338614865,0.0970048902889194,0.159765533790401,3587.91637859942,1,1
959,-2,-1.61740658088449,2.19805912568302,0.938245496962695,0.893645564179789,2.15797165461569,0.298116063972322,0.0496732914900053,0.0768483682918773,0.101559905408586,0.166205900960762,3501.41215851561,1,1
960,-2,-2.09166273789551,2.25370106977255,0.789670700350558,1.00149927575762,1.86743307486871,0.399679212410114,0.0470345325650457,0.0740457255159579,0.0960286926236262,0.15757713312256,3481.80054884948,1,1
961,-2,-1.45072256509535,2.29505619823017,0.793752921892735,1.03993839463371,2.09741950816983,0.259392019481842,0.0496449412054998,0.0807178554214796,0.100439077840546,0.162096949362073,3522.3973920654,1,1
962,-2,-2.20140258078052,2.34686659508522,0.789047360482786,1.01263926432725,2.0547246094276,0.403889704242306,0.0500594615234274,0.0796671821644719,0.0972031375637036,0.157080502558084,3543.62393559576,1,1
963,-2,-2.39189119676044,2.36435735164535,0.672070157364332,0.965332655841879,2.04056412410107,0.437022159181055,0.045603992347253,0.0749997227281028,0.0982391608842484,0.15807010429751,3521.84097155743,1,1
964,-2,-2.66068143551376,2.39684063213046,0.600652122290276,0.950195498944646,2.07633651942307,0.510813547986213,0.0480010854263121,0.076797263588794,0.0962095384052433,0.15568654171287,3514.39787847189,1,1
965,-2,-2.0409099895822,2.3838761956773,0.668397917459868,0.875653390558199,2.28306070490405,0.360357313399444,0.0460842633184388,0.0737745989569913,0.101402851638379,0.169377750281332,3496.82788796478,1,1
966,-2,-2.52444159848682,2.34054175289627,0.746149784489337,1.0190596892343,1.92759831857359,0.469470643123079,0.0476243156550061,0.0768724087290892,0.0983896879332314,0.159900913625306,3531.39730436173,1,1
967,-2,-1.59015766935079,2.26268676411733,0.839291550321919,0.983027146800314,2.01405953263497,0.318575027893274,0.0487712446519199,0.0770326803460399,0.0986624397244392,0.16009639087653,3559.3569615237,1,1
968,-2,-2.00188543069331,2.38229563622947,0.702107177696004,1.0930098338072,1.91052660826638,0.368235404180507,0.0480775005615035,0.0761625974536274,0.0974680893388675,0.157818875306638,3571.05789292272,1,1
969,-2,-2.10765918059049,2.35393660055863,0.692344149733945,1.12281207099851,1.84309501824681,0.387122198963353,0.0495980688073747,0.0805696188327612,0.0940533265756257,0.154378527478451,3555.44805560972,1,1
970,-2,-1.95048700349288,2.35176915757896,0.772196965618907,1.09668901764218,1.8688147323542,0.353305438858596,0.0480856328060531,0.0767415952183975,0.094926425695627,0.154370117242176,3571.25043628515,1,1
971,-2,-2.70208966115388,2.31901952725564,0.777800748596293,0.989132431795536,1.85001472482584,0.549549585501869,0.0460516322287847,0.0738837880212697,0.0970777265129304,0.161867130587538,3525.7017058252,1,1
972,-2,-2.23399500297596,2.35865066639239,0.790920996934759,0.998341949426878,1.93935277968484,0.438848249242119,0.0455665307276778,0.073516585873157,0.0979390947218677,0.158299829516498,3560.08089783805,1,1
973,-2,-1.88582051067903,2.27300797884777,0.830425145798281,0.969311164547436,1.94951551767235,0.358162078003367,0.0475994963461892,0.0756141038584064,0.101378693842873,0.164951498819291,3554.06573432607,1,1
974,-2,-2.76028004503522,2.2830036881103,0.827050833486102,1.10126670035064,1.76700839546564,0.537657933026293,0.0487850129755605,0.0767640512240521,0.0953865228144635,0.157570029992755,3516.8247595603,1,1
975,-2,-2.18724122217706,2.33479537538505,0.773192149541654,0.917436972783508,2.1081498395804,0.401756021596468,0.0482682050065064,0.0752345531686806,0.100297391125422,0.16040996735565,3561.28747088636,1,1
976,-2,-2.55298306296691,2.23723269395652,0.927957097562314,0.99180689514881,1.94298150060293,0.499230477339906,0.0499612260915746,0.0785123598075704,0.0998991135634703,0.158973568394168,3526.33997094225,1,1
977,-2,-2.35225128587283,2.29248091344809,0.812738174667394,1.05784635634366,1.86321685547315,0.440224200363798,0.050040199792282,0.078251969838905,0.0956801058965134,0.157930084287917,3508.97438939277,1,1
978,-2,-2.6236886711774,2.33139349125378,0.690942466275228,0.97933018695369,1.99100146839236,0.499195140052122,0.0487747965226678,0.077309101329619,0.0975117164400046,0.159020517924683,3504.30312985717,1,1
979,-2,-2.39777482147424,2.27319587558306,0.874349797135873,0.973981330422215,2.03677998153529,0.450658511332474,0.0489095997917843,0.0769660128119003,0.0982631319536421,0.165205293652987,3495.05315756394,1,1
980,-2,-1.72972701703069,2.30416586946666,0.765934358242917,0.969544801612935,2.11641727820986,0.311756835173714,0.0494367700498309,0.0782748912184558,0.0999878586518386,0.164869618795886,3515.98171753666,1,1
981,-2,-1.99487159324862,2.35757970535179,0.716810184247134,0.94172415501586,2.08158167884631,0.368525156787631,0.0480548666628909,0.0755487577120878,0.0956557128992177,0.155954275530244,3520.64996639402,1,1
982,-2,-2.22081683567743,2.2020755041964,0.94393104763879,1.06941197435605,1.86573743298761,0.395998359342524,0.0502535020894925,0.0750325403139156,0.0981050602372938,0.162185220834062,3523.63810118194,1,1
983,-2,-2.35728294826348,2.35812693536979,0.685504865579682,1.01780313141237,1.93724510100417,0.440072166010969,0.0470855283670565,0.0769933674332833,0.0963654538000302,0.158375441943434,3522.13118422194,1,1
984,-2,-2.44814526189927,2.24444715812938,0.869298217432998,1.00935698467996,1.83464392463771,0.455484282588627,0.0504618277024174,0.0789628377665538,0.0990881405463739,0.158768874561202,3496.20761892536,1,1
985,-2,-2.14001551162337,2.22744600615726,0.9144636284724,1.04689659971137,1.79621376862576,0.408631317268061,0.0498946066986498,0.0776822961452332,0.0977676992437027,0.158095184839584,3523.89668587852,1,1
986,-2,-2.88727086320313,2.33070055976631,0.749601946000916,1.08174279969499,1.69450879670728,0.573582924320101,0.0477309899843816,0.075608922315031,0.0931194729051501,0.152989825822345,3550.57888832647,1,1
987,-2,-1.98884172218481,2.21519840982121,0.927899300633663,1.02631835312103,1.94840663633941,0.357075584361726,0.0490492036548989,0.0763768434377462,0.0941426156177217,0.15415319843654,3503.61276303965,1,1
988,-2,-2.30074723738257,2.30037996808267,0.763536737988274,0.97880153304147,1.99805511711141,0.422832096677292,0.0498887441183474,0.0776595810333074,0.0979252722738996,0.158774474816344,3508.81719155344,1,1
989,-2,-2.00195259877173,2.2288634552645,0.935990140690232,1.19924942405056,1.64412537872003,0.38222405274974,0.0500122881883892,0.0803673843352784,0.0970549196236464,0.157193199924866,3562.18280390084,1,1
990,-2,-1.66802583601104,2.27398698611033,0.799873283722712,0.873621089989043,2.16715275967527,0.323736517508392,0.0489051129671408,0.0748911326061301,0.0998414542799651,0.16073577951255,3551.25650667417,1,1
991,-2,-2.62070030799258,2.32585228752015,0.757725126821418,1.0830209085763,1.82735695824623,0.513925768121548,0.0485729400830269,0.0772562891128951,0.0919156763027336,0.147427913779124,3561.10255638948,1,1
992,-2,-1.65219500870223,2.33050640199548,0.739297084084296,1.11785614376119,1.81120667188251,0.311743733730872,0.0492899565451576,0.0777774995697156,0.10004748714331,0.162980057959673,3568.60331047859,1,1
993,-2,-1.54291497079866,2.34833365377517,0.681610749713935,0.85408284462391,2.20301704813084,0.280731923403585,0.0471659084679446,0.0746171050878111,0.108106488446175,0.169819284283736,3572.47844870959,1,1
994,-2,-1.34207943089187,2.34702428043544,0.68812018096592,1.01733563939167,2.00422844490025,0.254579763005809,0.0470387707367437,0.0757883069483004,0.10070005939494,0.159169725573844,3568.02718039381,1,1
995,-2,-2.06252917521429,2.34431626610461,0.776699484075,0.966090140202021,1.96025190969548,0.414219128020592,0.0476697839679386,0.073262519303939,0.0962503699533015,0.158946613901129,3577.09448938397,1,1
996,-2,-1.70234665348393,2.26744445212378,0.906669235599022,1.13891671525484,1.87590112084892,0.313311388808443,0.0496247786658983,0.079061141616669,0.0964225175564832,0.154312409286232,3578.72750737962,1,1
997,-2,-1.43779753515168,2.30829181576085,0.77559229449941,1.00183875946217,2.13804710913475,0.255785007741245,0.0508465531083261,0.0782322737044128,0.100540128387989,0.162674497590944,3577.45809447411,1,1
998,-2,-1.86613094422879,2.35823361048956,0.631689604412163,0.820096950157516,2.17855675837356,0.348341677902194,0.0468464261202493,0.0763995488104657,0.103265757131443,0.169595693697623,3477.17588386473,1,1
999,-2,-1.77698327225675,2.32657617933834,0.763918319419363,0.993315135319396,2.10651529324593,0.320472751868261,0.0481070298299546,0.0761514783231274,0.0978668214308949,0.159312645772654,3546.59082313011,1,1
1000,-2,-2.16473213619388,2.30597917928054,0.789396306873163,1.02727768107049,1.9894104079129,0.387694917801151,0.0486759845841062,0.0773277469988212,0.096598858037691,0.162460299438205,3503.44731359568,1,1
1,-0.5,-0.293404504523717,2.32984955157206,0.73188787773669,0.99213664118322,2.14897126073225,0.128002517021314,0.0472833221642809,0.0734408041663273,0.104374813380914,0.181882548255472,3578.34216629119,1,1
2,-0.5,-0.474244975527234,2.33533414908245,0.769552117549773,0.853857340757368,2.16986195654429,0.158944587087948,0.0453207773965861,0.0706170492867297,0.109082204970942,0.178855100457225,3600.76984791425,1,1
3,-0.5,-0.820176841091971,2.34474352902755,0.760112773685877,1.03539352360287,1.87985647344606,0.198534693315709,0.0476427860170965,0.073697310629632,0.105908407194451,0.17664362292397,3625.08487794219,1,1
4,-0.5,-0.58329316341786,2.2759322677592,0.839083802623092,1.03716601050371,1.88705157819755,0.164040840043905,0.0468218104356574,0.0744351193408006,0.103661341953961,0.174371878836051,3574.36637502387,1,1
5,-0.5,-0.486068571669852,2.33655111633145,0.757591784288507,0.966155911397831,2.06303757740585,0.148223383967319,0.0471603026778272,0.0737870248338698,0.109412296454788,0.182592772936944,3602.58022290694,1,1
6,-0.5,-0.481375598923159,2.3510122398581,0.744889373211624,0.866268517251833,2.15435433246152,0.152070845526132,0.0448167146117117,0.0699481426761122,0.109813058482455,0.179885427375831,3611.52150475821,1,1
7,-0.5,-0.445374834320186,2.14571796081292,1.05098128973211,1.1078976355484,1.89163958503753,0.151943254132384,0.0507295370636821,0.076344186766817,0.103959258038142,0.169875595054914,3606.24632338634,1,1
8,-0.5,-0.6500683848196,2.37838609399617,0.734376978003672,0.908916824165037,2.03595624251463,0.189157388876972,0.0448234236676996,0.070261746879646,0.108613566866051,0.176462515904623,3629.20077028672,1,1
9,-0.5,-0.631687159941717,2.4168837701551,0.648414068489043,1.04622631515136,1.88298011530659,0.183699333033483,0.0463286413138611,0.0730052877554462,0.104089419675495,0.178836276298701,3628.25852003454,1,1
10,-0.5,-0.653230221660954,2.27281867723866,0.896680378546709,1.07764072867356,1.98788571555529,0.166148471706585,0.0495094922819565,0.0751757423221221,0.104805951874671,0.172626836387075,3632.61331749399,1,1
11,-0.5,-0.329113365988573,2.31492155628563,0.738850689952914,0.817808956937795,2.28001571933752,0.13003391056928,0.0468109022491723,0.0747702433323113,0.114141811447907,0.186881152646069,3571.62812618126,1,1
12,-0.5,-0.299138232094347,2.38830144880586,0.737778037620077,1.06765259326733,1.97359165536376,0.132986550445946,0.0463091714184467,0.0732261287213288,0.10680839951841,0.185667525196583,3645.34694018446,1,1
13,-0.5,-0.499658685517186,2.30583806282439,0.822871984872209,1.10915479166806,1.90491117332986,0.154203243873335,0.0489521694986587,0.0748092867976448,0.104192407038266,0.175322660484194,3619.99505434198,1,1
14,-0.5,-0.104127536729401,2.28505322525525,0.852086690259896,0.973099414614472,2.34799639234902,0.103878367089102,0.0464836199918208,0.0722378270319958,0.106998812389307,0.190386301345085,3573.543794047,1,1
15,-0.5,-0.62260270124152,2.37826146431023,0.725325015638846,1.09235239518976,1.6927463654104,0.18137127829528,0.0482126285702267,0.0739389133331024,0.10929865025167,0.180825265913671,3639.68779756173,1,1
16,-0.5,-0.360581039206071,2.28091284373566,0.881436928598611,0.878955533824347,2.23912883608177,0.131910560641558,0.0475980156195117,0.0730601610679032,0.110343108055842,0.18752616814512,3601.30215922925,1,1
17,-0.5,-0.4113864305355,2.29232071367301,0.810776219110173,1.05198655741121,2.03060224290564,0.134915753371194,0.0485424437593127,0.0760660367380097,0.108081655017556,0.181473416016357,3602.90860879538,1,1
18,-0.5,-0.758108209102359,2.30447928707055,0.799918036773183,1.0207155072034,1.87331775567214,0.194495218566661,0.0467245155571581,0.0729324130091122,0.104325491766428,0.17230327352945,3604.08844913431,1,1
19,-0.5,-0.593608411527531,2.24200426964315,0.842516320417345,0.996718690937872,1.97219644495797,0.169571179030985,0.049243983699406,0.0754004850433953,0.10605919435184,0.181260664394666,3564.74840168296,1,1
20,-0.5,-0.691107049686741,2.25505122701317,0.82581208136141,0.981850423890093,1.88991918466376,0.195551746773206,0.0470147485225679,0.0725527166255816,0.102687528021136,0.17304916255985,3549.04940394514,1,1
21,-0.5,-0.723088846103005,2.29983126522929,0.816827908321706,0.949956716892223,1.91031076386504,0.195105394187113,0.0477635099956188,0.07333450045528,0.10916297860809,0.172432436879952,3621.41603373974,1,1
22,-0.5,-0.745707024329391,2.29041410976929,0.768544787890937,1.10969141240604,1.69056847194638,0.194840900811854,0.047755324775528,0.0769347892182793,0.102484816625433,0.168149173246313,3568.28563263466,1,1
23,-0.5,-0.596108421209156,2.29406270847835,0.818232051748529,1.17134061332434,1.79510057379843,0.164399337910504,0.0491507813042293,0.075647205585744,0.103017668823826,0.171563251819003,3612.76363340063,1,1
24,-0.5,-0.348313076805634,2.20627785286593,0.956298450262372,0.824945011659308,2.36221704264943,0.128899629128203,0.0480597380882441,0.0734222231519345,0.109902166381383,0.185088068758573,3552.95549250242,1,1
25,-0.5,-0.267553557317135,2.35878481695174,0.692336388112636,0.717206250337834,2.39527648649408,0.124348953283395,0.0444634937430166,0.0689216859148643,0.115663459386525,0.192669142786557,3575.16896676384,1,1
26,-0.5,-0.333286311403232,2.31545687331782,0.727076123169345,1.04067778680066,2.08191899717155,0.127414591055251,0.0481410424157957,0.0754198085422516,0.104848694520148,0.181282239703236,3570.31922349913,1,1
27,-0.5,-0.356232642738775,2.25344625335237,0.885196402023286,0.896013264492875,2.22280483091597,0.137382366700518,0.0477837752262978,0.0718656918620838,0.109374425560854,0.181964122379077,3583.91168693853,1,1
28,-0.5,-0.242834172860803,2.27738496371481,0.774677301292157,0.899597624520573,2.15379787800377,0.124008649904121,0.0458363567591367,0.0735357491141615,0.112546010164685,0.186715192126201,3564.0541895373,1,1
29,-0.5,-0.586549211370226,2.27095818316034,0.80483794546569,1.07640434423626,1.93541635368948,0.169861973938068,0.0481129567052497,0.0753994725049018,0.102913711155842,0.169904579297003,3573.18017521943,1,1
30,-0.5,-0.554049991144058,2.30554021979502,0.777375889535293,0.980838049499941,1.99252292126044,0.171405303379858,0.0449250815666065,0.0711608363671523,0.104482180307314,0.173426320090639,3582.62555123609,1,1
31,-0.5,-0.510025737122035,2.3409264568474,0.77314139611599,0.779743197354797,2.37323021934485,0.154722880326978,0.0459827669284664,0.0708352209223396,0.110355687937247,0.184711740014127,3600.84279655921,1,1
32,-0.5,-0.370259781915959,2.25239393025878,0.810959911701238,0.791071291698578,2.4044406915962,0.137333144790951,0.0454246703259757,0.0725112121024407,0.111446657424567,0.195285143888938,3526.15212326736,1,1
33,-0.5,-0.570087140371402,2.2926583522156,0.851830788020534,1.14208989807837,1.76136825107563,0.169990788060883,0.0477529138968099,0.0751738953841267,0.106243862065526,0.176502021803353,3622.09856856202,1,1
34,-0.5,-0.473654037507353,2.25412285149761,0.87098997680925,0.916354590618662,2.14849391948309,0.149448993327882,0.0480332993185687,0.0742584049711454,0.108713649582618,0.179449898590787,3592.26848038365,1,1
35,-0.5,-0.380552486079188,2.35457440317745,0.761386302355423,1.13011812315144,1.96714788806556,0.128718868921468,0.0494602901663651,0.0757553509038294,0.107588748416997,0.173094028255803,3667.60282396583,1,1
36,-0.5,-0.298434787793859,2.2396617140491,0.870874078370222,1.0558563217881,1.90454841410877,0.143551799065935,0.0489580677295315,0.0758585541255094,0.103610709761777,0.180515947547538,3567.95189568631,1,1
37,-0.5,-0.667699450821887,2.37659449733191,0.65206589517879,1.04607062677281,1.93139526736398,0.183844713357353,0.0453078234427694,0.0736304697725375,0.103960714948627,0.177825185932273,3591.0377112615,1,1
38,-0.5,-0.473847741574678,2.3170518030921,0.758215618788902,0.918775169980922,2.06981167622769,0.146363407910929,0.0462814229782589,0.0740900189728639,0.109374941914123,0.179090175186043,3597.21227631986,1,1
39,-0.5,-0.497541236817651,2.29674235357626,0.843051440771893,0.994448254521535,2.07700954483411,0.145611355950783,0.0466831890387238,0.0726028456397271,0.103812384479645,0.173775114076053,3606.08151428771,1,1
40,-0.5,-0.639022500276994,2.3566037015236,0.721731497060879,0.893733543850318,2.05285576926376,0.183674506497058,0.045712465131307,0.0708231371000355,0.107689017725569,0.176685296122776,3613.16480188499,1,1
41,-0.5,-0.322313233982486,2.3118464123817,0.80414891344321,1.03269703123364,2.0988564612873,0.127485834073262,0.0485490420589231,0.0758531509552491,0.107629047157999,0.175753219471126,3637.60528022721,1,1
42,-0.5,-0.442919760410895,2.26959750248444,0.878099214040994,0.961406256870068,2.07327943907242,0.141128246513411,0.0459245262864447,0.071704015309594,0.108115881938745,0.179006401681075,3590.62868725144,1,1
43,-0.5,-0.563045321045909,2.29604770368343,0.806141678911549,0.853826157144139,2.16672463205564,0.170050326218354,0.0460704258019915,0.0715701892441639,0.108341373100476,0.179151330883547,3566.70961336428,1,1
44,-0.5,-0.470128161544165,2.28247990095642,0.810783449107723,1.02690397456534,2.04401943008739,0.146185216142577,0.0471052341305422,0.0755673115078352,0.107873687663425,0.183473567126344,3581.17328372031,1,1
45,-0.5,-0.649415761059375,2.35041410606656,0.718403890335129,0.949448510451955,2.00575984890555,0.178389030851278,0.045836294660202,0.0737147485815241,0.10330263769239,0.169432633481627,3585.36859341489,1,1
46,-0.5,-0.515482676239935,2.30632265323516,0.852436582619517,0.96338198205887,2.11750912366407,0.153158417167434,0.0465481249724615,0.072813602071153,0.105134300332897,0.170502193299768,3637.67144844728,1,1
47,-0.5,-0.25747145137232,2.2257984590877,0.869029813423823,0.960401270423761,2.16404658532458,0.127905928672308,0.0477069140633403,0.072755887985153,0.106211415016368,0.188657088409452,3547.52158053127,1,1
48,-0.5,-0.505067098601338,2.31609389123719,0.842906416805871,1.01685427818797,1.90654536873075,0.167353191121779,0.0471138003866631,0.0731758171183152,0.106422400594189,0.169266255156677,3662.80979225944,1,1
49,-0.5,-0.530032768743662,2.3200646680294,0.806869384669987,0.967239335538865,2.10598593404396,0.154239405693497,0.0472066788317734,0.0731198450822577,0.106121057021598,0.179079526134825,3620.58807532506,1,1
50,-0.5,-0.404285996401375,2.31708663694211,0.796204081075302,0.714434236093938,2.5802450323816,0.136643770114284,0.0443254038657304,0.069440354587541,0.110781904917179,0.18978507664073,3557.06666027837,1,1
51,-0.5,-0.586319704810515,2.32104608288183,0.807883124035832,1.30029071426502,1.37932354257299,0.178626605042108,0.04835519464389,0.0751923381340898,0.102992037773693,0.166894695437999,3649.60469604345,1,1
52,-0.5,-0.476776976372755,2.25117599380705,0.87639901828543,1.01219445827951,1.92865627904749,0.15480874621276,0.0482373765989638,0.0740665481749792,0.106126393858566,0.177698823931323,3576.22625098092,1,1
53,-0.5,-0.52070953956474,2.36524616839862,0.721230490697016,0.768885576373061,2.45031866877152,0.151453417386469,0.0458361379132238,0.0728369645679267,0.10590501679368,0.178369999892076,3589.3129615232,1,1
54,-0.5,-0.596742746561968,2.27534069543588,0.798957321357644,0.959397648067828,2.03041084678964,0.173474661777808,0.0479761290112887,0.0752430179709276,0.108328355436332,0.183235187081751,3548.49335758186,1,1
55,-0.5,-0.392306486218857,2.30578263294126,0.801333583041742,1.0693402223226,1.90882272099173,0.138188164582569,0.0469268500099926,0.0735542290116629,0.103585353283585,0.174469378020513,3594.4176249298,1,1
56,-0.5,-0.261193639481433,2.31108700661981,0.834654325276774,0.754461014290751,2.46975675899581,0.124376246857739,0.0444393551672741,0.0690219815393136,0.110125679443389,0.190167909891212,3571.96433989702,1,1
57,-0.5,-0.701594758431092,2.2580855993758,0.886684615570482,1.05697763583776,1.853438509476,0.184948962491582,0.0480966600833585,0.0726980669835577,0.106377193047962,0.178749565449735,3602.67913824994,1,1
58,-0.5,-0.615271958962145,2.33470661020611,0.764200800326943,1.02285342052142,1.99926271424745,0.161861689638662,0.0481121405665648,0.0769415809442484,0.104826878076319,0.171305856967886,3604.74727421657,1,1
59,-0.5,-1.01791524221732,2.26658499508118,0.845705186058294,0.901431602778269,1.89360776713761,0.243818188738026,0.046841909059326,0.0732322201867034,0.106362568710112,0.16648338966387,3576.98892996527,1,1
60,-0.5,-0.604619969285712,2.27201471142787,0.820681808629533,1.01331195467127,1.94713252036715,0.158120193036936,0.0497435563832109,0.0765643227749803,0.107377788369065,0.165791348400501,3616.35369928723,1,1
61,-0.5,-0.372992343840012,2.40379184846551,0.681658644200693,1.1263104593428,1.87980247386874,0.148985314510955,0.0459945192760141,0.0726615912834415,0.103283338370146,0.17871902299764,3642.99874035959,1,1
62,-0.5,-0.640677346625249,2.3251891693525,0.781299035747441,1.27125460279337,1.59741994899464,0.174351085715714,0.0515605009553782,0.0803583516136081,0.104739026562786,0.165950231820301,3668.52846080687,1,1
63,-0.5,-0.576847208488809,2.30524624018087,0.794960465109907,0.843949640776443,2.18653647462448,0.166671765012722,0.045278411983458,0.0712291868338867,0.109057805776118,0.182332984503916,3559.87980928483,1,1
64,-0.5,-0.743525871355339,2.34293644437969,0.774105256929447,1.2086313443123,1.54018494222047,0.216192166780666,0.0467612846245112,0.0725710250854481,0.102105631379684,0.16475722652578,3653.81388633239,1,1
65,-0.5,-0.59821432296135,2.29970988698671,0.809210613517195,1.05059460767148,1.79889338065666,0.173623920890582,0.0468937840072539,0.0728105832957519,0.101360637231629,0.168553777510859,3585.1473022377,1,1
66,-0.5,-0.616422891854889,2.27158622537353,0.87332259116671,0.895364596157074,2.04537155793066,0.177598813404084,0.0482059792604784,0.0750398804044573,0.108011806683887,0.18378809364858,3571.54970933478,1,1
67,-0.5,-0.425338290110376,2.26721325039452,0.861627943507458,1.02955309898407,1.99404251877618,0.149458881124714,0.0497736975395581,0.0779664165697998,0.108484145916326,0.184609794969008,3603.68416241832,1,1
68,-0.5,-0.453102388862626,2.38327309314434,0.692075305941222,1.09514659761327,1.89560285533427,0.143690339186849,0.0470127791267493,0.0742528962191803,0.106041274978744,0.179490398363867,3624.84931052912,1,1
69,-0.5,-0.635367032607387,2.27198156716204,0.807356612953732,0.901792064484491,2.15353844126639,0.181311294504957,0.0478994852269471,0.0754320945048893,0.103645531853676,0.176471627042171,3546.47215670014,1,1
70,-0.5,-0.841831524519587,2.30215911317056,0.806002735970771,0.867446962549225,1.97208826065855,0.233281320173922,0.0449316532808847,0.0719558454840643,0.109315625121052,0.179779958749271,3592.20462765445,1,1
71,-0.5,-0.420095728102459,2.33533745376957,0.7327316602629,0.934241866814666,2.19137897930406,0.135816959413027,0.0479453839533515,0.0748380498971735,0.106185197249981,0.170604021715131,3611.38877720476,1,1
72,-0.5,-0.74861039405946,2.3176301423765,0.790769174726851,0.912418780992286,1.98799625612579,0.196616683791882,0.0461518545501999,0.0705338958777167,0.108145923332815,0.175613596141021,3616.38123195829,1,1
73,-0.5,-0.439198327969646,2.28222539964841,0.858362008984077,0.935247611600934,2.25345987310887,0.140902870390067,0.0472457046880955,0.0731176618623577,0.107346337922843,0.182516644742491,3584.27841830094,1,1
74,-0.5,-0.356490988771967,2.34802099942957,0.757950136778497,1.06453699080518,2.01543957444333,0.136299592110488,0.0469716660436902,0.072490319719482,0.10412657267682,0.17784043683494,3622.49304693409,1,1
75,-0.5,-0.501726172716941,2.34235368715885,0.764817461550107,0.900202768832453,2.18241533832919,0.151860661072754,0.0468954099463244,0.0740108718457484,0.11065963608783,0.182536544269234,3613.98351525905,1,1
76,-0.5,-0.623605845872468,2.26267974661887,0.909634770818779,1.00525540502345,1.95783685150155,0.177590082862694,0.04995732152587,0.0767343306917178,0.105008817542091,0.175328562493995,3606.86706797547,1,1
77,-0.5,-0.210111713666615,2.27867649364232,0.814381623313975,1.04694262426653,1.96746799747901,0.117392437017928,0.0481876203892488,0.0739898675045528,0.108609193812445,0.184010336544298,3607.56122916618,1,1
78,-0.5,-0.679114622712751,2.27984228263972,0.843739785297355,1.02929439467212,1.87428420712181,0.179502414422709,0.0483006649180848,0.0747073452713662,0.105768169119146,0.177470637758881,3596.76547673296,1,1
79,-0.5,-0.424287923441902,2.25773902339465,0.907087452537141,1.04617679718705,1.98911180130318,0.140465174072085,0.0489145160108053,0.0737943541821913,0.108422922059111,0.172868932217024,3650.24337705668,1,1
80,-0.5,-0.572391814632445,2.28688131245422,0.817443307453626,1.15034337394299,1.72276335793899,0.161181123012617,0.0490638024291523,0.0768123051289087,0.103898113335786,0.174912047835682,3607.63592199468,1,1
81,-0.5,-0.323636731253259,2.30154028569863,0.788621405068916,0.948716736572418,2.07854348956925,0.132381707835855,0.0459963771985662,0.0732223919256309,0.109498266047755,0.186197387476065,3586.64563105507,1,1
82,-0.5,-0.492612730366873,2.36449898019183,0.668722613099457,1.07222916602531,2.00241528969383,0.148969347430709,0.0488019879676068,0.0751021541302486,0.104227618163043,0.177663404752003,3605.01178221248,1,1
83,-0.5,-0.6922119138462,2.39400238779175,0.659515556211852,1.0190961487197,1.82696863719106,0.199133648368819,0.0457493056249291,0.0715410741597279,0.106867963362344,0.177194317780739,3620.40007183286,1,1
84,-0.5,-0.355061407571483,2.36123520578154,0.742178249718184,0.811510094453624,2.33259297097457,0.134349171420157,0.0473559837446541,0.0729135649489592,0.108883471637449,0.18600838150279,3590.32918685242,1,1
85,-0.5,-0.450067156271073,2.39328257344044,0.734101541574275,0.973388077560139,2.09295606546514,0.149593134713099,0.0445404853717104,0.0709035555978949,0.10674003762539,0.186067776675417,3636.65917975453,1,1
86,-0.5,-0.784714160966965,2.34438537156764,0.67851151807313,0.927866219174846,2.02481374849465,0.197441214220455,0.0465213857869814,0.0747836259918504,0.106759253800887,0.174319304668369,3568.315570651,1,1
87,-0.5,-0.818170844696159,2.30675095553837,0.762745877100354,0.820839457093959,2.15607070907135,0.203128800099198,0.0466605938791279,0.0738157151134466,0.1073255405577,0.177595849873209,3550.34104439408,1,1
88,-0.5,-0.800385150701776,2.25025461718864,0.891820455519099,1.0491540654642,1.86062522303733,0.1981133613861,0.0481005515716126,0.0747841191400383,0.103701788050014,0.171207532001051,3605.4252868748,1,1
89,-0.5,-0.721457674246028,2.28642649004834,0.803358995818406,1.10302780352621,1.72650278708138,0.206746749646789,0.0481642440682639,0.0745389463102192,0.106395294496154,0.176307547351908,3603.9781057755,1,1
90,-0.5,-0.540344125590734,2.31976189685378,0.776193711565983,1.07737815060037,1.94194121493986,0.162750176956359,0.048978005748135,0.0786823891092718,0.107119100944734,0.179309555056808,3613.6241856488,1,1
91,-0.5,-0.51085415311613,2.34308164384174,0.689891803808339,0.980499655782529,2.10163601732224,0.145391328690932,0.0465502933615358,0.0741998863302232,0.106666870012571,0.173578393475737,3608.45325023473,1,1
92,-0.5,-0.360331219825936,2.2409145038,0.898739623718852,1.01046925529844,2.01721959662144,0.143522401199499,0.0478242446180335,0.0732146649011105,0.105758355028154,0.175824097622516,3612.7101610627,1,1
93,-0.5,-0.461118691131619,2.31183480620911,0.821780153795337,0.782620504617275,2.30853115449742,0.153448418752614,0.0451238113686263,0.0701835054450162,0.112185268323875,0.186844617113621,3591.85584328005,1,1
94,-0.5,-0.362611630276627,2.34185705028367,0.764207244689346,1.02950977061314,2.08591616083245,0.131692030366669,0.0494937565662822,0.077032306516643,0.109524330130572,0.184523114470085,3628.10708713178,1,1
95,-0.5,-0.574331476273078,2.37126484985411,0.780839030872036,1.09149663918269,1.91657054694712,0.177190914492864,0.046161552382854,0.072877663299805,0.1011420966073,0.175338776720922,3634.90027850963,1,1
96,-0.5,-0.559941894781814,2.3024053162605,0.82991121643911,1.0448660985728,2.02310965893819,0.158693730378948,0.0465596131135831,0.07280436811129,0.104408285669238,0.172914120523477,3612.91820816517,1,1
97,-0.5,-0.883890384931637,2.2621695489942,0.807330938581993,0.957418375786916,1.9479674218921,0.22496996204444,0.0467161594250183,0.0743108983547114,0.103039219971087,0.171749060639128,3547.79840781346,1,1
98,-0.5,-0.270002192759702,2.23689709393973,0.965286498793154,1.13824758167401,1.87562122080826,0.127228965980532,0.0483128572720965,0.0753958705372133,0.106740287884907,0.175079465932403,3630.85385792128,1,1
99,-0.5,-0.331637987317305,2.28042042062541,0.854431131819752,0.779325706798552,2.41288815799226,0.134488228812702,0.0450547323660157,0.0701085203068145,0.11074920566828,0.188817564900212,3560.54706456302,1,1
100,-0.5,-0.351126177318381,2.29278535877153,0.788186117438934,0.758334197601652,2.3357998344089,0.133354317186126,0.0463021807887438,0.0715269929024783,0.112562156060413,0.18564728434433,3583.20064051435,1,1
101,-0.5,-1.00549754183026,2.28531955020593,0.812167046729461,1.16684347265074,1.64050461244883,0.226234115378482,0.0485324548169509,0.0764025127122873,0.102997721155982,0.168105880948884,3596.98572911488,1,1
102,-0.5,-0.263235571828658,2.28062663994294,0.805302718547484,1.05541058810473,2.04407121082304,0.120625244887893,0.0487637089072439,0.0774169465230406,0.108261010636975,0.181767059259652,3604.97797691571,1,1
103,-0.5,-0.469282443434157,2.28322546261277,0.852409997466947,1.10621409542595,1.94198691260351,0.144327738763172,0.0498143099618566,0.0763660456149168,0.108343454886145,0.178345601596834,3637.93093674933,1,1
104,-0.5,-0.4772102873894,2.350897355437,0.749948610262541,0.943984561821483,2.10034354834303,0.150024693017555,0.0454272859914239,0.070890566523758,0.112714847360555,0.187615490807172,3604.76289931813,1,1
105,-0.5,-0.372254951609185,2.27874158083531,0.84766988444543,1.09375395495973,2.03401665022323,0.128674248397778,0.0505288024927826,0.076548212959856,0.106372584697493,0.177841896671219,3621.03177511225,1,1
106,-0.5,-0.331360323074091,2.33036944914452,0.768411700426626,0.874426439550932,2.22731305191847,0.132378750447577,0.0464032311617821,0.0731575877211107,0.109639161407761,0.18527262051834,3588.08230928986,1,1
107,-0.5,-0.641186981750877,2.29153660761417,0.811980398471723,0.781154738757211,2.18495226217711,0.191853083884158,0.0447342595009703,0.0700020493114332,0.111999520762836,0.182122198151991,3577.30009208086,1,1
108,-0.5,-0.604236114744634,2.30247885581622,0.768910037235169,1.11172352815488,1.73551628007795,0.171400282450777,0.0474981016282531,0.0760569098216983,0.104350991508977,0.173590218954183,3591.89412927667,1,1
109,-0.5,-0.800682195890937,2.30635395452232,0.840591735120916,0.864757729640397,2.0655634405922,0.20681420528331,0.0455233965580658,0.0703869479277727,0.106604248780998,0.174968827792826,3615.20284140968,1,1
110,-0.5,-0.377588314530009,2.19116061887295,0.975974760608096,0.93190880304455,2.14651150585083,0.135104694851994,0.0483434025874991,0.0748761817852055,0.107321919324319,0.182405750246628,3536.77519864984,1,1
111,-0.5,-0.598350044718627,2.21891460701209,0.880480670383054,0.92002353336206,1.97336942900514,0.173754149079982,0.0477427885382375,0.0750294882978453,0.107308921617399,0.175983729679945,3552.36340362166,1,1
112,-0.5,-0.469215793737339,2.34750398536292,0.760650379093606,0.910131064910575,2.1628211236974,0.13972359359891,0.0476800523548031,0.0736496231362949,0.107585458587754,0.168945095143504,3650.53502878933,1,1
113,-0.5,-0.427831693220742,2.29597409288449,0.838120796165181,0.802387079790672,2.41933816960275,0.136265257460495,0.047248996080496,0.0720513618574167,0.110512456522405,0.178156577944025,3618.58079759269,1,1
114,-0.5,-0.460810212389437,2.36268619885859,0.723768576859382,1.06157807141227,1.8919897307983,0.158395817384388,0.0471438291216958,0.0740223792868372,0.105257929507435,0.174114751859686,3627.51435134063,1,1
115,-0.5,-0.341378461750517,2.2880744315891,0.765240595937573,0.855714515109607,2.26651539693082,0.130240253660014,0.0481642762556274,0.0748026799655542,0.108975918893682,0.175260741110123,3585.62958314714,1,1
116,-0.5,-0.439623749420957,2.25800551464188,0.887635453336594,1.03544855359646,1.95219606503504,0.155024215322252,0.0472959990874115,0.0732547364703524,0.105612649394148,0.174122750117539,3601.98261032585,1,1
117,-0.5,-0.545872751216308,2.34387393886384,0.72223687164459,1.07844246139802,1.88138147695671,0.163776810436432,0.0495076346339786,0.0751833885844081,0.104997370526445,0.173908912238584,3618.98110323437,1,1
118,-0.5,-0.331522822794807,2.35260210071982,0.727337810877951,0.809078052732953,2.34915783899837,0.129032395228682,0.0465712262109391,0.0715269295132282,0.113521690651142,0.183502920270683,3618.62818566841,1,1
119,-0.5,-0.46463820802465,2.30178346480513,0.829252174949087,0.96729932783477,2.17981428616939,0.146274825094152,0.0490178063343726,0.0752350952016396,0.105726410879804,0.175711977541419,3627.41792219042,1,1
120,-0.5,-0.377596373526029,2.24374580407315,0.859325523096284,0.898659805891567,2.08305132603327,0.139016896328954,0.0468259116891796,0.0726612333031958,0.112640700926776,0.186516879146238,3572.32686357903,1,1
121,-0.5,-0.422698849736052,2.32256311756743,0.748113094067471,0.896513569890695,2.13354361149422,0.148879600351899,0.047783463201325,0.0738774503654247,0.111549253316349,0.182332252077287,3608.23873350232,1,1
122,-0.5,-0.79621724340033,2.26031209581917,0.864673602848877,1.05172562509216,1.84729676957074,0.192269426997795,0.0490532489675613,0.0754230142383904,0.103124059991723,0.175570586939045,3581.83775084621,1,1
123,-0.5,-0.612161734840286,2.19819212563496,0.971564070509116,1.0311772495177,1.93850270818218,0.172498181598174,0.0499203351820193,0.0764903885443575,0.106351086609609,0.17108111767438,3602.40091296769,1,1
124,-0.5,-0.471690242911163,2.28523215873854,0.789489139802511,1.08912428976081,1.96180415767874,0.141013911136841,0.0487242591563416,0.0772790290949393,0.105612641252665,0.173330243018819,3600.55690757357,1,1
125,-0.5,-0.440831447319678,2.34131240191002,0.786253826848688,1.14600771555197,1.82846399939161,0.147072271153902,0.0474904564785082,0.0743247898560978,0.104008698997047,0.177518427077326,3634.47188603486,1,1
126,-0.5,-0.627280226743667,2.29694588335252,0.796924010747656,0.911781071154007,2.11142278211975,0.181315125140765,0.0463814453890856,0.0730673273670591,0.105666584366348,0.17438142564802,3595.6302000732,1,1
127,-0.5,-0.437698757644696,2.31352523068914,0.768273101216198,0.991269038252031,1.97279067829027,0.147236396892441,0.0470462039229457,0.0740668418439341,0.104883581554828,0.174797711050913,3591.87226447008,1,1
128,-0.5,-0.436504772219335,2.2620552015924,0.844536382770013,0.856462585272752,2.22120507305423,0.152727535852988,0.0458284986979631,0.0703009683437546,0.10499097968701,0.182965985656654,3550.22347108788,1,1
129,-0.5,-0.31978736439668,2.30084999160556,0.82716953318078,0.962017110644953,2.22028317530678,0.125024909943335,0.0467107670870736,0.0739474527904351,0.107015719422465,0.187561825835651,3572.76701170899,1,1
130,-0.5,-0.527297744592948,2.3204166187534,0.79655543114411,1.00645311196448,2.00929163839683,0.151961778809924,0.0467878961808412,0.071996762891261,0.103711165111646,0.174050066562505,3610.24774978617,1,1
131,-0.5,-0.30589993764307,2.22452129963946,0.820623066102892,0.996954207986723,1.94937767719072,0.140113069217141,0.048375670253446,0.076161411115787,0.109858713409753,0.186184556637392,3529.51015479866,1,1
132,-0.5,-0.479728954280279,2.31166090424719,0.754325162154465,0.973399506345261,1.97233141057476,0.158311324318382,0.0461504675681255,0.0715058591597252,0.10667400176455,0.174153459659545,3599.4508072531,1,1
133,-0.5,-0.629129247261279,2.36238741327904,0.694650989594987,1.00833957949332,1.86531517712812,0.179521746209204,0.045374079526593,0.0722659796657229,0.105531367872071,0.171701075518041,3617.65760460468,1,1
134,-0.5,-0.495879591473918,2.25523274953503,0.856064076926837,1.10180887898368,1.69312559919698,0.164870516808604,0.04794490887731,0.0754531405478566,0.107453760944765,0.183706852578225,3576.44770751567,1,1
135,-0.5,-0.480740012454294,2.3257609473941,0.791027099033617,1.03799761933838,2.05975580369831,0.14134465093878,0.0488140507446338,0.0774154090535256,0.105822755019417,0.171951182205331,3635.928430005,1,1
136,-0.5,-0.501312782426125,2.32191530588364,0.792342902091063,0.831365373517549,2.33800498534115,0.149597678234642,0.0468222726952027,0.0732258201420232,0.108908414454433,0.176783055017285,3613.99408983961,1,1
137,-0.5,-0.349441150605717,2.29773717416757,0.839043892131495,0.97022168501314,2.01027954894169,0.140306277276496,0.0466932903176543,0.0727737376606362,0.108517708246579,0.185937888296307,3599.00517880436,1,1
138,-0.5,-0.502280379028396,2.34559215089906,0.675147596555341,0.96201966789602,1.91028703121729,0.162875969326123,0.0458711947711878,0.0725192417131207,0.108540773979916,0.178702838703068,3592.01358215884,1,1
139,-0.5,-0.515150875566443,2.34752299290938,0.75210157125584,1.11536373853357,1.80952105747282,0.161665804821063,0.0475320097391561,0.0755654925036633,0.104683746443274,0.173637605841258,3626.56151656837,1,1
140,-0.5,-0.44953462106377,2.36406894251754,0.675789454372683,0.981957983454957,2.15800762058766,0.136827238696851,0.0499991455718808,0.0757875489747232,0.104526110980965,0.171810819890523,3617.8183154139,1,1
141,-0.5,-0.265725857629107,2.32956573666351,0.817800166664938,0.98248226390759,2.23653034931588,0.120322361457713,0.0483807443635126,0.0734555414807574,0.108307285339635,0.178945539374929,3668.38076253837,1,1
142,-0.5,-0.545710113283139,2.27429709681492,0.904695577397637,1.12370785657936,1.79384206165161,0.161350753578025,0.0494212605211463,0.0770990343502192,0.104251303155469,0.167746697570579,3647.47176924463,1,1
143,-0.5,-0.877178252055008,2.30960492432545,0.778014627516223,1.05988958380308,1.53725795906739,0.273250258276104,0.0449474354861219,0.0714420136098465,0.103580858000287,0.180475126468092,3569.12467991569,1,1
144,-0.5,-0.318005186621837,2.32670024667744,0.856785617046415,0.996201552819285,2.10971541944361,0.136619342547024,0.045161264802685,0.07125511863682,0.106053029056042,0.184456444512641,3624.75438820917,1,1
145,-0.5,-0.581417507449214,2.27695126953887,0.807224161262665,1.08704211266346,1.88522049885326,0.158498865943288,0.0502937881161606,0.0762213520806921,0.1062363109018,0.174944422062532,3595.12527979874,1,1
146,-0.5,-0.420339566203633,2.24996475245474,0.917381344251797,1.15991074264619,1.74147320869319,0.147097115217494,0.0490265942160058,0.0750292320425657,0.103006541626332,0.179721038096073,3609.52184123226,1,1
147,-0.5,-0.522785018727775,2.27820510209747,0.812821555770178,1.02368777481209,2.02999212698548,0.155825386248978,0.0495710837241371,0.0757849782044873,0.104803020373824,0.17196712953588,3602.78552080434,1,1
148,-0.5,-0.688939563398419,2.31238914049168,0.819091456706423,0.964068937928954,2.0385030513852,0.179807902645793,0.0471669313653824,0.0732729708788696,0.106252445197134,0.17658159035718,3597.88659929814,1,1
149,-0.5,-0.587796923837831,2.35814368992448,0.749928350935134,0.88156126334254,2.33653889880685,0.141722345049582,0.0487313477378487,0.0752032674255916,0.110897267446207,0.181944746648456,3594.63249358993,1,1
150,-0.5,-0.881075688386997,2.35910270440965,0.686269112084498,1.12152100607496,1.60756620257743,0.234913081514019,0.0469981344617768,0.0742759184945659,0.101504778352304,0.167948902782838,3606.70841259867,1,1
151,-0.5,-0.713374069847266,2.31433654170554,0.769050208450794,1.1413997798074,1.67270027115862,0.194754738299548,0.0497997646134064,0.0775686822928968,0.103334436201852,0.169773448605867,3612.08656814825,1,1
152,-0.5,-0.40085687322444,2.32610311239556,0.824233999398802,1.19389443788026,1.72718434416853,0.147552587382547,0.0484140439669328,0.0756533898407392,0.103069971056258,0.173514717856248,3651.37934535939,1,1
153,-0.5,-0.46518441579959,2.26450969443322,0.83064854395274,0.985420920937124,1.92873213191661,0.157559556142387,0.0460198561409292,0.0730899167663148,0.107976756962154,0.183134027113197,3560.36923897305,1,1
154,-0.5,-0.311003112320816,2.26842347433383,0.827911465633031,0.959065799729148,2.10349188250896,0.126047299704244,0.0483365740216227,0.0734985658589459,0.111342329580363,0.18109611408275,3610.2916565656,1,1
155,-0.5,-0.521743560075089,2.21569242793457,0.935286767775515,0.942254198352886,1.97864838179731,0.175260443268442,0.047408896089378,0.073899715034953,0.108611115041094,0.175943481557783,3579.052282083,1,1
156,-0.5,-0.721562712815833,2.32652400159823,0.801016436949427,1.16387752308004,1.67441580541601,0.187118008340956,0.0474245453503125,0.0735981080558211,0.101756030125733,0.167971032540772,3644.70833218643,1,1
157,-0.5,-0.403165250252736,2.24505650205571,0.92586855327943,0.934736078536072,2.14977277883629,0.13658314674091,0.0479704787737114,0.0735252855719108,0.108547639653757,0.178079750548304,3605.4219689579,1,1
158,-0.5,-0.380310993076524,2.32353320687306,0.75902381982193,0.797343310718077,2.20755797921588,0.15886716170873,0.0442275918206106,0.0689518072407357,0.108800236089137,0.190094167736057,3571.84380162684,1,1
159,-0.5,-0.45953479394504,2.23519845520848,0.954754436493461,1.10280697365839,1.8998946106883,0.148516743931742,0.0493107551930191,0.074084974079635,0.104784853946328,0.173980031195233,3621.17589346998,1,1
160,-0.5,-0.456726670542903,2.26898742653367,0.840997483142894,0.908991401917902,2.20131116494219,0.139137163609487,0.0504765769330284,0.0767726311743963,0.111726317135087,0.180163384101262,3607.0008005838,1,1
161,-0.5,-0.475052849657174,2.30187766385997,0.805824342006646,0.97795443520928,1.86453595061165,0.16847441169177,0.0464110474090738,0.0721363617118234,0.10547169255267,0.1758326980351,3594.20350840677,1,1
162,-0.5,-0.727217750492606,2.33564983070229,0.769115475737424,1.02461773129807,1.98494357777974,0.178341130762701,0.0472584089436661,0.0755641775240937,0.103049111968895,0.171554072069053,3600.80182526849,1,1
163,-0.5,-0.505340735213735,2.27348592940781,0.842920321796225,1.11248392512151,1.80412605867088,0.166245471057044,0.0478426994143849,0.0742722920592271,0.101556888189994,0.170711871448809,3606.40230732261,1,1
164,-0.5,-0.403467699272637,2.32098945077592,0.754097290319676,1.1434604085578,1.63520083330352,0.155641896412281,0.048099334905651,0.0757756994609307,0.108370328737348,0.179676859441804,3610.73947494379,1,1
165,-0.5,-0.543261308233718,2.31643828150522,0.792467098087535,1.12172967015272,1.75249856501192,0.16477680301774,0.0479575952268575,0.0739542705716001,0.10623557232761,0.172530945406529,3642.43459118223,1,1
166,-0.5,-0.599265249309923,2.19685184370252,0.890785113926281,0.905186576524803,1.9513757280041,0.190532963200082,0.0459708329181,0.0714595817017643,0.10816079646212,0.181443227790469,3539.63110046261,1,1
167,-0.5,-0.196338960151033,2.28262670402489,0.76659500465807,0.915052534003943,2.18494724583442,0.114008985219582,0.0483635969873927,0.0754978441036048,0.112246868146922,0.191163935300084,3576.74619781074,1,1
168,-0.5,-0.684681595520545,2.33143402352927,0.716351064931984,1.03232910204248,1.98422119150585,0.172405383572658,0.0487096882880628,0.0764059638288321,0.106280641262366,0.173852344775806,3610.61586110833,1,1
169,-0.5,-0.570418097404758,2.26795545056184,0.890258757475079,1.1163622979295,1.92667762139953,0.156418563295794,0.0497708903200464,0.0762628002457901,0.106249941098178,0.185479622304475,3593.7827013724,1,1
170,-0.5,-0.491731785308484,2.38229921052549,0.750054226852691,0.863604213406708,2.30278462119418,0.149447589373904,0.0457917075597467,0.0710011982914087,0.107851403902419,0.178420305049834,3629.84084562423,1,1
171,-0.5,-0.597022998138562,2.3783220212593,0.728006789520573,0.848898563431777,2.30559972909041,0.163876661380597,0.0457690304333097,0.0724228529865583,0.10890297327211,0.183317433407683,3616.91397599605,1,1
172,-0.5,-0.544438788604196,2.2165793451304,0.89746398476201,0.996288943742166,1.89513383430996,0.165458768707884,0.047642345275731,0.0753051422943097,0.103649615853353,0.167030703675229,3562.37359052286,1,1
173,-0.5,-0.666082284579236,2.32462395539876,0.739863888132997,1.09339101101467,1.84392172499721,0.180773891380567,0.0491573873411606,0.0763182444071507,0.10502687715025,0.175780258187699,3616.28135860767,1,1
174,-0.5,-0.496683431735037,2.30805987649875,0.784395043883894,0.976706659810965,2.03432776576871,0.161394993847408,0.0471686202206722,0.0728726476460135,0.103342197672714,0.172893772983839,3591.77495006439,1,1
175,-0.5,-0.28400006918238,2.36674902811906,0.650072522184896,0.757929768444964,2.42765073173346,0.125062726886386,0.0442723015755797,0.0707179571251426,0.110532675364191,0.186605047041861,3553.13821234492,1,1
176,-0.5,-0.487079225186995,2.36185026096167,0.737624655503896,1.03667480242021,1.90308450267206,0.163123266181027,0.0473933680484839,0.0737185571714149,0.105612259290594,0.174742630946726,3635.61987202734,1,1
177,-0.5,-0.602094741762538,2.27006342128537,0.802712089814487,1.01618513003159,1.96959988234702,0.168746736960907,0.0486022930892736,0.0754954121119679,0.10422294499374,0.175965354491264,3589.08847730162,1,1
178,-0.5,-0.659956351871174,2.3431338586733,0.749144135431163,1.14671318917293,1.76828546908887,0.178386998767797,0.0470705077549803,0.0736350780056797,0.0999700808469492,0.16617735778806,3619.79260054415,1,1
179,-0.5,-0.675033106833486,2.34449102762745,0.762269542524923,0.992199603084815,2.05068631031494,0.170695195056735,0.0475156219615501,0.0731226517373984,0.108202910889966,0.171332752078669,3651.93229799955,1,1
180,-0.5,-0.547926368236626,2.24819718634968,0.846301569908382,0.8495227864688,2.13863002771868,0.163460842263374,0.0460978238664714,0.0714236030024346,0.109033175730202,0.179331004463709,3561.86533315228,1,1
181,-0.5,-0.222564602889206,2.34998388960222,0.743077917357543,0.989328330515998,2.13207669950954,0.116339595141956,0.0469151070734964,0.0762037744305516,0.109944798236527,0.176783361380898,3642.48320379275,1,1
182,-0.5,-0.324861133306744,2.39773745764965,0.68608408065754,1.14807777474142,1.78387665268704,0.139317476644225,0.0459229573440981,0.072872366069029,0.103976053324249,0.171770605187201,3653.44186542213,1,1
183,-0.5,-0.255056549366633,2.37022439156513,0.693373206099928,0.904012195115499,2.20686886679366,0.120993614163997,0.0461773610072468,0.0738782905325531,0.111810968278376,0.187621045733442,3605.94329682409,1,1
184,-0.5,-0.489635955301319,2.34427613722674,0.678720007293619,0.86338589096107,2.10435057629007,0.169487659082378,0.0454591993132157,0.0714319156594477,0.110642223375926,0.178289644858958,3606.51522528947,1,1
185,-0.5,-0.425604934376607,2.20297997177686,0.900578592583931,0.939864229028643,2.15873804242043,0.137210631949659,0.0493893565899148,0.0758518996396011,0.110362376088477,0.183257538480604,3552.12386351594,1,1
186,-0.5,-0.422146609578236,2.39887179817236,0.676562388877183,0.847260096986853,2.39339427747515,0.130423284745572,0.046950260637857,0.0737655863721477,0.107078361800593,0.176039749784772,3610.69342625121,1,1
187,-0.5,-0.387238618955418,2.27422664750687,0.815557961915182,0.843049408490522,2.21819514619966,0.144131537444451,0.0467892257384337,0.0722140915654171,0.107801772020288,0.178023926952885,3567.70485958087,1,1
188,-0.5,-0.337987613891581,2.37461674751883,0.725830320100567,1.16171815564068,1.77955365397204,0.137421623538377,0.0462463266971809,0.0724049021248236,0.102019509836523,0.175484469198008,3630.98221489211,1,1
189,-0.5,-0.643532848150858,2.22018176396255,0.914799781030675,0.982988785960567,2.00757078536698,0.17529747325086,0.049176718270394,0.0748135943355771,0.106426682409877,0.174134078116796,3588.23349477999,1,1
190,-0.5,-0.681217656689869,2.32641142549958,0.79094850929622,1.04743843903392,1.94244238661255,0.176788507982292,0.0485412841105931,0.0748633299066516,0.10517867905266,0.166262108365063,3648.15468512288,1,1
191,-0.5,-0.286205601117498,2.31979958207036,0.746766804570981,1.01214539791669,2.04121548376548,0.119691702295493,0.046686720492412,0.0751157891808598,0.111565525571711,0.184746150823365,3598.89889484655,1,1
192,-0.5,-0.594601599376275,2.23905193365623,0.872198667425496,0.868545611331448,2.05249314739244,0.179150909516317,0.0479552210089734,0.0734859549715205,0.112498114805263,0.183722704187205,3583.39299513729,1,1
193,-0.5,-0.806708612790786,2.3549658655006,0.791363816289286,1.02118831878139,2.01829781323572,0.188595673010996,0.0481522679789664,0.0757853743556479,0.104430928891759,0.172041619418141,3637.53573622898,1,1
194,-0.5,-0.475236905661732,2.3504551080613,0.712966306865921,0.872349070857726,2.18000405591264,0.147548625679945,0.0452536510128366,0.0731462696001265,0.109587649173403,0.180324489507668,3591.21304454749,1,1
195,-0.5,-0.416448720923132,2.30274853204998,0.728655939881913,0.848204920104063,2.3088721383345,0.145195600959482,0.0463392684245437,0.0735002951079202,0.108018092430038,0.185850421133019,3537.38042236651,1,1
196,-0.5,-0.506704632482132,2.33422914343512,0.709369366854171,1.00965124138934,1.86997771883124,0.162260761637285,0.0462587772706583,0.071965941139006,0.103982995719892,0.169701979223446,3596.40691868046,1,1
197,-0.5,-0.544112120969152,2.28964225631667,0.817835444859435,0.898053285256953,2.07587985005134,0.170892838153665,0.0449903462510771,0.069813174240734,0.10779320715027,0.180792339801185,3578.11056972518,1,1
198,-0.5,-0.47317839476208,2.26934405242567,0.778726840901311,0.976508046100848,1.85859548478185,0.160032220059976,0.0462119971028899,0.0724817178805979,0.108103340184708,0.180366685040828,3558.11736391776,1,1
199,-0.5,-0.367643606940888,2.35570186702241,0.692952723917837,0.967404541968183,2.24071610252816,0.125419185638938,0.0471281746848478,0.0749656334669405,0.105782977155962,0.178580640057606,3593.53135280007,1,1
200,-0.5,-0.443855456849313,2.22449839435827,0.954467999446855,0.8918091673075,2.26426235653741,0.142020676622494,0.0488326664957522,0.0768635773863478,0.107193466529661,0.183070061113251,3571.10729557971,1,1
201,-0.5,-0.455424005895171,2.26396078859755,0.836398953663826,1.15366632559205,1.73712109914418,0.150410805405329,0.0483956287910435,0.0749874483193151,0.105843187677481,0.171630462143396,3607.28199674571,1,1
202,-0.5,-0.691478856456312,2.21318946234863,0.898165417114562,0.823880908690014,2.26028789813742,0.17393737893742,0.0468133990361885,0.0712959140534663,0.106729647197734,0.17514361488927,3547.40680268893,1,1
203,-0.5,-0.386236233444509,2.24484095006537,0.808648529428345,0.809152993821243,2.23398181331773,0.142544224980342,0.0474731119271116,0.0731858105071525,0.112449159185933,0.188721828220219,3541.03950441407,1,1
204,-0.5,-0.634587283605329,2.25467087205448,0.837195753089609,0.971271916901688,1.99896144468431,0.163441639439722,0.04896608193139,0.0765196649147481,0.106821235544517,0.173011876014765,3576.40703229285,1,1
205,-0.5,-0.640112282877668,2.38829909321455,0.684794550266002,1.00569740095958,1.93546861682354,0.18579845346541,0.0458064935131984,0.0721055768278772,0.103997154401292,0.169324530187633,3627.88842521538,1,1
206,-0.5,-0.339420279121343,2.33509888299684,0.737684328737642,1.20060098085299,1.7465021333356,0.130790696062571,0.0481683162775625,0.0762771578760273,0.106171678849183,0.172677771216207,3639.47979158638,1,1
207,-0.5,-0.724560999390912,2.26360540328278,0.855893574002641,1.03696858049824,1.92383633615135,0.20028046488459,0.047533894476929,0.0739409830004883,0.0999059821157928,0.166450247969782,3579.92132112888,1,1
208,-0.5,-0.249764850320177,2.36321381455592,0.760337618620618,1.03479286336966,2.04712690897647,0.126006264056035,0.0463813058618342,0.0721199255964145,0.106618373001311,0.179477421489504,3642.9619798603,1,1
209,-0.5,-0.738886430506544,2.36202861569921,0.656941127106493,0.960788996711324,1.8865348524189,0.220651444118482,0.0450732277034707,0.0724087987492383,0.106654257793208,0.178141821977524,3598.25046003971,1,1
210,-0.5,-0.579565212902229,2.44269932215419,0.632925638730243,1.24636499842552,1.5779607098358,0.180242016741586,0.0473894497849712,0.0747191165643965,0.101390607591347,0.165993363249071,3692.55341139471,1,1
211,-0.5,-0.58330538576893,2.33014214048665,0.76824400289664,1.14552489307763,1.67198749527338,0.176011101739572,0.0473607639331184,0.075056185085431,0.104438906258088,0.172858771410384,3622.68286714605,1,1
212,-0.5,-0.382365175219978,2.35204643794019,0.705928259728611,1.11538418256592,1.94298128221071,0.137621453115954,0.0485469002286666,0.0762869211664922,0.106206494868455,0.177905885632946,3625.56342034941,1,1
213,-0.5,-0.627356337012505,2.31334166943547,0.767300493369997,1.05151775850736,1.78625122452005,0.196949858335755,0.0471896143188699,0.0734360759327328,0.104437716440852,0.174845066748659,3596.33711665906,2,1
214,-0.5,-0.90482375057581,2.23351053912924,0.892268351853687,1.08623583499716,1.71708625404527,0.214597912630765,0.0501447809228516,0.0789036555009622,0.106389364985166,0.171519430980144,3590.83268034578,1,1
215,-0.5,-0.58746166294526,2.33654204016273,0.734468393645985,1.1047997942446,1.75826726091137,0.173221166288573,0.0469507026245859,0.0743169134663259,0.102191285332919,0.169469359378573,3613.19924075224,1,1
216,-0.5,-0.656591758904833,2.23682155440644,0.911642760782315,0.947326638792921,2.1025120635644,0.178103598819122,0.0472897744974957,0.0726203469723528,0.105764596796732,0.172350153397454,3590.70547597586,1,1
217,-0.5,-0.207711445573005,2.26479470460895,0.838317409343843,0.957416930830585,2.18905871285506,0.115752665922938,0.0483600800554011,0.0751842876543082,0.108661313446437,0.179183816750522,3582.04725756447,1,1
218,-0.5,-0.450913130415787,2.34505726285101,0.761097744764878,0.915187117788954,2.25002912054495,0.139595326576207,0.0465960710270539,0.0739511510190813,0.108881955325616,0.183152995818437,3600.26506456256,1,1
219,-0.5,-0.403387907719692,2.34880576597335,0.79297924619713,1.1749042690174,1.74772870629953,0.157607232997565,0.046443778083973,0.0744161383692163,0.100890580702062,0.17210802648571,3643.03880030565,1,1
220,-0.5,-0.266359013783943,2.18815986003732,1.00676907794978,0.966652240354522,2.20316735430217,0.117515640905438,0.051967571083191,0.077704867564494,0.109560793912448,0.181865331116044,3633.10429572461,1,1
221,-0.5,-0.252154221062156,2.3559759933414,0.734465469682283,0.926569259913052,2.26502165901474,0.122000611513982,0.0458784162436287,0.073213184075368,0.107085101202483,0.183403319563142,3606.67429311688,1,1
222,-0.5,-0.530770510170335,2.32528222296663,0.836358492324383,1.06785072782891,1.90836771772277,0.154374432380296,0.047598525222373,0.0748785770993326,0.102830433505854,0.175702681432541,3618.08864112536,1,1
223,-0.5,-0.729311594939359,2.25789248150283,0.864514768576893,1.06623989893135,1.70749699466728,0.21157119767713,0.0484538293495848,0.0745518804958,0.105763525054223,0.175337957087373,3599.05293872316,1,1
224,-0.5,-0.472699102054344,2.20935099572049,0.959832553086463,1.00871591894161,2.0229957549221,0.149968566939087,0.0482446835337817,0.0746759130164745,0.109088857345143,0.188291321757817,3567.42073754154,1,1
225,-0.5,-0.182427479927906,2.27774178305923,0.922279811138863,0.989502467344578,2.03388973811852,0.120608682324047,0.0459008278211469,0.0720011445539025,0.109423648986898,0.182696801720487,3618.08313087981,1,1
226,-0.5,-0.594087609056805,2.25701634476493,0.888769706559317,0.904761588654379,2.23405267765059,0.16282857531748,0.0490894059279133,0.0753849364233527,0.107178246413534,0.184164461559155,3575.16985218462,1,1
227,-0.5,-0.486653487484072,2.27762124340087,0.797605271365291,0.831247596628597,2.20845153306895,0.151013296898707,0.0450270453598665,0.071912821433852,0.109029628602163,0.179387897562262,3559.37503436746,1,1
228,-0.5,-0.874311265519124,2.24448424200977,0.894280701975598,0.860535863065178,1.93134299199582,0.24231719336657,0.0456172185455055,0.0709937683489297,0.10842136256781,0.18221725662643,3563.40905574287,1,1
229,-0.5,-0.274727125660349,2.28597792015127,0.828861127996945,0.712408229749473,2.35037462431556,0.127506232529293,0.0440751477740801,0.0700755187128049,0.116479305305377,0.183887273544818,3589.00863834136,1,1
230,-0.5,-0.501511024761827,2.28909197913584,0.845756947475817,0.999645338097472,2.05433970084243,0.147482032600019,0.0485679179531846,0.0781075766730165,0.105281140252216,0.177416852034923,3592.70555461664,1,1
231,-0.5,-0.641123817903173,2.31111218008523,0.839523434036778,0.772523467679547,2.277850636073,0.178009909072314,0.0443830526289018,0.0688251599998398,0.107065687206477,0.178398110985648,3566.21880534011,1,1
232,-0.5,-0.525032894857327,2.2837686417556,0.812373219896167,0.930329507560484,2.08669613062389,0.150718045817312,0.048347742938388,0.0740810125513253,0.111972176768953,0.181284759348518,3613.60616587224,1,1
233,-0.5,-0.785129618368636,2.25419879477821,0.852007314318741,0.95057486916447,2.08120182036023,0.199281541866315,0.0497099437391681,0.0769250924023193,0.103436054316161,0.16542025037641,3610.00287147599,1,1
234,-0.5,-0.402945551900673,2.3063432223652,0.796950328580434,0.871661135625643,2.30581223098099,0.137307553156886,0.0471904580793463,0.0750543611992603,0.108501224593721,0.178588108748963,3598.11907047159,1,1
235,-0.5,-0.593282068544021,2.30214723965847,0.870550651220246,0.976245941929825,1.97992488192769,0.163648122112953,0.0466322874489828,0.0729765928867067,0.108419188421777,0.171417524000195,3640.42312648887,1,1
236,-0.5,-0.722127747098099,2.35457069972471,0.736173811223633,0.996467622893692,1.85108901655732,0.221357128633684,0.0471098054397248,0.0731812105114038,0.10724092684036,0.185034033904023,3608.48216582338,1,1
237,-0.5,-0.705030911173754,2.287268391042,0.816459136817968,0.926549254194908,2.00016044631807,0.190265089337673,0.0459822620832331,0.0717853431959261,0.106004840887317,0.165864875149565,3609.83473701935,1,1
238,-0.5,-0.55220260247152,2.29496775028097,0.835304752665097,0.87116756191426,2.17143770775709,0.156031335504345,0.0463270734473408,0.0722036377143437,0.105596758451008,0.174932932283831,3578.42110356659,1,1
239,-0.5,-0.552287488159104,2.34905753144257,0.70562577384898,1.04742409816242,1.78981006280971,0.181254660287288,0.0473117760042282,0.0750482181841381,0.109482291676519,0.178921417254343,3612.01482758336,1,1
240,-0.5,-0.616186878641783,2.22634693972934,0.918818284984202,1.02126093355609,1.78501770227368,0.18190854282486,0.0466866070256666,0.0736641047512138,0.105590326505893,0.177440807481604,3572.53678457407,1,1
241,-0.5,-0.925644905360671,2.28607011751359,0.823772058926404,0.941175966434382,1.98851570059978,0.212519737145587,0.0485878619516727,0.0761700492311393,0.106305011685229,0.178222968390602,3562.31383322553,1,1
242,-0.5,-0.382229740946106,2.29530404649482,0.739537797227684,0.777117053065991,2.18275802495257,0.140302314328959,0.0474613971031853,0.0736030032793485,0.114064982432921,0.186197483586925,3558.21337070038,1,1
243,-0.5,-0.671840177752815,2.31028313027838,0.701729135395903,1.10273925014029,1.78752495702148,0.173883445732582,0.0478856803778141,0.0761365947053313,0.101084496467975,0.174350726823664,3552.57862695526,1,1
244,-0.5,-0.452323715905444,2.30920464079394,0.823012185581439,0.804690511522285,2.22313472193253,0.153125839886789,0.0455038580207533,0.0704778559408038,0.111357542789531,0.187883450171345,3585.86173518421,1,1
245,-0.5,-0.522251431683496,2.25539491135384,0.882237596445675,0.957116727348606,2.02589408610375,0.158531570232457,0.0478821305487025,0.0743101582173911,0.107194418666831,0.173654713490356,3603.92510162352,1,1
246,-0.5,-0.538729348357387,2.35866397124917,0.747917035737673,1.12864165080503,1.88474307226389,0.156080749968537,0.0480082193661798,0.0755179568714951,0.107077268237556,0.174309954358719,3652.9963589449,1,1
247,-0.5,-0.665225228843601,2.29974902430117,0.851979490437257,1.05725326075272,1.90174850241831,0.179911445483148,0.0483458809572706,0.0759980616442006,0.10573748533595,0.176140037224962,3610.96382241594,1,1
248,-0.5,-0.267821599358421,2.32388358325826,0.805128523146714,1.06305848290366,1.98585677484019,0.130015637533452,0.0471904457020574,0.0738816100685617,0.106062181901547,0.180369588918274,3612.26193145788,1,1
249,-0.5,-0.524259435891134,2.34171585339643,0.785283465123,0.901695015805614,2.20500615334324,0.159552033948603,0.0460059623326883,0.0715476452857405,0.110314882659957,0.181345629008389,3627.11670342157,1,1
250,-0.5,-0.455689392917199,2.30506936611924,0.820837213847841,0.966751978223648,2.05614098868609,0.148631601536798,0.0474444140423998,0.0743285132402197,0.107559783822183,0.173578856779052,3612.44435957524,1,1
251,-0.5,-0.291441471786673,2.27236548886366,0.842218104219542,1.01398343764548,2.00510118381403,0.125259979559665,0.0482849235659712,0.0757719289996835,0.109149219825761,0.177419365743586,3620.90775989643,1,1
252,-0.5,-0.31854396713527,2.31346205412992,0.851437101463104,1.10451079912283,1.87641577048578,0.134039118170651,0.0487548070907324,0.0750135629798197,0.108959765641374,0.180928025941317,3661.99549334854,1,1
253,-0.5,-0.701346128171356,2.33090685842108,0.714382696850703,1.05643179359849,1.88741745595297,0.185880257094424,0.0465604158044397,0.0744467994793482,0.106576235268807,0.178601621666045,3601.67252457704,1,1
254,-0.5,-0.68205951402197,2.2086823542949,0.992471910494082,1.01989881396403,2.04897810714435,0.178456169760525,0.0494865233414856,0.0741187608267837,0.103722950284945,0.174878912007476,3580.18922098817,1,1
255,-0.5,-0.387303995806243,2.42624560773689,0.654029036495613,0.879094357115857,2.24136394888625,0.136523654967025,0.0456428276214964,0.0705881218571394,0.109066044546776,0.183323740039764,3627.96105398841,1,1
256,-0.5,-0.254664930748047,2.27288713286798,0.880128884277841,0.806749121386429,2.33424472017237,0.122690523773141,0.0472567428819076,0.0733931372570663,0.115473628217967,0.191565974259689,3603.42919566145,1,1
257,-0.5,-0.318345261472998,2.32704661044551,0.7310034400059,1.04448954400365,1.92030156974646,0.135291858202643,0.0476396054647111,0.0742596745259018,0.108524766218283,0.186708573425008,3600.05320662058,1,1
258,-0.5,-0.618674602900809,2.27477037278017,0.819525247350846,0.882086517937099,2.16194358070386,0.164555678526114,0.0478627599114044,0.0755467940271473,0.107837077399766,0.183259322997772,3549.81947627195,1,1
259,-0.5,-0.706129734819568,2.31209556368891,0.768158770345461,1.0268102769434,1.87625611093346,0.189510045200856,0.0476959269802661,0.0746403845236869,0.102815673216127,0.17759667240014,3558.82184912825,1,1
260,-0.5,-0.614843840290915,2.3267946715051,0.814635806608624,1.10000404826326,1.95960323225798,0.158783356271047,0.0488026456627397,0.0743077043107518,0.102683272259571,0.172168489517627,3643.6731322374,1,1
261,-0.5,-0.333680989835659,2.27643433367132,0.875830229777722,1.04579435378939,2.06683371762183,0.136714231399077,0.0487057001346779,0.0755095060485439,0.1055415893507,0.18494140523744,3603.2810343169,1,1
262,-0.5,-0.470246285456592,2.3152708149234,0.817064712118683,1.08346016957323,1.89036807721119,0.155935112831574,0.0474375606993747,0.0716753861487791,0.107211337383966,0.174499317501891,3657.77424634002,1,1
263,-0.5,-0.31203801632602,2.33437522515779,0.779753517963296,0.871316593943877,2.504286763879,0.120264111858903,0.0482380936817079,0.0778251886614915,0.109704896690921,0.189230009882154,3599.19572500926,1,1
264,-0.5,-0.296327905472166,2.25526787275672,0.829695074915081,0.983734075189902,1.95206657034753,0.146095204140082,0.0473424747369309,0.0752015233954264,0.10931651155367,0.18884374453812,3549.52252160154,1,1
265,-0.5,-0.503100692440318,2.28382389961618,0.820888923667071,1.05384915913324,1.86176450450731,0.156804854008562,0.046300600704221,0.0733033652224767,0.10621692480793,0.174759410299784,3589.57579625224,1,1
266,-0.5,-0.567100714198713,2.32735905561086,0.76662906347101,1.08291367946273,1.94737207310713,0.156277817900475,0.0474055028675763,0.0734865873799754,0.103579624396374,0.175048633989384,3597.83805650898,1,1
267,-0.5,-0.793484599374828,2.36894905793396,0.722490534930857,0.978393503056206,1.87980631851021,0.208736527930091,0.0459738850623697,0.0717242625084726,0.105464528526191,0.170270386380643,3632.13886447116,1,1
268,-0.5,-0.451377875199304,2.37698990744185,0.679998170664094,1.13125634927882,1.73962621091886,0.149195474243194,0.0469443331169301,0.0751961758957722,0.108352966101809,0.172498258212187,3652.8381104564,1,1
269,-0.5,-0.447196504213563,2.26737097567326,0.886788703651925,1.11806924668857,1.76498032991382,0.151810498509664,0.0488694896917476,0.0770767390469131,0.107860379657839,0.174941550244116,3632.39701846953,1,1
270,-0.5,-0.444132782317741,2.31605956333876,0.759386840110689,0.825448114487709,2.32500100622217,0.148996922963091,0.0454388709155888,0.0713930639802914,0.109368991036601,0.189424839520498,3553.39821403269,1,1
271,-0.5,-0.596928587402549,2.26130317273873,0.856929291290186,0.932555069077248,2.14817850559226,0.165010095836374,0.0495356191349633,0.0760623695456075,0.107978205227367,0.177967288941198,3594.42627522377,1,1
272,-0.5,-0.287302281038253,2.27460221739841,0.859854981674197,1.12118331228872,1.79005194855226,0.132281742081264,0.0476182933093457,0.0748335110331717,0.107685031621306,0.175380005824177,3625.32841282491,1,1
273,-0.5,-0.656937974291255,2.33099113204452,0.719464607585476,1.03582878666568,1.89961230743694,0.185975280313568,0.0498516419411507,0.0779025210309482,0.106513313724793,0.176893655122338,3618.47475230096,1,1
274,-0.5,-0.438212524179097,2.35545265276185,0.682492961889091,0.970065732871256,2.09768382391071,0.137340669166815,0.0471778278161966,0.0737787863812153,0.107029577709702,0.180476422638244,3594.69618975802,1,1
275,-0.5,-0.69871159217666,2.27144617891141,0.879800517538399,1.22317559262648,1.61212083270687,0.192893399890673,0.0498622704470087,0.077822101201065,0.0997603297480895,0.164073617473854,3625.83184277338,1,1
276,-0.5,-0.667076964345154,2.27018128615827,0.836080452848721,1.04028462170026,1.95228027684154,0.172258721791544,0.0497307180970009,0.0752638149970066,0.102810661211586,0.174008163533964,3583.2754903592,1,1
277,-0.5,-0.34948516480461,2.37955305532102,0.646274997457424,0.808924348834407,2.28106671671055,0.141484131103568,0.0438765841956296,0.0710080815085579,0.111012841819873,0.182770668336435,3588.76389062516,1,1
278,-0.5,-0.58048522611146,2.22578227981558,0.886382732486719,0.811287532363226,2.18131999832011,0.176067805252846,0.0455634592757224,0.0718985927479391,0.109928247442477,0.182318198661663,3532.24598487391,1,1
279,-0.5,-0.428795707922105,2.27120470147981,0.809427303120858,0.730020671610673,2.39003640668592,0.147125445345668,0.0470094406224503,0.072016750893372,0.113972729653209,0.186036431499672,3569.06197694236,1,1
280,-0.5,-0.438043371842581,2.35160417169972,0.703770228651866,1.10874402684768,1.83789566261914,0.149124934750421,0.0471280545750882,0.0768839983355578,0.10704312832712,0.172584431022142,3625.11021057195,1,1
281,-0.5,-0.547152616244222,2.33333985511363,0.777937878421393,1.00266477063547,1.99521378846141,0.160459449281752,0.0467177875535478,0.0731214460174789,0.1063823909191,0.173904092494866,3624.12048385309,1,1
282,-0.5,-0.519015370206978,2.33157334837962,0.768031087450497,0.888732639172882,2.06201339739063,0.171947998970129,0.0449881869962116,0.0704941485800404,0.105419119266378,0.179122451719979,3588.07438667788,1,1
283,-0.5,-0.692484917228312,2.20144788839896,0.958596836491422,1.02136225353456,1.87681604339121,0.1875883574971,0.0480920859564277,0.0746249198349414,0.104838179005577,0.172203152980988,3596.07065704121,1,1
284,-0.5,-0.523252007834336,2.31893002813745,0.697481928462728,0.890846264463607,1.9477268989226,0.173973028499912,0.0461820351785172,0.0712519792885872,0.107878427648119,0.181677210497967,3560.00482575647,1,1
285,-0.5,-0.432899968155611,2.24737601393804,0.911175567845692,0.872964892740865,2.11728397295196,0.154145062465542,0.047066708907892,0.073627337007206,0.110099198182295,0.187314239142469,3574.52300559939,1,1
286,-0.5,-0.729052870257301,2.26676737167461,0.895422858446327,0.971172647795967,1.9020716317712,0.209616026644112,0.0459439147018024,0.0734132936787392,0.109406072210329,0.175906675694042,3610.68836552119,1,1
287,-0.5,-0.643366734517654,2.27294295393318,0.85116431196467,0.978887902138148,2.05134549004383,0.164556401439068,0.0469998902332575,0.0729413286391104,0.104464069098394,0.171222104552032,3602.65573521062,1,1
288,-0.5,-0.445608794771793,2.31794938995996,0.723830949343342,0.923562813478276,2.0776181927386,0.146143560783004,0.0466205330169682,0.073728811836716,0.10900931658333,0.177919362795203,3581.84359415776,1,1
289,-0.5,-0.169974141641659,2.25983508095067,0.895579342092369,1.02107331994773,2.15345663349674,0.109740419836497,0.0485569680377588,0.0756161373414807,0.107543615111239,0.187810276716481,3587.12225458987,1,1
290,-0.5,-0.500269977714163,2.3212807252808,0.810217103263798,0.972921138439632,2.06233597442541,0.152046849413829,0.0486461896187433,0.073533599039792,0.109151955276839,0.17976013431679,3632.98548450982,1,1
291,-0.5,-0.583219160010351,2.38483788304278,0.685412652665942,1.22792029329584,1.65564667810725,0.161449287509568,0.0480753125982287,0.0748217871176868,0.102472637680462,0.166013624567843,3665.73870644062,1,1
292,-0.5,-0.696597507272832,2.22261041551125,0.949561842231121,0.961879182661675,2.00487706931297,0.181552266242903,0.0483267800611512,0.0754119942322917,0.106380214042269,0.175129429042327,3584.47515300187,1,1
293,-0.5,-0.577365882484289,2.26824284791033,0.853352203274858,0.957763162531025,1.96723512474607,0.173205454301289,0.0474989318791734,0.0729977862234367,0.107786466636117,0.185530189774536,3576.00813930635,1,1
294,-0.5,-0.461313235796123,2.36114636857818,0.720975623685189,1.01915799690793,1.97145539271208,0.15211592622494,0.0457500410557356,0.0719186879961607,0.105611483826707,0.172728757704017,3625.94547134209,1,1
295,-0.5,-0.412658171706104,2.30247271045753,0.857811695694014,0.969442506302917,2.12517663439432,0.146718610953211,0.047273655952168,0.0734454888799018,0.106482620104019,0.177948439931049,3618.96669843335,1,1
296,-0.5,-0.50195973877233,2.394221871039,0.708770643562243,1.04937340838631,1.94558569464773,0.154017320435377,0.0468208734284973,0.0730766302668146,0.105103097453372,0.173841333362171,3645.16916563492,1,1
297,-0.5,-0.405314571989302,2.31234761030402,0.752609062597557,1.11136490587666,1.88744882254195,0.139818121480914,0.0476480082946422,0.075980014248659,0.10731422804454,0.177843689781768,3613.22364370316,1,1
298,-0.5,-0.518189380165154,2.25270371383067,0.928635419603773,0.807572432627469,2.32504496740221,0.14612641173148,0.0465339454104685,0.0727876081524075,0.111050156161845,0.184140528698325,3582.13493233072,1,1
299,-0.5,-0.591606814489734,2.35369485194726,0.755252214266482,1.2032746168152,1.61830777667421,0.170144097952183,0.0483449878405576,0.0757984538080262,0.103975061740966,0.178326489393522,3635.89757203669,1,1
300,-0.5,-0.782556505536436,2.31594340574469,0.870644323591917,0.872355258500915,2.17274057235445,0.199115896318125,0.045889249447613,0.0712428549024458,0.107884511697398,0.174479329791246,3635.7923597457,1,1
301,-0.5,-0.528909130191419,2.32644884609724,0.760165697412892,1.14193340976101,1.85166656557075,0.156859855399777,0.0492222667099465,0.0752444424433566,0.104061830886807,0.174777567070736,3623.49587204758,1,1
302,-0.5,-0.597659136683416,2.24325412655606,0.851633303677871,1.02643234187697,2.00567307113806,0.160112086202988,0.0493383433900952,0.0764697060608149,0.105257112420706,0.176756751923188,3573.04270299781,1,1
303,-0.5,-0.736763808117208,2.3526323129041,0.754401321744272,1.12100816483913,1.85779271772941,0.177811543701047,0.0498917894142097,0.0767283363933479,0.10413046955428,0.172038800821448,3638.14742765972,1,1
304,-0.5,-0.740431231348915,2.29433763600594,0.785578977009786,0.926832069175349,1.88720643297661,0.214179293207472,0.0470072860293949,0.0738223813798084,0.107493058581221,0.180328485156947,3562.54371963476,1,1
305,-0.5,-0.557896411723636,2.31733562180708,0.786969140042979,1.05838274117652,1.93180546236985,0.158609631335196,0.0481531503239733,0.0732741911464997,0.104663371135978,0.172563175937011,3615.89705194771,1,1
306,-0.5,-0.461094650263112,2.28820983664553,0.89628275547268,0.845087160665486,2.31528762277388,0.148401915513137,0.0459537910606574,0.0728086587542914,0.105265847844958,0.184180681284939,3575.50129366619,1,1
307,-0.5,-0.599490718698603,2.41723585934717,0.648664018752461,1.07967053739592,1.84865070462043,0.17090735645543,0.0472283018933494,0.0751583899073903,0.106973097054004,0.185097359542081,3630.00514266551,1,1
308,-0.5,-0.468968968037871,2.24109554108323,0.863802883932792,0.97408824686573,2.10321474842411,0.143671194674435,0.0488000066121088,0.076705140332971,0.105717777204952,0.17632476917257,3569.81184766045,1,1
309,-0.5,-0.451173982631394,2.32088713848841,0.79759226258863,0.983595986949356,2.0393623113922,0.146195634969876,0.0457023247253971,0.0717440344861316,0.107025757417971,0.178515342501733,3600.07226455193,1,1
310,-0.5,-0.580597788706681,2.35170064020364,0.741658570307083,0.904548753733339,2.13931707800942,0.177513297545284,0.0441749485293374,0.0708320440942294,0.100188635377709,0.176718864713656,3554.95156933976,1,1
311,-0.5,-0.434688345234613,2.32714871869459,0.798615382183598,1.05579883976273,1.97790639841503,0.138633004924599,0.0478575639370103,0.0756629424784433,0.107813251314673,0.174489577072654,3643.37349009609,1,1
312,-0.5,-0.66499151880826,2.23142236464588,0.911031586530302,0.979673699766533,2.03394198177583,0.16375105413622,0.048397540510332,0.075494203804558,0.101682666328655,0.173030410036674,3551.11328605097,1,1
313,-0.5,-0.694440756589602,2.35584265762207,0.743066287672772,1.10733789780881,1.79786607448734,0.182540279954561,0.0469731049773974,0.0747369222150636,0.101264191703568,0.168875144932267,3627.11513282679,1,1
314,-0.5,-0.215175200477859,2.29554407370196,0.798831032608236,0.960946591080024,2.30211250779044,0.110378525471059,0.0490602128869058,0.0766234413839791,0.109203256999009,0.192102600990907,3581.68958659676,1,1
315,-0.5,-0.436041479688008,2.2835792603465,0.850685315844225,0.968776930064162,2.09919395518007,0.148714959040751,0.0479547070060711,0.0757864638252131,0.106112817337579,0.176584608705678,3603.61644211271,1,1
316,-0.5,-0.438419594202928,2.36843065546934,0.682312174860557,1.01290264982314,2.03236489116836,0.139789267031652,0.0488162170545665,0.0765300839070117,0.109705960959707,0.185238035349248,3590.77120139113,1,1
317,-0.5,-0.382060280640313,2.30981711538495,0.8469629616402,0.944479099122917,2.2338344943957,0.130548047499867,0.0468738757690589,0.0725616472367753,0.110347577488045,0.193580893403358,3603.24067724145,1,1
318,-0.5,-0.639795998754269,2.26037332159814,0.849977960276036,0.912072587939335,2.1921945451836,0.167190555483417,0.0486798692279435,0.076829899618059,0.109537813887528,0.181087362767328,3569.86059128069,1,1
319,-0.5,-0.290976495937973,2.31947566190888,0.763504586826216,0.920317383452649,2.25757128766834,0.11843833338588,0.0475596572644772,0.0743369428484295,0.113279010468891,0.186363124890722,3618.09455616209,1,1
320,-0.5,-0.56388277657206,2.27736926858931,0.849466602717176,1.12395678674345,1.94796757722357,0.171289180947138,0.0502219745207018,0.0750442568140667,0.10391608331119,0.183846098103603,3615.09202952408,1,1
321,-0.5,-0.593076955885609,2.36208396514793,0.70941621402098,0.968977945490184,2.13348860304352,0.159725153109823,0.0472474651509302,0.0733943232682899,0.104798942328027,0.176086391201237,3597.7411237193,1,1
322,-0.5,-0.519291381454111,2.24511594492923,0.816873533255844,0.910197174714183,2.0974886133848,0.157655231289628,0.0474023407209425,0.0732961465899449,0.108801860820103,0.18434502904206,3534.5799365962,1,1
323,-0.5,-0.508074302475969,2.28710097773293,0.828536293777693,1.02747772245207,1.95131877683125,0.156009924749144,0.0483727074579833,0.0739429092289496,0.108023140579229,0.179652629236833,3607.34862017264,1,1
324,-0.5,-0.613980991681659,2.37812359870455,0.711376432932236,1.07975760485674,1.81586878842285,0.181994882080532,0.0466586388137177,0.0731559402403274,0.102214606607114,0.173569902260079,3626.1242396941,1,1
325,-0.5,-0.582080229128753,2.31921830183378,0.81086219914987,0.991206055809588,2.09692449560562,0.148856219359597,0.0496801749780804,0.0793186688697726,0.107969587608432,0.176078781781431,3616.70787397978,1,1
326,-0.5,-0.476512157253494,2.25661457953801,0.808240380350077,0.933934577422303,2.10486654674401,0.148282764791859,0.0492047104823286,0.0781301142875932,0.110173836809913,0.177044046683573,3582.72049750311,1,1
327,-0.5,-0.535545954001279,2.30495266087348,0.793202319770721,0.959612282932251,2.09422941774966,0.155942656613789,0.0465809427570228,0.074020558518086,0.109354200355548,0.181675603893482,3601.33842433703,1,1
328,-0.5,-0.646673466753389,2.36090255401304,0.739172120260579,0.858878163768013,2.10275425397312,0.178029290685067,0.0451090466223623,0.0708049534547791,0.110951334555086,0.175120869664867,3626.84144388137,1,1
329,-0.5,-0.638415715489682,2.37921638511877,0.697257514120583,1.03085532113742,1.85177974700475,0.182974879110841,0.0454059613474343,0.0723696071882507,0.101603754301548,0.166991346592219,3618.37000698635,1,1
330,-0.5,-0.387446616197212,2.41524586205991,0.679303192388644,1.19622412180415,1.86303808119528,0.129746569897112,0.0491542078136983,0.0772553601086149,0.10698270166986,0.181754074071264,3671.05532339021,1,1
331,-0.5,-0.255212108473706,2.28405006478955,0.797193769625143,0.865736501104555,2.28816255686655,0.127579836885286,0.0469359751054342,0.0731421365784649,0.10966222377824,0.184719527573963,3579.81000021719,1,1
332,-0.5,-0.710352440923473,2.29141372951761,0.881365405287544,1.0212294780258,1.89755780991829,0.190178105217635,0.0480554236348078,0.0758149623616214,0.105720552696321,0.175480540058672,3623.54367039392,1,1
333,-0.5,-0.506604086805666,2.35510551333468,0.759598001577448,1.01589351277151,2.01951536373553,0.162871625459707,0.0468753176050637,0.0734548107702262,0.105688138715174,0.178992892019943,3613.98070996038,1,1
334,-0.5,-0.713791224306401,2.32762377533679,0.743308021195876,0.991510694143783,2.05928059926126,0.179755708865122,0.0482824186731465,0.0754483247157647,0.103217865778811,0.167352633127212,3604.19159938876,1,1
335,-0.5,-0.503643449036873,2.30672834920237,0.829851372684693,0.987092854664847,2.042712491159,0.157801139487775,0.0461674018644048,0.0728101588673036,0.106656371535725,0.179593884548522,3586.38635562051,1,1
336,-0.5,-0.569805983905792,2.30367679497496,0.834540497106148,0.869708666560215,2.146895463309,0.168276363296011,0.0452066343502601,0.0694721136500159,0.108472591171193,0.183708752529892,3588.31171181437,1,1
337,-0.5,-0.352113156674677,2.2291420980573,0.822973887724003,0.90549942055711,2.10206620113784,0.133547874829571,0.0475439810656062,0.0729846132621467,0.109808816538776,0.183240457941847,3536.2187658353,1,1
338,-0.5,-0.551857992023103,2.36166215648974,0.728164839618207,1.04316873567088,2.07830592883576,0.147416667693255,0.0484073163112525,0.0761991218640368,0.104694127216233,0.170077326603837,3648.61008615406,1,1
339,-0.5,-0.64469543377792,2.24403238570278,0.910849840939498,0.756274844273691,2.28233097432531,0.175800229130244,0.0444584240294018,0.0688045318780595,0.109112239367916,0.182580494945791,3548.54604816979,1,1
340,-0.5,-0.668427173739283,2.30136057266783,0.767292403259322,0.992883814572637,1.86467930849482,0.172633841035566,0.0462877503397858,0.0745126952530942,0.10438278328943,0.171378222608467,3573.77743197515,1,1
341,-0.5,-0.565581720114858,2.2805963172333,0.830236487940778,1.07311242166625,1.84074647389073,0.171868414413755,0.0477963151663812,0.073834843257671,0.10407955914133,0.170124863409523,3616.86700684132,1,1
342,-0.5,-0.388148313528975,2.28353690352247,0.806122897347923,1.12083086811192,1.74664523550291,0.146088289394513,0.0484803613596625,0.0756999558760134,0.107147028550286,0.182477058912886,3601.31650730578,1,1
343,-0.5,-0.458921214869592,2.25094403012439,0.880952699924669,1.06473945457792,1.77651428764103,0.158729937434768,0.0497904048481858,0.0764632515865417,0.10577013351122,0.171770167455896,3615.36711820562,1,1
344,-0.5,-0.50925504058483,2.29463038050433,0.800947897928869,0.825241649128092,2.33812306090012,0.143260082434615,0.0457250525814185,0.0723424291140177,0.111429760808242,0.185454880953318,3570.728776694,1,1
345,-0.5,-0.502946483019379,2.27608860813529,0.877889536064187,0.860291800696778,2.14528872267696,0.161958101302755,0.0454628206973534,0.0720103359196357,0.108341225956604,0.181001135993129,3570.90947316079,1,1
346,-0.5,-0.889396937219025,2.30242358221727,0.739842960496139,1.01359120163496,1.84881349079015,0.214889228571459,0.0477818600481932,0.0742357923701205,0.100611903389375,0.16867884336248,3558.8715378661,1,1
347,-0.5,-0.544052507014024,2.24881757518678,0.881967924314357,1.23735307181356,1.66697377642053,0.155195026550583,0.0506896355207988,0.0801182920565096,0.100620798575473,0.164505533583871,3607.73964146239,1,1
348,-0.5,-0.319680734876263,2.36054534997302,0.669908628900487,1.08782503000802,1.97129754980563,0.122229274476221,0.0468180838929855,0.0755249190140128,0.107418365393032,0.179464286541938,3603.74624241647,1,1
349,-0.5,-0.621962254838855,2.30607351895893,0.825506729833398,1.03254022601648,1.80716717115155,0.180906834887103,0.0457845129071974,0.0725908989378457,0.105952951998676,0.174407323703797,3607.23997326301,1,1
350,-0.5,-0.4887452256371,2.36149726375671,0.737599155399191,1.13481502827398,1.74166107172774,0.159320410023138,0.0464385034148429,0.0746609611247528,0.103933551820007,0.172176539274255,3623.61910965589,1,1
351,-0.5,-0.219088109561554,2.33274611421069,0.731880118095875,0.81244781722839,2.32729320048062,0.120244441184644,0.0460363099895291,0.0722262237112101,0.113027339922015,0.190357517932995,3573.79526344601,1,1
352,-0.5,-0.487139988461032,2.22455349387955,0.899409301951473,1.1239116003223,1.83045361026613,0.158505676568567,0.0480284755025311,0.0744210201891909,0.105247257819862,0.179119033680209,3567.00462436723,1,1
353,-0.5,-0.742480671351393,2.23332875359731,0.866762049501421,0.961323225840732,1.91337470686997,0.196033223327957,0.048490088987233,0.0740924197816241,0.108363395233219,0.182065991642369,3542.24004740069,1,1
354,-0.5,-0.309756894071228,2.29598751403816,0.816756009636573,0.935277790816522,2.04071468873274,0.135140430893125,0.0471037862186326,0.0720286276774386,0.110803150950723,0.181870820862765,3609.66786803888,1,1
355,-0.5,-0.339471975679175,2.31561178169759,0.67264655554453,0.989707920470518,1.91319070838989,0.13962514330231,0.0462694681337887,0.0729157786013398,0.108162206925445,0.18019450751846,3571.25657350612,1,1
356,-0.5,-0.696545491555414,2.30771492975683,0.773838855546937,0.946047609984481,1.99007014636105,0.181341959246404,0.0462871555687864,0.071930764250578,0.104025780578074,0.170897509028671,3593.60143711858,1,1
357,-0.5,-0.273196045571544,2.34273607845983,0.732529390782672,1.06090439734564,1.93258770578671,0.132965146225436,0.0469522478171275,0.0738458463756816,0.10738921427629,0.176088017173372,3617.78430518408,1,1
358,-0.5,-0.691961663636729,2.38796254415956,0.65114760335888,1.1566203415412,1.64945479091567,0.194415306848569,0.0484282612609398,0.0758830257896949,0.0999226018406402,0.164020552162507,3639.75582639954,1,1
359,-0.5,-0.439954097584977,2.3379949171243,0.769251972489318,0.956934212859515,2.02931738804928,0.147239692336466,0.0471814042619505,0.0729820373000131,0.109470229168992,0.186653326177714,3606.61666330657,1,1
360,-0.5,-0.477323682076442,2.23969194927677,0.949111743513655,1.07854283966572,1.97134476950784,0.138912040469845,0.0507120377458614,0.0769021960923586,0.109998386010921,0.179781616048358,3624.1600872399,1,1
361,-0.5,-0.8429096911035,2.31026503823614,0.824481388853043,0.952884288023873,1.92154791056638,0.205498903455228,0.0463865222568158,0.0728465666431009,0.107253896628466,0.173957385421896,3588.8949442548,1,1
362,-0.5,-0.42489296483077,2.20367254989306,0.908058173479072,1.07754029854218,1.77058452423087,0.145786501873827,0.0493873531409573,0.0765723347241017,0.10485821394055,0.169884563793362,3577.63104972199,1,1
363,-0.5,-0.692447761561658,2.3775785645288,0.665709860319962,1.1835896922835,1.84475830845568,0.164785119016248,0.0484585696564093,0.0765540108863335,0.103096980366422,0.166896947414994,3642.7875144366,1,1
364,-0.5,-0.481477859834554,2.30753117282446,0.76593182828878,0.893403742531952,2.08100432064964,0.16080607054988,0.0475790069427603,0.0746498120842862,0.109261574750993,0.184678930547166,3574.08846722925,1,1
365,-0.5,-0.355327890604079,2.27250113773052,0.868067632915477,1.30394870295338,1.64825316205607,0.133580301041145,0.0504672599357134,0.0787496880333769,0.10309881303169,0.174153529742195,3634.63446567539,1,1
366,-0.5,-0.725873388190579,2.2814599781454,0.799322824753813,1.01427673386205,2.05172406254876,0.176416190030013,0.0483586362099264,0.0753687031731195,0.103321497134903,0.175879956112781,3560.92684588383,1,1
367,-0.5,-0.530392387945261,2.20292016405462,0.901071850627735,0.978417109043477,1.9752530307016,0.159605440368739,0.0481461402884109,0.0748386219524358,0.106449638101717,0.175065459925386,3554.62023760343,1,1
368,-0.5,-0.562359171097748,2.35002164292467,0.739781876123185,1.22370959530096,1.63455214455325,0.166890169280987,0.0481676871478437,0.0774792229467975,0.104378694101135,0.169902587957277,3643.98686717639,1,1
369,-0.5,-0.45717375146829,2.3203640548401,0.679414042753183,0.975517432946429,2.18171298556303,0.138177324418063,0.0483987810351206,0.0755716755540193,0.105230534265528,0.177830980412312,3551.15319387111,1,1
370,-0.5,-0.63199250556352,2.29105361200451,0.788853850173497,0.980745176938326,1.97200114001398,0.176378505421301,0.0478972580411733,0.0738294544087182,0.10804929298387,0.177984879769257,3591.76769022025,1,1
371,-0.5,-0.525183904026208,2.43863946093479,0.64704325582845,1.01598313840371,2.07149793206819,0.156160019152523,0.0460219688958812,0.072517383911229,0.107939633941719,0.17626182343745,3690.49884802754,1,1
372,-0.5,-0.51993915972547,2.27195702773243,0.920273396729419,1.08622923802586,1.84151036140463,0.163120871811209,0.0488937484612794,0.0751304250438543,0.103275818270441,0.174752714047969,3619.56183808133,1,1
373,-0.5,-0.436563480808036,2.29210071569267,0.811447946365426,0.964347544989114,2.04336598617709,0.143569525291946,0.0463718058062284,0.0718193417958846,0.109938483416741,0.181469110454143,3593.21048533978,1,1
374,-0.5,-0.334579405001971,2.28130857149788,0.81424868051749,0.770864534283399,2.36478162170335,0.133803673532216,0.0463954442972973,0.0721230145067733,0.111773197427763,0.180134751836038,3595.2810507143,1,1
375,-0.5,-0.763367000037593,2.26519504257574,0.798561368193096,0.929716462805433,1.96539212272062,0.204143577306547,0.0473232343820559,0.0734434229538656,0.10428009107802,0.167535234046669,3573.87238452846,1,1
376,-0.5,-0.330523057157681,2.33943848310372,0.69270121165862,1.01944842833586,1.98302364184593,0.133733372711177,0.0483709338199275,0.0758253541048699,0.111165198191326,0.186549867569943,3599.10911093148,1,1
377,-0.5,-0.452602487624752,2.36986230392299,0.752965382917455,1.03451175797287,1.89052966054601,0.15380651970472,0.0464963235265178,0.0716452405550597,0.106236995882614,0.173846350234415,3648.7736206152,1,1
378,-0.5,-0.515408398252988,2.28244739317046,0.810659059935831,0.921652744886663,2.02953512326411,0.160564746227985,0.0475949412335498,0.0742587499234156,0.109486768501129,0.182888467054284,3573.46668859932,1,1
379,-0.5,-0.488149766388201,2.37281450429043,0.610042330225035,0.889857200632388,2.16508135374446,0.148261294306574,0.0435101772446185,0.0721186076703686,0.106798827052645,0.179273815733043,3555.89358200937,1,1
380,-0.5,-0.298709584270836,2.27507855202699,0.765809399565858,1.03460063371681,1.96532001912456,0.125473522927887,0.0470846450822653,0.0738133127887609,0.108316695413807,0.177946055382129,3579.22463319794,1,1
381,-0.5,-0.528401634460469,2.36535820338796,0.6762468063429,0.799664516750376,2.32194194126964,0.148905389632888,0.0452258526851829,0.0739717988121302,0.11455555785228,0.184187896308732,3575.99115818963,1,1
382,-0.5,-0.386378391911783,2.32737354815716,0.799320778484701,1.06300011340079,2.04407380876665,0.133580718880539,0.0473068091027265,0.0752455544272144,0.10657240249122,0.176860258496587,3626.7625207089,1,1
383,-0.5,-0.456592571059352,2.38007790252549,0.663651491402815,0.798197648582843,2.24157463733474,0.150758642966747,0.0450523986155106,0.0701448643151752,0.111316340928956,0.179384155623683,3599.6436681651,1,1
384,-0.5,-0.405222187421174,2.29422913440199,0.7725602821257,0.907382785084658,2.10200347574248,0.141203215678844,0.0462975473410711,0.0731579993634824,0.108926126718985,0.184212288276811,3559.17054993189,1,1
385,-0.5,-0.488047389884752,2.21613485717311,1.01669087420957,1.03694901329845,1.83276521347503,0.165238023483702,0.0480205106552048,0.0730759022534029,0.104995806301165,0.175131033085672,3601.91296895642,1,1
386,-0.5,-0.473402844281902,2.2787143115071,0.784908153004097,0.848282282909449,2.22217596104096,0.143984634651888,0.046353780097403,0.0738488373170107,0.110733451309459,0.18257831609732,3545.01930407837,1,1
387,-0.5,-0.680086549061192,2.3087548270569,0.760642431661244,0.957063181078474,1.96673259148664,0.197105216566299,0.047329539371133,0.0726296227296028,0.106796858947515,0.180204613832326,3587.17835502991,1,1
388,-0.5,-0.600296162652978,2.34655990996332,0.689096235860109,0.917041202133267,2.08440504312845,0.16691501817824,0.0462661983512725,0.0727438064282661,0.107968312226601,0.186088274735883,3575.27523134941,1,1
389,-0.5,-0.471107179281486,2.28664324860712,0.837106519556122,0.945057422308503,1.98800629125202,0.161503524355982,0.048948472100132,0.0757530883991105,0.107710759806386,0.175160487720684,3599.94221668843,1,1
390,-0.5,-0.529064699277668,2.27617062298101,0.817637499844563,1.12353442517566,1.77018729192725,0.168486005840998,0.0479732847306096,0.0736951518221149,0.103862770384966,0.171479053562977,3614.11262602794,1,1
391,-0.5,-0.774821490100353,2.12388065172415,0.988390369170604,0.962549685105316,1.94345479881063,0.19441705397431,0.0505835001342572,0.0779820874094559,0.102850003489836,0.16640136956294,3529.19722284314,1,1
392,-0.5,-0.511269514647253,2.28041938085202,0.812576433876908,0.914088105230006,2.02858693268775,0.165309678527053,0.0467869876556743,0.0749161275695519,0.111479991275473,0.18005953842743,3582.64781618342,1,1
393,-0.5,-0.714011262500574,2.27594552079965,0.790244940868156,0.923836723603906,1.89695118281329,0.202608042791749,0.0470677199270375,0.0737211975245337,0.106328460975451,0.173966689456674,3569.07695058527,1,1
394,-0.5,-0.59931605790915,2.32200798276214,0.802275904509908,0.988050055582873,1.94578287698266,0.178620765748652,0.047169629962372,0.0730397717986002,0.107749462476512,0.175001563573868,3630.81966584461,1,1
395,-0.5,-0.512637567470191,2.34705784329201,0.723134435849761,1.00917629442379,1.82536898744923,0.171929967898384,0.0474751896648992,0.0740757495812848,0.108344743602172,0.177823779393333,3598.39508647593,1,1
396,-0.5,-0.429604784303916,2.32893309951686,0.734822624200954,0.859786760747341,2.18193310737545,0.144552767115525,0.0448936433894236,0.0723186954205988,0.113210323508385,0.18544958322798,3605.03715458603,1,1
397,-0.5,-0.457587853200811,2.24870143428566,0.943231663713497,1.22827546893265,1.71847609959859,0.151315612216134,0.0507667477239979,0.0781097446931462,0.104431408568721,0.172018687833295,3652.88958026598,1,1
398,-0.5,-0.364326022878571,2.39151781178619,0.689797173562836,0.941137623751725,2.1545482080163,0.13332584332691,0.0482702477433108,0.0751559441838002,0.113388005664032,0.184975553912597,3649.06170005796,1,1
399,-0.5,-0.336158953863444,2.24368316822645,0.87666696187308,1.08205555638784,2.03570693373761,0.118275462961606,0.0507263978355875,0.0776713639386685,0.108190657749969,0.181825983243641,3591.77082606076,1,1
400,-0.5,-0.418125912487932,2.28455902158876,0.837094515336614,0.813306431995246,2.31617088007086,0.138277965970866,0.0457420768015691,0.0717175461204993,0.110625656131214,0.183985467008692,3586.37882360293,1,1
401,-0.5,-0.543833595823735,2.34306863924437,0.764490323754213,0.985671425085797,2.02694733282998,0.173293250871725,0.0454106256176197,0.0724516689205324,0.106051242250855,0.18421760848858,3590.08097878518,1,1
402,-0.5,-0.544956078255695,2.28595597503258,0.79791152643433,0.96814118730969,2.11616911208645,0.159354107636106,0.0492596718310569,0.0769018992369929,0.106070104933847,0.185157348549347,3561.62457207919,1,1
403,-0.5,-0.483657636072604,2.43989521017484,0.564191155868007,0.965490829262607,2.10786155736572,0.152995129014731,0.0474558989047632,0.0760095576664048,0.108147941238361,0.177823083128155,3627.97191770585,1,1
404,-0.5,-0.412316742632484,2.28320481506245,0.821441504406567,1.00200971088496,1.97670908312717,0.149932522024289,0.0482572701899049,0.0750633767290873,0.107966828968102,0.182359954504177,3596.31525732569,1,1
405,-0.5,-0.581555601487298,2.27506112867302,0.854024024689068,0.901805984539625,2.09130028486319,0.170442966420783,0.0458719097380503,0.0730515323702265,0.109015492283586,0.189741832221265,3563.93506425468,1,1
406,-0.5,-1.03271454279469,2.27689599328162,0.881941258602094,0.977674595882434,1.83348973764916,0.251476423216692,0.046430545035025,0.0724448407983598,0.105957296536998,0.173502967952861,3597.16734646828,1,1
407,-0.5,-0.344743843060668,2.30141344016759,0.826009724171396,1.21070653475913,1.84007773167653,0.12854805210167,0.0494402455499699,0.0781502436031256,0.109338800071045,0.178414225674426,3656.94585973976,1,1
408,-0.5,-0.688053471787843,2.27519132724155,0.852828152023633,1.03015111413786,1.79077132018288,0.191768243043973,0.0482965355113742,0.0754064313956358,0.104245547905477,0.172007067684237,3585.37800018097,1,1
409,-0.5,-0.358565919941252,2.24655036840111,0.860043467203325,1.12363343091881,1.89003076769191,0.136746714888752,0.0484786777223958,0.0752446130017986,0.104166771371931,0.180061609157756,3582.20222582315,1,1
410,-0.5,-0.621499524981676,2.31651645973339,0.81353665891634,1.00329412494556,1.98846854207446,0.17109798553715,0.0470087397928081,0.0736633592174438,0.102984671455078,0.174612906174109,3597.82858564117,1,1
411,-0.5,-0.593756913240166,2.36845447569893,0.749173372558762,0.99907785554735,1.95887600528247,0.170267686359453,0.04570565535345,0.0710801920950689,0.105758676238507,0.174204790270128,3626.49334030221,1,1
412,-0.5,-0.406116041697115,2.30756905646228,0.789918507609791,1.11587649156767,1.91354024020739,0.13905334474631,0.0487330668078825,0.0754918979970989,0.10539512917724,0.178475217239054,3601.8895844749,1,1
413,-0.5,-0.54265340080502,2.4172412643547,0.5891605873305,1.05448459605621,1.87196273525657,0.169758514005042,0.046853347815092,0.075007159967133,0.105396936904858,0.17521852044676,3623.23019863803,1,1
414,-0.5,-0.488200526847198,2.26821708406001,0.875290239535378,1.12295679634501,1.87040809327151,0.146858727515831,0.0494325208492864,0.0742181168663699,0.106625847284083,0.173395466743876,3639.85617828533,1,1
415,-0.5,-0.650963686162812,2.26147775295854,0.861886128802417,0.969807549118564,1.95232692757887,0.178460895675552,0.046980755184768,0.0740728500136313,0.106719021336743,0.174073629780695,3593.02699918501,1,1
416,-0.5,-0.518772700502951,2.32121302144017,0.772175475316795,0.966401886436046,1.89659579495199,0.172092252326877,0.0458231706386263,0.0701309494635067,0.104488286652511,0.167247771511629,3602.89506275218,1,1
417,-0.5,-0.618880620635917,2.27599945970714,0.820479276674644,1.00388279139765,1.87781523229815,0.175083058735765,0.0483904960217316,0.0754546784612447,0.106266543136259,0.176217861889023,3577.67491489455,1,1
418,-0.5,-0.445074536038453,2.37076868414506,0.736237630870522,1.18041825028466,1.69438832421277,0.159160591734068,0.0476538108825493,0.0754147278735801,0.103738675362522,0.170386854894361,3669.1127637257,1,1
419,-0.5,-0.252757312188583,2.3191250601854,0.784016129365695,1.05572589827285,1.86061699113927,0.132686556803793,0.0463522007554729,0.0717114286576389,0.106146925208725,0.181903761725635,3605.66601048767,1,1
420,-0.5,-0.407951200852478,2.31124861180242,0.832744272078727,1.09714335612195,1.92348984982754,0.142898786840541,0.0481395942590216,0.0751100405592505,0.103905164404865,0.175865018011488,3632.6237420642,1,1
421,-0.5,-0.559913322954377,2.22534400565654,0.936121665539926,0.948723336971898,2.02638707003779,0.167705869460725,0.0474909198226096,0.0733789235686908,0.110362388906696,0.178047950990693,3610.26063565593,1,1
422,-0.5,-0.541477764562034,2.26696710958628,0.871526229588697,1.2057773056779,1.70298360586464,0.156816864389391,0.0502059802807922,0.0772755667374736,0.103048277829844,0.171333278100322,3623.63937928032,1,1
423,-0.5,-0.373213166738039,2.31740242904398,0.822543664014481,0.777721758821433,2.30906638011199,0.135024056429412,0.0442652909352646,0.0697785038464942,0.112961534339645,0.182322462990399,3602.01044786924,1,1
424,-0.5,-0.554103086482373,2.37758657904851,0.665191670154539,1.01550252755259,1.7981388949842,0.176573675753499,0.0456607675510116,0.0722995313105839,0.107113160331715,0.178074286717911,3618.29440863404,1,1
425,-0.5,-0.736100714137381,2.25440731502959,0.850411920415986,0.974337802069072,1.83304357734018,0.205695148174422,0.0465923734678632,0.0729625836942706,0.106505776430651,0.178708519097562,3568.65921255934,1,1
426,-0.5,-0.832620554082412,2.36045605573826,0.768826439863242,0.995119372275169,1.98972348573189,0.208689182978478,0.0471302469060226,0.0734049633050954,0.102639935194269,0.16898909151952,3648.00377186386,1,1
427,-0.5,-0.550741475368476,2.31623766067351,0.765991759503716,1.06967253808148,2.0695222463902,0.14301675760901,0.0490118980832,0.0778567196223378,0.102843803855829,0.167243892682993,3628.83009175325,1,1
428,-0.5,-0.791698233007732,2.33113302268893,0.761754076706767,0.907364826373379,2.11035814743833,0.193729469064325,0.0486963940911419,0.0757913843634173,0.108236085349242,0.175886236312691,3614.40271860731,1,1
429,-0.5,-0.4577600164521,2.29636597427573,0.854581734896787,1.04980455865763,1.91992958137117,0.152106274626952,0.0497381414137175,0.075937317872683,0.109031723150403,0.177794778289526,3645.35578485943,1,1
430,-0.5,-0.460207336884038,2.33199094864854,0.748321850059098,1.0953583740025,1.78895478919083,0.157327764845244,0.0484768915619284,0.0748070486341213,0.104687599773457,0.176964326244067,3608.7667703188,1,1
431,-0.5,-0.651514997278226,2.30334123241097,0.796116836487369,0.987171460518916,2.00042205765515,0.164996825636458,0.0470670254683581,0.0745763104584563,0.104992215129658,0.175791125726804,3584.81534260703,1,1
432,-0.5,-0.389416214898258,2.33551087272029,0.750743265695976,0.770490400010348,2.34821946754618,0.151796614169043,0.0454058798718728,0.0733256715558281,0.11252209789026,0.186781191579813,3590.79816338164,1,1
433,-0.5,-0.69626161228919,2.31910042847719,0.806088677207295,0.940410560190982,2.04077985556112,0.190358741391938,0.0470314099969184,0.0737417053247384,0.10974402596381,0.181707537510968,3615.98039047274,1,1
434,-0.5,-0.496179506808274,2.31601835698117,0.774908716062027,0.958677658126874,2.00937661293927,0.160800343616388,0.0454050231699794,0.0715404539637608,0.106388219730111,0.177148715646954,3597.76400747016,1,1
435,-0.5,-0.370309739902273,2.28316370038641,0.741424244055782,1.04067203984143,1.87809909004604,0.138579803133889,0.0479340696918463,0.0768175606921563,0.104818376277697,0.178082817560167,3543.33799140971,1,1
436,-0.5,-0.417007890320265,2.30735462528578,0.79950768292153,0.917114367364481,2.19093422458949,0.133747779180371,0.0472764387329201,0.0713186607513868,0.106943659706739,0.177476852923145,3594.617082173,1,1
437,-0.5,-0.668762697771232,2.27435045264818,0.821030870406178,1.02610214111689,1.80436362941417,0.198658889384599,0.0465218777685041,0.0734652278427081,0.104348642222711,0.175345015978588,3578.55885519832,1,1
438,-0.5,-0.258698394513692,2.30648802354478,0.79200981641115,0.948343704223391,2.1925807553574,0.121469581092535,0.047928726297612,0.0733182498995303,0.108707511586369,0.184337656309987,3596.35909338969,1,1
439,-0.5,-0.506013208156341,2.3456938585017,0.780991869585273,0.928546578999408,2.21397487105068,0.145742578577882,0.0458453913578359,0.0719681384138207,0.106416133275242,0.175778547218206,3622.69373216713,2,1
440,-0.5,-0.337377997128774,2.30416005543948,0.777287821814114,0.804929664721072,2.34784188603461,0.130479072375749,0.0463770190608763,0.072698414090162,0.112408401784567,0.179959677468102,3605.84084096681,1,1
441,-0.5,-0.352715137654001,2.35804543467682,0.726405555316819,0.999482078611828,2.13257094317977,0.128369859783749,0.0477155238513581,0.0738375930726331,0.107707767780753,0.18509690547937,3616.94232364407,1,1
442,-0.5,-0.468993363928674,2.27754008346101,0.796250885773276,0.948546047120401,2.12259806102197,0.145347712990424,0.0475122912940408,0.0728246519952051,0.106612878732958,0.185615459686433,3556.17248695806,1,1
443,-0.5,-0.314392299876157,2.25853957359435,0.848897147739891,1.00686065733463,2.09689302530211,0.123689300275079,0.0474521840564117,0.0737403820346173,0.106069250605725,0.179397088574113,3580.48371114335,1,1
444,-0.5,-0.239723926386014,2.21109810621725,0.921885474517599,0.866025427898195,2.3878527702705,0.112397111245053,0.0493888124659092,0.0752738107911267,0.111581921888038,0.185523004804383,3589.43131373064,1,1
445,-0.5,-0.618037653368892,2.31787276690731,0.778413256850712,0.827959326201143,2.23873693315683,0.155692964508165,0.045990075266696,0.0747562340506179,0.107903736882868,0.171568151979534,3600.07446927606,1,1
446,-0.5,-0.522653156277578,2.31492302983602,0.784850783629927,0.851523305041423,2.19437349575389,0.158021191694537,0.0456341344339843,0.0723606961417074,0.107997101921927,0.176490302776741,3585.55715319274,1,1
447,-0.5,-0.431041532899523,2.22659377646009,0.931749875745876,1.01467401755446,1.91242100691579,0.154273836340261,0.0473241773954293,0.0740656795757381,0.104593636144941,0.180847095487162,3562.78854886813,1,1
448,-0.5,-0.429570326761191,2.28344642612918,0.861703291278472,1.01425791398887,2.03696168022404,0.142001459926105,0.0487468207408056,0.0759160614673657,0.106914781227561,0.180652374792312,3620.10382834902,1,1
449,-0.5,-0.363047398088958,2.31818150694825,0.737723378412055,1.08514086440997,1.94097017200749,0.139090815246976,0.0475698884715416,0.0747109221333689,0.104303705087001,0.172936567635918,3607.71873560163,1,1
450,-0.5,-0.829338488860937,2.39950673145499,0.636199073322457,0.915663255503534,1.93371046300895,0.210117169250353,0.0443545283401484,0.0709041021275368,0.10533528178279,0.171675058133622,3589.01533410061,1,1
451,-0.5,-0.280917028837655,2.27623580757733,0.810556562040043,0.997560417241313,2.14126039498875,0.12207809409888,0.0492069455306616,0.0768493304595894,0.108689168264983,0.189443337894054,3588.04531886715,1,1
452,-0.5,-0.401160661154342,2.31348110001645,0.752477770443501,0.911073652167209,2.07246972206569,0.143425954336172,0.0460118924297828,0.0703324363025712,0.107842937634497,0.178136047048366,3585.72585344263,1,1
453,-0.5,-0.539483538733733,2.34468861704363,0.756904956888185,0.89892897409244,2.25790233554041,0.148780744647529,0.0484712530088743,0.0740774835799608,0.111746064805024,0.177843679330949,3641.10264242553,1,1
454,-0.5,-0.313175433766025,2.24572340162899,0.856049815236696,0.873943812570264,2.16187497006866,0.133554570154707,0.0467672919337072,0.0716785500206685,0.108749351267636,0.181263728935078,3564.40857075323,1,1
455,-0.5,-0.498002366727851,2.37133246808773,0.720896252846173,0.942801622033388,2.12919086600503,0.159092042200276,0.047081083210259,0.0725449480559938,0.108500725089682,0.188792341291733,3615.93950490214,1,1
456,-0.5,-0.479288233866051,2.29354636897232,0.823455487050179,0.942220609272437,2.08672494395017,0.16087503203689,0.0485605100782498,0.0736775258726903,0.107229678852183,0.182097015575155,3599.58142569417,1,1
457,-0.5,-0.397770739710871,2.33127401262422,0.776915034501646,1.3156074292045,1.6996649406808,0.130128041483495,0.0509461673543121,0.0808724223938982,0.104696128325684,0.16680665814308,3659.54951877587,1,1
458,-0.5,-0.530289088430077,2.36893463607216,0.720242870838333,1.04252253441238,1.96453666571528,0.167125796361335,0.047319333765352,0.0738885737504232,0.103912174580413,0.175972895274026,3625.44129402886,1,1
459,-0.5,-0.308686433407016,2.25795003106751,0.823354260192188,0.937165765762584,2.09256472968698,0.127772599477667,0.0482131444605834,0.0721442493918041,0.108917458099898,0.180957545907631,3584.12479895544,1,1
460,-0.5,-0.541459174786263,2.25260142810665,0.839069994398539,0.708736720436638,2.37169113153046,0.16234099268016,0.0469635190340703,0.0715122569310711,0.111645373823777,0.183825390476003,3552.2860357145,1,1
461,-0.5,-0.76156234683297,2.35022904050605,0.716165881793677,1.1121625048675,1.77429473905673,0.184553120754767,0.047036852543645,0.0747097203557069,0.102279694850439,0.171647337523122,3608.1409311392,1,1
462,-0.5,-0.501768061286594,2.31801670538131,0.792787186020571,0.910551102262032,2.15522473917474,0.155159161933253,0.0462370657140455,0.0731302067582801,0.109688494827545,0.180257446727869,3601.38978725867,1,1
463,-0.5,-0.186953010983625,2.1495359108397,0.994523826623371,1.05305206807353,2.09467545576912,0.115326567520792,0.0515910512431871,0.0769260788091644,0.106104337396015,0.185237117413487,3557.81185793633,1,1
464,-0.5,-0.599302901421761,2.31534212195356,0.805097872844836,0.958498661274511,1.94545304123184,0.180051499339484,0.046562914037283,0.0722785080653122,0.107595829266887,0.175416849191101,3615.88499757542,1,1
465,-0.5,-0.396130660057625,2.26470894192111,0.860132599985859,1.14207418967659,1.82482424284113,0.138428977531032,0.0485581208859974,0.0742934177537131,0.106290002782012,0.175453821520133,3620.41407949136,1,1
466,-0.5,-0.484499607374793,2.22240899397566,0.95352142033207,1.09398183748498,1.82552033726606,0.159315277321916,0.0490455855307518,0.0755749380717449,0.104691000367027,0.175572892745207,3598.16114907863,1,1
467,-0.5,-0.428169103315219,2.25650749087699,0.852431197049446,1.01675411585422,2.02969128027987,0.148983618024568,0.0501015053856596,0.0776974655447863,0.107702410754628,0.189856798432972,3573.09717952436,1,1
468,-0.5,-0.339368626341986,2.3075826581316,0.81430926151583,1.03012901029166,2.01594765595365,0.129278488590508,0.0485500251050074,0.0748867050621567,0.104455255062739,0.175470632885099,3607.70620710053,1,1
469,-0.5,-0.821545083306631,2.30852351375572,0.795543206892487,0.911852338951051,2.14431020747915,0.20285719330393,0.0476375967620498,0.0756855715227197,0.101352323617247,0.166699784203963,3574.61349718559,1,1
470,-0.5,-0.519915458314924,2.28160481065941,0.788656033406972,0.902958559890453,2.11890049716744,0.15277901497441,0.0475935665472296,0.0750637327763713,0.109460147673205,0.180262512081141,3566.88771443548,1,1
471,-0.5,-0.518971944431378,2.3464504766594,0.722456362236224,1.18652470998248,1.75248441318482,0.148464496432402,0.0494219974557686,0.0764613688200146,0.104849843122578,0.170902649710837,3636.83065232172,1,1
472,-0.5,-0.451659261993902,2.28355764171678,0.800446871568008,1.07422192060264,1.91639726469089,0.149660383325279,0.0493911725787753,0.0763934153418315,0.10403438251456,0.178440992479816,3582.4162771306,1,1
473,-0.5,-0.588644708256235,2.34279684268016,0.729771759034546,0.925450574328597,2.24100196808312,0.144597374091262,0.0472905457274619,0.0740975971494365,0.106050317259887,0.177614835382998,3578.35054576277,1,1
474,-0.5,-0.544192247502818,2.18613069526227,0.926240267903441,0.965242812423025,1.90843548886041,0.169098507901643,0.0476294880005589,0.0735235239458969,0.107418948575346,0.176827879150538,3540.95531354661,1,1
475,-0.5,-0.589441727772875,2.21133803486008,0.882291098776546,0.777645712821748,2.26946820577758,0.169537680745163,0.0482134507035193,0.0728742059209315,0.111491405195391,0.179466843307465,3560.33484728872,1,1
476,-0.5,-0.37284927721198,2.32137890983059,0.792570779870164,0.823471890264335,2.30097056286385,0.132764344475769,0.0466993741880186,0.0716847862188781,0.116637900191897,0.191145555116783,3623.12202943654,1,1
477,-0.5,-0.565070956603855,2.25205207758211,0.841030975083824,0.832806909159931,2.21890200586612,0.161998255382594,0.0472984678315156,0.0735205398091553,0.109606014729662,0.178928739683953,3553.47938469955,1,1
478,-0.5,-0.204318013735369,2.30092603898263,0.784065810886726,1.02202533059877,2.20584122180175,0.107677721010476,0.0493403967399159,0.0777554579479989,0.10964096052276,0.173390265756102,3638.25864351365,1,1
479,-0.5,-0.568974322314059,2.23129342903775,0.888416295013782,0.892044809511217,2.05405496458394,0.179996154829076,0.0476590662255372,0.07446724546833,0.109823865378915,0.181599769718152,3562.66017795749,1,1
480,-0.5,-0.512951650063305,2.29753295325235,0.843326558573555,0.944594709736592,2.11101170316268,0.15027108566215,0.0475605769128096,0.0728322208926469,0.106003096385488,0.17703357646719,3597.74353996626,1,1
481,-0.5,-0.404328478551518,2.28823148831548,0.847569947240737,1.25484706945994,1.67140228226056,0.145680044751139,0.0498906907093962,0.0762529564131191,0.103603412065639,0.175358330716009,3622.04158342123,1,1
482,-0.5,-0.359356919752441,2.36665971972985,0.725079813232816,0.89862741769969,2.32975112956853,0.12650899244089,0.0448315313516035,0.0703910069468643,0.108068130283726,0.184723713267189,3599.38823737987,1,1
483,-0.5,-0.484736359016119,2.30623577322553,0.79104176236667,1.21218306258885,1.7471629687841,0.146464705933415,0.0497925806326042,0.0771887810121894,0.104027738120326,0.175506815778388,3614.82340802601,1,1
484,-0.5,-0.294218503125334,2.37415587111295,0.684687806732475,1.19443124688097,1.98983298340782,0.115709600112011,0.0510028739741702,0.0782351448321052,0.105643329104878,0.182610445305115,3647.24029970527,1,1
485,-0.5,-0.406421392673193,2.24170776104236,0.948791423749607,1.07975935174375,1.94147751021412,0.142940974108099,0.0472334034312063,0.0732948409679233,0.102906952173471,0.170940177016163,3613.48802893807,1,1
486,-0.5,-0.54811382037334,2.34977210533499,0.68941871350965,1.06159960485571,1.80049028855943,0.169323679900398,0.0467080101675276,0.072846470056014,0.105310003578675,0.177212333799192,3597.92809550435,1,1
487,-0.5,-0.543319970340031,2.30797684745737,0.809502417801132,0.977027447637324,1.99404505062748,0.160565213996113,0.0469140433881097,0.0734267176483714,0.107027079366696,0.17334208244678,3603.19844190673,1,1
488,-0.5,-0.391450918493488,2.33001222887109,0.758659993916232,1.03691039794077,1.91174240547461,0.139328590413377,0.0461821117029484,0.0713371284965129,0.107201704382141,0.181057837709695,3603.77110478499,1,1
489,-0.5,-0.46102516608827,2.31292210509134,0.840136055247619,0.882134906255873,2.22258468474709,0.154306270256414,0.0453466292704438,0.0732545518127665,0.110944797612979,0.179441387649975,3626.12624787344,1,1
490,-0.5,-0.602673474557966,2.34520010613094,0.782687878523789,0.912379647839096,2.0816300371267,0.168781960021994,0.0470767772822422,0.0732638494809252,0.109766672477072,0.175495915559343,3615.80440556535,1,1
491,-0.5,-0.391198074961119,2.31530491644945,0.8194828838028,0.98489017671021,2.04020033192351,0.142476694735383,0.0464039082026565,0.0734756258822671,0.108642522075797,0.180664689162523,3614.89143528801,1,1
492,-0.5,-0.780710568029948,2.37757216605614,0.739185871246874,1.22055968202905,1.69887960739875,0.185313304662022,0.0481571415979917,0.0759946998548652,0.0999836942994443,0.167674757094003,3645.34595263207,1,1
493,-0.5,-0.226333855082062,2.25752290750872,0.909175602449477,1.04382035726366,2.01545962619965,0.117219680816013,0.0485865272557607,0.0741077775523589,0.109053951331835,0.183720970967966,3614.81212417981,1,1
494,-0.5,-0.360772512010327,2.24706905510205,0.898392773577402,1.01218759278462,2.08322264368922,0.132928319296219,0.0497427411598575,0.0765910154319687,0.107063376585542,0.182982975505059,3598.08398367186,1,1
495,-0.5,-0.259738216436392,2.34461986442946,0.759822646587316,1.07867007902038,1.97228535622143,0.121359997083655,0.0465871138377584,0.0724610436676479,0.110086108000203,0.175924732998093,3655.0440900417,1,1
496,-0.5,-0.236307576196729,2.32033880022073,0.759703766023465,0.925304443255169,2.3216272349127,0.116543638094184,0.0480923813389954,0.0743428051841474,0.110344505567827,0.177658748048879,3629.61064783594,1,1
497,-0.5,-0.229750853190596,2.34400451923978,0.777629434073229,1.00703908152876,2.08683596893274,0.117493168481711,0.0484546153132164,0.0748718343473885,0.110904845501573,0.184993756668084,3626.68039514211,1,1
498,-0.5,-0.761279844135699,2.30733564715494,0.795466883923593,0.879242085677416,2.0196078087628,0.217651326472769,0.045067526101712,0.0706502992856225,0.10569355054458,0.175551999933681,3578.70739383942,1,1
499,-0.5,-0.553684946073067,2.29395807776853,0.832202819648403,0.975989436077299,1.99806904586249,0.169115530196878,0.048264379898921,0.0739550224332217,0.104986183192019,0.175645631619657,3607.2351187253,1,1
500,-0.5,-0.57989686688417,2.21840278504428,0.849698942631212,1.02482003618882,1.84883626318322,0.17383828467917,0.0480553441998124,0.0743104185264626,0.106411123545882,0.175614536544468,3558.59171787928,1,1
501,-0.5,-0.450394349812289,2.26044272254998,0.787155285666746,0.933695807093233,2.10054626093804,0.148907534715834,0.0489792355599084,0.0749237949243202,0.10754478014019,0.176809273402405,3564.97551408058,1,1
502,-0.5,-0.463407557578769,2.32165060567732,0.711835705822257,0.869797725716934,2.04235406034644,0.16090947172741,0.0462684815549822,0.0734033681819812,0.111087589381601,0.186213470113199,3550.70291137587,1,1
503,-0.5,-0.553697612827161,2.30257362743409,0.812475973691598,1.04642772467613,1.92422241630224,0.16365212986469,0.047343893880323,0.0740930214350713,0.105397718503718,0.175158920498689,3606.40319150272,1,1
504,-0.5,-0.382051404064834,2.26564630759353,0.800471936845726,0.866255657851449,2.04809972315958,0.157561120564535,0.0456714226867714,0.0707019451744184,0.111220239636259,0.190196394546139,3557.45614499342,1,1
505,-0.5,-0.538503285232352,2.26943986167455,0.818180830778181,0.943209669865971,2.09278098952444,0.153216795721213,0.0483160622414499,0.0763060496927044,0.107610122404393,0.181953009997053,3563.61342260175,1,1
506,-0.5,-0.763039129239247,2.29531908990288,0.803205682553147,1.13738643431511,1.56568519563109,0.230653401550261,0.0475358089796365,0.0730391689745726,0.101291889629997,0.169186419018545,3608.88244841103,1,1
507,-0.5,-0.494675621240608,2.38330126015641,0.662135500986599,1.04621499283141,1.91411993089812,0.142033245025104,0.0478613654976312,0.0756853639911804,0.107351132233005,0.174317285935676,3624.73152811436,1,1
508,-0.5,-0.315489955107461,2.35907414418077,0.720546076654888,0.994419997620636,1.99859396730998,0.149341069120326,0.0460153567394305,0.0715133821060462,0.108800483915162,0.188909592800355,3624.48041048542,1,1
509,-0.5,-0.525935571014263,2.42000214711977,0.615770410030109,1.04777427675346,1.8909889647024,0.152043077820284,0.0458566754176417,0.0750020466152021,0.107004155463703,0.178090624854785,3610.23386717649,1,1
510,-0.5,-0.922740575068997,2.35715271748838,0.697086634479152,0.973656139467194,1.79572871728015,0.240934849421412,0.0463117488025778,0.0731086353302494,0.104035692047397,0.171456930548985,3598.21621680618,1,1
511,-0.5,-0.548143704916252,2.23925951629553,0.884135177035528,0.96451326342459,1.93203616835243,0.166135899902587,0.0491839904663778,0.077015171018365,0.107710006376784,0.175918886295703,3585.36588461494,1,1
512,-0.5,-0.515749909647086,2.24086380128221,0.946179124625037,0.796952412394075,2.20339333486859,0.171614987671938,0.0459384306410024,0.0711903687370895,0.109116771687737,0.174125936471377,3597.78358560878,1,1
513,-0.5,-0.38468159290764,2.22668217518992,0.879285020741805,0.91904575435766,2.06070808637546,0.138200159621708,0.0474859064051709,0.0755077184649398,0.110655326558589,0.178116946656606,3570.56720973515,1,1
514,-0.5,-0.744334454904291,2.33582863983095,0.740342208762808,1.02980722951189,1.78152976324083,0.207122535434403,0.0455634543622569,0.0720995872275526,0.103834912466697,0.172614689347784,3592.21234918607,1,1
515,-0.5,-0.597991245011121,2.26981405889496,0.755212704411022,0.950151014770104,1.93392052804635,0.177850991970991,0.0481870229730929,0.0738729707798552,0.105030716077804,0.173965762922037,3558.08900215792,1,1
516,-0.5,-0.49028957883166,2.31785330140275,0.819918536338911,1.17822834344276,1.72916263803073,0.159023164781892,0.0485598276352879,0.0763875751759629,0.101653481195246,0.172715412372318,3633.08834953889,1,1
517,-0.5,-0.354172991152139,2.32538322840346,0.74441487973558,0.956055701629348,2.02736583273688,0.146389046199213,0.0458365968738694,0.0713097609106055,0.110354114155364,0.185033497506731,3605.35075440807,1,1
518,-0.5,-0.637710206411014,2.37696474809998,0.661237098448976,0.771614611755377,2.30334846775638,0.168264149295816,0.0460472200993948,0.0727367199894594,0.110141068405147,0.183371431524559,3563.64833723891,1,1
519,-0.5,-0.54208587676238,2.31117245810774,0.814106353612799,1.1278777811273,1.74315768095287,0.161232739490542,0.0467570035708415,0.0721502698159386,0.102065474086342,0.165717292376653,3630.56649731626,1,1
520,-0.5,-0.60535208997709,2.26776163170472,0.837614604557634,1.12438377688095,1.80510951558901,0.171418983383148,0.0491884280345403,0.0768821663481415,0.101678219551453,0.170558393988845,3571.96011709328,1,1
521,-0.5,-0.582098981639841,2.2551549444175,0.836489458516336,0.901806366325506,2.16852077733109,0.162502600265083,0.0471547934756708,0.073666578773662,0.108615142699142,0.182820184700407,3539.63161333771,1,1
522,-0.5,-0.428399586082562,2.2490963813906,0.839125404917101,1.09553563019255,1.93505250596738,0.132915719168185,0.0521432236425615,0.078652609769256,0.107355681220701,0.177827156929622,3600.45882913413,1,1
523,-0.5,-0.332839948261972,2.30900675532903,0.80479792271437,0.89905181852096,2.01896115424501,0.134274323123815,0.0445851585412136,0.0714495314962918,0.111862396926079,0.186236536650556,3585.35964948855,1,1
524,-0.5,-0.657340142361747,2.26076774864525,0.812857375812587,1.08999197924008,1.75334260153096,0.178254270219923,0.0472943997263961,0.0742408267550808,0.105110760671079,0.1685143948275,3595.99127445306,1,1
525,-0.5,-0.544144954240845,2.28690458651571,0.857958694474443,0.840138987121454,2.30891976658047,0.152051456806008,0.0466850393591813,0.072700682818688,0.109272718933534,0.185920393687283,3564.21638655287,1,1
526,-0.5,-0.635171123033615,2.30668766965804,0.794594213064876,0.988483890563823,1.99894947500113,0.176081649252068,0.0455912714337288,0.0719285204916968,0.103988211657846,0.173469827452864,3575.26471452575,1,1
527,-0.5,-0.285100938702438,2.31462587412524,0.811034111824373,0.99420352264781,1.92544280768567,0.137413887707134,0.0460067915277799,0.070469484918564,0.108232400518925,0.183008881081913,3609.13422484574,1,1
528,-0.5,-0.515925045672083,2.40272132655531,0.646427194780573,1.09841646678242,1.88485641700215,0.15167649739711,0.0470491569660649,0.0747564801120727,0.105532253756746,0.179749672780955,3624.41901172705,1,1
529,-0.5,-0.568395507445329,2.33759611418687,0.722705355441667,1.16993685044124,1.71191623309366,0.17001391353377,0.049309867213402,0.0769637196668009,0.106330255153166,0.176472703365636,3629.1808947228,1,1
530,-0.5,-0.567146274413001,2.2205906534327,0.878636560184745,0.866570862935693,2.18292764642752,0.178076225364629,0.0483451305522051,0.0745958154152128,0.110049192892401,0.185882524625331,3553.13279848493,1,1
531,-0.5,-0.455608038624409,2.28726958570384,0.845735449613899,0.904203718883005,2.1557568769034,0.148376775337787,0.0472227779696904,0.0737355886003167,0.108050920157088,0.17531634229718,3597.05592486777,1,1
532,-0.5,-0.656916143188185,2.28487698870863,0.827001306922277,0.977641435022811,1.93320728042013,0.185546038287351,0.046908486692085,0.0727783549449473,0.106249795103292,0.174435369621359,3596.33373061227,1,1
533,-0.5,-0.491015518767644,2.25843575243043,0.870300573461488,1.10765576171004,1.92038282077791,0.152952871008399,0.0490283226757542,0.0746112943881749,0.104001123222886,0.174752560056327,3604.01016213033,1,1
534,-0.5,-0.223350905812507,2.27933011253502,0.794353075227764,0.856590938262796,2.2569715490163,0.125685243531784,0.046948244632965,0.0727006624145274,0.113173605922717,0.191781992010722,3573.63085941604,1,1
535,-0.5,-0.261522657748342,2.30346898985319,0.80420033814725,0.91320424839961,2.20831845776025,0.129444117991282,0.0471574521797484,0.0727890175168865,0.11177685377314,0.189783883199333,3598.96365758325,1,1
536,-0.5,-0.286165942207856,2.3599164015747,0.752569908207678,1.08560356008427,2.04364168628564,0.127675320548787,0.047909738742185,0.0761634614963687,0.104383047338628,0.178995073264559,3638.15205285604,1,1
537,-0.5,-0.462329341978788,2.33856873582452,0.753710620219734,1.02935093382612,2.06417731732047,0.151598501270554,0.0484584699882503,0.0760811436511578,0.102967461464632,0.169490879252013,3625.07195047265,1,1
538,-0.5,-0.507547538173607,2.28752966887545,0.796235033609521,0.843239731299591,2.18715508875107,0.146915113383053,0.0470054019268203,0.0731282523543816,0.111311634248837,0.180402216689487,3571.44422447318,1,1
539,-0.5,-0.956876484539944,2.36079780313466,0.708213123930914,1.00511072269404,1.77006516972451,0.241616863646806,0.0452536037162091,0.0722338109994068,0.105529857873669,0.175352619782695,3596.17067223665,1,1
540,-0.5,-0.415530391319996,2.2628364087437,0.832017335832251,0.944909972169951,2.12976375852594,0.136096686252915,0.0469551674708725,0.0761038287821188,0.107400638981301,0.172262412688207,3565.19214057853,1,1
541,-0.5,-0.444699651069581,2.32183143684825,0.73665751670137,0.949618845841624,1.96225816396967,0.157664461646036,0.0461267630958921,0.0716158165354803,0.107835095532573,0.174762916032842,3613.98180552998,1,1
542,-0.5,-0.624087808531828,2.37642202793462,0.706691139877413,0.897495120615325,2.1756578308712,0.160572040015765,0.0469432857098859,0.073353611928795,0.109148029354766,0.178501089031267,3635.39441705411,1,1
543,-0.5,-0.391852064268499,2.34507798869116,0.753103233435251,1.14573443402883,1.70961981100177,0.14398429000513,0.0465906733440134,0.0739356989629183,0.108287649684894,0.177175371275465,3637.78050053864,1,1
544,-0.5,-0.37935504004781,2.27558879327385,0.807931037981565,0.934736342458118,2.17184240212121,0.14329142614081,0.0478814073043611,0.0737827897377718,0.107379972657663,0.18250455849714,3578.54883920109,1,1
545,-0.5,-0.42997691497142,2.31212552579438,0.798240608922261,0.905633695631996,2.09313160293625,0.152328042342368,0.0460390013347058,0.0718919989407523,0.110483308516566,0.190564476722096,3582.03197896064,1,1
546,-0.5,-0.601484148884974,2.35772249602309,0.713973400275582,0.973595478555483,2.04460331774956,0.157708020374961,0.0470919088173275,0.0746701601263461,0.105334963794894,0.167411473924911,3622.04792036004,1,1
547,-0.5,-0.357555189690121,2.27848725757212,0.789280157947957,1.06189122787346,1.90737316920719,0.136932813900987,0.049303533508613,0.076231173340404,0.111094390024641,0.177127192017092,3619.10154155821,1,1
548,-0.5,-0.452634626936702,2.27166166252874,0.852242015912165,0.953192801175443,2.04108924898735,0.158623069043828,0.0486372405631807,0.0749080495845923,0.105904146965994,0.183241430388086,3578.07488434201,1,1
549,-0.5,-0.604491243853888,2.3155685013209,0.73063789669925,0.848466657045033,2.19567653514508,0.16748556712483,0.0460667255280184,0.0738612146267706,0.108152139482332,0.183083145053779,3547.25026092947,1,1
550,-0.5,-0.406671520608534,2.28346992764361,0.763101958601516,0.874115227343175,2.23304261142294,0.137670504594115,0.0480907184608592,0.0760177435362104,0.111234060670249,0.184690448220992,3562.49559247477,1,1
551,-0.5,-0.269852618770256,2.42350889193249,0.588473487023641,0.939701437883357,2.05761327168628,0.135908922749241,0.0447806808409508,0.0704326589036772,0.11057823467251,0.187234687046287,3602.67971860755,1,1
552,-0.5,-0.86987899795892,2.34185350323703,0.788815093756926,0.956388984235242,2.04673081483042,0.204480021754506,0.0459846732427681,0.0727706077493909,0.101534896834945,0.168152927650064,3619.54288687706,1,1
553,-0.5,-0.575393402989826,2.36452474420153,0.690124191533685,1.15473644726025,1.61598345566145,0.182347093406006,0.0482385772200458,0.0737285992702634,0.105353698554077,0.171542327829863,3637.39113242561,1,1
554,-0.5,-0.47489734310522,2.28048772505885,0.807417783505571,1.0277579817085,1.99715108524465,0.143549748675302,0.047505044151766,0.0749681069851867,0.106008659927102,0.172852329944941,3596.01445763914,1,1
555,-0.5,-0.714025843227156,2.31155879153502,0.758520433390336,0.92093795006562,2.09765317803186,0.183833193514942,0.0459976269400922,0.0724172456924401,0.104607662624565,0.18181667443063,3559.63258345963,1,1
556,-0.5,-0.501860354737539,2.31499360124222,0.767014392539359,0.990138503933047,2.09556560745396,0.161830917227987,0.0483216947497221,0.0752413161189059,0.105580250796913,0.177229459447825,3598.7849558802,1,1
557,-0.5,-0.613025643958368,2.3258238843778,0.782934647616992,1.09408741030367,1.84277590964219,0.174462330296157,0.0482750784286218,0.0756796061626845,0.103598378903644,0.174826472502708,3622.44910697315,1,1
558,-0.5,-0.657147933132073,2.32741793657807,0.771549315229892,1.03300832323744,1.97979380466058,0.16261237291677,0.0475028263421472,0.0766570014892555,0.107420081953687,0.173304188660065,3599.45600866881,1,1
559,-0.5,-0.312244771300943,2.2492503249867,0.851028710078888,1.13519386379905,1.68818798853495,0.157391177466094,0.0474487553870948,0.0731522561598069,0.106300216211694,0.176251110199204,3595.32955537569,1,1
560,-0.5,-0.404480002683455,2.27233759932567,0.827627622624207,0.964219211882881,2.07250208210462,0.143588103646413,0.0487329224471014,0.076001199280769,0.107683630746909,0.18195952597811,3581.92212922966,1,1
561,-0.5,-0.53402352840147,2.24599087522635,0.829815600172258,1.04238969362483,1.90897623426626,0.146673540093326,0.0495267317272358,0.0761457546652274,0.106297326275373,0.173016835625463,3571.99359636535,1,1
562,-0.5,-0.612159431529725,2.34301030362119,0.765618141825583,0.85571031281887,2.1127150438529,0.177337684918171,0.0453036084981151,0.0719844930507338,0.109395412085644,0.182141979983446,3586.69060098013,1,1
563,-0.5,-0.508796242795043,2.26268976015194,0.808271499648666,1.09640150851314,1.76040230432134,0.163822158907348,0.0477377118050497,0.0747465945714242,0.103557870733356,0.173411878768863,3570.46216765633,1,1
564,-0.5,-0.37918546003987,2.29481583943935,0.815048905599613,1.10066939813191,1.98727671519867,0.13421771590151,0.05016362442557,0.0768729874083761,0.106726786907443,0.179278754934553,3612.17517337959,1,1
565,-0.5,-0.525849928294662,2.32167648240869,0.756889740147432,0.927898152216603,2.11882519340561,0.153141268308807,0.0472979439545426,0.0730630865844807,0.109403726979702,0.179425686792301,3603.60705762427,1,1
566,-0.5,-0.275842723496374,2.27575954512297,0.800480600813719,0.966347230133503,2.13737576730431,0.129900763816308,0.0479787970017633,0.0759188597785911,0.107993301703569,0.193200139606658,3557.02979314418,1,1
567,-0.5,-0.631474617626883,2.21796265110093,0.948846298879043,1.06147554366991,1.93743512682406,0.167026111248709,0.0498887977760477,0.0767305266537315,0.105031972592465,0.168543757064071,3608.25596393936,1,1
568,-0.5,-0.63080662654826,2.3262558397104,0.762576782886047,0.917910616066435,2.15065887114317,0.161455653404052,0.0457255003382954,0.0716871476649366,0.107172642469044,0.172204667948988,3612.91118360316,1,1
569,-0.5,-0.486352721044653,2.2957648248621,0.830702606418405,1.08189013615492,1.8674195433431,0.149578699458284,0.0480880126972938,0.0738811693434196,0.106936264867666,0.178297008935336,3620.42123824121,1,1
570,-0.5,-0.577060836167759,2.27618037523228,0.799393998586679,1.07362875998013,1.85855070217278,0.160443680035283,0.0485587887462396,0.0772889352977517,0.102376850691316,0.176632641443638,3561.10086538741,1,1
571,-0.5,-0.541757368436549,2.34353625416194,0.722308527996343,0.927558121664908,2.01883554768465,0.171255901861627,0.0452038517534412,0.0717911860141783,0.108178255951056,0.18517936797462,3571.5062105296,1,1
572,-0.5,-0.464954812431149,2.25227533374859,0.850138373900801,0.978914723157007,2.0668045579078,0.148582684591694,0.0481827796058192,0.0741846260971243,0.107021248073554,0.176720393292602,3592.81932314485,1,1
573,-0.5,-0.600136794649815,2.34384047296197,0.725896686592175,0.973751258455107,1.89865364439607,0.16990255950582,0.045472049733457,0.0721180598454787,0.105463109201706,0.176149078809121,3576.10808488277,1,1
574,-0.5,-0.615004580013411,2.36379798983983,0.718565005348537,0.965581681620402,2.02790842299869,0.172452916766253,0.0461705661695523,0.0729078023197683,0.107160760148629,0.176427369093841,3634.41781924994,1,1
575,-0.5,-0.675260490955007,2.24098375992676,0.96368260645954,1.04420063085046,1.96103003003657,0.170888519091538,0.0478610917637909,0.073130764560327,0.104780404373994,0.171333120034275,3623.7905458282,1,1
576,-0.5,-0.636975867521201,2.38948659805453,0.586489808053911,0.962843988273461,1.99032601717547,0.167792093115035,0.047634583037563,0.0745148382780727,0.107553368222521,0.176090012011669,3593.60444168451,1,1
577,-0.5,-0.708326464731901,2.33396786888886,0.717622602040045,0.998486809465542,1.92615774782645,0.183190129520697,0.0480549541122937,0.0761798261063088,0.105092676930313,0.174806873254742,3581.56367042126,1,1
578,-0.5,-0.404395575094292,2.32368710512285,0.8126605874974,1.21277147181869,1.81837580620482,0.134286433000025,0.049733526524691,0.0776614530851248,0.106182816909054,0.169914669698366,3678.98034886633,1,1
579,-0.5,-0.186239906818997,2.34352073486874,0.721095876460725,0.819149460781112,2.37938914853269,0.114188428438598,0.0455745786571012,0.0713783782331057,0.112132215186845,0.188504682125568,3596.09079913809,1,1
580,-0.5,-0.431539871487241,2.23074806773773,0.919015617937306,1.11484979168209,1.76235030205887,0.155087464863325,0.048152247852213,0.0741568091413532,0.106706426086539,0.18094203143852,3598.4722356337,1,1
581,-0.5,-0.33739841055624,2.28952901989495,0.776362761925872,0.797091656923813,2.32061484768997,0.130773728627578,0.0470936656615282,0.073339715257732,0.112981411792701,0.191695321007428,3560.14928281764,1,1
582,-0.5,-0.418740846109595,2.3114996551402,0.822593457295403,1.02868689778546,1.95029846662631,0.150574455557273,0.046691418305919,0.0729155659571979,0.10740618710216,0.182208409584406,3624.69836248026,1,1
583,-0.5,-0.40558908331477,2.25425675634345,0.857199776366955,0.863470624150833,2.27898372273107,0.143419654404483,0.0478925626917485,0.0743883205641696,0.109199111561632,0.182453571735138,3558.30716458198,1,1
584,-0.5,-0.619913879982507,2.3598780233089,0.711700916756832,0.888938920881558,2.16464884194103,0.158301357673923,0.0461790160782286,0.0727297639646471,0.105658279474965,0.17552493969714,3583.30474210874,1,1
585,-0.5,-0.419438707966923,2.22055363384543,0.965457843199457,1.01012925692233,2.04448963991863,0.145365457743386,0.0482878028616546,0.0740664158915536,0.105666217399062,0.184192814675154,3575.53528958303,1,1
586,-0.5,-0.512140007304952,2.19842509590852,1.02735585577584,0.956107524802147,2.14316823727485,0.153526896070748,0.0489477835693237,0.0760171909369934,0.107474278570705,0.180055308164867,3585.62566522114,1,1
587,-0.5,-0.467299900518576,2.2755732651202,0.816919779539821,1.06202310858504,1.77980209647689,0.163824592497115,0.047089945309396,0.0741749775619066,0.106403537665241,0.172829272745777,3593.70814324489,1,1
588,-0.5,-0.442514980174437,2.36340363663928,0.770259926606204,1.1347397657366,1.86368345098862,0.157935978659065,0.0486457851582304,0.0746957122324841,0.101512241118785,0.176320524765972,3639.84494843843,1,1
589,-0.5,-0.418583143018691,2.34054767461498,0.773523395109448,1.02183091114536,2.02653388742679,0.140506818886705,0.0474215984532884,0.0752327235011077,0.105951342029699,0.176390022458897,3621.09967396572,1,1
590,-0.5,-0.533520279572778,2.30733647537469,0.824526163112244,0.948936824157907,2.15769456855879,0.159138310102224,0.0473325637885652,0.0734160779346764,0.106593441367089,0.174985334690725,3619.70351241875,1,1
591,-0.5,-0.576664674783707,2.38268967057458,0.655986397123879,0.946999564938868,2.10835194879643,0.165194021291821,0.0467383257404592,0.07379971203135,0.106880156943382,0.179254567357452,3609.92985082322,1,1
592,-0.5,-0.575241833207278,2.2708541971836,0.850179331504077,0.986323671140945,2.01681215128475,0.166943766170346,0.0489245552242635,0.0765957446591339,0.107763630442861,0.17125062023104,3614.64557699667,1,1
593,-0.5,-0.546290308935299,2.30610136886949,0.836541516049774,0.79164128521782,2.26064541588167,0.166177488127486,0.0441628535537742,0.0688286333119773,0.109187084621618,0.179915446962329,3598.94021695462,1,1
594,-0.5,-0.532495030760153,2.30738770456741,0.805879370109776,1.07748026642277,1.84713309981349,0.165076324364678,0.0469036404720334,0.0739868137979917,0.105514960081735,0.169904666198734,3626.99774183635,1,1
595,-0.5,-0.338603231623398,2.27376150471577,0.804650017910013,1.13186188139004,1.65526162842018,0.143482846399625,0.0487805561919765,0.0766291336206297,0.1084748080181,0.177461314172971,3597.2382176342,1,1
596,-0.5,-0.468027890529456,2.33548189364431,0.696166320932622,0.891421547756306,2.22327844877052,0.143240823822934,0.0483538751776393,0.0757584222992568,0.109574516987315,0.183424575259646,3562.08836970357,1,1
597,-0.5,-0.161819656828171,2.38789469508546,0.668303817551139,0.928625136403948,2.38184033119354,0.105121598295411,0.0469940821333193,0.0736412507176964,0.110340929218461,0.190290808533034,3627.40700873561,1,1
598,-0.5,-0.719832763498297,2.34051984072964,0.728232500674592,1.10743016169343,1.73839559914449,0.195639134192193,0.04790138590717,0.0743907288095051,0.105169960972237,0.174320724050986,3609.83156585042,1,1
599,-0.5,-0.428230946361964,2.35591098740057,0.73948258370082,1.0293317218756,2.02403569051108,0.139504996205783,0.0480720083113863,0.0750257894385404,0.107899356243087,0.175933508521835,3631.70994837038,1,1
600,-0.5,-0.664501724456639,2.23092104164342,0.90552471270996,1.07883917984772,1.77479160219677,0.177699600747514,0.0494274828675632,0.0772039815328458,0.105067305690562,0.173932846814936,3565.59233348529,1,1
601,-0.5,-0.681670482323799,2.17048882031304,0.961805943391908,1.02395342328328,1.75051850906889,0.190674303348676,0.0498924181198575,0.0758095644045774,0.109344762085952,0.181829012054388,3557.9438673177,1,1
602,-0.5,-0.493902943118804,2.28211330846956,0.883269913598297,0.878577042441692,2.24506945573062,0.145937471102219,0.045724159776254,0.0726754506183687,0.106963394109235,0.174956308229781,3602.44659728294,1,1
603,-0.5,-0.477302531943964,2.32747292108366,0.753880166383721,0.968534000061251,1.92395421795667,0.17190623577725,0.0454361069552711,0.0725039439090617,0.108406047965952,0.180197607581888,3593.06004927697,1,1
604,-0.5,-0.480372756304027,2.30645617743013,0.832184045174474,1.01206504997765,2.02500440726522,0.150199412850466,0.0488504137495752,0.0753004791608736,0.109907710525176,0.173217017564773,3658.27457019057,1,1
605,-0.5,-0.60370427533468,2.36312756561619,0.732553671296666,1.14481214796698,1.80495318191763,0.164458277551863,0.0474160061435566,0.0731736983701655,0.100516937589749,0.166904063020051,3647.82824182891,1,1
606,-0.5,-0.61288864580674,2.29024486184683,0.841606412160971,0.960355041116456,2.07485617541595,0.168126392745688,0.0477228181222291,0.0726352547295461,0.104404106960426,0.172740770007659,3613.05143169708,1,1
607,-0.5,-0.506554966567388,2.25366013022262,0.860632068084932,0.948642619451022,1.91599925981876,0.169091338402585,0.0464452069898417,0.072686172387971,0.109277251977973,0.183539238929848,3566.4062243002,1,1
608,-0.5,-0.27653892985715,2.33747716299601,0.712397727201715,1.0100507844211,1.95391020905278,0.138460545714692,0.0465410936019809,0.0731713859654546,0.11115384041026,0.181575734377667,3605.85088180907,1,1
609,-0.5,-0.715806415796515,2.35260741236478,0.713404076852642,0.912807189519154,2.09452426167439,0.187732629004976,0.0453647798111663,0.0736577650849658,0.105778860963777,0.173740420986639,3588.99457496498,1,1
610,-0.5,-0.533602440200179,2.28733910040983,0.848422231701559,0.855537692532067,2.21493426231246,0.164251909621059,0.0456630161544204,0.0699450661869635,0.105551942029482,0.179398189598699,3582.94931970168,1,1
611,-0.5,-0.351082838159167,2.33189858156299,0.762582229103251,0.995541735536309,2.07207171464577,0.136296642109872,0.0483583339670807,0.0745841058761024,0.105207959986203,0.175854825481362,3620.25704898394,1,1
612,-0.5,-0.663535491105939,2.31223153899235,0.790234528336446,0.900048220429539,2.06573245737353,0.177447583579963,0.0475159160056304,0.0727837322498544,0.107308246141727,0.176473627686358,3603.21824591012,1,1
613,-0.5,-0.473394296768372,2.29320000429784,0.811680171869416,1.03132413466039,1.93982080966206,0.157065541380803,0.0480775368942501,0.0734345392770915,0.104989215536622,0.172949075325988,3621.45402629898,1,1
614,-0.5,-0.497762553530658,2.3954038786485,0.69683777157934,0.782075116621808,2.46100659695104,0.14502252035191,0.0452273850287851,0.0710245339304027,0.109028895598754,0.184471905436401,3599.49309419616,1,1
615,-0.5,-0.80934910607598,2.32786113620231,0.781758967430592,1.14875102934569,1.59006190135569,0.210530690256176,0.0466891971268339,0.0746096911940058,0.102392248948954,0.166177656068707,3619.88637921854,1,1
616,-0.5,-0.305169934530154,2.28052538012372,0.874427660867471,0.932404791586445,2.21675385710396,0.1294365405538,0.0473919778512861,0.0735412076955357,0.110890682997576,0.18646386688267,3608.49717093174,1,1
617,-0.5,-0.5917425692127,2.28298179994139,0.841158248914863,0.980651750108839,1.96622333291627,0.171399362450118,0.0479671125783424,0.073342544154723,0.103638712039106,0.167690120051724,3613.74597716259,1,1
618,-0.5,-0.351102095952512,2.31919429244561,0.795032110352314,0.932670173553021,2.19594589639535,0.139394080844688,0.0467480602164724,0.0716730859885852,0.107543547408904,0.177235840058404,3628.23439191095,1,1
619,-0.5,-0.623421894661442,2.39051740240247,0.621001220958829,1.01810519391061,2.02347919997218,0.159068085325438,0.0469435344560628,0.0743176858023458,0.105568926872686,0.17237127242404,3603.64285252543,1,1
620,-0.5,-0.724748425434709,2.31839314229213,0.752375129323408,1.23939833037601,1.52131826847523,0.207095471540851,0.0496848101198229,0.077132255383855,0.101884233256132,0.168200782941347,3630.0504958751,1,1
621,-0.5,-0.574558362366752,2.44059340525996,0.621061988298243,0.955902401226126,2.16106463820079,0.15935392219903,0.0444170665081387,0.0706592024239336,0.102895825444478,0.178019697727334,3603.7392052049,1,1
622,-0.5,-0.551361059134367,2.37200624616792,0.681666879090885,1.04977458260271,1.85498750299454,0.164249194187249,0.0462810091784748,0.0726361589020893,0.105127552522998,0.173212545161596,3618.64497321888,2,1
623,-0.5,-0.409924387780844,2.26513610984021,0.839735410740805,0.956092788336703,2.17703274327573,0.136391983230068,0.0482607851182667,0.0740691170313843,0.107368246141015,0.181123887998798,3581.89017807371,1,1
624,-0.5,-0.25632930249722,2.3024731556696,0.836272655674955,0.957677939118346,2.31939536516516,0.114448048542508,0.0478529728713327,0.0742389480818373,0.10803672089499,0.188823436701444,3586.10423290096,1,1
625,-0.5,-0.565466080727335,2.3483117991231,0.746004665268876,1.15953817407573,1.72607594915594,0.167886564946237,0.0489081575913229,0.077494631723907,0.106358287219438,0.172899768243183,3646.05442107111,1,1
626,-0.5,-0.577943785428485,2.28601232213909,0.777073129875859,0.936189241205524,2.0431780155532,0.161641456938522,0.0462474493158544,0.0732919443006625,0.108134077699847,0.176831148089802,3563.74754931981,1,1
627,-0.5,-0.696156666016964,2.24829531973113,0.923652790600669,1.11468359504721,1.62545675613077,0.200397592696246,0.0463263071179727,0.0722593243357886,0.105166789824823,0.166333407127237,3613.67300496669,1,1
628,-0.5,-0.74564887246065,2.30663131873748,0.809272968126161,1.0451844726914,1.93176629523742,0.192836988769159,0.048205128786953,0.0747155391200369,0.100908199770317,0.166203163506156,3623.73779819142,1,1
629,-0.5,-0.484429054581635,2.27507879945533,0.854630439004778,1.16443034442836,1.74645195986192,0.160117166712524,0.0495377541390337,0.0769844824255723,0.102146959933979,0.16774743649752,3636.63441538555,1,1
630,-0.5,-0.53394447080344,2.33782547109005,0.731647177161878,0.924641993282109,2.10550334048075,0.163011845770556,0.047835133974363,0.0764388887819884,0.106962816828156,0.177335846303461,3598.75932309584,1,1
631,-0.5,-0.679922347293298,2.20094984267178,0.949008443618255,0.961777456997106,2.07070922972453,0.17342903228442,0.048357732334258,0.0742224894809444,0.105264122669386,0.179744163615821,3560.90839036661,1,1
632,-0.5,-0.398829113358854,2.266045141495,0.810454028660808,1.04256841180376,1.97861260560146,0.139643693946288,0.0490385744519105,0.076821361660283,0.110078717994328,0.18065111746177,3592.41350499753,1,1
633,-0.5,-0.412064829430119,2.30242095185457,0.839710674660717,0.975330552857807,2.01103051387467,0.140778470200391,0.0459883295943611,0.0734224554482854,0.109411877166599,0.173596890551961,3638.82959574646,1,1
634,-0.5,-0.631104504645322,2.25411502550933,0.894516611336085,0.806298226446297,2.29273421837967,0.174613386403429,0.0468465501235884,0.0730271948914198,0.107871338015156,0.176455424153206,3583.86362956576,1,1
635,-0.5,-0.463075408818279,2.32289091087541,0.742592154012255,0.956820727921143,2.0871415381046,0.139460489272052,0.0483005502402729,0.0742501172441098,0.110044049015381,0.181836934708971,3592.24911430199,1,1
636,-0.5,-0.52970054331419,2.34495583087259,0.72780640293131,0.903786401165788,2.19497021434395,0.147550363907018,0.0474421511246461,0.0728300656473144,0.108341148547342,0.180328380176663,3582.66056439068,1,1
637,-0.5,-0.444375928750931,2.26033194736701,0.849397979103806,1.09648422231429,1.85810244907762,0.152388182884281,0.0499737471545468,0.0765257955848028,0.10715543600901,0.181859019647279,3591.81276047229,1,1
638,-0.5,-0.384180984679415,2.20416396677065,0.927080179421115,1.0452865708679,2.06015644323835,0.131909866450985,0.0503840958185606,0.0777540219021136,0.10576025264536,0.181315443968373,3558.79996161486,1,1
639,-0.5,-0.530694273498878,2.3632876458918,0.638743964158204,0.913734360834383,2.22791281065701,0.143437122435394,0.0467075937827959,0.0750555015284196,0.1036471752763,0.168412045972882,3587.32798682961,1,1
640,-0.5,-0.706504864135393,2.3278524068796,0.795632114130513,1.04230343405922,1.89717457421395,0.184976191367727,0.0481760442558208,0.073198960503527,0.103450662627711,0.172152665687922,3624.51436125733,1,1
641,-0.5,-0.506347910028478,2.20459814176071,0.972658491063676,0.973281872732714,2.00385786031085,0.157876628362062,0.0474098807526681,0.0739690952301673,0.110928743765015,0.175995452327352,3627.9185205313,1,1
642,-0.5,-0.690299953080052,2.24492978759302,0.855840321270013,0.927021503270138,2.01814619500084,0.184253977480021,0.0465456200443307,0.0732581359053116,0.10942251476348,0.177670619025781,3579.1185595932,1,1
643,-0.5,-0.281441733380143,2.30898467269771,0.839944971341697,1.10387741986844,1.91221190195906,0.126748828812538,0.0489415502254229,0.0753427208945706,0.106359150147422,0.169716068562461,3659.74463924944,1,1
644,-0.5,-0.405301522440347,2.27528799242495,0.842588925868776,0.864287563628671,2.23102652111165,0.146121888975499,0.0490993503337994,0.0758495912961291,0.109876349043302,0.188834247087464,3569.27390725267,1,1
645,-0.5,-0.600647985199243,2.35265243449031,0.729029275064488,0.858610811652885,2.16809800722381,0.162960758459079,0.0458946823508979,0.0725424841563737,0.110871574476804,0.177862460409087,3611.94805714001,1,1
646,-0.5,-0.512409459222058,2.29887112544677,0.842659049480664,1.12857633244293,1.85428652780442,0.150160635254894,0.0489628956628363,0.0746388007421051,0.102195477341963,0.170831700687516,3625.87011446723,1,1
647,-0.5,-0.219830949719349,2.27954349619659,0.807589947317871,1.1203938739833,1.86301603450817,0.125168985572703,0.05025512631416,0.0771095172158957,0.108143625231005,0.18369983911459,3600.6496869692,1,1
648,-0.5,-0.549694885806118,2.21835044110212,0.859119735726925,1.02183055700198,1.84011788631988,0.169517567207769,0.0477334037661621,0.074539483590737,0.103460560414991,0.174974247022558,3530.42333025409,1,1
649,-0.5,-0.430867742358597,2.23680869183967,0.914378819337937,1.0096405694158,1.94093859632102,0.152614564775365,0.0482064347858162,0.0746447507974428,0.105591277877428,0.172012154704984,3597.70608346266,1,1
650,-0.5,-0.705986188914939,2.38437850445215,0.652327619420902,1.11684400470389,1.71425728366672,0.189058251234267,0.0464682134942392,0.0732437080700652,0.10154984098286,0.1696199872777,3613.0035880368,1,1
651,-0.5,-0.499852711948051,2.23869333517605,0.902541457752769,1.02045407883749,1.91575284209131,0.164728295453522,0.0483464089885807,0.0741544186378087,0.107641038851652,0.181199026204906,3590.63204434914,1,1
652,-0.5,-0.517673266934408,2.30080919482155,0.795352070053526,0.880855498906841,2.19921112275337,0.157870359169575,0.0457742182619124,0.0714212906851281,0.108031637819382,0.182065214733112,3582.45526969968,1,1
653,-0.5,-0.431562428614288,2.26603493769396,0.81859769771554,0.905646132430598,2.00753565701192,0.15961329395804,0.0463701782705264,0.0718854092628028,0.111529327435574,0.180028267179889,3586.18895736128,1,1
654,-0.5,-0.442936006946491,2.27827639262111,0.835532591019023,0.8597802986478,2.13222633637696,0.15097477309967,0.0443149940117121,0.0709125494152983,0.110650852992048,0.182893639408998,3593.71645569169,1,1
655,-0.5,-0.415015882778028,2.30259048553651,0.86418383109446,0.894437499954415,2.33627150807048,0.134041390340196,0.0476677788319691,0.0741317826979077,0.107681711972735,0.177683149694972,3624.42970997951,1,1
656,-0.5,-0.605028349155902,2.24987458762842,0.821958148730427,1.07947505985632,1.61930483597124,0.213849877117859,0.0478229637867536,0.0753665062075708,0.104306122228876,0.176864911930027,3562.70836707439,1,1
657,-0.5,-0.304098619963937,2.31332600311135,0.759211176506628,0.946837174027837,2.18429019755977,0.129404341618784,0.0472635625639757,0.0750445740942642,0.108494119457334,0.181562808112224,3601.36764705248,1,1
658,-0.5,-0.462865974869904,2.22339652026848,0.908741246164856,1.14532490169454,1.76447004952383,0.149530556867976,0.0497601716879506,0.0757500501938207,0.10660895285751,0.179592757696212,3591.80249774485,1,1
659,-0.5,-0.314627671556224,2.31612325835778,0.798922678297332,1.06794616244211,2.13874484794819,0.115419033381094,0.0502967175733914,0.0764455743402509,0.1109681092095,0.175293979465322,3657.98095747157,1,1
660,-0.5,-0.609651331532494,2.31183860199104,0.848247084644935,1.03861098290375,2.01556698244399,0.163583396235193,0.049334909577768,0.077406032079361,0.106016627720611,0.178041359557729,3644.34652444485,1,1
661,-0.5,-0.722256139445789,2.29025227493887,0.801904841819973,1.12144793606469,1.80611971041592,0.178842726097227,0.0490543402833684,0.0761329586274728,0.102129796722853,0.16624824423374,3595.28596430223,1,1
662,-0.5,-0.184653548778198,2.29076415727265,0.822745407212476,1.01999326547067,2.08553381151726,0.113077827645266,0.04600946299519,0.0728093713203668,0.108822049791302,0.184114403558558,3598.11476546378,1,1
663,-0.5,-0.697531991708897,2.23730636973986,0.934361182325941,0.999686314718723,1.99535626595022,0.184679250350725,0.0480567019108685,0.0746867230262515,0.100852078956062,0.176673800015483,3556.36316616205,1,1
664,-0.5,-0.456827883496091,2.36168547299158,0.767624505801953,0.994609855077074,2.15299584278926,0.14200541884991,0.046349386044295,0.0721649539810132,0.106526435668486,0.180354276549116,3624.90892306829,1,1
665,-0.5,-0.42825259428196,2.31966530636902,0.737196561144005,1.18908184615028,1.63281408887108,0.149149010081025,0.0485363555743448,0.0752460326257063,0.106256375025798,0.173800491626569,3633.50956304364,1,1
666,-0.5,-0.638742476638705,2.3179432605295,0.766982154149793,0.987567663032894,1.91426510042209,0.17770611521936,0.0466404830796223,0.0733151260939902,0.107908048521233,0.176314311861811,3602.64724635947,1,1
667,-0.5,-0.50637679090052,2.27614247653933,0.794755420775351,0.920471455137556,2.02813497072137,0.177897599699095,0.0479735809065105,0.0729344153424969,0.110234377649824,0.188659812012166,3577.1048143553,1,1
668,-0.5,-0.751308669472148,2.34545289314294,0.720887017947144,0.787154551718574,2.16525724993709,0.204441567135896,0.0433164244496865,0.0687671085249014,0.106511688749935,0.177186865378738,3560.00703378453,1,1
669,-0.5,-0.599483535202938,2.35538689532641,0.642868717994934,1.03751517881873,1.97982866968273,0.157160769394153,0.047197496183168,0.0768063320604549,0.107807478277989,0.17325361967945,3599.6548492586,1,1
670,-0.5,-0.507442895615249,2.25346526177095,0.849726473449335,0.770406105449668,2.37163981154817,0.15173267396822,0.0465841731034267,0.0712792716564728,0.110049537911462,0.184899647226942,3544.48931988122,1,1
671,-0.5,-0.291925720478182,2.2666216836593,0.882917680848675,0.903772090698862,2.1230456591922,0.130212416553283,0.0453412527734389,0.0709987681138841,0.10980220078821,0.179868286415702,3609.90532858806,1,1
672,-0.5,-0.699188332950768,2.23634652733708,0.876385619061132,1.10102477172511,1.71725390200523,0.186457301584521,0.0463954317579183,0.0739768870787827,0.10263272145912,0.170251533335912,3566.66864147285,1,1
673,-0.5,-0.345044270782655,2.29097180858283,0.845466622890373,0.803024744772013,2.43811414140402,0.128218242299648,0.0480530327515096,0.0751267069835605,0.109536263263482,0.187847990850183,3563.74342457668,1,1
674,-0.5,-0.39924999855118,2.3795559769414,0.738749724494975,1.1718090492629,1.91284863330208,0.132075584238742,0.0498405625874716,0.0756349272966673,0.107293481600289,0.178377867120437,3685.30988780345,1,1
675,-0.5,-0.380414637423275,2.27642049647322,0.814425032794548,1.13854825531393,1.87927223199338,0.142128419290651,0.0477762932740689,0.0754961247535591,0.102933542483489,0.180561105051779,3586.09672690066,1,1
676,-0.5,-0.328751173331694,2.29916227789013,0.788038187388639,0.608220111769052,2.73892072671306,0.114527062127368,0.0460307624156919,0.0717610429604331,0.118865168676114,0.194408742810211,3576.51210913943,1,1
677,-0.5,-0.377797311802309,2.27522576795903,0.837708605670147,0.880768964366987,2.24044435512961,0.134048670358182,0.0469341797773298,0.0719062669315389,0.112223837453448,0.180822020888487,3603.49540868916,1,1
678,-0.5,-0.385042371928935,2.1904320705792,0.91301689458257,1.04863443170889,1.97467019851167,0.138090649283069,0.0503071169803878,0.0781656920259484,0.108428624145436,0.187574481335057,3564.42694493503,1,1
679,-0.5,-0.451316413861617,2.27291521847449,0.751240482829834,0.827422071884687,2.12222751754926,0.159943064172699,0.0467422820328358,0.0727179102409782,0.107385805101246,0.1780223670474,3541.7246753368,1,1
680,-0.5,-0.422348305798946,2.25983500848647,0.850465981416134,0.996716192332374,2.12940985813768,0.138985319378211,0.0478022161128836,0.075015793512246,0.104467956167574,0.17381845831028,3585.86562914718,1,1
681,-0.5,-0.61767608089679,2.25562515286565,0.873872073281309,1.07320575876457,1.81881195179629,0.169029789342879,0.0484614403002806,0.0749239942933679,0.108631580967927,0.174728517341526,3612.17248841545,1,1
682,-0.5,-0.288094434869194,2.24404929190662,0.884725976538699,0.89438052630321,2.14735431237253,0.13544168072017,0.0455854687617,0.0707279893077853,0.109692258992445,0.192329749578924,3545.14221027989,1,1
683,-0.5,-0.416820473541544,2.25107915052048,0.7783979833877,0.927746925201436,2.12494186592232,0.133935625878624,0.0491929741147357,0.0769484200919485,0.108732013513509,0.175772889467078,3563.89548769849,1,1
684,-0.5,-0.493477831040236,2.32640769834848,0.772430696444329,1.16820855111591,1.85633272883913,0.150553219613029,0.0471883074417092,0.0749833941916391,0.0992370164602697,0.168216783382671,3621.90649145068,1,1
685,-0.5,-0.706558451053075,2.29146023327036,0.803961967442253,0.969723366904672,1.87479587186299,0.197120966081732,0.0467076974023567,0.0736693562850588,0.105823833687552,0.175181946070517,3582.28449075607,1,1
686,-0.5,-0.591487273613438,2.2667183738646,0.829923262115597,1.02149937082148,1.95976488809608,0.162953042038268,0.0487275538760419,0.0763864780325522,0.104962997015746,0.173206178309371,3580.22244223841,1,1
687,-0.5,-0.488845662605959,2.35224074046074,0.739133911060839,0.93569749064987,2.0743604314872,0.15710514823541,0.0465966555363996,0.0718353186369346,0.10841525266085,0.176991057229039,3638.82375721024,1,1
688,-0.5,-0.648786280948514,2.31929524195475,0.791850312372922,1.13545861753555,1.71489616667658,0.183338189630671,0.0479790921027095,0.0754539198614188,0.102605684334163,0.168643622180993,3621.08177894103,1,1
689,-0.5,-0.705536488703826,2.25494636558483,0.822955554622072,1.02905347882683,1.93851768257683,0.17830054713121,0.0501264271306845,0.0769760337815152,0.103406649097534,0.174357140499143,3569.2176837518,1,1
690,-0.5,-0.285867644630439,2.3504896243713,0.753149671409375,1.17748565494222,1.71030729556926,0.130775167408247,0.0489617680515203,0.077773136427064,0.108100677899668,0.178606786902381,3643.61632690487,1,1
691,-0.5,-0.589781311466477,2.26035178703826,0.874873215577904,0.92227917573994,2.07066677177804,0.17845144350433,0.0466121594799473,0.0711794336244104,0.104894627965137,0.178726426511129,3574.26258803912,1,1
692,-0.5,-0.449054286719186,2.31889025294781,0.755758397028439,0.907679459628537,2.08783595091222,0.152095840887674,0.046032922789408,0.0720721586970543,0.109465752609789,0.182323736673506,3593.65942718885,1,1
693,-0.5,-0.485703714425022,2.31633107624115,0.761531133709538,1.04491952515074,1.96215047598293,0.143118215653963,0.0488630933771169,0.0763576977268043,0.105618280018155,0.173462805056905,3600.29709930517,1,1
694,-0.5,-0.491784484747369,2.24370542065119,0.875628104152581,0.892967604692704,2.06210906698218,0.160473804797999,0.047185153071917,0.0725731240549772,0.110586755920736,0.188297581253761,3557.1137809848,1,1
695,-0.5,-0.419968353929505,2.19440822893602,0.943790590924966,1.06421665999376,1.91095640246907,0.149529700777528,0.0496160431094197,0.0756256604757019,0.103835078756043,0.178038692309241,3563.8181307591,1,1
696,-0.5,-0.596338047121685,2.24967383651989,0.861957421479034,0.937745886228613,2.15662976872949,0.159896075462223,0.049231954074315,0.0755332659692293,0.108568123226351,0.185840330842751,3558.68744864749,1,1
697,-0.5,-0.454160164380817,2.42759128072284,0.608489108771691,1.06513092445504,1.96539052923173,0.148803917239319,0.0475926495037541,0.0775464882111506,0.103023409838673,0.17128290770738,3627.87384613023,1,1
698,-0.5,-0.512655085882868,2.23925157578698,0.87750265802757,1.159397261287,1.71665511060798,0.152237607381982,0.0490206055277797,0.0779480963273835,0.106291208893827,0.172827786529651,3588.04457411581,1,1
699,-0.5,-0.658228487935175,2.31446163609662,0.771532655069117,0.96685914015973,1.90105061721406,0.192857057938019,0.0460230456918141,0.0727090309399591,0.106923403554348,0.181683427886701,3574.35189481789,1,1
700,-0.5,-0.51669676552491,2.37228374767298,0.753917270453556,0.867967681530932,2.24476375865947,0.157777324860765,0.0444189623040896,0.0709313586474184,0.110175126171411,0.187284901469362,3611.17914035503,1,1
701,-0.5,-0.354782033323025,2.34722224315137,0.759763650973247,0.920937346902461,2.25470781917149,0.126270822332519,0.0471403431026196,0.0742605696109986,0.108705077807246,0.179898606689412,3611.82455418555,1,1
702,-0.5,-0.621136923639845,2.30839839925106,0.765901183465501,1.15401627728804,1.66200331298307,0.17430169175751,0.0478947250502363,0.0757701054602793,0.104119650921075,0.174888109821206,3619.5803017328,1,1
703,-0.5,-0.38344793978531,2.30429296721099,0.808484423451847,0.9596774072045,2.03806657004456,0.148798319344272,0.0463722791899974,0.0733938253371631,0.108937184599255,0.181958526437918,3605.09234227471,1,1
704,-0.5,-0.58603838960283,2.34224022914661,0.723940759950428,0.968347044854407,2.05330177217159,0.153710849139503,0.0475397139815592,0.0766361431781891,0.107776061626862,0.172817854746404,3591.49388431948,1,1
705,-0.5,-0.528693709504664,2.27986391548992,0.831055259258006,0.899648884242369,2.15091945217181,0.148935487375367,0.0495886770742192,0.0745481031441084,0.107332859775569,0.174819065560939,3594.35298076213,1,1
706,-0.5,-0.641469092693588,2.32706781653289,0.785006212709242,0.970301414544712,2.0723204232222,0.171338554510155,0.0465678555372042,0.0734583519755093,0.104583094241368,0.173894958698998,3594.14377520718,1,1
707,-0.5,-0.400153836648892,2.32247979032381,0.782928145533358,1.07729455512002,1.99145879638432,0.133859836764986,0.0487100949507132,0.0757082132888113,0.103633038400882,0.175958519890125,3602.22907974559,1,1
708,-0.5,-0.561030796643918,2.29582622225246,0.772761119330227,0.91217998135897,2.08847976619583,0.172175357000102,0.0466195760032148,0.0727328475423672,0.106749987208135,0.176576878199933,3567.54770250116,1,1
709,-0.5,-0.834648920320991,2.34462476492069,0.704145986879698,0.74416466548032,2.27891149530166,0.210421406052329,0.0449490131330098,0.0709730805663735,0.108473644644831,0.180990310273791,3566.42645672615,1,1
710,-0.5,-0.509753481631166,2.20327965122732,0.938432705917415,0.948636793678649,2.12634033078635,0.14667160870328,0.0488492669275994,0.0746100960752885,0.111887807696439,0.184222716135497,3593.18061079047,1,1
711,-0.5,-0.741669024860426,2.4101828947549,0.675422703760741,1.04815443553072,1.99627949569192,0.183876500765812,0.0472543192601786,0.0747876354989357,0.102034467628208,0.173638400755568,3627.16701597831,1,1
712,-0.5,-0.377730362854349,2.30924124930173,0.78542740809301,0.9335115372342,2.15707121139524,0.134234036977605,0.0472513127470706,0.0727833737084314,0.110438846849902,0.185070568491946,3598.56616739206,1,1
713,-0.5,-0.397757192341362,2.32069479493628,0.812831670437465,0.976623395647189,1.878478369227,0.168359684117994,0.0438799118833382,0.0696299105810634,0.103956813040531,0.1813589964494,3576.08485824074,1,1
714,-0.5,-0.422316625170251,2.23441368467921,0.926535362100177,0.94194047056433,2.1603865981499,0.14441275309153,0.049984332370815,0.0742241214127471,0.11332470779048,0.192153360519906,3587.31620980588,1,1
715,-0.5,-0.610465511139441,2.2930913609901,0.817422303341993,0.813261866562562,2.27839945332589,0.167639273270827,0.0467454626949384,0.0711030409013612,0.105922895582005,0.179510636387316,3562.38996626493,1,1
716,-0.5,-0.257348082412117,2.30397487258176,0.746686318592107,1.05887510770498,1.82994809057731,0.130499640495023,0.048262622294782,0.0747050353766055,0.114670604511543,0.178055355983611,3623.92031192686,1,1
717,-0.5,-0.521688313565282,2.29367890920234,0.806764677423986,0.955584033365989,2.06192591073233,0.152183837414847,0.046593466039922,0.0729356285679932,0.10869399349176,0.179085967993222,3600.01520811596,1,1
718,-0.5,-0.751522511597807,2.32620652371078,0.801397141192774,1.09794696624415,1.78770673064897,0.203306168079614,0.0488665925742561,0.0758248811867529,0.103049911737696,0.169240441684212,3637.4180764294,1,1
719,-0.5,-0.376427973069598,2.34090337325381,0.725067376667477,1.12925813470736,1.77162789356573,0.152000141288494,0.0481487254983731,0.0736992031985577,0.104280809412009,0.171450174698972,3636.28946765479,1,1
720,-0.5,-0.318552160917346,2.33307975869622,0.75082044990802,0.948928110062529,2.01141165954119,0.144126497108952,0.0452040416309676,0.0711072213216412,0.108170367848561,0.183370681048368,3595.0243511065,1,1
721,-0.5,-0.71732905493288,2.30139769460332,0.804601310000778,1.05100314608008,1.87324032093433,0.192818559100159,0.0479646238315392,0.0752164994227935,0.104822550514982,0.175930199475479,3602.63762719001,1,1
722,-0.5,-0.537301721018578,2.35213416505034,0.74221079918202,1.0278233017639,1.9108700092062,0.156206425146035,0.0469588274679053,0.0727620900425207,0.108502145587357,0.172570879081644,3642.60370278458,1,1
723,-0.5,-0.327494905030598,2.26128966627789,0.879584916944928,1.25595146371829,1.67420505068456,0.127186782940947,0.0487796502117555,0.0750460392489577,0.104676941234509,0.17100392151825,3632.00313730298,1,1
724,-0.5,-0.528962536862426,2.38713798784959,0.735662606651312,0.949086400168259,2.09624374329103,0.17069942394791,0.045128497400748,0.0710449289070662,0.106540774220623,0.181810086739962,3635.64257468155,1,1
725,-0.5,-0.552678800464017,2.28373151393183,0.827426298284037,0.955957516074509,2.03296112806232,0.169493725526545,0.0488276149421085,0.0759530072542528,0.106750753928582,0.170775892841599,3603.82616686901,1,1
726,-0.5,-0.190441849478235,2.27344275361931,0.810001546838555,1.02311540428877,1.92372309503008,0.123988564533376,0.0464789284954131,0.0714927618893937,0.110065233094596,0.181773937978174,3595.69734273175,1,1
727,-0.5,-0.59759633902003,2.28308419494536,0.831424230253677,0.870097530307954,2.20079986029413,0.157667357433136,0.046641694935981,0.072606630065598,0.105870924738434,0.177576646973899,3570.85679040919,1,1
728,-0.5,-0.71596399938539,2.30275316145181,0.772150505236801,0.77894537140805,2.285020369458,0.185312522900365,0.0460148358777632,0.0728658906315331,0.10756046435812,0.17782441628411,3565.88144771818,1,1
729,-0.5,-0.244537943519367,2.2709683967683,0.848132978704218,0.920550381412052,2.13552411257025,0.116668793111145,0.0467123783104392,0.0718002948643817,0.115868009964911,0.186221185421925,3624.38929828072,1,1
730,-0.5,-0.527200585903996,2.36260154634142,0.70426315830445,0.929465454619423,2.14384119034492,0.156793576811708,0.045817743005352,0.0722817752041811,0.10701340510581,0.178335875543817,3606.77222787384,1,1
731,-0.5,-0.37831838498557,2.32547072786598,0.756502711502911,1.14013659152959,1.88711797283353,0.142426657586766,0.0476253238682023,0.0762874464379126,0.101457289916264,0.172804934490132,3607.19307045556,1,1
732,-0.5,-0.755210297376526,2.39440978295086,0.689475351855851,0.985581320373491,1.92210591150141,0.193410453554017,0.0472099936545836,0.0737552631826649,0.106389573552556,0.178239415371375,3629.64800781583,1,1
733,-0.5,-0.707713312476551,2.24952120863647,0.871230129324628,0.87423455827408,2.02530484544036,0.202475960865006,0.0461773623103774,0.071641908149758,0.108398233834527,0.174954516404019,3571.92622820807,1,1
734,-0.5,-0.584721325077018,2.33925528181545,0.755595203289619,1.06742580067861,1.89126645092118,0.168939127784313,0.046553040754164,0.0724114713479769,0.105903923054689,0.170538275741423,3637.95376982103,1,1
735,-0.5,-0.474259091216499,2.206730098309,0.964183085180341,0.959671224812678,1.97230268384188,0.160887018390658,0.0473179084458722,0.0732290421108867,0.10887870282944,0.177917985939725,3591.55227400987,1,1
736,-0.5,-0.415870372830628,2.31925166686712,0.792316560691089,0.883555359180189,2.24708641902415,0.13805783258063,0.0462255938089505,0.0723063125515516,0.109243716344579,0.179707907344821,3616.89870577421,1,1
737,-0.5,-0.463837328024416,2.34343348267826,0.716747271169194,0.998148613040478,2.08542519208077,0.14755353944779,0.0466059634512342,0.0726292135793425,0.104024699785577,0.171764543500276,3594.999415702,1,1
738,-0.5,-0.352791627006702,2.26559940905633,0.850236900936075,1.05519672395232,1.91088086193321,0.141200583084049,0.0463810277597909,0.0737436807725981,0.106961608426231,0.178352287949605,3600.58020052567,1,1
739,-0.5,-0.330565364745622,2.27376869362794,0.824280189464846,1.05042662867807,1.99584039409267,0.132051411902688,0.0486305546228541,0.0759683208879319,0.105722896254707,0.181877568101338,3571.64388483956,1,1
740,-0.5,-0.363017389618656,2.31146548195804,0.761972255174187,0.956193122135201,2.12096144443346,0.133781855000804,0.0473846677571959,0.0736338965941287,0.110120894327462,0.184188499967973,3597.34502610875,1,1
741,-0.5,-0.673223874771569,2.33604711960906,0.761948990223413,1.09396320015076,1.77922999570838,0.197052212371853,0.0479356151691396,0.0758579605386293,0.105577624219265,0.174210017665323,3625.8340670213,1,1
742,-0.5,-0.347931056045784,2.29698463332903,0.793245272290321,0.804375671451617,2.3479307032415,0.135690794634688,0.045997529690881,0.0721166998834829,0.112445197898929,0.189889268029886,3568.19118968533,1,1
743,-0.5,-0.451997454277132,2.34723083730405,0.733621264472823,1.0809727919294,2.01122960852794,0.142373505969735,0.0473820628721288,0.0742468543445181,0.102589550232339,0.170662257294919,3612.3900718046,1,1
744,-0.5,-0.654589681900201,2.36301345866564,0.651680076806133,0.907259431267667,2.07464512575825,0.182293685129873,0.0455967907948986,0.0729675265489618,0.104336030159756,0.182189687606172,3538.13310721225,1,1
745,-0.5,-0.462343259733124,2.30010407720648,0.792324609284382,1.18278118462575,1.69489518139943,0.154196735012684,0.0487694253276478,0.0762898049343094,0.104055388450781,0.172737650366621,3612.19824775033,1,1
746,-0.5,-0.256303556502614,2.19688576735606,0.981628215723219,0.894630771713456,2.23187415985779,0.124205634406615,0.0482363859418911,0.0728428047462503,0.109279498800687,0.1864372455594,3575.16609657524,1,1
747,-0.5,-0.586660347149665,2.3258898393416,0.780115319783028,0.994813496154851,2.05571181987995,0.160218199565369,0.0486312862012518,0.0760027165242436,0.110366503341257,0.182056065508613,3624.6154002722,1,1
748,-0.5,-0.478294271144912,2.24677660384477,0.838600732062659,0.956661699658836,1.94957977820816,0.164490458440143,0.0479340675806894,0.0738963870533228,0.106609948969104,0.179482343306284,3571.57601135352,1,1
749,-0.5,-0.580969095508616,2.28889941518935,0.785564389709781,0.883550460410842,2.14150888449171,0.161624077255367,0.0463169710578678,0.0736382843965391,0.10997076241473,0.179391201151421,3574.20996573443,1,1
750,-0.5,-0.437614178703545,2.46590508236443,0.531304013780019,0.969480026821135,2.02612325946592,0.152459677536701,0.0452024826483202,0.0729804267575437,0.104571437082678,0.179328917246628,3608.50824278831,1,1
751,-0.5,-0.415367825311188,2.36964791614641,0.666647138335842,1.06311632525696,2.06700774806446,0.139198981103473,0.0479319982379181,0.0756114571212799,0.106734119245742,0.176412423389968,3630.20890251791,1,1
752,-0.5,-0.789107086848096,2.26544115199024,0.870930752671644,0.938604662570628,2.02986439491693,0.189712496088825,0.0465877583893398,0.0730581112181961,0.104185160191082,0.172513023332622,3575.17724447975,1,1
753,-0.5,-0.582275431906864,2.28098721462134,0.838761768902968,1.03810511711197,1.90032508727152,0.161209133006781,0.0487046448704357,0.0740972688922322,0.108857901217155,0.172010730437859,3630.34404504352,1,1
754,-0.5,-0.330795090790996,2.31317395603018,0.774337066739436,1.03208950984178,1.92107909912561,0.136036306114249,0.0457743892160075,0.0703381338007806,0.107510745611007,0.181233053146055,3606.75302862575,1,1
755,-0.5,-0.251331639610374,2.26243379609743,0.887565972726146,0.763262308392072,2.48167033193494,0.117756909835447,0.047555472127331,0.072648296979883,0.118035549514287,0.202160282268594,3567.91066614834,1,1
756,-0.5,-0.918499947408498,2.32009383748381,0.781929497401386,1.13364408175973,1.64438685420798,0.214423834680849,0.0473611118716478,0.074438030615905,0.103877057836536,0.169613919752056,3600.97966915034,1,1
757,-0.5,-0.483381168563853,2.32249407425258,0.759619342722765,1.13036730222416,1.81128855573467,0.146799949452787,0.0476966372073446,0.0770347346182932,0.108759697473897,0.175213229162924,3620.84299817515,1,1
758,-0.5,-0.461045929135398,2.30495534200665,0.757326675675122,1.09357687722524,1.92414139057928,0.145417643118406,0.0501362903996841,0.0771284663261794,0.106020912363087,0.168500232126756,3618.96548586201,1,1
759,-0.5,-0.340206472022497,2.26956198138698,0.8876015181753,1.01763606543533,2.04835075513922,0.134726791571062,0.0488685384637597,0.0746862503071501,0.110217217930534,0.183665830300302,3630.69099371727,1,1
760,-0.5,-0.54945026916009,2.27099554054023,0.816916068554201,1.13906665988405,1.77080188798181,0.164971527312897,0.0492247833352205,0.0762901683037781,0.103167677645087,0.173427599523844,3593.60954962568,1,1
761,-0.5,-0.11693678500275,2.28309511686562,0.772865590573204,1.02057569383781,2.18346141201357,0.102430694309548,0.0469278117981042,0.0744801645157818,0.108853373288494,0.193937389767268,3567.27027954023,1,1
762,-0.5,-0.31321591794519,2.30952056619746,0.761743410032907,0.973001471669783,2.12119776162308,0.122425107267392,0.046442550876217,0.072670560395298,0.111951792870953,0.181897998812679,3623.72631721227,1,1
763,-0.5,-0.844909515640809,2.32287906413197,0.721161360178662,0.911386100482365,1.93186995161571,0.215328909447651,0.044788863701789,0.0713587106182809,0.105946278020258,0.17770702580268,3555.15083767986,1,1
764,-0.5,-0.629377409556246,2.33007612010288,0.721244787546566,1.12279789886377,1.73514884780979,0.180643551531803,0.0477249275413423,0.0752915190671317,0.0992808227043999,0.169517307161212,3596.70571608148,1,1
765,-0.5,-0.487579084908314,2.29726907560912,0.727324035935759,0.910358710139707,2.06757976865608,0.154032737664859,0.0466281798956779,0.0741128138719695,0.110027777736152,0.178268376107692,3572.4520541778,1,1
766,-0.5,-0.301116261285252,2.2794017934864,0.826616069576275,0.788673556328532,2.42986809988269,0.118451950267682,0.0468126191747891,0.0716014487634853,0.115667601097669,0.191060401369595,3602.28866631759,1,1
767,-0.5,-0.706427039912574,2.28730410947668,0.848076316791322,0.938318818658359,2.02227135044112,0.179420486125555,0.0470751060905496,0.0724856490720546,0.107310254703367,0.178098253610654,3576.67955064748,1,1
768,-0.5,-0.290454156881535,2.34357799129507,0.804823320686219,0.987731499015499,1.99778991515869,0.13866944640522,0.046365561943184,0.0718400891710171,0.105545852038387,0.177567269640612,3642.34721539972,1,1
769,-0.5,-0.715797322926883,2.2957272464338,0.778856275264562,0.929309371442793,2.02821443655809,0.19426929222855,0.047462833265019,0.0741660465552616,0.104017163419718,0.174192479397268,3555.3370355349,1,1
770,-0.5,-0.679581842148205,2.29753860577819,0.797847129827235,0.95226839860403,2.02573437800031,0.176866308752088,0.047806407164233,0.0737749904807982,0.104729874841441,0.173650204904243,3582.67147628881,1,1
771,-0.5,-0.482980629766321,2.21362464826041,0.910924724735923,0.870247788028519,2.3429950265871,0.138648892950596,0.0491056055490148,0.0744054368770035,0.107622741570701,0.179695887577613,3582.26908219673,1,1
772,-0.5,-0.497143717651649,2.33618194505018,0.776829428042924,0.971887671339575,2.16873609814853,0.139422420700518,0.0474170895252295,0.0751624359167468,0.108057419943622,0.182647298627072,3600.20164789098,1,1
773,-0.5,-0.350208625408765,2.25941310516691,0.880360551392783,1.09758651314388,1.90596997641605,0.138537196656113,0.0486928933779182,0.0765098781063933,0.105361929940406,0.178958694636765,3607.09875900276,1,1
774,-0.5,-0.504031342687763,2.30714569317182,0.768434763884824,1.01249954185284,1.94298836781045,0.161327750245674,0.0471048445919982,0.0722731795017915,0.10794470855126,0.177070121250145,3600.94937396222,1,1
775,-0.5,-0.314453444055586,2.25920196207936,0.822175064207086,0.981466238173909,2.14922128520327,0.119512292123501,0.0477751753098542,0.0745846706858668,0.108064558416813,0.178500939888312,3565.43231238693,1,1
776,-0.5,-0.202213800726631,2.36088686841773,0.728368837546467,1.02541235965139,2.008361433891,0.125544515605488,0.0461426779978613,0.071829440132108,0.107289914259741,0.194350857773718,3594.7858080196,1,1
777,-0.5,-0.476179687741148,2.35008814577858,0.719633207654424,0.903307203172982,2.089972333291,0.157798102799271,0.0447882994480486,0.0723542895529199,0.107025288558805,0.181197070457565,3586.50514612636,1,1
778,-0.5,-0.529223059269407,2.2654001647344,0.860960193703865,1.18785263143921,1.69831259539763,0.156178082102119,0.0497937199092365,0.0779777307035349,0.106846460303026,0.175190303595602,3620.38541867921,1,1
779,-0.5,-0.362235746240125,2.27492445383172,0.878566832791975,1.10489182233945,1.86036000294919,0.138440334447001,0.0482967380487348,0.0731988351002229,0.102978427910175,0.174736284386776,3628.89651098927,1,1
780,-0.5,-0.698017934874715,2.28120975601631,0.868340390930544,1.09485117628738,1.81717655177029,0.191487498977479,0.0481802618144335,0.0760467409749685,0.102197409548577,0.16634707145179,3619.64068868304,1,1
781,-0.5,-0.596201565718414,2.31423539847482,0.807934168292554,0.98165790166623,1.96720255575306,0.173753047472978,0.0462738211712671,0.0725170835458866,0.105291261559054,0.173977655705578,3612.39710811438,1,1
782,-0.5,-0.617902316495466,2.27943086647745,0.810419105725618,0.964679882453795,1.99249117860953,0.173529313711969,0.048816984190649,0.0760601975814923,0.108670584274026,0.177301640336764,3594.08372907268,1,1
783,-0.5,-0.690901202072614,2.33964463360125,0.728627280994377,1.15100338838316,1.68828956341281,0.186165759803486,0.0476912856604567,0.0752894453400197,0.102915581396789,0.173116988275828,3604.96247383891,1,1
784,-0.5,-0.249374417898341,2.40814106727283,0.661968781584316,1.0497815277157,2.11241379079155,0.118734057428614,0.047428401229832,0.0736187307455595,0.11075684096581,0.181498730291032,3665.93162297055,1,1
785,-0.5,-0.359145525530356,2.24102498507828,0.88948904656103,1.17139079252999,1.87276463588292,0.132711656247094,0.0500668828001027,0.0756377740633652,0.10471957605227,0.172890386914253,3617.0625238925,1,1
786,-0.5,-0.373980662537556,2.37654214608082,0.721447892450217,1.12933242276578,1.89999335806784,0.138777377649948,0.0480434055964302,0.0747255287660952,0.105796882541165,0.178025955299816,3654.59586090395,1,1
787,-0.5,-0.466399680132421,2.27817298492969,0.846098961346121,0.985302972370317,2.11897493930889,0.146104385663191,0.047541715179244,0.073662000872847,0.106006185652705,0.170542479555199,3613.20437915707,1,1
788,-0.5,-0.698824007249297,2.27237072841686,0.883050526330354,1.02487387295638,1.89984402036062,0.188612097158806,0.0481576925238773,0.0733862554333904,0.104024206943321,0.174251508708125,3613.49931905715,1,1
789,-0.5,-0.589639232243268,2.21648780413386,0.896675336972301,1.04548374035732,1.86953804580623,0.173586980601223,0.0485384001632981,0.0755225662378016,0.105706456189676,0.174964429163596,3582.85612507203,1,1
790,-0.5,-0.510298506587023,2.33253405600794,0.81833778937449,0.969195886093056,2.03929948148423,0.157531554918126,0.0466668937951893,0.0729264540527259,0.109621684939425,0.178153797529758,3635.95948881547,1,1
791,-0.5,-0.79634482789856,2.33842879640362,0.728742954857386,0.933717079127495,1.96625776307925,0.203541918851457,0.0464528286680298,0.0746722774462539,0.106393048288221,0.179729104473304,3559.86224660971,1,1
792,-0.5,-0.408022614229274,2.36338399245171,0.694123186659562,1.00942138010059,2.02774764422444,0.139049301966977,0.0469142159425454,0.0749824614826995,0.108570586771265,0.174963054174431,3631.95823910797,1,1
793,-0.5,-0.56788908841772,2.30169887410002,0.841332070571785,0.991521765988369,1.93926131544636,0.165454710161564,0.0476362035029771,0.0737711877681496,0.10465251270439,0.171966761365135,3604.67491504836,1,1
794,-0.5,-0.656257763789167,2.31016467128597,0.710732342627394,0.925566569034429,2.09034933284454,0.165478019051381,0.0482801426346967,0.0756553099692623,0.10536352166431,0.172473275918545,3588.54353692456,1,1
795,-0.5,-0.426113376230104,2.26597685237351,0.879677470442097,1.00963917657672,1.80357691221023,0.155689746273301,0.0455134706661349,0.07206593132354,0.107914174823668,0.175513415518223,3595.51218395458,1,1
796,-0.5,-0.563814705102103,2.27717766516326,0.857046203825847,0.828047974234068,2.12344929983225,0.181989730674733,0.0443094450624811,0.069903660724199,0.108481479722056,0.186472405554311,3560.48264679876,1,1
797,-0.5,-0.506188825823622,2.30971820742913,0.782358468318257,1.08152026771408,1.83502445416788,0.169461004285863,0.0474014834181943,0.0749422446355105,0.105536855012854,0.176697910959897,3602.87359758835,1,1
798,-0.5,-0.401488037306954,2.31086067318424,0.820849729096428,0.917949458615852,2.18084701166913,0.138793382394104,0.0476350428444346,0.0738234261639851,0.109327939412412,0.184066913085124,3600.38150135812,1,1
799,-0.5,-0.413061145719517,2.25429955336014,0.916159740968638,1.21870344346519,1.81208103287724,0.13561024825121,0.0497306291011464,0.0763143461323144,0.100452340554481,0.17161764390356,3615.62096707276,1,1
800,-0.5,-0.385523061306745,2.3099857440501,0.778544750665325,0.914431818648448,2.08214031674182,0.146997502465786,0.0450999357169827,0.0714907262914672,0.108715044231219,0.181516648094591,3589.75922285365,1,1
801,-0.5,-0.666086954692387,2.27368061853222,0.780469222610165,0.863491986281624,2.11556310447253,0.183382162402508,0.045352677829113,0.0720325754999162,0.111011095694751,0.185283350968664,3549.13610206105,1,1
802,-0.5,-0.495306386885228,2.37235691250962,0.641855383813309,0.773765298629885,2.26150562509086,0.154029636511883,0.0445695073922153,0.0715358045881223,0.107463158263696,0.180029898245754,3553.27524006269,1,1
803,-0.5,-0.742422007888854,2.30633300787586,0.784372193660803,0.886835615904215,2.04965482283163,0.194786120727435,0.0471706004048095,0.0737500316646536,0.106041651758944,0.178333603055019,3558.34060435985,1,1
804,-0.5,-0.611799860881225,2.33433229975785,0.758340198343183,0.964505557361386,2.03447041506996,0.158342707351792,0.0462758803218339,0.0721568094583423,0.10725064650752,0.171301513729146,3618.57686501997,1,1
805,-0.5,-0.527444053501312,2.26712123098842,0.828977435648748,0.920856389174363,2.03482171216618,0.165094791703724,0.0463847753523568,0.0715544112102479,0.106590472840508,0.18078489871495,3553.44078235727,1,1
806,-0.5,-0.183443845439848,2.27748673094577,0.802961182153607,1.11349183525718,2.04503700993993,0.111282749818039,0.0500901059793624,0.0769354929777746,0.106734210941455,0.185244014527071,3574.9599231944,1,1
807,-0.5,-0.750974793333843,2.35551392119097,0.803429233493932,0.996310749460506,2.03840410536999,0.172701458583244,0.0489072103960094,0.0754664932033816,0.107897756641027,0.17660541624958,3622.87831400566,1,1
808,-0.5,-0.350623641094447,2.29358646350893,0.886431640948675,0.737637898804491,2.40409154681216,0.135371795770214,0.04492767004881,0.070518906937004,0.114905368049037,0.189802440381177,3600.39020071776,1,1
809,-0.5,-0.472158145222521,2.24981151379288,0.841390106650391,1.10876307244805,1.78193348466698,0.152757485868934,0.0479642311398074,0.0756020621382844,0.105143890890228,0.175787814969159,3577.15323355298,1,1
810,-0.5,-0.288001688255775,2.26750250856411,0.838122428493365,0.887523023322009,2.21929722976469,0.129924017932757,0.0471885404960834,0.0729628394047219,0.11328765311457,0.183379573254144,3599.65311592969,1,1
811,-0.5,-0.373319225764765,2.29502503410217,0.812509220071034,0.98166466374663,2.11744278910231,0.134534878667656,0.0477158278563603,0.0734088419516902,0.105747134655675,0.175574162202773,3608.4613503324,1,1
812,-0.5,-0.263807248549334,2.27378180071573,0.827831297979131,0.956462379420122,2.03877627028141,0.122365516295874,0.04747939769772,0.0749177975456904,0.108877706436352,0.181419890094421,3582.16291594852,1,1
813,-0.5,-0.601844317619558,2.32540269985397,0.762872326865957,1.00205324862058,2.0679928713502,0.156405317872629,0.0476705179280206,0.0753669108885423,0.106384084931392,0.175646205274366,3595.80508937181,1,1
814,-0.5,-0.648454763184189,2.31758260721391,0.783453073303307,1.030403021552,1.84431927488778,0.183790542209468,0.0462383249898421,0.0711760624071422,0.107034062422381,0.176313701297035,3617.34731515199,1,1
815,-0.5,-0.454815182765825,2.38396145460668,0.69072827111948,1.10433515975461,1.96888781312532,0.144876073526188,0.0490886468907542,0.0759005373584517,0.10425235231472,0.174447352442093,3657.10276614998,1,1
816,-0.5,-0.580101211366568,2.24670972702514,0.85040980150107,0.970549983154686,1.94057062212433,0.16810566949226,0.047612761465107,0.0742515457020139,0.106860044183912,0.179230267235754,3559.92640901011,1,1
817,-0.5,-0.387425613655777,2.36239741340864,0.785954763232593,1.13505618313393,1.91079924618527,0.137285243089362,0.0488873374945876,0.0763182924116607,0.105785980574833,0.176533309375432,3657.72195485766,1,1
818,-0.5,-0.70044180315452,2.29450945177838,0.788914122929258,0.907684048298724,1.9817924149117,0.190206352082715,0.0463791154547933,0.0724985177905006,0.109378837433791,0.174861746278582,3589.7389435056,1,1
819,-0.5,-0.300472286829886,2.30465070307976,0.774588482540313,0.950315782815644,2.12137365952155,0.134034703977938,0.0484826254632718,0.0738133892378661,0.111805081616265,0.182672014145945,3621.0683606953,1,1
820,-0.5,-0.687343791773383,2.31647568668873,0.749897066586957,1.10271258239325,1.74325836525655,0.184018690109615,0.0482160451418786,0.0765791430608752,0.104877455746648,0.173632278932499,3596.83912740775,1,1
821,-0.5,-0.588529390414057,2.34580887388521,0.728534023085843,1.02922701607505,1.9357528385784,0.178209117668473,0.0474349511941159,0.0736111168077202,0.102696069650544,0.170196395143138,3608.44681452524,1,1
822,-0.5,-0.281759278325627,2.27315247365403,0.859883171695272,1.03524178578109,1.95020596180788,0.135863609006318,0.0460255765125408,0.070634796067444,0.105803771692092,0.176797194392957,3611.45058970128,1,1
823,-0.5,-0.660863732391159,2.35294636138623,0.721810986029898,0.992721331497783,1.8383191358328,0.196038158902417,0.0467198721275923,0.0732981749204898,0.107203706036864,0.186866374124644,3587.53814493397,1,1
824,-0.5,-0.402570497317892,2.27829722982399,0.843765529339541,0.982947959649657,2.05862714903725,0.143922504958219,0.0484673274489573,0.0762475032637965,0.10791805371697,0.180262418367212,3604.34989210217,1,1
825,-0.5,-0.560684123732511,2.27304236536833,0.858073236067601,0.865477751015634,2.3090645391993,0.152534507139211,0.0484853296516269,0.0744279669043648,0.108108376968774,0.180633915808572,3592.30542238464,1,1
826,-0.5,-0.493006384217909,2.33075419215202,0.794704833890056,1.10538351636317,1.93621288805576,0.150725757425307,0.0479836478238438,0.0757991087595202,0.105538260904933,0.181362604380307,3624.36897564833,1,1
827,-0.5,-0.524345216223129,2.27486530612831,0.859148977451803,1.03090627179583,2.03118702809311,0.149571884785807,0.0494096601488532,0.0768016139618171,0.100042699779744,0.169389114426101,3591.89769327285,1,1
828,-0.5,-0.356464293108194,2.25760626224771,0.848052544643847,0.916014394404469,2.09656716970354,0.14424297017123,0.0471711127537248,0.0722045952781764,0.107989678177786,0.182098904044552,3580.09340837732,1,1
829,-0.5,-0.341083043931613,2.33884591189106,0.765726852331746,1.07084851777009,2.09707745755493,0.124062111844563,0.0467316122865801,0.0736197752713607,0.106071357539533,0.18081959492529,3603.63175012884,1,1
830,-0.5,-0.33312812560094,2.27333646165565,0.868194673652777,1.11086727975699,1.96679447584335,0.126087572297996,0.0490706770393767,0.0778282793135669,0.106450850035336,0.175701023182802,3621.83987635029,1,1
831,-0.5,-0.418394589300243,2.28753656242614,0.860375077182224,1.04518398611465,2.01288736124039,0.144365071226321,0.048946230606502,0.0763653762377868,0.107427286069797,0.178031457782879,3620.53660009531,1,1
832,-0.5,-0.503528048573851,2.30488574755144,0.750927690078195,0.959636178179308,2.00838246056998,0.16240620709087,0.0469964950741633,0.0742945886673037,0.105355589960636,0.184642414045392,3557.77268725311,1,1
833,-0.5,-0.783408749257452,2.33070138783818,0.796039762589264,1.03286536028605,1.82739363266211,0.209793166434633,0.0463420856879681,0.0722425613273474,0.104514127640459,0.173293723139771,3613.13461394996,1,1
834,-0.5,-0.340804106724582,2.28393015954174,0.857171190721915,0.991854347000612,1.9946307700475,0.142110835148311,0.0482816187005359,0.0747308575655042,0.108529832432216,0.185498335411302,3599.12374881075,1,1
835,-0.5,-0.47475931629642,2.24999084710098,0.847193410938561,1.19121071441995,1.56713322921946,0.161558047838103,0.0496605509130624,0.0766145164771899,0.104548770941583,0.174035678361597,3601.0797911197,1,1
836,-0.5,-0.619858595948899,2.2117987713615,0.908228466016208,0.985425070503211,1.8646663951058,0.177779605442908,0.0482351960711045,0.0738352475637423,0.109414603489041,0.175298171867932,3579.99775087334,1,1
837,-0.5,-0.594742963429691,2.26672650143581,0.841405031657958,0.87457461964909,2.07339919792499,0.170629539523185,0.0450013670190872,0.0703612956745411,0.108402197842845,0.18024761371207,3560.85037649305,1,1
838,-0.5,-0.354762641883968,2.27929397365929,0.823835617176776,1.04436139711205,2.00290024742778,0.139121687153438,0.0481182255709066,0.0758565579088233,0.104655490170145,0.176721831107981,3599.4380722666,1,1
839,-0.5,-0.389752866458367,2.29273903599445,0.842071375933723,0.980005330748482,2.19968006449699,0.133755831608932,0.0502596552832957,0.0778783649446033,0.110457573706499,0.181761761258231,3630.08853721839,1,1
840,-0.5,-0.581856020204729,2.27088283685438,0.840020273805855,1.16006844125284,1.77029704103282,0.168405807864051,0.0484571583160906,0.0765181579833828,0.104857700897362,0.171645436997277,3613.1661339406,1,1
841,-0.5,-0.711854397884311,2.27488487250951,0.823448812194533,1.0010655147094,1.85044167986338,0.18799930333861,0.0477068914355387,0.0753607050495101,0.105165809598478,0.175781120950278,3571.44516386484,1,1
842,-0.5,-0.36833711373103,2.35357851787198,0.701768944601251,0.702380819731357,2.56313747962532,0.127745459273779,0.0455762205670515,0.0712407947140733,0.111057776099364,0.18633983860588,3570.21706552065,1,1
843,-0.5,-0.397286688065147,2.31427197419784,0.748324344837641,0.98202000617172,2.09924204418909,0.142880023476608,0.0477647357589524,0.0760794150129041,0.109227544716073,0.176427410033483,3596.74499857715,1,1
844,-0.5,-0.831957501957464,2.27279158319001,0.88767467855637,0.914447719125506,1.89653657980195,0.229111982579962,0.0459773375127306,0.0715094974413903,0.107933643712546,0.172809799452582,3602.4514623262,1,1
845,-0.5,-0.637560757039062,2.29772824095816,0.756508544784155,1.03213795441767,1.82019202489993,0.182942029007936,0.0476690965765823,0.0745392037841333,0.108335045703612,0.180818455649999,3583.15962046383,1,1
846,-0.5,-0.58158553955225,2.27719861606745,0.823855784905691,1.11025977370119,1.82651454682425,0.156735892078599,0.0485419180430917,0.0740034889684602,0.102653300517496,0.171749264752467,3603.31393886307,1,1
847,-0.5,-0.631058697366693,2.38835796832119,0.587550373405537,1.19369090685144,1.7650431048037,0.175670201086948,0.0475224846012107,0.0790877728954457,0.100439914226598,0.177000127933263,3577.07282664749,1,1
848,-0.5,-0.235068740349737,2.24529400656479,0.850404832460621,0.966541567302184,2.01725991903301,0.128853438962636,0.0478606652060016,0.0743123302878847,0.107736672232912,0.17811877281113,3574.05671132329,1,1
849,-0.5,-0.50269076933674,2.29029539838836,0.835307860076429,1.24977220318279,1.65034614279328,0.160749232879477,0.0507226841122157,0.0762511127322712,0.104013345012546,0.174676308103643,3632.76790981446,1,1
850,-0.5,-0.428706261043101,2.39846805650541,0.714645493292902,1.12193461929018,1.87931456372238,0.16100973200195,0.0451294042624854,0.0707406877180565,0.10470868224062,0.177220185435054,3655.76233488616,1,1
851,-0.5,-0.443415767431511,2.35153825724198,0.755598532267921,1.15310041543191,1.8475428670678,0.141494827700314,0.0473676227461301,0.0746987160327788,0.103774202330929,0.173590817585273,3629.79292182295,1,1
852,-0.5,-0.280617395384949,2.36824034126455,0.664238020981813,0.889241313210189,2.31075758673638,0.123191008529773,0.0471721329907329,0.0742077632474617,0.111178597477568,0.188058567459865,3594.57945136206,1,1
853,-0.5,-0.579689542530929,2.27836872464133,0.794959788557524,1.01142759081917,1.83294234966766,0.173569638480898,0.0484862575660168,0.0754146327681116,0.108618589396872,0.176382524062508,3586.52021050446,1,1
854,-0.5,-0.935791254936869,2.31609202650436,0.839307975291302,0.892475614468911,2.10078069846893,0.202075972901802,0.0484566432524298,0.0752515224083048,0.1066994963592,0.175899161810898,3601.06697355482,1,1
855,-0.5,-0.596747725157706,2.26404185069641,0.798693799531935,1.02166383241839,1.95661190286503,0.165819983950965,0.0489316391013833,0.0756423567654989,0.106971802697075,0.177566645140871,3576.46821238164,1,1
856,-0.5,-0.351210911589372,2.27627156555704,0.839319181673428,0.876054673169046,2.12511834830427,0.142835096501846,0.0468581600514229,0.0732470559559503,0.113941577368415,0.181131886888247,3610.40503003655,1,1
857,-0.5,-0.684206657343182,2.22987092920494,0.922236283573555,1.02167457514615,1.84375664050755,0.183763476945937,0.0469015133602888,0.0742064483938157,0.103948145391134,0.174539944026013,3570.28066635315,1,1
858,-0.5,-0.619736506193556,2.29551728979486,0.794772931884126,1.11127685115987,1.8285656415982,0.172632855650228,0.0492652118925295,0.0779112803272826,0.102388725765035,0.169744705007904,3599.35364062564,1,1
859,-0.5,-0.371632280937478,2.37676796820124,0.68222186639459,0.852170567225256,2.35324923136929,0.126979012027598,0.0448931616362699,0.071986585112336,0.108144536955754,0.179241880427962,3578.71140302892,2,1
860,-0.5,-0.550794828936661,2.2613029424758,0.807466207312587,0.836472969360378,2.24332359379353,0.155044610134807,0.0456240918298455,0.0718941905920887,0.10908508691666,0.184394958323415,3546.05088566871,1,1
861,-0.5,-0.6591137228946,2.34468023184178,0.745428948735351,0.834143241280551,2.20295251221152,0.178902646548763,0.0468589621351807,0.071702989062542,0.11156565734575,0.178943469693463,3611.91537584959,1,1
862,-0.5,-0.644163425997691,2.23225804030837,0.87958612588611,1.05087770756606,1.79925299819277,0.171153736174396,0.0474715496730233,0.0736409674768301,0.105099272951849,0.172501164306513,3577.18597151447,1,1
863,-0.5,-0.712878039364026,2.33812688966797,0.769814833803668,1.00313818995825,2.01101825595108,0.185712827607933,0.0479165983669092,0.0748644364025638,0.103870135824052,0.172892914103732,3611.96512014102,1,1
864,-0.5,-0.56278875582929,2.29639848880943,0.827875993956224,1.02050844734403,1.92872390349177,0.170579904706707,0.047287359958465,0.0736427566883189,0.105681781173962,0.175749450586807,3611.13720010748,1,1
865,-0.5,-0.532936868899139,2.34598955213168,0.653475095313615,1.02898233418481,1.85919209069629,0.175251525343984,0.0471750958590964,0.0738694292793192,0.104471619407157,0.17638328040147,3579.01703220716,1,1
866,-0.5,-0.678309173410359,2.3109675946154,0.837790917929283,1.05603186630416,1.75452465236519,0.189377722247576,0.0456880985148936,0.0732547702630436,0.104047042391423,0.168881997024219,3620.1872348596,1,1
867,-0.5,-0.377055639944353,2.34406429511831,0.69986502060369,0.948606668224073,2.1807974468352,0.128815588832047,0.0473918293454661,0.0744710789945731,0.107366161797798,0.177432261500761,3595.09953042889,1,1
868,-0.5,-0.401627522837252,2.31985263928298,0.769527474540691,0.867878192481239,2.13448165364441,0.146167823152929,0.046353692481255,0.0704801794302791,0.107948034276232,0.182699241101883,3570.4133380695,1,1
869,-0.5,-0.655189931107805,2.30503703401075,0.723435724669352,0.978712903876458,2.00041939118863,0.163126717754794,0.0476481251198994,0.0737985764566353,0.106105444526406,0.172998483168637,3576.40817945643,1,1
870,-0.5,-0.399682320955098,2.34416410195511,0.708635721664543,1.01929860057608,1.95716013027687,0.148167428346443,0.0459827450989513,0.072031297430107,0.103381826697639,0.174662072255946,3594.3689428575,1,1
871,-0.5,-0.586073159114876,2.26090814904171,0.830906501339783,1.03350847564276,1.94404985391759,0.174238664311992,0.0476694488480764,0.0750794138734846,0.102867202707553,0.1779731458426,3560.01367585275,1,1
872,-0.5,-0.408444676833495,2.29375373522425,0.831626501442237,0.724982841691404,2.37381682904366,0.158626414405109,0.043982698901512,0.0689640235815104,0.111691279170451,0.183021741983226,3578.80541747223,1,1
873,-0.5,-0.321041615522959,2.31030300137458,0.83839694280549,1.03143529998213,2.04377821207817,0.129126081458228,0.0468053341792662,0.0730381507242663,0.107283970640063,0.180020255362312,3611.32890480369,1,1
874,-0.5,-0.666822766164679,2.25611181924779,0.817280494691631,0.930944584710383,2.09370897396135,0.163851859358636,0.0481541317630747,0.074064118027708,0.10553783847387,0.178621208790988,3524.96454487095,1,1
875,-0.5,-0.498505784779055,2.21981149602818,0.873418537222336,0.97514006642005,2.15216234059458,0.148961550402522,0.0508899540066363,0.0762300322774421,0.105717681441104,0.172677841995394,3583.78509872837,1,1
876,-0.5,-0.587142550322822,2.34388040719422,0.788779868370815,1.11713375794703,1.71008579048009,0.17769964879679,0.0474903894627137,0.0752212903820299,0.105380155683016,0.175009925991649,3629.95967079871,1,1
877,-0.5,-0.349298613174697,2.25426777369704,0.826703939350627,1.16419801217679,1.75118650239343,0.145579927730276,0.0501938041098559,0.0769370496198087,0.107365645621917,0.179431003668658,3604.52632970157,1,1
878,-0.5,-0.702680188881466,2.29272688395945,0.847941439795871,0.925380237090433,2.04934622187684,0.183172867769608,0.0466430702537031,0.0722705973610732,0.106745307181161,0.180092862599983,3593.61094011187,1,1
879,-0.5,-0.390233945573236,2.32802621311916,0.781916390633731,1.10675549552289,1.86745546244041,0.139801566139982,0.0473848278387964,0.0728917880017026,0.104075629420926,0.170091488474298,3638.35570216313,1,1
880,-0.5,-0.699822071174791,2.32400799822634,0.728725149667707,0.853861127965951,2.07223334017071,0.189033054159981,0.0462768776887614,0.0718906272477524,0.112082492099384,0.184284802256268,3578.37992578227,1,1
881,-0.5,-0.298829474558953,2.31695268169391,0.769568507384636,1.00509939172051,2.21954779023628,0.120212142214525,0.0491658391754172,0.0778436670728502,0.10606699585495,0.1827378485058,3590.3665205705,1,1
882,-0.5,-0.533444594593886,2.27948554453685,0.875335952773052,1.11345409027835,1.74485593793385,0.170907982424616,0.0474272260424789,0.0735135185267346,0.106339192553756,0.182529723196951,3613.34251070942,1,1
883,-0.5,-0.749594232423432,2.24008560098572,0.855211941682298,0.970984324485501,1.94950827958632,0.178221551586335,0.0482711302068684,0.0754703253449362,0.107787680812723,0.172873424481191,3570.21258426075,1,1
884,-0.5,-0.62299963025178,2.28668048335339,0.814945116829893,0.981697212458987,2.03783305522914,0.165115120585979,0.0488829444053665,0.0768059324399837,0.106389197579886,0.172677745859657,3606.55952242122,1,1
885,-0.5,-0.310424996853179,2.3075950409282,0.757586681584531,0.826039999181999,2.29873630902301,0.125949825719874,0.0458846066175075,0.072649761791513,0.111154887608996,0.187268735396571,3561.04194537901,1,1
886,-0.5,-0.326375425450802,2.2718657996119,0.854926316949599,0.833445437678444,2.25343586707887,0.128707594835528,0.0451749633607525,0.07021694465027,0.111918325131049,0.18807687458762,3560.79716234776,1,1
887,-0.5,-0.0775188633808838,2.25963398749378,0.805417749057659,1.03035213032659,2.03906691280755,0.104383795624106,0.0472190530262058,0.0749578020774699,0.111135935949813,0.186935044549877,3582.4186407895,1,1
888,-0.5,-0.43375289075047,2.27996709449875,0.854789961895367,0.931678366262706,2.14134825100465,0.146502717661334,0.0473152876253332,0.0731220040100636,0.109612847095932,0.181292365740269,3620.22239156542,1,1
889,-0.5,-0.428664870297421,2.40361545149824,0.660658710325181,1.21518150705059,1.70681582846472,0.147549145199797,0.0480022289130266,0.0753798273814993,0.105554202542873,0.173004542204323,3659.40711040414,1,1
890,-0.5,-0.652784351063388,2.28072280838805,0.86518068974863,1.14750573188902,1.68270126985787,0.178816154856939,0.0476628937710563,0.073742157843787,0.104278313601482,0.169215525843486,3632.28541040009,1,1
891,-0.5,-0.41375076760431,2.27443778414256,0.86083069746909,0.869202976578902,2.07078753436671,0.14836747386979,0.0460628786887997,0.073685529635794,0.113815447366339,0.187401528379693,3595.58827417312,1,1
892,-0.5,-0.442545051316335,2.3140920609294,0.819128451501955,0.952402400674193,2.05731005021524,0.156443753580334,0.0457140095050739,0.0731492930013988,0.109253230902865,0.183718456684297,3610.63429037397,1,1
893,-0.5,-0.441159289977152,2.30368306651443,0.783774256068198,1.0029807312763,2.03212923770133,0.134802576442405,0.0477745774880823,0.0744472239235674,0.10678263555849,0.177419538369179,3591.54045057031,1,1
894,-0.5,-0.211178993892238,2.39331579008104,0.707431987516218,1.2934831457046,1.72664502469316,0.124227740411785,0.0492234024497427,0.077416708373089,0.100396543390202,0.171612029875119,3657.64291533761,1,1
895,-0.5,-0.451625711118561,2.27039550096072,0.814043995145437,1.10360161365287,1.87913006806754,0.145205255803844,0.0479293361202179,0.0755558282418886,0.102533142105883,0.177090365065009,3570.40946344894,1,1
896,-0.5,-0.473295382919019,2.3492146178201,0.721407950298213,0.76406304672318,2.40496915862142,0.15179692013348,0.0458604769887494,0.0711454862994123,0.110664362608959,0.183502319610735,3584.60602482992,1,1
897,-0.5,-0.559040554404236,2.34200602195127,0.735693414778981,0.951303257183151,1.9924240746189,0.179926254712866,0.0467832751325656,0.0741119925023982,0.106238637521772,0.17433889937404,3603.03972825443,1,1
898,-0.5,-0.306783419892908,2.28810826257425,0.750230577927661,0.949850787275767,2.16195250602055,0.136083778135602,0.0477095430687509,0.0754101314511297,0.1104985827798,0.192383796889816,3557.8125239633,1,1
899,-0.5,-0.525659126680218,2.39311669522659,0.679503398137228,0.948319077650198,2.18607994778029,0.157588495418138,0.0467155993008457,0.0728252330410042,0.107200856836812,0.185882831325754,3592.5169467384,1,1
900,-0.5,-0.582221791572094,2.290935667577,0.785029563250754,0.92511423929016,1.98211804503838,0.183594619675196,0.0454435756283375,0.0717469018099566,0.106601869822165,0.171342187239628,3588.13587251464,1,1
901,-0.5,-0.385103279512834,2.32675929919117,0.813257341248857,0.809237092034192,2.27867474891723,0.143513321459949,0.0452889980366566,0.0701800503748213,0.110591197397674,0.177763204604035,3615.25447684689,1,1
902,-0.5,-0.748151332725282,2.26862032206822,0.813795429646685,1.0971121434946,1.87469957540222,0.180992471991857,0.048453024201469,0.0752799022980702,0.101372012062372,0.175165573485171,3549.60015858879,1,1
903,-0.5,-0.372522729925676,2.31592120539919,0.779949335540016,1.14790151131899,1.84748356244453,0.136191341565649,0.0491185419655402,0.0763336180462589,0.105698516794677,0.173800518268948,3641.4637576585,1,1
904,-0.5,-0.356220204244297,2.34779180422218,0.77864971187802,1.07813457774983,1.95468751036944,0.132433027352034,0.0462056157607561,0.0749848946635931,0.10804870642007,0.183121682644362,3624.41463917043,1,1
905,-0.5,-0.629857662860162,2.20150099124574,0.963083404931444,0.981524144423147,1.90928985891512,0.178791583461862,0.047228948799078,0.0727384204393523,0.107783429481419,0.181383205830271,3565.46450021729,1,1
906,-0.5,-0.445196543830633,2.27413827828367,0.824895426771689,0.981596258849045,2.21307507302817,0.13432376760986,0.0498977419234967,0.0758704006080594,0.103025576943822,0.174167824521663,3572.65499441411,1,1
907,-0.5,-0.582378362132561,2.28097472060753,0.832488183221085,1.05174266049273,1.88332290426488,0.158638556880617,0.0486598843193277,0.075639921669312,0.106642320878317,0.172274817677799,3595.97544007775,1,1
908,-0.5,-0.579546684387467,2.34050236874812,0.757645628160822,0.813729984610836,2.2944795488608,0.164462137939325,0.0457646730783672,0.0712909538796199,0.110688837200421,0.184260787796862,3597.03898447021,1,1
909,-0.5,-0.227058680010099,2.2042555300337,0.962011592091663,0.955855446693752,2.11105746025515,0.122927988922361,0.0490986077183197,0.0773067856459962,0.109639345896943,0.188364409710136,3554.6114264756,1,1
910,-0.5,-0.315850740308286,2.26471558760218,0.865920004241217,0.913080682569811,2.24361984739338,0.128019235636512,0.0486422982973602,0.0742232031479797,0.111771818378232,0.191311499052861,3579.18473458766,1,1
911,-0.5,-0.57741658183765,2.25732286263889,0.837986837100167,0.991259423155441,1.96012275520606,0.157805683556413,0.0482628418119446,0.0745660983146564,0.108891732272931,0.180620683215019,3594.05414556803,1,1
912,-0.5,-0.559802555579627,2.25694597685091,0.914222619520323,1.11353958803651,1.83830097610004,0.154352137064031,0.047820584985408,0.0741278448694281,0.100778743991743,0.169450263568023,3601.46112161194,1,1
913,-0.5,-0.157723451989463,2.22738892662731,0.91770685301563,0.995143173647558,2.08453739820546,0.111477138766505,0.0480643929619238,0.0736155047315153,0.110910334724568,0.177397993837571,3629.39891958877,1,1
914,-0.5,-0.436473648362128,2.31771727714297,0.836879211145126,1.01530414619127,2.00597833607379,0.139004097044243,0.0479576877675833,0.0737193015757672,0.106704892735299,0.176965490703064,3642.34271793192,1,1
915,-0.5,-0.761562622900299,2.32021427070252,0.785422801159719,0.831445891412127,2.0996542777838,0.204553533962146,0.0445766572264984,0.070942242071418,0.108621068540839,0.182697314802925,3571.70547104813,1,1
916,-0.5,-0.500758541910242,2.31708056938698,0.788051810510235,1.00172325138758,1.99755025369304,0.154108839595352,0.0465571915197109,0.0739949425422527,0.102747618474258,0.177852074955192,3590.99647333238,1,1
917,-0.5,-0.244689119219276,2.31007103283016,0.710398886707351,0.887810337088194,2.22887741574763,0.125923468569737,0.0473074185430263,0.0748577495023753,0.112019122567368,0.1795812389362,3586.63058836745,1,1
918,-0.5,-0.363243742761749,2.33042813708891,0.799871823738873,0.985767429537467,2.00347991534509,0.147596491541861,0.0479754047308453,0.0732223771768431,0.112430435513476,0.18082927705242,3663.95074822701,1,1
919,-0.5,-0.542042304890077,2.33492593961197,0.748228752245152,0.899078503845111,2.09055758901567,0.173025892118134,0.0467898132639576,0.0725701434676543,0.105325838243422,0.16970961121086,3604.73409966119,1,1
920,-0.5,-0.385380258766187,2.31811446842933,0.756541275461545,1.067059335732,1.84853481266483,0.143520551586278,0.0460531769300608,0.0715884890364678,0.108458088210878,0.176968741776044,3621.52451748575,1,1
921,-0.5,-0.365870756697882,2.3305287683751,0.697210924765087,1.05484916872824,1.97385068727199,0.138896711983706,0.0471133700599693,0.0740172381573145,0.104520366067189,0.167484508962839,3598.5297587306,1,1
922,-0.5,-0.683033329387596,2.26695470898637,0.868501076058383,0.860090658427947,2.14076583680122,0.192925466656752,0.0470124764501854,0.0743975771764322,0.109940840372796,0.174468504769365,3585.92435999855,1,1
923,-0.5,-0.581034582675793,2.23955383772218,0.914475040905151,0.909738793449282,2.05704060816262,0.161240274855827,0.0468484097144842,0.0739367703325646,0.10947999270751,0.176441714542468,3571.98001661082,1,1
924,-0.5,-0.737845408695118,2.32812605965682,0.745055673658188,1.04082486478659,1.8383830217689,0.189686688039751,0.0463589914080122,0.0724194111259299,0.104663116031023,0.171759813790846,3602.11609543796,1,1
925,-0.5,-0.636686508522715,2.29368241328985,0.851448979359219,1.02022465542278,2.00395490417249,0.178355643058239,0.0473843539674139,0.0751944917170799,0.103116006824859,0.168317418243562,3616.6138886533,1,1
926,-0.5,-0.272349268596698,2.28648662960619,0.820163876550758,1.06620514048033,2.02352601401471,0.117948627168393,0.0484611115590341,0.0737322008307997,0.108457465862226,0.181360873061287,3618.12746573525,1,1
927,-0.5,-0.632296400798489,2.40258635655864,0.665119125533559,1.05047902525428,1.83658366317793,0.169901136204454,0.0473927399905601,0.0750352543635242,0.107214856959768,0.175304290731746,3627.78756296356,1,1
928,-0.5,-0.291002357534667,2.36806719129906,0.723441010594314,0.981755079197235,2.10575036165095,0.129219850520267,0.0456233743672041,0.0705995257319871,0.108719420422193,0.186876697501978,3629.44658263437,1,1
929,-0.5,-0.594260833637004,2.32234233853214,0.708881420770192,1.0698867359618,1.88571007616174,0.163903876432611,0.0474646345873697,0.0759419193359237,0.105644485842289,0.175630066962929,3574.80748366872,1,1
930,-0.5,-0.592394423398989,2.32222444317904,0.83640058450122,1.09222909248833,1.8141683684417,0.161667070173974,0.0492086808477388,0.0753436873296619,0.104864212141823,0.171171051733141,3648.6366598529,1,1
931,-0.5,-0.251156313386124,2.22182014455508,0.917313386744607,0.816925837880007,2.32715766397049,0.118342157657366,0.0466969258260344,0.0706750600819697,0.112357852071117,0.189193422475744,3585.37532118596,1,1
932,-0.5,-0.873054026578723,2.34456437426608,0.699891668141124,0.986843892790767,1.88707270988232,0.220763705116462,0.0465486938590435,0.0738189083351067,0.104186346112776,0.174068957984681,3584.45939123388,1,1
933,-0.5,-0.495398453800944,2.25946418332467,0.817928720104632,1.08757359863803,1.85341586648121,0.148190948883755,0.0480699558399623,0.0759946778890183,0.105733955747272,0.170907182839286,3596.54324819403,1,1
934,-0.5,-0.542413086631799,2.22645087409115,0.885317110488484,1.09909372416314,1.81906323595757,0.169746243778405,0.0486752415677418,0.0756206252279792,0.102503585004214,0.173217971080813,3566.10216789474,1,1
935,-0.5,-0.409057743886974,2.35265710590671,0.730605677748921,0.909817460480098,2.12769879628129,0.141320116667999,0.0454619380863017,0.0711635055057557,0.108128371537542,0.178574959936733,3598.36440098607,1,1
936,-0.5,-0.6039159119146,2.21712455766556,0.891632540688317,0.985972928550602,1.94474411688883,0.171039520501159,0.0499002336249314,0.0754980711431863,0.109464955818896,0.182551868998427,3560.02110001044,1,1
937,-0.5,-0.643211263484353,2.32494343893466,0.795750876383944,0.978899055778654,1.99759354853874,0.164616063193178,0.0470233463762243,0.0712199876343951,0.103641330834684,0.169404656441667,3598.53260761977,1,1
938,-0.5,-0.381009886939196,2.396078580906,0.658626447716188,0.917833312038531,2.08759453776671,0.144770026823489,0.0468327001472306,0.0743554556482485,0.108822736707955,0.184377317945729,3611.07944276646,1,1
939,-0.5,-0.406158350508096,2.22767341286934,0.97931091700037,1.12914953701627,1.89168672823352,0.140596587360039,0.0500928417588323,0.0764526702822942,0.106715791898111,0.173503781653059,3646.33672871336,1,1
940,-0.5,-0.390648897122145,2.36631212823941,0.744223443597222,1.13478315525899,1.84656710912295,0.146712070283186,0.0468214709755264,0.072870700363409,0.103422342858347,0.182369884138418,3628.69351084053,1,1
941,-0.5,-0.430070979088376,2.33445377549491,0.784949838227879,1.00729117370915,2.1313375164865,0.139697577193744,0.0474940733137179,0.073945145979075,0.104145240539852,0.173512827286091,3627.659375685,1,1
942,-0.5,-0.705506149013772,2.2763054329059,0.874389928174141,1.03947546877897,1.98618430063752,0.17423923823309,0.0487332284610442,0.0775764885204606,0.104691424567493,0.175634948838364,3580.23005328894,1,1
943,-0.5,-0.64074870350105,2.27061691799612,0.794535861479557,0.796998195147903,2.23698054001431,0.180376313542036,0.04619451954727,0.0713706574449721,0.108534352587046,0.177796874517829,3560.12484261347,1,1
944,-0.5,-0.284255510127607,2.39749561880105,0.680029982253392,1.03855604156957,1.84766443233003,0.131413233199417,0.0451255864713779,0.071459991426193,0.110383504839414,0.179516210943405,3642.95778805962,1,1
945,-0.5,-0.571996718036163,2.3299679459985,0.793833922034748,0.905208336568916,2.20407500842019,0.162506476068638,0.0469874338742458,0.0733147474556575,0.106980071471308,0.176647024374649,3604.79400522432,1,1
946,-0.5,-0.305436267062282,2.33528034341473,0.772878930394656,0.903029367739412,2.32329196177124,0.113603524813137,0.0472959484802194,0.0735022003634847,0.110432862892498,0.178520199241384,3617.83545933233,1,1
947,-0.5,-0.709697991777138,2.33876615044077,0.737099733494942,1.04369271311233,1.92551261444737,0.186034949278185,0.0470871762714905,0.0743635291607315,0.103799349873645,0.173543413435487,3599.05865628559,1,1
948,-0.5,-0.493318727863356,2.29199124873848,0.795602362226187,1.14099764300958,1.75444464364991,0.154398858605382,0.048356432443008,0.0757949822722528,0.104222442610244,0.178729930760406,3598.73812934459,1,1
949,-0.5,-0.638572998226395,2.30719056348173,0.812174578943296,0.991551613963236,2.03223004294265,0.163164526327541,0.0489848315053879,0.0762343427568213,0.107892326898262,0.172260773653145,3617.62197637894,1,1
950,-0.5,-0.266056708092737,2.38773927968981,0.745317319862348,0.989393322742832,2.0869744540429,0.121253983450661,0.0463923011900553,0.0713959006627169,0.107794710941635,0.17910928063679,3656.325004995,1,1
951,-0.5,-0.496809993986472,2.2685055578755,0.899784023863143,1.21472930474803,1.81854244871941,0.145298819970601,0.0499517818552769,0.0778285727861405,0.103468260167998,0.170359049516477,3646.84400022094,1,1
952,-0.5,-0.329219477317253,2.32048536986645,0.762636908851389,0.825253462288218,2.32501917202992,0.124347806463873,0.0454768209248287,0.0720744007411701,0.10981500661751,0.182265670927658,3582.80136410576,1,1
953,-0.5,-0.501298131643854,2.27904024035777,0.741144401424316,0.933228874856471,2.05840625942424,0.149186667874743,0.0481173492079513,0.0756779223536741,0.107484052927731,0.17668482650455,3557.45487375237,1,1
954,-0.5,-0.245121024350653,2.27923382365657,0.823951747916218,1.0516449424656,1.89993477500311,0.129040398851038,0.0480372966153617,0.0735104025126133,0.110391646253899,0.183403102631686,3615.19899608479,1,1
955,-0.5,-0.428624944222402,2.36940292872274,0.732584268204989,0.866349711751941,2.29955533990936,0.137652197315534,0.0454263453587181,0.0730635679744875,0.107347801188912,0.175500280503845,3624.24186643516,1,1
956,-0.5,-0.461791047152786,2.24874585924554,0.796688858315037,0.964150558293134,1.87117616481238,0.160041258092308,0.0476985358791015,0.0754563685650751,0.109310928108159,0.180027446874213,3543.08604089551,1,1
957,-0.5,-0.562340440935707,2.3473088594009,0.791738224982827,0.859618477842104,2.29174621485696,0.159314864869981,0.0446492783026326,0.0717317042572678,0.107929490011703,0.186422928286801,3589.63874104858,1,1
958,-0.5,-0.448522366782886,2.33616923997795,0.801012359780606,0.95270905068242,2.10207310834017,0.160322605274706,0.0460107406455031,0.0714096030424719,0.10580833378888,0.178496448990632,3629.77500207178,1,1
959,-0.5,-0.390161392048216,2.20988803513746,0.920251655625969,0.866699769008478,2.16353169622511,0.143865282381778,0.0478428927682502,0.0737098588007399,0.110226002110233,0.18337119656178,3561.69542979354,1,1
960,-0.5,-0.52180998495463,2.24472339091593,0.803228143661847,1.00898488122251,1.82497335712553,0.171803686727964,0.0459932149252418,0.0718261701140307,0.104403974248622,0.177571695244927,3531.79498311045,1,1
961,-0.5,-0.225576034078674,2.29467309218477,0.798471397053736,0.989587659245023,2.23155768841741,0.111612948905915,0.0478023494329007,0.0768603878404608,0.110025520278933,0.183047176805723,3580.91807067763,1,1
962,-0.5,-0.433973715584776,2.3339566076154,0.813568035134852,1.03620384489545,2.07996346513321,0.141634035283623,0.0494415202041645,0.0779076309721588,0.105996534594654,0.178826946541399,3620.17405450371,1,1
963,-0.5,-0.527718798378835,2.35547130490976,0.688503932824529,0.993484846738442,1.98627798459072,0.156121896056492,0.0447525253296344,0.0728779320876255,0.107063036589263,0.176584656116342,3591.06804591957,1,1
964,-0.5,-0.395959856725768,2.38412864769316,0.624420922490413,0.981528934740598,2.11960949043628,0.137647629958009,0.0473288770689359,0.0747207852620554,0.106952025115839,0.182119467626574,3592.00857584833,1,1
965,-0.5,-0.560995614884112,2.39356349685387,0.654737593028414,0.789440560633186,2.45809232593682,0.152464797270767,0.044673959713634,0.0712092448670719,0.108306841353592,0.187573059054012,3558.65153246311,1,1
966,-0.5,-0.673926171518298,2.33438876708288,0.756045251919788,0.943256451487148,2.04906172415762,0.176043005584465,0.0462535020624961,0.0741826952407802,0.106372333518766,0.17614957582164,3585.18607601148,1,1
967,-0.5,-0.289425838255319,2.25910960288014,0.845582518354044,0.967706579491938,2.08103607563768,0.13712716089462,0.0476618500133037,0.074646973812298,0.108455528195809,0.178821512663609,3593.28789352991,1,1
968,-0.5,-0.590598051607634,2.3719101047054,0.721535139032875,1.04911351762671,2.00027588544186,0.164679292538807,0.0470099224923749,0.0738398540835207,0.104073835574427,0.170141887038101,3626.27316754742,1,1
969,-0.5,-0.498500721144515,2.35170313080779,0.696780444127211,1.18622839356919,1.75061807804369,0.153722724176908,0.0489434612265674,0.0788965856128397,0.10264879733519,0.173687827520975,3617.37096290275,1,1
970,-0.5,-0.636992513382028,2.34183771303756,0.788499714984001,1.09186233780489,1.86389079296463,0.173580875509495,0.047205519017929,0.0748231093552237,0.101206208435661,0.167659013705844,3617.23792087212,1,1
971,-0.5,-0.767167757565259,2.31718893744665,0.778416013337094,0.96149495415678,1.86846090458157,0.207074530851703,0.0449006826217785,0.0716666081449156,0.104424328833752,0.17605846410127,3573.22799153286,1,1
972,-0.5,-0.51906362440108,2.35756153657827,0.791422315933398,1.04613238922688,1.86896141715028,0.162929756666059,0.045036332490566,0.0721971973796473,0.105573420187235,0.174545274503013,3623.79254658541,1,1
973,-0.5,-0.528201279132363,2.27900565136655,0.818714327532004,0.960934355669881,1.94749665719703,0.165181422751355,0.0463165027526473,0.0732280623655506,0.10981356333218,0.179434766202134,3594.90237397344,1,1
974,-0.5,-0.579796307151049,2.2899330220136,0.812831151732314,1.08382613865978,1.80430533306265,0.167696687078565,0.0475510742775469,0.0744495021098364,0.10442340103762,0.176017832046858,3586.21995416523,1,1
975,-0.5,-0.605644278981081,2.3434816629735,0.755147653499227,0.905933269991772,2.13980243424147,0.164078703856477,0.047121992752686,0.0731420697445001,0.106837626916719,0.173067456317697,3619.24839699536,1,1
976,-0.5,-0.635699085278542,2.23971695362945,0.921595895654829,0.979049078027757,1.99647191486278,0.174894336886144,0.0489460723171418,0.0765051727536716,0.108394073023096,0.176416807294026,3587.9345309063,1,1
977,-0.5,-0.511661066497958,2.28131120370348,0.83260203934809,1.07192566150839,1.83751238994919,0.156510209967917,0.0490343584510938,0.0760332797098914,0.102422122715138,0.174109445751298,3580.44676524738,1,1
978,-0.5,-0.602359063202365,2.32802922452541,0.697989001459004,0.959578536283125,2.03430665231255,0.17049471156388,0.0475608646138166,0.0747990863102095,0.105859217358646,0.176900866071726,3571.60568101428,1,1
979,-0.5,-0.493917383784034,2.26893428139468,0.879018981234455,0.976974042498421,2.07333435786678,0.148763127540584,0.0482039155892156,0.0753887623747112,0.105182761862845,0.18277896979954,3572.55410876205,1,1
980,-0.5,-0.442850363591254,2.3036271272816,0.768941478488187,0.950883793529407,2.14950873392766,0.147210612923298,0.0481760604849029,0.0757705744797342,0.107499364563658,0.182641047320569,3576.86071782359,1,1
981,-0.5,-0.365427886077235,2.36181514385999,0.711713942300073,0.929937441917532,2.15747811552435,0.135284287624116,0.0470172659517153,0.0734009780049141,0.102836207807885,0.174674300688699,3582.12043982859,1,1
982,-0.5,-0.547369567358607,2.21532715493891,0.921412091054113,1.02135621783966,1.91244206620644,0.159116401489319,0.0483429185068997,0.0719316141347138,0.106629792148689,0.17936965854494,3586.63173895136,1,1
983,-0.5,-0.529362421905163,2.34616885332303,0.706387124605988,1.06371299840604,1.87225987368425,0.159289917881339,0.0465587247754962,0.0754084496766155,0.104301457624068,0.176927276519813,3587.74186964694,1,1
984,-0.5,-0.713397071428816,2.24723602030812,0.860532245593137,1.0490828629598,1.75007902184292,0.186829313547042,0.0495684722083386,0.0772570547457916,0.107536199073446,0.176871460087004,3562.06618456842,1,1
985,-0.5,-0.39283312987754,2.22275928260362,0.921243024824616,1.03942083500557,1.80159312994698,0.146264893231841,0.0486150410985361,0.0751542473328077,0.108292897756605,0.179495660520589,3578.82062103926,1,1
986,-0.5,-1.00393577186313,2.32122842448646,0.762213069804639,1.10261628735206,1.61939427200111,0.243121895992713,0.0470316574301483,0.0741349271205026,0.100001739587822,0.168282566087391,3593.24884745802,1,1
987,-0.5,-0.52482590882511,2.21596900998243,0.925220898197921,1.04098839671809,1.87398573392645,0.158991247615785,0.047636305158085,0.0737210771133149,0.10357116490162,0.174549898307011,3564.98027801011,1,1
988,-0.5,-0.740004971896866,2.29303152575419,0.776012515417134,1.0004568464752,1.94328288426461,0.188082923673187,0.0490993150815736,0.0760022979412509,0.104826941608213,0.172553992885372,3575.33600467284,1,1
989,-0.5,-0.486647433760937,2.23424514689999,0.925550290599184,1.20264452064675,1.64482292997293,0.163253974542582,0.04879901830873,0.0779516440038766,0.105015022628018,0.172186273195892,3608.78023088565,1,1
990,-0.5,-0.641036873982179,2.27036107442579,0.803961079908958,0.863324202180035,2.14703445673225,0.189622538344451,0.0479552207526023,0.0731666587546208,0.105549621524447,0.17195969179619,3584.74363289094,1,1
991,-0.5,-0.671139700835536,2.32088012553564,0.766763744691544,1.11333231358886,1.7806269399274,0.18542057466054,0.0478223503515233,0.0755429234006481,0.100859205086414,0.166944581605718,3613.01658212328,1,1
992,-0.5,-0.577197858023034,2.32491383127807,0.748869918855882,1.11462419960512,1.79049649561718,0.175000905171358,0.0482484217465135,0.0756904891324831,0.106389975061927,0.175526589854503,3606.15425793425,1,1
993,-0.5,-0.537504636285497,2.34356552810912,0.689931496409637,0.799232213748706,2.23699445711527,0.167318980555097,0.045683633830706,0.0718620119083312,0.114498881899549,0.179720259366823,3610.5829776926,1,1
994,-0.5,-0.255641676023965,2.3382947213659,0.707373656572974,1.05769745548532,1.9347229025067,0.127456421327198,0.045907714465737,0.0730051358730381,0.10903411302795,0.173643040984873,3612.18413587555,1,1
995,-0.5,-0.657496166735107,2.33972319714269,0.78256537490688,0.949389968489312,1.98827439366455,0.196261803610377,0.0467982239973098,0.0715584440186149,0.103070707617517,0.173512308730333,3612.43059931902,1,1
996,-0.5,-0.281952008077053,2.26292003689912,0.919079378766307,1.2046376218217,1.81057484523268,0.125208045773724,0.0490331533991526,0.0773224649902737,0.106517923480355,0.17480438634337,3639.28074405149,1,1
997,-0.5,-0.452672269277543,2.31606910464131,0.766170660747212,0.983116175400492,2.15520092990956,0.14321664680108,0.049338048911484,0.075551013472951,0.107226351990843,0.176334548992174,3624.87539071666,1,1
998,-0.5,-0.467645892226552,2.36119879003336,0.626125680703509,0.83613191787484,2.11978777896229,0.157237590378855,0.0456682364829548,0.0740349642174295,0.111429361297506,0.189351128153232,3538.95872425957,1,1
999,-0.5,-0.29052622576118,2.33525813676592,0.751129215167895,1.02243421756642,2.08214564503533,0.124861010629556,0.0467957257031305,0.0734512701535905,0.106461111380797,0.177410157721947,3613.71012149854,1,1
1000,-0.5,-0.58743165585371,2.30448465271554,0.796334438513457,0.991214194396584,2.04026126929028,0.162836475534394,0.0472588481049937,0.0745717445700936,0.103349381001551,0.179566255266557,3569.28979794869,1,1
1,0,0.067297211283599,2.33195588075138,0.729466044075975,0.9832705258657,2.15857709670748,0.0933897093299914,0.0460228689276436,0.0709688888429406,0.110101856663683,0.194660309268169,3578.02932366935,1,1
2,0,0.0469246329553994,2.32625180424912,0.785650973155053,0.842736245259481,2.20511525909708,0.0936850745828169,0.0441405303947557,0.0680701185861203,0.116306391778992,0.193210137698753,3596.65374791795,1,1
3,0,-0.221209569290253,2.34391330670435,0.760338262023848,1.04689907145764,1.83940447273868,0.131819296715539,0.0466625762110645,0.0718108705335108,0.111672737399128,0.188226864968233,3631.79297741301,1,1
4,0,-0.0802304547608056,2.27683488129392,0.838135077571982,1.04661124376916,1.84640665375755,0.114045267191041,0.0456867377011694,0.0721452814422193,0.109651466959909,0.188277070663632,3576.1450141858,1,1
5,0,0.00259885245835517,2.33537529568793,0.759939694600508,0.96927578444884,2.05590586150643,0.0974605532843222,0.0460019368836563,0.0714274474032223,0.116176182323079,0.196313770810315,3609.36266726194,1,1
6,0,-0.0547061144563857,2.34739550139032,0.748425530052835,0.85841103328244,2.14579546470433,0.111016258705505,0.0437733173743786,0.067879798871049,0.115346342041782,0.191122544954435,3609.28466253279,1,1
7,0,0.0471918465680033,2.15202647225853,1.04192614833609,1.12541243634259,1.87064883779866,0.0939692772154675,0.0492327344367056,0.073528424573713,0.112634104168129,0.184287164897773,3608.09800012869,1,1
8,0,-0.0672853439476573,2.37379353154743,0.740349835938638,0.87061194186375,2.10510412118844,0.115632268766971,0.0438151596780808,0.0682549452815335,0.115613343764543,0.189733160683048,3626.10771207471,1,1
9,0,-0.0654783321095833,2.40989239898497,0.659796508358088,1.06370237924296,1.86724740017543,0.112388882683846,0.0454554032126334,0.0710175367118506,0.110158009798806,0.191943773038476,3630.55373032462,1,1
10,0,-0.200570191623099,2.26696599052506,0.908952002951153,1.08456427771749,1.94117601880612,0.121487953694572,0.0485044375863106,0.0732768156754452,0.110691182781892,0.182860554321456,3642.58919633436,1,1
11,0,0.100401158390165,2.31310043937715,0.742687827273484,0.770449842729622,2.34874058083062,0.0881026451887976,0.0452412526837354,0.071691485992344,0.122015645019405,0.20323524220705,3566.67580386396,1,1
12,0,0.132940235653868,2.39098201882971,0.733727596778663,1.07697605538526,1.98934256673,0.0836286930407174,0.0450347457008864,0.0705053824797129,0.113661365372372,0.200075642299367,3639.70815769602,1,1
13,0,0.0484645956737316,2.31079961788087,0.814084066220369,1.14531735675331,1.87651514356236,0.0917175201991725,0.0476899183789504,0.07221522162855,0.112419404145967,0.192325107315942,3625.25952900455,1,1
14,0,0.291950626446929,2.29482742489468,0.839087562043403,1.00005192998731,2.40321486102463,0.0639442304384245,0.0449547540531932,0.0687672078556984,0.1167652119396,0.212435391267959,3576.75232355701,1,1
15,0,-0.126872473887031,2.37132922903676,0.733750013454174,1.11098147622495,1.63200753014428,0.126403597261447,0.0473363088144706,0.0722122273071562,0.114703770019974,0.192076966725501,3637.16206540348,1,1
16,0,-0.0104036691360032,2.27996470393078,0.881831016363768,0.861664636442324,2.23268661681114,0.103339245583963,0.0463320175176461,0.0707512449726374,0.115598136579166,0.198806944197661,3600.56946984954,1,1
17,0,0.000117891526234378,2.29830514413742,0.80103672802148,1.05831442622813,1.99141078245111,0.0981958687434664,0.0471322231146075,0.0734124750796459,0.114995022522387,0.194204510211418,3607.01718680832,1,1
18,0,-0.252807441062167,2.31033514362577,0.789277451404087,0.956032576836668,1.94376748156407,0.13999907862319,0.0451841931074981,0.0702749555949257,0.10919268104022,0.18043997070061,3601.74011295763,1,1
19,0,0.0213733022271855,2.24270271480284,0.841822569977132,1.01175297336388,1.95083579337561,0.094060647897548,0.0478498608055685,0.0726619501215058,0.113986207260327,0.197626754453798,3569.22237447248,1,1
20,0,0.0318047776159891,2.25036867960609,0.832561593357769,1.00340752067137,1.88025588511626,0.0985278297814758,0.0458857055177921,0.0700691983018634,0.110603083484311,0.19103476680936,3550.74210349366,1,1
21,0,-0.0979068483444625,2.29499440961007,0.821852597558562,0.919542617615508,1.9497357487309,0.116485677052399,0.046429144404823,0.0708089746317464,0.116958715339756,0.186438738826151,3617.5855168808,1,1
22,0,-0.116879896874362,2.27814102565109,0.786724979078372,1.12886990335382,1.63941562875682,0.117291157188463,0.0466694877453354,0.0744628253726719,0.109441028033456,0.181429397662331,3570.98817990535,1,1
23,0,-0.0855034601509082,2.29450533415082,0.816648251872528,1.17962007656733,1.78684364634795,0.107893121478877,0.0479243728635516,0.0731540991992647,0.109269083924769,0.184573358420909,3618.05776380181,1,1
24,0,0.0774090749196344,2.21487447683276,0.941882828207739,0.823784078330696,2.36896512325587,0.089341748372738,0.0467634771667852,0.0710325320644814,0.116541289067978,0.199491254284461,3560.56275220169,1,1
25,0,0.138269135181048,2.36108994656879,0.685862550167305,0.711489652520589,2.39952000640565,0.0850308311552065,0.043246648787423,0.0665445188074877,0.122553260849095,0.208080872840566,3568.81846168985,1,1
26,0,0.146136554716015,2.32023276174723,0.721786861202657,1.05214972084586,2.10275727496694,0.0770768323789601,0.0466856655516356,0.0723098003403362,0.113340758250028,0.200348444225781,3572.3522489977,1,1
27,0,0.0890435906703471,2.26018824026447,0.872941736029183,0.892756073561574,2.26624763091474,0.0876754571895229,0.0465229515074252,0.0694369616961023,0.116109544489739,0.195774045257274,3585.81047250639,1,1
28,0,0.0792934828118138,2.27566213472057,0.778217491326652,0.865959694377011,2.18464301142945,0.0947880939875813,0.0445407759807547,0.0709887552416578,0.11910707956579,0.198090541454582,3555.38464332919,1,1
29,0,-0.0180326902202575,2.26198953380082,0.822642377378568,1.0918700868187,1.93465545363896,0.10102517138148,0.0471362075420004,0.0730842655025779,0.110452528998068,0.182997734123322,3585.11381170441,1,1
30,0,0.0284044921017682,2.29735584155955,0.790909121834653,1.01754423070743,1.95541773974522,0.0980132360940148,0.0439488214505306,0.0687295003758805,0.112124289683907,0.187925294658502,3586.82559647842,1,1
31,0,-0.0285000509188253,2.34020987587827,0.773336195293165,0.745739621798579,2.42899736831566,0.101318226346048,0.0447285591302305,0.0684759982042001,0.116640470757075,0.197663318964191,3601.83664063221,1,1
32,0,0.025011533508513,2.24279034004147,0.826536891140166,0.793023796556961,2.38057188196946,0.100132913548867,0.0444268188766936,0.0702899794996303,0.117494132133007,0.209146600750816,3529.3969822998,1,1
33,0,-0.0921200506628634,2.2899679992184,0.855458750962935,1.12691457465098,1.78804079250818,0.113815479977695,0.0466248345928755,0.0728761859075694,0.112763383667512,0.18876306040008,3621.19110851034,1,1
34,0,0.0157522930793802,2.25612601520028,0.869414979812172,0.911075048079768,2.14717678132774,0.0970386157517283,0.0466429948697198,0.0715910111335343,0.117123074269649,0.19507536941295,3595.80167872067,1,1
35,0,0.0613475953908999,2.36196850174464,0.751932669412914,1.12265636162252,1.99873504919492,0.0857891677604301,0.0479471980262749,0.0728427645606385,0.115493322325387,0.18622981145367,3667.83378197481,1,1
36,0,0.145543250134812,2.24200749874526,0.867298194341128,1.07413325259305,1.90693215339993,0.0874846314659252,0.0476415104913853,0.0731060523613059,0.110197554487239,0.196758520218853,3562.0261302497,1,1
37,0,-0.125220941564318,2.37058933469215,0.664655670928458,1.03404094972669,1.95325826708896,0.120646191922274,0.0443198967558623,0.0714087004531001,0.110347075234686,0.191730210005696,3594.86131686106,1,1
38,0,-0.147298329839898,2.3117383557211,0.767001037541131,0.911850658612835,2.01461742102244,0.121381835354479,0.0452622471688186,0.0721256207493621,0.114050035351564,0.187258461164832,3592.70484341867,1,1
39,0,-0.0861784136480642,2.28959329979812,0.855718945225293,1.0278901589417,2.0120379095045,0.104737760705484,0.0460370872359179,0.0711065494263324,0.108810853201721,0.18356453604844,3612.56608713938,1,1
40,0,-0.0824008456858376,2.35915210464309,0.715957351106529,0.90778315105208,2.01589904035301,0.114637194328883,0.0446569892007119,0.0688099129786579,0.11415871947678,0.188585217359202,3612.43321003579,1,1
41,0,0.0996479147899737,2.31633180511132,0.796869407582579,1.05916372249769,2.06458949745811,0.0837224377614956,0.0473037247575487,0.0732907928489498,0.115207260546839,0.188253958732176,3636.60813383452,1,1
42,0,-0.0182883930955669,2.27925267720094,0.864055905895933,0.885401130558316,2.16878888563155,0.102844378619756,0.0441161792888736,0.0685581777460276,0.114179710016413,0.190508725319626,3587.67937677389,1,1
43,0,-0.0324547606997515,2.29086800592767,0.81450217189477,0.826032187522477,2.21601255929777,0.107814330250354,0.0448562246057178,0.0691184342383033,0.114767621051984,0.193061186258128,3568.41887142146,1,1
44,0,0.0100030318114994,2.28499515745037,0.808694542549267,1.03304993324816,2.03159927884199,0.0949014031121489,0.0457903493271611,0.0727955789096815,0.115245193270576,0.197946024245109,3587.32197191486,1,1
45,0,-0.0273927980230771,2.34934354395355,0.719504552406649,0.955693247320496,2.01229665283617,0.102099364451668,0.0447370564842335,0.07132246506109,0.109818423651322,0.184015778913501,3588.71183212646,1,1
46,0,-0.0073303685956349,2.30100300711754,0.86107398740526,0.957416963289581,2.13515497884399,0.0981936182120525,0.0454673746318028,0.0705443617736626,0.112041529718609,0.182704940956034,3640.25124959102,1,1
47,0,0.220318699282076,2.22572655550413,0.871892172526721,0.965553830397701,2.21869552977077,0.0740428542494931,0.046143217627896,0.0694536034285713,0.115500233063393,0.211971074446086,3544.36190649806,1,1
48,0,0.0581415711502775,2.32010078619648,0.834725664421822,1.06240203699013,1.85768064262712,0.0940576015696379,0.0460856906533779,0.0709888342897277,0.114588410878915,0.181344643610308,3659.81613094738,1,1
49,0,0.0152077677153061,2.32284907253868,0.801514795279403,0.95407466182793,2.13893891466978,0.0939122710569235,0.0458316591795681,0.0704712394950117,0.113655126553269,0.194129092666411,3624.0605443922,1,1
50,0,0.0689140904458909,2.31099683997882,0.804985084463993,0.737802458981265,2.5848555098702,0.0851426544127862,0.0436410467553101,0.0677050536419726,0.117012973662301,0.206316968720759,3567.12192411244,1,1
51,0,-0.113624817543657,2.32465472353934,0.800481726677779,1.30401639108509,1.35002608636942,0.124974987534164,0.0471203533931518,0.0728830642598702,0.109240466610239,0.177121915821974,3642.69467471325,1,1
52,0,0.0222768350202596,2.25719585316796,0.865625986504926,1.03380971489928,1.88745923345659,0.0993039373351697,0.0469869112923639,0.0716625117526204,0.112108999436885,0.190744697084142,3578.15971770134,1,1
53,0,0.0576085897436919,2.36125439672219,0.728113412412817,0.761862980985884,2.48819826655585,0.0907512237923319,0.0447109079488624,0.0704454399871359,0.112909618898189,0.19424036112274,3596.5258974787,1,1
54,0,0.0679789735513144,2.27386577875631,0.801475874754334,0.934954307324719,2.11980588615189,0.0921563431783933,0.0465424473162436,0.0721903733315694,0.117154461274967,0.203311275454532,3554.549114109,1,1
55,0,0.0533608210301012,2.30225559874322,0.806312554205563,1.06976586901732,1.89152572214017,0.095305866262465,0.0456109234630428,0.0708512333584115,0.110581922948433,0.189027539348043,3591.97704489904,1,1
56,0,0.164551876429487,2.31988466653289,0.820640052444889,0.736654780927328,2.54645951679925,0.0812634554786966,0.0431603629633344,0.0664860265465812,0.117062867413718,0.20893853893707,3568.50346690338,1,1
57,0,-0.0802198639772029,2.25978556670886,0.883931086014057,1.06686090249195,1.84284864799923,0.109178181962824,0.0468654352324862,0.0703090385887229,0.113720776204691,0.194395205054261,3607.69785272272,1,1
58,0,-0.00720678967678923,2.32847981577359,0.775232412400727,1.02742701119156,1.99997375099075,0.0938164120319762,0.0468314321807404,0.0741521130525159,0.111917822598985,0.185277050077178,3612.0407123367,1,1
59,0,-0.310459954598804,2.25670580615284,0.858049302540205,0.867774640602381,1.9272738255318,0.148034085221632,0.0457892846821138,0.0711713930651667,0.11233048304673,0.177111890164631,3577.6506768945,1,1
60,0,-0.019906665500167,2.27483783981163,0.817284582816487,1.02380856100077,1.90438967235571,0.0940071747762402,0.0481212788208057,0.0735751680724059,0.116080248275494,0.178488697740807,3621.02281177736,1,1
61,0,0.0983139517244566,2.40466522194996,0.682733360715048,1.15563426838214,1.88866384068721,0.089636966837693,0.0450686426589226,0.0704153285535081,0.110250986123465,0.193809167387347,3641.51473435119,1,1
62,0,-0.061246986380917,2.31918332913168,0.792786914545069,1.28312761329497,1.59242780420653,0.104840015211499,0.05039037812602,0.0778371521830308,0.11289531391791,0.17879499824166,3670.51731737736,1,1
63,0,-0.0556910643555853,2.30475540030248,0.794155403432534,0.848210864823492,2.17501274488072,0.110025655761683,0.0441564234404346,0.0689191216922206,0.115068129596863,0.196538199021517,3568.50223276047,1,1
64,0,-0.109285902945797,2.34238314556843,0.777221190408144,1.2116109812445,1.53792675842363,0.127814974295638,0.0455596411767641,0.0701299045236426,0.109085413349521,0.176184262677089,3648.0540072911,1,1
65,0,-0.0445781832276278,2.29446816084482,0.815881300428562,1.0864282741175,1.71507452169118,0.109611912379866,0.0459565624144043,0.0708410897739094,0.107361305248018,0.181436393117466,3586.17280533333,1,1
66,0,-0.0904205789570693,2.27664151081257,0.862136771569376,0.892505470143584,2.03204920690767,0.118553661503467,0.0469682852379112,0.0727700991138528,0.113668173257023,0.19763997367576,3578.67298711229,1,1
67,0,-0.0291395362732707,2.26648439306642,0.864616963283258,1.03125784616101,1.98311962890353,0.109592259639169,0.0486781212317974,0.0757984205227665,0.114505549276015,0.197284729150576,3604.08687145171,1,1
68,0,-0.0160897696715185,2.38685388196132,0.686737451401896,1.12328803712645,1.83786772781063,0.101747430488093,0.0458880830317763,0.071918606357276,0.111514588444614,0.191901268134449,3628.52985664936,1,1
69,0,-0.0217812821523423,2.27123215433127,0.809531434837472,0.929487681328206,2.13772024591545,0.103658092002973,0.0468899918261162,0.0731982744689054,0.109686991987788,0.190743624138114,3558.59966814117,1,1
70,0,-0.12188250331254,2.30573896056849,0.797136534127575,0.860484285057369,1.99006722849704,0.128145060856495,0.0439108910398854,0.069933712433052,0.117238436705953,0.194603563394594,3590.69565833235,1,1
71,0,0.0280775913443459,2.33474916000253,0.735489468409607,0.946794947622639,2.17099962544071,0.0910902179541101,0.0467334471663634,0.0723748153199825,0.112878863712973,0.182406199125746,3616.5003147135,1,1
72,0,-0.15199198340033,2.32442091255802,0.778077167665739,0.872918727296947,2.01856804563014,0.129650417869794,0.0447253666020309,0.068099872481177,0.114852078515635,0.187248257710874,3613.44699629831,1,1
73,0,0.0676520812379422,2.27834364800459,0.866966456213248,0.938296646568345,2.28169232179612,0.0868141843388586,0.0459198221589775,0.0702453630179739,0.114763778805412,0.199659976139941,3591.21265615172,1,1
74,0,0.0293640281905258,2.34201539703208,0.768760073055964,1.07060909221124,2.01458181517324,0.0964455165466785,0.0460248757715794,0.0704418080130993,0.109677393540004,0.189195652756702,3622.14949678999,1,1
75,0,0.0148430021313668,2.34193066748083,0.763942213933457,0.85312868330776,2.28544902427442,0.0952300631406038,0.0455642130138552,0.0714085652847872,0.117085485266221,0.196211714115841,3612.8262447592,1,1
76,0,0.0282031151454,2.26589784440266,0.905985324435292,0.988006724554666,2.01705225656112,0.0961062117214906,0.0484073566949781,0.0737618002191961,0.112719154814587,0.192508658425532,3608.96474748799,1,1
77,0,0.121940381419928,2.28648895529852,0.80413726953943,1.04546619068753,1.95347147331938,0.0870494825149144,0.0467256787585478,0.0712958709763495,0.116000511435584,0.195788507350153,3601.18480063171,1,1
78,0,-0.179980710446337,2.27108961384692,0.855283465615325,1.02556823060195,1.85237263346502,0.126134847912553,0.0472239201489534,0.0725569378410591,0.110837750174168,0.188628777852106,3597.94137303402,1,1
79,0,0.0333457678657988,2.2662941170996,0.894439958493134,1.06454730364427,1.97142016582944,0.0938456205901704,0.0477374003587283,0.0715573328190475,0.116475173454682,0.185444844075718,3651.48247456119,1,1
80,0,-0.140126309579719,2.28585677994521,0.820766387647491,1.14761110842196,1.67938336504875,0.119933011757792,0.0477848135966291,0.0744187712666336,0.110250464873373,0.186960503655064,3606.57578191394,1,1
81,0,0.0585875982523779,2.30960760387378,0.773652065536045,0.944865350769999,2.04899849119151,0.0967588221544985,0.0445505392576761,0.0704932525068567,0.115999670312317,0.19888241043162,3581.3680751212,1,1
82,0,0.0928490805953886,2.36331545552842,0.672989249587861,1.0783072959158,2.02863589597458,0.0819847895345947,0.0472786974743647,0.0719029657674693,0.113004559945772,0.194909200022575,3609.69574078038,1,1
83,0,-0.146426977197891,2.38785855766165,0.668006837288025,1.04428318406711,1.77266151855468,0.132644295243185,0.0448744667849301,0.0696252889010529,0.112331363122503,0.188607802941844,3619.58258105082,1,1
84,0,0.0423603577430509,2.35864999482059,0.744980858113883,0.820379668926337,2.31533267419716,0.0961969842887395,0.0463128634917631,0.0708374409902015,0.114167929184202,0.198880439715553,3593.71561913139,1,1
85,0,0.0682181009965238,2.39501693082873,0.732269778230578,1.01481007631457,2.05834563347412,0.0907320757790388,0.0436733090265509,0.068840130654228,0.113364647894962,0.200377631877385,3641.36154547559,1,1
86,0,-0.146719065106949,2.33816110210668,0.685821233399582,0.897440817788078,2.06934073238065,0.119420947667837,0.0452851792935037,0.0722283207875553,0.113388279034328,0.186895262237893,3573.49389627734,1,1
87,0,-0.116844477356248,2.30208328745446,0.769166023017936,0.816894967413005,2.1563760933302,0.115592033025815,0.0455344522671046,0.0715218408867182,0.113805702238788,0.192797235096067,3561.47652316938,1,1
88,0,-0.0217793637326544,2.25088047926797,0.892345335221873,1.09270574888692,1.80112165400002,0.0979893621532841,0.0468435750686774,0.0721165638268872,0.11219017345066,0.186382379132428,3612.59559036398,1,1
89,0,-0.0475722631415991,2.29043784550759,0.798236202182536,1.1021649712482,1.73613102565298,0.114587529905885,0.0467180358615962,0.0717172662902275,0.114279685448925,0.19117665180718,3606.53378463788,1,1
90,0,0.0885803338796487,2.32946609401532,0.761716363301439,1.0966396164679,1.96836969932071,0.0854304982846583,0.0473771270381193,0.075253553306568,0.117139212053544,0.198970393889288,3620.91229386247,1,1
91,0,-0.0986265593762742,2.34633956648741,0.683431190862946,0.956376869956911,2.11273929669891,0.106695240547544,0.0453672258648148,0.0719747817298263,0.113311112419867,0.184255291551735,3610.68219806576,1,1
92,0,0.0835581898008085,2.24649605248193,0.890651432173477,1.0075193242453,2.03833504677937,0.093392781556817,0.0464039213992093,0.0704767874995665,0.11327865281675,0.190385807201507,3606.9631651852,1,1
93,0,0.0162625027801384,2.30956502963348,0.824166421120647,0.756560298823924,2.3536179091262,0.100280332874833,0.0439387956619312,0.0678541639758178,0.118657782763694,0.200987002338834,3589.37410092734,1,1
94,0,0.083702307858341,2.3428420137115,0.763069946849159,1.04457917167932,2.0760841745291,0.0855951379642777,0.0480961218431632,0.0741817019565981,0.11669258051172,0.198941119399186,3630.53894320633,1,1
95,0,-0.00766757516501647,2.36778279015046,0.785881713155664,1.11817833175638,1.91414142824203,0.103868213771161,0.0454341960615765,0.0710767267487948,0.107302538322414,0.190342726283045,3637.98907559626,1,1
96,0,-0.0402399293647339,2.30404366654698,0.827834329785182,1.02913424675426,2.06897187620617,0.103559421646017,0.0453890512161086,0.0704487991260177,0.11006075846351,0.185419701246245,3618.42773316987,1,1
97,0,-0.140234967861862,2.25430253694568,0.820850063966819,0.964609812560006,1.94238323237686,0.123087619409101,0.04574128017907,0.0721158864642988,0.110155019782951,0.187055529430481,3555.62458928828,1,1
98,0,0.186356319266331,2.23898498024557,0.966102948796431,1.17174117670088,1.85933267194149,0.0755376834272447,0.0468753915134644,0.0722589443555557,0.117126964092515,0.19169047104942,3629.12197847592,1,1
99,0,0.150361590627333,2.28475111374292,0.848634913817931,0.75340118247708,2.48912428504365,0.0819536747479731,0.0436752884383095,0.067385088553242,0.118724015495314,0.206815224852,3564.1205436628,1,1
100,0,0.0209464448296435,2.28356029440755,0.799996587173295,0.74864185487494,2.31534492739166,0.102255313638151,0.0452037941281006,0.069353686561469,0.118460273404627,0.197878871534019,3579.6112252617,1,1
101,0,-0.252916359243822,2.29051050395046,0.80208233501474,1.14689790690459,1.659903977744,0.130090690935451,0.0472008533495486,0.0739117242151155,0.109708443015348,0.180071790706507,3606.46170340692,1,1
102,0,0.123275170000845,2.28677500166798,0.797967241747034,1.08132273247067,1.98837184468078,0.0846919826763107,0.0472444808964805,0.0743241956508478,0.116431790303684,0.195577904863966,3604.13841037781,1,1
103,0,0.00165163952852596,2.28377796597944,0.850972158792277,1.09171556765079,1.96412207664413,0.0941358319529722,0.0482636916543499,0.0733959188649548,0.115862679723439,0.191495413798337,3636.90647672577,1,1
104,0,-0.0137218263982268,2.34886579438637,0.753400273999544,0.916761449933258,2.14635921062605,0.101360724005294,0.0442524722656503,0.0685191869913126,0.119453596679004,0.201497942798012,3605.79714611929,1,1
105,0,0.0500994643645836,2.28243782110027,0.843483120457891,1.06395371254699,2.08520497570786,0.0876198304514238,0.0489166593086088,0.0735918469784267,0.113997339118549,0.192102986497247,3621.89890640687,1,1
106,0,0.0611500260271536,2.33014050427222,0.767322981215471,0.880691116352254,2.19767977501342,0.0936383898179229,0.0452495084058625,0.0708744439702932,0.115771260022984,0.197466507842567,3588.77702201832,1,1
107,0,-0.104428752440611,2.2913258354094,0.809281106958162,0.77867429445791,2.17553194236,0.123066136440101,0.0437699901819498,0.0681209134837739,0.118003646514728,0.193107877124726,3577.75600287507,1,1
108,0,-0.0763426945281925,2.298220269011,0.776017860120096,1.10440131040477,1.72602425755229,0.112117339352109,0.0461875658744946,0.0733688242311304,0.11039871480186,0.185470174846847,3589.41274283844,1,1
109,0,-0.162877773091033,2.29992760270258,0.849950016422127,0.857268015419336,2.0505988851834,0.128792038510192,0.0444970135272023,0.0683774426038202,0.113146600362053,0.187511148663355,3615.18687335427,1,1
110,0,0.0407076362122744,2.1993209648996,0.960872877628926,0.955429200499315,2.11503052554038,0.0928506244709398,0.0471891474545887,0.0726276971645155,0.113041551546665,0.194984132664758,3545.21009434093,1,1
111,0,-0.0924539100386558,2.22021084219716,0.877644308173149,0.921669087857262,1.94180306474268,0.118217444367468,0.0463838677481347,0.0724277866420717,0.113593814928184,0.187102887474086,3554.90792908792,1,1
112,0,0.00325099497834624,2.34579665848891,0.76465282757784,0.924166331109242,2.13184506567562,0.0920245431776046,0.0465550626513983,0.071414382836481,0.114315198138813,0.180291370332346,3651.58718567795,1,1
113,0,0.0605984502055811,2.29073282474414,0.847104408300767,0.814543782448589,2.43476803925124,0.0838977381660798,0.0462074791438561,0.0698036931927317,0.117670656372416,0.19213831795826,3624.41284370673,1,1
114,0,-0.0118672587224172,2.35880825438051,0.73089040013362,1.0571920123116,1.90626231220865,0.107229342238197,0.0461003261329455,0.0718293310225301,0.110968516365775,0.184914941918994,3625.17018021619,1,1
115,0,0.0826783254794074,2.2838258565006,0.775730493538243,0.832209795107742,2.30864811554427,0.0864301764036097,0.0467360356343454,0.0719756270011088,0.116659873724682,0.18836667511991,3582.45040053285,1,1
116,0,0.0899804342393668,2.26609001257439,0.876067725607234,1.04687607665399,1.96769401409346,0.08915972525226,0.0460316702376163,0.0707200481526652,0.113847481453389,0.18901410158185,3603.26865916422,1,1
117,0,0.0455880333929133,2.34718991320411,0.719045179110507,1.09211914473118,1.88081925432612,0.0938622901543053,0.0479811667333585,0.072197421794897,0.112894034431387,0.19003231495702,3623.4561873218,1,1
118,0,0.113136655455811,2.35463425110493,0.722749638714324,0.829362773893825,2.33680673843671,0.084323861665441,0.0453689073242017,0.0690620839405077,0.121007697953636,0.198290602971047,3618.49763259566,1,1
119,0,0.0285661088388524,2.29972505388227,0.835875589602301,0.963646959386507,2.2020722053437,0.0937717546842544,0.047617785054605,0.0724450203039693,0.112715535211931,0.188743533230826,3632.26631237068,1,1
120,0,0.0510030042394342,2.24399294700867,0.857364600628983,0.8651568462865,2.10322310094685,0.0964457862846353,0.0452298429524898,0.0697061225836835,0.119615517969712,0.199276314119611,3565.32758708187,1,1
121,0,0.0441153721406537,2.31735682046133,0.75959013928458,0.891587961497468,2.13257332092608,0.0973772439528062,0.0464916240495454,0.0713055421652153,0.11956615529164,0.197033618471192,3604.61871865451,1,1
122,0,-0.245331613092086,2.25290989827783,0.875699192725324,1.06448772193406,1.78343530109749,0.136416277470345,0.0481126439881799,0.0735823114697949,0.108161874695588,0.188121235822408,3589.0404625533,1,1
123,0,0.0295346448599391,2.20720910809909,0.957877173353785,1.06207951114207,1.90746474674857,0.0911083060265901,0.0484693044807196,0.0737199858762843,0.116008478348818,0.187190366093461,3608.04296613289,1,1
124,0,0.0280841367650139,2.29121023712608,0.781516098052473,1.04578873463165,2.02387602293426,0.0889342903231286,0.0468457048439399,0.0737056339046259,0.113960104394288,0.186455606383878,3602.0787451707,1,1
125,0,0.0138551891615986,2.33538977758435,0.796577928606529,1.16697528025785,1.79832005570495,0.0995296141975759,0.0464476000257722,0.0720133321158609,0.110119274863972,0.189785114520942,3633.02738168082,1,1
126,0,-0.0559471441415509,2.29240474306004,0.803500893438873,0.927333839356247,2.09021298366406,0.109479948756138,0.0454085040197229,0.070938996755262,0.11274142687917,0.187122991574939,3600.70986173096,1,1
127,0,-0.00210526189992254,2.31452035291494,0.766090636772998,1.01615425626739,1.8974891028559,0.103923197801791,0.0457856706682782,0.0715523388616033,0.11053486590287,0.186093002444855,3592.75408056763,1,1
128,0,0.0592084032489902,2.26155408053716,0.843586828693748,0.852556207602119,2.23836991117905,0.095163926706233,0.0446303057782669,0.0679162364007745,0.111812902457926,0.197954578186564,3549.20706306596,1,1
129,0,0.115752444917573,2.29247544433385,0.842423029409421,0.959411540594255,2.25566616933951,0.0814350177137157,0.0454640773092262,0.0711031544119199,0.113869948564575,0.204425148202748,3576.23778410671,1,1
130,0,-0.107274164178932,2.31681646273475,0.803423296809089,0.981722466053888,2.03562261620496,0.110590111686333,0.0456855346624059,0.0698803833769803,0.108881776188905,0.184729171522712,3609.52190124044,1,1
131,0,0.201506999105448,2.2347933055998,0.806055731070795,0.962407946571694,2.06294197453149,0.0795237022298443,0.0464508955003194,0.0722532119733762,0.119101593923701,0.20593585496399,3520.49771147127,1,1
132,0,-0.036777688364501,2.30921620326006,0.757743424616791,0.970110775327617,1.96296690000313,0.112206138383194,0.0450505374737638,0.0693167788006233,0.112330231556813,0.185143822387755,3595.00120169209,1,1
133,0,-0.0810090877137732,2.36951085828789,0.679346230696121,0.984033352671373,1.87045532625697,0.116104409052981,0.0439405960308598,0.0696326713817829,0.112453777772054,0.182422220804815,3612.90895343263,1,1
134,0,0.00976095256630916,2.26382412781523,0.841217169258507,1.05797743410779,1.74539105509257,0.110045461202653,0.0461472586829944,0.0721600222940614,0.1148295304246,0.20130016012564,3567.03040860128,1,1
135,0,0.0309540883298353,2.32336894820575,0.797228819825203,1.04933230819342,2.04687521874941,0.0887786492095701,0.0474233403742259,0.0744949741037742,0.11378504455447,0.184547622574367,3644.95674055876,1,1
136,0,0.0239460336501825,2.3299505076601,0.778090731563443,0.847678954402766,2.3427724857438,0.0905968485299999,0.0459017446850446,0.0713938317841804,0.116782561669809,0.191362854793281,3622.4450076327,1,1
137,0,0.0249225312593992,2.29948154636576,0.836198031339556,0.980015236276385,1.95740749239222,0.103575043549627,0.0454418682837348,0.0703805246531687,0.114161576583848,0.198994616893215,3595.10245182913,1,1
138,0,-0.0869410129781309,2.34376090229364,0.676398871053724,0.950371470941223,1.88873076583934,0.122656312731371,0.0447284319451684,0.0703336162675106,0.114126104745035,0.188240831944114,3586.1578128536,1,1
139,0,0.099944257125094,2.35130546127453,0.746000577872051,1.1225758671274,1.84453219182228,0.0844413254572872,0.0460464207522745,0.0723724814863215,0.113930768230985,0.191385405375994,3620.43986155373,1,1
140,0,0.0675782931469908,2.3618756248866,0.681690827416569,0.984797789882769,2.16714454162872,0.0848338771913226,0.0485159336218583,0.0728833789141309,0.112246526161944,0.185653620645212,3624.04919899516,1,1
141,0,0.121619444234837,2.33392276285645,0.810919552927845,0.982109470268971,2.25693656369269,0.0819343299564682,0.046971351704714,0.0707453791009439,0.115965716617159,0.192001915773587,3665.76152656092,1,1
142,0,0.0195977318407092,2.27667455309917,0.89926213051877,1.14122860480231,1.78507708981443,0.0948188165274167,0.0482106111659161,0.0746417167900796,0.112713849812751,0.181837904438162,3646.63427384809,1,1
143,0,-0.0718753820082023,2.3085479697956,0.779818358263111,1.03186404006211,1.59510276506241,0.13685834435907,0.0436157295670398,0.0688008212028799,0.11153103232808,0.198541232963214,3562.23571248503,1,1
144,0,0.130947571296517,2.32494035891624,0.861301419907842,0.980099768428936,2.1840597275419,0.0847164935898947,0.0439660792676812,0.0686673772281731,0.113209098461525,0.199553767145654,3620.57222511805,1,1
145,0,-0.0845523047787012,2.27469220763257,0.810707665121841,1.09788462298159,1.8537620637709,0.105572766185046,0.0489187393187121,0.07352561031076,0.112399119502719,0.188474190742972,3598.37615936072,1,1
146,0,0.0788724005471336,2.25876049906499,0.901185509374214,1.17395002992001,1.72674202617485,0.0914113797652554,0.0475304456728445,0.0722025358171653,0.110609163855924,0.195359226245156,3606.26598510059,1,1
147,0,0.014245815815977,2.2764710823494,0.816792954406887,1.02880422591298,2.03864837415271,0.0954661925165207,0.048220553732212,0.0730690627987907,0.11250767166734,0.186067333784373,3609.38974801402,1,1
148,0,-0.0473287819878288,2.30715086714453,0.824849647257322,0.966524843078415,2.05760540188116,0.102529269021176,0.0461148825164527,0.0710155431303705,0.112920190713747,0.191309329930193,3606.44621481032,1,1
149,0,-0.00270040033643979,2.35067907723764,0.761197184702074,0.886763860132085,2.35290872419629,0.0842033273406883,0.0475649003798701,0.0726611674945944,0.118372524041504,0.198729197229233,3616.80913114851,1,1
150,0,-0.140151831100308,2.36081425885213,0.680514377557481,1.11607939955077,1.60428019252941,0.129824081088573,0.0456817161535771,0.0717132411903355,0.10841336922111,0.182157424264902,3602.07610842494,1,1
151,0,-0.0228728413414094,2.32012215610089,0.759267398446737,1.1455858282432,1.68871061151482,0.104205872341736,0.04829796538631,0.0746165678781503,0.111391297621689,0.185112391133886,3613.74260124313,1,1
152,0,0.0421746524193079,2.32663070800564,0.823738382256179,1.17606697697956,1.78048383120071,0.097514179794634,0.0471864521541579,0.0731973390412805,0.109263019409584,0.185191874862934,3644.0783198071,1,1
153,0,-0.0211346947626692,2.26194089700617,0.835287020374346,0.972970357805165,1.90833349273367,0.110512604549165,0.0446829935144765,0.0704666757519094,0.114581076794283,0.19560259425696,3558.0919288802,1,1
154,0,0.0677496720763559,2.27716811707494,0.815519508902592,0.953681177383319,2.08725225127955,0.0897522149557604,0.0467776856476565,0.0707091896176699,0.118441418727027,0.19267329010407,3610.2923000314,1,1
155,0,0.0257487122564082,2.22046538908926,0.926448301476909,0.978156273379912,1.92263356497069,0.104189613613472,0.0461522014878561,0.0713595961294081,0.116420586717289,0.190661998825245,3578.02865157002,1,1
156,0,-0.165618145523628,2.32944653612579,0.794187882759232,1.17914956894884,1.62404748994617,0.126925642125345,0.046335303473878,0.0715201191522256,0.107851080045519,0.179329442974678,3645.26355838888,1,1
157,0,0.0574008660625996,2.24578725147887,0.924141833501733,0.981157206562199,2.06588623304069,0.0884942112540806,0.046924195369204,0.0713865668425789,0.115401566338442,0.191032673994014,3609.50427671955,1,1
158,0,0.0689181296925452,2.31937294185743,0.763547898006206,0.783498776062278,2.23239367929631,0.10398869317027,0.0431904529689229,0.0668718102456464,0.115431711887344,0.204210511697502,3562.84570941865,1,1
159,0,0.00182536656466427,2.24307075981584,0.941247631571488,1.11994173726234,1.88607005391195,0.0979386817675158,0.0480630280823044,0.0717455538260396,0.11134552434796,0.187083557234039,3624.88955914408,1,1
160,0,0.0150370819693181,2.26981310317707,0.838490140821091,0.869824552778725,2.25384927567288,0.0923192394244829,0.0487918286302195,0.0737506428997645,0.119738617234646,0.1953205179571,3609.22344132813,1,1
161,0,0.0465724766889255,2.3069181555772,0.794966887285852,0.96583964625475,1.88679704369409,0.105637013907138,0.0450198259118203,0.0695102120456425,0.112016592670376,0.189526400931149,3583.74442216506,1,1
162,0,-0.0995962566547063,2.33970156009383,0.763961034668913,1.00802545200582,2.01104551755954,0.107637885525009,0.0459112985435022,0.072934897486491,0.10891840787953,0.185240731099127,3608.3229390078,1,1
163,0,0.0239101208604198,2.2657399421474,0.856679703008834,1.15565771627573,1.73511003418426,0.101040622808979,0.0468297205389583,0.0719470942423306,0.109447581973523,0.185458234327437,3605.83972723617,1,1
164,0,0.0437179275919474,2.31791938890999,0.760442225837199,1.15281977729609,1.60979206918384,0.102233427163771,0.0466514247429442,0.0727956991915338,0.115288804329894,0.193285717607321,3599.04571943837,1,1
165,0,-0.0166897027773819,2.32171134218521,0.780430962913373,1.11783776729651,1.75730257149899,0.102515179447018,0.0465855847885991,0.071374100091891,0.113363730010738,0.184324726022355,3637.089280301,1,1
166,0,0.0528435224231143,2.19600822910141,0.890617324759878,0.887532966702847,1.98025135425355,0.103357660706901,0.0444598185407096,0.0684943322850334,0.117466845142659,0.200455716631563,3530.40972237499,1,1
167,0,0.183718688767308,2.2869146121524,0.761019602417159,0.93803133100098,2.13437028849809,0.0769982011410705,0.0469382076750614,0.0726678505857509,0.120140303763991,0.206310386080179,3569.98861060712,1,1
168,0,-0.0511204439454654,2.33682801799981,0.708018840076597,1.048389974337,1.9545967686291,0.100934750727718,0.0473653755841159,0.0737529558302563,0.114768385896591,0.188509825702721,3623.50368284925,1,1
169,0,-0.0126742559450316,2.26950137453583,0.889009159112189,1.10158725908929,1.97841360778137,0.0965633764568646,0.0484188371473551,0.0735463451535133,0.113540127980008,0.203138659236844,3603.47519315116,1,1
170,0,-0.0419858419485646,2.38548822689776,0.745040673766624,0.899897907001374,2.27135633696652,0.103521638216547,0.0450970780699348,0.069481361633182,0.11258392597915,0.189669637755532,3642.57623225454,1,1
171,0,-0.0134850176084473,2.37622264414432,0.731855661080945,0.90023040144389,2.25237605757016,0.0962127438451996,0.0452052767341109,0.070948846474476,0.11617571770044,0.198390714999811,3630.93155169979,1,1
172,0,-0.0801867352502514,2.2237384717848,0.883542405444567,1.02342344692795,1.82409768782669,0.116092609502313,0.0464761177461077,0.0730684804587148,0.109363340868932,0.178148029571125,3566.58624338847,1,1
173,0,-0.133319193343835,2.31878361578347,0.753172117905064,1.05479606050407,1.88389157509758,0.1240354610637,0.0476733915214763,0.0734786532945792,0.111444724676741,0.188015936414792,3616.06183099309,1,1
174,0,-0.0191095513825337,2.30957273046689,0.782103027142475,0.966211309009301,2.06597844607339,0.105117794966522,0.0460437256853425,0.0706854335683467,0.109373160356288,0.185004650377857,3593.49423162741,1,1
175,0,0.173861947747249,2.36156223971453,0.660877537835043,0.7582096922851,2.44695128328042,0.0762960790257413,0.0430760543600763,0.0680148465966384,0.118920004621752,0.204984590185679,3552.82862041724,1,1
176,0,-0.00598494610012918,2.36249195413391,0.735637470899297,1.05964109696702,1.86110443051957,0.107526552047984,0.0462672724479039,0.0714421272230685,0.11149014844597,0.186765965753161,3631.98985132516,1,1
177,0,-0.0812867609679591,2.27296223029478,0.799654405421852,0.991975280995838,1.98614820677821,0.111406225978854,0.0469973513457678,0.0725327871849068,0.111197815792246,0.188902291258315,3590.98756490622,1,1
178,0,-0.118989205369249,2.33736456757753,0.760271600043832,1.15950281608434,1.73616494901831,0.114316085306173,0.0460283520327582,0.0713973980105722,0.106029332641022,0.177926275377692,3622.51198863651,1,1
179,0,-0.0979135023347412,2.3486339453131,0.754106372897751,0.974180103593041,2.08119321897659,0.105082640390609,0.0461039798294142,0.0704576925195826,0.11574410424221,0.184171844199689,3659.1858853716,1,1
180,0,0.0499681963406002,2.25380495529534,0.836903728627728,0.836385732366995,2.16095346008744,0.0941047823332727,0.0446391854022248,0.0686553594541762,0.117698343878919,0.196001532845671,3564.53967356242,1,1
181,0,0.173942870298428,2.35617866452368,0.732761814192058,1.02117533368209,2.10875286500155,0.0756986164188598,0.0458208203437419,0.0737324686005772,0.118981137235456,0.191343915932743,3636.20429640247,1,1
182,0,0.135129321698084,2.40451312675332,0.674264108251747,1.14571801492587,1.80793612989979,0.0853971636449837,0.0444141953497592,0.0697841389379183,0.11253073922098,0.185972858659965,3640.94519097207,1,1
183,0,0.103360331449775,2.37065924593357,0.691654010571707,0.920163904140955,2.19184908987246,0.0865794476037595,0.0453281586289142,0.0720237400310335,0.118096304171875,0.200651796123507,3602.64026975896,1,1
184,0,0.0246224055544475,2.34606510889365,0.673517614009474,0.885223332432829,2.07405940577513,0.102786884258557,0.044498644065228,0.0693945625289994,0.118692094949307,0.192467375977851,3601.94811272903,1,1
185,0,0.0719345977000582,2.21012282042229,0.890696599184223,0.905489096931015,2.23247894428763,0.0861039867583431,0.0476389700495767,0.0725661059760466,0.119033952011593,0.201083513013479,3555.01035087265,1,1
186,0,-0.0214530830331778,2.39503938862482,0.683886893545417,0.845973908967205,2.38161688555002,0.0970611596609437,0.045920909003984,0.0716618994171472,0.112472011538988,0.187218987313199,3620.10830976385,1,1
187,0,0.0790388922763845,2.27348248029681,0.818172818220374,0.851603273610229,2.21989255719625,0.0928534601486246,0.0456589082946287,0.0698958367148707,0.114841834694881,0.193114478375066,3569.38884426488,1,1
188,0,0.045266141527666,2.37205364286872,0.730861642524163,1.17508301358029,1.7559345907963,0.0995686066769893,0.045290665372789,0.0703530711612744,0.107861832194293,0.188243555454234,3625.26702121738,1,1
189,0,0.00487117456059684,2.223462538575,0.90991100344883,0.95242269125324,2.07972096364314,0.0953018439326466,0.0475460648140157,0.0717708723503051,0.115581649550654,0.19139066233844,3592.51509311146,1,1
190,0,-0.162332821921936,2.33033046352247,0.784420992966164,1.01554198275348,1.98029419085781,0.117067301615489,0.047104599384619,0.0722597536926783,0.111925674269813,0.17720942978843,3652.37150838799,1,1
191,0,0.0631800114017433,2.31849521041427,0.750065540741314,0.990916963271306,2.03049314761066,0.0919904732165569,0.0451813166323276,0.0721343194578787,0.118954925769444,0.198131948673963,3593.37526999822,1,1
192,0,-0.0327339932344439,2.2414876991208,0.8654057821958,0.842062542694323,2.09061390720933,0.111518936104544,0.0465774946373992,0.0709782364806652,0.120204296124334,0.198291043632866,3580.76799060863,1,1
193,0,-0.138482165229379,2.35393735317736,0.794023372144003,0.994744953626667,2.08979348778052,0.108512501283892,0.0469845244398398,0.073425358356945,0.111462726722417,0.186917401697132,3646.44967612115,1,1
194,0,-0.011411411251796,2.34911096244229,0.71300227768458,0.829641629636932,2.22243356163841,0.101778902114172,0.0438929277309483,0.0705146930059618,0.116415282330248,0.192384925249459,3588.18317953143,1,1
195,0,0.0713212189172936,2.3014279104708,0.731898772631731,0.83185816707501,2.3698393587889,0.0911427817690359,0.0450745750346123,0.070801808054887,0.115524763946072,0.2026535006242,3542.78389732084,1,1
196,0,-0.0887373726597792,2.32548045187555,0.72314902906216,0.97647032469431,1.89322814439442,0.119178898965067,0.045075616988996,0.0696584793239382,0.109535643947324,0.178917399740016,3588.20451359774,1,1
197,0,0.0574604955379255,2.29449427579943,0.809128863663724,0.927173877796942,2.05180402445629,0.0945248476416851,0.0439327818825763,0.0675823983592502,0.11544231886611,0.196846579277707,3580.38725374083,1,1
198,0,0.00239673221246702,2.26670461216055,0.783794628670727,0.983183281015903,1.78862871492433,0.108060632969865,0.0447486397341563,0.069650878660441,0.115552733335324,0.193550548861234,3550.30404963183,1,1
199,0,0.0261200343428637,2.35310296243604,0.701792734877208,0.95877889207608,2.25199271727352,0.0915980097387674,0.0459521106545416,0.0725111109159062,0.111800302328767,0.190705915436433,3598.99678758763,1,1
200,0,0.000471478948455566,2.22827976637435,0.95187736796923,0.865186638757788,2.3257117156038,0.0967018619885336,0.0474302178788416,0.0741643809519294,0.113019280144946,0.197328168907526,3575.66941696335,1,1
201,0,-0.00347608366600312,2.26056367103963,0.844896734944584,1.13992650811207,1.76041899451576,0.102614649250391,0.047022700498786,0.0721986053973266,0.113049902148398,0.186367918803532,3601.2854935649,1,1
202,0,-0.0415155691189369,2.22004409640376,0.887765716800098,0.793189266659688,2.32311521771695,0.0982410034267588,0.0453702354954051,0.0686565368965391,0.115342927798423,0.191783193771039,3559.07499171699,1,1
203,0,0.0336728728863845,2.24377125058171,0.807047357734137,0.807013954370999,2.21312944792286,0.101198201826435,0.0461992987060145,0.0707672465411299,0.118790950144277,0.201736239218482,3538.92586318854,1,1
204,0,-0.116533487410596,2.24918467159175,0.845506772528532,0.963905794002699,1.96511768266012,0.112535468419854,0.0476612432442461,0.0740180574510658,0.113483980986931,0.184478999309855,3583.27470830926,1,1
205,0,0.0671785816129473,2.38986848456323,0.681071955299139,1.03688819482473,1.93971848006766,0.0913927210734515,0.0448769759399362,0.0699337467699579,0.112854274204006,0.186924181196651,3627.44738207935,1,1
206,0,0.0361601438233803,2.33772398113257,0.735742528487563,1.18573374620306,1.75307943956466,0.0933375213205904,0.0466855854535186,0.0733826343821904,0.113533565580137,0.183971833906361,3631.23435429138,1,1
207,0,0.0640551014770574,2.27629909275277,0.836434629001557,1.07174124932319,1.93963965836459,0.0910873999109084,0.0462158985303442,0.0711436260636523,0.108213612288099,0.183740670126016,3588.86053030711,1,1
208,0,0.0871037835450003,2.35800205743457,0.771410850758197,1.04703359184411,2.03843321315573,0.0935067884418169,0.0455523302565461,0.0702568427925105,0.112069451190999,0.190282380057393,3639.93705310709,1,1
209,0,-0.0703044416774897,2.35992086237129,0.660882448204867,0.989848135752922,1.83534222830756,0.123099449156347,0.0439942913073624,0.0700023597690942,0.1143802730373,0.192587772801198,3595.21496441155,1,1
210,0,-0.0628293061411873,2.43552166917447,0.647185482308241,1.29290386475052,1.50679657933755,0.116538653556647,0.0466017935121825,0.0728349138201224,0.108061915346371,0.176112228509529,3689.4888614423,1,1
211,0,-0.130871259290329,2.33044162978068,0.767191126128824,1.12501529955612,1.67083657135391,0.126894100581008,0.0460289857641375,0.0725509118438824,0.110492139513786,0.182821600847492,3616.71497817785,1,1
212,0,0.086981520920738,2.36324421640694,0.687084865171523,1.1543551070867,1.91589595613404,0.0854014392493474,0.0472964886381147,0.0736499533265539,0.113842928622486,0.193983521767,3628.06681369727,1,1
213,0,0.0348722609587053,2.30928697988322,0.773323863361319,1.06744574745789,1.78061927330189,0.106026981754604,0.0457945250157449,0.0704811580094576,0.112106638907777,0.189801561043149,3592.7368933924,1,1
214,0,-0.269883611471962,2.23371414300091,0.890262980321419,1.04657638041055,1.75130085272858,0.138592062693731,0.0486743359137976,0.0762308019765989,0.113059722940962,0.18328699656962,3594.2652442365,1,1
215,0,-0.127660288793338,2.33900692763976,0.729434932401604,1.05668830243371,1.80150558198966,0.127337393886984,0.0454406641287295,0.0715748487949727,0.107752066136439,0.179865975169661,3603.76740131237,1,1
216,0,-0.0194989018721567,2.23795986346454,0.909405844602696,0.921374243808094,2.17520619067363,0.101229273497145,0.0459676933669134,0.0700282425500241,0.114103319695511,0.187358161501158,3598.34638137058,1,1
217,0,0.205178408992899,2.27570400488417,0.822157504504335,0.975013008396123,2.20770305064478,0.0718657137251197,0.0469802945880324,0.0723894357809165,0.117102033569523,0.196052008418525,3580.24646890818,1,1
218,0,0.0205045060324253,2.34564771236237,0.762416813025111,0.904839673657356,2.2722509760186,0.0931090100412726,0.0453471536481558,0.0713903214170098,0.11581777656828,0.198318412281082,3607.78026502739,1,1
219,0,0.00482206846423283,2.35116058811057,0.789103676276068,1.15963421970365,1.7899114695803,0.110346320040224,0.045358933008395,0.0722104205690413,0.106938604984793,0.183267243950005,3635.85793859729,1,1
220,0,0.1941348541026,2.20106748720198,0.987107553311815,0.989801430058376,2.17510762338549,0.0726148907987718,0.0500995213358932,0.0743719436099041,0.119426176632715,0.198420740711084,3630.72059528154,1,1
221,0,0.0569408219305817,2.35341827385551,0.739387414710164,0.921748196546222,2.27040692230855,0.0949941944274009,0.0450023818608458,0.0713665996244533,0.112444675985436,0.194376983992777,3603.80624265411,1,1
222,0,-0.0953627714471088,2.32578992430298,0.83574615863929,1.07448642970915,1.87056036852412,0.113753224938155,0.0465301002258637,0.0728118796159438,0.107769551937313,0.187221583005087,3621.37864066052,1,1
223,0,0.0128924198021215,2.25820543327708,0.862994094074281,1.1265280384563,1.6238717817864,0.102186083341218,0.0472269256255426,0.0719863720530576,0.114010834853183,0.191307764711242,3596.84264774243,1,1
224,0,0.0185470265967262,2.20908888301887,0.962274996488615,1.01614479840882,2.02739494986308,0.0997936468131662,0.0471153862762131,0.0723331962808973,0.115531248392791,0.20353622234022,3575.17893823176,1,1
225,0,0.17133392813039,2.27902898647971,0.919017281403463,1.00467909355356,2.02689318754772,0.084164793339595,0.0447266046417581,0.0695160516474957,0.116102543448791,0.19591332445064,3611.17144877877,1,1
226,0,-0.000470983540891453,2.26027498190109,0.885183935752017,0.910383297754903,2.25920998770235,0.0939954316148489,0.0476989219602756,0.0726220877062506,0.114569485818636,0.20222813573816,3586.28089830421,1,1
227,0,-0.0334330542155267,2.27835112916795,0.796702939429706,0.846661493704608,2.14817033356959,0.104869862151511,0.0439572385010938,0.0697916815139482,0.115674954027819,0.190997938808011,3563.91560126497,1,1
228,0,-0.186511101950827,2.24668418444349,0.886269187181419,0.847175328618322,1.9405682206509,0.14285961842141,0.044504635065397,0.0689288412596954,0.114033298478105,0.1931016497513,3562.33630250762,2,1
229,0,0.0527034617322269,2.28825606364161,0.82476708358098,0.661608752265887,2.40586950106613,0.100138091243658,0.0427905315660547,0.0677250382083637,0.122560244537531,0.193889250218146,3579.68198822038,1,1
230,0,-0.0370370331701535,2.29195803214576,0.841220195426922,0.987063230561308,2.06279655831035,0.10310250867581,0.0472077359313402,0.075455943893034,0.111187824183496,0.190531340096286,3595.87377638384,1,1
231,0,-0.157560598413892,2.30812458020716,0.84337739028135,0.7635354325249,2.27623044133535,0.126234427767988,0.0435124667802479,0.0671076935133638,0.111635548951232,0.190062575175816,3573.22347678713,1,1
232,0,-0.0421798733421601,2.28518002663027,0.808277357425983,0.882668050695024,2.12326418201559,0.104506474988169,0.0466395105854047,0.071072244164183,0.118935744713409,0.192851955590898,3610.4352291629,1,1
233,0,-0.0344120652247627,2.25596178261194,0.848238597024011,0.979259468202904,2.06009855364209,0.0973671550475124,0.0484802422587119,0.0743737329564101,0.112956878654294,0.181449992185675,3621.06440960757,1,1
234,0,0.0628960768470924,2.30405813424684,0.800951771874903,0.837542117748072,2.37404569843209,0.0895628074253458,0.0457218300427709,0.0721016728888218,0.11635305611192,0.193870098479605,3598.81819924052,1,1
235,0,-0.0357838077829795,2.31083047514378,0.855861669369349,0.982391178442422,1.9492611322538,0.102851160657498,0.0452065642284863,0.0703251359102098,0.116138594695119,0.184899922447193,3643.47424506348,1,1
236,0,-0.0121553715595902,2.3584555338594,0.725687686779338,1.00712531027568,1.88050430392211,0.113033910346309,0.0460573602694435,0.0710140720277087,0.114223752188045,0.201012354222432,3608.79022244673,1,1
237,0,-0.0178635853122492,2.29244429499775,0.807236208771915,0.951315737538022,1.97516225280627,0.102181600712821,0.0448981556700792,0.0695266479773607,0.115189187014488,0.180928166834391,3612.41886627716,1,1
238,0,-0.0839190956208858,2.29827100626728,0.826373683535143,0.86814401365611,2.14905522134983,0.108662142995686,0.045228773053077,0.0701817064868065,0.111238253669438,0.186978223052405,3585.05128984724,1,1
239,0,0.0347161142071681,2.35051651818239,0.701081615117579,1.03625371478862,1.81658886345139,0.101014315915823,0.0458366501387961,0.0720651484306183,0.117719310162961,0.19444906432268,3602.98999718025,1,1
240,0,-0.10833047981818,2.2334410263914,0.90328639709372,0.995845496408372,1.7843309012005,0.125898407251653,0.0451801233363689,0.0709869055174009,0.111902899536068,0.18925669977525,3567.49498925528,1,1
241,0,-0.304179435008696,2.28811890092204,0.819529376300593,0.931451308764616,1.97924341112971,0.142335431728564,0.047409328599426,0.0739621650635403,0.111966831810951,0.193399777187841,3573.21116944334,1,1
242,0,0.0957967930575647,2.29074797497746,0.746915003876977,0.797996130444943,2.12109875097721,0.0912777780832869,0.046104408854786,0.0709036066921905,0.121602888785267,0.201422807237677,3553.47399395961,1,1
243,0,-0.0982815620214284,2.31332796521461,0.695547116128267,1.12039464057931,1.72644545932211,0.113211158839042,0.0466323510449502,0.073641217464179,0.107486722269878,0.188851773341317,3563.46157769916,1,1
244,0,-0.0167875165549681,2.30204264450763,0.834203581457292,0.783619737251479,2.2360417956819,0.109056264192523,0.0443528989021527,0.0682286912404395,0.117033183131063,0.199573319109846,3582.33730216908,1,1
245,0,0.047197461468878,2.26054260103713,0.874443011685179,0.95771268722335,2.03188577541684,0.0908732013748578,0.0464646312227436,0.0715769407802743,0.115525253483177,0.188755770667849,3603.02333821645,1,1
246,0,0.0533497763618277,2.36079897480018,0.744858595180978,1.13296589829193,1.91890450309276,0.087070664694212,0.0465640046026505,0.0724152484949064,0.116226685112979,0.190480711013487,3655.73000643076,1,1
247,0,-0.00271240092308611,2.30302363495931,0.847748378701968,1.05387865151384,1.93296256127503,0.0989634500890793,0.0468882874820842,0.0730540533860472,0.113778827693192,0.191580995171054,3620.05276949933,1,1
248,0,0.131725576124037,2.32180864196245,0.811098150438681,1.05020083938762,2.02859993747929,0.0857038407276437,0.0457894284078624,0.0709352049431769,0.112828663327904,0.194422660946955,3603.3192652796,1,1
249,0,-0.0339090012026308,2.34382371329569,0.782015562937496,0.932261318610408,2.17845398119902,0.105003268518,0.0452352664708286,0.0698425879351258,0.11625629867319,0.192630292018836,3636.5525642516,1,1
250,0,0.054138159919484,2.30630994149338,0.818106020022059,0.968262832519432,2.06740957977311,0.0947594170713946,0.0460561413649116,0.0715057497714561,0.11455987419103,0.187966744540752,3612.40767249352,1,1
251,0,0.0639994937713975,2.27291572785055,0.842917378936473,1.00158048235137,2.00331634162475,0.0938695142112725,0.0469119194859263,0.0731472948203313,0.115940657593718,0.187701418778676,3614.76592053575,1,1
252,0,0.127744554517834,2.31738567815751,0.846707873994897,1.10467056364844,1.89561687281174,0.0844657294643909,0.0470498670947452,0.0716719236640869,0.117520528055953,0.195923818929164,3653.15875904083,1,1
253,0,-0.243854655359031,2.32421998617681,0.725520673041504,1.03869742929764,1.8851959420892,0.136065775371709,0.0455211981283213,0.0723174971526895,0.111957152025887,0.188590011089611,3601.48330334441,1,1
254,0,-0.0150305684405154,2.2000684074489,1.00680250047682,1.02789613676665,2.09314202948325,0.0969147833877377,0.0484667731959679,0.0718231048684453,0.11106928713516,0.192293734962641,3596.51295089312,1,1
255,0,0.0125750589428601,2.42456173699691,0.655420766972579,0.882387097904516,2.22544380422533,0.0981910228005626,0.0445902340679982,0.0684892188321415,0.114422138294447,0.195672593056044,3628.26176717057,1,1
256,0,0.169200267189943,2.27802591628766,0.87059398517899,0.83028658313767,2.31713746923529,0.0782419252676451,0.0459316796073717,0.0707131642595563,0.123180488571515,0.206372517058583,3597.71672742641,1,1
257,0,0.0813987808210449,2.32362055138259,0.735104048034155,1.01408388593367,1.96617573552679,0.0954947897855694,0.0461932873429626,0.0714182577611399,0.114861232202992,0.200033321309248,3588.32195428328,1,1
258,0,-0.101182668577765,2.28421356586633,0.802224616145679,0.869143770067683,2.16406389949325,0.109939414578301,0.0465461181724048,0.0731702167461489,0.113857936422639,0.197444319665402,3561.63983499627,1,1
259,0,-0.112918898151235,2.31420221672745,0.765877713709922,1.01599095683125,1.88529876151847,0.119769460346307,0.0463565408590498,0.0720167485842297,0.108445312422138,0.191586840232,3567.17801280954,1,1
260,0,-0.180907045821647,2.33314576213854,0.805267657077072,1.08892665868406,1.96506380541989,0.115843598450352,0.0476647705112492,0.0722934832485612,0.107814454321759,0.182328954698938,3653.14563006088,1,1
261,0,0.0941960204612261,2.27786624782168,0.872252082843275,1.08088843123824,2.04003846253362,0.0890078231589934,0.0476874427481642,0.0732936237048696,0.112405295235268,0.200928702744789,3604.56660720784,1,1
262,0,-0.0502974654763527,2.31849508467265,0.813698680226189,1.09566907593228,1.86547038024239,0.113141811486258,0.0463647022717943,0.0696358265494947,0.11348717671714,0.184780207599424,3656.61718815694,1,1
263,0,0.100889706169292,2.3276476515555,0.793936284793869,0.896449511445981,2.49613692745419,0.0805015288709349,0.0472311682332796,0.0753893969745986,0.116840716996175,0.205670056711481,3610.59297428524,1,1
264,0,0.225939148315642,2.25718784967864,0.829353681681223,1.0015173885924,1.97414417703306,0.0789864344434862,0.0456803179623264,0.0715185503148123,0.118805816535891,0.21081517534944,3540.279056759,1,1
265,0,-0.00734733593636576,2.28189260008372,0.824777301083404,1.05309997494719,1.85652592580278,0.104038759025065,0.045030939355069,0.0706489301401588,0.113227982315825,0.187577509134437,3586.87102289421,1,1
266,0,0.0282564071115411,2.33478006932976,0.755299817465827,1.06603877056532,1.99103890205972,0.0905617965846666,0.045820202988775,0.0704111773924474,0.111657198518461,0.191618774347454,3606.24497937302,1,1
267,0,-0.173053235135768,2.36338832452457,0.731263114473418,0.965023005179592,1.89001016930963,0.126180469518783,0.0450454324870783,0.0698738740175775,0.111869675620993,0.18165606430921,3630.96568564712,1,1
268,0,-0.0315633728308163,2.38096973288471,0.674163466012883,1.12221665036911,1.72496947624022,0.107146193225442,0.0456227878403839,0.07264556997274,0.115302428189026,0.182264779359492,3646.72932590322,1,1
269,0,0.0350499490555928,2.27733783693401,0.870002188642669,1.11132992965739,1.7671772934614,0.101477502531723,0.0474267634307229,0.07440518974901,0.115688675954015,0.187733392088054,3624.80601481103,1,1
270,0,0.0961818225120328,2.32062253854589,0.753002016205312,0.813749550548509,2.38308234525219,0.0889872643854143,0.0441317308041971,0.0687061509684289,0.117685452674856,0.209661781103054,3559.43642498988,1,1
271,0,-0.0196823371470179,2.26052593972592,0.861007889279312,0.957132377800247,2.13025561158335,0.0978404801192818,0.0484904777212636,0.0738707598915569,0.115412600935859,0.192849663167124,3605.42922138676,1,1
272,0,0.103758961717872,2.27399334288684,0.862624826480568,1.1176142330831,1.79278703056372,0.0917649277667047,0.04623691439988,0.0720186974843021,0.11548433901417,0.187354340738781,3615.20238482849,1,1
273,0,-0.0395696897119484,2.33642550176959,0.709798922549499,1.04710993011756,1.9064335201471,0.106354044018911,0.0486500514900166,0.0755338809372853,0.114625935948608,0.19259866010153,3620.71510251581,1,1
274,0,0.0668634353125852,2.35627926968834,0.682166331676947,0.94594623273512,2.1276684723926,0.0872551068347357,0.0456559158952708,0.0708360304296012,0.114851862408568,0.196169548434131,3595.08255812207,1,1
275,0,-0.0653600558417122,2.27066163803938,0.879627772601577,1.25014284114374,1.58837921616193,0.107488265238917,0.0487292919608666,0.075424178905834,0.107460491693858,0.177525489524631,3630.72186912071,1,1
276,0,-0.24295796275214,2.27317964521399,0.82984129386829,1.04334671527285,1.90948098069592,0.130119396431369,0.048606883523005,0.0733143613286509,0.106923135886159,0.181953762203178,3594.04251123868,1,1
277,0,0.0697287505778213,2.37546687949712,0.653594813932513,0.769186326440013,2.34375260397721,0.0941377666653021,0.0426960899968243,0.0685688763521916,0.118406691765346,0.195674024224261,3580.79362964874,1,1
278,0,0.00939787924828658,2.22474999098683,0.88477488760837,0.786494395969801,2.24252799526365,0.100195861832889,0.044380294956896,0.0694887689306921,0.117894614029214,0.198070728735266,3532.48174509239,1,1
279,0,0.0566200261452074,2.26724095272264,0.814964366594093,0.71747252419975,2.42221292495267,0.091644954373332,0.0456831929213289,0.0693900685586205,0.121616040769797,0.198756208659484,3569.35242807264,1,1
280,0,0.0235748758456011,2.3545535550887,0.700209563742363,1.09472016754052,1.85795742985349,0.0971523173866139,0.0457325638898842,0.0739966346025765,0.114995400682141,0.185787319290442,3619.83852316471,1,1
281,0,0.00347540312810116,2.33728346024899,0.770382151373442,0.980936678254148,2.03983663377145,0.0972346151060201,0.0453298460734659,0.0704329792715852,0.113601586946447,0.186413309474935,3621.68481646776,1,1
282,0,0.0361525019869851,2.32579967516111,0.775918277911845,0.906408851063717,2.02587959729574,0.0999809730946261,0.0440271917432875,0.0684425297084878,0.112243079145371,0.192682414232901,3584.54387413702,1,1
283,0,-0.152227810672893,2.20939852382244,0.944949184094358,1.0056099858639,1.88309632967664,0.124808774676813,0.0467711403963305,0.0722673791725797,0.11140866956498,0.183447130050726,3597.67053335554,1,1
284,0,-0.00464307290113155,2.31335410468595,0.704477176953724,0.886830229156754,1.92204792098966,0.113178393976962,0.0449836617202756,0.0689159823287418,0.114146280592445,0.194298547478141,3551.3457734092,1,1
285,0,-0.0119151954546985,2.25227105000738,0.899584997604643,0.883100892412777,2.09571625783607,0.110824976972916,0.0460957148920779,0.0717821051287058,0.115698019408794,0.200137194543442,3572.6937559799,1,1
286,0,-0.0529247468338725,2.27684075127015,0.872849399817265,0.91497607306974,2.02295265750662,0.112741131356715,0.0445227537624315,0.0707418066239668,0.118614196986761,0.190788649485197,3604.71036288073,1,1
287,0,-0.017887218937747,2.27033530079259,0.856434674665562,0.98805070950442,2.03381039805036,0.0962222558776207,0.0457280179489641,0.0703136678151365,0.112748807678624,0.18546119006219,3611.63378112679,1,1
288,0,0.089733371359777,2.31734483641024,0.723822211733796,0.894998547651266,2.1267883378839,0.087176341688643,0.0450786716435247,0.0706494648711888,0.117670722503152,0.19411845078669,3575.53301410714,1,1
289,0,0.218215079895085,2.26632568424131,0.883202967476093,1.05068652757786,2.13310382051298,0.0702172441066957,0.0471193106778115,0.0726537006963686,0.11616345062085,0.205055141886672,3586.94724948056,1,1
290,0,-0.0365130833731378,2.31726435409103,0.816336216256253,0.969249464908619,2.05566198288873,0.107354642621051,0.0473906981239209,0.0711287136838519,0.11481124943667,0.191867854948236,3635.48292951445,1,1
291,0,0.00086201560227499,2.38926104285886,0.680074871034494,1.23078582085264,1.65307715984862,0.0973358096614609,0.0465667480027611,0.0718361362583991,0.110634430049501,0.179628195813886,3664.520232715,1,1
292,0,-0.13575458648348,2.21722661344918,0.95608757953411,0.993774902093882,1.94444087959103,0.115708657164396,0.0474282989925477,0.073469506170181,0.112719018777165,0.187715394526576,3594.34710657891,1,1
293,0,-0.106477800604152,2.28070171694945,0.829624016758768,0.965610941184394,1.93133028069181,0.123371541553441,0.0463335099515356,0.0709765316237135,0.112450707006212,0.197132258891465,3578.57882511331,1,1
294,0,-0.0426629694216774,2.36535742525975,0.712293039078592,1.02562213246798,1.95551437391875,0.109083729721187,0.0448206046511567,0.0700874758436309,0.111316725924379,0.183356251386725,3623.97343964945,1,1
295,0,0.0749760297600613,2.30713901998717,0.850869536845232,0.975472501212064,2.14604137026923,0.0895263347801968,0.0458842089305583,0.0706335962673565,0.113612582141761,0.191209805626199,3619.70340941832,1,1
296,0,-0.0718671484215176,2.39112388090116,0.713480780487912,1.07698815263771,1.88663656653703,0.110733061773644,0.0459148497792243,0.0711647931688516,0.110137600199558,0.185510603801925,3646.0839619268,1,1
297,0,0.0632261602095691,2.31375365854027,0.749077018671412,1.12877383815762,1.86433664835373,0.0900636620391214,0.0464097972592007,0.0733094075538653,0.115804088372822,0.192637877368458,3612.6324070834,1,1
298,0,-0.0254482966238876,2.25822669935207,0.916869098881514,0.797641835236633,2.33809306908611,0.0970958459301792,0.0452965440024854,0.0704670006816129,0.11763814443885,0.199228883702409,3591.41967305856,1,1
299,0,-0.148818572242451,2.3527911867566,0.753110116498271,1.20342409489613,1.57728747586177,0.128260983662157,0.047143920155074,0.0735160837172157,0.108799305981199,0.188986261785127,3632.86447865776,1,1
300,0,-0.113393464180919,2.31875623165593,0.864963678731456,0.865501471290011,2.19866468258628,0.111843200606074,0.0448018351165166,0.0691186796281966,0.114678758850239,0.187648727108857,3643.79632800206,1,1
301,0,0.0113593214836136,2.3241955950492,0.764966224894689,1.13409640447293,1.88626235766575,0.0930386044765995,0.0478911229166329,0.0725349316745162,0.112193564440455,0.190216750634024,3624.90054315249,1,1
302,0,-0.0638877732717573,2.24259323107113,0.851885512172072,1.02457974078371,2.00147954136216,0.103454093602443,0.0480443292293508,0.073932972101178,0.112012186862989,0.190544753963039,3579.0480067406,1,1
303,0,-0.13161766451108,2.35453940430648,0.75120365892989,1.12926542785042,1.83981822459617,0.108708600093729,0.0486473297057566,0.0743481368139478,0.111424564571726,0.186230344592488,3650.07831355432,1,1
304,0,-0.186931518418201,2.28864121422348,0.790891871495257,0.923791797768563,1.86810831025846,0.143645766337242,0.0461195286973297,0.0720572425204197,0.113007552849963,0.192503268491564,3561.47498070343,1,1
305,0,-0.0675689004869679,2.31880581885622,0.784404131456867,1.06444456884812,1.91621755842167,0.108713475007962,0.0469340188344195,0.0709379633605789,0.11066897707845,0.184121652196885,3619.76413312846,1,1
306,0,-0.0161931206540582,2.28886836044844,0.896781744839323,0.822786870672209,2.36200212833969,0.105173380532953,0.0448363092771056,0.0705890251666412,0.110609737630758,0.198166942059459,3578.58943501864,1,1
307,0,-0.0992603981905098,2.42058037921696,0.641963089794396,1.07138132458511,1.84434724577846,0.118545634210781,0.0459365133896397,0.0726602874819093,0.112311170396838,0.197404085431945,3630.89073361571,1,1
308,0,0.0458524053768657,2.24610856921818,0.857305654589569,0.978313508552591,2.0926381546481,0.08924741901087,0.0472747491234221,0.0737197441052089,0.114155491211045,0.190643214112656,3577.3910874863,1,1
309,0,0.0566889177564875,2.32311910466133,0.793263532858421,1.00121552144956,2.02073701122812,0.0910355000550029,0.0444852817229348,0.0691693910126368,0.114523044663307,0.193563183161171,3603.41676049888,1,1
310,0,-0.0653299119654892,2.34349171021389,0.753423224621747,0.931738561390638,2.11557533085925,0.114528061306093,0.0437042030386394,0.0694977938431062,0.104766889796545,0.189833185102184,3562.6175908785,1,1
311,0,0.0515593699209391,2.32354067283366,0.805772063577997,1.06858787469659,1.95976742394662,0.0879410161949077,0.0466352626241028,0.0730345505664947,0.116305301388119,0.188305448056054,3644.3951044254,1,1
312,0,-0.221258534280889,2.23307354677279,0.90914776771143,0.931451579973028,2.06765944960898,0.124771138019076,0.0469988291072379,0.0730460868295193,0.106068924292053,0.183051026559417,3557.52606973934,1,1
313,0,-0.125526597151864,2.33974432309864,0.771335245315987,1.10455233487675,1.78779005918548,0.114627882851073,0.0458469067530271,0.0721945657946805,0.10765233685446,0.181420087575169,3625.14571510331,1,1
314,0,0.176371363449001,2.30119837050381,0.792441007058524,0.94878622241631,2.34303827553093,0.0747367701558633,0.0473693342982199,0.0732879080333019,0.117016528063033,0.209371197400499,3581.33670937908,1,1
315,0,0.044848759481558,2.27069739144597,0.873240759331589,0.980744575980982,2.09348835715229,0.0953344224793571,0.0469742155161898,0.0735021503679037,0.113127610982306,0.190348753549595,3605.99314469368,1,1
316,0,-0.142843233076044,2.3643833393216,0.688143284525945,1.00411737636442,1.99593936229419,0.120965249686764,0.0476989705967001,0.074412715583004,0.112985436434328,0.193163077031366,3592.41331283451,1,1
317,0,0.0437213447519252,2.31038084217024,0.845631035518769,0.914449353639308,2.28190415828663,0.0912294992481409,0.0454795535240444,0.0699103955664637,0.116948287074467,0.208496121605081,3604.57255482839,1,1
318,0,-0.0641908287991361,2.26203156029988,0.843567343360787,0.9390288801273,2.1633927277348,0.102131967912935,0.0476524776106798,0.0746495892880113,0.116282627785344,0.194229144533377,3588.83500132095,1,1
319,0,0.125944065112306,2.3084921690262,0.782134085033874,0.92505019233648,2.2536110629556,0.0788926784710587,0.0462658588765617,0.0715181576965453,0.12144904597481,0.201521728978198,3613.86570182375,1,1
320,0,-0.0076595331194444,2.27709478309309,0.851376541692106,1.10389459249387,2.03498894843189,0.10102151023167,0.048928150468596,0.0724618495407195,0.111246168690317,0.20018070709654,3620.44984338471,1,1
321,0,-0.102184902628266,2.35786974588647,0.71739693644828,0.962412526242798,2.15338129169587,0.108580212419827,0.0462029313095229,0.0712056970646962,0.109900363296574,0.189046714179713,3606.18325514817,1,1
322,0,-0.0366161579714995,2.25105364215838,0.805115997540065,0.929698887182621,2.03974488884754,0.108245570606346,0.0462275100172327,0.0711057717852673,0.114869029246572,0.198998870693734,3541.95656760296,1,1
323,0,0.0188736998942864,2.28625417286514,0.831613351605276,1.02242658317882,1.97206902302783,0.0974050691038192,0.0468876339854621,0.0709895513219124,0.114908173930827,0.194147527377739,3605.05018983622,1,1
324,0,-0.0747443103969087,2.38068280911585,0.708157254110819,1.05657065838443,1.86811808446013,0.11606962951743,0.0455128945551532,0.070920606009918,0.107694242749755,0.18499949299483,3625.07270652137,1,1
325,0,-0.0708746898078447,2.32630831177124,0.7943476319784,0.986831504412251,2.1000515329564,0.0994657791936215,0.0483045324818624,0.0767140140779604,0.114333700978718,0.188282382349295,3626.64729826804,1,1
326,0,0.0181760249499872,2.25242339058872,0.814369705470306,0.917122203890727,2.13469833678311,0.0961144441457668,0.0477753474973704,0.075209751454727,0.118198918734331,0.190773043891866,3582.96277345741,1,1
327,0,-0.0866059704796233,2.30736741453327,0.789056103048528,0.939798652881334,2.09991179354847,0.113583072567431,0.0452273041792353,0.0714229615770942,0.115099629778056,0.194181916154196,3602.09036683087,1,1
328,0,-0.165119502574626,2.35757057037725,0.741583096803804,0.852132569819089,2.08748744125248,0.126398344276879,0.0440852424808781,0.0687892494808136,0.116541213952159,0.185306521138574,3625.84501930081,1,1
329,0,-0.152152991696045,2.37047589326547,0.710636610211667,1.04763910547988,1.80620054136144,0.130694323926552,0.0446406130483312,0.0706289776889149,0.106127974248304,0.176229703165501,3616.68547352044,1,1
330,0,-0.0483104112877358,2.41068653953701,0.688622674145172,1.22127107428334,1.78773196097,0.104674361029366,0.0480763772046848,0.0750364465606494,0.111637150674842,0.191554028524644,3672.87106336609,1,1
331,0,0.210406044800729,2.2948925534036,0.779514351965179,0.892361959040533,2.29522444078817,0.0733643351003904,0.0454563253885516,0.0701023126102893,0.119156855051534,0.202197653211274,3577.45155218632,1,1
332,0,-0.172274290209421,2.28609930041001,0.887042783045806,0.993564256733301,1.92625628889443,0.127957871356219,0.0469372343711463,0.0736577635844681,0.111648087698388,0.18729547242275,3621.05998238741,1,1
333,0,0.0578584655367646,2.35096478613355,0.769173853999396,1.00937166887523,2.07706590229552,0.0939894152072682,0.0458353534741215,0.0711064450465504,0.112983918815103,0.195064095437401,3615.72912904095,1,1
334,0,-0.12467369765257,2.32405823427272,0.749619199742989,0.940256927900351,2.14309868990293,0.1132999804037,0.0468219600798281,0.0726404125429376,0.11044143460341,0.180486825831719,3607.66098066039,1,1
335,0,-0.00323755194443354,2.30004114661493,0.842503215650379,0.984125106203005,2.05320066756368,0.101665779798153,0.04517311279452,0.0706033915615753,0.112798347476604,0.193345214104083,3588.99503028558,1,1
336,0,-0.137856011122321,2.30555651218289,0.82840491775336,0.87319329372995,2.12589986979643,0.126489150585135,0.0442901053018491,0.0677307794132846,0.112610026539858,0.193604869132932,3591.8120096674,1,1
337,0,-0.0106253056605712,2.22680524697075,0.824249145811179,0.878018270810653,2.09374705724622,0.10773664135621,0.046145846274588,0.0704630795409552,0.115015915817712,0.19445306591174,3529.94719426765,1,1
338,0,-0.0218746123855435,2.35468289877737,0.740921623819045,1.07152639195291,2.03384490420016,0.0911651228519836,0.0473051573196001,0.0737189504307067,0.112072774132553,0.18214818379037,3657.23175129423,1,1
339,0,-0.0225648036744762,2.23833124035321,0.91760451997863,0.751404804966834,2.27457817154701,0.101344042110252,0.0432565182024365,0.0663887599507518,0.117090473074744,0.199332694198316,3553.37039402162,1,1
340,0,-0.0918474655551654,2.29555676046149,0.775767576073997,0.989761021683207,1.82084580874139,0.112380100198161,0.0449537688580634,0.0718312877125013,0.110705008610196,0.184016654662366,3570.9960209888,1,1
341,0,0.0130256336845921,2.28234073874532,0.830254723611842,1.06921629645647,1.85351520512589,0.101642942214783,0.0462687831642171,0.0708223735636764,0.111884324404185,0.184347102431224,3613.89417946577,1,1
342,0,-0.0216460687689831,2.28475038719085,0.806172995552957,1.09007183822874,1.76512218433229,0.114505685556761,0.0470587192947102,0.073086101054924,0.113092832354556,0.19348409360193,3591.0899517838,1,1
343,0,0.0476951946307974,2.25130873572775,0.877716754637112,1.09857233203672,1.71076546549252,0.100748046922244,0.04852116855151,0.0739974282397391,0.113306665334933,0.184428290377754,3606.25227985297,1,1
344,0,0.016359457049666,2.29850131472497,0.79315244288707,0.830836167242586,2.33726003025578,0.0890642642393605,0.0444673261604621,0.0697679028135526,0.118896060316203,0.200204799919613,3585.41932790986,2,1
345,0,0.0889528439499782,2.27686831654183,0.875767781110362,0.882462136011548,2.13207660579326,0.0904210240499621,0.0441468659221969,0.0691847158373078,0.1165996373907,0.198548622667244,3576.10316275437,1,1
346,0,-0.223167259077208,2.30685072967598,0.730345461954816,0.999178026725979,1.8543389478689,0.131978026817609,0.0465260525819198,0.0719397649735701,0.10672391597296,0.182458648189156,3565.87408806393,1,1
347,0,0.00477199866697155,2.24519146685083,0.887340564535012,1.26347456987777,1.63774895415377,0.0948988816037823,0.049377233717133,0.0772505677433378,0.10775838847763,0.177500886476384,3607.54356978561,1,1
348,0,0.019976612796241,2.36371427774477,0.665222608519979,1.0615658409124,1.97697902900699,0.096789862380763,0.0453721938364451,0.0727265066367161,0.11350763671509,0.191216884475652,3601.08622074707,1,1
349,0,0.00924520352417405,2.30628362174044,0.823175173244079,1.03127661985175,1.8124179859667,0.102047216704463,0.0444662016388221,0.0698887871796025,0.114410244043014,0.190751852939424,3604.80649631026,1,1
350,0,0.0846137008258573,2.35899019257844,0.741033085733316,1.16773857812031,1.70827521891555,0.0916333543261695,0.0451599647671081,0.0717047454686122,0.11151731296623,0.187047140138565,3617.6801275359,1,1
351,0,0.124387730664913,2.32631206093157,0.740205304864796,0.843054304528689,2.2857327503988,0.0881662269707854,0.0452279261209804,0.0703536567820483,0.119109198406468,0.204779308354053,3573.76588807233,1,1
352,0,-0.0160799444738406,2.22598858218691,0.89586714766133,1.11730025629571,1.85589624479563,0.104996368279343,0.0467445300333784,0.0718014136806077,0.111645117910633,0.192531735922052,3569.10872041051,1,1
353,0,-0.109089819190007,2.2334891814215,0.865593369606952,0.905018670013811,1.99906879170067,0.119160473316616,0.0469814453590147,0.0713091535898272,0.114883637771374,0.196043651510499,3545.68493115117,1,1
354,0,0.0808327835934034,2.28718616932901,0.829816666197262,0.934528466506626,2.022920107444,0.0933113672238574,0.0458571936854427,0.0695699531081468,0.117952768879656,0.193993265516139,3600.64940764598,1,1
355,0,0.129023900908637,2.32306887606692,0.660269469805897,0.995296603605882,1.87994412344776,0.0903320046542362,0.0447214326824195,0.0699287653833775,0.1170073048003,0.195928246477362,3560.66109547477,1,1
356,0,-0.19186243860781,2.30559222231834,0.77904476303907,0.92326624922521,1.96538586546781,0.130953637277493,0.0449758019381263,0.0695400640971703,0.10962589126044,0.181540762028868,3591.57209817684,1,1
357,0,0.0994935156692744,2.3419738165501,0.732879938829279,1.06659251730877,1.95232109450405,0.0913128394653667,0.0459055506447014,0.0715621586448694,0.114487132304708,0.189400963412521,3611.64951440246,1,1
358,0,-0.0355620234432167,2.38528737244149,0.65742727807643,1.21766885423792,1.54106285697453,0.107129612541197,0.0473174528850516,0.0734913014303781,0.107384659780464,0.177470845134447,3639.51053568038,1,1
359,0,-0.0412041563025519,2.33591338081325,0.769502627574838,0.929305223497581,2.04262164262613,0.113050214147669,0.0460047548092607,0.0708280924198477,0.11510001735101,0.199441484257154,3602.71578862148,1,1
360,0,0.0427167562091263,2.2578184894772,0.920753859068137,1.07064166921531,1.99459335982909,0.086875885231087,0.0488433912378728,0.0736215956314066,0.11830001513166,0.193985682505219,3633.65592142951,1,1
361,0,-0.195007817500083,2.29935644486446,0.842034381977959,0.926982650698561,1.95175835557735,0.127672348652787,0.0454854097570423,0.0709604992630358,0.112899749073359,0.185439825839883,3593.75497841807,2,1
362,0,0.0282367749703252,2.21355042447131,0.891313002192734,1.09238993703133,1.70837819138644,0.0987579354110111,0.0478344679017587,0.0737768373901435,0.112486990029047,0.182350361940943,3574.24817642889,1,1
363,0,-0.148975941839056,2.37857520643232,0.665854099277754,1.17633260936375,1.85817665702067,0.104664149738685,0.0472346002247748,0.0740509563826008,0.109773603734465,0.177450447756414,3654.998154513,1,1
364,0,0.0773437901801355,2.30540176869322,0.770264698699688,0.876495981352965,2.11728383439422,0.0930103665394844,0.0459247217966448,0.0713559305964624,0.117204215160741,0.202630362502513,3572.03249370377,1,1
365,0,0.0721623592787199,2.27955378041638,0.856981790253639,1.32293538508562,1.62974956508871,0.0900754599024083,0.0490781671176062,0.0759638186263411,0.110880996773736,0.188733018586102,3632.6156621346,1,1
366,0,-0.0678692238966313,2.28798774628011,0.788709930243885,0.986831117027467,2.10274397500127,0.101016813192219,0.0467853352813548,0.0724119806343423,0.110709219132574,0.190355243173153,3577.51528181449,1,1
367,0,0.0788868238641987,2.21692855841443,0.87748561361968,0.980363155280721,1.98429729267268,0.0877349615288106,0.0464088872289365,0.071565028267818,0.116383682533135,0.192963229585116,3555.59005360623,1,1
368,0,-0.0867345920746375,2.34998012343385,0.739375743809001,1.22342108740855,1.61062124291116,0.112102579873954,0.0469259202822292,0.0749726727586573,0.111014128715237,0.179933080779879,3642.37901332117,1,1
369,0,0.0623722043297697,2.31481489692058,0.694174536686039,0.992179109554443,2.18979529483634,0.084969493796605,0.0471788934527572,0.0727741978552791,0.112665829439049,0.194912019794762,3565.16634240816,1,1
370,0,-0.102634905629932,2.28423296853934,0.798588007262199,0.983601101052197,1.96305913718514,0.114215917772721,0.0468114355081436,0.0715855951730129,0.114187888786253,0.19015140738723,3595.733860182,1,1
371,0,-0.0490964432188677,2.4418198622251,0.640705185915478,1.02406976745312,2.07092035668218,0.103611434040634,0.045030225548781,0.0704435910768742,0.114386463706566,0.186917624885871,3690.15051360309,1,1
372,0,-0.171770606852961,2.27824742554021,0.908633350984867,1.08855144108244,1.80325313159257,0.132273768476345,0.0479658933411591,0.0735517979400919,0.106880880572926,0.182396793809032,3623.05549381599,1,1
373,0,-0.0120436787604945,2.29259129746599,0.80965897036518,0.922647686939522,2.08716587535842,0.103118843809704,0.0448965016022737,0.0690635726445671,0.116313162713946,0.194113677988044,3587.61692946212,1,1
374,0,0.109800389844311,2.28029095091119,0.815051449789166,0.753934014212941,2.3947457794943,0.0873393460166737,0.0451105188612113,0.0695632380966153,0.119790353355772,0.193645442473691,3592.34267272629,1,1
375,0,-0.110170338562187,2.26959375550092,0.789545916628803,0.938072082117283,1.94262533672866,0.119484882400537,0.0460874117276918,0.0711017872457125,0.1105837823111,0.180210292813238,3573.35752228123,1,1
376,0,0.147128602952857,2.3477425282922,0.681784508498971,1.06034278951548,1.92254457948978,0.080763858561227,0.0467826287530026,0.0725902570349585,0.119967523880789,0.203831457737734,3597.8372867359,1,1
377,0,0.0156327094400716,2.36738739900199,0.756415767259763,1.06257416255608,1.86452564817221,0.0985001355463084,0.0456317001583441,0.0697572572040346,0.11256308566097,0.186061708250029,3644.88119407101,1,1
378,0,0.0521311090663804,2.28003419202052,0.813378232050958,0.953808721858075,1.99243638938472,0.0934284264497811,0.0464242395290193,0.0717307166532557,0.116644316138136,0.199050253928334,3578.40462380063,1,1
379,0,0.00714138547601793,2.37480483131267,0.605687714173139,0.894108652970627,2.14094872875606,0.0955505838150088,0.0423734352854552,0.0696514041945553,0.113948916950118,0.19327595041995,3560.73471957234,1,1
380,0,0.136763175656399,2.27849843646246,0.76079064167917,1.04749557506048,1.92426939890963,0.0820037733417381,0.0454881296539343,0.070610420227055,0.117260098717852,0.192862453189026,3572.06372925121,1,1
381,0,0.0630984716779703,2.36338841195227,0.680511789722155,0.778646947389112,2.38134329469512,0.0847551898871816,0.0439311317182728,0.0710885300816427,0.12268936718457,0.199603561421694,3583.31091451427,1,1
382,0,0.0974099551562177,2.32052343247206,0.814380562073055,1.08801367845206,2.04049313422476,0.081600491216849,0.0462782854367419,0.0727117759343658,0.114226970616565,0.19206349633901,3630.63496543789,1,1
383,0,-0.0261854749568087,2.37595098703903,0.66722030795243,0.817620795202766,2.18948307537521,0.105513496546974,0.0441370300105877,0.0682390296583859,0.117001322380349,0.189985766085706,3601.52413176609,1,1
384,0,0.0388653088473023,2.29075272208589,0.77953383859549,0.887979354207149,2.10230266758123,0.0980773331042299,0.0448785914637402,0.0703509035449687,0.115204041104063,0.197230177230066,3557.28507900914,1,1
385,0,0.0163197666932815,2.21839657870891,1.01212053195295,1.0378367942172,1.83640390820418,0.106369358035279,0.0467010158040164,0.0705674988477798,0.110900047426581,0.186823868352487,3599.06134075491,1,1
386,0,-0.0391885576415071,2.27975473334946,0.782783238331589,0.824720520172143,2.23630581814849,0.103557134065462,0.0450949624695497,0.0714284743676546,0.116625024561252,0.194492245770562,3548.11057340612,1,1
387,0,0.0122919646850124,2.31421521033802,0.751499460013582,0.927293839220645,2.04424163192712,0.102148234820166,0.0457749289915406,0.0696629779946622,0.115190456612861,0.197342112165659,3583.78922320129,1,1
388,0,-0.0585207700361116,2.34899009571759,0.684469178225222,0.866303228299719,2.15786412279823,0.10951999957918,0.0448184609242064,0.0700626058942019,0.114522306422547,0.199275628917011,3576.23748780654,1,1
389,0,-0.133633670057098,2.28150353534087,0.843373627984231,0.925865782440964,1.98795489099608,0.132070230554887,0.047905023799948,0.0738156796215796,0.111427218744456,0.182549603956416,3595.57009996734,1,1
390,0,0.0927856282141421,2.28256669841535,0.804508428951045,1.17639462359306,1.69861384751427,0.0878394100557001,0.0465294444826861,0.0707340902689577,0.113749182064358,0.187792459669973,3610.79171134827,1,1
391,0,-0.117305672517994,2.12752606788865,0.978944151119744,0.938883949749752,1.95123903910644,0.113840250306242,0.0489245596567779,0.0750449206841644,0.111222813152523,0.180313247350967,3534.05081942366,1,1
392,0,0.0499479131777903,2.28162324198173,0.807955168784554,0.899786686677902,2.06948763073224,0.0974038657851194,0.0453749110891081,0.0720110338063713,0.120047154081567,0.196273060654359,3577.43820048008,1,1
393,0,-0.120348380622703,2.28342277119646,0.773991922459048,0.932870445744978,1.8518153249943,0.124592419483815,0.0458472348778025,0.0715119716520217,0.112453003509642,0.185437334664786,3568.80625413587,1,1
394,0,-0.0942137082987443,2.32246555829108,0.800453773654705,1.00732977637905,1.90619826396708,0.118148308833038,0.0461513241520986,0.0710111591873487,0.114012575263605,0.187392806094681,3631.22865886122,1,1
395,0,0.0211513097495274,2.35557136275913,0.706005756146267,1.01917477158273,1.81854067371533,0.106540824366688,0.0461979755011806,0.0716071575131906,0.114716354454892,0.190884923753254,3596.08315147521,1,1
396,0,0.0564608600844716,2.32952901416124,0.734899570604913,0.872735940764842,2.14661454733567,0.0939650803399486,0.0437135074882257,0.0698120573778291,0.121224032081751,0.199273350963663,3600.85817416203,1,1
397,0,0.0229240465580137,2.25626942794653,0.932235638399697,1.22327395210754,1.74576294486479,0.0969456045288386,0.0492053227561703,0.0751477752520034,0.111938241697,0.184974415702535,3651.5291253577,1,1
398,0,0.0840628682666425,2.39187329602821,0.688564061613424,0.918004518632698,2.21520148429855,0.0874916938091169,0.0468362008493654,0.0723002304322845,0.121342445775065,0.201376709430139,3644.49749126181,1,1
399,0,0.127344801932468,2.24938763953792,0.868980217945711,1.12015753549717,1.97680338145121,0.07680750247908,0.0490066608876654,0.0742690716447938,0.116974741210106,0.199148777501153,3597.78747667452,1,1
400,0,0.0228947248333628,2.28833984406618,0.829498171747925,0.790655514488281,2.33672085210128,0.0960372086657297,0.0444328754656278,0.0692681921065255,0.117426582605116,0.196553002399782,3589.12671571979,1,1
401,0,0.0360658958588554,2.33870107608372,0.772841593972904,1.00081674464985,2.05422418010348,0.0972731979698311,0.0444941854560452,0.0702268476216801,0.113721365281787,0.202302884799282,3593.87260087962,1,1
402,0,0.0233628418213075,2.28095173858529,0.804837447269223,0.9799048694188,2.11006648098786,0.0966922045720585,0.0479216465603758,0.0740635480569633,0.113314362970307,0.202909471141375,3569.67626640291,1,1
403,0,0.0744697011517602,2.44184080642151,0.56056488852013,0.981961120186302,2.12364613059487,0.0886874728278161,0.0462144548132114,0.073259077495753,0.116289450219257,0.193932457501287,3630.77447877433,1,1
404,0,-0.0209329817268857,2.27479372571522,0.834354668312168,0.996846481404968,1.96078061804728,0.109629985142542,0.0470506046899897,0.0726272641148948,0.113725212427289,0.19397681470707,3591.3208489109,1,1
405,0,-0.0716367422954538,2.27782165818371,0.845577340853431,0.901092705540795,2.06170976035589,0.116108003474083,0.0446269235327429,0.0706604560097046,0.114992427256345,0.204970287797868,3567.19237464535,1,1
406,0,-0.328612994727747,2.27940581523186,0.874905990893209,0.939084996441903,1.88807319429684,0.158210784053608,0.0453223717953718,0.0704444927739467,0.111911778938354,0.184846061847968,3601.51026808689,2,1
407,0,0.107311349475281,2.30687533981398,0.819496514507375,1.24494262676318,1.80880619629528,0.0799497111803381,0.04797433215229,0.0749786293418559,0.119295705170974,0.193515810911263,3658.59621753519,1,1
408,0,-0.180606951935695,2.2787652620787,0.845240787997912,1.05697102827678,1.71607259270089,0.136656951234925,0.0472144552143435,0.0733806492946964,0.108642098348776,0.183205808885443,3587.48849775343,1,1
409,0,0.0617249534923796,2.25132745748353,0.852953760844299,1.1056557398404,1.91743125655654,0.094118046056764,0.0469011878011378,0.0722087865341827,0.11039382673693,0.19212813850218,3578.57689354272,1,1
410,0,-0.023333575803399,2.3171408941217,0.811431754691283,1.00107934924073,2.01277784608114,0.101414708826824,0.0457947189969326,0.0711861455756638,0.10994008309026,0.191473689532021,3601.35830676954,1,1
411,0,-0.0559809760728505,2.36510992647214,0.751023142546193,0.991679413205733,1.98246761052218,0.110179089647896,0.0447497917722988,0.0690977297213395,0.111386992925128,0.185436922288822,3627.32210929277,1,1
412,0,-0.0157331550132465,2.30666799927905,0.791059499794033,1.10554198219674,1.91409327638266,0.102069761059689,0.0474625504719988,0.0730449521262158,0.110935919059598,0.188971703805505,3602.46788767779,1,1
413,0,0.0150132515815468,2.40763240841778,0.610607929777013,1.06652151762574,1.85243167130279,0.104143439918993,0.0456042365715396,0.0721767921210713,0.112820377335267,0.190540465562302,3618.7681681077,1,1
414,0,0.00144844563079905,2.28000092700863,0.856344791073502,1.08251290104031,1.93012621416365,0.0977188272168617,0.0475449710160673,0.0709482302636431,0.113874731552812,0.185498259923896,3637.92943855039,1,1
415,0,-0.115305475419975,2.26375886399244,0.854660495094297,1.02783992432991,1.8454824818999,0.115331237638626,0.0462620345671889,0.072523686942899,0.113298316466302,0.187399241648649,3597.53924297891,1,1
416,0,-0.0195489334487084,2.31371059563456,0.783172941327901,0.970958018332453,1.87743667827914,0.114711362786915,0.0447446378061527,0.067932074759734,0.110848095207873,0.177951489372305,3595.7806099017,1,1
417,0,-0.098818474509235,2.28263515169404,0.809082692134165,0.969159241806193,1.9169253217751,0.119555254096995,0.046894815985719,0.0727687561663567,0.112676169348124,0.190356111395021,3577.59487204594,1,1
418,0,0.0617653762601584,2.36834605624165,0.741088094748079,1.21718515890653,1.63995684093684,0.0993884074634248,0.0465760591767244,0.0730045354169039,0.112033073560516,0.183921334416276,3663.00270113447,1,1
419,0,0.151259975825168,2.32424077973809,0.775555805663238,1.05467585819257,1.87124067964168,0.0894924790719445,0.0448759798093435,0.068797146872261,0.113443762695069,0.197092396740919,3591.89293464563,1,1
420,0,0.0323721113868752,2.31162217228012,0.83229927998175,1.11653463374589,1.89444589255697,0.0975489811645464,0.0469553515473974,0.0726655982303438,0.1107320754256,0.189652994993976,3633.09451307123,1,1
421,0,-0.00651995679014523,2.22851727616501,0.929668338229707,0.930722453047773,2.05123397681337,0.101700786490195,0.0460711104035755,0.070697592211053,0.119251779809372,0.19222377702602,3608.17216512184,1,1
422,0,-0.0667310282319807,2.26726960187131,0.873629126220749,1.22554549582937,1.64721233378643,0.110615257770345,0.0488423799081142,0.0746428663287126,0.109103646563353,0.182006660138916,3627.01570751605,1,1
423,0,0.0355386905581244,2.31810989221084,0.817916033906946,0.761127185726278,2.32182773100627,0.0992349001294991,0.0431570178923311,0.0676418490065602,0.119598914741062,0.193640823625251,3601.84117078079,1,1
424,0,-0.106092373329041,2.37563479204123,0.664517983409178,1.05544298695996,1.69697983020407,0.125634010455282,0.0448731643004117,0.070667250762836,0.11296244816757,0.188006332502166,3612.46953169066,1,1
425,0,-0.161936802143047,2.2528331853135,0.848234542761839,0.983340860384463,1.77801141387169,0.134700280504276,0.0455205089188802,0.0709343586869058,0.112937574915802,0.191634590027071,3567.2336315452,1,1
426,0,-0.16758764071102,2.36268909166217,0.76398708919895,0.995084462120605,2.00147639405866,0.122334939823086,0.0461872990631047,0.0715555375273478,0.109325618021195,0.180728569053022,3656.03947942108,1,1
427,0,-0.019734468400669,2.32483884522307,0.753186343571793,1.04829731884583,2.10285464923194,0.0915314387891653,0.04733855465493,0.0746769164379918,0.110895750005435,0.179544075111511,3637.79888117032,1,1
428,0,-0.250231836224802,2.32351793229727,0.773080456380945,0.886431055172041,2.12455757631584,0.1318090408613,0.0475952724236132,0.0736552413265029,0.114307032627477,0.186970104280573,3620.28433978527,1,1
429,0,-0.00732987219677568,2.28917202634145,0.865434873649718,1.03843978326285,1.94523515771188,0.103012513935961,0.0486104575621586,0.0736747744760972,0.115256954991357,0.18859453266077,3640.53511024976,1,1
430,0,0.0428668749590789,2.33327719715487,0.748529651537961,1.08926355789286,1.79334394073057,0.0997208474578767,0.0469578799637426,0.0718717201318052,0.111438995567104,0.190788052949288,3603.73060508293,1,1
431,0,-0.120828756165854,2.30367021132915,0.795165195111255,0.995939310801291,1.95312998044986,0.110919563635794,0.0458451390670763,0.0721669421651066,0.110605632570502,0.186886543803759,3591.9292508462,1,1
432,0,0.112135661464804,2.33911680901331,0.742949822946682,0.771417267212669,2.38579664577773,0.0895847327665387,0.0441951599285587,0.0707455722328445,0.120571704519307,0.202244387738543,3588.00369649505,1,1
433,0,-0.0725460869352765,2.3088151254529,0.822273679734085,0.925853821145553,2.0784490882717,0.112261031579105,0.0459379827345655,0.0713963744731308,0.116761882756882,0.195719017741216,3617.25830467349,1,1
434,0,-0.0260379954253642,2.31364146669378,0.774510960982629,0.953154755525069,2.01787702114196,0.107615716098312,0.0444387736094637,0.0695572713012022,0.113049949617716,0.189448713197565,3595.50660880594,1,1
435,0,0.0628511210559553,2.27867085850068,0.751633395470357,1.01184323755623,1.90355918033287,0.0947146878301657,0.046314896525801,0.0735091757602365,0.111480815993066,0.192179010998393,3534.22126330441,1,1
436,0,0.0202774118928911,2.31287201820714,0.788723056473609,0.897134399907318,2.21843506933232,0.0936336147200657,0.0458863160162509,0.0688011998743771,0.113408599559862,0.190281615232038,3596.45928347651,1,1
437,0,0.00970472971589261,2.27574449200934,0.816768593270796,1.06430179859883,1.77763472305218,0.104556919532782,0.0456276769752453,0.0714252368516621,0.112528332841816,0.19240744789563,3579.72130944476,1,1
438,0,0.0738295443516524,2.30686971020397,0.791556492281268,0.94020669562509,2.19351727244521,0.0925859847570345,0.0466537282339617,0.0708835517004587,0.114279385285611,0.195614148595835,3593.84507849654,1,1
439,0,0.0206244580273704,2.34199284418564,0.787697392662378,0.920945111813581,2.25436916211463,0.0895776359847136,0.0447149018379783,0.0695198009993168,0.113216315493088,0.189927916702496,3626.90769310148,1,1
440,0,-0.0139998546759165,2.30758004751776,0.772134978130305,0.749584016523125,2.40016334943053,0.103999828262278,0.0449399663842966,0.0701609261446511,0.118824152272362,0.189658775562526,3600.07929220717,1,1
441,0,-0.0200265119632335,2.36006027908665,0.724786778731952,0.96613594308002,2.15729109621661,0.101751842182699,0.0463439953179844,0.0713442978508527,0.112645988369632,0.196050196203751,3615.19213858158,1,1
442,0,0.0410641928030692,2.27415367051386,0.803480492539761,0.918340485789396,2.16024639937295,0.0945942292779789,0.0459510048084203,0.0698077554302614,0.113995877376761,0.203103068702168,3557.7949651729,1,1
443,0,0.10145753432345,2.25203256257286,0.861438438437877,0.983142657068806,2.1155335938302,0.0848970648841111,0.0458836869302155,0.0706051651414717,0.113273131861409,0.1930107441726,3574.07233824061,1,1
444,0,0.127537960702818,2.219606198681,0.910727369935722,0.852479821555968,2.39775585272415,0.0796223722920171,0.0477973202986074,0.0724163704516198,0.119320577651722,0.199406190136339,3591.44084882069,1,1
445,0,-0.118519328441377,2.3195733148928,0.774177212424149,0.800618161386662,2.24178749630606,0.106607799405724,0.0446230834920223,0.0721861046588087,0.114182438761204,0.181380301642191,3603.9702862454,1,1
446,0,-0.0106141384004496,2.30821133068215,0.793786682328691,0.8625190139487,2.17861819029066,0.0984292833915991,0.0447445910474766,0.0703969939510007,0.114186160689671,0.187858995540411,3588.25034500369,1,1
447,0,0.00527018926161765,2.22897696090983,0.927641748142364,1.01715963459741,1.89741440162369,0.109516184608752,0.0461721928417367,0.0718043982035059,0.110390576996129,0.194939935893402,3561.90388163307,1,1
448,0,0.0386161313311359,2.29411906607737,0.844160876853236,1.02123695976931,2.0320468512704,0.0945435680161546,0.0474229113412063,0.0734433309569043,0.113676942268146,0.19496211469416,3622.11195794404,1,1
449,0,0.110183469627457,2.31070336709887,0.752287086213317,1.09816569772284,1.94673196789774,0.0848706694672743,0.0463422058856078,0.0719146692517,0.112479796519876,0.18760951070118,3606.8105042848,1,1
450,0,-0.100000246680621,2.39465793629192,0.639785804085713,0.925617548937084,1.9117215418928,0.117369671277968,0.0433757237322552,0.0687958382709988,0.112089477717041,0.185964575820187,3591.23272264682,1,1
451,0,0.129779336941549,2.28481161458109,0.798333976421733,0.984164781750267,2.17294415814346,0.0822717652312734,0.0475293104297964,0.0736614263496621,0.11587003145467,0.203810967633463,3587.42297808404,1,1
452,0,0.0944394488787411,2.31383471922235,0.749051868308405,0.896315084317448,2.08225266331607,0.0907218805461858,0.0444662247262297,0.0673919403506275,0.115314758452028,0.192310020083664,3579.83911457524,1,1
453,0,0.0666630122279026,2.34766821184678,0.7520417110769,0.906670589006982,2.28946440268654,0.0824195410292527,0.0470282078554467,0.0711364976213647,0.12091305399245,0.194983006962483,3649.60453345684,1,1
454,0,-0.0619762359484423,2.24179765794555,0.861253100023323,0.840953286131864,2.15680801960448,0.116170413523367,0.0455744863968113,0.0695727447045639,0.113254937509706,0.18961729988472,3557.64835971852,1,1
455,0,0.0722557108797368,2.37405072030499,0.715094680650161,0.943236999987316,2.1573187703835,0.0911720657904009,0.0457042078702826,0.0697852029941944,0.116392458325245,0.207402384510029,3616.30687604645,1,1
456,0,0.069767027747753,2.28709699582925,0.833626887970177,0.984983721168619,2.05013730542936,0.0925328861812183,0.0475132416829697,0.0713527051444789,0.114264547174701,0.197770277831788,3603.44590587515,1,1
457,0,0.0152107418178722,2.34079238172408,0.764115810247867,1.29067896876693,1.74287256288461,0.0923031014007349,0.0492383854246102,0.0775866566923869,0.111985352656293,0.178106182688604,3662.46377495274,1,1
458,0,0.0744357960904835,2.36989231486973,0.720104565134537,1.04895516104023,2.00139717744697,0.0913286327242207,0.0459621089914531,0.0710055737101826,0.111777878697287,0.192352599712172,3628.92017354589,1,1
459,0,0.0236972612346268,2.26572351472542,0.810448823061755,0.91564772077506,2.07803609355416,0.102191612562159,0.0466527957701957,0.0695262162824465,0.113991708402076,0.191022889759102,3578.18954828499,1,1
460,0,0.0235339796735149,2.25039782824921,0.842072781113908,0.664861063905647,2.44714654841171,0.0970402182252291,0.0454793878053974,0.0687576933689191,0.119611520756455,0.200174974307016,3551.58240962225,1,1
461,0,-0.326175206850774,2.34974406446965,0.715243144054006,1.07056236485438,1.7879682363089,0.14467308080986,0.045755148648747,0.0724108510197131,0.107046376016782,0.179868992467942,3610.10508751648,1,1
462,0,-0.0498695416999392,2.31392515821318,0.79907792561155,0.906848269854477,2.16457248772638,0.107059092278961,0.0453423852136841,0.0712160591887518,0.115652099382692,0.191896799499056,3605.78703961847,1,1
463,0,0.222613867048619,2.16246824291783,0.977955183508308,1.06391378769348,2.12370890257926,0.0710512598313554,0.0496767971095492,0.0733119702066389,0.114986244129984,0.203189985621691,3555.57473667289,1,1
464,0,-0.0597734348437144,2.31674484522351,0.801585463538364,0.930865027352739,1.98241371090169,0.114323439371551,0.0452284279086629,0.0697826150821588,0.114505756651545,0.18687912728206,3612.42244453219,1,1
465,0,-0.00744654483754852,2.26650113977953,0.857637747918305,1.15191999467665,1.78044187423651,0.102688123607632,0.0471768372739229,0.0716595992487246,0.112932546606361,0.187164161716039,3617.6952358779,1,1
466,0,-0.00504282419294144,2.22822423094082,0.942882582311827,1.106067670083,1.806813193304,0.105960730830631,0.0478037309303912,0.0732122514437797,0.11145572663942,0.188500099440918,3602.0002951577,1,1
467,0,0.116187035584626,2.25692794430334,0.855936547264952,1.03200608299341,2.04838504597763,0.0856744353082013,0.0485869259495263,0.0744872861721239,0.116410805895236,0.211039888285023,3574.65525802883,1,1
468,0,0.00870990954942999,2.30071530657586,0.825110765235083,1.02306930935126,2.01050923146765,0.101503000894193,0.0474471019918981,0.0726966140123323,0.109368819369531,0.185234447492252,3605.18535823582,1,1
469,0,-0.0943299136587985,2.3138951889819,0.786743106441872,0.930722010689189,2.14990967399715,0.107263192375058,0.0467314794528485,0.0737920426666085,0.107715604370198,0.1800866314788,3593.10372838526,1,1
470,0,-0.08642941410835,2.275337703086,0.80099066034589,0.873425244228197,2.1341545059761,0.110998786088678,0.046290504905673,0.0725007821213705,0.115228326785916,0.191946306169141,3566.61619674642,1,1
471,0,-0.0575670849611557,2.34326382529513,0.727921373909662,1.21321565180095,1.69335859781326,0.103126316917255,0.048319558429826,0.0742017494594103,0.110614902067088,0.180156890936627,3641.44179183402,1,1
472,0,0.000955394140321151,2.28713204442208,0.796001030577651,1.08428707718016,1.89468427377161,0.102937646971873,0.0481893051181664,0.0740609543606052,0.110084910055435,0.19203604903071,3587.33356595685,1,1
473,0,-0.185614998715615,2.33443007764765,0.743403858400267,0.887297707601117,2.26454249828547,0.112542426077273,0.0460757588818069,0.0717593100119671,0.110553736870588,0.186837166469923,3588.10110348277,1,1
474,0,-0.0677959676340764,2.18184371182457,0.93113868643183,0.948382318437277,1.90671892592986,0.115018461892313,0.0463670472444696,0.0711079554388472,0.113621415655116,0.188171067656069,3536.46555301603,1,1
475,0,-0.045462435611794,2.22196195359377,0.863286001808517,0.76690328719311,2.27068925025178,0.109052192274174,0.0467100465466685,0.0702737463682287,0.118618820610434,0.191678917957021,3567.90490198743,1,1
476,0,0.111504681173608,2.32351391394267,0.788597116028959,0.8046990489362,2.34323787724145,0.0839337143866963,0.0451995875537245,0.0687852151509547,0.125489157467595,0.208068537809909,3617.99588436129,1,1
477,0,-0.0652895042617823,2.24967333461733,0.844111952062819,0.814787868984631,2.23246598830314,0.108367015098975,0.0460623631732827,0.0711337264167953,0.116069221603126,0.192568574323272,3558.36450420069,1,1
478,0,0.199119212508517,2.29829759704264,0.795694379736132,1.03822150210109,2.21575508921068,0.069643563970087,0.0478269101140625,0.0743934587094393,0.119146084381631,0.188127776003683,3636.71973114583,1,1
479,0,0.0364247129092063,2.23359425922233,0.882215003627717,0.906722343119519,2.05226307491796,0.101366602791117,0.0465723062777382,0.0722327870403629,0.117775390569164,0.198658733608772,3562.99204542949,1,1
480,0,-0.0263959068955102,2.2963514418953,0.845012145986261,0.919071297498866,2.13829570398377,0.101110973676451,0.0461667109471392,0.0702254083802564,0.11214342940292,0.189981951034217,3599.92370560402,1,1
481,0,0.0272681450836372,2.28265739581994,0.857070464641433,1.27948347137772,1.64254124730738,0.0969348362723467,0.0488333254111906,0.0739246819321784,0.109758641516676,0.188280856985694,3619.22252187867,1,1
482,0,0.0748374268585568,2.36059910457928,0.733923603060085,0.900663861157751,2.34409293152846,0.0858099823713897,0.0437399947349049,0.0679331423173877,0.114382641647924,0.199462285593459,3601.26698529949,1,1
483,0,-0.00217493000996134,2.30034688530733,0.801232702926535,1.20923603247829,1.74459894571605,0.0973740459969263,0.048456521204333,0.0744415897549747,0.111071833904796,0.188823622062544,3616.68124684439,1,1
484,0,0.0835814822293432,2.37783230112402,0.682362345662394,1.18495572183032,2.0100078548792,0.0838258508916399,0.0494526802792431,0.0752573491938875,0.113061350120835,0.197530665001347,3649.81667381729,1,1
485,0,-0.0238457117922672,2.24332832539293,0.946684882612046,1.11655485747089,1.88487319333091,0.103378890476312,0.046455708953311,0.0716263517510961,0.108365427250091,0.180811800117544,3617.75962452619,1,1
486,0,0.0174346080057568,2.35186248637705,0.685029556155194,1.05337408926033,1.8157662549024,0.0996949331387707,0.045341098263752,0.0701390824259064,0.11267027809721,0.191320443586919,3592.86177388817,1,1
487,0,-0.0200422498273554,2.30695996191833,0.80965256261613,0.96432978491033,2.0158064006809,0.100248965906657,0.0455754313944043,0.0707585555981455,0.114140962709209,0.186702814106934,3603.68164447542,1,1
488,0,0.0847803681784532,2.33043993207074,0.759036675882938,1.00852277784348,1.94100323908946,0.0909087986799889,0.04453111570121,0.0681710967429874,0.11464123191646,0.197161117896688,3593.72502580889,1,1
489,0,-0.0171077471085083,2.30986195100926,0.846182466773205,0.894894573223335,2.21298938883268,0.103365216859361,0.0445373487333734,0.0714083365014382,0.117080040087565,0.189574550662775,3629.00665954033,1,1
490,0,-0.0861653866377174,2.33972325113048,0.790042843114353,0.915357724294383,2.0871074094337,0.112388857461019,0.0461846885546598,0.0713748574149167,0.115264359766419,0.187225715550029,3620.06672729364,1,1
491,0,0.0189907654716193,2.32154348720421,0.810643092442083,0.980382141061869,2.05408390897527,0.101224371699707,0.0452417018169328,0.0711682794852703,0.114326995461703,0.19249437090476,3612.58507266511,1,1
492,0,-0.118978840547491,2.37434915039551,0.744813892708155,1.22166115679472,1.69682690798539,0.110980378160876,0.0468411877062337,0.0732478870582844,0.106494422580398,0.179834360446187,3654.30625582939,1,1
493,0,0.0799176928800514,2.26305513047027,0.902314733628037,1.03587184348141,2.00879117628471,0.0933267542507694,0.0472573670854334,0.0716838747448028,0.114687845425471,0.194923301711133,3611.74745034496,1,1
494,0,0.0827761437446757,2.25225442403834,0.890709564115051,1.00120372040294,2.11543471618684,0.0874614522504813,0.0481450784681063,0.07356298864334,0.11415344651107,0.197248155230632,3599.07583200906,1,1
495,0,0.158607521613447,2.34741212232272,0.756971341058977,1.08669559706438,1.99642267624773,0.0771704176841693,0.0452510891215318,0.0695758706401371,0.118952398132154,0.189247432658293,3647.01238825989,1,1
496,0,0.117698017812622,2.32031815357387,0.761809385098464,0.903899861138764,2.36793041336527,0.0825516207006363,0.0466504920483352,0.0714919802650781,0.118260788115889,0.189492124199367,3627.65035566212,1,1
497,0,0.118826698747448,2.33944058663866,0.786851242860737,0.991737192382498,2.1111763542057,0.0859799123586201,0.0470738605534047,0.0721062625255915,0.117146053924494,0.197014758463772,3621.64272886407,1,1
498,0,-0.00899343350454144,2.30776297063272,0.792124221182112,0.896784268976335,2.01825375502768,0.105721407936857,0.0440767418828667,0.068529943680972,0.11398929307968,0.19217036243716,3580.16851282703,1,1
499,0,-0.0493919914713231,2.28860644693673,0.841354318191124,0.977076997000299,1.9884733954196,0.114915625925839,0.0470606625284454,0.0715757699117955,0.110299002796086,0.187275904315832,3607.17967010104,1,1
500,0,-0.0163624672298965,2.221582815161,0.842942767773138,1.04662500642057,1.78813620118494,0.106332284415252,0.0465921996265298,0.0714800169325033,0.114893194755907,0.192316911095969,3557.62260735752,1,1
501,0,0.0741884154065918,2.25880750863612,0.791653906111591,0.914604877559137,2.14260471964318,0.0893801755015028,0.0473834409794826,0.0718182151467659,0.115923539571675,0.192964540553957,3564.66083450395,1,1
502,0,0.063930859017052,2.31346380284894,0.725615805248008,0.832718698571054,2.09659135711688,0.100449333777929,0.0447611247269002,0.0703118416000905,0.119155536235997,0.20368179464607,3543.6142675604,1,1
503,0,0.0424971751794911,2.30000738205506,0.817662722498002,1.05199470686885,1.9315005935587,0.0928136195703517,0.0460089946943655,0.0712763820244727,0.114131598499768,0.19099388661064,3609.41059543052,1,1
504,0,0.0559852923625117,2.26597230703088,0.796621611340054,0.852434628867779,2.04859808642315,0.10736062137212,0.0442806612170965,0.0680650804051466,0.118076779042092,0.205782403996642,3544.65204207366,1,1
505,0,-0.0788632443006223,2.27752110855119,0.802730731656735,0.93930770272605,2.08114468042645,0.108036832425511,0.0471206613055355,0.0741192358328501,0.113273520515,0.194061815514601,3572.34899479052,1,1
506,0,-0.176755112718289,2.28898345365779,0.811032047559718,1.12279549558269,1.59281931250945,0.145203647325326,0.0464968061861914,0.0709653888263597,0.107111516554149,0.180783710139455,3600.43498152643,1,1
507,0,-0.111408526122159,2.37720549537261,0.671423397227395,1.06878279025554,1.83290378578086,0.112885099117264,0.0467926015284303,0.0734792876139063,0.111914279963701,0.182816057771922,3627.73480523347,1,1
508,0,0.144964231084052,2.3556437927497,0.724388846128665,1.01069777252945,2.01932308568772,0.0872187627087404,0.0449514040091977,0.0691216060318354,0.116654265797136,0.20497876460491,3614.62022921539,1,1
509,0,-0.00317189171046655,2.41253593076511,0.629789464471577,1.08517240103845,1.82316684872359,0.0976182640082065,0.0447987407909258,0.0724606035487995,0.113956652692197,0.193533839235036,3611.81539542485,1,1
510,0,-0.332614546900075,2.35149628828315,0.703049579117155,1.00233653096395,1.71095777633887,0.16528933573917,0.0455511837693951,0.0715297750901518,0.10877577030598,0.18082724280367,3600.02620455347,1,1
511,0,-0.0403773289215644,2.23812379082819,0.88762226840405,0.950947621553749,1.931776214093,0.110205574145732,0.0477605661880511,0.0743084791557429,0.114335576963101,0.188375405060649,3580.21841768359,1,1
512,0,0.0188872598313512,2.24283946919147,0.942209070286475,0.773800573683486,2.2632860470621,0.103031184084187,0.0448166394093852,0.0690335313149116,0.116237993962425,0.187321699594757,3593.49135095781,1,1
513,0,0.139454948931887,2.23086404563313,0.871001220334383,0.937826895686104,2.02559939781575,0.0814641909580727,0.0458762768343695,0.0722340358009654,0.120561863344974,0.194578881224761,3567.77870113034,1,1
514,0,-0.155985637022734,2.33829476420204,0.733731461621868,1.01252495138903,1.78401204759515,0.133096403485199,0.044280367949855,0.0696742377335199,0.109980726054131,0.18466198021946,3589.02846918496,1,1
515,0,0.0156673502498627,2.26492337764313,0.766907136736039,0.961705209531194,1.88437271207954,0.103152220001345,0.0467630790657156,0.0711014303321131,0.113233961696469,0.189142380412835,3556.41913811314,1,1
516,0,0.0177825225038583,2.31401829233378,0.824654751068773,1.19864664757769,1.71385684745303,0.0985742536420619,0.047533055229447,0.074131470437019,0.108087361295774,0.186395169592426,3628.88681077221,1,1
517,0,0.0844311065338224,2.32472045803086,0.746022476758943,0.969462566293471,2.01195884548914,0.0956710775098953,0.044700422920822,0.0689458975366391,0.117965947303445,0.198255173429323,3601.16405368074,1,1
518,0,-0.119817598596197,2.36756789658759,0.676483369085687,0.76853480825604,2.27691903034168,0.115712663005159,0.0449815217262776,0.0705605573434693,0.115709361446613,0.195320107153813,3573.97768590604,1,1
519,0,0.0499142960106228,2.31231624107496,0.815020730271251,1.1547214259767,1.69390238390537,0.0929962476184011,0.0453627066856865,0.0692932272258473,0.10999711820202,0.180723228318631,3626.98513139995,1,1
520,0,-0.0584478137033222,2.27221936609275,0.832838322450573,1.10588846502194,1.84648909834516,0.111288794779958,0.0477073760107169,0.0739833761180989,0.108436522424383,0.18769396758578,3576.62692350841,1,1
521,0,-0.114732811338447,2.25285735364888,0.838333119621994,0.880100174547584,2.19352360922354,0.11426767520294,0.0460279832396299,0.0714562419647214,0.113890702588865,0.195488951473151,3548.23393388777,1,1
522,0,-0.0216816865662917,2.2573312039412,0.828791524778574,1.04353359651194,1.97217332385859,0.0985693760529867,0.0499830071213768,0.0750002411541127,0.113784608328045,0.189962493266328,3600.59265568188,1,1
523,0,0.0670900664369474,2.30494652881334,0.809878035764183,0.90517954244421,1.97188687897696,0.0977711912095868,0.0433607860006948,0.0689077420456612,0.118268779733205,0.198282829157215,3575.86561330788,1,1
524,0,-0.10014152401765,2.26374986410805,0.808510379915488,1.08828449025933,1.71828311650888,0.114235354422753,0.0459089864606468,0.0715947524814789,0.113130650803302,0.181157561959621,3594.58017710279,1,1
525,0,-0.0165556793452936,2.29643999650388,0.842705469599329,0.822773329636017,2.35930607318006,0.097713800146804,0.045354329979005,0.0701897676855445,0.115518050567082,0.202710221353189,3575.85273647781,1,1
526,0,-0.0512517669434424,2.30533765961195,0.797222005274158,0.991731042867118,2.00577104336429,0.106316332281936,0.0445549496878168,0.0696901151779699,0.111138186881583,0.188447720576271,3583.41928599731,1,1
527,0,0.129243100488672,2.30487173122135,0.828872177130053,1.00193391966365,1.91727417050347,0.0944548040366947,0.0448904196031822,0.0680584397158304,0.114789693167341,0.196495919844925,3597.53584684625,1,1
528,0,-0.0762317228055779,2.4004196297779,0.650309133465147,1.08895301480095,1.89060849359149,0.109937493784973,0.0459380460329961,0.0724688683647964,0.111139667203231,0.192099982700846,3624.71726214266,1,1
529,0,0.152614501834386,2.36004858239513,0.686286898277763,1.1365155450235,1.82181058221871,0.0812792372886277,0.0468558194334493,0.0723484757316913,0.117856601259899,0.197508224002932,3620.21160366316,1,1
530,0,0.00170237573249265,2.21606027382973,0.886568293727733,0.862736416106231,2.21897674029346,0.106009392768249,0.0472159029890459,0.0722351541283971,0.116884132797372,0.199945094895617,3559.89229871805,1,1
531,0,0.105126896794855,2.28953475664553,0.842072873476152,0.910614346871556,2.17510350764262,0.0848245648216984,0.0458584880406556,0.0709460490826858,0.11632160889546,0.190404695568438,3600.04530326082,1,1
532,0,-0.0768253912330816,2.28371324945646,0.828059994416234,0.982332527162991,1.92560793158044,0.116213814621856,0.045757934900665,0.0704584738376416,0.112769588133184,0.187329941964857,3595.60121376507,1,1
533,0,0.0408368704560618,2.26294315939055,0.86763290519928,1.10239849673955,1.9614143404579,0.092733252704247,0.0475431631878141,0.0716583419521954,0.111248243450537,0.19104418217233,3607.86424853897,1,1
534,0,0.128347623167484,2.27079976137686,0.808564879451053,0.862052028077643,2.25887268068637,0.0875423678508418,0.0459564820797527,0.0705155171114411,0.119971117176023,0.205577744330846,3569.72513413325,1,1
535,0,0.167488918587309,2.3060952819955,0.797916136690277,0.924895412403311,2.22407146234506,0.0791009285007025,0.0458334928800877,0.0700580722142098,0.120555322110575,0.207229207755883,3595.41968398669,1,1
536,0,0.11638809541099,2.35340236567772,0.765640849445865,1.11169751479967,2.02297786595764,0.0829123918404263,0.0469326720554604,0.0738464655385876,0.112136484255391,0.193108759996648,3637.49582063965,1,1
537,0,0.0968414914452413,2.33602802941,0.760260810736608,1.07983134139258,2.03154646797206,0.0843043151503742,0.0474709812542759,0.0736936657406007,0.111319500422499,0.18542734546637,3629.62689353417,1,1
538,0,-0.15327997972974,2.28333661128575,0.801376822499819,0.821498121467366,2.15880289712655,0.119461082548494,0.0458173388780107,0.0709736532038433,0.115649869456595,0.188894869913262,3573.37404022146,1,1
539,0,-0.312110159466964,2.3507943118825,0.717289633823992,0.98369829739821,1.77129651492376,0.158820412553448,0.0443382977047218,0.0703804861849967,0.111172505282396,0.18672494635017,3594.00927500727,1,1
540,0,0.0785030140915293,2.27531541324683,0.810994370742096,0.956125050754563,2.11903722729528,0.0840629286748399,0.0454744763961158,0.0730959839501101,0.115436840478104,0.186981977851826,3573.5730303028,1,1
541,0,0.0292956609705161,2.31592442319595,0.745274028810313,0.944397349712715,1.94913424551413,0.104541351506074,0.0449113589404101,0.0691681103907282,0.115764020893774,0.187281982287023,3603.60645245467,1,1
542,0,-0.193485209520322,2.37571039652678,0.710326764582939,0.909820342399207,2.11778091586252,0.121087150088922,0.0460086952686958,0.0715457962040194,0.114098013404133,0.188199012770396,3642.70319327527,1,1
543,0,0.0299027489399102,2.35017255000273,0.743663975319425,1.15221907052608,1.68611505419731,0.101988110325147,0.0453452514557699,0.0714795776373433,0.115404596752505,0.190123700299656,3628.48117596695,1,1
544,0,0.0261817598177172,2.27675779940022,0.806376514256773,0.927068285312035,2.18462795700523,0.0993857729801951,0.0465816506608768,0.0712774330569834,0.113331079668116,0.193785037111875,3579.82914693936,1,1
545,0,-0.0621265634094013,2.30596853629518,0.808007397468294,0.89373484943695,2.07906695395858,0.118686017279579,0.0450410202597557,0.06993470639945,0.114804463022577,0.200487962627999,3581.00098712458,1,1
546,0,-0.0599894865045272,2.35359302329653,0.721628615909218,0.955054450186176,2.04785120266376,0.101536114368085,0.045787231577484,0.0720887866431562,0.112964311951347,0.180282509184017,3625.42007580564,1,1
547,0,0.0611095977523972,2.28190851030842,0.786574555937878,1.08324871401572,1.85695827124889,0.0939599461681725,0.0479255451567177,0.0735473931636104,0.118577470686015,0.188775256153086,3617.06366656279,1,1
548,0,0.0903080361110828,2.2764023771913,0.846402999821503,0.94073159947955,2.082000067927,0.0933397030921994,0.0470722911366161,0.0718983760449212,0.113330723556481,0.201600892171921,3575.03948837728,1,1
549,0,-0.0382809040212729,2.31819295004583,0.726122086935177,0.844517583271288,2.19107209253201,0.10563966388364,0.0447715136738457,0.0712598508140904,0.114901939198922,0.198823106557836,3554.75511032141,1,1
550,0,0.0519758870391904,2.28540718334403,0.758537432978136,0.831952778527107,2.29316219699363,0.0919449480592321,0.0464172336612203,0.072833630046672,0.118064861417059,0.198829445363668,3559.23858621392,1,1
551,0,0.135908175622894,2.41738150579617,0.601305081736897,0.922812258636217,2.08733686688413,0.092323709247115,0.0434509447222804,0.0676065292755592,0.117316672295746,0.201571100313123,3592.89070049144,1,1
552,0,-0.070175593889689,2.33871492575039,0.794452829808886,0.974675172784327,2.01602883529257,0.106582095341169,0.0447419556091741,0.0701041681355641,0.109476222826599,0.184138490874256,3632.96242313755,1,1
553,0,-0.0426069534590781,2.36443690212582,0.690547047728322,1.18603253892896,1.54600673605864,0.114172658948219,0.0469607800315957,0.0712568548160159,0.1122683875644,0.183689191137921,3631.42303906472,1,1
554,0,0.0478733791395745,2.28371788850141,0.803399721331837,1.06569474446597,1.92655231955814,0.0892938143616626,0.0460630456955023,0.0718912908524379,0.11460089147853,0.187719538280764,3601.64408957191,1,1
555,0,-0.128894770599598,2.308019415538,0.764126430045415,0.925083715435192,2.06974804934288,0.116442497097323,0.0449831906739442,0.0703288461772008,0.110371631667325,0.196010808551509,3568.09864886039,1,1
556,0,0.0956436396848539,2.32329995086321,0.755977603764256,1.00799056952817,2.13375133535035,0.0860698900832077,0.0470255177073433,0.0724888700902319,0.113789276627623,0.192931838890761,3604.16476196962,1,1
557,0,-0.0718031264112134,2.32104597497817,0.789232849606005,1.11545240088486,1.81919868029624,0.10885679059679,0.0473658858877781,0.0736815121195749,0.109973775842051,0.188149135241883,3625.6980275418,1,1
558,0,-0.0955133155816056,2.3245161335573,0.777374294145998,1.00308958554014,2.02864833877302,0.103535935672673,0.0461560180763824,0.0738725939619052,0.113799925012959,0.185635909687559,3608.1978295318,1,1
559,0,0.114377203603704,2.2504343614838,0.84888573296955,1.12455757159491,1.70088174197334,0.0977916812136771,0.0458689998993376,0.0700776227635323,0.114770937086569,0.190971707060371,3581.08152112544,1,1
560,0,0.082694937972529,2.27192851121926,0.829773894498812,0.947901830045028,2.11335636836307,0.0909117370355082,0.047257515183344,0.0730691274363944,0.114881633170822,0.196939030603987,3580.23025966179,1,1
561,0,-0.0657966181622639,2.25027898039027,0.819872810517327,1.05533315803973,1.84758298468082,0.1051599727863,0.0482124706873593,0.073781879140256,0.112898646002954,0.185339968877519,3576.93714806762,1,1
562,0,-0.0923967255474734,2.3350209355267,0.778596660895704,0.851151672308038,2.09596055273297,0.117601234491954,0.0442545117593267,0.0697996541790963,0.115290377892499,0.194205593192242,3587.92467568137,1,1
563,0,0.0164657614801819,2.25924572460879,0.81586515508663,1.11086664630712,1.71683800987872,0.105639791706649,0.0463782283719252,0.0719433635981197,0.110662623701194,0.186126878009924,3568.80164427014,1,1
564,0,0.108785497748219,2.28779012173225,0.828601518207692,1.11072375381751,2.00115349889455,0.0815194610346117,0.0487775968222188,0.0738786273646124,0.114975848518425,0.195335324859583,3614.30677319296,1,1
565,0,-0.000235283940300163,2.31790303369013,0.761617077117959,0.889189622757122,2.17617309627715,0.0961159607395562,0.0457815842282342,0.0701380510464045,0.116802065190663,0.193453760258917,3603.0732559173,1,1
566,0,0.156209830799735,2.28021580718715,0.794739368377846,0.988162491580403,2.13215942702265,0.0823818299230865,0.0466920951395868,0.0731558668617581,0.115574924111704,0.212168703203961,3553.98064479734,1,1
567,0,-0.0442068992564658,2.2226167973575,0.94236828701944,1.08265755195793,1.89538733013826,0.100507809321393,0.0484768032095728,0.0740252889351487,0.112936140556861,0.182139213187404,3618.72063947111,1,1
568,0,-0.0897221839360557,2.33368650228839,0.747302752693996,0.941697524892405,2.10180332672767,0.102874420388288,0.0446772950022584,0.0696299240167649,0.113615684247672,0.183929563851542,3622.19364634489,1,1
569,0,-0.00298361739598044,2.29587065781929,0.82914732826858,1.04350024800112,1.9244945487744,0.100195253446169,0.0466328709385606,0.0711676667367196,0.114071336442392,0.192153248073289,3615.77709208472,1,1
570,0,-0.176468287980566,2.27371049532652,0.8033600897247,1.05891948240798,1.82231889582198,0.127781467401694,0.0473371885308843,0.0750288930809939,0.107162551727169,0.187625979348146,3562.68271854259,1,1
571,0,-0.0118681578746346,2.34419231387517,0.721274805615244,0.937318482830458,2.00030931117725,0.111700504897862,0.0441484999811461,0.0695795298718782,0.114497431498981,0.202824710117124,3570.20116065978,1,1
572,0,0.0457971120533532,2.2530353095591,0.847212019069737,0.979557751880121,2.07355526775343,0.0925590491801646,0.0468270433997705,0.0715250658146543,0.114758709658731,0.190197381420598,3594.18401526166,1,1
573,0,-0.0316897395614909,2.3379846448913,0.734991249304432,0.962558584227705,1.88767603139345,0.106986603351408,0.0441386717738724,0.0693651233646479,0.11098911221401,0.188964821549962,3570.03464363041,1,1
574,0,-0.0631496424939296,2.37001487842735,0.708282639015407,0.970739110126834,2.01514738065351,0.107522430303918,0.0450656984065099,0.0707558581607705,0.114902883054047,0.189401282814723,3636.61938287741,1,1
575,0,-0.235979290980868,2.24575215259121,0.955441317712816,1.02418203301307,1.96469317039507,0.129150306595511,0.0466606229528906,0.0710472700912843,0.109804399079536,0.179833728415947,3630.88569701252,1,1
576,0,-0.0592885942006355,2.38333626263584,0.598413020661896,0.957374592487099,1.97481385861355,0.104074540088957,0.0463363115224876,0.0718927960802733,0.115138443378926,0.191028591428391,3597.71499658114,1,1
577,0,-0.162697500874094,2.32798444523719,0.725922391148588,0.993088417532833,1.90804200686583,0.12134160494401,0.0469466782688969,0.0739577673930701,0.110913909492312,0.185874774000155,3588.45408951764,1,1
578,0,0.0214695805769314,2.32056605950776,0.822101084790426,1.23805218979324,1.77418460159632,0.0909587870318386,0.048493866950294,0.0750286163730951,0.114095578534713,0.180933917597392,3681.28519715187,1,1
579,0,0.217805125781113,2.3420525463223,0.725155300808559,0.828221720829194,2.40600531217798,0.0711661005282558,0.0443367192959708,0.0686497428726883,0.120696289297377,0.205198529046004,3588.31876564268,1,1
580,0,0.00225372558941741,2.23152397814175,0.916306415095155,1.10402311055343,1.76775314772844,0.104902364202489,0.0468069512013861,0.0715947969085446,0.112934697451322,0.193532519083968,3590.35342162474,1,1
581,0,0.0291491130755669,2.29359478083468,0.765425080767948,0.743561890855925,2.36418275339198,0.0970114339567535,0.0454941379289705,0.0705568568369012,0.119697123334382,0.203999111614528,3556.2796274619,1,1
582,0,0.0512619386081207,2.30974154812013,0.823419171012107,1.0540014540498,1.91356693922429,0.0994248013835869,0.0456297285991443,0.0706444029813824,0.11369674495125,0.194843957555343,3621.48510300585,1,1
583,0,0.0322022798682815,2.25891118878312,0.851874253761183,0.847506371915948,2.30360025961194,0.0972263797373797,0.0464642373798342,0.0716720783034326,0.115799383477461,0.195944976704098,3563.20395777644,1,1
584,0,-0.1105030379916,2.36024129907194,0.710599140690066,0.894071903028707,2.11768662246512,0.108478588224899,0.0450289088019533,0.0705362375526385,0.111176321593209,0.18713930941412,3594.23557206878,1,1
585,0,0.0615547539821544,2.22378940257154,0.960909677938216,1.00436655952744,2.09400399126067,0.0953190391504548,0.0470221275608005,0.0715109657135876,0.112479874483116,0.20257671637492,3577.44960639839,1,1
586,0,0.0382202481325713,2.21081169870114,1.00632926880475,0.909811121882263,2.2591762770716,0.091604762683276,0.0471811333955572,0.0727691494496233,0.11475356870214,0.195859514312867,3590.71523073467,1,1
587,0,0.0488445501454668,2.27189389982025,0.821166593345466,1.03030009796566,1.82244758193274,0.101427640317895,0.0455445969368716,0.0711053337894788,0.114645841181315,0.186529450447441,3582.70328271688,1,1
588,0,0.0701555613759902,2.35831673317349,0.781284821145514,1.14489234657374,1.88717565913674,0.0956074032753324,0.0474606682523149,0.0720878066079354,0.108058801449175,0.190947296850122,3636.16370731413,1,1
589,0,0.073846870629701,2.33816046278364,0.778144344342798,1.01054248732103,2.06185122100287,0.0873376162434059,0.0460396543970102,0.0723444218894459,0.113357434392079,0.190819689966629,3618.83561216387,1,1
590,0,-0.0405930298719107,2.30777932172755,0.822196837524569,0.947724106347041,2.18735806807399,0.101527087248272,0.0463545960097773,0.0713964846343507,0.113254707542631,0.187694313447516,3624.11364433693,1,1
591,0,0.0431740069518208,2.379932199298,0.663537081148121,0.958090990880262,2.11315672229307,0.0907048238748024,0.0454088403535981,0.0709129220809691,0.115182879380792,0.196295218369827,3613.564154017,1,1
592,0,-0.0160322927917275,2.27257931934908,0.846192145280645,0.969551627500012,2.05496425797166,0.100161360784526,0.0475937361616748,0.0740066876069824,0.115807500307498,0.183941202387788,3619.39280271394,1,1
593,0,-0.0323157738860212,2.30336952472033,0.839068890237379,0.765677685321947,2.30613072756987,0.107034123523355,0.0430967140134761,0.0667271539031638,0.115491776110672,0.191477078145066,3598.88998645617,1,1
594,0,0.0890287791141028,2.31272399101008,0.797411507127326,1.10301314753104,1.830158279704,0.0871808463424527,0.0454764562269022,0.0709523265480526,0.11502118405706,0.185854724739881,3622.21423783633,1,1
595,0,0.086116448786074,2.27690973141455,0.79872463815263,1.13180890663474,1.63520784809858,0.0961665583415721,0.0472169267153744,0.073617359694037,0.116007271387799,0.189371339579153,3583.59481679292,1,1
596,0,-0.0923996865788477,2.33184946578295,0.703787394919265,0.875629617348026,2.22360507728011,0.111843832811625,0.0472199673993259,0.0735290844602991,0.114306421952896,0.194955090693567,3566.39367971031,1,1
597,0,0.168014128135141,2.38963016265716,0.667419595597843,0.9067839100885,2.4357721321385,0.0767028353929802,0.0455619976810175,0.0707607261033905,0.117384366640054,0.203835739265662,3622.72337813651,1,1
598,0,-0.103503808076648,2.338700451635,0.731621762085099,1.09426280887364,1.77061696375159,0.120320995352077,0.0466080041379918,0.0717616145674283,0.111267207205604,0.186257327897817,3609.92250121468,1,1
599,0,0.0492496806055547,2.36012817009922,0.733631295829794,1.04801258514508,2.01633198916276,0.0885791688997079,0.0469108637602002,0.0726114297924827,0.114854835580123,0.188884277891472,3636.90646842713,1,1
600,0,-0.113769015090771,2.22651833124785,0.91354416709057,1.08332791249612,1.72714786477095,0.119633734179027,0.0480520791374758,0.0745515217416888,0.111346269796661,0.186922253989456,3572.70287708942,1,1
601,0,-0.193185926590913,2.17083256439855,0.958186755707738,0.98912119177297,1.75857523033556,0.139005368910134,0.0484484080815546,0.0733351117237553,0.114220171298993,0.190386832624786,3556.31384985411,1,1
602,0,-0.0104941271951952,2.28406051415196,0.881726004418211,0.886987911990191,2.23289507029579,0.0946615499854949,0.0446350263579821,0.0704246287903489,0.113373556153244,0.187311870030411,3608.60000959862,1,1
603,0,0.116232276419553,2.33179839811867,0.744569848717269,0.953296563970407,1.99319834767245,0.0900453550534474,0.0440591867245164,0.0696079047440548,0.117894769537516,0.19773383924125,3582.7644194921,1,1
604,0,0.0749235826699415,2.3031719024059,0.838071663969531,1.02780812422969,2.01934015625603,0.0858929810408282,0.0473725145988648,0.0722496843866731,0.119785137463706,0.188791372108588,3658.88788148145,1,1
605,0,-0.0471554766761487,2.36328563342287,0.732374704723523,1.18127244091841,1.75432741554758,0.100555727215934,0.0464293422427698,0.0710829725898914,0.107465171351167,0.179437700725562,3651.56536144005,1,1
606,0,-0.0614568503628475,2.28676217820756,0.845443538292942,0.935333774326714,2.12639967780657,0.105230961776168,0.0464650112308098,0.0702227374275579,0.111355125045812,0.185947725488103,3616.4545341283,1,1
607,0,0.0633831350202337,2.26018009851498,0.848491603971548,0.948805842613554,1.90611469816805,0.0970008263922746,0.0448262954520398,0.0695944474826999,0.117770540518566,0.199570937942403,3560.78595050829,1,1
608,0,0.208675713030735,2.33741616536111,0.715221348573519,1.04478810628071,1.94317199136511,0.075626339041453,0.0451718349991778,0.0700546396412014,0.121398201756095,0.198797139075791,3597.87459635041,1,1
609,0,0.0418199575691721,2.36044308672359,0.697918021748337,0.932241987132278,2.1154002893811,0.0924067224608581,0.0442773058628882,0.0712456030401565,0.114362530544389,0.192018531291826,3596.08437043562,1,1
610,0,0.0380432166043288,2.29140118053348,0.842798837495298,0.832026398023866,2.27483666542608,0.0984935004324462,0.0443663706934271,0.0674917696269497,0.1120529426732,0.194540329413588,3584.89602045858,1,1
611,0,0.113292140397682,2.32740030446988,0.772034580868086,1.02132800486647,2.05835649619818,0.0854152800811138,0.0471705701051725,0.0719979611981188,0.112707112206852,0.191108498720701,3621.99268279637,1,1
612,0,-0.077144897209765,2.31507089491403,0.783717476408762,0.877350323270508,2.07860737488387,0.112550112581271,0.0460562468733781,0.0701682993156433,0.113739723382336,0.189583379658959,3603.39357927005,1,1
613,0,0.0483486068931437,2.29170576321278,0.813349077326868,1.05994839224458,1.90050621969431,0.096834162910829,0.0468909907365043,0.0710228567459797,0.11271402385743,0.186157977103188,3622.60434328453,1,1
614,0,0.00523159440883345,2.39324248889116,0.701055725459219,0.768366079117167,2.5076789870143,0.0921309584108235,0.04420570119753,0.0688889383532824,0.114778203015084,0.198156164613849,3609.10640960078,1,1
615,0,-0.107959229887778,2.32963145885742,0.777461184579813,1.15695474728867,1.58088589504607,0.11641920530481,0.0454500779982899,0.0720595082426888,0.110109386692461,0.180892017193356,3618.77991989781,1,1
616,0,0.164686202971083,2.28010607886149,0.875434014396083,0.95771330290803,2.21897809471861,0.0770891822959693,0.046146889826652,0.0708110427524285,0.119851358306927,0.203519238470983,3611.86700483037,1,1
617,0,0.000987893495162045,2.28667463632918,0.834113144967371,1.00760639736442,1.92315007018018,0.102082124491891,0.0467346225510666,0.0709667710698274,0.110886074070948,0.180157840772042,3616.2927802044,1,1
618,0,0.0620928815329163,2.31937184434508,0.795053877686977,0.931103861391937,2.21118701996617,0.0941026812981524,0.0455595252389122,0.0692969048494827,0.114614413111417,0.188917473826847,3625.30657504497,1,1
619,0,-0.0607878699111827,2.3881638079671,0.627911238466428,1.01939383309901,2.01126377805874,0.102327285937215,0.0457891561580329,0.0718915558158549,0.112765854254461,0.186594111267738,3612.70821146429,1,1
620,0,-0.071711798753505,2.31222261100426,0.761638828060872,1.27823053911448,1.46251725182411,0.11446617656966,0.0485528640888408,0.0746688130069655,0.109961846160216,0.182541454600199,3629.55898022136,1,1
621,0,-0.0715603155601291,2.43734064443811,0.628824076449852,0.937913183141936,2.19629597271306,0.104329452904626,0.0433839416167827,0.0684489972917297,0.10855142689584,0.191377629996244,3610.54538743914,1,1
622,0,-0.125156637538835,2.37099027337616,0.68098496770886,1.02824574043033,1.86059989257072,0.123243270629353,0.0451005595859003,0.0703934838200972,0.10998781317906,0.181411477104238,3615.50177607316,1,1
623,0,0.0603810515256388,2.26643494884108,0.838948595234112,0.998950170183632,2.10708901765249,0.089536874564405,0.0470997148976946,0.0716329641124614,0.114627093525394,0.197139859919138,3591.99511103165,1,1
624,0,0.139122340488895,2.30950866690317,0.828516680638629,0.958616348711234,2.35402806624057,0.078414203969403,0.0465672945891684,0.0716277114467272,0.114918734996114,0.203449941339653,3593.88920082456,1,1
625,0,-0.100777721379045,2.33447565602596,0.771617437973541,1.17527363288003,1.68393407672363,0.116329898795766,0.0480412122316749,0.0754827249296081,0.112686218414876,0.183488848863767,3644.89373841258,1,1
626,0,-0.0146320267797073,2.28632954819081,0.774374544466558,0.917306717094172,2.07407486853493,0.100139600401407,0.0449376768112301,0.0706548906876651,0.115547080311678,0.192025368423107,3565.12518421625,1,1
627,0,-0.166497111261697,2.25056207832466,0.91792897914019,1.11155787082039,1.61084228349142,0.136544064980334,0.0452289299323381,0.0701714388748504,0.111254666597358,0.176265551913595,3610.00530271834,1,1
628,0,-0.0848667893205474,2.30947121793853,0.804979037379237,1.06643702521096,1.9168725081211,0.108074871612612,0.0471507875944917,0.0725491446323693,0.108332554140478,0.180628531268227,3631.96779046606,1,1
629,0,0.10408442313074,2.28502810059787,0.838759550187623,1.2038574168099,1.69947802787373,0.0869197004970628,0.0478821537150972,0.073703334961388,0.112272970921524,0.182662898169522,3634.73861913649,1,1
630,0,-0.0138494708202571,2.32946331140319,0.745585760287868,0.897589689487946,2.14607253183556,0.104234750562867,0.0464404379322123,0.0735908261182426,0.113407532466552,0.18896148679998,3598.05525129664,1,1
631,0,-0.00906806576096448,2.20192552926211,0.946355583253928,0.974770433452518,2.05819853001851,0.0962418267454599,0.0471056429094476,0.0717479441069907,0.11343140266091,0.196628521247131,3571.45583987839,1,1
632,0,0.0790778508391546,2.26643683100748,0.813193162999972,1.02756785612259,2.00098346819719,0.0890534003470791,0.0474488978935114,0.0736732604576059,0.118467800580055,0.194687316721998,3593.63316131803,1,1
633,0,0.0992296304472779,2.31395024626001,0.819035144458863,0.99479626958267,1.97762806553662,0.0859976939101747,0.0446320325174087,0.0706925991512182,0.118647925267581,0.187754049959987,3632.0757451233,1,1
634,0,-0.0186307283873314,2.26008203331981,0.880153939097631,0.809744353511725,2.31994345673483,0.0969576066086179,0.0457788062355319,0.0709054354940738,0.116060470890606,0.19171678062793,3592.40789963018,1,1
635,0,-0.00709556694214831,2.32630279045335,0.736811711226377,0.940067540475246,2.09503070755284,0.0968284651680927,0.0467829373589998,0.0714549125354132,0.116655266327533,0.194856516936603,3595.71853759292,1,1
636,0,0.0225421712727662,2.34529764654661,0.727328949019311,0.90393452466051,2.20005606504165,0.0902122675147622,0.0460280431953103,0.0700140626471019,0.115422349217476,0.196684082674462,3590.99546429677,1,1
637,0,0.0718955328198399,2.25575813067342,0.855846234031456,1.08259788056403,1.89629854054514,0.0896539648339669,0.0484524021953052,0.0734996173427549,0.115374626234769,0.198483384260637,3589.99999564556,1,1
638,0,0.0674981572587911,2.20161754518997,0.931782623057517,1.06937005660262,2.02364145385875,0.0889153678139404,0.0489491619916904,0.074769603678455,0.112748073057641,0.197090137764811,3566.77991199906,1,1
639,0,-0.0393153204245305,2.35551369433377,0.655018919168576,0.923169986579964,2.18747669103328,0.0975144178264085,0.0456641997250556,0.0727535707854857,0.109983673771078,0.180058674992483,3597.92381692269,1,1
640,0,-0.0713124822804461,2.32395295893741,0.801659671609276,1.07153338535028,1.84384666856008,0.109396987729785,0.0471259009146913,0.0710903532519327,0.110955829268962,0.188096635489615,3630.08410616802,1,1
641,0,-0.0580870061648693,2.20525580281862,0.971095866959948,0.955296630126369,2.01024665126085,0.108751677186361,0.0461551864112102,0.0715416968691143,0.118468138941812,0.18749030713064,3623.10168632766,1,1
642,0,-0.100292152457079,2.24693198251939,0.85093711180173,0.915034731742478,2.00643302676036,0.115914726536834,0.0451514072788936,0.0705743566912258,0.116808626138109,0.191050659676356,3583.72000932227,1,1
643,0,0.125651975227964,2.31561545498109,0.829462509594401,1.11199152230996,1.92130051940435,0.0839616942211948,0.0474680276583529,0.0724473879321115,0.113537944280351,0.180551315008303,3653.79594173697,1,1
644,0,0.0872486409562725,2.28064674163482,0.833055327910012,0.876192477061921,2.24372060720642,0.0904238657851948,0.0479560263761472,0.073579056265428,0.117035759494809,0.207128677088209,3573.55640897168,1,1
645,0,-0.00991024505057995,2.34902905221851,0.734901469879637,0.877992356783027,2.14032150715575,0.0961442480274319,0.0448067817751273,0.0702059493481341,0.118936672299638,0.192978525315752,3619.34247390589,1,1
646,0,-0.00384293242090518,2.30478784762033,0.83402712070436,1.11645191111304,1.8716687874617,0.0950889314231518,0.0474371785239032,0.0718116641102508,0.108764463703899,0.183246057853102,3625.47617899264,1,1
647,0,0.210033486462296,2.26968109228552,0.826302771474972,1.15363218868535,1.83761405492752,0.0770196217948345,0.0485681337356835,0.0734173820385617,0.116626598189048,0.201204710845817,3591.17964852801,1,1
648,0,-0.010497031289936,2.22020489622766,0.856985629607429,0.995894835548644,1.86004410862573,0.104686154524013,0.0460797098941867,0.0713895847636015,0.110607396055973,0.191058891061749,3526.9278763153,1,1
649,0,0.0191830935905769,2.23317616026833,0.922508543443633,1.00567472349736,1.93625081327841,0.10130342572743,0.046854051380935,0.0719893424275305,0.112664961368587,0.184976217912584,3592.07681217273,1,1
650,0,-0.061093867407842,2.38379529075792,0.652166582580092,1.13941755872269,1.65495193678094,0.113678251050541,0.0451910905255218,0.0706475177107169,0.108687105599831,0.183301347076215,3614.59275862203,1,1
651,0,0.0246482661579277,2.24524502103736,0.890450364612044,1.03483959024395,1.92112562653125,0.0994522165627736,0.0470781577520495,0.0716475615354662,0.114670941619901,0.195225226295854,3590.35652788991,1,1
652,0,-0.169745565946452,2.29320663839686,0.806951659897757,0.856475723275195,2.20445092818666,0.127067216687708,0.0448549365837437,0.0696261085538515,0.112633729762248,0.191136237607473,3583.12263795499,1,1
653,0,0.114635314864269,2.26984514659866,0.812049986359039,0.89937242327526,2.01812831136413,0.0929083354917786,0.0448459731868601,0.0689207503369711,0.119568490198596,0.194733047906557,3576.28384518241,1,1
654,0,-0.0435081253626477,2.27913176698413,0.832057120802903,0.838820382402469,2.13101509083012,0.113800231003695,0.0431946757439543,0.0687692385194386,0.117024342601207,0.194586166978816,3586.70911859541,1,1
655,0,0.030113621233441,2.31065175851161,0.853576842251172,0.918417711504271,2.33562869907133,0.0888514088596337,0.0466986199854655,0.0721099008204523,0.1132778802477,0.189650249448656,3635.21437440102,1,1
656,0,0.0645303607784478,2.25458998376883,0.81391177705271,1.0693683261664,1.66436088239754,0.10913722321316,0.0462083799882894,0.0721420897831825,0.113214636423446,0.196433803972072,3550.4726978243,1,1
657,0,0.119051195080723,2.3097947774781,0.765491845198899,0.943764936907604,2.21463883738278,0.0837946004393361,0.046060791453698,0.0724318690959419,0.116161412387412,0.196550496881683,3597.85851653089,1,1
658,0,-0.0582017625766428,2.21719955264074,0.921344552138423,1.10852837097197,1.80335133117583,0.110890526100859,0.048302853587741,0.0729709724270774,0.112532075076156,0.191473960583714,3586.06956634755,1,1
659,0,0.116839236005261,2.31560228968182,0.805243748698615,1.09434479399644,2.12077969760488,0.0753408952298047,0.0489539627620111,0.0736682199038815,0.120831742575799,0.190917107811849,3666.71510937605,1,1
660,0,-0.128382462099731,2.31149520471829,0.848054734704719,1.05162085516469,1.97771581484863,0.114951678170266,0.0482886733012635,0.0753410024528923,0.112168619060998,0.190022368043347,3650.53730784994,1,1
661,0,-0.0827815126804617,2.29813058983748,0.788527684659601,1.13017238449414,1.79368103662703,0.102538700354539,0.0476998678635704,0.0735660746792759,0.109442078810161,0.180180889538136,3608.11025806294,1,1
662,0,0.230913610630788,2.29081618888453,0.823941280322693,1.01704133085137,2.12823357562897,0.0701884237772501,0.0444279114357011,0.0693598055671188,0.11820651974651,0.202078387465272,3586.87585876024,1,1
663,0,-0.0765049426157149,2.23854521533918,0.931854663494805,1.00811327315817,2.00499834925245,0.109810216713678,0.0470915774854633,0.0727076055461726,0.107012420729489,0.192586112321077,3570.86664108912,1,1
664,0,0.0778045566693758,2.36258111632847,0.765514307746772,1.0336680002097,2.1447480735375,0.0862008416212878,0.0453854407699319,0.0698690759344116,0.113674875642388,0.197331335668,3634.88204492225,1,1
665,0,0.0790640100436649,2.31966061214616,0.738559096360406,1.17568270678523,1.63894220149256,0.0923774019269878,0.0467143789731923,0.0716908279874114,0.115327287834473,0.187648696177016,3619.39648518732,1,1
666,0,-0.116198583392432,2.31793171734058,0.764622060249478,0.963996553317035,1.93099218813848,0.119728455716914,0.0453689016403584,0.0708972112481224,0.114282788157989,0.188119913073408,3600.72438909225,1,1
667,0,0.0875426280453119,2.28063383519005,0.78910100746144,0.904945750741963,2.07630260915198,0.0957323984678659,0.0464261581734901,0.0699992078241152,0.119492254548466,0.208811430720125,3573.27691735836,1,1
668,0,-0.122907368039414,2.34053178539113,0.726271658515192,0.769093285036116,2.19021513470169,0.121964964173639,0.0423744907242998,0.066834153343467,0.112761332381293,0.189861696347261,3560.33991749831,1,1
669,0,-0.0658365675332658,2.35573251914125,0.642617410124153,1.04774605898704,1.96008159087994,0.101504471826807,0.0460878781113413,0.0743533570357915,0.11483167724437,0.185196072499076,3609.49349619705,1,1
670,0,0.0581612759984647,2.2446534004349,0.861660655534531,0.764003622573492,2.42149449316412,0.0874394390656724,0.0456154548555347,0.0691456645418018,0.117460825713633,0.201199122119369,3553.28287166749,1,1
671,0,0.048349512320559,2.26701966696122,0.882523436757166,0.915195473094851,2.08957104564014,0.0976077102041332,0.0443912173378542,0.0690707751852989,0.115469337435387,0.189464977044932,3604.36108769827,1,1
672,0,-0.0473656155142036,2.24318378132362,0.863083699764627,1.11389069270735,1.6868578395832,0.10645759240737,0.0450018610085351,0.0711847524323091,0.110687756944289,0.18546690838321,3568.88836978417,1,1
673,0,0.0824424074258184,2.2866768314838,0.85045649738799,0.817221872789891,2.43544849695303,0.0858326541077851,0.0472173328252187,0.0733146177011128,0.115633201753359,0.202018252337998,3573.34694428258,1,1
674,0,0.056132538127324,2.38460155702885,0.733943399144549,1.14197182130825,1.9755342560415,0.0876827644846001,0.0480114350996387,0.0722009314119027,0.114669317896593,0.190285273940628,3685.82374909454,1,1
675,0,0.118780186932787,2.28466709216714,0.803255238954338,1.12568787091022,1.92631241976277,0.0854905715797657,0.046005224683087,0.0719345728397928,0.111014043471775,0.197584802803258,3583.30026920318,1,1
676,0,0.0501197292562186,2.2984149532311,0.785156789401846,0.571607192578226,2.76500159629657,0.0831045363047228,0.0446131114156869,0.0691487734073818,0.126384964403458,0.208277936236994,3584.44284052525,1,1
677,0,0.0185890810229969,2.26524180785045,0.855101930420721,0.90544760053011,2.186789709781,0.0962585941630786,0.0459865975394766,0.0698198464986702,0.119021007012202,0.193076777048473,3606.90163229646,1,1
678,0,0.126503223899188,2.18748779739654,0.919946704539489,1.06664408681528,1.96163254434009,0.083160288804805,0.0486974915633282,0.0748033789233967,0.117650366493977,0.206686349439409,3562.17424961097,1,1
679,0,0.0531221623679929,2.27691155634584,0.742865716084941,0.804553247259376,2.15097931148503,0.0994044878204308,0.0453135985315897,0.0700678844353462,0.114734177175624,0.19241023627015,3536.07556505576,1,1
680,0,0.131674494308525,2.26413444765834,0.844402979813635,1.03210272314346,2.11227569278995,0.0765268246689742,0.0464235663799796,0.0720187130384085,0.114204306414258,0.191603962795061,3594.75972817432,1,1
681,0,-0.00662887743451595,2.26056227619173,0.864017809035856,1.05368239693013,1.86317476175915,0.0954654800987634,0.0469712860742109,0.0720727584369644,0.11855723838081,0.192305610511772,3613.06079500479,1,1
682,0,0.0935287498510147,2.24979652558878,0.873959437685888,0.893396764909999,2.15023063167295,0.0963870380104838,0.0444232944565022,0.0684605989659521,0.115543515257469,0.20640257140036,3543.90938473939,1,1
683,0,0.0569997420819175,2.25474611164071,0.774058450693405,0.9170659687815,2.12131047951877,0.0869288040034438,0.0475548339034671,0.0738483135289395,0.117154940711779,0.189805349120191,3562.69912208381,1,1
684,0,0.0192312183914635,2.33184554673191,0.764568925971774,1.15444609548957,1.91154193250333,0.0951824621030241,0.0458083698159197,0.0721417179207383,0.105601979008916,0.181018740725036,3619.35023280789,1,1
685,0,-0.163209744152765,2.28484868457995,0.813567309483025,0.970066428200479,1.84807053387282,0.135155526094869,0.0458256216565497,0.0718648167719198,0.11191734589337,0.186043026772151,3583.09225070055,1,1
686,0,0.0221275763198077,2.26967602970638,0.824582095666886,1.06702173981936,1.89059864109672,0.0914508195549054,0.0474170729159546,0.0737139091626408,0.113148699989152,0.187636965661248,3589.97121933906,1,1
687,0,0.00398032686173561,2.35665213672792,0.730782991090418,0.941067376092924,2.0597274497141,0.10045596925045,0.0453744818678836,0.0695191543445419,0.115611135166666,0.189596720387257,3637.57790092367,1,1
688,0,-0.101379528962918,2.32014424888829,0.789860221838474,1.16546439054176,1.65763593476799,0.117405041548949,0.047011418681238,0.0734315965928056,0.108549930688384,0.181874960197139,3622.72160954951,1,1
689,0,-0.104306798939296,2.25430172437261,0.823179755545465,1.05980554738947,1.8793796702807,0.109304642503787,0.0489440552580796,0.0746213052725508,0.110430584832884,0.189763818241437,3581.00498554588,1,1
690,0,0.144040415377176,2.34607467036476,0.7606212330002,1.20456572629151,1.68165862673021,0.0839930424104566,0.0476959634175647,0.0749589298578995,0.115812915878532,0.192675087890819,3631.93494041977,1,1
691,0,-0.00192847536842268,2.25861428396596,0.87843663791122,0.942575802731739,2.03879674988186,0.102732600504087,0.0454884773645918,0.0689155682605466,0.112077971768121,0.193212025186541,3580.75014859783,1,1
692,0,0.0194602991264973,2.3126062838322,0.765409409829326,0.886779096663042,2.09815217448844,0.101574928688584,0.0446906546341357,0.0694038062431414,0.116856909650143,0.197125615669428,3586.54392989367,1,1
693,0,-0.0218096660462253,2.31172140180423,0.768870855630277,1.06113028495375,1.90804021707778,0.0995121837734428,0.0475920143669662,0.0737906908084512,0.112165970287173,0.1855678936082,3605.46793808007,1,1
694,0,0.00331930808901127,2.2380773935884,0.884243324919347,0.861684180367087,2.1048125116696,0.107269111856167,0.0458753707164345,0.0700170119834202,0.117174523499844,0.203511167226657,3553.54398751426,1,1
695,0,0.0302863749898813,2.19432006289354,0.94388973925609,1.05197968210976,1.91283029589636,0.101863725678899,0.0480397939982963,0.0726752410889845,0.110922631080435,0.192256459991694,3561.03090534984,1,1
696,0,-0.058273243798028,2.2486948138867,0.862491017092179,0.963968396499663,2.10387584547985,0.104299652669893,0.0481182658351366,0.0733153862889577,0.115668313468252,0.202482004811463,3576.26352650584,1,1
697,0,0.0105422546505442,2.42100097689124,0.620158792185218,1.0997671035521,1.92701490374144,0.097387693656015,0.0467582272375881,0.0754638019763485,0.108949996126504,0.183453507110857,3634.14404230724,1,1
698,0,0.00968685262341706,2.2408238715613,0.873342101815389,1.17144180695206,1.68439959312605,0.0943785459901041,0.0476462013987399,0.0751642546252748,0.114527063608013,0.186485727828215,3587.36084249251,1,1
699,0,-0.0933428985006533,2.31353292578951,0.771237455854709,0.965179172664469,1.88699111690375,0.123847324945983,0.0450133005400591,0.0706742197975767,0.112721932122726,0.194693191314156,3572.09700625269,1,1
700,0,-0.0524078189100356,2.3672275683697,0.761606073317104,0.862199147876677,2.26223573470997,0.105216650354771,0.043561786884537,0.069052171953398,0.115708208226067,0.198453726824886,3615.04353330663,1,1
701,0,0.048128424537657,2.34600216179559,0.764486849646498,0.912426184678063,2.25880255184536,0.0899817394349563,0.0458587083089631,0.0716970983365395,0.115154732847319,0.193339416824441,3615.09479992868,1,1
702,0,-0.158672187958524,2.3050576692344,0.770870894658987,1.09480734907027,1.70133419820556,0.129589653241535,0.0462453987323601,0.0727712873130194,0.110504460613896,0.186264422493361,3608.70001350687,1,1
703,0,-0.0446186892582587,2.30043014279025,0.814686509341726,0.930078321246848,2.06079512464666,0.116350524426751,0.0452771913970905,0.071285629638579,0.11413743964121,0.191667579638208,3599.15823012068,1,1
704,0,-0.00660744478100298,2.33367091027222,0.740228911366213,0.985443695112207,2.03344718141694,0.0924708205108312,0.0464422397713967,0.0740790080814597,0.115511018205912,0.188333738903381,3599.93370280176,1,1
705,0,-0.040596218078318,2.28162182764663,0.828688691121369,0.889487560722298,2.14628436791557,0.101718262701517,0.0482546928209172,0.0721830160693736,0.114266701473416,0.188564973590447,3600.34653395081,1,1
706,0,-0.0524374937774295,2.32133489949627,0.793829185814728,0.947238637265919,2.11540441014531,0.106908683878017,0.0452767553185586,0.0707685570960032,0.110898305644794,0.186290753949724,3600.09652151713,1,1
707,0,0.0193098466630643,2.32627311327584,0.779103655700125,1.07802229351294,1.99132766779412,0.0942875866606353,0.0474174256794434,0.0731735039872222,0.109798472265119,0.190478425823982,3606.23234691787,1,1
708,0,0.00402469273243652,2.29491881121137,0.77509996137445,0.902412904270274,2.11432094579974,0.102929742313628,0.045266827466843,0.069979600129328,0.113848693517796,0.190366462088686,3569.01310594637,1,1
709,0,-0.080867833544651,2.34628039201359,0.698935829265524,0.721426109672423,2.33107233062558,0.110992994369608,0.0439257339544952,0.068985523847877,0.115616295397954,0.195736066321352,3574.35568550756,1,1
710,0,0.0476881745508334,2.21787045914805,0.913513636719914,0.90626239615282,2.19963089682326,0.0884776864308376,0.0468986540609565,0.071187145199193,0.121673272865908,0.201404675011741,3598.29407827974,1,1
711,0,-0.16218353111299,2.40092118159174,0.69369604797349,1.03278290888773,2.03872790776465,0.115919466607392,0.0463421694252941,0.0727454351861928,0.107715060782525,0.186107908478307,3635.68180488577,1,1
712,0,0.023281591042031,2.31131755276257,0.782522373932193,0.945724174198656,2.12375477384843,0.0962705565968088,0.0459914483242308,0.0703284474844844,0.116819974052248,0.197721026981961,3599.96149434494,1,1
713,0,0.0746056165077858,2.32062343892108,0.812600822604381,0.98258213655139,1.89150501811399,0.104212357684084,0.0430007636853095,0.0676885398314854,0.110122128039067,0.195917022960106,3568.55031646421,1,1
714,0,0.120683223140759,2.23202728190914,0.933348622176837,0.924927232075441,2.25689283378867,0.0817511183150682,0.0485785476963661,0.0713097812908543,0.121887307716407,0.21335693722767,3590.39393424301,1,1
715,0,-0.0509360153840122,2.29019294791152,0.81953842751061,0.852742120319174,2.21828828082679,0.103973774726032,0.0460368913832297,0.069573367244476,0.111717610677261,0.195181956683081,3576.33787084284,1,1
716,0,0.180577204976725,2.29791143156651,0.761754663092118,1.09147834276576,1.78038426899472,0.0786341441602046,0.0467561322207169,0.0714536483315158,0.125402494344378,0.193676833826368,3611.31356287141,1,1
717,0,0.0519954428117892,2.2970411466528,0.801640455986076,0.97952210202974,2.02315933563623,0.0891209016334292,0.0452246919639565,0.0701332156644081,0.117785553485049,0.195040121767489,3606.2110406004,1,1
718,0,-0.0970485353816677,2.32833433479907,0.797902035620442,1.09262117515774,1.8201408087168,0.114605612548985,0.0476957209768645,0.0735205787111165,0.110343107690968,0.182877745281546,3638.35661887283,1,1
719,0,0.0586390138767934,2.34541023825574,0.720277517293327,1.1492882775816,1.74657104768064,0.0997637067969797,0.0469085652223258,0.0712526196952029,0.111520350285768,0.183218901337624,3630.76972844748,1,1
720,0,0.0376568887872781,2.33142755591104,0.752083744261655,0.937348568090998,2.02193479501346,0.108960163916582,0.0441878530574504,0.0690720650661738,0.113549343913069,0.194323601171782,3586.83490672548,1,1
721,0,-0.0931780137478157,2.3000920249216,0.802352979654651,1.06080554604166,1.86579215502708,0.111755544675426,0.0469017120949575,0.0730325956722706,0.112042182407419,0.190306315383344,3606.91203835694,1,1
722,0,-0.0287912369275847,2.34675425438722,0.750758006720597,1.07066485200008,1.81778490043116,0.102728124208097,0.0459376166557886,0.0705431279053161,0.115207933019567,0.184408734951352,3643.77936460857,1,1
723,0,0.0717826509571915,2.26469133587195,0.87519714860293,1.25819365429905,1.65836773833028,0.090252292773487,0.0473023567973298,0.0721793081619176,0.112733251760719,0.183746759890024,3627.4748649589,1,1
724,0,0.0118016331330809,2.39110500583269,0.727443742898417,0.954841630367035,2.1324939713349,0.104095750833342,0.044128744544998,0.0689161695132851,0.113094599496381,0.195099955689822,3637.24676977524,1,1
725,0,0.0409638932831984,2.28940693544267,0.818865584957249,0.975007770355255,2.03058799690882,0.0943135044919798,0.0475276812294824,0.0733387186314658,0.114959052780739,0.186116628639313,3609.01459385952,1,1
726,0,0.125677594661117,2.2730005766088,0.811682814192792,1.05260451835274,1.86138186249626,0.0905846306517924,0.0453999346796198,0.0693030377015255,0.116983813778795,0.193387011578354,3588.11540403627,1,1
727,0,-0.0865475006991285,2.28733893894543,0.822060810481349,0.859165194959174,2.18816796421185,0.10717413158128,0.0452827936392435,0.0701276483846178,0.111701455028218,0.190300563524965,3578.87852955864,1,1
728,0,-0.213641596370069,2.30106187674678,0.772708941972121,0.775585277703821,2.27081459814365,0.130605475680176,0.0450909760141368,0.0710401881903967,0.112187280608199,0.187469667255398,3572.15117402447,1,1
729,0,0.118925774691571,2.27537845807378,0.838777575452621,0.91501202494267,2.12138101047254,0.0841026499225547,0.0452225886952232,0.0689892420106028,0.123667931614041,0.197498208488956,3617.85110327238,1,1
730,0,0.000622039694830583,2.36396008533708,0.703134110935503,0.893453622342555,2.20834875359854,0.0989194376280866,0.0444158588275838,0.0695251596413657,0.1146070481086,0.193215201057301,3605.95248673424,1,1
731,0,0.008238397796523,2.32525141727391,0.761488403256002,1.15700347923742,1.87365149699424,0.100903661278236,0.0467165252064123,0.0742296692836663,0.10713522871165,0.183861330492863,3607.41675491195,1,1
732,0,-0.0530212717849969,2.39374131466933,0.687348094436128,0.984115177029567,1.93030856504848,0.10654297862617,0.0458758709576095,0.0711185269589014,0.113837637534845,0.194193200882217,3631.98446358213,1,1
733,0,-0.225048263780425,2.24927139430914,0.86825038529292,0.842277462468871,2.05906931128106,0.145719683330348,0.0450980010043538,0.0696717002551068,0.112821544978371,0.183173924555275,3571.1339006822,1,1
734,0,-0.0648918094986124,2.33136827332135,0.772248627605743,1.07510415456056,1.8810484639576,0.107371915483891,0.0455704160563583,0.0702192699166804,0.112610231518548,0.18169952530757,3640.86371438811,1,1
735,0,0.0118108306853037,2.21134887105993,0.95662810639435,0.928486223203243,2.01645768868389,0.105174872418269,0.0457788425186976,0.0703929382467689,0.116842626736909,0.192711445311589,3586.50034809269,1,1
736,0,0.0257740492204635,2.3150308672562,0.80086980008303,0.862507664969666,2.27559035959761,0.0941009283310963,0.044929474462977,0.0697069472064283,0.116366251773746,0.192728850821785,3614.32830906771,1,1
737,0,0.0955524678545768,2.33441208122549,0.733034199793131,1.05187780560921,2.02512001312908,0.0842215156618977,0.0456260790400453,0.0701846958673023,0.112151574528612,0.187935411846381,3600.90837276124,1,1
738,0,0.0718066536481924,2.26937886571403,0.845470066817068,1.07357284080321,1.87684154279062,0.0932312596403892,0.04516138906788,0.0711896202734664,0.115455726526385,0.193586352202083,3597.27816354611,1,1
739,0,0.117881321191726,2.28223445920233,0.811677198566929,1.05141292894208,2.01276852735465,0.0863040721097586,0.0471550517330391,0.0730323454411686,0.112963566539864,0.198930213739523,3570.45822752713,1,1
740,0,0.142641232241838,2.31835262724686,0.748898990806289,0.969680581770412,2.12853252924987,0.0795095187927589,0.0458492939090528,0.0705203557893502,0.118626646793112,0.200213898577458,3596.24096084259,1,1
741,0,0.0101306542342754,2.33796500098019,0.756390278601134,1.08595988234475,1.82743937173027,0.102904374793517,0.0465485038166618,0.072998918028504,0.1144380917046,0.190515479794491,3624.03053427582,1,1
742,0,0.141183242111276,2.29057924498658,0.804360248549216,0.788846276067319,2.41894585135753,0.080529963900557,0.0448594531743516,0.0696015472178592,0.120372333298167,0.206294391114748,3566.1290448955,1,1
743,0,0.0468409466599611,2.35280335412939,0.72599126933924,1.08273247650067,2.02754550553786,0.0912072651612053,0.0459898781879205,0.0713761656597516,0.109679535218516,0.185032884658049,3614.18943461137,1,1
744,0,-0.0743869689189854,2.36675967015415,0.641924289717637,0.922594312644674,2.0608229720776,0.115521311466398,0.0446737473777692,0.0709886832296463,0.10957998264753,0.198758312049674,3547.73395605621,1,1
745,0,0.000289805949439946,2.29403401591204,0.803026196256787,1.20811947882877,1.64536106313394,0.102155658644371,0.0475404852055348,0.0736506969386963,0.11100168228231,0.185268136733574,3611.53122990228,1,1
746,0,0.109598693327409,2.20105067873209,0.973739836769998,0.885163994759144,2.23870687937836,0.0883510215895859,0.0468937812193031,0.0704271974779582,0.115465004654337,0.199255400102603,3573.22301807585,1,1
747,0,-0.0299814377276276,2.32382217519218,0.785936034499133,0.976271558705516,2.09241765391403,0.100700563764615,0.0471548894699217,0.0730404543960193,0.118245518300549,0.197731318009941,3628.76009309286,1,1
748,0,0.0996628910988634,2.25164357353465,0.830047412283292,0.934702987938779,1.99510837045631,0.0948188511987699,0.046191976330959,0.0706246821395808,0.115172986742617,0.197094098106842,3562.52202747074,1,1
749,0,-0.0311495157182888,2.29067082358053,0.782543517041374,0.888830328121986,2.1267043685894,0.0999451588711446,0.0451593674849723,0.0712689820066446,0.116947657951081,0.19469652709976,3581.05078349898,1,1
750,0,0.0381600861193227,2.45744988322247,0.546552531692851,0.958083216508992,2.048076795316,0.100342258112423,0.0441337030719792,0.0705796009148008,0.110504271422877,0.193183414778178,3601.68638094229,1,1
751,0,0.0513596511465711,2.38008507250623,0.650349896368735,1.05093655618863,2.11912824938033,0.0870443326081654,0.0465222722737116,0.0728007992795139,0.115242821599997,0.192057025383133,3632.38833177844,1,1
752,0,-0.257945682872531,2.26631068624101,0.86766693977839,0.944500512665633,2.0056785543021,0.133694326511071,0.0457316635570679,0.0713901946537575,0.109232100266443,0.183247619207826,3583.93925874956,1,1
753,0,-0.0765363954526244,2.28387469451708,0.832969581336533,1.01442983748761,1.92656876390878,0.106048753968057,0.0473224225963635,0.0715824640945963,0.116049061157754,0.184051598298034,3630.05083695329,1,1
754,0,0.119451536209369,2.30903023163077,0.779156241638595,1.07147522709449,1.84639096748932,0.0866180389646696,0.0445847916816657,0.067768624071394,0.1155361380326,0.194849316680399,3600.07343207179,1,1
755,0,0.101001516052593,2.27050818608715,0.872427645913606,0.743868878719287,2.51365471808996,0.0853068675490345,0.0461394524217118,0.0700882896981059,0.124157731899934,0.215616329415654,3572.36241278134,1,1
756,0,-0.314364213779525,2.31918155286547,0.782623580343229,1.15583325376564,1.57507174172277,0.144311396548294,0.0464574409861229,0.0726359088549501,0.108772664237314,0.180207010063501,3609.75679268298,1,1
757,0,0.0583024628277185,2.32454637404636,0.757256911548732,1.11750918596937,1.83687255111422,0.0896945829905848,0.0460925351044844,0.0736835368840299,0.117125793508639,0.188258939159669,3621.33448465466,1,1
758,0,0.0770374678662912,2.31515384922016,0.743141884973714,1.077015570148,1.98519947579538,0.0846923532954026,0.0483662537100043,0.0737140528073844,0.114888319628591,0.184046089386134,3619.26894214344,1,1
759,0,0.0513114549144354,2.2705625590513,0.887439738143503,1.03593430906616,2.01209223860606,0.0941258735188121,0.0475176896103858,0.0720325449316606,0.116804103856205,0.195853713152112,3630.04415674032,1,1
760,0,-0.00391660234178788,2.27285763620919,0.815544389193123,1.1736855801107,1.71355502479106,0.101741029089525,0.0479548168510048,0.0736542689890543,0.110459385331299,0.189256266847367,3597.0191718243,1,1
761,0,0.159236755322069,2.2922416173809,0.760136458503399,0.987437006916954,2.20628825375639,0.0824839741474938,0.0452110778688281,0.0712507500059,0.114812996694743,0.204943326540342,3557.43259738122,1,1
762,0,0.0312437437746985,2.30976466587876,0.761365634418541,0.960246871261311,2.11287469120175,0.0943747378578955,0.0452144363871635,0.0702621297641447,0.119140882999643,0.193485769840057,3618.95681453102,1,1
763,0,-0.260453766861399,2.31843938604815,0.726644750754004,0.883037709226968,1.93857227714857,0.143878904352165,0.0436373764728336,0.0691123525872296,0.111321733941057,0.190064494665675,3555.13876975131,1,1
764,0,-0.0783239386073981,2.3271406892173,0.727724044907543,1.14731138700827,1.67253448012655,0.114588272893758,0.046658733271789,0.0730818857489427,0.105370667096624,0.182374245600184,3596.30399190987,1,1
765,0,-0.0257717455067865,2.30215095955391,0.717870838416297,0.907091282359058,2.04645879634275,0.105143293711734,0.0453071197719322,0.0715738592125371,0.116751361982362,0.190827925153021,3569.05858666446,1,1
766,0,0.0458852803287747,2.2789108616911,0.826953569676358,0.757881711165193,2.44421016571962,0.0899294062214318,0.0454429968197553,0.0691001551647744,0.122858307567877,0.203481573782164,3601.59295620013,1,1
767,0,-0.185836490808861,2.28540544014929,0.849906449039409,0.916013092554517,2.027444909641,0.124691444675381,0.0458667435013735,0.0702398047790054,0.112379067434545,0.189911813213217,3583.14880985997,1,1
768,0,0.142522137925958,2.34653724083138,0.798115875150813,1.04195390237316,1.92298471837378,0.0878243971971011,0.0452752594942945,0.0695195699812094,0.112018248758473,0.191057403354993,3635.13881761907,1,1
769,0,-0.0895587421528809,2.29052647585246,0.787120840063289,0.920706048358906,2.04030144125087,0.116541132516235,0.0461726784081527,0.071523291878619,0.110405124478526,0.188811916646399,3562.18917833159,1,1
770,0,-0.256749421972364,2.29811136871763,0.797043205124374,0.931568672762839,2.01810863066441,0.139452024072835,0.0467384302570514,0.0718915411984161,0.108379705839957,0.182273573111239,3584.91433544947,1,1
771,0,0.044322952131789,2.21593066446037,0.907972185992117,0.885997439031641,2.3257773270591,0.0858854247410473,0.0476864044371955,0.0716587587836127,0.115471486934052,0.194802110097845,3592.34459683537,1,1
772,0,-0.17269397007019,2.33041433715693,0.785338522706206,0.991188622988706,2.08250867511752,0.117579061726047,0.0465439794383627,0.0733763762301415,0.112294856439253,0.191818264145019,3610.91886029262,1,1
773,0,0.089379250569253,2.27150082887232,0.862719666743043,1.08668108006815,1.92234098840993,0.0923884106248578,0.0468782642794827,0.0730825449775385,0.112293436395168,0.193050804748678,3604.04749319381,1,1
774,0,-0.0303660256442996,2.30430672208836,0.774600990857719,0.96734609636084,2.00818576254882,0.110371734914605,0.0456869390916973,0.0695798287239604,0.114458898629706,0.189051280255408,3597.79957507578,1,1
775,0,0.0102199906472395,2.2586131559861,0.827637152237725,0.939284001399731,2.18172386194962,0.093206803421284,0.0462825920935326,0.0717828214393106,0.114295009630029,0.189618098411039,3564.66944626558,1,1
776,0,0.118586290684019,2.35500718078264,0.739192925177506,1.01351182106232,2.02156852669681,0.0976144712570127,0.0450620227398234,0.0695605854142265,0.11260907404586,0.20872183445721,3586.3112826549,1,1
777,0,0.0162163785945072,2.3452375898047,0.728467531153916,0.871988120433738,2.14303827260739,0.100751137297903,0.0436926281163375,0.0700607597750334,0.113835062342154,0.194785218210352,3581.82775415825,1,1
778,0,-0.098820050154046,2.26361063749318,0.864801886415757,1.17084535906406,1.68773347931434,0.115432299419594,0.0484034570458065,0.0753463093863909,0.112839138060446,0.186703148736763,3617.12890441443,1,1
779,0,0.0120779118285487,2.28592080372438,0.86186475401247,1.07692930553563,1.88970296024419,0.104519303294611,0.0468006320564071,0.0706335259534795,0.10919075268027,0.186065673323511,3619.27332718815,1,1
780,0,-0.11843462921567,2.2791429035036,0.872597199815123,1.07634505691955,1.85144791796477,0.1212593253884,0.0469958237956593,0.0736883907358917,0.108576708039167,0.178296740261314,3620.84867749258,1,1
781,0,-0.10928789075393,2.31071527058931,0.810663531185721,1.00511887981236,1.9279255652851,0.116443481088312,0.0455095982513569,0.0708374830755085,0.11088222436406,0.185188259717895,3613.69937079131,1,1
782,0,-0.0410978040512538,2.28203888077605,0.804865868781997,0.94872182216479,2.01652336158441,0.106581050452053,0.0474238046049497,0.0734272721110948,0.115949322246286,0.190729479363185,3594.73235582188,1,1
783,0,-0.0930687962596303,2.34005735917097,0.726239036813313,1.15946426342546,1.67338222068472,0.113337817490252,0.0464883250761021,0.072827460554655,0.110175026959447,0.18902324525353,3606.65842057525,1,1
784,0,0.171785201913842,2.41530417172919,0.654117913056026,1.06837246940637,2.12326627160261,0.0757894231102344,0.0459207827999608,0.0704387330206788,0.119505181982247,0.196895025173591,3664.25038607429,1,1
785,0,0.0971070147164676,2.24522129797462,0.882666272962091,1.20907189113201,1.8364595432429,0.0827442769199825,0.048573222812947,0.0726083797454743,0.113731892136186,0.188112389631019,3621.75162343851,1,1
786,0,0.0694439951833733,2.37660633694224,0.724409878843996,1.11020751439998,1.95719477281566,0.0919411758823592,0.0466803812099226,0.0719514364613781,0.113045914970381,0.191712256736329,3648.28143094663,1,1
787,0,-0.0045155029973764,2.28570398003828,0.835272056406824,0.990381340888566,2.12620044675073,0.0953459779044375,0.0464231322412617,0.0714832286757166,0.11289087218209,0.182458136711736,3621.06795969515,1,1
788,0,-0.067456977423933,2.27247271320137,0.880708471808942,1.00539309006944,1.92754321510149,0.112667943569952,0.0467476163550118,0.0707646419420245,0.110998700777236,0.187938005794475,3613.39546743109,1,1
789,0,-0.0111412895948741,2.22081204338696,0.889771479954994,1.04975045880858,1.86977096867919,0.10418525040586,0.0471997988763772,0.0728887931280517,0.11368535989147,0.189717831294737,3584.57322516927,1,1
790,0,-0.0342090104273649,2.32624520311031,0.827147323545714,0.995171000577422,2.00292381527313,0.105635344016698,0.0458474634844459,0.0710765472598188,0.116322894504718,0.191236201084024,3639.10394252865,1,1
791,0,-0.169506552319493,2.33773505390754,0.730494392302408,0.892688058187126,2.02281370552164,0.126807717938502,0.0452251365722117,0.0722836590412013,0.111961533640092,0.192786047019421,3563.93799129241,1,1
792,0,0.0600438556235434,2.35619682472692,0.705116246526578,1.03301558850538,2.00183027459093,0.0884546761038746,0.0458737321243686,0.0725423261061851,0.116907558111535,0.188776245047233,3629.33855800283,1,1
793,0,-0.0664323465829405,2.30290776824781,0.836335070913508,1.00256316358849,1.90211685596012,0.112086338578788,0.0464852812666823,0.0715899037510233,0.110232534529071,0.184012637506153,3605.59463852658,1,1
794,0,-0.117351249070233,2.31628857015209,0.699787061153782,0.944566915333145,2.02036019574205,0.109867964889899,0.0470501749720481,0.0733558472909442,0.112256579011316,0.184837404029279,3593.47904561006,1,1
795,0,0.0186015028292012,2.26900526127113,0.873191266733694,0.975676112302937,1.82633601513427,0.108059787083118,0.0439074599992158,0.0690448370818657,0.11486672097337,0.188566021316163,3580.9115443872,1,1
796,0,0.0365464326549674,2.27531076160131,0.858950931386458,0.826891148596683,2.13805090052439,0.102737598964482,0.0432077149360203,0.0676060765317775,0.116606271926674,0.204623507366339,3558.88722258652,1,1
797,0,0.0170033373548894,2.30947246853799,0.783018477022921,1.0862437117685,1.82787053469118,0.102254074025927,0.0461786067048209,0.0724046881971585,0.11319590425877,0.190908260964732,3598.62256029305,1,1
798,0,0.00358667250290526,2.31142438463762,0.818472059642792,0.90738648472987,2.18773706276786,0.0984716515876499,0.0464111374524835,0.0714821676716529,0.115433468930763,0.197244806871043,3601.80925989205,1,1
799,0,0.0179189172912479,2.25701029391974,0.914170677211079,1.22445704785102,1.80153489386221,0.0944838405260087,0.0482681187477428,0.0734592865791544,0.107401454301948,0.186066166171756,3619.13777340767,1,1
800,0,-0.00760489447068843,2.30653423297312,0.784339393762012,0.89864039442164,2.08632260850455,0.110031386488953,0.0440314991731911,0.0693420521671102,0.114528492647189,0.192993622961854,3583.97141454389,1,1
801,0,-0.0653639785275121,2.2693711370049,0.785498366227872,0.85299291804398,2.12304818062452,0.111988437493663,0.0441057761391902,0.0694138023114435,0.119276090970194,0.201391565107031,3553.04908328541,1,1
802,0,-0.020747439195162,2.37327849084609,0.638291884196583,0.739135862863762,2.28750113339181,0.108257721335219,0.0432529342273379,0.0690359684855619,0.113554314408386,0.192955168851914,3549.40823208682,1,1
803,0,0.0588484227431458,2.30837939385865,0.780450634788374,0.90657299371109,2.07972737427369,0.0923245303320947,0.0460131022890576,0.0712091171964953,0.113937253384717,0.200333556627195,3564.36386320331,1,1
804,0,-0.0695132268164717,2.34453992559807,0.740041243929014,0.95645307200104,2.02770045625192,0.100831720577746,0.0448177907834199,0.069493895150012,0.11452191779306,0.184209149377745,3624.85398156092,1,1
805,0,-0.0737800366774862,2.26913201499061,0.823183188026874,0.893515516032538,2.04469689478969,0.118876884176854,0.0449915209091008,0.0690280001109117,0.111787464876091,0.19249326477622,3552.96761613817,1,1
806,0,0.171344935400531,2.27531312724813,0.812566700160624,1.1237937798706,2.05759053984322,0.0772100920136297,0.0486070625540476,0.0737175792423811,0.114196629519694,0.201646436205076,3574.85131490639,1,1
807,0,-0.197201667906412,2.34970894130232,0.813221617550808,0.995007204736543,2.03290038448272,0.115703254423278,0.0479478262460863,0.0735182465290079,0.113196699189534,0.189314585379731,3640.27631166988,1,1
808,0,-0.0292949100176273,2.29703136147361,0.8798382044811,0.724811538724305,2.40937869137248,0.107774984750548,0.0439065701721303,0.0686068175711667,0.119414659848814,0.199086327090096,3598.45441778936,1,1
809,0,-0.033041353435771,2.25762654469457,0.825750087985705,1.09152174931513,1.77988793626111,0.109244477455965,0.0464882008995263,0.0729175926106971,0.111784442254101,0.187061499323153,3573.13054248109,1,1
810,0,0.158858042821765,2.26929838750474,0.834715039069833,0.87751488816523,2.2754975875411,0.0792688769804358,0.0458143218534165,0.0701277645897144,0.122362641450804,0.199836428296767,3592.44409196298,1,1
811,0,0.147041479222418,2.29216821392697,0.817403443313586,1.01506151129304,2.09272326572835,0.0769928871791963,0.0464843778464349,0.0707102955300458,0.115265066427152,0.193098261020493,3609.37869872527,1,1
812,0,0.0976344021904044,2.26692080254809,0.836922794009958,0.988720217163083,1.96386658254708,0.0892717661039797,0.0463850232574715,0.0725803928346818,0.114639326601593,0.192707469573393,3575.63525073866,1,1
813,0,-0.101730035506508,2.31818384800517,0.776942605017414,0.986335917177849,2.08744591794533,0.107053099499384,0.0465181791224589,0.0729348355728683,0.112294736187971,0.188154870944485,3604.72113171893,1,1
814,0,-0.112633352296635,2.3116021998751,0.792169002776636,1.04894709672875,1.80759042713051,0.11790238400444,0.0453819384618115,0.0693458336998511,0.113609633795517,0.188505334879061,3616.02632562491,1,1
815,0,0.0202570771948837,2.38428304023097,0.691646001982491,1.11439179970271,1.97726261207247,0.0935666530986541,0.0478660016539939,0.0733731272880301,0.111447719554452,0.188417812361433,3657.42221244382,1,1
816,0,-0.0909056694086156,2.2501556332607,0.843470941818492,0.971969755290461,1.90872037905418,0.117834315382224,0.046411837697965,0.0720070368822041,0.1129123250324,0.19214644641986,3563.1003939809,1,1
817,0,0.0955103572424133,2.36049906861189,0.789864063181582,1.16217529776684,1.9083136395421,0.084381574752392,0.047787464750043,0.0738433291582372,0.112862579813087,0.191306000523333,3659.56034714524,1,1
818,0,-0.16011274616144,2.28502563731713,0.8039296886001,0.9006914803912,1.96746801166135,0.125938169276528,0.0453975761845593,0.0704979700041093,0.115370511496564,0.185936859790879,3589.96450160984,1,1
819,0,0.147740836869489,2.30542871741804,0.77267839096662,0.955485944552098,2.13772940012019,0.0831147424245205,0.0470126817492767,0.0708850998801143,0.120568312754049,0.197802692092733,3616.84749101406,1,1
820,0,-0.0148825951121729,2.31274607441192,0.754852749026553,1.12118504069717,1.71428526964162,0.100343139933775,0.0469504378818771,0.0738930730593464,0.113619598579887,0.189868608084663,3598.09134230725,1,1
821,0,-0.0186445453850371,2.34516795417948,0.729731779333084,1.02661349288448,1.96642242511425,0.106061432657373,0.0462915555354535,0.0712504148097868,0.109250405192624,0.184779492710343,3609.64559563423,1,1
822,0,0.134345328894651,2.2797366085521,0.846794917611823,1.05006849542422,1.93946037268678,0.0861898694679595,0.0447092859302671,0.0680303521112344,0.114049044292616,0.191538563883607,3603.85034752585,1,1
823,0,-0.117263176128918,2.34463489651785,0.733965408040113,0.991840504196038,1.82463682386687,0.13074961909756,0.0456783238406721,0.0711268964242377,0.112177996329227,0.20085483892803,3584.55755439333,1,1
824,0,0.0445632651757196,2.2775280402831,0.8479083334321,0.983106686566187,2.06666554864251,0.096107058792986,0.0470800865243344,0.073426714497831,0.114732499957634,0.193827428990804,3602.45038796177,1,1
825,0,-0.0241920590882028,2.27222521535274,0.859890725600895,0.875421271477601,2.2936252627469,0.0953673572321688,0.0472293393330527,0.0719511961350525,0.115124094683536,0.19420309548034,3606.76768142804,1,1
826,0,0.037706927296554,2.32982918094088,0.797090790559638,1.1172760169531,1.93569084734776,0.0920340750059755,0.046676353567592,0.0730168829809255,0.113403814065127,0.197173879738867,3628.52060881144,1,1
827,0,-0.021559146716946,2.27922778364046,0.85306611855964,1.05491983764916,1.97623257681407,0.0979184514481604,0.0480975304035637,0.0742729388259435,0.106034990379269,0.182022459281125,3600.22116596586,1,1
828,0,0.0339155169057306,2.25393616190672,0.853871943819766,0.915520275104934,2.07244951415788,0.104563357185081,0.0459166571621719,0.0697895629140676,0.114065643377609,0.194739618218465,3573.15696954634,1,1
829,0,0.00964489068562508,2.33806323749032,0.766555229941232,1.09036808497022,2.0636414797473,0.0934959496519385,0.045848457014219,0.0716833629316913,0.111717504029969,0.192601797329295,3611.17331788064,1,1
830,0,0.129343190641197,2.2873256797024,0.848326211632117,1.13200359165675,1.94544643441255,0.0796382499850377,0.0474240811390685,0.0745451502035954,0.115815279639139,0.192060526188663,3622.72969594334,1,1
831,0,0.0222422756058868,2.28280246210761,0.868453692410591,1.06376142381653,2.00494308147703,0.096468473299053,0.0479070181764758,0.0740702146960103,0.113744527612603,0.190603743792947,3623.47626308011,1,1
832,0,0.0237871437957218,2.30434072372243,0.751608757233241,0.958255535984317,1.99961171954509,0.101321196959849,0.0457924394530888,0.0718840646718146,0.112471217356553,0.200191047456129,3557.67744576481,1,1
833,0,-0.158963337185351,2.33239148351056,0.791962416065353,1.01044013909648,1.86350636516738,0.130587749209542,0.0451766742508551,0.0700150884745729,0.110140683030596,0.184294764866736,3614.00422368743,1,1
834,0,0.116529295403796,2.28011222049983,0.865655475486582,0.961898501635174,2.06665220141125,0.0912389105135641,0.0468723080116884,0.0719223957404392,0.115626144667006,0.202032142624857,3591.15103604059,1,1
835,0,0.0172926259069497,2.25014702924845,0.846775985500247,1.16221875665034,1.59738048506309,0.106762926892884,0.0479311259576599,0.0733975423142879,0.111790559562301,0.187636629772078,3590.52819952674,1,1
836,0,-0.0634431811260896,2.20830123441793,0.912429143857564,0.971019198023284,1.8564324595126,0.111984431508219,0.0467514297108661,0.0710715770370889,0.116613527808066,0.187725103839827,3575.99317005761,1,1
837,0,-0.113991129501462,2.2601455754367,0.848884573624621,0.875937337791761,2.0319953653132,0.123011885714176,0.0439710688200195,0.0682731387122479,0.114231345553164,0.193061331611719,3560.35357598326,1,1
838,0,0.117967793134548,2.28343726899911,0.816448576215247,1.05357254574792,2.02582158469552,0.0855292093934681,0.0469136295719079,0.0733351904931654,0.113363511249287,0.192961513243614,3596.7017816112,1,1
839,0,0.0994086169882606,2.29657516162116,0.836585810769939,0.988154411682673,2.22274577820304,0.0815423357059055,0.0488233247305551,0.0749895132575325,0.118490117000659,0.197325473522057,3635.5506647309,1,1
840,0,0.00790088329085629,2.27168021072103,0.841474347733225,1.16548910225056,1.78428876983047,0.0966626171006034,0.0471634581218896,0.073743439473227,0.11409233407666,0.186920603782341,3617.51091401217,1,1
841,0,-0.139272041116138,2.27361498696413,0.8234997085819,0.971570601252037,1.86468415767852,0.122947424728339,0.0463291703712785,0.0727920023388095,0.112161879882195,0.189671311160997,3572.72795588806,1,1
842,0,0.0284774184876745,2.34829880874268,0.712073384720983,0.690640762414515,2.55722035602024,0.0932083016017531,0.044412740144386,0.0689450176091136,0.11704599363169,0.19930235517446,3576.38839491335,1,1
843,0,0.0901811569858261,2.3144547752894,0.751120377312097,0.969728671054678,2.15803001558066,0.0881497123647064,0.0464380799473477,0.0732105576728699,0.117333979498508,0.19172745113615,3598.19504303548,1,1
844,0,-0.167294684054799,2.26973720077349,0.888140033657559,0.896814157551679,1.90614865187978,0.136936518419701,0.0449408473341769,0.0695571742363161,0.115472090015945,0.186137107504842,3599.73161523513,1,1
845,0,-0.107117383835157,2.29777815889306,0.754840892785685,0.982094640000805,1.87034962414759,0.124071343155616,0.0461294679224905,0.0717168188074629,0.115025754083008,0.19401998886911,3576.77427221663,1,1
846,0,-0.046150014288058,2.27959400815872,0.820390476631322,1.11624468376633,1.79089368880615,0.103569434073027,0.0470296440009949,0.0711863171087423,0.109135948955462,0.184920265128406,3604.97124968828,1,1
847,0,-0.12877580798368,2.38682227538919,0.59391948151937,1.193052858534,1.7692244890709,0.119067581478785,0.0465157948372871,0.076775986441608,0.105860741909683,0.18870898163514,3584.42650063871,1,1
848,0,0.176153890008473,2.25102396227452,0.842357440091829,0.949302699870067,2.06175154354339,0.0815343241187571,0.0461136768531472,0.0709433548557149,0.116228556954545,0.194672483728982,3565.032156263,1,1
849,0,0.0993653511141881,2.28986496308419,0.836561785840963,1.26655910183053,1.65585851189149,0.0872414161904752,0.0489623686224709,0.0727027841863558,0.113482584927741,0.193683947075832,3633.33584810489,1,1
850,0,0.153921114231254,2.39921439767973,0.714554895351865,1.12529668316113,1.94162671553933,0.0811431863298108,0.0437123596423504,0.0675286896401427,0.115031831404434,0.196030828228405,3651.07244179347,2,1
851,0,0.0239403219060757,2.35069326073898,0.757036674802263,1.18131104098429,1.81518025240771,0.0938183461498163,0.046233904787636,0.0721862118810059,0.110870126606278,0.185674952593848,3635.31102056325,1,1
852,0,0.163240349621229,2.35245997126155,0.689250764295798,0.895959329308106,2.33989942958627,0.0768243538483611,0.0460814642940849,0.0715700924885875,0.119422583184852,0.204258942721274,3594.00612109995,1,1
853,0,-0.0908572602110477,2.2826627559689,0.785727293447809,1.00806256724843,1.81058010849393,0.119966686578973,0.0471194185200353,0.0729237234825139,0.1146441856851,0.187670552685873,3583.06823244931,1,1
854,0,-0.312416282020361,2.31280068740249,0.841842554327673,0.857255817435888,2.11482428938547,0.132535963690844,0.0472866815137525,0.0731831261244786,0.111806177593478,0.186960407614323,3612.12132444403,1,1
855,0,-0.0287453823031062,2.26575368964921,0.796589737401979,1.03414166790295,1.92961252751856,0.101333996885772,0.047547810613811,0.0729126478062637,0.114417637710233,0.19229405159792,3582.57135917126,1,1
856,0,0.0872896255411287,2.27470022019366,0.844444986476868,0.886919307873,2.10789098330084,0.0937206411018118,0.045712023448512,0.0709048944028721,0.121627020001574,0.193087669138348,3605.17182861898,1,1
857,0,-0.0935039792037614,2.23307746551065,0.918154562545221,1.0052839520054,1.83886898859737,0.117969443437935,0.0454419719539933,0.0714468415751627,0.111250741543262,0.188069958056216,3571.67865374403,1,1
858,0,0.00373440900600823,2.30849884400925,0.773916352043674,1.13165209397599,1.820104833733,0.0974253190655132,0.0477245036511594,0.0748538928158002,0.11034478321937,0.185976826714374,3604.90757622632,1,1
859,0,0.0775858890392232,2.36402385369325,0.705493590125545,0.8544035502943,2.35628040149013,0.0840691114784466,0.0438084539504063,0.0693908272801059,0.115368346051286,0.19473252188351,3585.72270711135,1,1
860,0,-0.037595783534435,2.26131312521668,0.807603509903109,0.770962684637876,2.3217846117993,0.103658664823704,0.043943123665836,0.0687970539482828,0.116756596339923,0.201421820623392,3546.13399164096,1,1
861,0,-0.0105611644874823,2.33151678882246,0.766787214663915,0.836842257086088,2.22370585639894,0.0976287014160149,0.0459495196568315,0.0696443906912693,0.119571068641264,0.193714815143014,3618.94690389015,1,1
862,0,-0.0992603693270435,2.23886376657162,0.866869445738383,1.03704021828853,1.78912547064046,0.111706839163077,0.046069943630043,0.0711280806042369,0.112061387463363,0.184911198268785,3576.79525308713,1,1
863,0,-0.214800027056012,2.34471242447725,0.756924131960229,0.995027676145494,2.01973796455265,0.129712649338982,0.0468553601694557,0.0729223222960464,0.108154056533558,0.182420540689191,3619.84528336027,1,1
864,0,-0.0200654572112211,2.29265533767138,0.835097080934422,1.01537176214445,1.93207885206303,0.104442888351718,0.0460098186466574,0.0710540713611073,0.113091756507323,0.189574417666236,3609.81658734448,1,1
865,0,-0.0179787361909855,2.34063629744483,0.662886075375082,1.00223640939615,1.9022737180423,0.112574032917477,0.0459685926713396,0.0714348637894442,0.110980341809551,0.190097433780091,3572.56528987258,1,1
866,0,-0.0361390613984422,2.3143252103237,0.830254911393555,1.08422719001425,1.70192789874833,0.108616864639666,0.0446297000039971,0.07104125368997,0.111657286188188,0.183128307357663,3618.71419348394,1,1
867,0,-0.0187199898453687,2.33706559051596,0.709976872069121,0.917740794958048,2.22006502575805,0.0964594896575146,0.0461640481352079,0.0720057239021907,0.112988922699853,0.187683772133935,3595.14209897916,1,1
868,0,0.0590870411660529,2.31345344960525,0.778199774820043,0.887218523326567,2.10295072057273,0.100068702120344,0.0452815790486725,0.0682225206520383,0.113498811670866,0.196868670989741,3571.3649271383,1,1
869,0,-0.0632073066043065,2.29265677202363,0.745022884607706,1.00021702057255,1.93255136589464,0.101187100763461,0.0463370164382993,0.071012336852782,0.113817692758574,0.186945821036353,3583.95393698768,1,1
870,0,-0.00246084763347055,2.33663578657509,0.722517588407781,1.03487604123048,1.92346640402351,0.10645760565142,0.045197383843375,0.0702438964964186,0.108684532357855,0.185248054862631,3591.33019667963,1,1
871,0,0.00319553401093751,2.25446873882841,0.841260541738089,1.05457674214703,1.92772081957935,0.102320231221482,0.0465598662201964,0.0725826714611831,0.109901204027513,0.195705086273943,3561.92746483414,1,1
872,0,0.0813253704623801,2.2898806291988,0.837018953970868,0.713703854866314,2.42261614084784,0.0970250619364503,0.0428936915752817,0.0666418319643515,0.118808655100572,0.197560795071967,3575.66938311936,1,1
873,0,0.0719352952994063,2.3070222366705,0.843164586719431,1.03985725442237,2.03032551090038,0.0914792830600465,0.0457391972716278,0.0707791893902231,0.113182935003881,0.19176808559241,3611.41423953622,1,1
874,0,-0.139512520708312,2.25867229609733,0.811564166770638,0.917535573031013,2.07892586624392,0.110668206944763,0.0467374393214234,0.0714393798832478,0.111124650381333,0.192275369055185,3539.65786414903,1,1
875,0,0.0705927800166266,2.2199524044033,0.874093595335238,0.999622412516276,2.14574997710312,0.0852063269497986,0.049365394256004,0.0731855235072044,0.114666527308735,0.188870627239204,3595.73857815005,1,1
876,0,-0.0774090004265274,2.33411237987919,0.801539982498426,1.13712752645062,1.6634726871524,0.116218208585114,0.0465869493336882,0.0732232820719981,0.11152181253147,0.188244290451036,3626.4591999761,1,1
877,0,0.114647551077034,2.25304154681892,0.829160485445237,1.18779677332203,1.72694454869546,0.0901717289813831,0.0488203521045567,0.0741015321807204,0.115582887051281,0.19363863527433,3598.54557144,1,1
878,0,-0.15435696740749,2.29192728030542,0.846213756576228,0.935376433567613,2.01628565591583,0.121862959381161,0.0457074862575633,0.0704569704495377,0.112385614968461,0.192197940192998,3600.87115768191,1,1
879,0,0.029096105988335,2.31768966660099,0.797641476123082,1.12644584632326,1.83032264899919,0.0970805352633709,0.0464654211002955,0.0708191807834757,0.110464646205448,0.181763545354672,3636.21521391994,1,1
880,0,-0.0940973188250558,2.31893583143713,0.735932339364299,0.81973023229028,2.11810590047974,0.115533139141676,0.044921296249841,0.0692536940519487,0.118735096573727,0.197237606089396,3579.52625112229,1,1
881,0,0.17294963239295,2.30633655516843,0.791133986483829,1.03343793613943,2.21358433564697,0.0728842214835189,0.0479004690161324,0.0748041047695847,0.114502316692691,0.201298439925436,3597.04912198118,1,1
882,0,-0.0309351568964798,2.27268876309564,0.886038262926502,1.12019883895331,1.73701931393413,0.113702781849517,0.0463436880552176,0.0712010728149572,0.112394361707112,0.19699143468377,3608.34990572065,1,1
883,0,-0.242668896981348,2.24840440771123,0.839148296507477,0.980878699170142,1.88568846475207,0.126238455590983,0.0470636197279927,0.0733673046914751,0.113557190235577,0.182982886836812,3582.03532025178,1,1
884,0,-0.0711376243520112,2.28268576966784,0.822357884664758,1.00637901421858,1.99055346637442,0.101957689716315,0.0478694968635187,0.0746712687627385,0.113988900481116,0.186706649117129,3614.24209842651,1,1
885,0,0.108390265081921,2.3006005816497,0.767268194677852,0.843166797464004,2.2617339840036,0.084844336880793,0.0447454658562445,0.0701629011227185,0.1184841237325,0.202202654684564,3558.74644071058,1,1
886,0,0.113743927569058,2.27724837571567,0.843780482298022,0.811291566168995,2.28544270840585,0.0859851241306488,0.043681906975158,0.0673781060120974,0.118807265956091,0.204106534892392,3560.23427211824,1,1
887,0,0.236715113465305,2.26983233792407,0.791038974867145,1.04280463829445,2.0082851170319,0.0741469613889584,0.0456334523787831,0.0718001875057239,0.120430279188624,0.200736768903103,3571.62263665259,1,1
888,0,0.0146776085608938,2.28090808725903,0.85288628609239,0.933442508184422,2.13145968414829,0.0980668263784816,0.0461514635325413,0.0708458816626804,0.116389730356495,0.193247899675641,3620.01697749085,1,1
889,0,-0.0299798637595327,2.39693104406828,0.674534334950825,1.21927866990607,1.6950345752958,0.10774695591862,0.0468894502136291,0.0729746835222927,0.11134326034002,0.183670501606591,3655.96908880762,1,1
890,0,-0.0803483070345805,2.28189828841141,0.863593776902267,1.14488963065025,1.6649837181114,0.113134377634324,0.0462552780619414,0.0710482971679845,0.111304910283609,0.180893756510728,3627.54200605921,1,1
891,0,-0.0440745303478268,2.26622024290282,0.872235558982902,0.839035616201107,2.08693218627508,0.112894614232954,0.0449242691986041,0.0714261572846704,0.119005369571505,0.197316020549379,3585.59710833218,1,1
892,0,0.0947156177594921,2.3152194793169,0.819146999562371,0.970439990522291,2.03591017329782,0.0905556968314309,0.0444761233878636,0.0704998810679424,0.11728070451704,0.199271225846111,3605.79973455292,1,1
893,0,-0.0147174563230351,2.30880002771712,0.773309796371242,1.00257132900005,2.00845092970932,0.0961033134619736,0.0465014502025369,0.0720803401858144,0.112633837324213,0.189317104762491,3594.76467897536,1,1
894,0,0.162044449189831,2.38927543846103,0.716026792991324,1.33820060963095,1.7022051288613,0.0840928394219019,0.0481540559492187,0.0747283411771472,0.10684243653372,0.185602633491723,3654.00478658016,1,1
895,0,-0.0260391238108442,2.27776232313193,0.802577829252323,1.08869099176502,1.87201962416814,0.104453656484315,0.0463768021547767,0.0726721337283854,0.108458952027494,0.190122258669929,3572.08929072481,1,1
896,0,0.0591845274491441,2.34735770333552,0.725123012632483,0.765604425371616,2.42635672126988,0.0905551574364621,0.0447547383605012,0.0688383540436166,0.117980153585767,0.199062659199822,3589.34896841121,1,1
897,0,0.0699284200865664,2.33953790591027,0.736843491760744,1.00121588712196,1.9329138873625,0.0953420814327513,0.045678958061507,0.0716213807585325,0.114622425001198,0.190218363644504,3603.72445903853,1,1
898,0,0.152087842726627,2.29200019618197,0.745961382166263,0.917224712997297,2.25793190812951,0.0847297072580586,0.0460787778840435,0.0720898790983565,0.119116940853614,0.21105089130154,3555.46949848625,1,1
899,0,0.0884296017643623,2.38720344533579,0.692901987231932,0.925401847236995,2.3050313590371,0.0836011688880185,0.0454755297887754,0.0699706637189585,0.115718183014707,0.207524248499476,3598.17503940804,1,1
900,0,0.0273384692797038,2.29042447091372,0.784578952270909,0.928480786724198,1.99560347225635,0.101731391234943,0.0442563073457021,0.0692301120608401,0.114780425501021,0.185802341028313,3584.74197215568,1,1
901,0,0.062850238666895,2.32089619409654,0.821278766030998,0.802327217826705,2.29844192784938,0.0928328771288058,0.0441954463289949,0.0679259623403239,0.117040938589569,0.189590946309989,3612.7077422017,1,1
902,0,-0.162321262005146,2.26976830387615,0.811335693280897,1.08334830467201,1.8849748694193,0.117815782186509,0.0471579673589694,0.072766918947658,0.107172352322966,0.190133101892994,3564.06936346649,1,1
903,0,0.0503679919442147,2.31557631980031,0.783489131335309,1.18474421485891,1.78652135792093,0.0931660940927253,0.0480129112708257,0.0739479031855446,0.112606345170702,0.18545690836378,3641.93497603526,1,1
904,0,0.00839452233001152,2.35100027650927,0.77127004784606,1.07615972789618,1.94446756279489,0.10170376994207,0.0451032442934719,0.0727431227953981,0.113826614159782,0.195055476778866,3621.7275120678,1,1
905,0,-0.19539082585157,2.21273808539616,0.943590372416056,0.943078488886597,1.93367984849612,0.135704463921385,0.0458094783053079,0.0703819702138367,0.112609615538607,0.19222835773967,3565.14575919955,1,1
906,0,0.0812649254550791,2.27020839433492,0.836784412760899,0.979406508319788,2.23518190249919,0.081156880963356,0.0483697028013339,0.0728054993728637,0.110690451439124,0.189293443623133,3587.39684908997,1,1
907,0,-0.0275209000404766,2.28382122827868,0.82594714564196,1.06894657590047,1.83574193612762,0.0992619987788185,0.0471833756152638,0.0727997987286219,0.113528810479217,0.18530202128332,3601.52782559185,1,1
908,0,-0.172613266305323,2.34172375662279,0.754947392998858,0.805105075563455,2.29701730903777,0.125233556057695,0.044922821233411,0.0697000535169937,0.115178196074165,0.193732497321136,3603.71216269037,1,1
909,0,0.167776761926655,2.20389641928745,0.960794893576505,0.973547297646465,2.1014063310503,0.0829555199971507,0.047617586007898,0.0741973038722591,0.117108424916365,0.207111621513324,3550.54894909516,1,1
910,0,0.134152552106384,2.26492227519713,0.865906002228832,0.896992103064828,2.29716129249995,0.0815162091572073,0.0470754222011809,0.0711537946364316,0.119372151917324,0.207166754398781,3582.24571762143,1,1
911,0,-0.0401294958831984,2.26437898549041,0.826037486598299,0.991324897370712,1.93333212412566,0.101087362429517,0.0468127605201501,0.0719129565481863,0.11641209054431,0.194138860315336,3596.73173952191,1,1
912,0,-0.16263212681887,2.2559896139127,0.912558334532815,1.10513341254788,1.79210445840236,0.120826750152249,0.0465941373098067,0.0719083893271276,0.105268997854651,0.177667069499317,3603.19077115956,1,1
913,0,0.191270432244214,2.23390320064226,0.907550535068449,0.99429442846052,2.09398987024236,0.0756921685669328,0.0465734173365769,0.0707265372209932,0.119758533397695,0.190418380607145,3618.11406004364,1,1
914,0,-0.120566422406081,2.31774301484418,0.834538518439695,1.01414034368969,1.98205887002748,0.114048377883844,0.0470253225789008,0.0719907047376143,0.110747979261486,0.185062022911837,3642.0887010001,1,1
915,0,-0.181864591112935,2.31952528286432,0.785450283635642,0.804180479040761,2.10989994840825,0.135129694777403,0.0434024796125617,0.0687137370068766,0.114825932429794,0.197558757889275,3568.80523228539,1,1
916,0,-0.0360695543512662,2.32339271945947,0.777124714934292,0.976233368613248,2.00776831094444,0.10699281024112,0.0451389354322489,0.0714007175306114,0.109159371927981,0.191040818741285,3590.24033782503,1,1
917,0,0.169448990502603,2.31247809843733,0.708919518240832,0.90594916281461,2.23685186659094,0.0790006366722185,0.0461419626227049,0.072290686380345,0.120725317714415,0.194063727760788,3584.27541172713,1,1
918,0,0.0404580889995437,2.33034752917682,0.798802656039291,0.991175840142747,1.99104164696061,0.100423912731721,0.046785883626377,0.07093298599794,0.119541909292906,0.192353783826107,3655.75278179352,1,1
919,0,0.0403383676721406,2.3350608603411,0.749224707500867,0.875924283444985,2.1438189886691,0.0991489904178818,0.0453394822946641,0.0697474828087332,0.112764891516049,0.183478184910784,3604.76653075322,1,1
920,0,0.117208972354513,2.31283094413897,0.76755088953426,1.09938317247582,1.7943102784483,0.0866482600341929,0.0446875782922289,0.0685821059254529,0.117315207067035,0.191799874621665,3612.63517463775,1,1
921,0,0.12937493734094,2.32962975497504,0.702333501016564,1.07598664996946,1.96278570030264,0.0817343520472101,0.0457944142322138,0.0710742093300227,0.113234427564727,0.182729250689001,3596.86654507172,1,1
922,0,-0.00286577532349299,2.26578074738589,0.869987774815424,0.873665243627569,2.15718175897179,0.0998327448285681,0.045971186078561,0.0720999577969294,0.118287886552337,0.189057703244535,3596.84568304665,1,1
923,0,-0.0119791383557248,2.23383303256364,0.924149772063766,0.910243337879749,2.04781016491649,0.0984357166620492,0.0456605361736388,0.0714610867609384,0.116950296125921,0.190238934306785,3575.98610874242,1,1
924,0,-0.102856849096625,2.32586793387492,0.747963016159768,1.03026234606069,1.83144891595905,0.11477448739969,0.0449512915404904,0.0696602909028269,0.111755660532782,0.184962986081375,3602.98272084522,1,1
925,0,0.0628919225984669,2.29005679007238,0.858400011910197,1.02790185713894,2.03585291059041,0.0889343937894103,0.0461656931322509,0.0725225331471104,0.112835306847313,0.185404479385899,3622.24534289525,1,1
926,0,0.101143429181001,2.28668958635671,0.820597771760971,1.09808129835901,1.9651132055476,0.0847677299608451,0.0472623229647536,0.0712763110975427,0.115384678722236,0.19417732087339,3618.94780829893,1,1
927,0,-0.187955794745068,2.40088179966731,0.667571606685957,1.02392222582625,1.84525564163992,0.128367434500476,0.0461777104394906,0.0727378280739542,0.111750350007171,0.184495182466699,3625.92507599903,1,1
928,0,0.132362097681661,2.36420926475297,0.730786978580569,1.00263875999095,2.09309303993542,0.0840227222802531,0.0445846639644523,0.0682757486230123,0.116109567734677,0.201480642611323,3625.91225358854,1,1
929,0,-0.0853219301159209,2.32115908664538,0.713047926779527,1.00605773835365,1.96927445505787,0.111371540067042,0.0458805351103779,0.0728889646265856,0.11282843083067,0.189729527595322,3575.54324598137,1,1
930,0,-0.205585185210405,2.31809902324403,0.843597274005697,1.08166420463145,1.78076276845629,0.129847681943636,0.0480111176135287,0.0731807726892078,0.109017255320648,0.179000367880837,3646.41947148926,1,1
931,0,0.0884411826253743,2.22927822710312,0.905789212666473,0.848080789012903,2.24563224868585,0.0892868003786087,0.0455817321652503,0.0686536209921317,0.118236051113706,0.1995358271689,3587.02966921888,1,1
932,0,-0.107033410676348,2.34124324389526,0.703339811805556,1.00451322466671,1.87773066861898,0.117172426533066,0.04565068899333,0.0718083102369586,0.111536191714636,0.191050958342977,3588.57407102175,1,1
933,0,-0.0682622693530167,2.26019075684023,0.816903849678908,1.06363102281584,1.85326533618755,0.106749918999329,0.0467161819991265,0.0734508859823942,0.112598720728122,0.181887922032617,3593.25243982482,1,1
934,0,0.0365010656447956,2.22621352549278,0.885488976054665,1.1343415606555,1.78714437670506,0.0966356908782245,0.0474121038134257,0.0728634836515167,0.109963618620983,0.188975020350127,3571.42167156403,1,1
935,0,-0.100434637509701,2.3563507931571,0.725042697667032,0.888621621008636,2.12119894402127,0.121037491949587,0.0443803256686088,0.0692335707500072,0.112049857774101,0.186836740059324,3597.11438227052,1,1
936,0,0.0458400589863466,2.21914494903588,0.886952707476066,0.969829654225048,1.98410616685619,0.0937735476333252,0.0481403740203789,0.0721768723905224,0.117897182915518,0.200308324682674,3566.26657383709,1,1
937,0,-0.171995795415646,2.31226974190958,0.815172575441891,0.982011291802167,1.97826078233126,0.117107508656468,0.0461538100849113,0.0693725478655777,0.108731929332041,0.180576003766304,3604.94260570991,1,1
938,0,0.0595787444384589,2.39590717095444,0.659062916838159,0.889566308033323,2.11935639295928,0.0983065489190999,0.0453242635513751,0.0714373894225958,0.115814329688572,0.199362722317157,3603.21883482655,1,1
939,0,0.0225631112507069,2.23035595476374,0.975359488412485,1.124806005909,1.90743733361926,0.0926711422917971,0.048842834335755,0.0740749707653792,0.113930723696463,0.185186288359214,3644.1713774924,1,1
940,0,0.0531309950893378,2.36324353052916,0.751320860403529,1.12241637706821,1.88682950959744,0.0985547162230364,0.0456329628502883,0.0703450498841909,0.109664117976283,0.197406378184141,3621.7373044653,1,1
941,0,-0.0394621919847689,2.33086528602673,0.791227726978963,1.00671153230491,2.13692649185095,0.102993092624606,0.0466428543978239,0.0721568546113966,0.109372334084407,0.183970650040062,3628.65570402477,1,1
942,0,-0.0625327562472073,2.27505573587016,0.876086752984342,1.06177519620286,1.96528269680503,0.100599410415718,0.0475070169743061,0.0748979565433855,0.111984562418109,0.192905174782383,3595.96151994928,1,1
943,0,-0.058137492323411,2.27545074799273,0.783897667334957,0.774089481434047,2.264511675037,0.109082844086252,0.0448875165457851,0.0689863338510008,0.115760135310713,0.192217583635335,3564.7193947582,1,1
944,0,0.118337006488483,2.39136402611835,0.690000559961486,1.04037716938718,1.83194971536584,0.0908935297598463,0.0438728085174646,0.0688029527131687,0.117642937556756,0.191075706157899,3629.55908755927,1,1
945,0,0.0223562595612801,2.32868416953326,0.792860581428244,0.913217677808084,2.23936147132664,0.0911234287848342,0.0459723103952161,0.0710919952339015,0.115099889937844,0.192407343797798,3612.36099098876,1,1
946,0,0.0833268483907707,2.33070071320019,0.781514746604364,0.92052853955923,2.29073217315189,0.0799152666216036,0.0461834271380398,0.0711454724863751,0.117508548544136,0.191263049534019,3625.78788040007,1,1
947,0,-0.147613663274897,2.33264086305282,0.745901266770042,1.08766852264344,1.86709197898739,0.117967752606765,0.0464752159522755,0.0727881599177522,0.109671556338937,0.18504103732677,3612.6323053649,1,1
948,0,-0.0391995491217218,2.28472452001204,0.806482501761605,1.12060067267315,1.76325347754919,0.110425439455069,0.0469459504921058,0.0729944173300743,0.110237720201532,0.190786523697695,3594.04241729007,1,1
949,0,-0.083434537457851,2.30462152640388,0.818631599819987,0.97026313266783,2.06672961241126,0.1042557067147,0.0477071936872791,0.0737407324331097,0.114666998091189,0.183862424953771,3625.9580951749,1,1
950,0,0.115362464399353,2.38464501398349,0.750130071288799,1.02440819765926,2.04159514125666,0.0826482275958325,0.0455056270361192,0.0694336779219168,0.113874681303658,0.190554958618515,3654.63244204308,1,1
951,0,0.02601214822554,2.26976586590134,0.900308926583551,1.21683003323654,1.84080534725377,0.0906728115988994,0.0484126875991774,0.0746467140259282,0.111630286413084,0.185278083178838,3647.36771338729,1,1
952,0,0.0208641916448551,2.3154123738673,0.771385495025358,0.81183800835004,2.32726533819857,0.0944839447816641,0.0444281331152895,0.069924539100854,0.115048654059069,0.192096080658204,3581.64625858009,1,1
953,0,0.0680467611004853,2.28567678817691,0.72961776921613,0.926093379800775,2.05740647050295,0.088514848047625,0.0463672106580181,0.0723426739596719,0.116194569540441,0.192740855121341,3559.93900522397,1,1
954,0,0.0950438119007091,2.27989260221998,0.819340459367755,1.06125584808933,1.87746495484025,0.0944256895722467,0.0468339309438481,0.0711675745357295,0.116876003237907,0.19524054690102,3603.90766106501,1,1
955,0,0.0714543665920236,2.37088488437166,0.729847844099408,0.889341357571317,2.27847938786174,0.0853458898415921,0.0443198442587552,0.0706345105845208,0.114652228660608,0.188414542415408,3628.0661264218,1,1
956,0,0.0868551401628623,2.25019871987637,0.791441094502205,0.961631378036391,1.87362014999614,0.0950622017043769,0.0460967878126389,0.0722768207561617,0.117325638866958,0.196581633294053,3534.5486404672,1,1
957,0,-0.0322567564133193,2.35205869893102,0.781971048115942,0.850943081379033,2.33115044292538,0.101572409134409,0.0436934328521951,0.0697825521031428,0.114066777579766,0.202601986816851,3599.24116186416,1,1
958,0,0.0672538762724676,2.33248575891133,0.808786892596982,0.96876952480085,2.11233060013666,0.0943932057603669,0.045093890596451,0.0693481938331517,0.11322075552926,0.19322778230684,3627.76457758915,1,1
959,0,-0.00715626305895439,2.21081821649416,0.916908654989967,0.838316225794285,2.19185108634274,0.104376855272587,0.0465161450902114,0.0712994180852353,0.116307521365562,0.194428550025884,3559.18591374068,1,1
960,0,-0.013748847832664,2.2425002435309,0.809163800132817,1.00247272675422,1.81127981190471,0.112083015714195,0.0447148034606933,0.0692608669874286,0.11098543284429,0.191015223879808,3528.27499939706,1,1
961,0,0.190724420573356,2.29391623411256,0.805946579616566,1.02751858892065,2.21667878769327,0.0705313556709194,0.0463864565168615,0.0734330420174894,0.118627034584951,0.201554087742306,3586.91846656157,1,1
962,0,0.0445999496455336,2.33175964511209,0.819710221862843,1.03386189316975,2.11912060900837,0.0923622549292875,0.0481615691776259,0.0751970536194142,0.11278128398781,0.195169839917542,3627.95317927034,1,1
963,0,-0.201538108571953,2.35432610269102,0.69056332720808,0.951634151043028,1.99985143084596,0.130744330554174,0.0435973356315301,0.0707098649326871,0.111253380253432,0.183381302559312,3588.74261744215,1,1
964,0,0.0515815696543346,2.38914791933143,0.618467622768367,0.947279908994079,2.18902553137009,0.0919582632366896,0.0457348096095763,0.0715714512949081,0.113679316986165,0.197903514852606,3591.17599313768,1,1
965,0,-0.001899986672921,2.39581661238364,0.650765627923306,0.780738432945706,2.50153186341389,0.0941612088356177,0.0436657991796889,0.069063673642654,0.114796612219896,0.205874209098214,3572.30486312049,1,1
966,0,-0.139173115282925,2.33083286451438,0.762800872194093,0.949014274949788,2.02376121280969,0.11957514336846,0.0453110943043082,0.0722082439048371,0.111780999897881,0.187940838496422,3591.1111764767,1,1
967,0,0.0972963647448168,2.26321123093934,0.839438930149206,0.948241433431889,2.12432905953594,0.092896260890538,0.0462788973528782,0.0719457514633626,0.11590351710405,0.191960255507634,3586.8465222834,1,1
968,0,0.0328464161002647,2.35960562547264,0.742010294943221,1.06411879206839,2.0417063461416,0.0898889472466786,0.046095194938844,0.0714391252704951,0.112059192380312,0.185665706757518,3634.75842333745,1,1
969,0,0.0127238400683375,2.34994348773662,0.702932614006534,1.18796770512355,1.74854195494309,0.0964893129153511,0.0475261159714719,0.0758927644846872,0.109977741129627,0.187261119931463,3616.74607680703,1,1
970,0,-0.0397931059221492,2.33758337569693,0.7981210095116,1.12611760888623,1.82571001190749,0.10284352598385,0.0462541501834717,0.072601212936326,0.107075374213974,0.180175227100921,3624.76376899962,1,1
971,0,-0.212761885789472,2.31266771713141,0.781247131916899,0.974931006040866,1.80868863600521,0.140015984975811,0.0440252359071892,0.069893640123267,0.109971940982697,0.187386798541206,3573.69782055258,1,1
972,0,-0.19559786640908,2.35232610339117,0.797717108606028,1.02809179459216,1.86513872506899,0.139589269842964,0.0442414603346661,0.0706137492422209,0.109424159871508,0.18164317981747,3620.65492136922,1,1
973,0,-0.00488528668921822,2.27699810306996,0.819951570429772,0.963810103426483,1.92890600322713,0.103696546136257,0.0450160282105441,0.0705927385395819,0.117609171410358,0.192526245167777,3589.7727814634,1,1
974,0,-0.0567799880476672,2.28897844564284,0.814795610548347,1.06115890843203,1.82058867438019,0.109943404309925,0.0461423232532327,0.0717263607267887,0.111198529495428,0.189783728213072,3584.90906595595,1,1
975,0,-0.108145673494453,2.33633303873759,0.766959740122239,0.902553694136137,2.13810353793129,0.11171603794555,0.0460411034685407,0.0709350687992609,0.112520982019272,0.18401833266595,3623.07672879715,1,1
976,0,-0.0684223396475868,2.24761909300075,0.908018427978547,0.959387162507851,2.0316148782679,0.108878372795735,0.0474441933163823,0.0737175783324859,0.115337997865389,0.189476009105122,3594.53952287342,1,1
977,0,-0.0504372697083418,2.27217212500806,0.846731841390729,1.06542890563888,1.81629320256607,0.111418702630542,0.0477877558602416,0.0735589496022092,0.107449554259429,0.185418116585682,3580.57445040611,1,1
978,0,-0.0141221381624693,2.32963823480017,0.695535005029053,0.978561602541224,2.00737487087478,0.102545993508861,0.0463055108415097,0.0722210469765433,0.113264403332119,0.19245743436883,3577.75378379169,1,1
979,0,-0.00914910336769905,2.27384456909449,0.87080064570346,0.966932185185982,2.07337738317058,0.101203743898551,0.0468353716147578,0.0728377805662549,0.11108576598211,0.198031536387428,3579.36903079085,1,1
980,0,0.043281574362768,2.29999782008162,0.779223723655525,0.952641234705233,2.17205218481131,0.0934313169755497,0.0470379075924161,0.0732977613046517,0.114628762718744,0.197724356498951,3582.70309391306,1,1
981,0,0.118739641928166,2.36492120676767,0.706060418016972,0.947712691119561,2.15452579373558,0.0864271756333615,0.0458037150362183,0.0708693011633192,0.10935014343825,0.190917301900693,3584.43841958461,1,1
982,0,-0.0531826617127972,2.22295678879818,0.90850771737789,1.00190783694545,1.92982694931853,0.107135112810912,0.0468853125987051,0.0694224518593453,0.113457444617068,0.191795203401726,3586.6778300586,1,1
983,0,-0.0813666097210366,2.34349984042826,0.71270957493444,1.06150500248309,1.84426746386692,0.117925474877821,0.0454638420055247,0.0731491859420461,0.109403828395741,0.188458082303685,3589.5282028353,1,1
984,0,-0.0520367980631372,2.24820280810089,0.857623708420566,1.04143862702603,1.74634895489278,0.107385870023646,0.0479906467796346,0.0742358876635727,0.115157558917473,0.192617535792327,3566.66567903135,1,1
985,0,0.0937045679836085,2.21753957392129,0.930065730940485,1.06071981413848,1.75042201758666,0.0930445509667533,0.0472530410907404,0.0724066075341341,0.116257125759792,0.194777711744809,3573.32265503808,1,1
986,0,-0.200463390415682,2.31996220685836,0.759964413143438,1.10126135970243,1.59498942609296,0.134684289690312,0.0457899805748336,0.0717423675276694,0.106802304557802,0.181269156091121,3593.92122211104,1,1
987,0,-0.0432567274055397,2.22120332898951,0.91521894025365,1.04159705632375,1.84991136931267,0.106849644937295,0.046257537988124,0.0711455510084365,0.110494657089754,0.188811338561788,3566.02855865787,1,1
988,0,-0.117871374041585,2.28286941620858,0.7933832696735,0.989172183627647,1.95759040853211,0.115136968298088,0.0478875311173823,0.0734983008390352,0.111393923721686,0.185975586579319,3583.68275834619,1,1
989,0,0.101169187015302,2.23406059455372,0.929591478177324,1.273367599906,1.55545612308497,0.0890223759145721,0.0475407534263253,0.0749338200741442,0.113919863231161,0.187631810206804,3609.06615708719,1,1
990,0,-0.0420785916465919,2.26857379034653,0.808196322231338,0.844102028524996,2.1802036585852,0.112051333669011,0.0467067209195883,0.0708050200065459,0.112224717198035,0.183443466001012,3584.31779144209,1,1
991,0,-0.0755582456410314,2.32041209820213,0.768039979906134,1.13538586245443,1.7523567555594,0.108522641557542,0.0467744060224105,0.0733073885243491,0.107798305871451,0.180401775905607,3615.42825245375,1,1
992,0,-0.0619392796362007,2.31714046187543,0.763635580243341,1.10969223649887,1.80145780010612,0.112436533914401,0.0471044822229178,0.0732281259579195,0.113227138523244,0.187731829591143,3606.33116495268,1,1
993,0,0.0399158567911966,2.33408413665686,0.704578459731504,0.802598374673483,2.24265315571524,0.0952226740600343,0.04457644268869,0.0693715887023101,0.123066898868887,0.193576332991218,3608.22223384905,1,1
994,0,0.22199577688603,2.33593255925617,0.715676972402116,1.10214179149037,1.8953394045367,0.0732890598977404,0.0443554864322272,0.0692633027411801,0.11958136757691,0.190138530474217,3606.49233006838,1,1
995,0,-0.0232542119408824,2.33985230824955,0.783041823720731,0.942187886039915,2.03608416147941,0.106544119993689,0.0457260123768561,0.0693942691874916,0.109900337710968,0.188481873276777,3610.84567179239,1,1
996,0,0.185996540601966,2.25838138900997,0.929413095584859,1.25457578945369,1.76509987594526,0.073938610096463,0.047732333962275,0.0741881132379689,0.11689782458539,0.19223275641626,3638.06155709572,1,1
997,0,0.0726216852980379,2.31632624988991,0.765353270112575,1.02357140978424,2.13382999409575,0.0841156331085176,0.0481671019549942,0.072998188232571,0.115414843273577,0.191888792899319,3630.67263130258,1,1
998,0,0.00423599244884336,2.35591868258031,0.633636438852724,0.818576896007694,2.12831217168954,0.109779324973624,0.0444238304403681,0.0714248876853015,0.117836400417752,0.205997736362217,3534.44520210123,1,1
999,0,0.147364088301218,2.33268723507836,0.75739989239934,1.04506387335385,2.07435216129769,0.0782773945885489,0.0455586379976002,0.0706581840614602,0.114420139200632,0.192047397258635,3612.40454655143,1,1
1000,0,-0.00961684194833347,2.31023593977345,0.786794091019966,0.981916870427613,2.0697501283357,0.0990153759918701,0.0458814451912537,0.0718797190499894,0.110260466847256,0.195881405125325,3578.72088694142,1,1
1,0.5,0.544869491631778,2.34064081020267,0.718623148249609,0.983501458633998,2.2322783175699,0.0418740884102455,0.0424745770405816,0.0634834836054251,0.131797505108513,0.237622889439439,3521.17833594909,1,1
2,0.5,0.508602904564521,2.32517392785574,0.784696998141741,0.831923505504544,2.20948293665944,0.0456747641977397,0.0408538604839588,0.0614521136125781,0.135833114161519,0.227087239538128,3538.07822709696,1,1
3,0.5,0.444399904381,2.3509710547112,0.745010841086592,1.03053839189358,1.877950578755,0.0537701702840718,0.0431909903372023,0.0650156178968246,0.131147410673814,0.225095063203519,3573.03960755181,1,1
4,0.5,0.481318269020692,2.28250130416051,0.824812886000264,1.07174522404937,1.79466371960679,0.050805182323867,0.0423526243851728,0.06518482437032,0.128510039238214,0.224583938650719,3519.55134623728,1,1
5,0.5,0.503059142118615,2.32989968380384,0.76908957781479,0.942892508339088,2.10582788316125,0.0457855853944176,0.0424542500649329,0.064162666487561,0.137248211379017,0.233969444271608,3555.88200211947,1,1
6,0.5,0.494618001674231,2.34757868714492,0.746167143407466,0.824183983308858,2.22098886644637,0.0482510590417887,0.0404594231372675,0.0611241240316111,0.135503815449989,0.229372629769432,3550.35069900152,1,1
7,0.5,0.505577755597728,2.17687552228578,1.00480749330353,1.15300602666885,1.8240146192226,0.0454445848316441,0.045156416684803,0.0659278871545892,0.135934194985372,0.218072345241717,3557.11057218631,1,1
8,0.5,0.522483245568023,2.36371145697331,0.754510654653078,0.878072311582573,2.13959216626604,0.0446742539868637,0.0409308213626631,0.0620543923100355,0.139014270700196,0.230146653540208,3567.01301161107,1,1
9,0.5,0.4742138878081,2.39895718068715,0.677714983768294,1.07924461639821,1.84892507722325,0.0512804494571299,0.042306426756824,0.0643033689653572,0.128775411527461,0.226386057382709,3575.76730187139,1,1
10,0.5,0.412781075060164,2.27547556284301,0.89573781275553,1.09633539925474,1.90971746173131,0.0527593363025787,0.044988586868783,0.0666819677899554,0.130802679247285,0.214865855806822,3604.75833406867,1,1
11,0.5,0.55122125028698,2.30642053772771,0.755084674480808,0.728512717821326,2.44384411619532,0.041284171827528,0.0416774396108222,0.0641783726471791,0.144826487430053,0.247936990998651,3507.50175914968,1,1
12,0.5,0.552773711985952,2.38382225733967,0.744332012120028,1.1137732979883,1.99415914641847,0.0403327791727929,0.0418387462334847,0.0632420620739449,0.134109561729793,0.240595113566648,3575.00073984544,1,1
13,0.5,0.502553637436349,2.31098551007168,0.819206526618085,1.16281978802041,1.86930460021173,0.0453377561096529,0.0440580178751309,0.0648078159268547,0.133335689568706,0.230137545760205,3571.22740500579,1,1
14,0.5,0.628513076209916,2.29897557725898,0.841420953601004,1.06595285009698,2.49058488533867,0.0312494343607559,0.041738145497727,0.0607768256020319,0.14462074927993,0.261559665770621,3519.42358035467,1,1
15,0.5,0.446052066000508,2.34908892012964,0.764705320479761,1.07866817857533,1.64290981341969,0.0565287332687142,0.0440670731525621,0.0656787966778771,0.132214529260214,0.227160091947062,3572.01543987689,1,1
16,0.5,0.500376003685184,2.2822523232971,0.872988919665039,0.849626247629508,2.27026126214108,0.0465900653443322,0.0428449964584356,0.0639228680518555,0.135067479937627,0.237235235896449,3544.458588078,1,1
17,0.5,0.451635443281562,2.29515464598295,0.805861719323134,1.03162333509129,1.97252215610034,0.0508856077126553,0.0435191860476298,0.0662731927469199,0.133985786498767,0.227306683850231,3553.10661616434,1,1
18,0.5,0.399695832946416,2.30622565464079,0.791898005823784,0.980445769155192,1.85845440119442,0.0615657251625929,0.0421127122781474,0.0640873698897498,0.126647817811976,0.211522681344098,3553.17015013929,1,1
19,0.5,0.448716587806999,2.24856527241003,0.827720400422476,0.973334603463231,1.88512634685517,0.0545564162363821,0.0440099348690621,0.0658221454915323,0.131089996429381,0.228175666719129,3511.5843335827,1,1
20,0.5,0.508887410877351,2.25128275907796,0.829505502928649,0.981885927641599,1.84039526025608,0.0492930351351049,0.0421033860631341,0.0627606021989999,0.129274427992647,0.229352959179755,3484.539757208,1,1
21,0.5,0.476709761268193,2.2928502131246,0.81916492816724,0.898335906795886,1.95270191303707,0.0509881847446289,0.0427622254362871,0.0637893927927947,0.138032671824899,0.222077828477343,3556.56778573097,1,1
22,0.5,0.451141149460686,2.27455944907433,0.792736590793714,1.10651949621319,1.59537675882312,0.0555692646899775,0.0428128279838657,0.0666493640045525,0.128829322367711,0.215641224400833,3510.71595670693,1,1
23,0.5,0.47556124723824,2.30546471800064,0.805818890678939,1.18588755110255,1.81125399196136,0.0487331340793048,0.0439943971180075,0.065122411997637,0.128672451835683,0.222091479480929,3566.47703683845,1,1
24,0.5,0.556847860732354,2.23573493172157,0.908005120142917,0.80620773571931,2.48496082764913,0.0399585787880118,0.0429291039008972,0.063510841894769,0.139318678375691,0.243242048541111,3508.20371930522,1,1
25,0.5,0.55156913628257,2.35464859863891,0.694572568874994,0.668962152911451,2.4320789918025,0.0427736497794973,0.0399464743233574,0.0599232565446991,0.143054330412411,0.248263397302206,3498.88034307976,1,1
26,0.5,0.567651275070871,2.33132215926598,0.709520428410832,1.07201186141668,2.12524096878171,0.0380745053678526,0.0429003055103103,0.0641869909750534,0.136749894294339,0.243798942362142,3510.35200876093,1,1
27,0.5,0.554337740059495,2.26538430542131,0.868832944749588,0.920555009396258,2.2828515456084,0.039709331275633,0.0427490872144977,0.0618000519793535,0.138520737081444,0.235747809079888,3531.66991572918,1,1
28,0.5,0.554457087335756,2.27926694378535,0.772620945401202,0.834497184611482,2.24718108049743,0.0418318838681439,0.0408791016699526,0.0633115690553629,0.14516089837772,0.24032897022508,3492.11502808668,1,1
29,0.5,0.515189854564115,2.25027916660899,0.849800261541966,1.06559520748784,2.00874051013047,0.0438451553325165,0.0430289701660014,0.064374891429042,0.134068441307025,0.220238798146792,3532.6233189177,1,1
30,0.5,0.508974487274079,2.29804113996245,0.791862155373114,1.01681533063782,1.94001721117883,0.0464406381482537,0.0404317785784093,0.0612876216427745,0.132864254557217,0.222645577717048,3530.53894470486,1,1
31,0.5,0.4542337285952,2.33305970309534,0.777962235796738,0.703889279397636,2.45997509252842,0.0516665496595744,0.0416248621026366,0.0625179287363802,0.133612987644011,0.230095111172785,3552.47659572094,1,1
32,0.5,0.523864708110021,2.2456593383238,0.823176125389688,0.760535369216879,2.44359511560899,0.0444051060636103,0.0409170365734557,0.0629713465643631,0.13924357119504,0.24999752030405,3475.03751300589,1,1
33,0.5,0.489822338237017,2.28313765074173,0.866627603921264,1.15621782808151,1.75797846005608,0.047540332453724,0.0430219978348821,0.0651078167892338,0.136152042553563,0.227842293178017,3566.96070735041,1,1
34,0.5,0.509959245910858,2.26388407814184,0.854100874947824,0.904042582569168,2.15549556209995,0.044986896521431,0.0429261310999609,0.0642942272368018,0.141006774428593,0.233368461283653,3542.92500672771,1,1
35,0.5,0.522479602762679,2.36877437823996,0.743934402795087,1.1671135621324,2.01450067362836,0.0400300484872718,0.0444248724999937,0.0653405101266969,0.14024058486495,0.224163936365983,3615.98940486206,1,1
36,0.5,0.587502506273691,2.25379263795183,0.85187920199938,1.10592412544176,1.93051304526218,0.0385011558857679,0.0436091656460234,0.0646510369281613,0.131718713817191,0.244615266184015,3492.86677779328,1,1
37,0.5,0.481288349048579,2.36738417020546,0.67090633980668,1.03717804526172,1.98702378678542,0.0498910883127102,0.0411607864930697,0.0642519725184225,0.13115715284316,0.230352842159436,3543.56189579314,1,1
38,0.5,0.385834196633001,2.31332197923937,0.759365721909716,0.853696330981462,1.99487673372948,0.0623126835934855,0.0419802841042879,0.0659189167475869,0.130373064116203,0.216721646570948,3534.36847913179,1,1
39,0.5,0.440717450816484,2.28839509353155,0.855299327372749,1.02971916204051,1.96150370995684,0.051153861904742,0.0428489906017065,0.0648027421939759,0.127194420908891,0.213089738598538,3563.23589152176,1,1
40,0.5,0.434483121993923,2.35286680695864,0.721805475760033,0.893926065801843,1.99285635586093,0.056881921442423,0.0416716745373429,0.0629703681280792,0.131244000474583,0.216533574370902,3556.00158827343,1,1
41,0.5,0.519598075354924,2.32951648799354,0.778199246542959,1.07031028710652,2.06563318463674,0.0423873441658781,0.0437021008573496,0.0660033937593603,0.136672207412566,0.222378088451805,3579.52235660065,1,1
42,0.5,0.470382147781,2.27607849782708,0.863593872771777,0.869844181717229,2.15508972144956,0.0503386546281619,0.0409677507774592,0.062223149509768,0.13279806323786,0.222666202802039,3535.12436982374,1,1
43,0.5,0.496768180725177,2.28726400615067,0.820247948241272,0.812089208552445,2.24968623348238,0.0486222580492004,0.0415574685103955,0.0623769476671858,0.134296535282651,0.230446206642532,3517.72065887995,1,1
44,0.5,0.520544609909313,2.2878778402668,0.807071051747279,1.03098585576844,2.06750485020941,0.0426739126097726,0.0421204132523478,0.0647575717516945,0.138994371196949,0.243449284401906,3528.19816028899,1,1
45,0.5,0.484654041492844,2.34632980399152,0.721033038320941,0.982981118796614,1.93130817801778,0.0497756470018627,0.0415520082526617,0.0645383228918726,0.127162659749358,0.217488508053678,3528.24096376867,1,1
46,0.5,0.499653335173201,2.30079100852832,0.862646193807361,0.993175484930158,2.12795301410834,0.0461612812143944,0.0425255927243262,0.0641872849417102,0.131666834310718,0.214921519870392,3591.71804077972,1,1
47,0.5,0.606723748921565,2.24138160371998,0.854593641858872,0.96699608946967,2.30544097825132,0.0360269742701476,0.0421267097540321,0.0612115465560547,0.139622998862918,0.263262962571928,3479.80313515157,1,1
48,0.5,0.533431684082885,2.32352043073165,0.829700113474749,1.12808501209293,1.76702665926824,0.0420628623231204,0.0427093297522994,0.0639302174914845,0.139517922721677,0.2136780669246,3596.47563591479,1,1
49,0.5,0.485762238461246,2.32397288836398,0.799029230753789,0.942894525622457,2.13562191308682,0.0478023790993225,0.0424575095301962,0.0638724094168125,0.1330491090379,0.226058733622658,3571.16705632018,1,1
50,0.5,0.528054575075543,2.31505376742429,0.803177373450006,0.744621862422073,2.6334835627799,0.0426925643351356,0.0406629297488727,0.0612872205473695,0.134577322656137,0.245999528287988,3521.30586800643,1,1
51,0.5,0.431942246289626,2.33074435701185,0.782597590713164,1.32222259851424,1.27139783883459,0.0584538077209313,0.0436187858139186,0.0660608692256358,0.128342852976277,0.20723590618644,3581.0046486571,1,1
52,0.5,0.499605563550166,2.2683789345267,0.844782412164296,1.04014213969517,1.84295590460058,0.048477600193153,0.0433448490192228,0.0645828845753971,0.129777692935519,0.226241421597973,3518.15429394061,1,1
53,0.5,0.504553409240684,2.36135424751214,0.72518068683611,0.771551369544208,2.49087524418705,0.0460544130243036,0.0418580648200372,0.0645221073782149,0.130107321202591,0.226981243789508,3548.62800634889,1,1
54,0.5,0.572889765473319,2.28865638853253,0.785593958172205,0.882738931376341,2.30906059347496,0.0396984970972962,0.0423441158686599,0.0634395615101848,0.141942060271162,0.256634136070101,3490.81796581008,1,1
55,0.5,0.521380273669459,2.30200912115307,0.807443896681147,1.06813539065369,1.91078617001964,0.0448895486962751,0.0421724107841987,0.0636267603457314,0.131268334562435,0.228430864663508,3530.57586358136,1,1
56,0.5,0.571967330105993,2.32199946505443,0.815557162450657,0.760611448700637,2.59070373156074,0.0394913191871369,0.0403502359502965,0.060326957667634,0.135960494465317,0.251565339400202,3510.29260245429,1,1
57,0.5,0.44498611830208,2.25558186604022,0.889470888423597,1.03787514758424,1.84709375249935,0.0558313578676281,0.0432566194266274,0.0634342683059125,0.131339762845833,0.228103969803093,3553.24541882699,1,1
58,0.5,0.472242288572951,2.32195718584918,0.788194302920578,1.0265454185973,1.97656642149006,0.0496625999424708,0.0433655510057218,0.0669177011694988,0.129379507567613,0.216551216083591,3562.21999335884,1,1
59,0.5,0.417587715311564,2.25515186844586,0.856072159203581,0.850441522710485,1.88731989978493,0.0597177310272692,0.0422665403089186,0.0644035896253658,0.131244392696785,0.20990301855487,3522.67280698251,1,1
60,0.5,0.479718703508925,2.2758763905705,0.814686496180105,1.02279363402057,1.82523388433302,0.0466800270030073,0.0440257895075369,0.0658787179988459,0.139600781715717,0.209414088031896,3559.97032327989,1,1
61,0.5,0.575117152852784,2.40704956490949,0.682474022679579,1.24326214373999,1.90320012512813,0.0376935981979354,0.0419772720001178,0.0627672954656607,0.136001407931027,0.239996797704453,3578.64083072141,1,1
62,0.5,0.498909823421456,2.3098214175624,0.811521189705167,1.32296942505637,1.55658522208336,0.0451200354082176,0.0463381305490721,0.069269335023626,0.138084403628422,0.21474418932239,3610.25519540704,1,1
63,0.5,0.45038328148148,2.30366373944304,0.793729277425861,0.810008765421977,2.22930242376079,0.0556575482301462,0.0410619596708189,0.0625976893237928,0.130878867858477,0.230729327168472,3520.5200760038,1,1
64,0.5,0.505177658438475,2.34469058287905,0.770462727759387,1.28740535089606,1.43783970390214,0.0479391217265293,0.0420191976117622,0.0625597553382964,0.133189695503453,0.212455644416075,3583.50988885239,1,1
65,0.5,0.487281596360861,2.28522426302542,0.828497176038825,1.10940835768627,1.63585644640593,0.0512017678367931,0.0427395292310928,0.0642637175882734,0.125093601025708,0.214939778489559,3525.06238714285,1,1
66,0.5,0.489578944236552,2.27798699609892,0.855417955107083,0.841367558558074,2.12054350789343,0.0513547312117,0.0431224954748832,0.0653146815750122,0.131704072769948,0.238634123691232,3519.42374431829,1,1
67,0.5,0.49976366208253,2.27435666461759,0.852260987311071,1.02305706839533,2.01993654631826,0.047954543167562,0.0447513298794022,0.0679806325610114,0.136625631721669,0.238036109883108,3551.21752409926,1,1
68,0.5,0.490471781879679,2.38402306015636,0.693704650468602,1.17255732429768,1.79156544414925,0.0461085650162979,0.0427457701687487,0.0648145628313103,0.129949119738279,0.228742663611354,3571.72217990968,1,1
69,0.5,0.505770807464063,2.27113260860824,0.812660679670958,0.936522440863994,2.13232119425486,0.0479759629888578,0.0431781174459039,0.0655229303152936,0.127827646169265,0.230061583842853,3506.15919833955,1,1
70,0.5,0.470325958550741,2.30954960327462,0.784577012385627,0.842341156055081,1.98326064149617,0.0543156179627551,0.0407814839186594,0.0636453468330584,0.139549566953883,0.23304487508646,3531.66124896673,1,1
71,0.5,0.523791721229968,2.33328956234482,0.742048224996681,0.948046508154876,2.17417201144167,0.0412260345826989,0.0428271199372517,0.0644354490531022,0.135665438112287,0.218187083978219,3559.5416333738,1,1
72,0.5,0.438148490748688,2.3250496758181,0.767837995363121,0.840274460922398,2.01442806192911,0.0571853925190833,0.0414325087079887,0.0619391919725713,0.13352730474128,0.219954795659382,3549.02978330984,1,1
73,0.5,0.540393277491909,2.2891896572167,0.852195578993149,0.979913963898466,2.28128221624038,0.0403420374576091,0.0422215390985833,0.0623818542369453,0.136253356023499,0.243237487171798,3541.3425766601,1,1
74,0.5,0.52186953563958,2.34293473069877,0.770839106869945,1.11099025525748,2.01862760049551,0.0429843913739637,0.0428128425036378,0.0635035993485613,0.130660392718903,0.22758306410518,3570.42281026016,1,1
75,0.5,0.50664590292144,2.34582163537163,0.753995383325237,0.818395373099191,2.356786750878,0.0463447245901291,0.0420951819885271,0.0644121342334656,0.136301551593969,0.233218148119942,3555.16040725665,1,1
76,0.5,0.519789279423333,2.2727264414596,0.892129682139006,1.02631596308361,1.99504278300343,0.0449203938250724,0.0447705918054446,0.0665373616220003,0.13264364448925,0.231904562377915,3551.6932317269,1,1
77,0.5,0.550597243682085,2.28762982250352,0.804572759030165,1.04348627885496,1.95376120710869,0.0411068565461254,0.0429031666440781,0.0636774090273309,0.141588648043099,0.23367675372032,3534.39910077658,1,1
78,0.5,0.431957684148822,2.26977227175777,0.855520070471141,0.998572824445098,1.86810325222555,0.0579531733274771,0.0434582889903314,0.0652463534003819,0.127481565355399,0.22369909011424,3543.31073497417,1,1
79,0.5,0.496930010063627,2.27219435430578,0.887382001722261,1.06983182535557,1.98339503202735,0.0451421443349479,0.0442728298400405,0.0647445347960385,0.139098885043258,0.218441135309919,3594.4456606989,1,1
80,0.5,0.415790562560003,2.27939298749684,0.829107444825838,1.1227348109253,1.65298056731406,0.0579904170736771,0.0442461434527367,0.06753119842674,0.129746257321965,0.219235049339713,3552.13014702997,1,1
81,0.5,0.488697340243117,2.304433132447,0.783012487776307,0.914650023433643,2.05507492196908,0.0501318641096328,0.0412817971549139,0.0637472930838693,0.134407690334592,0.233517064017311,3522.10037876569,1,1
82,0.5,0.4980026482555,2.35522646033745,0.690619064453837,1.04613829199362,2.04463216602438,0.0459405575980568,0.043606565357447,0.0646474006548832,0.132231816082809,0.228046837140597,3555.09066821174,1,1
83,0.5,0.486823993185864,2.38843366329809,0.660727641927489,1.04975836362462,1.7785504481415,0.0511751718081359,0.0412792952020735,0.0621469474882629,0.13278729562522,0.227016709222119,3554.70898692694,1,1
84,0.5,0.534566796963037,2.35998576599334,0.740211268917823,0.834917880374008,2.36433786617023,0.0432530458658745,0.0430105481923823,0.0640252914354863,0.13316142256678,0.240354680928557,3541.56846223904,1,1
85,0.5,0.523152598917711,2.39238835174853,0.738675784465616,1.05914055479103,2.03750550509449,0.0437665103316152,0.0408241455084559,0.0623292906448335,0.132974457694186,0.23490604511289,3585.59516557105,1,1
86,0.5,0.422048629183154,2.31924782373844,0.719306306189899,0.881908012090285,2.00378651449524,0.0586380242686874,0.041928091827335,0.0652484617872279,0.131798498337928,0.217373702528101,3527.2635710044,1,1
87,0.5,0.45143023228734,2.2848686962017,0.794666202433253,0.77965724929217,2.16897063229308,0.0542549206028287,0.042186577370845,0.0647429019085286,0.129779652870609,0.227661954068545,3505.94788988917,1,1
88,0.5,0.47487872314536,2.25733709355835,0.880645183248937,1.11977745637481,1.68972733200509,0.0493919160417685,0.0431880930776438,0.0650030700181386,0.132657113149246,0.217166740705853,3551.9146407853,1,1
89,0.5,0.48881243916617,2.28624190322617,0.80216055114391,1.0780067378124,1.76152209015618,0.0515775624999328,0.0428927424380066,0.064083369298752,0.135189970653262,0.226944223730841,3542.72709416223,1,1
90,0.5,0.540169616847535,2.33229323132338,0.761606666266589,1.10635570365526,2.00569385974268,0.0408266075494522,0.0433866967984293,0.0665490983419302,0.141408712273144,0.240253941527489,3562.12996900591,1,1
91,0.5,0.441147215366728,2.34159975696487,0.691075628515528,0.939866731229485,2.09407311076018,0.0510940033093255,0.0422655864410393,0.0655387828792877,0.134136349200592,0.215219044076273,3560.36277276308,1,1
92,0.5,0.553355429968836,2.25537153830105,0.874847681462752,1.06793425545071,1.98717523360706,0.0407576341097155,0.0428208095887314,0.0630090649564292,0.137922538666159,0.229329990503969,3545.11269700397,1,1
93,0.5,0.478270839153179,2.30724400794024,0.824376826791328,0.692780093940729,2.41939696538756,0.0520169505804827,0.0407649784901754,0.0617171996789938,0.135261319943734,0.235413085465163,3529.9275365974,1,1
94,0.5,0.515348582273247,2.34529468686863,0.760609179625457,1.04988512491565,2.08182693561962,0.0432614436038456,0.0442709794628085,0.0664358487633902,0.136478993332845,0.232655430987975,3574.67247983861,1,1
95,0.5,0.534618802813563,2.36161994906513,0.802444807711074,1.17633800799108,1.96109110314856,0.0425382223223297,0.0425343071059364,0.064059905965341,0.128342976462306,0.232563565104859,3583.90033405581,1,1
96,0.5,0.500200166061042,2.30105069008728,0.837647586464455,1.07243312591009,2.0870820471731,0.0466834262188128,0.0424225501684056,0.0636446156684868,0.129152381141797,0.223845468405413,3574.45774606394,1,1
97,0.5,0.476768916616415,2.25631010508841,0.81897386806732,0.956810824075802,1.93446185017611,0.0517436396232432,0.0421016959364453,0.0646743738754603,0.130587565487204,0.224503498835361,3503.09202064763,1,1
98,0.5,0.593392887041261,2.24940134698442,0.956161228760228,1.25818630849351,1.83976292972931,0.0343515494157018,0.0432796369652155,0.064109470024196,0.148156370888689,0.23244227222058,3567.91925516334,1,1
99,0.5,0.542122276988012,2.2840700009571,0.846601085101231,0.688313507717706,2.62335137931351,0.0432292062921241,0.0404677331513495,0.0609249647740967,0.13768957707986,0.246735891064331,3509.52034582456,1,1
100,0.5,0.513529359875221,2.27771704513384,0.806280439411999,0.725667241204855,2.32423205804612,0.0467249633490447,0.0416669590656069,0.0623957261920046,0.139576394611087,0.236003472720205,3523.47886115028,1,1
101,0.5,0.367831192315912,2.28782213535618,0.801379914385667,1.1535286603341,1.55634633024758,0.0629848954076043,0.0438539389242765,0.0673201324858333,0.125757270014535,0.208002846844836,3553.10587205113,1,1
102,0.5,0.518042931751095,2.29188477275609,0.796884340759194,1.11811060090267,1.93908740243992,0.044052869818472,0.0437560172891066,0.0668538551228772,0.138195792220704,0.229979065108357,3553.92741840529,1,1
103,0.5,0.470206513492378,2.29343593914079,0.837035799390561,1.08883778094451,1.94153985030244,0.0471269999457157,0.0443320885798749,0.0658549588963841,0.136248029651994,0.223488734863337,3583.29638439396,1,1
104,0.5,0.504063749381244,2.33926129971562,0.770317180393666,0.880365894524267,2.2431730349385,0.0453494681395527,0.0410386831790027,0.0616049561430775,0.140625273949713,0.241885663460011,3549.2848181145,1,1
105,0.5,0.47234585967286,2.27934334160904,0.850300498767897,1.07393125743944,2.05815922524831,0.0476754152151314,0.0455631077762055,0.0670212749760249,0.132974273597899,0.223861027679601,3577.61779079551,1,1
106,0.5,0.50531202969038,2.32188695436984,0.777632920039506,0.86156268194157,2.19419958329697,0.0469572393382724,0.0418698527751837,0.0640053151516684,0.133773423065762,0.230332297706554,3529.73894355726,1,1
107,0.5,0.4708373034209,2.28691454831789,0.809197966401641,0.735663338015983,2.19102819554764,0.0539753185380965,0.0404460319688377,0.0616057009888848,0.137994444539974,0.228358546432893,3515.5352310122,1,1
108,0.5,0.465610770403862,2.29646743688823,0.778896576033002,1.11560950430839,1.63891887674154,0.0532904888915745,0.0425695715770461,0.065956305562851,0.129142843854345,0.219298977659083,3528.64033691422,1,1
109,0.5,0.447382804016944,2.3053397322952,0.831306817579122,0.825603694060074,2.06107895983526,0.0562572118322421,0.0412748925275341,0.062337146742843,0.132317341802638,0.222558468036146,3553.06425066458,1,1
110,0.5,0.532165237362596,2.20927403930638,0.948050442164193,0.968811376642859,2.14504020632391,0.0441442653356731,0.0434642928718439,0.0649203818061622,0.133310678015628,0.237372239941305,3494.64679214174,1,1
111,0.5,0.520721949881069,2.2130037666723,0.890019946938006,0.924424172598437,1.93392695089918,0.046685728345508,0.0422961723727514,0.0640164354044993,0.136458597615334,0.225884434478016,3491.19921531475,1,1
112,0.5,0.463011340681209,2.33937119011323,0.769887516078883,0.90510101352808,2.10254904984755,0.0484753491413081,0.0431951976768686,0.0649802929325782,0.133304039512708,0.208073656309409,3592.21140850307,1,1
113,0.5,0.518394000062457,2.30004695525592,0.832180158332515,0.801104600437333,2.47991259435361,0.041717711443441,0.0426188676575115,0.0628451659623944,0.138824249415024,0.227417431946738,3572.68477555643,1,1
114,0.5,0.528950990165621,2.35146803396871,0.744169831422488,1.08925276240446,1.91710829437343,0.0427142900046354,0.0426921354831172,0.064332833854809,0.134750383376036,0.224194316018354,3565.95427510239,1,1
115,0.5,0.513045652881387,2.27951357266722,0.784147652030467,0.805041028008759,2.3170271487658,0.0446956265024924,0.04311886976824,0.0648929855963294,0.138232510117754,0.221200482552432,3530.65172591996,1,1
116,0.5,0.537876562315263,2.26835228966649,0.873521859491811,1.09248865767935,1.92433922057035,0.0429168122892593,0.0427398541865704,0.0637891915972973,0.137026612832459,0.224994826355349,3549.46660100775,1,1
117,0.5,0.522044644411678,2.34295876287222,0.728017291891112,1.13569581093806,1.83094469231224,0.0442698331287998,0.04419931035643,0.0645865802682885,0.134016934855742,0.226157411392959,3567.47277896306,1,1
118,0.5,0.539049554053738,2.35598286616754,0.719396782552629,0.815807914695582,2.3875307666362,0.0422813177205121,0.0418490706890291,0.0619638168838304,0.141951517861814,0.234979414513505,3557.3658426596,1,1
119,0.5,0.50807353978866,2.30067559500858,0.835129623965281,1.00167359573093,2.18204577174963,0.0447035325992846,0.0441184529736817,0.0652993094489932,0.133404671937614,0.223128597267836,3584.8999552636,1,1
120,0.5,0.492936997628426,2.24115946299381,0.858961007966625,0.804181755773628,2.12194141706093,0.0514084317891662,0.0415812039767462,0.0627536727406581,0.138265343310836,0.233591242357539,3503.57185151259,1,1
121,0.5,0.537885241062951,2.30930266423481,0.770881166091647,0.902274157133421,2.10754205162119,0.0422231355187647,0.0428085588932109,0.0638836329109617,0.144927074794787,0.235855844495012,3539.94713042673,1,1
122,0.5,0.395817718016834,2.2545089190874,0.87098265883465,1.02580930704297,1.79220685914205,0.062662943295999,0.0445266717722347,0.0669171515358911,0.124547657312788,0.222307180749727,3537.67220256013,1,1
123,0.5,0.496523077784548,2.21763492776109,0.9414672095512,1.07572756008929,1.85260592147777,0.0450670111402802,0.0445043266818552,0.0662193314442538,0.13947463271892,0.220742426024459,3550.51195153629,1,1
124,0.5,0.497443270359609,2.29534275848217,0.777448670516777,1.04648539445739,1.98957705447087,0.0439190078602668,0.0431213023201663,0.0661022030720191,0.136483046438699,0.219889977107768,3545.45039730407,1,1
125,0.5,0.515322400730036,2.32819416202955,0.809105683123511,1.22099075828374,1.75521966083389,0.0446217297182971,0.0430434695365571,0.0644551419980863,0.130722486150431,0.227355998928561,3574.67728313972,1,1
126,0.5,0.494279360017577,2.29695196015655,0.795861144533762,0.901669792770584,2.11881269549467,0.0472140458259809,0.0416721849973422,0.0634603231589102,0.134748127744083,0.223144708557182,3542.26605786439,1,1
127,0.5,0.477623908902208,2.31217521916932,0.767986089011227,0.991402971261091,1.89001786939748,0.0517252600986091,0.042196639897488,0.0643869169298976,0.128160591369234,0.219474345712211,3531.49035209812,1,1
128,0.5,0.543403072953057,2.27094066951978,0.826686720820998,0.846323475976524,2.26519953632581,0.0431912306436616,0.0411276846761154,0.0610020259497266,0.133180679305696,0.239516203503976,3488.58412906493,1,1
129,0.5,0.548829383847629,2.29686400985157,0.841726626592812,0.943643388670812,2.35911682934716,0.0403508462778213,0.0418540509921359,0.0632500868573019,0.133276919759905,0.248871558222888,3518.57657627243,2,1
130,0.5,0.476479498022661,2.31352025762631,0.809795129254839,0.998722628588912,2.0164484834192,0.04764314337951,0.0423557743355465,0.0630505350147047,0.128607983007066,0.220716165550709,3557.71354374467,1,1
131,0.5,0.61392315476135,2.23740981796058,0.80791644904799,0.959702204348553,2.13631979203325,0.0366481942689407,0.0421861113243033,0.0629548435783311,0.146587189817411,0.259524248001731,3448.75823857721,1,1
132,0.5,0.533602686415783,2.30427860776713,0.769529670958203,1.05112302316142,1.85896243706224,0.0444834002736454,0.0417230326920218,0.0620222331722276,0.134916101438648,0.222619166248366,3536.12965551862,1,1
133,0.5,0.458474041938817,2.36011146305159,0.690259084799058,0.993109462078802,1.77737281663355,0.0539807738193653,0.04074865771615,0.0630024859760728,0.131177362258086,0.210499185499195,3548.27345319376,1,1
134,0.5,0.492909864659339,2.26642941493823,0.832555104797709,1.03536144208183,1.75135498469998,0.0529728887468229,0.0425234282523129,0.0649030432944303,0.133907020960435,0.243498907546884,3503.3776843895,1,1
135,0.5,0.492700039160097,2.32574018515426,0.794417770389598,1.05828443149574,2.02258831323443,0.0451958692162788,0.0437091283697587,0.0668904621290654,0.135843295005178,0.215652876980351,3594.51986618577,1,1
136,0.5,0.486490319273109,2.33581097077557,0.76408562401143,0.819279622435926,2.38873337039588,0.0456400621391964,0.0427255406513678,0.0652140464622734,0.137608796079334,0.224444805237858,3569.55538083139,1,1
137,0.5,0.476839401543267,2.29475677471321,0.837007629638239,0.975865139732923,1.91231530925331,0.0535741232532155,0.0421150732612059,0.0637565403201987,0.130971976024562,0.231798269147483,3536.7994323995,1,1
138,0.5,0.504049488684999,2.33669367813488,0.691404496225782,0.948794929155511,1.86848561286131,0.0491211426693977,0.0411905292882664,0.0629885952663412,0.136167318382533,0.224576331929654,3520.83174478118,1,1
139,0.5,0.530602605173363,2.35009794938943,0.748930455929161,1.14240231836203,1.82015064989992,0.0417119685208835,0.0425602654728271,0.0649027176210917,0.135633614903296,0.228130496979292,3555.63723584761,1,1
140,0.5,0.522002551808437,2.35383270241342,0.70087837488273,0.987318588194695,2.16632238558228,0.0417801961596888,0.0446508935968096,0.0653194463334155,0.133688052469231,0.22045701558213,3569.83802229603,1,1
141,0.5,0.553674609856641,2.34683807133912,0.795038720865917,1.01655291081439,2.28227775705588,0.0372360466849255,0.0432905063912321,0.0632780169245802,0.139944541910004,0.229742055597177,3610.16383928937,1,1
142,0.5,0.492867785225719,2.28788602536936,0.878905211647833,1.17355607427466,1.74226629582866,0.0471093492844154,0.0447093688926413,0.0676429516369174,0.134077396624618,0.21333557845651,3593.31335177595,1,1
143,0.5,0.530884575399348,2.30478771331596,0.779082798558366,1.01221469517179,1.62628398435527,0.0505271368982646,0.0399985577152547,0.061312139790938,0.133507234365689,0.246397978022478,3486.70170094152,1,1
144,0.5,0.566092975639393,2.32431302829247,0.864325053139008,1.01030083965428,2.26297587792831,0.0383094896645845,0.0410364472095739,0.0619113004203622,0.135583285017286,0.241780924248452,3565.52246813479,1,1
145,0.5,0.451640775909328,2.28392812909377,0.79904263587687,1.06002622659955,1.89468529436052,0.0522651481516207,0.0446769707161596,0.0654659082311402,0.129916747329111,0.225988747103166,3541.24680197535,1,1
146,0.5,0.522437034045778,2.27300245351499,0.87993434344933,1.15746644923649,1.75781451062559,0.044536527842018,0.0436068358930842,0.0646845529348041,0.131564039388236,0.2339253367062,3543.63028900743,1,1
147,0.5,0.532794050717531,2.27836489087781,0.818159938592273,1.03091059542731,2.08684482109822,0.0412933738331647,0.0441383344104284,0.0648540971753945,0.137341618293905,0.225167254600713,3553.76585103482,1,1
148,0.5,0.489757277176553,2.30914431665002,0.821820520872166,0.977462548502589,2.06401147094557,0.0470976993002395,0.0427702483228483,0.0641626608975955,0.131729472696638,0.226547191502615,3553.98161571891,1,1
149,0.5,0.464109177157577,2.35440355265155,0.754197550996953,0.862573497174416,2.3791389467901,0.0460297492749849,0.0440633211076311,0.0658285983346636,0.135685998547964,0.232921035859649,3573.00349931282,1,1
150,0.5,0.432819108599099,2.35634003842721,0.681016922436319,1.13040974407632,1.51645506409506,0.0605562580720858,0.0423860789954565,0.0650958129183808,0.125590050409594,0.212693561981288,3541.62141420698,1,1
151,0.5,0.494743370530207,2.32419622151681,0.751995422141889,1.16630219291477,1.64779916810047,0.0491377415890652,0.0444073962020661,0.0668666834879651,0.132197823841322,0.218796344357939,3555.02501886895,1,1
152,0.5,0.515433666930125,2.32972392186864,0.820018194311875,1.22709260746508,1.73913609318499,0.0450326715658763,0.0439197815497183,0.0662270962259722,0.129451426637727,0.219848340161654,3587.36324565496,1,1
153,0.5,0.517392106049885,2.25554483270555,0.841800638314066,0.955221670243124,1.91970970240796,0.0472515090530912,0.0410559343463447,0.0628840551285426,0.137173611034029,0.236027860052737,3494.97092463764,1,1
154,0.5,0.498596875491732,2.27040143254696,0.824376533644731,0.904896331795654,2.10409400551078,0.0466420027474306,0.0429580159413149,0.0634794014674428,0.140097079446978,0.224759129654849,3551.01305641059,1,1
155,0.5,0.540333368066097,2.23657515611221,0.895212632491196,0.99293216525566,1.91516647620435,0.0442300310116406,0.0421785094783326,0.063410454645867,0.14055724575481,0.23261200430582,3512.76841974636,1,1
156,0.5,0.417256912112225,2.33856485500175,0.776941505819251,1.16316007943625,1.61753577261749,0.058499627503322,0.0428158983423806,0.0647410852871918,0.12524607058981,0.207663245721656,3588.35495141905,1,1
157,0.5,0.508018063962604,2.25693161417694,0.904624704570876,0.97143372831656,2.05541290985369,0.0442731797175444,0.0431560286008692,0.0642317640320205,0.135737628179335,0.225219273928029,3548.37581335699,1,1
158,0.5,0.565276117885284,2.31598300657101,0.764077428569616,0.763431735989941,2.30638974297998,0.0430695680727385,0.0399780979469816,0.0603111658619062,0.139112388781585,0.24998979937646,3498.57715789033,1,1
159,0.5,0.474789664804147,2.24741144444978,0.936164958026451,1.11777943366779,1.89777333661358,0.0497032061024597,0.0444161049681064,0.0647086902616511,0.130205040135512,0.220531441614795,3575.43171220793,1,1
160,0.5,0.490552261405281,2.26512334591403,0.847122428603853,0.872353421086139,2.22056032358174,0.0456934656096182,0.0450108682534896,0.0665111609635272,0.141533318971017,0.230408416879633,3559.60765848648,1,1
161,0.5,0.523407402331538,2.30524429984186,0.795208497167216,0.977371806326425,1.86362381093363,0.0478843892715807,0.041727018400905,0.0628234667057275,0.130678233630574,0.226344458858866,3517.73734750613,1,1
162,0.5,0.42817914534124,2.32754530913122,0.781121555674441,1.04529919332565,1.94215176933928,0.0545193622672784,0.0431916013736909,0.0669239343404824,0.123345266626725,0.21613574031203,3562.14021199061,1,1
163,0.5,0.505751434899189,2.27384146585766,0.842733022615578,1.15568818694033,1.7437450012866,0.0473420588107945,0.0431916053438805,0.064686156603405,0.131558852607868,0.220235911614781,3546.76052526837,1,1
164,0.5,0.524415502546947,2.31365457555809,0.76037314268511,1.17338329260526,1.54714554395584,0.0467610181807044,0.0427048416954449,0.0646535112188863,0.137315604459143,0.232557692174202,3526.50066529186,1,1
165,0.5,0.480846795590339,2.31669416527914,0.787581142674824,1.16482377982306,1.63886765916216,0.0486599750468679,0.0432175971129589,0.0645127010164261,0.13372182235499,0.215894860477891,3574.66023873136,1,1
166,0.5,0.54063969205021,2.20495820998843,0.873026349586171,0.851453205961368,2.01492651065209,0.0461147022264804,0.0406956752361422,0.0611850766406877,0.141080155701328,0.243480946986465,3461.98053988336,1,1
167,0.5,0.566982330746086,2.2892172047947,0.755876970701833,0.93742586470754,2.10197477655507,0.0396712465330852,0.0431933578112651,0.0652023241353248,0.143712994395149,0.246919593148378,3499.35129531907,1,1
168,0.5,0.454114840939722,2.33454497339941,0.713694411073259,1.02673209890951,1.93431804564801,0.0503956998277355,0.043661992896651,0.0664387862521493,0.135072739713852,0.219239980068071,3568.77417783371,1,1
169,0.5,0.514555481096312,2.27695393719923,0.885663927194129,1.07364481076027,2.1375334917701,0.0434948570905312,0.0446467711463407,0.0656662067898202,0.134870419088782,0.251216670972725,3553.29923339455,1,1
170,0.5,0.487181879435909,2.39069624716413,0.736820822591047,0.910895034988489,2.34506441093956,0.0470813524853659,0.0420988030807996,0.0631056705991032,0.12966539193961,0.223334450925978,3598.82590026189,1,1
171,0.5,0.471983305675368,2.36597759580108,0.746501200033104,0.863987101528228,2.31555743763411,0.0476725752145403,0.0421507216584116,0.0645654894246595,0.135367953450171,0.233345007415079,3577.88292380672,1,1
172,0.5,0.478038294146774,2.21721406025218,0.895038559767689,1.03259993334233,1.77703935105165,0.0517570647305318,0.0427954627612623,0.0654496049112389,0.128668482962205,0.210670448797808,3510.17411236578,1,1
173,0.5,0.427277134826993,2.31577772341347,0.753318640435008,1.03022739488408,1.89579998550935,0.0575626662880493,0.0441747566100584,0.066670670541021,0.129594421143461,0.220491693799885,3564.22311806741,1,1
174,0.5,0.537837263729951,2.30852317770493,0.788412719443925,0.95843604939268,2.14373513983731,0.0428979369557389,0.0421832052721705,0.0627160404773675,0.131423753870697,0.227939754642212,3532.11417422755,1,1
175,0.5,0.555816375307974,2.34839159266255,0.683851285308195,0.691790370676544,2.58623332361069,0.0407956155323004,0.0400276751961901,0.0614117247313011,0.138594744896346,0.246154856813312,3492.39344904129,1,1
176,0.5,0.50067046564672,2.36568287190414,0.730267241934081,1.09183531592011,1.84176454288049,0.0487525378515781,0.0428613850293044,0.0644094875580957,0.130222952725993,0.223872684461913,3570.41112004777,1,1
177,0.5,0.464752638165772,2.27601816493842,0.795117187230318,1.00226471855961,1.89727796540241,0.052053137403394,0.0431089113700635,0.0649679840760128,0.131159826405324,0.222668782108924,3536.89207422986,1,1
178,0.5,0.403338673247176,2.32750745375427,0.776634990157502,1.17969089549001,1.64547308851026,0.0587983270428099,0.043015945494202,0.0651752718167181,0.121879817772131,0.205363265631341,3575.1506317852,1,1
179,0.5,0.430822631435147,2.34428567738743,0.759070882614643,0.992790898366579,2.01767786547873,0.0524083146709433,0.0428299269281294,0.0638338990939692,0.135081170070579,0.213238726481566,3609.81147569171,1,1
180,0.5,0.525613074914434,2.25038981232067,0.839227275436436,0.803250973543342,2.16147759747096,0.0456140526055189,0.0410843204766788,0.0616983744656916,0.140015363056524,0.23367007953456,3501.13478492576,1,1
181,0.5,0.581676001948597,2.36631948962592,0.722317063587982,1.10622976040962,2.07407158470643,0.0353513830307914,0.042689650059109,0.0661641954411847,0.147594449119177,0.230723118243834,3573.47472784804,1,1
182,0.5,0.547285414346277,2.40494191322886,0.673752832600886,1.20016497647655,1.75645062886218,0.0418269932470911,0.0412534319953464,0.0626424242260413,0.135774125236346,0.221604002549475,3579.61410337707,1,1
183,0.5,0.547284468765549,2.36930136701685,0.695606324459992,0.913528429646517,2.25764123678156,0.040870369579148,0.0421485400060733,0.0650527116102623,0.14090351068597,0.241682849141836,3539.81057044305,1,1
184,0.5,0.544287910434217,2.34776538135516,0.670885908205255,0.875810805435608,2.06285763552882,0.0429981754825483,0.0407254107822646,0.061669242597026,0.145621551547478,0.233894709716211,3529.90165871678,1,1
185,0.5,0.543810175581651,2.22383248848795,0.873230093768429,0.88442155671131,2.28499624278235,0.0410751483264497,0.0434174215579383,0.0642789924771948,0.143409547174126,0.246525623591245,3498.64310084024,1,1
186,0.5,0.485690097104024,2.38895357253132,0.696789118327159,0.852030480272301,2.42089097784257,0.0455456614522977,0.0428917148050643,0.0651489636370116,0.130574871766097,0.221916771145093,3575.63103218011,1,1
187,0.5,0.578088880263817,2.26988524464538,0.823592948056665,0.874308274446928,2.25175284509349,0.0383235834359867,0.0419138283244832,0.0620187712817586,0.140226653210485,0.23749348937209,3503.77463416403,1,1
188,0.5,0.509849883845577,2.36711825484707,0.739618459579081,1.18924709687808,1.7709337686115,0.0471844453886731,0.0422268695680425,0.0636476186364162,0.126916673584492,0.224506542888669,3566.63197022681,1,1
189,0.5,0.517625666358302,2.23698714378684,0.88714985401732,0.950854835420753,2.09603819236239,0.0438350769160652,0.0436135969890181,0.0642371758087922,0.138923958370934,0.229483999643979,3535.54622923058,1,1
190,0.5,0.434396678858529,2.32621342414752,0.789767188127446,1.06732290624379,1.88253394456015,0.0527866530287029,0.0437618260648214,0.0654285550780101,0.133017951476707,0.207000170461747,3607.53272950261,1,1
191,0.5,0.493070347478717,2.3160501786798,0.754162027932593,0.989897412584963,1.98904942057412,0.0466641752280462,0.0418796048660908,0.065133180858716,0.1399512616053,0.23168336502114,3538.97480620897,1,1
192,0.5,0.518397315074818,2.24815901431536,0.84827430764427,0.804394656509842,2.16622509724296,0.047441355083182,0.0427360800970969,0.063650973250517,0.143958788505666,0.240168812267711,3519.12199596682,1,1
193,0.5,0.423249780732382,2.35521718299314,0.789273314330485,0.9715775405945,2.13498953264588,0.0530325378023127,0.04375449128364,0.0669810505733988,0.128705573007894,0.219562011652126,3599.2807100259,1,1
194,0.5,0.471055716285342,2.33579595073834,0.731940652136,0.794185327908793,2.21005176793559,0.0516100868981552,0.0407876767606288,0.0640873139493956,0.135515608660698,0.224947895458634,3533.33350942059,1,1
195,0.5,0.546805331183143,2.29400185373345,0.747654908619614,0.795436804067057,2.46789095068621,0.0419715014183807,0.041471973158777,0.0631064396369687,0.138567729205863,0.247808049199127,3489.15884471607,1,1
196,0.5,0.515975140308177,2.31566157664374,0.739438810578915,1.01659326181649,1.81853914366477,0.0467200018000933,0.0415266442368605,0.0621879352794639,0.132268622426292,0.216254968248622,3526.21896581965,1,1
197,0.5,0.510964559990761,2.29476332850982,0.806423678942123,0.874921687583139,2.11013063316035,0.0480058273248046,0.0405604032774125,0.0609173209054109,0.135662449370841,0.236200289316319,3515.00758335538,1,1
198,0.5,0.4716669280373,2.26904073190529,0.777900963968156,0.948731665767142,1.70687041603646,0.0541339178641372,0.0409432323852713,0.0624822561337625,0.134682129236384,0.227017732795688,3481.40616214069,1,1
199,0.5,0.511759972316274,2.36136389689987,0.692666989746566,0.992884642042027,2.25507077439099,0.0428037905381342,0.0427363643985454,0.0655254303476486,0.13341155131209,0.228047518780678,3557.47461273477,1,1
200,0.5,0.52227595561043,2.24162837474056,0.929783749993612,0.890569186310231,2.36726439361646,0.0430206494627307,0.0437990012734789,0.0666343361055709,0.132915272055755,0.239603915844268,3525.63366357314,1,1
201,0.5,0.511770819149148,2.26187660195623,0.846234475607072,1.15974452184169,1.72360790419844,0.0463254398059078,0.0431146590677815,0.064145474087091,0.136236286420863,0.225597001759577,3541.48045008918,1,1
202,0.5,0.475148838189778,2.23105613621393,0.867317929514804,0.766693345834706,2.31533298537638,0.0490997920747422,0.0418537262298365,0.0621443605159602,0.135541164081274,0.225807394906808,3510.78269186728,1,1
203,0.5,0.528581817766715,2.25644189137622,0.789542992003779,0.74641094993916,2.29839474675281,0.0460117475190947,0.04214682967555,0.0631133103417949,0.140139236561462,0.241968568804906,3479.39493196665,1,1
204,0.5,0.444414033470603,2.24535112819106,0.85060840883002,0.897547439586819,1.99818385545001,0.0535987020019228,0.0437450441023975,0.0665995596247849,0.133198288902173,0.216482595699861,3527.6857457764,1,1
205,0.5,0.530969745321728,2.38764146334706,0.685109143055424,1.07910775052263,1.89792824173452,0.043392232190041,0.0418637393410868,0.0633454388321234,0.134680447268,0.221523089621683,3565.3902950754,1,1
206,0.5,0.502289226252689,2.33081496234887,0.751396698517091,1.25540865946986,1.61444646462428,0.0457748926642824,0.0432278811690905,0.0658444190802353,0.137835464948335,0.21650136456204,3573.1229728302,1,1
207,0.5,0.543368281955066,2.28341808113776,0.826222932748228,1.12881241062357,1.90858826996258,0.0417226958063206,0.0427038028646124,0.0635408480739632,0.128856641551646,0.221980424185854,3529.63627974351,1,1
208,0.5,0.546631265742982,2.34764730084093,0.789103213861947,1.07940858494091,2.06396564303987,0.0407457707115175,0.0424230434817553,0.0632512474365058,0.134511593966078,0.228936065825386,3582.06375024938,1,1
209,0.5,0.471908642042593,2.35270464150406,0.670031332750708,0.990370238010137,1.77251866873785,0.0548208507398092,0.0406589389349023,0.0630067751308654,0.135451705079832,0.228134322646064,3531.7051762791,1,1
210,0.5,0.485476125469161,2.42865732072056,0.660458512844625,1.33493089723373,1.46623072846579,0.049326089102299,0.0432729789006851,0.0656400302739647,0.130274467532552,0.206432308987009,3628.74237561289,1,1
211,0.5,0.460404625298068,2.3255450539261,0.775023749906898,1.16180749917175,1.57361310420695,0.0540520485462658,0.0424723617539385,0.0651712919325772,0.131327789840693,0.215744049059342,3558.13022599311,1,1
212,0.5,0.539389499941343,2.36942300805035,0.68252840051006,1.1642354179732,1.95541529331871,0.0414824060413952,0.043326314524835,0.0650987218347014,0.136751586747514,0.235642809296063,3564.45924924784,1,1
213,0.5,0.552048521171239,2.30505219015812,0.78010627380564,1.09823348010009,1.75897876229061,0.0435825996633291,0.0418494133904849,0.0621867057079989,0.135547400327659,0.229753389852935,3526.58699555128,1,1
214,0.5,0.390606507056466,2.24220750826246,0.869605291720932,1.00980374420599,1.73695420500738,0.061756054746385,0.0447629259827872,0.0689534582752313,0.133066070743694,0.216973465449564,3542.83698582788,1,1
215,0.5,0.428131009341632,2.33570629099217,0.731488150668522,1.05648649133766,1.7628519556737,0.0586116616374835,0.042251787818072,0.0650396205035395,0.123816660701345,0.210064479924962,3546.84972954876,1,1
216,0.5,0.504731340010319,2.23933176850395,0.906410144882715,0.947774299056274,2.15796852917854,0.0454998969405789,0.04267799080548,0.0632500720110509,0.137014973555646,0.223713833019728,3552.02599276186,1,1
217,0.5,0.600860313219948,2.28393455432267,0.813277985722459,0.964179746561116,2.30633304606647,0.0348024179478905,0.0430562449421104,0.0641499963704495,0.142901257145922,0.240776605139754,3509.57741407709,1,1
218,0.5,0.501307571631805,2.33388454905815,0.784927273211521,0.914377635354902,2.28875469244946,0.0448281557825349,0.0422299273399285,0.064512530135167,0.136181728671315,0.237346659215669,3558.13720835445,1,1
219,0.5,0.485260880558607,2.35590377547954,0.781488486683806,1.17710668468828,1.80292014667046,0.0506549824068632,0.0423748233759632,0.0657292444743993,0.12524897704221,0.215311987228306,3584.26241918345,1,1
220,0.5,0.538443614974235,2.22047419849159,0.957284484416893,0.983738206403316,2.16039970961099,0.0409839296055632,0.0460986577851329,0.0672734770017805,0.14031526906367,0.229569383693827,3575.08744649679,1,1
221,0.5,0.519439858509062,2.34936774985212,0.748815177708854,0.919832680491902,2.31695564028163,0.0439483238718295,0.0420331091198581,0.0648759760863228,0.133244619165608,0.233026682382538,3551.24923321145,1,1
222,0.5,0.450033596071106,2.32572394142407,0.833697331113573,1.05056084555635,1.93374505618206,0.0540420361679614,0.0433313896315818,0.0662899802262978,0.123645151790191,0.223065599526513,3570.40527268862,1,1
223,0.5,0.467507525014368,2.25706422309444,0.861555310892688,1.12042373950496,1.54156164045963,0.0546521176497227,0.0434406788158665,0.0648668715223049,0.131020023562205,0.222886872598472,3530.48378229372,1,1
224,0.5,0.544702855435664,2.21872009258863,0.951311223947776,0.971395453086033,2.20510764093905,0.042833681377155,0.0431480544546838,0.0641902958381166,0.138444156229872,0.251292612121408,3518.72674417074,1,1
225,0.5,0.584904088082171,2.28529061954005,0.906601663843144,1.06049575819302,2.04206337947129,0.0376404873712344,0.0414556260860716,0.062168080661094,0.140118312775288,0.236184946548499,3551.56129696708,1,1
226,0.5,0.476288698878841,2.26238617942143,0.882135925987038,0.867230316609885,2.34252405507135,0.0498688569666905,0.0439380724473633,0.0653554680455897,0.131927131037419,0.241674974290859,3535.90413836697,1,1
227,0.5,0.478575558337452,2.27073372801961,0.805633549869541,0.789741350719982,2.17966213580183,0.0496896602699536,0.0406232245593701,0.0630950770857492,0.136866654222647,0.224943349820227,3504.07660384262,1,1
228,0.5,0.476643311130195,2.2495684700319,0.871102837122449,0.830671065747466,1.92367173761248,0.0552764884163209,0.0410114292155124,0.0622000452345881,0.134099941096551,0.231211416699623,3495.51232319007,1,1
229,0.5,0.523009188844109,2.27802677963338,0.836059974653279,0.652641090078289,2.40746851453286,0.0463381161615534,0.039923221836596,0.0616709451530701,0.143265799418828,0.227350160847159,3523.33726325615,1,1
230,0.5,0.498156657923113,2.28967086446558,0.846545811459743,1.03986815861078,2.01392202841661,0.0457917747280284,0.0438470074686941,0.0680694370440814,0.130474057049833,0.228689117618431,3545.96789414573,1,1
231,0.5,0.436835331453609,2.30227065102997,0.845542445084909,0.715367135536356,2.36056079525352,0.0578021277788405,0.0405987848684878,0.0612980771084879,0.126907015923298,0.226228035962311,3526.4166329093,1,1
232,0.5,0.472128292188686,2.28232808976241,0.811418489867215,0.871866766953752,2.09556303979225,0.0505238525023663,0.043127318160406,0.0643646985194904,0.139200182895414,0.226141604610656,3553.03451781608,1,1
233,0.5,0.451448109624851,2.26234029904602,0.837829893326474,0.970981753331985,1.99983386753708,0.0514440507639721,0.0447390890679283,0.0673289084445189,0.133326443628926,0.210061344166593,3569.2724979859,1,1
234,0.5,0.517428196418897,2.3062421114576,0.796410427003955,0.804726352162816,2.45601662939664,0.0431389730895721,0.0421803985834879,0.0648226099700444,0.13856234990339,0.23215298099798,3547.19397329041,1,1
235,0.5,0.460817567976856,2.30868485671314,0.853532621878456,1.00321170236285,1.89355820592639,0.0517197263176172,0.0421163914836836,0.0640209107498173,0.136712333754003,0.21622650768176,3591.13760698878,1,1
236,0.5,0.502823752803826,2.35630490109429,0.728512428782676,0.977173320359634,1.94932373695469,0.0501905492712411,0.0425994073231735,0.0640893432550363,0.133789430248402,0.24125447948271,3547.06011056154,1,1
237,0.5,0.506303869206392,2.29063842022821,0.809917576077798,0.96436345782128,1.95455487155288,0.0467044960246552,0.0416171270226576,0.0626463432188531,0.138794534480764,0.215591912894671,3550.14389653188,1,1
238,0.5,0.452649610673471,2.29515717715035,0.827838031938158,0.854188259464866,2.13709861538655,0.0526942530322065,0.0421068847542713,0.0639929366237972,0.127712517729406,0.220311480450495,3532.30640162379,1,1
239,0.5,0.514576716123312,2.34053598709446,0.7148510610531,1.0427328338117,1.80002786208572,0.0472007280177007,0.0423766672112837,0.0647086339672921,0.138500613417316,0.230431337094921,3535.68701433013,1,1
240,0.5,0.449101549387599,2.24871205516895,0.872730295478857,0.932078172492573,1.82283026154425,0.0580233470032346,0.0413780541017754,0.0638804022179145,0.130256796210316,0.225284865781771,3501.48420903909,1,1
241,0.5,0.321412099781784,2.28000945753749,0.827120142103518,0.859485847172094,1.99394553403138,0.0737931588359313,0.0439128084708739,0.0673625871745815,0.125147255120858,0.224803827972381,3525.87462515484,1,1
242,0.5,0.554039387277752,2.28249464092141,0.759886550726408,0.791637599033598,2.10129129134468,0.0427404976034283,0.042317501620586,0.0633604461548798,0.143386760136278,0.241752804980421,3481.79736372095,1,1
243,0.5,0.438128649450725,2.31577721055125,0.690676601710514,1.03453446454024,1.76239290880828,0.0585447440500011,0.0425760617215276,0.065868356016987,0.124870499232288,0.224298923544766,3500.85847018055,1,1
244,0.5,0.470424833487993,2.29101367003334,0.84354185095275,0.742920617370271,2.26030561166804,0.0542596092668449,0.0412047817604225,0.0620988458941879,0.134313730501254,0.232602127016243,3527.7704804866,1,1
245,0.5,0.484254346834966,2.26471150425395,0.864614857849378,0.931236816298612,1.99429176284368,0.0483915420332406,0.0427922372163372,0.0646827520419379,0.135116076285466,0.219229158795112,3540.10399574878,1,1
246,0.5,0.516483924011311,2.35990717026632,0.748071239724692,1.21768124192077,1.81733856208245,0.0422251216779588,0.0432925151655635,0.0650800942844033,0.139608820374683,0.225816233426575,3598.06769169001,1,1
247,0.5,0.489480717548599,2.30468090393947,0.845310283651361,1.04383083701196,1.947097518311,0.0474232819994288,0.043195945096902,0.0656253775379763,0.13346749425251,0.224995048366718,3566.31625594874,1,1
248,0.5,0.538525511789304,2.32394396551606,0.80973476321699,1.05215638490646,2.06315149916423,0.0421078996624251,0.042324873194577,0.0635670025192048,0.132569509479082,0.231622406196988,3542.66551474241,1,1
249,0.5,0.511465316261461,2.3444953534884,0.781859871267023,0.920650511679,2.28967956327962,0.0455143529053101,0.0419373810686512,0.062747899322079,0.138075929205985,0.230726186946408,3584.63651034424,1,1
250,0.5,0.519064747010627,2.30441297961112,0.821787218260061,0.958596034181838,2.11683120529642,0.0450136566825381,0.0425210715065405,0.064138043857614,0.134651376761373,0.224739525113577,3555.32293812255,1,1
251,0.5,0.533075835409474,2.28014509722445,0.831156074209784,1.01244056220923,1.99566168563374,0.0425206894867454,0.0431733966235999,0.0655464423581726,0.141380476117248,0.224815127167535,3556.15473928571,1,1
252,0.5,0.531973015076547,2.32262752916244,0.838036408880476,1.10692390756102,1.93525362811381,0.0429611309065946,0.0433448620223883,0.0641890585512081,0.138899137176357,0.230221618293556,3595.18525769816,1,1
253,0.5,0.417089226883138,2.32838850360618,0.715441348004043,1.03900336506237,1.82171555060701,0.0586744930035361,0.041931780002771,0.0649892857625303,0.131937726670143,0.223871936175054,3548.07700197906,1,1
254,0.5,0.516512112696364,2.21028526516462,0.994612961919999,1.04108252931493,2.15131999157312,0.0436821657302441,0.044621237521918,0.0641951037040142,0.130928201830009,0.234654901470839,3550.61376107011,1,1
255,0.5,0.491218063140703,2.42219478120127,0.65735859005602,0.902852780017994,2.20879420605548,0.0478551619014085,0.0415610813205443,0.0621813702861709,0.131108389624256,0.229104038509876,3575.26285664784,1,1
256,0.5,0.54460366010879,2.29495459740286,0.840497772943523,0.835016638487289,2.30000663454056,0.0421613936422362,0.0423414618477037,0.0637425743323545,0.143064681957122,0.239601379118066,3537.17887173486,1,1
257,0.5,0.543507867718797,2.32787737033903,0.72978154542242,1.03089497150447,1.97286661273656,0.0432721306711548,0.0427069206023991,0.0641550357517512,0.136055759047853,0.242097308308999,3524.81804778083,1,1
258,0.5,0.456237542414109,2.27553900312486,0.816400908544216,0.81360290264155,2.20525591478958,0.0536231675362143,0.0429131295442859,0.0659324857414517,0.131096441876351,0.236499082089521,3506.13258164832,1,1
259,0.5,0.463427070852254,2.30974105571555,0.772787245495726,1.01309371231622,1.89267125488942,0.0545420657956621,0.0429945156562209,0.0649571529352452,0.1242459199313,0.227887361161535,3515.40526446227,1,1
260,0.5,0.428663124264709,2.33056353996358,0.813011623107904,1.06820427636736,2.01500567478278,0.0517386309197562,0.0441379701630564,0.0653439209824878,0.126353699102947,0.21727284539526,3606.19302621708,1,1
261,0.5,0.541239685123774,2.29130166590028,0.855631494925471,1.09411251271787,2.08259898562356,0.0420134889214888,0.0438689093881517,0.0654611135187131,0.133734637399846,0.243030317718755,3547.47099137255,1,1
262,0.5,0.499063466341377,2.31645627677248,0.818027250056454,1.11431971954035,1.87488845584696,0.0461206681524682,0.04283412537103,0.0624210486811268,0.137192822486967,0.222387760383172,3598.99154167657,1,1
263,0.5,0.522488028982369,2.32982487036761,0.795879872533289,0.857335533895775,2.6426372778147,0.0406192098447073,0.0437085962579567,0.0678444855202301,0.137424646565756,0.246403966301266,3564.34338903816,1,1
264,0.5,0.623566642060279,2.26816242603373,0.817899733448754,0.985209690376449,2.10892958509663,0.0358221643704192,0.0415676830426721,0.0624683235342361,0.145378315468634,0.267101365393612,3466.50597816762,1,1
265,0.5,0.531065112446904,2.28565213952506,0.82108932903802,1.08856469289349,1.83592639713454,0.0443396772176213,0.0414698348907981,0.0628469004192757,0.136640060131878,0.227142720344141,3525.22316867955,1,1
266,0.5,0.48520040992573,2.32839322052292,0.767990088409488,1.07936511191474,1.95145622988473,0.0463446026398854,0.0425649404283891,0.0636016569686973,0.130623736122917,0.225920499284219,3553.65615720143,1,1
267,0.5,0.397932797948841,2.34760467925614,0.752730222703819,0.965876746965847,1.81385395227825,0.06302992019934,0.0423554734708044,0.0644962941382049,0.128173654222921,0.208780438441376,3578.81546816256,1,1
268,0.5,0.500093430719429,2.36490772760168,0.701606043056078,1.20997168559098,1.56075430855514,0.0461394294681683,0.0425353039728189,0.065487854120753,0.141043218056187,0.215741057588281,3582.58732714552,1,1
269,0.5,0.501754214396282,2.28732560591558,0.848359711017534,1.14736603327784,1.70732341192337,0.0481959987503493,0.0439962473386467,0.0674478667391551,0.13632460581047,0.219423605974296,3561.27783268311,1,1
270,0.5,0.534261574632772,2.32119863523513,0.752069159144432,0.745200887335948,2.54627455575173,0.0449003355799239,0.0407740568405705,0.0617759078202873,0.138547987501049,0.255791775973071,3504.20813210597,1,1
271,0.5,0.500959473961999,2.27625519268782,0.8316137287255,0.957087234140095,2.12431162277632,0.0460642558766888,0.0444586928759052,0.0662332277777122,0.137224491318138,0.231049932260652,3549.05408026781,1,1
272,0.5,0.553303471897747,2.27039658649935,0.869638189045068,1.14011486565295,1.78434358064617,0.0407283791703836,0.042528990869368,0.0640400663828731,0.141145502944955,0.226855064687163,3547.12227618883,1,1
273,0.5,0.506602794503184,2.33958677127457,0.707145834275281,1.06068801453991,1.89310475463512,0.0463471755753411,0.044626820435539,0.0674851961796959,0.137319889710432,0.230177412187672,3559.91962994886,1,1
274,0.5,0.502806985825143,2.34301854460756,0.704131621194672,0.923345337429689,2.1004240588714,0.0474813222950885,0.0422788758514102,0.0640177852798252,0.134178580013582,0.231958539098141,3534.73725067546,1,1
275,0.5,0.480061677505285,2.27224628521461,0.878176046813075,1.30616727161631,1.4904912953385,0.0496260579044904,0.0448780973271352,0.0675526376199779,0.128977160569062,0.210631779319543,3577.44449926046,1,1
276,0.5,0.418266383171668,2.2780749040501,0.823804468022076,0.998358250363903,1.98784343539172,0.0566534872266498,0.0446825570998389,0.065905123124336,0.124978094749196,0.217747321427761,3548.48186840849,1,1
277,0.5,0.529029819480677,2.36851232352879,0.661917322054563,0.749483271631199,2.37572819414503,0.043829092407237,0.0397410469264588,0.0621369077913891,0.141147495365319,0.23261967930584,3521.15242374307,1,1
278,0.5,0.537641646911185,2.22346352042482,0.887701474100602,0.760459617223823,2.28367546561702,0.0432854019395725,0.0408335545131278,0.0622133155389313,0.14178411323783,0.240594188519494,3471.11170223298,1,1
279,0.5,0.549113755515439,2.28274156406542,0.78936032660022,0.667381132711332,2.54424409741981,0.0399315963952692,0.0415672371234036,0.0615172905578528,0.14647959124013,0.239895198261586,3504.77832381278,1,1
280,0.5,0.499817194309926,2.35361750885137,0.701617788545009,1.11215044521698,1.82156132409898,0.0463532634446315,0.042319815891483,0.0664397324088566,0.137215668746832,0.220640612459479,3560.37762704399,1,1
281,0.5,0.464816964884448,2.33781298748488,0.768362770875938,0.974808367458697,2.02473854616826,0.0496438478542607,0.0422251608549306,0.0642228600486332,0.131887406016904,0.216691838756823,3568.39759777393,1,1
282,0.5,0.515679140149352,2.32309893070764,0.776721589956665,0.852777042961438,2.08898299247952,0.0470407907402556,0.040654646424738,0.0618335351277525,0.131850146271594,0.228506230234699,3517.76452462682,1,1
283,0.5,0.462417732705098,2.21890975912222,0.925253999209784,1.00734501264913,1.86150293981558,0.0533396560952042,0.0431167666872022,0.0651344602996455,0.13232422215858,0.217874797097604,3541.02409354262,1,1
284,0.5,0.540028182548703,2.31337106513396,0.701997884802127,0.874341231129638,1.90620888705944,0.0466848082704206,0.0412186353389857,0.0615508086085964,0.135965683902949,0.234152461667371,3477.41841961726,1,1
285,0.5,0.51726397054316,2.26921782766159,0.871029715536307,0.896876643119535,2.10929475572955,0.0472463606675363,0.0426892664450017,0.0649589110325228,0.135796684376267,0.242928589286848,3515.30172274773,1,1
286,0.5,0.503076484466552,2.29079664680258,0.848087335321526,0.903869960875149,2.06639005129689,0.0480888961791622,0.0411069381645918,0.0636991798243233,0.143099479828753,0.228371347957751,3546.37738172635,1,1
287,0.5,0.479939007757461,2.27764931550596,0.84334486347135,0.977278800933477,2.01017219686008,0.0479648372442488,0.0421356742393229,0.0632890351284961,0.133242121355601,0.216513181780329,3556.72192822066,1,1
288,0.5,0.517015811239349,2.3130641149406,0.730876426796824,0.860965882149245,2.12520197387508,0.0447947503321134,0.0415955046011786,0.0636414600431215,0.138610999171799,0.228866675173472,3510.68586692108,1,1
289,0.5,0.586592919702896,2.27294525794934,0.879964539583813,1.05898192933722,2.17704221357591,0.0356522138101624,0.0432940626867951,0.0646049035909692,0.140299572694854,0.248371919125203,3522.36897829289,1,1
290,0.5,0.478272231594805,2.30489758941219,0.833761529872209,0.957319900810841,2.07998418694776,0.0501593090993558,0.043849440758218,0.0641436760276781,0.132734497117098,0.226092239311715,3580.83051452636,1,1
291,0.5,0.504746597796429,2.3795279282581,0.698600727066635,1.27956026728059,1.59137439423198,0.0447626711224073,0.0431641801913314,0.0644153163051125,0.132763903498747,0.212558580159586,3602.47469737857,1,1
292,0.5,0.428938685219249,2.22386004060198,0.942527577396675,0.978996758794177,1.91467887280074,0.0557853320084254,0.0436892325094146,0.0663374808532108,0.130635236845191,0.220221666090764,3544.03872111413,1,1
293,0.5,0.430867321404142,2.28175179081232,0.827459199640526,0.931759920171584,1.94192204830829,0.0605192735237988,0.0429769619796272,0.064547983694589,0.128518512077053,0.231631558641324,3526.54167252748,1,1
294,0.5,0.504346635716963,2.37096254128601,0.703806713087074,1.0484938762283,1.95534783567113,0.045202328253631,0.0416456973998253,0.063280103435191,0.132855329532997,0.220457359530835,3562.91777424927,1,1
295,0.5,0.529444017101412,2.31430457162448,0.839951292227134,0.975504267683724,2.21735368518294,0.0425502168602792,0.0424090623762874,0.0634306263694246,0.133438583714905,0.226399905670429,3567.09831866126,1,1
296,0.5,0.465788481227888,2.39037207815207,0.711994359888424,1.07507736802966,1.90079599026552,0.0504977998097104,0.0425609107145355,0.064229292032796,0.126976052988972,0.220375116110408,3586.66930383256,1,1
297,0.5,0.509446898208215,2.31200172299243,0.75672880087789,1.10802260683929,1.88434254219434,0.0454918333138767,0.042718532883402,0.0655035333247788,0.139056920523189,0.229807613595915,3553.00149298613,1,1
298,0.5,0.455411316939132,2.26547526685326,0.902517485863385,0.761593229267016,2.37498992544714,0.0521646033398633,0.0420488706193458,0.0642063631641755,0.134679428484021,0.235149702583468,3547.69789923442,1,1
299,0.5,0.416382365832488,2.34716918308001,0.761704495522351,1.22736334286086,1.53012748377889,0.0594655300806384,0.0440779398731361,0.0670978921682615,0.124341133977418,0.2212450668319,3584.01305566015,1,1
300,0.5,0.450139932707092,2.32053179948209,0.856086492303245,0.886229518895119,2.16327238725223,0.0512326148302494,0.0418720822569479,0.0631947041437795,0.132865513880064,0.219592065705087,3594.14895474347,1,1
301,0.5,0.479627534576061,2.31779420194556,0.776151752103399,1.14698315601793,1.82702077445891,0.0472968355814977,0.0442119510118077,0.0652620033182907,0.132274783616227,0.223177293269116,3570.29113447683,1,1
302,0.5,0.450295670936467,2.24776221145254,0.845245284521207,0.998302021855708,2.00607841694008,0.0523910813484952,0.0442593112321105,0.0666507711008067,0.130347163295998,0.22254556179486,3529.75645376248,1,1
303,0.5,0.430917610738058,2.34259611509043,0.771736623461813,1.14254976749327,1.78092293016389,0.0517955663123163,0.0450080341340222,0.0671223225118662,0.130478742495373,0.218750616472138,3602.25049262715,1,1
304,0.5,0.499346358516828,2.280491991971,0.800117836730194,0.935862356882117,1.82870894920024,0.0502510222839992,0.0425861267234972,0.0648547831350219,0.136023544749203,0.234876012038365,3496.94643339422,1,1
305,0.5,0.486118347254538,2.31832984567868,0.787830154183313,1.08252274822468,1.91833026870116,0.0470306831625035,0.0433610801209224,0.0636775735562716,0.131027510624842,0.219344697372127,3567.41673109804,1,1
306,0.5,0.509756209994633,2.30429367338347,0.870255526832487,0.817945778393999,2.4643036012084,0.0468394429543051,0.0417300800338184,0.0641102191092585,0.128494876432338,0.242388459474161,3532.80805039232,1,1
307,0.5,0.468881753297205,2.40738119618176,0.662688376149414,1.08587559774683,1.8323712587693,0.0523833398854992,0.042729399647906,0.0656561217473458,0.130289245128608,0.234054404473673,3574.49392386608,1,1
308,0.5,0.490243541848849,2.24718297138585,0.855525556417737,0.918116413641727,2.13683752268915,0.0463381616027983,0.0433379923143388,0.0661197443937585,0.135854357379677,0.224575545383023,3521.06957748951,1,1
309,0.5,0.504952169646909,2.32950778082285,0.78187447502887,0.982979642951412,2.06838620917844,0.0464438787880824,0.0411443447488825,0.0622280988521918,0.133113412582647,0.227876469291151,3547.9026784684,1,1
310,0.5,0.487338956360979,2.33919305485629,0.762481093455408,0.895458167151825,2.23230992792054,0.0523032321709911,0.0407326653206648,0.0630040000553317,0.120708427544676,0.230405381639717,3511.64053588376,1,1
311,0.5,0.511409622352256,2.31494876399412,0.821734678060543,1.05891243513454,1.95831313555243,0.0427697364701726,0.043058678159894,0.0655619445269783,0.140574875521678,0.224351283151638,3582.31787893985,1,1
312,0.5,0.363803281258365,2.23682425808246,0.898613875942639,0.885638780509246,2.06534090682884,0.0651129297290756,0.0437548570079858,0.0670099048061637,0.120031506653587,0.214053793671302,3518.1406121097,1,1
313,0.5,0.440488621511072,2.33913907141787,0.771414354657268,1.12673439062419,1.71321164053216,0.0530081521229104,0.0424100428140886,0.0651085202996552,0.12597643315454,0.212407440765403,3571.60081095737,1,1
314,0.5,0.560965918829737,2.31682323602285,0.771528756599439,0.936055709094224,2.45607507247873,0.0383941122552844,0.0436070704522032,0.0655202014121365,0.138293698646448,0.251154442416706,3525.89843186553,1,1
315,0.5,0.514840997418302,2.26754472739315,0.883109641629207,0.994874058381284,2.08412266862124,0.0453779241511831,0.0432873933770496,0.0658365956204167,0.134111791188765,0.225656808231506,3558.68434821677,1,1
316,0.5,0.480713530047526,2.36112044573085,0.697460732936983,0.980978045409284,2.07993252129698,0.048999952231534,0.0438047011716858,0.0660757442366993,0.131705944946775,0.237178719907124,3539.87507391682,1,1
317,0.5,0.485180320991669,2.30925259322065,0.849536747014723,0.857501229379297,2.38554205979534,0.0477585281588013,0.0421959977660456,0.0633970901661129,0.13546602330745,0.248021146178857,3553.10599102355,1,1
318,0.5,0.440734894926282,2.26252924510613,0.844181855335613,0.86998474719121,2.23782275599401,0.0528408514887179,0.0437869523176418,0.0671271603743445,0.13452236470448,0.226571254965603,3541.34084760413,1,1
319,0.5,0.55562790081569,2.30631355279352,0.790705471602049,0.922721097770036,2.28832560279338,0.0373948552690737,0.0424583963155235,0.0635617164448672,0.147028537598254,0.242385325453078,3552.10855409029,1,1
320,0.5,0.530814030417287,2.28948551883927,0.840772584184269,1.11337472303778,2.13750499509243,0.042594720963722,0.0448062471892897,0.0642275693833043,0.13455991393825,0.245970634671733,3573.3853075477,1,1
321,0.5,0.457274630130823,2.3516923127539,0.733485424134709,0.981890315993858,2.17605502224068,0.0507344174101287,0.0431877837524764,0.0646535209512366,0.126718872269946,0.226577256342724,3567.6122668321,1,1
322,0.5,0.504048076310711,2.25478822155994,0.801845504974754,0.911394786625078,2.04630241568448,0.0483645496092207,0.0424641143665736,0.0636382412273734,0.135834582605459,0.242377509097979,3485.15012600951,1,1
323,0.5,0.517672325260973,2.29498266288846,0.817236576789018,1.02733067524333,1.99286016431286,0.0444863114933348,0.0429594671539793,0.0631584407002782,0.135492971819205,0.232766169335011,3543.93076712368,1,1
324,0.5,0.470653868028018,2.37158523633459,0.722211446398114,1.07116961457278,1.8507292422488,0.0525671858781451,0.0424993524767277,0.0645214794768126,0.124637972915668,0.217632569984496,3570.15614049074,1,1
325,0.5,0.465495532629892,2.3295814843625,0.788888248501383,0.98857323939529,2.09831719546876,0.0473642113240498,0.0444619491564303,0.0688606183101399,0.133534261217287,0.222239038978704,3573.42224995477,1,1
326,0.5,0.53345300358806,2.26313989056253,0.798585655736805,0.901064686208533,2.17381798820253,0.0434057488755052,0.0435311992391926,0.0666390318988769,0.144129089429204,0.23118627006442,3526.96715394827,1,1
327,0.5,0.449657770493508,2.30398111231716,0.794775018489513,0.915070488452693,2.11433041858326,0.0530126246330116,0.0418266101947524,0.0643869021558199,0.134092114588823,0.229413012364875,3549.26598919401,1,1
328,0.5,0.426705394639891,2.34306182906466,0.756418172854674,0.814085268447603,2.11021853871068,0.0574620144032272,0.0409528895805689,0.0624012084080969,0.134180735629004,0.215367359614726,3568.34471639503,1,1
329,0.5,0.481929359135781,2.36160107540712,0.724056807458207,1.07262805712921,1.78544574707257,0.0510519024419304,0.0414696718753364,0.0636772260208013,0.125204331174487,0.211064411356689,3555.20631370068,1,1
330,0.5,0.4555851859769,2.40361624833756,0.702069003074813,1.23595950268534,1.79722294440774,0.0500741179891143,0.0447281273200309,0.067813775913024,0.129455670644908,0.225177538986153,3622.76725475549,1,1
331,0.5,0.589756171947307,2.29703429829904,0.779340945739491,0.924226732362297,2.29543829853506,0.0358865900966994,0.0419069361668255,0.0625103918129027,0.14460554144466,0.241300435492154,3511.54433413233,1,1
332,0.5,0.414973129670746,2.29273182336523,0.872810381031104,0.974709456389397,1.92683128772232,0.0591519347351569,0.0436028228504193,0.0672296827481426,0.128224164884818,0.219243300845968,3572.29467653587,1,1
333,0.5,0.535060071823346,2.34358786010259,0.784499317095093,1.05964956269385,2.05633173923732,0.042617446052916,0.0427988886464216,0.0642634511755956,0.134083923926681,0.236052453100257,3563.40928697184,1,1
334,0.5,0.433858951105199,2.32337471846391,0.753156169564814,0.926102430739454,2.15596175286415,0.0530874844836869,0.0435170879537025,0.0660794910201567,0.129149423005013,0.211716388279983,3566.20298229431,1,1
335,0.5,0.475039356311742,2.29170274641699,0.857538326917331,0.956568235737899,2.11926921323561,0.0509563229971469,0.0421594706375337,0.064122873995069,0.129219042066111,0.230308300232131,3539.30416184281,1,1
336,0.5,0.462440803505411,2.31364063486358,0.813810078853289,0.856472881880784,2.20654840095196,0.0539296878679588,0.0411271386124508,0.0613020802946365,0.130148562869922,0.232521786351007,3542.94119873941,1,1
337,0.5,0.465692429564567,2.22784823810394,0.824282240949738,0.839439575582435,2.07250854560831,0.0547499650684408,0.0424224361607588,0.06345298569512,0.133142121490184,0.228770974712391,3477.85806717179,1,1
338,0.5,0.453449888322935,2.35831916847167,0.738447187646375,1.10036344701812,1.96073751434007,0.048423492895223,0.0439069270936797,0.066765450969285,0.131410578084632,0.209416804688474,3610.14889571166,1,1
339,0.5,0.427840553396691,2.24830429361603,0.892560170655018,0.71553886577138,2.21517512435806,0.0578909725341979,0.0401330874193411,0.0607627631703516,0.132908855620582,0.229655486735275,3502.12124007014,1,1
340,0.5,0.423895176911374,2.29345092615168,0.771250316831523,0.963165465508511,1.73565789143279,0.0599227210417757,0.0415839173515348,0.0653151812619851,0.127105136608876,0.213495759028597,3509.3891026588,1,1
341,0.5,0.514620979415974,2.287526383637,0.823472222556246,1.09249832637955,1.82194289828898,0.0466053642156158,0.0425077398823331,0.0631815110627335,0.133467571204632,0.2202904355422,3553.01922683305,1,1
342,0.5,0.51018826514886,2.28509557671828,0.805349214697645,1.07901267448577,1.78315233007847,0.0490009292409727,0.043186642002328,0.0653169217349954,0.13587814721482,0.233088885919239,3527.85463901115,1,1
343,0.5,0.51964937846597,2.25214035074513,0.875651308176236,1.11066652912011,1.66276308620426,0.0465998446268715,0.0445632742060436,0.0663970803373695,0.134516353495022,0.218147730367033,3538.51412510384,1,1
344,0.5,0.515409132696659,2.29401434696522,0.799142800149829,0.741266872250698,2.47811333065204,0.04247942341914,0.0405584147792063,0.0618725360753033,0.141641784234043,0.241606660013518,3523.48024451195,1,1
345,0.5,0.534475765875969,2.28219041278021,0.86221633714674,0.875457007233049,2.1525528394561,0.0440741243438451,0.04062410407571,0.0619221293475658,0.1371889284502,0.236964073828834,3519.84884006253,1,1
346,0.5,0.378576576050337,2.30293905219441,0.736150623546034,0.990560246241135,1.76651287814119,0.0648854868654576,0.0431536088526543,0.0654871738578729,0.121673005072771,0.212808380851012,3516.94864798723,1,1
347,0.5,0.485293762639908,2.26632614917011,0.855407717134576,1.28834793826613,1.57835689659013,0.0475853235963181,0.0452012794871442,0.0689592520098432,0.127505022735523,0.210008239501563,3551.35170433838,1,1
348,0.5,0.504633619136742,2.36246925958569,0.67188729600168,1.06512839748129,1.9941144475799,0.0447599793404668,0.0419967699989975,0.0651650779468185,0.135245093818426,0.227862344638118,3546.93854931112,1,1
349,0.5,0.520216827074546,2.30752281523028,0.819126036836309,1.0085196773493,1.83469389677071,0.0464445853595542,0.0408400276849173,0.0624725368903477,0.136558527616144,0.229484742152718,3536.14001738234,1,1
350,0.5,0.5455422413646,2.3556313666145,0.7458917175877,1.20787013931666,1.69281676716251,0.0419717223837021,0.0417906447862022,0.0639517916877175,0.132870343263889,0.225524923822587,3547.6115091107,1,1
351,0.5,0.598563863572552,2.32313402683676,0.748791400050014,0.812106895913264,2.43409165468623,0.0358445386438585,0.0412851256748801,0.0618543379512768,0.146117644782437,0.25694250093194,3500.47830741678,1,1
352,0.5,0.510990034107228,2.23042867779167,0.893348633922649,1.11870503266505,1.87573303291816,0.04639925494764,0.0427787591059628,0.0634906333188876,0.133046025356014,0.233251097972354,3513.90587269541,1,1
353,0.5,0.494724064873092,2.2254830042889,0.875557462929746,0.896702386272594,1.98140245937521,0.0508360874850223,0.043135140449707,0.0637326916317986,0.13562508945165,0.239191102424441,3489.74287971426,1,1
354,0.5,0.518224783140913,2.28866277860955,0.821532211123232,0.90804923522122,2.01696629166317,0.0457579234060118,0.0420864980211138,0.0624960174917654,0.140109220283895,0.229366663394584,3535.39005846632,1,1
355,0.5,0.561588301599463,2.3216487136516,0.666229021801186,1.00987610899992,1.83352336370486,0.0415675719321441,0.0411881327804844,0.0625170492479259,0.141945791094045,0.234775632377808,3491.30671711393,1,1
356,0.5,0.396196609212103,2.30822971710957,0.769196565366377,0.885617769385485,1.94491608474337,0.064324533782453,0.0417855564803854,0.0635974912408518,0.125776097751407,0.212604045127597,3533.7784147378,1,1
357,0.5,0.546055718676003,2.34824377765383,0.72927010134318,1.08009436710491,1.99192993297695,0.0410672165428541,0.0423255576931912,0.0638561031350514,0.138582922826927,0.228496466906768,3555.56456729262,1,1
358,0.5,0.513981043264855,2.37864590420732,0.668411191319887,1.25579139733311,1.46815320515174,0.0467233049994236,0.0434772593104065,0.0655869518051855,0.129159652860501,0.211843658903845,3568.55811770133,1,1
359,0.5,0.498392947685753,2.34158441445429,0.757632429310772,0.895162602625138,2.11113205634125,0.0492759980856772,0.042644789257113,0.0642803818058763,0.135489609420283,0.240186443055632,3544.11217567729,1,1
360,0.5,0.490184077217845,2.26830997908323,0.902679730709429,1.09315048596256,1.9608251993687,0.0441773542512264,0.0450594910376055,0.0663524490257168,0.13951887742346,0.226359022838161,3581.5895563938,1,1
361,0.5,0.440874712190413,2.28276968464911,0.861302904380105,0.904400302553479,1.96361855634706,0.0554694413652001,0.0424359083223531,0.0647339531106263,0.130649790884911,0.218080115796548,3542.04405683021,1,1
362,0.5,0.494809678226337,2.22039364623772,0.87830271178089,1.04999952898986,1.67679555466905,0.0500075320468534,0.0436219881998336,0.0659706678223256,0.132462805829592,0.214609709752944,3503.74865154469,1,1
363,0.5,0.390070407129494,2.36994107222227,0.686576751628862,1.16889477154038,1.81362862420845,0.0562941254190085,0.0438557229671932,0.0670433621620758,0.128393836702345,0.203495771492981,3613.67350996659,1,1
364,0.5,0.524773460549843,2.30248931266416,0.771972895705483,0.837829054316942,2.14450852268003,0.0465340982903934,0.042057003587065,0.0637479679916706,0.136680370448204,0.243555202373022,3505.32138700675,1,1
365,0.5,0.510315855269331,2.2859237932801,0.85451461358454,1.37584071073744,1.58535185881217,0.0439528288640899,0.0454816844840215,0.0682668543283964,0.13331306946463,0.223628283273222,3580.72454924608,1,1
366,0.5,0.446198223450814,2.28855978208331,0.785896298362855,0.956815966865088,2.10719229434802,0.0512340033317112,0.0432278592596,0.0654851198685271,0.129171990886069,0.223965339654709,3530.68583370009,1,1
367,0.5,0.531402740074475,2.22558522119734,0.864834828935298,0.975154836912486,1.9554082656396,0.0435385731929339,0.042502241568474,0.063905581088285,0.140532190625498,0.231373095266087,3491.041652535,1,1
368,0.5,0.427636041051298,2.34167625618613,0.756999166299136,1.2247872826317,1.56056353476675,0.0564424315511572,0.0437064035427505,0.0681597180446266,0.129705138336063,0.208201913306862,3591.30129556842,1,1
369,0.5,0.533502985294459,2.30204611501523,0.725075279322799,0.988215215407878,2.25172573034914,0.041027152249017,0.0435282252986826,0.0647857414598216,0.134569300202877,0.234686059834294,3514.76349474445,1,1
370,0.5,0.445159421400895,2.28166708710662,0.803180689340126,0.947920687299891,2.00715744484321,0.0530477373596408,0.0432261211043161,0.0645678129843277,0.132804965419701,0.224605851284664,3542.9230667895,1,1
371,0.5,0.468806093460872,2.44504561214458,0.635313128446328,1.06094175541453,2.04841598839427,0.0473891529874236,0.0421090777090974,0.0640278228887687,0.134944902773953,0.217557644024816,3637.08586917569,1,1
372,0.5,0.44801258233377,2.26896774398264,0.921608542989562,1.105245538917,1.808141124201,0.0547055437030367,0.044912072953772,0.0672666169499476,0.124050816467785,0.216016309718395,3577.24372011459,1,1
373,0.5,0.485109465918471,2.29933880910249,0.796196067529045,0.913049505215489,2.0769271575835,0.0492731668416123,0.0414907131261301,0.0623198774199088,0.135821075302976,0.229906964952867,3529.59214007857,1,1
374,0.5,0.55429079197542,2.28617719613129,0.802019311254366,0.73492677286307,2.44576003522725,0.040500497692773,0.0416651820297782,0.0626525764603905,0.143660990479689,0.230708927129227,3530.0550390439,1,1
375,0.5,0.469283818296879,2.27300197989648,0.781995945154144,0.957264668203942,1.84858326576985,0.0527434709141323,0.0423980799229818,0.0639385232505608,0.128609262563985,0.211280427733847,3510.10654339482,1,1
376,0.5,0.558231967243911,2.33670193607312,0.702209795708084,1.05303885937865,1.93280593758378,0.0400678903991274,0.0428468559794472,0.0642709667423659,0.143329790485374,0.245356581260411,3524.29662917064,1,1
377,0.5,0.516922094135737,2.36676856818451,0.753996822731432,1.1011834414523,1.81715486292903,0.0442770436434208,0.0422597059090347,0.0628131668743224,0.13409912735458,0.221553074471961,3578.6827759236,1,1
378,0.5,0.533290347975061,2.2759246476215,0.821337540810594,0.951458829138843,1.98341740228827,0.0440592297949258,0.0425439882164271,0.0638447248896143,0.137682215113879,0.239453746523383,3512.87318960315,1,1
379,0.5,0.480719660188986,2.35686432392705,0.636544728086295,0.884723122287783,2.08597451028413,0.0483872437231615,0.0394797971158444,0.0630156532944758,0.132921319280487,0.227000311762843,3499.62352049119,1,1
380,0.5,0.546528687411109,2.27631635593142,0.764999200968963,1.05350894418973,1.85292100280184,0.0415461992391316,0.0417267067376374,0.0628566792621665,0.142433556354122,0.229720570678767,3502.07445104664,1,1
381,0.5,0.546554384681463,2.35323559927076,0.699952740815848,0.739720441359103,2.48267687236125,0.0398526044806219,0.0405707217778344,0.0634585197977807,0.145777185205319,0.239197463382022,3521.30631870356,1,1
382,0.5,0.529378714384821,2.31994775857148,0.819857334619392,1.12554449883952,2.01788823774685,0.0408821247674473,0.042906730575733,0.0651877540139388,0.135904623108533,0.227905450048979,3577.23373914267,1,1
383,0.5,0.468449753849353,2.37096910116581,0.67297411628403,0.74026086365322,2.24454439558424,0.0517661474850421,0.0406104724975492,0.0614753330996023,0.135498324337918,0.223563174551769,3537.4429830039,1,1
384,0.5,0.512158561193355,2.29543879914045,0.765973513949242,0.837572887040154,2.15987047671932,0.0481524323895548,0.0412685255539763,0.06318990453571,0.13343043545114,0.232074932433667,3493.12624778665,1,1
385,0.5,0.535317616665817,2.24030427201109,0.974162199567413,1.1095635329408,1.75345244837913,0.0452563651937585,0.042979067188479,0.0632984965872287,0.131213875714848,0.224232342703969,3544.64587581968,1,1
386,0.5,0.488959116048257,2.27641760189946,0.789334275079878,0.765065386172355,2.31864118516947,0.0476379274331191,0.0415667304859984,0.0642209935578455,0.136322968426196,0.23142511608384,3494.00674802172,1,1
387,0.5,0.519244329391959,2.32523841202754,0.730518142202211,0.950738772257492,2.01800881371606,0.0462412515587798,0.0423750336142197,0.0629245813200808,0.136095167126345,0.236608033799125,3522.87361959302,1,1
388,0.5,0.494082304106549,2.33434637702703,0.710689489453058,0.837120996994995,2.21061996944627,0.0489227898488439,0.0416294412820657,0.0633660835704344,0.135141680434076,0.24006441611458,3521.39357532054,1,1
389,0.5,0.476195494311866,2.27866999420892,0.847937355809579,0.920781971741315,1.98924423806143,0.0536001996915424,0.0439802824818583,0.0661355862242375,0.129852306558778,0.218266322041158,3544.76556847937,1,1
390,0.5,0.529416774356348,2.2964897845772,0.784163451262618,1.17758587728605,1.68545362341315,0.0427429149284054,0.0426238829307286,0.0630956603618679,0.137856158217949,0.222710952176395,3545.56292436299,1,1
391,0.5,0.441274920885778,2.13850641898367,0.961810008872632,0.851115043780428,1.96303121073963,0.0558495487831926,0.0443762988877111,0.0670694399157658,0.132604182561442,0.212708737265779,3474.05513686691,1,1
392,0.5,0.523742998681299,2.28538755176336,0.797665286209498,0.839431050163181,2.16018387186163,0.0461640241482084,0.0414895054999847,0.0641331672078189,0.142687523187554,0.236402266490333,3512.6763213369,1,1
393,0.5,0.427749956324886,2.27904027679593,0.774897180155185,0.913791290242086,1.75154676449368,0.0618842929702761,0.042282304906328,0.0648047280185347,0.128934776342754,0.215633227495184,3502.94137264774,1,1
394,0.5,0.485335614841664,2.32520062636681,0.7951506087351,1.03673013738674,1.86272840641591,0.0492779518513099,0.0425767335308487,0.063765942236875,0.135726155965903,0.224024702634546,3572.09348808753,1,1
395,0.5,0.507035269321477,2.35071337428766,0.710845367082569,1.00240359859491,1.83981448338565,0.0491301516135953,0.0426734619580198,0.0643435179566451,0.134066476770325,0.227664825850539,3529.44795506801,1,1
396,0.5,0.508037744882048,2.33147843793726,0.728340022499682,0.845165303477375,2.1568437866177,0.0459968876435984,0.0404739973997179,0.0630558677744299,0.144886691399031,0.235478773057772,3537.78510365472,1,1
397,0.5,0.506428867022926,2.26297394132427,0.924865245042115,1.29241490666881,1.67534800506894,0.0448781028887958,0.0454589718547179,0.0673791847261284,0.134804530782214,0.219253534683843,3597.75205358989,1,1
398,0.5,0.536340336954479,2.38892226659783,0.694030872703453,0.952135510710446,2.21339312961196,0.0421587335628061,0.0433361322331676,0.0648567166965395,0.144050346181239,0.24220342248164,3588.17053723844,1,1
399,0.5,0.547170517636951,2.26287427862708,0.851754476634621,1.14883481624143,1.94676426265821,0.0389997391009234,0.0447057314150401,0.0656640212501704,0.140965070519593,0.241100217469118,3536.05145676312,1,1
400,0.5,0.498086614287306,2.28691650308472,0.83237908982594,0.758988108776721,2.39972245306284,0.0473970972816622,0.0413376814227221,0.0629772300847397,0.137667791586793,0.233216108404937,3540.27706577098,1,1
401,0.5,0.533216016277509,2.33604939540269,0.780833877630998,0.967691717789199,2.19315154534581,0.0450523746023234,0.0410312253457214,0.0625709601977402,0.134745141768637,0.250194395965132,3535.62974731766,1,1
402,0.5,0.485232137158942,2.28257589766523,0.804566988710484,0.98861953361583,2.08520512061962,0.0498600701747203,0.0442793965212905,0.0667067662768763,0.130422514615443,0.238963784871373,3523.27884123292,1,1
403,0.5,0.539245455805496,2.43678766652041,0.574207072802946,1.00335514521486,2.1374197329646,0.0421724707690999,0.0426609501867469,0.0653792057411758,0.139305740581046,0.235265524193028,3572.9777087327,1,1
404,0.5,0.480150041355635,2.27658787569842,0.83199121770506,0.977403191092318,1.97292855786845,0.0516944586521812,0.0432094057291048,0.0650813081625101,0.132661398132454,0.231690010250634,3536.95694779056,1,1
405,0.5,0.444633142426801,2.27357117453849,0.845483050810247,0.866497844710249,2.05527438264126,0.0576358962542487,0.0413614396253114,0.0641173672858238,0.1311697111991,0.241691922576113,3508.81341825206,1,1
406,0.5,0.373817381538324,2.27495264248937,0.876062097036421,0.918508716788668,1.89037039452724,0.0680241584158032,0.0423294707926389,0.0645674703882712,0.128851597374376,0.215771476142772,3555.97399492517,1,1
407,0.5,0.543417753167444,2.32199517956797,0.804876964541364,1.34029363844403,1.70868617208116,0.0382618686636194,0.0441181259615798,0.0663879117396106,0.149693409219225,0.232150150514524,3603.412069923,1,1
408,0.5,0.455275497533109,2.29152789655435,0.820691039045087,1.063260234344,1.71989280661374,0.0573932718097089,0.0435820431083433,0.0660937170603026,0.125081907455181,0.219864828116653,3531.52664244818,1,1
409,0.5,0.536367258520601,2.25981328646841,0.843426136878069,1.13563778671766,1.92114617759791,0.0427060068592167,0.043214508714806,0.0643588442317899,0.131591350496519,0.231944042021321,3520.36161383812,1,1
410,0.5,0.48429791706303,2.31435689189773,0.814243951801761,1.00492861835257,1.99530068993566,0.0488417528135123,0.0424820610406915,0.0644008667691866,0.127772040049205,0.228524665067862,3544.48445726543,1,1
411,0.5,0.479897495389616,2.35734519558882,0.764215174510489,1.00323865923227,1.98755511155829,0.0499256015639674,0.0418069100933942,0.0628128824845678,0.128536722812061,0.21883255764231,3574.61137247472,1,1
412,0.5,0.495658121440827,2.30750114552194,0.791105217423697,1.07950200131122,1.96237625484161,0.0465074612250573,0.043532426612538,0.0651536135369425,0.131746898596019,0.225504683941582,3547.08998442241,1,1
413,0.5,0.51838775011243,2.39304866274032,0.636151506090371,1.1006459768486,1.81388944883061,0.0451555339282005,0.0422418657749388,0.0646529591657986,0.134755168757983,0.227799128076658,3553.7240591609,1,1
414,0.5,0.470695241774815,2.2776147504373,0.862177169057316,1.08679607774029,1.92276696318997,0.0491663885624826,0.0440396691980261,0.0640906810919627,0.132578177114982,0.215080339706928,3585.30905524069,1,1
415,0.5,0.455288392726453,2.26751042705528,0.844325326873384,1.00459313954044,1.8302762222003,0.0530533081875021,0.0425757080256352,0.0652889729925939,0.134450373585141,0.223124584656506,3536.58190093995,1,1
416,0.5,0.522064208582039,2.3177130546244,0.776073515383786,0.988890602870562,1.85373365532002,0.0473915099007533,0.0412155610224778,0.0609021973370808,0.131842055720662,0.213470632363404,3533.51235137538,1,1
417,0.5,0.474499379250025,2.28028052176125,0.811391472295976,0.948631665616141,1.90796352104245,0.0526957840969828,0.0430622261042752,0.0652473258972291,0.132433956809807,0.22844800586911,3519.53057188907,1,1
418,0.5,0.550847564846958,2.36671309365944,0.74590881681609,1.34969899723557,1.48305518082016,0.0407429417016828,0.0434138392559227,0.0656185422177459,0.139791396727455,0.221967351993626,3600.19628041205,1,1
419,0.5,0.563840927268228,2.33100480397874,0.762276673652555,1.06864963235331,1.90473839863419,0.042316562682735,0.0413895190585879,0.0614604239137526,0.134899072639496,0.237870946079184,3525.04805661556,1,1
420,0.5,0.506778349048783,2.3086890823662,0.838747414651254,1.155484813536,1.86557756795451,0.0460826345519938,0.0435551578543747,0.0654127152358493,0.131680219955035,0.224258587758721,3584.19602866204,1,1
421,0.5,0.473635125490488,2.22941470746722,0.924607110400515,0.893910910266492,2.07075052691071,0.0503581196650316,0.042642409103149,0.0640954959865513,0.140794922354865,0.224252122398524,3551.97207738529,1,1
422,0.5,0.497812466666072,2.27788262947001,0.85921547158494,1.2887376903565,1.57352167037529,0.0456862549507519,0.0448442756266459,0.0665250048368262,0.131114000658963,0.218031229601803,3571.02936959042,1,1
423,0.5,0.521499074461478,2.31613749164853,0.815544125673519,0.70961824595855,2.41944883457283,0.0446005080586921,0.0399811118593788,0.0611794876743745,0.142073629754631,0.22952598244674,3546.13647130102,1,1
424,0.5,0.445244200240618,2.37158014190131,0.667281001778911,1.03561298062334,1.64100238017449,0.05880976117952,0.0415144042696829,0.064046451537787,0.132976095714527,0.219633988582671,3547.11768736375,1,1
425,0.5,0.483395324179296,2.25618979676435,0.839676116420131,0.978029844903369,1.73874471459314,0.0527208770089896,0.0418078729625852,0.0636669567243085,0.135292812887416,0.233046285597751,3501.24365570233,1,1
426,0.5,0.416296495280696,2.35629769518477,0.772102415284839,1.01768813506459,1.96947225781112,0.0559271670109488,0.0434942874967417,0.0659983262605219,0.127275150536151,0.209296935894514,3612.26667960766,1,1
427,0.5,0.462841739052558,2.32891916415215,0.752334033764107,1.058172414864,2.08463460655469,0.0468493004115113,0.0438814901124115,0.0675194265792606,0.131919421166654,0.208549928566491,3595.2816157189,1,1
428,0.5,0.391271917036816,2.31603749909878,0.781509295743343,0.862969922599343,2.12297840790573,0.0589954704332592,0.0441499212573144,0.0669928909580094,0.132543929361768,0.217601898677626,3577.06508038051,1,1
429,0.5,0.525668452944765,2.29540757340463,0.854996869945817,1.06368831091625,1.96701127184461,0.0448958380294885,0.044771040153446,0.066025436023541,0.137978706281314,0.226976888351384,3583.83008586846,1,1
430,0.5,0.505947593528935,2.31723391949876,0.774837759392304,1.12427212646718,1.69763266307704,0.048364835501775,0.0434398628078769,0.0646548016655233,0.129858439870552,0.224798343218074,3542.46985283846,1,1
431,0.5,0.423011034873264,2.30608391926954,0.788395525234458,0.973168950869321,1.92371146346196,0.0552234316306284,0.0424305404865511,0.0654299663005,0.127176669761658,0.217436226444747,3536.19329415625,1,1
432,0.5,0.54814355193329,2.33876483776779,0.744947755567488,0.732510824899673,2.47769401440178,0.0416736579365325,0.0406634925348605,0.0633001638085274,0.143438032007447,0.240705556424399,3527.44133032285,1,1
433,0.5,0.473065028999479,2.30870487374428,0.821599868510619,0.922168129345744,2.09159941136928,0.050676978264849,0.0425673091228871,0.064555043971458,0.13624676108836,0.23092064169092,3565.60936900389,1,1
434,0.5,0.488176601795524,2.31590621527155,0.770880197558974,0.88586438827743,2.10678208557599,0.0506158595148172,0.040921569039783,0.0626099573467812,0.133935711399923,0.227485237234729,3538.80355248958,1,1
435,0.5,0.543165748570152,2.28590641581632,0.741738228136746,0.98552460090031,1.93079787670685,0.0438628091126636,0.0421692273120031,0.0649182236497889,0.133369777454898,0.235765770364747,3468.18205407917,1,1
436,0.5,0.484366766144623,2.30879684803572,0.795060586280434,0.883383597768523,2.24307377043707,0.0474758454007526,0.0426914976682145,0.062495721798129,0.131171644439901,0.222798711674089,3545.78252732818,1,1
437,0.5,0.553419470964745,2.2918589586107,0.789260435975703,1.08731731388808,1.78676258590548,0.0429743704554381,0.0418263369572367,0.063531115866485,0.138240930815358,0.237108935055793,3511.17029901617,1,1
438,0.5,0.546726341955166,2.31312508965346,0.785100983422359,0.948778108883204,2.24671457473783,0.0406973112122993,0.0429008191701587,0.0631578617263393,0.136798688065873,0.23834136024401,3534.62911702215,1,1
439,0.5,0.454085213131415,2.34240020211204,0.783628933987604,0.920841495210081,2.22813607798917,0.0508690572328021,0.0418078489480777,0.06360430820627,0.128782742672137,0.219493039051205,3580.96752958713,1,1
440,0.5,0.486589282890239,2.30037241398211,0.782484045508297,0.736000941819435,2.40699551210371,0.0469224748860057,0.0418250907619856,0.0637830627301721,0.140872232298498,0.223478905932949,3548.90712019835,1,1
441,0.5,0.491672764179969,2.35773773771351,0.728375965499568,0.953175776794085,2.21715023320215,0.0475483607207338,0.042974635684579,0.0644041566913331,0.131609735360689,0.237260235228854,3561.24744594836,1,1
442,0.5,0.478184799697545,2.27097730081175,0.805689352341657,0.90969916833299,2.12410354848821,0.0512294179888766,0.0426477254393327,0.0633329580531315,0.130599849286453,0.236729711659764,3508.01044357292,1,1
443,0.5,0.511261176521579,2.24875755045835,0.869797595374926,0.99130827185402,2.06192057438135,0.0447275763473177,0.0425346101859446,0.0637989489103006,0.132360345987734,0.225582803127883,3519.83214261964,1,1
444,0.5,0.53161217465012,2.23315992153594,0.889150187782753,0.8473504784667,2.41068898107879,0.0409871325130067,0.0441515030396132,0.0654842632893513,0.141749210461951,0.235032778919295,3539.77528989713,1,1
445,0.5,0.444976324220349,2.32363483792673,0.762505400819691,0.766993904868837,2.23751135664822,0.0513496386661039,0.0412730740909182,0.0655217760045508,0.133297338162118,0.210363728489833,3549.3836480934,1,1
446,0.5,0.502445541653564,2.31093649490984,0.788928856272729,0.856847713048407,2.15182933137869,0.0462376118488476,0.0412893381265383,0.0634566682513922,0.133741070794385,0.222487782787253,3528.69003353621,1,1
447,0.5,0.527739814115456,2.22760611918696,0.929870351499156,1.00897637226526,1.9481772868336,0.0473701054970325,0.042609546019805,0.0643759573263077,0.13138695932541,0.240131011994008,3502.97132695109,1,1
448,0.5,0.491064644202608,2.30318246718932,0.827810880820608,1.05561443301145,1.97020209444084,0.0481947713227064,0.0441294764064305,0.0668693785413377,0.131961520088672,0.227410790599234,3568.54051300693,1,1
449,0.5,0.537280960704351,2.30683967317132,0.768005179687619,1.09642420130682,1.96529471280805,0.042227800441251,0.0427161273164997,0.0642516241816856,0.135721855730278,0.224221031372547,3552.24300832132,1,1
450,0.5,0.452922734780274,2.37296423744169,0.670758501002836,0.911503635291337,1.85229298859722,0.0561549298441125,0.0402839593249874,0.0622992658494575,0.12960298969999,0.218521193881752,3528.25191725073,1,1
451,0.5,0.553119931758577,2.28700700858173,0.799460478147495,0.980411706538721,2.20824789582448,0.0404596255228989,0.043603652877317,0.0656004342434109,0.138442318075802,0.244800041814394,3528.14025628625,1,1
452,0.5,0.555689466094292,2.30672356234898,0.760721281012683,0.923829209956501,2.01882962005312,0.0416397041178667,0.0409295152292869,0.060150844929028,0.137318890906163,0.23025174339915,3511.9253559267,1,1
453,0.5,0.4999258123673,2.34714760255788,0.754525456276602,0.890141414010998,2.3169468137866,0.0437826990027296,0.043384432181136,0.0639352290561133,0.141627197666856,0.22782592852638,3596.33922331253,1,1
454,0.5,0.502957298783565,2.24957527892003,0.846946270308213,0.798982375749,2.21325518608555,0.0477939239222486,0.0416248178374717,0.0620333957925777,0.135424801098979,0.231074566043279,3497.32272002131,1,1
455,0.5,0.513080533568364,2.37161836272699,0.718430066295726,0.91621677628507,2.20621141074302,0.0465401035812181,0.0421949479820113,0.0627918586325492,0.135166344552928,0.246751263910587,3554.76738390008,1,1
456,0.5,0.5470620182932,2.28690012838127,0.836331963666671,1.0192959433534,2.0209466908361,0.041494951809031,0.0435668355459397,0.0634737481558075,0.135555823964628,0.237919861156525,3541.18736387403,1,1
457,0.5,0.502771967606415,2.33946061603979,0.773383853296579,1.35241824869871,1.71182519226965,0.042267540376437,0.0455565519576049,0.0691750536895499,0.135809832863208,0.212470197721861,3611.61667438387,1,1
458,0.5,0.56110433706004,2.35810650428034,0.747055222665533,1.12850682203921,1.96089719083473,0.0392200714825572,0.042650831393887,0.0634020715925191,0.135233541091974,0.231811987854238,3571.45051408263,1,1
459,0.5,0.529088209588779,2.26636143896696,0.809227094100164,0.956794951948729,1.9996118867671,0.0450331379246888,0.0429469014618621,0.0622899854350537,0.134047069948148,0.226921079475384,3516.43917979714,1,1
460,0.5,0.538680027744504,2.25536524050898,0.830614280925635,0.643508191464833,2.47521680065752,0.0436074218546635,0.041729840633167,0.0616658735798572,0.141459476088063,0.241376091823704,3490.44534184825,1,1
461,0.5,0.320579813312156,2.33855486658377,0.728986071485184,1.01041056727547,1.80575001575395,0.0712141372853462,0.0425829462564862,0.0661590601379025,0.123498519221788,0.209225866083321,3564.62240891496,1,1
462,0.5,0.499240333716641,2.30850323062355,0.811358839379867,0.909008608094937,2.19449895977324,0.0458618787357186,0.0420255316363844,0.0640724361993787,0.137430325493372,0.229824416824932,3556.65326613475,1,1
463,0.5,0.587078416498699,2.19019781663014,0.939571150296031,1.09785707156721,2.1155709229408,0.0368052525044304,0.0453172300302992,0.0649895995751441,0.138402163981985,0.242302240358155,3498.90201278967,1,1
464,0.5,0.483960807191241,2.30932706126928,0.810457830453514,0.96512544883695,1.90789356376059,0.0498129541073859,0.0420721373760318,0.0633208443023279,0.135453397029856,0.219705676103188,3556.0359460667,1,1
465,0.5,0.468499568969167,2.26777240995914,0.855310396959725,1.15215541671792,1.75111660883207,0.0515580375542905,0.0434548345789113,0.0643172556351084,0.13241933789193,0.22009957338746,3563.71458479085,1,1
466,0.5,0.527295747284721,2.22754592962128,0.944344332198644,1.12458125567946,1.80857510969289,0.0449859368857516,0.0438418413293662,0.0651327020699796,0.134444651390259,0.230639854234408,3541.34388973811,1,1
467,0.5,0.568527955689366,2.27740299415932,0.827441046379158,1.06186765400527,2.09778029454312,0.0394613114503141,0.0444327529901989,0.0659109413774838,0.140288197817384,0.259316947416774,3514.91868182004,1,1
468,0.5,0.521336396993285,2.29207124173306,0.842550091211589,1.07441864034181,1.98001682670488,0.044219899316877,0.0438806939921705,0.0651122691481622,0.129791121134302,0.220871525201035,3554.63413850973,1,1
469,0.5,0.456549342119301,2.31367599270966,0.785332383799082,0.923301121761077,2.17351404737137,0.0516541522629078,0.0435491653995733,0.0673011802386634,0.124957921230305,0.211963336785597,3549.58669886152,1,1
470,0.5,0.455872611002315,2.27305182023042,0.801646672460476,0.846519605807605,2.1249756124465,0.0537008744709699,0.0427926099800246,0.0655717094550034,0.133643796991181,0.225592445654642,3512.70591259904,1,1
471,0.5,0.471169778127336,2.33261387183714,0.749020996417327,1.22874567336639,1.64186925231779,0.049023546089879,0.0444751939567557,0.0663231513358266,0.131175867009899,0.212429612425221,3585.27873068599,1,1
472,0.5,0.478484356640576,2.28844938951659,0.796669905559651,1.05070180754078,1.92929588137323,0.0510966734548281,0.0444047273334804,0.0666897037697651,0.128795429733481,0.227680340348797,3538.09710741844,1,1
473,0.5,0.420013549818516,2.32648378128846,0.755780507897048,0.82169685250544,2.3585701403999,0.0527847719734282,0.0426344027995814,0.0649024385087436,0.128294825776427,0.220609897557905,3546.20438059447,1,1
474,0.5,0.515844939257196,2.19181574925891,0.915459987912122,0.948198463022897,1.85469173275977,0.046841811408926,0.04214929881206,0.062975021544821,0.136650736357073,0.227438136647724,3473.59779893248,1,1
475,0.5,0.485942672075265,2.21856721764559,0.867422080749384,0.738711600901708,2.26733752704819,0.0488726676611276,0.0428963741720417,0.0631288078295055,0.141201890101605,0.227805607305218,3513.97418258838,1,1
476,0.5,0.547051212595593,2.33415903998215,0.77219450330106,0.84031737798558,2.33417265985508,0.039408382406801,0.0418646866694734,0.0619461006207222,0.14933632886942,0.247994241064522,3559.54294596263,1,1
477,0.5,0.487812462117714,2.25394556722732,0.836172527334888,0.766775971706271,2.30339497397625,0.048697766378011,0.0423137577013697,0.0638217598850306,0.135437465598038,0.230087622188849,3504.50323934948,1,1
478,0.5,0.575591123185527,2.29201506594368,0.81757093071886,1.06181900688568,2.25238004863089,0.0354683600844235,0.0441641103461239,0.0661986392473196,0.146712204038483,0.224583279554058,3583.16985795311,1,1
479,0.5,0.535239094582658,2.2503916508252,0.851446109727412,0.896349347921536,2.07695102297585,0.045786176647192,0.0427895600386051,0.0648338097849638,0.139492706486288,0.241932041817909,3498.44160003922,1,1
480,0.5,0.463909844389703,2.2889933844723,0.852204107493409,0.910287301316258,2.12702774545712,0.0505573284329323,0.0429497308621271,0.0639262907955796,0.12981066738175,0.223349339696321,3548.27961161991,1,1
481,0.5,0.50035487281071,2.28626872431943,0.856379032759806,1.32551241278566,1.56815837750524,0.0463418823942182,0.0450270721649598,0.0661106011501896,0.129703801753685,0.224486195242317,3565.1453295868,1,1
482,0.5,0.511869404936522,2.36594046916283,0.728819899934715,0.892007226739597,2.37468166207632,0.0438765045245546,0.0405104096307632,0.0611309560017273,0.13283454415844,0.236589778002469,3550.66106627772,1,1
483,0.5,0.492771023189102,2.30377423235106,0.800978141550516,1.22750066690941,1.70629478521326,0.0462088864039597,0.0446062156892627,0.0666253683092986,0.131293938136122,0.226569277618032,3559.90071246929,1,1
484,0.5,0.502491079701557,2.37253928119365,0.699954510895885,1.17171417987227,2.0728211472245,0.0441184657299392,0.0457318885472486,0.0676205284479535,0.13337908971456,0.233061049914316,3604.13497854418,1,1
485,0.5,0.503599815112206,2.25274213916269,0.933551399927454,1.13612880307401,1.89948435194827,0.0462850533312713,0.0429343283612,0.0643405637347108,0.129800157682373,0.215609092411375,3564.93816325585,1,1
486,0.5,0.510368820303957,2.33773714837162,0.706514545638503,1.08866544762013,1.69906141175601,0.0473556053395249,0.0419021616297149,0.0629632455617992,0.13352233938316,0.226500694379378,3524.924444824,1,1
487,0.5,0.481103046274726,2.29432813897781,0.830176898197277,0.934930547516391,2.0381561220224,0.0477848300828271,0.0420561038462003,0.0635544704198963,0.133887558326681,0.220310352602358,3547.47614778576,1,1
488,0.5,0.527199373885341,2.32154169503816,0.772116827742611,1.03088512444865,1.89123697635923,0.0445112293522102,0.041310990152879,0.0613961544092409,0.134109225452788,0.234622461421313,3528.32052614562,1,1
489,0.5,0.502623464535516,2.31086789019898,0.84505726534706,0.917343534898852,2.20843683588633,0.0452161130950145,0.0413625715705764,0.0643999980222102,0.139591264957977,0.223828024426036,3579.27084803084,1,1
490,0.5,0.488838946584024,2.33475476051633,0.799423609012874,0.924951247688776,2.10981697536997,0.0471607972070198,0.0427872299852251,0.064322441371894,0.135202886011273,0.222351305203027,3572.03394739209,1,1
491,0.5,0.525761049145067,2.32701477375686,0.799757840448502,1.02465495344801,2.03811102053144,0.0441081989869071,0.0419400707110894,0.063887396727282,0.135115341523811,0.230348833086589,3552.66341288509,1,1
492,0.5,0.428703224851935,2.37307850313793,0.74764516181467,1.24988944579699,1.64141481136483,0.0547073943380509,0.0435539219846968,0.0663283361659475,0.123294404643114,0.207953690037818,3606.39559269419,1,1
493,0.5,0.536499824292853,2.26147857882179,0.904623275096798,1.08147120874442,1.98376721937538,0.0423235158930237,0.0438838204758481,0.0646095148382946,0.136746709990378,0.232495531196374,3557.16676527849,1,1
494,0.5,0.53175973037521,2.25800380584167,0.88390190928529,1.01762722583761,2.1232851208228,0.0429377263571677,0.0443100252477022,0.0658748271632096,0.134958943353855,0.234018038907648,3545.4301415628,1,1
495,0.5,0.574960515055582,2.35293021025107,0.754011767368042,1.15959964500643,1.95982428826748,0.0362184355339241,0.0419525005790111,0.0620002878120723,0.147488741689118,0.226890743573793,3586.76288438142,1,1
496,0.5,0.573572082332444,2.3227717503405,0.76486098217935,0.909331358774784,2.46082915919694,0.0357496605071851,0.0427508443599091,0.0631622682690521,0.146612025895641,0.230857988596993,3570.17502035897,1,1
497,0.5,0.5640251112581,2.34445322907162,0.781563479330314,0.99896542058924,2.19572881808174,0.0390642310731216,0.0432488945766957,0.0640672882481206,0.139271311948522,0.237479090427746,3558.78829994546,1,1
498,0.5,0.52522551136764,2.3193311188508,0.769788050741935,0.861856300112307,2.0646175642003,0.0454342528074469,0.0404350920383525,0.0614089104391283,0.137007103747492,0.233171407429489,3510.67458300025,1,1
499,0.5,0.509535358781751,2.28351426180527,0.848623981425357,0.992143168059438,2.01151929224871,0.0480268884808267,0.0434975811030929,0.0643518056378161,0.130208081984441,0.226632623756245,3550.19890321459,1,1
500,0.5,0.476054953767352,2.22567249367404,0.837032792754587,1.008580062917,1.75965506373002,0.0533633045024725,0.042475734531581,0.063681063005621,0.135902828543768,0.23044243043615,3494.15482124756,1,1
501,0.5,0.544150309756618,2.26410769636493,0.785269638267773,0.912098456988906,2.15364502593676,0.0416943734089494,0.0433446034823607,0.0639100474079382,0.139307035841102,0.232625742842002,3505.84858100327,1,1
502,0.5,0.566768574251827,2.30592746826286,0.739240627661362,0.778287371359555,2.20274329264087,0.0421484981456414,0.0408109614030117,0.0621093811278231,0.143196458660193,0.250167907173294,3471.64554842701,1,1
503,0.5,0.471015973387848,2.29317306083513,0.827668079793866,1.05482777003422,1.86040397091926,0.0510267449305443,0.0427231900482442,0.0646978654455706,0.132875306602822,0.221960731878244,3558.27092242451,1,1
504,0.5,0.554321677714424,2.27059125577915,0.786459241699386,0.832385114876789,2.04780568774051,0.0450223803449404,0.0403052226770344,0.0602591144299347,0.14071688610874,0.251138476373721,3467.86423296093,1,1
505,0.5,0.460549012810692,2.26985824525088,0.817097102797977,0.902613382475565,2.10878776486775,0.0524632532662767,0.0435665852656475,0.0669203087769041,0.131903614052242,0.230534538425506,3518.7757927581,1,1
506,0.5,0.483097337678781,2.29026854922887,0.805974285887414,1.16480991929362,1.52202928820544,0.0533964208045444,0.0426763744559094,0.0633035261558899,0.127995980149069,0.21869658542598,3539.73710630007,1,1
507,0.5,0.471295888173119,2.37139462871539,0.679311781407051,1.03979039311312,1.83649096692299,0.0488490718297174,0.0426980893280614,0.0652059876669273,0.131644852697749,0.215684256496747,3561.19011996267,1,1
508,0.5,0.576814995338487,2.35119945003213,0.734846735870008,1.02682183436467,2.06973969640309,0.0389484721513994,0.0415066180052067,0.0616569538178286,0.141581860912629,0.249155513325435,3546.69360478967,1,1
509,0.5,0.473261742329807,2.40215915871595,0.645780220969968,1.06454090398651,1.82543740924616,0.051169005087942,0.0414368396001061,0.0650342121681588,0.131442227707013,0.228759706192911,3549.78810301008,1,1
510,0.5,0.355903117076703,2.34071642644611,0.713529401286321,0.980195556279492,1.64935821760818,0.0732206133541942,0.0422564633006124,0.0651212367834886,0.124522475297505,0.208339224200262,3543.528497197,1,1
511,0.5,0.486096691064152,2.25376415097369,0.855658811600792,0.948100724263305,1.90691200766947,0.0503075318257954,0.0439690961460365,0.0671358827486281,0.133617374798588,0.222925436377008,3519.38262952494,1,1
512,0.5,0.546164141125286,2.252643931268,0.920709397251304,0.801862456483952,2.25769465664691,0.0422226572281312,0.0416133939227163,0.0625716807306094,0.139965647197924,0.225340836648548,3533.32531779569,1,1
513,0.5,0.566265906879288,2.23712459062247,0.860113294450301,0.916788253181713,2.01989855276803,0.0395106384737694,0.041818428670221,0.0640788296479214,0.147344424885791,0.234011618768836,3496.10981829813,1,1
514,0.5,0.467225130810826,2.33624324595866,0.732589811387414,0.99811460743575,1.78747294949694,0.0560290369093763,0.0408167553380436,0.0625557616991874,0.129837775529342,0.222977649006605,3526.98937559261,1,1
515,0.5,0.490922704281423,2.25584067860754,0.781195400875847,0.924451526559703,1.85048732469136,0.0512055406242909,0.0430362154765779,0.0641213047365764,0.133264853643536,0.222445098083505,3490.10563790695,1,1
516,0.5,0.504645670972452,2.31910527511277,0.819306272141236,1.20813785658499,1.73314320380713,0.0464977315674131,0.0439181980709692,0.0666546648220603,0.127771785895657,0.224038374020694,3571.51903822545,1,1
517,0.5,0.550287719801306,2.32609940605118,0.743994572291652,0.984077193446908,2.01572871326097,0.0426781622844855,0.0411961622014989,0.0616367845989655,0.14257115819108,0.235753983405867,3540.85410471759,1,1
518,0.5,0.42687783511695,2.35165758463258,0.698601565099127,0.674978683140143,2.37453127262628,0.0570752006823876,0.0416811278401715,0.0640856297136252,0.132466807782725,0.228668464839211,3523.46482895851,1,1
519,0.5,0.476700602396811,2.30874130534239,0.818351983737905,1.19934999732814,1.55958308949738,0.0504414536400027,0.0422951471452977,0.0630717263430399,0.127088728367742,0.208047815075406,3567.43838742866,1,1
520,0.5,0.505780677276533,2.27070082329368,0.83555934096215,1.1250631769625,1.86464198258984,0.0472910423682616,0.0438369955173685,0.0656972258848805,0.129538138804903,0.2327261787849,3524.71405673461,1,1
521,0.5,0.501521174380338,2.2560164690161,0.837246907524691,0.842494400343575,2.32502768752481,0.0461024620431432,0.0423475138895916,0.0637464125486952,0.135063531554709,0.241416397066098,3499.44430540669,1,1
522,0.5,0.457072238564319,2.24960382645497,0.840733216222404,0.998741009906108,1.96833770344955,0.0517040173767343,0.0456993523005993,0.0671000987430573,0.13257598582151,0.223078481059226,3543.87337657274,1,1
523,0.5,0.51877837883682,2.30186605928323,0.807987934171526,0.879822423409501,1.96191109130041,0.0475595998629664,0.0399466588442171,0.0618689173188007,0.13814704968799,0.233236527341204,3507.44132811844,1,1
524,0.5,0.457823886551862,2.26673038407936,0.800658726488289,1.08133516043532,1.64780876390697,0.0533651468024593,0.0422031398763161,0.0642949205315671,0.134207273710301,0.213234593606129,3528.97829971046,1,1
525,0.5,0.476932513893919,2.30528376969804,0.826724840772848,0.794039410149977,2.42371695791841,0.0509039751093286,0.0420041316595324,0.0634940698698975,0.132064621574749,0.244066158476224,3529.69234110601,1,1
526,0.5,0.513746288843076,2.30296898283036,0.798485059353786,0.95857962479178,2.09353156536845,0.0468346547527429,0.0410103785040646,0.0621574026366103,0.134583385357388,0.231355732730717,3525.5179692549,1,1
527,0.5,0.579715145352194,2.31106773376094,0.817308457701768,1.03371401530343,1.94048035332047,0.0400002495093602,0.0414393015131308,0.0608319391682692,0.137975220253601,0.238387330645485,3529.60478273806,1,1
528,0.5,0.470549213368775,2.39850635348795,0.655397072253458,1.10839341016281,1.87622095810622,0.0507405298721055,0.0427158331500117,0.0654277777378334,0.130035723410324,0.230078933445021,3573.31421700205,1,1
529,0.5,0.574401341905217,2.36303675063672,0.683115276840982,1.16175308975751,1.83612151981139,0.0391717199680797,0.0429583660838201,0.0639967537328336,0.144134143749758,0.240235738432542,3548.71914721431,1,1
530,0.5,0.557203605138301,2.22514705106444,0.872414607637373,0.851909525795009,2.29718564148655,0.0421200423806578,0.0429957977091084,0.0638275423268453,0.141586811504543,0.245274433289855,3501.8845510891,1,1
531,0.5,0.544533291474949,2.29306715668258,0.837895140263403,0.937704134113703,2.16186141023077,0.0414871253633395,0.0424844684409966,0.0639552073435359,0.138138916178734,0.225065827560266,3544.80183865548,1,1
532,0.5,0.501072601835503,2.29084171175515,0.814251450032474,0.998360548667579,1.91614473726532,0.0479902351259405,0.0421702688945546,0.0632127701644663,0.133642420400418,0.224779563127127,3532.52507840655,1,1
533,0.5,0.498070087124093,2.27686813962004,0.8450294072044,1.1287595563071,1.94184038578625,0.0471391835351071,0.0439172218978459,0.0644049995589715,0.129030774995836,0.225764144708335,3555.97754755746,1,1
534,0.5,0.566501284730212,2.2735539718089,0.807138101207299,0.823524087323873,2.34709569853133,0.0399531872084807,0.042006212100588,0.0625936882595832,0.144072237318954,0.248855982266623,3503.73770682632,1,1
535,0.5,0.582528928208486,2.31615355521059,0.78396670532638,0.951108877540989,2.24872480392235,0.0366664516390098,0.0420032137997783,0.0620812415644507,0.146569407365705,0.251415477814524,3533.07097541671,1,1
536,0.5,0.555887527013199,2.35500041269438,0.767482311490169,1.17243342314344,2.00157605158824,0.0383506996127951,0.0435444320553397,0.0662122980486523,0.136814982327405,0.232375729476363,3579.07003962812,1,1
537,0.5,0.556518061110747,2.33884926695638,0.762252367465855,1.13181479194963,2.01016587828993,0.038675195201499,0.0437373615451493,0.0656322624260129,0.136208363940908,0.224244166754463,3566.35220265546,1,1
538,0.5,0.475085696829907,2.2702794443648,0.819646978683131,0.805849604784963,2.13611067430809,0.0500859220537912,0.0421118647080177,0.0635433959977451,0.135989526037065,0.227193770707992,3516.21471796327,1,1
539,0.5,0.402941715140958,2.3401184649779,0.731252626411762,0.935034763259299,1.78765980206171,0.064538940158536,0.0410652010041123,0.0637747199994517,0.130089683628994,0.221924007562814,3537.47338157647,1,1
540,0.5,0.500493243313446,2.26477737324151,0.828207742776422,0.945620279797117,2.10549297946485,0.0453574457127445,0.0421480135954034,0.0657884550546977,0.13500459603288,0.218763213075009,3518.99846468736,2,1
541,0.5,0.519099647548308,2.31147562380612,0.752975804994434,0.96169748416279,1.86536140096969,0.0459046570616681,0.0414077258340461,0.0621194772774727,0.139961109129026,0.222124797597818,3535.8371240435,1,1
542,0.5,0.401987642817889,2.36624088108257,0.722753382976847,0.889204802356152,2.0988454218423,0.0582585013224681,0.0428180261875844,0.0652426420381313,0.131344850997902,0.217903133215534,3592.66006761503,1,1
543,0.5,0.49228288307391,2.35167001589885,0.738882841020117,1.14501155692316,1.68298236436142,0.050348272887182,0.0419051660586187,0.0643113673117421,0.135691350576915,0.224305890884067,3566.13104373458,1,1
544,0.5,0.520997056323287,2.27979046994816,0.801594870369796,0.924371142715615,2.19058579412407,0.0438797469182266,0.0427004661360014,0.0635750394490245,0.135157409311177,0.231545473063484,3520.4504200033,1,1
545,0.5,0.488286223184125,2.29959877378048,0.814332429282156,0.889452805427122,2.0896948752412,0.0513586765454287,0.0418298448541611,0.0633393421829991,0.133177441058604,0.236582415541982,3530.68256517588,1,1
546,0.5,0.462024683050811,2.34614322075776,0.7302649602575,0.93781856375344,2.03852709422435,0.0496585076085444,0.0426163089963647,0.065619443221544,0.132971616682286,0.211388266845877,3570.85757138394,1,1
547,0.5,0.530542966240287,2.27274847145647,0.80426953520128,1.09138189356482,1.82522915392629,0.0436442577384129,0.0439220591459989,0.0653797088474916,0.14396732882854,0.22507229004314,3552.12713302596,1,1
548,0.5,0.508575484045328,2.27543218838562,0.843828883747827,0.96495165003332,2.02152633254096,0.0488721031036848,0.0437532383329246,0.0653297931433074,0.129451184733324,0.235722010938232,3519.00178030599,1,1
549,0.5,0.466672686958508,2.31294758596152,0.731960831166849,0.843451582916401,2.14952938033099,0.053135794700825,0.0415539306534261,0.0645261198385361,0.132257072483764,0.234248232923585,3501.01117017371,1,1
550,0.5,0.530408761720868,2.28120049592367,0.771034751929205,0.800264589873288,2.35706221287888,0.0434906005924314,0.0425537874113436,0.0648381926584739,0.138978892454601,0.240401025884407,3500.04228527934,1,1
551,0.5,0.561911848054027,2.39418947299144,0.642414780957352,0.903505102178559,2.15541649451436,0.0423454800430052,0.0402104730611722,0.0602906488889882,0.137801284632107,0.243679923107461,3525.24581062919,1,1
552,0.5,0.453094823286415,2.33960591569331,0.787373521298192,1.02083058741168,1.91729756335751,0.0524310457713406,0.0418131960313916,0.0639882708920581,0.126692157095215,0.213948573885102,3580.22132841648,1,1
553,0.5,0.492692883697933,2.35319537040556,0.707400108530174,1.21509406544275,1.46828362376734,0.0496217751282081,0.04320932851106,0.0637452026144305,0.133825372606071,0.218499755878321,3562.91029683158,1,1
554,0.5,0.501373417073318,2.28861042654541,0.79615290706957,1.0741118865168,1.88659575351863,0.0454194318158791,0.0423463369040929,0.0641727829528349,0.136769265224533,0.221950229524351,3543.3466388295,1,1
555,0.5,0.43331806030037,2.30956630038743,0.760152417615345,0.876118319472848,2.09891256326676,0.0573415342404462,0.0416760660348271,0.0638877295671621,0.126147307924163,0.230678375919424,3515.84086592635,1,1
556,0.5,0.553345273852342,2.3230373056826,0.76511852054383,1.04029078589496,2.16478429896792,0.0394412022609464,0.0435152490536549,0.0648152574420537,0.136851753081647,0.231934423476624,3545.59928212175,1,1
557,0.5,0.438562147148792,2.31412898567206,0.802927234821633,1.11739286723874,1.79652292464004,0.0554316372006189,0.0441658953514472,0.0671634774590271,0.127797346437891,0.218563613342657,3579.22735528354,1,1
558,0.5,0.441562977519102,2.31756358577234,0.78856052566131,1.00158679255955,1.9916624043811,0.0506563531596469,0.042747233996764,0.0666159495369738,0.13262616269533,0.217722137662716,3560.72942240757,1,1
559,0.5,0.546065778835871,2.25027144316177,0.8479555120206,1.18775278081327,1.58228410697507,0.0433513261661984,0.0422665841295556,0.0625813857990402,0.139232040286016,0.227661389838859,3516.91850860383,1,1
560,0.5,0.538666448076523,2.26216091418731,0.84526358976902,0.960547431781248,2.1128256921896,0.0434367832114659,0.0437228193122798,0.0656966766077164,0.136358156490478,0.236392249237691,3519.7434911425,1,1
561,0.5,0.483207424141664,2.26934452743631,0.790533997032109,0.995652206450349,1.90422536593257,0.0490849991651534,0.0438271392228702,0.0656480727472055,0.134141208450522,0.220839710655613,3514.02568075739,1,1
562,0.5,0.443067704173399,2.33054421938806,0.779640226522154,0.789107503371637,2.12698779407464,0.0568810515021594,0.0408320989688047,0.0631110534505389,0.131902344191116,0.227379714046024,3528.66374436786,1,1
563,0.5,0.505361493012655,2.25725052227752,0.817893925595132,1.12804843792883,1.62991568911214,0.049330460052513,0.0426104398140363,0.0643122019737333,0.130298745176042,0.217471110748707,3506.61052292081,1,1
564,0.5,0.531634447971137,2.28023020814379,0.84753203730513,1.13954178334605,1.98265806428568,0.0409956130466302,0.0450925569530445,0.0661906781214207,0.136901744650165,0.231773669901117,3561.17452196904,1,1
565,0.5,0.486194852764591,2.30463743319386,0.784919313023528,0.857708565776548,2.17323824243792,0.0471399098576388,0.042178318215288,0.062987691310514,0.136716512934155,0.227771432690663,3544.90087001608,1,1
566,0.5,0.573891446557059,2.29056106372394,0.780645967858383,1.00530960390225,2.18478130783172,0.0395814054172726,0.0430599118364901,0.0653136130215033,0.138642788093639,0.26015723945841,3492.28171955767,1,1
567,0.5,0.484119300841998,2.2314141941253,0.929575353435951,1.0940573037806,1.85315035620547,0.0469667390091019,0.0443028493915531,0.0659503423207721,0.134543397214362,0.215062259604368,3564.74340986262,1,1
568,0.5,0.410407458396357,2.33389369280021,0.74464294680057,0.917782456515435,2.05328148223204,0.0566778899872176,0.0414656502937948,0.0633667226769509,0.130353534832921,0.211104238654322,3568.40662597283,1,1
569,0.5,0.492169826845151,2.29497648676952,0.830975266299455,1.03137440862597,1.9507319027394,0.047420126247262,0.0431509353213715,0.0642191365313748,0.134550504500988,0.229434967270751,3559.82138640339,1,1
570,0.5,0.386435942397936,2.26257839159985,0.819821657597851,1.01445605711841,1.82435768065839,0.0634503470073444,0.0440694262328567,0.0684980878334496,0.122351907375371,0.221186782429697,3513.29782219762,1,1
571,0.5,0.496779029571996,2.33714116999995,0.729161658222539,0.927662351326456,2.00109099343985,0.050298195704195,0.0410565456758182,0.0629808439770024,0.132370844285327,0.244100286865507,3504.19762625606,1,1
572,0.5,0.514256342683087,2.25959683052546,0.839102421988119,0.981843570576653,2.05599506851549,0.0445448323520558,0.0430554601483289,0.0641261269332593,0.137103466188386,0.224393900076225,3538.91000649859,1,1
573,0.5,0.460856906862749,2.33109060771501,0.74029796544249,0.950926621953557,1.84272637822874,0.0553971076738101,0.0410550351009387,0.0629967784727041,0.125605393962603,0.220184236481008,3507.83025879842,1,1
574,0.5,0.480042872660916,2.36904353822474,0.706400801826865,0.919860455141136,2.09747582185472,0.048319593752768,0.0416097441405574,0.0637840097885863,0.137373721264131,0.223659962732905,3574.8087505057,1,1
575,0.5,0.369379490675715,2.25171728147569,0.944567843400142,1.0211235773644,1.91579469396928,0.0615218082865695,0.0433313029180464,0.0647661751954584,0.126963561535016,0.208182602773807,3593.15526344142,1,1
576,0.5,0.464461527744036,2.367244429201,0.624116638118969,0.913462434322296,1.96623025205781,0.0515287487318712,0.0427285861074717,0.0647590804048654,0.134885456108189,0.226331330501182,3535.01905711027,1,1
577,0.5,0.436597948642255,2.31008085058227,0.755073717838676,0.965195459614476,1.88402585071152,0.0558499922719533,0.0433652382187593,0.0667182623927355,0.130170132187523,0.219285064379526,3533.09528017637,1,1
578,0.5,0.509547400012481,2.31547265347341,0.837968049260433,1.31242778646281,1.67942928334722,0.0416095759091565,0.0448220114236566,0.0669951035837299,0.140227058086864,0.214383755185884,3627.061570215,1,1
579,0.5,0.596200194299785,2.34695026353161,0.722087116045199,0.827827492228674,2.48256640691322,0.0343784980533018,0.0409220104436206,0.0613251359885728,0.145887815913606,0.247170099568364,3521.80767843093,1,1
580,0.5,0.486694140939784,2.23977653605214,0.900101762776595,1.11821225662844,1.71971996273838,0.0504242744235821,0.0432767765372814,0.0646815985309559,0.131866821911792,0.229645834344077,3532.07832852557,1,1
581,0.5,0.505715304648635,2.29162152029754,0.766152586925134,0.671616404194922,2.41871843680223,0.0471314644533901,0.0417080081879497,0.0633840452397544,0.141069633751826,0.242408378281226,3494.21207056018,1,1
582,0.5,0.543584955775638,2.30728796783872,0.828477618339587,1.10422826671848,1.87601882532393,0.0422489146719633,0.0422259061096629,0.0632483559352462,0.135924056824515,0.233263679810169,3555.41291148216,1,1
583,0.5,0.551749755036259,2.26838259539835,0.840015758982731,0.851883101641312,2.38419816205844,0.0395004026041474,0.0426906988254958,0.0637986995121124,0.140098663255772,0.241729498770776,3507.64276999435,1,1
584,0.5,0.408518975743148,2.34952464346842,0.722303425692177,0.869351447665124,2.06976613399901,0.0576042654345259,0.0420245743348166,0.0646297783615591,0.126483511906553,0.21710060954621,3544.44776631174,1,1
585,0.5,0.555642268201705,2.24413405407186,0.930168157757114,1.02417929884363,2.18308691201783,0.0416938646385951,0.0431895525147407,0.0636012222308133,0.135036072565267,0.252477704421574,3521.39838338511,1,1
586,0.5,0.542740120148147,2.2243953199655,0.984251072277195,0.933627868825193,2.30284332971438,0.04049549946276,0.0433750742634013,0.0649680180152117,0.136863380945659,0.237281773068034,3540.23576065725,1,1
587,0.5,0.524471933045263,2.27837537898267,0.810015934753278,1.0157405615554,1.82185884624824,0.0465013335494602,0.0418509170001205,0.0636984249946464,0.137496516327694,0.224117996243317,3517.65527272745,1,1
588,0.5,0.522115098350694,2.36506917664941,0.772722068940511,1.18908491177641,1.91357683927812,0.0447800455159973,0.0442823609600016,0.0652632050774873,0.126595067436651,0.227256642991136,3583.97712183008,1,1
589,0.5,0.485269437710709,2.32954012344214,0.791289538366571,1.03322768667614,1.99115830995401,0.0487053037233997,0.0429062372422524,0.0657223530204793,0.130798976576657,0.22097195918095,3568.40713267584,1,1
590,0.5,0.512617530884862,2.31519538432483,0.812421397699138,0.935400395331065,2.28708034856207,0.0429964286092069,0.0427240742315202,0.0639139529515327,0.135788100926495,0.228120637984655,3568.21707583119,1,1
591,0.5,0.493736364426281,2.37230081019573,0.675151709164172,0.989023824796596,2.02701021140356,0.0465287129948071,0.0421980706795714,0.0641667200420263,0.134888956878511,0.229096173011763,3556.16413113754,1,1
592,0.5,0.494928129037228,2.27429034802924,0.841875682923386,0.964781662363319,2.0416745845458,0.0462802639263511,0.0438253718544625,0.066506754380838,0.13891896026491,0.217210486428853,3563.21060217739,1,1
593,0.5,0.514288964026968,2.29519146802614,0.848988576999364,0.726792920437086,2.38788943448417,0.0455889904005518,0.0399082603968861,0.0602203384599942,0.137608447644034,0.229760514292155,3540.12824016777,1,1
594,0.5,0.519530075893934,2.31678959368727,0.788747650832033,1.14123204434149,1.74561661059932,0.0434858986265761,0.0421256155748636,0.0639112178573992,0.136528616983982,0.217259876580506,3556.45271777635,1,1
595,0.5,0.541459166068535,2.28066369428396,0.789413183441675,1.16607553534175,1.52860232016511,0.0448739193314035,0.0430959834165622,0.0653265214265725,0.139332785747025,0.226293288347512,3509.99653844821,1,1
596,0.5,0.481139056908997,2.32463211619763,0.718110021219263,0.825028695803387,2.31919678880212,0.0495983342170297,0.0434571250517861,0.065736006496851,0.13305644200447,0.237017549205719,3513.96971959555,1,1
597,0.5,0.566540524902936,2.39236501197206,0.667375907063933,0.951741432744849,2.45810527933888,0.0371147021655153,0.0423671272699943,0.0635508939889522,0.141489283965836,0.243041011144879,3571.73836398011,1,1
598,0.5,0.475691025234217,2.33962530016495,0.729524781308194,1.1091796289276,1.75634940499657,0.0511583875314756,0.042950582661808,0.0642264753301006,0.13024493083073,0.22122154388739,3552.3379097585,1,1
599,0.5,0.531045980716067,2.35262642821445,0.748795217659924,1.07432402771587,2.00477256288215,0.0410845518183842,0.0432832087005639,0.0647980861271251,0.137531243142535,0.225068560069458,3576.74351463757,1,1
600,0.5,0.468913438074719,2.21883909588691,0.924750625034803,1.08779456417291,1.6970542539182,0.0531912118690848,0.0442767222916879,0.0669335552076872,0.130409998775784,0.221806767717744,3523.29870010896,1,1
601,0.5,0.410675696614326,2.17428521686197,0.949043509803248,0.942818715586672,1.74014783669608,0.0666400839752793,0.0445630036165905,0.0663615038841925,0.130313830040468,0.222307261981778,3501.28485958234,1,1
602,0.5,0.468547566177187,2.29040057893944,0.86507193325453,0.88251667858023,2.21717241641115,0.0486227833001876,0.0415099810368711,0.0641071117417954,0.130961719320182,0.218354355207678,3554.05099920682,1,1
603,0.5,0.557643299421443,2.33673249099238,0.73466730196242,1.00450016404129,1.92186270835579,0.0414767028774569,0.0407903547371636,0.0625131629992377,0.142639382738941,0.236590679288763,3519.46892887307,1,1
604,0.5,0.503840247642907,2.30867822234358,0.828854862791444,1.02807514065515,1.9901074996029,0.0434297468232519,0.0435539927518705,0.0648306769289765,0.143331996224987,0.220232515589727,3601.12467021743,1,1
605,0.5,0.448430916297447,2.36681972188042,0.727081903412472,1.20109161172437,1.66153746245177,0.0521445538448713,0.0429256221463085,0.064243383463252,0.126192370876491,0.209420852621407,3594.283870273,1,1
606,0.5,0.45958582270515,2.29386042149066,0.833769537910815,0.909229081265842,2.17170588545954,0.0507157922320103,0.0430026883236252,0.0636513592171719,0.129448916192485,0.217800370191799,3568.94612671083,1,1
607,0.5,0.511807012342045,2.25809838051914,0.846799593097273,0.921614337072079,1.88001439765324,0.0479442833428251,0.0411020713888945,0.0623247691742242,0.139417353709711,0.235815654107372,3493.19759483095,1,1
608,0.5,0.588202448522871,2.33013469593453,0.728780174876777,1.07925856021531,1.91461795321341,0.0364486228141376,0.0416714157935174,0.0623310130737782,0.148936070755569,0.238931219208653,3526.28363852939,1,1
609,0.5,0.525480195418853,2.36542779044351,0.689303871994747,0.964557039084493,2.09042392537374,0.0446032963743006,0.0412566545545836,0.0645203947906129,0.135086477218564,0.229658134645564,3535.63015102435,1,1
610,0.5,0.521633911752872,2.29228334951998,0.835875007426392,0.82063819321531,2.2903573399054,0.0464213265358899,0.041096571730209,0.0610769509560635,0.130496212992617,0.231779698468793,3525.45919936258,1,1
611,0.5,0.551732595460349,2.32459145316851,0.782313890156045,1.04636785385622,2.10450964934211,0.0405375604446612,0.0436309410426233,0.064512826150472,0.135178353912439,0.229834740967553,3568.35188812386,1,1
612,0.5,0.464385450049406,2.31297898166831,0.783292439697656,0.855600615057194,2.08127502379376,0.0534365739498637,0.0426905874026624,0.0637590386630472,0.131147280377374,0.223740360891738,3545.46782483697,1,1
613,0.5,0.538304732392047,2.287469879277,0.824188834176366,1.10294251548019,1.82319644451807,0.0428689802956874,0.0430290974574118,0.0632545026317992,0.137017570922458,0.22217876569814,3558.73216013711,1,1
614,0.5,0.506820947658822,2.38779462184846,0.711698121580224,0.792825887492359,2.53842979046033,0.0441264877210152,0.0414731348705288,0.0629160401846025,0.132638847411871,0.233631551580639,3567.38000398406,1,1
615,0.5,0.457831826135197,2.31838378878067,0.792111531948685,1.17774967804534,1.51255619916845,0.0531628016671744,0.0421426187183713,0.0650221452709925,0.130309677134217,0.213456801186868,3559.53359087743,1,1
616,0.5,0.564067835566343,2.28310531340393,0.871268999001328,0.946520962959279,2.28897599094325,0.0388718892728009,0.0424705382540977,0.0632172613306457,0.143421914763206,0.243775245471955,3555.46168752165,1,1
617,0.5,0.464923755351827,2.2924929407909,0.820633376354796,1.00196977516865,1.88150614461136,0.0525881671017378,0.0433331314878859,0.0646296291469363,0.128975384815736,0.20791628583221,3561.32111389524,1,1
618,0.5,0.535268581746013,2.3225634357046,0.793247248908433,0.965998930035724,2.18950179271505,0.0417512893726315,0.0420444526336656,0.0620511633147195,0.13792990378715,0.225396818683784,3568.08582045752,1,1
619,0.5,0.471490323646333,2.37053361693561,0.659159728425374,1.03590020570275,1.97192417389157,0.0493664217961242,0.0427230291009813,0.0650964860068705,0.132177512805786,0.219751294784152,3560.89720248376,1,1
620,0.5,0.458054061505959,2.31054759592471,0.767221471205018,1.28662702306262,1.40177251093819,0.0519903517802408,0.0445056211568635,0.0667085713234905,0.130440288025313,0.21301224001228,3570.27125346591,1,1
621,0.5,0.4369840564982,2.42570587883578,0.646145354244498,0.904165462471317,2.25743075205911,0.0542158872502963,0.0407219732893678,0.0626616203936625,0.123517229632702,0.224492345534966,3564.93211914109,1,1
622,0.5,0.481204571908555,2.36538279355542,0.688223611453192,1.05411444918662,1.82304528663534,0.050976838452905,0.0417130183853573,0.0631787938997547,0.13040628111917,0.218352573606935,3555.88193924115,1,1
623,0.5,0.523714741253065,2.27165368130486,0.832441218589356,0.983321185795451,2.15291027412354,0.0434910266226721,0.0432169452695731,0.0638579437149612,0.135740999742234,0.238388451757285,3531.69878000816,1,1
624,0.5,0.554261592109182,2.31512040876061,0.821969190329118,0.952049325809941,2.47014357856595,0.0385360305215155,0.0431460783845547,0.0643155582225768,0.137163829377839,0.244589068507719,3542.54464556901,1,1
625,0.5,0.477642581597504,2.32629636739551,0.785868679270301,1.21504108443776,1.632975284315,0.0486770305380562,0.0445273175856834,0.067960233191997,0.135182470053462,0.216465789474746,3589.33284071391,1,1
626,0.5,0.509905089619846,2.28836117946979,0.771639658994209,0.934862374294542,2.05052530544433,0.0462747429371188,0.0416058791812393,0.0635247310859721,0.137012910719487,0.231498019306314,3507.42945483029,1,1
627,0.5,0.464956725856821,2.25539203796566,0.90233617396876,1.17250664830637,1.49649436568612,0.0539082359296609,0.0419178746617336,0.0633058185653149,0.133388821721311,0.210541292446411,3553.02907357158,1,1
628,0.5,0.46503973321972,2.3122248410189,0.801257108094939,1.12029041319448,1.82529810965773,0.0498462162243617,0.0438764753258074,0.0658548183955154,0.128115671965856,0.21237669931301,3580.08411159726,1,1
629,0.5,0.506920855878044,2.29048165616828,0.832191886298415,1.25031721426606,1.59939677628594,0.0462447589778655,0.0442722773815211,0.0664757266714419,0.134405660592724,0.212853897317953,3580.11357324096,1,1
630,0.5,0.514678664160077,2.3277677268089,0.747645246142399,0.856033785327019,2.22430459555356,0.0451435122912647,0.0424617070300273,0.0655351502522716,0.134733715902275,0.227484512468077,3536.90688094037,1,1
631,0.5,0.48445450995816,2.21542917503814,0.925227259662328,0.950551233925591,2.0488353291175,0.048311033599526,0.0433189195324928,0.0647284804504436,0.133813760082548,0.232275327033863,3514.8708642009,1,1
632,0.5,0.529977400139532,2.25680522797974,0.830992120543491,1.05668978098177,1.92126783507537,0.0431887448189179,0.0436240872667937,0.0656692778519926,0.1435435586733,0.231298139250199,3536.85950581451,1,1
633,0.5,0.532720226105985,2.3182296170155,0.805888175000053,1.05492607177174,1.87631273277794,0.0417560276662937,0.0417561882668751,0.0642789880084086,0.142586610109791,0.220463809403193,3564.37488610172,1,1
634,0.5,0.468949899069737,2.26825843221132,0.867849414450237,0.78646536933674,2.33251927725531,0.0494807487753961,0.0423862497890076,0.0643732562984743,0.135591588869193,0.224171714455978,3544.05970006267,1,1
635,0.5,0.464723973632057,2.32004197654573,0.746864663857083,0.907017992981951,2.10392627507551,0.0508464811029612,0.0432074774156123,0.0644972183975359,0.134589856533908,0.226827183891752,3543.0581986433,1,1
636,0.5,0.471257319067891,2.33871564287822,0.735486732143652,0.898066128064646,2.15282017605364,0.0490618464525287,0.0426567805598096,0.063359191347933,0.132204464405889,0.229747842685098,3538.57794049378,1,1
637,0.5,0.51513354340989,2.25047123561848,0.86854220996068,1.05645479692539,1.92690627455538,0.0452562284763931,0.0444732080280702,0.0657336517333579,0.136252026982144,0.235898565514258,3535.54098743846,1,1
638,0.5,0.534665002325515,2.21555052017163,0.915496849164636,1.05380458646978,2.09740504150003,0.0422388872460922,0.04455748635641,0.0659885352638744,0.134216793659959,0.242133565618477,3509.96211453967,1,1
639,0.5,0.487766847490216,2.34963524766098,0.671568033568441,0.928650354834194,2.15657475796292,0.0458411063489604,0.0424261693767726,0.0658483298933352,0.130470348180011,0.21419550561465,3546.48727615609,1,1
640,0.5,0.45113097484717,2.32550487592072,0.797294744313252,1.10044690027407,1.761381312206,0.053378744331745,0.0437536024806651,0.0646589980018915,0.129288384628266,0.220907834256602,3578.99699096063,1,1
641,0.5,0.485852648475452,2.22193514074703,0.940803134871386,1.01608662955823,1.90695179845802,0.0481022227965835,0.042890180567682,0.0647208103930836,0.143143174107897,0.222034505865225,3566.43115923854,1,1
642,0.5,0.431859762176432,2.24325868778236,0.85393945201956,0.870652034310081,1.99046221897381,0.057452803820725,0.041601319959536,0.0636094960460094,0.136056125436448,0.224258610751641,3529.31570272015,1,1
643,0.5,0.542430845491282,2.31895605437654,0.827592159428729,1.12794669351391,1.93491855629398,0.0403374795924582,0.0436387190374873,0.064593717217721,0.135227306036157,0.212879402668756,3591.09489634027,1,1
644,0.5,0.527537249340237,2.28550274444185,0.825042091680083,0.83420617346198,2.34096788468498,0.0458131902227214,0.0442634079063786,0.0663234170554461,0.13611642380213,0.250503838439992,3517.88037629583,1,1
645,0.5,0.476141378960586,2.32932503663223,0.765661192105114,0.855898403018314,2.12467644079478,0.049018623838627,0.0415932083546424,0.0635761689109706,0.138953186038714,0.223999360882137,3561.08656402968,1,1
646,0.5,0.430300273631087,2.30806302408577,0.826056173475605,1.13416352896437,1.76689564554119,0.0545191779309038,0.0441697540717833,0.0657113428860805,0.123949309496738,0.208877913247532,3576.30435822447,1,1
647,0.5,0.56809231619437,2.26818287593287,0.834540246826255,1.1836083044499,1.80258607695273,0.0398777192506661,0.0444480373288426,0.0649807730579939,0.13803123500769,0.240724003174813,3530.5442866355,1,1
648,0.5,0.493069063923876,2.22907515004096,0.836297662017622,0.998754488462904,1.78703668849724,0.0504875244772983,0.0422624588463587,0.0639333563939646,0.128699667853907,0.229483720552359,3463.87728775458,1,1
649,0.5,0.532013085373081,2.2442517262364,0.903894696176317,1.03976853019442,1.90386560450397,0.0428767786153907,0.0430125002727632,0.0643472448426684,0.136513913452752,0.222778764567136,3531.29315690249,1,1
650,0.5,0.448556325271163,2.37402037461159,0.66845110048666,1.14677514824789,1.57761076026901,0.0567630524873566,0.0419056913723028,0.0639009475031985,0.125768948663642,0.21372057577191,3556.03874230068,1,1
651,0.5,0.529694833794209,2.2574514577594,0.872330535180312,1.03550894609056,1.95053851254024,0.0439738785375949,0.0431248772928816,0.0638042722354551,0.13722341238708,0.237304789294261,3525.79097691646,1,1
652,0.5,0.454001013457567,2.28765933110382,0.81355126535769,0.822416042854998,2.25746629466317,0.0523205735409427,0.0415439149494074,0.0629237589537862,0.13293868319075,0.228512049128009,3534.09192027195,1,1
653,0.5,0.574292878000768,2.2711360441999,0.807985449924958,0.939369269435879,1.95930676374367,0.0420009883102688,0.0413050610981232,0.0615560886357276,0.144400139720119,0.234895425797648,3506.2187197983,1,1
654,0.5,0.494625585197671,2.28202494704725,0.822457168133453,0.804288412631888,2.17346049598941,0.0505025180202256,0.040000935316646,0.0622019073432608,0.139023689707762,0.23174915306581,3526.48305474833,1,1
655,0.5,0.489863354192242,2.31410029286216,0.849329112697879,0.962021150342799,2.32403147177378,0.0453880864088095,0.0437393393764391,0.0657533528785745,0.130372005335145,0.220187715517989,3589.90974129627,1,1
656,0.5,0.562494819811096,2.26455592564707,0.794782474753744,1.09126737911577,1.64437448949066,0.0454689330943637,0.0421570404693857,0.0638390264428473,0.136568469426145,0.24327817093659,3482.41057419893,1,1
657,0.5,0.556764638833944,2.30332292455396,0.783774323964332,0.955321745238151,2.26569684782943,0.0388544283064822,0.0426377187708819,0.0648119558181305,0.140530214335486,0.239197684028149,3539.4922647053,1,1
658,0.5,0.488755494126651,2.23063683190852,0.900349154464933,1.11182037786612,1.79022687809702,0.0486054596654442,0.0441358504138649,0.0649291119211418,0.133084547177966,0.230516059896627,3529.88290733405,1,1
659,0.5,0.552200679118704,2.3095089594747,0.823441038249625,1.12305496362749,2.13828584780222,0.036327572130925,0.0450045846413676,0.0654622544310658,0.150863686116571,0.231210537860521,3612.23021855092,1,1
660,0.5,0.422353923936539,2.32302959195398,0.82612794871088,1.03351516437897,1.9897134680516,0.0551471840712645,0.0446254548599399,0.0683396915446985,0.130966896415818,0.221783795255243,3603.17500385173,1,1
661,0.5,0.435947553517942,2.28784695810499,0.805665480535306,1.10347555129364,1.76864887574295,0.0539793947340357,0.0440260666875901,0.0663504960801267,0.127231549942801,0.211634461460209,3553.84601120413,1,1
662,0.5,0.581210419985806,2.29153134639606,0.827447129756854,1.02372707474088,2.18014709585514,0.0369946442597726,0.0411387744341169,0.0619973050907137,0.141812196262555,0.241868009990472,3527.97082415681,1,1
663,0.5,0.493587748823482,2.24091495780484,0.930417126612915,0.996353874889046,2.05785238515878,0.0490596206612127,0.0434025938873097,0.0652801146188438,0.125122256960549,0.233415550059634,3522.26935338993,1,1
664,0.5,0.547839727295869,2.3627263533899,0.772061026675625,1.06431204391064,2.24501405213815,0.0395904360596398,0.0422071649112194,0.0624361300194793,0.135437879358964,0.240978085135064,3581.55711366402,1,1
665,0.5,0.529495712247775,2.32344512037266,0.733942793457194,1.18373064496415,1.58359524877292,0.0439830875025533,0.0426989570255099,0.0637384447815319,0.139413992849798,0.223553203389547,3545.0866728956,1,1
666,0.5,0.429323960474178,2.310618013464,0.774352048273135,0.974582141147492,1.85129403152477,0.0567519078438409,0.0423096368547917,0.0646742893562799,0.132046779386141,0.21765288241519,3548.6510672385,1,1
667,0.5,0.554670489055603,2.28066805567958,0.786293330014665,0.881908075141098,2.11605081848615,0.0434874715643852,0.0425675977714498,0.0625115857121528,0.142956464338012,0.25709059300334,3505.67853356429,1,1
668,0.5,0.44540420487451,2.32731905623643,0.740737972744345,0.726901609087802,2.19777487971009,0.0574034428156025,0.0394659334757915,0.0609536197476886,0.129652338376503,0.222498062336839,3503.54575703956,1,1
669,0.5,0.493217776279708,2.35196815240812,0.659589416396915,1.05305614723803,1.92371251589206,0.0452823456463143,0.0423265974644691,0.066017257123371,0.13897821415995,0.222120844167806,3553.1009218892,1,1
670,0.5,0.540917986632395,2.2395452808613,0.869409663543856,0.735563222965776,2.46077260295009,0.042320754433599,0.0419469930363406,0.0619589660629737,0.138897581360586,0.240776842322348,3497.90236237103,1,1
671,0.5,0.527298129984812,2.27672483273339,0.863436503101927,0.961372076518629,2.03495241572222,0.0433365177708594,0.0412772553769057,0.0624836697346983,0.138265865194474,0.223432802728573,3545.08775619627,1,1
672,0.5,0.475158599972424,2.25040851034734,0.850034926413201,1.13544477461583,1.57635303967552,0.0519359756668248,0.0413514230981901,0.0637399765040087,0.131553011245545,0.219974430883023,3508.97505624082,1,1
673,0.5,0.548595927464085,2.29012231965773,0.849646524049507,0.816061428137117,2.51395346333594,0.040097331684762,0.0438752869343063,0.0664118835039051,0.136315366795606,0.243960208019627,3523.47003110608,1,1
674,0.5,0.492260692775918,2.37847544275377,0.749169500652209,1.15132443501159,2.01090295586109,0.0447067805947871,0.0445661001121836,0.0650513665692154,0.135120808668807,0.222022433591279,3639.1284895975,1,1
675,0.5,0.518580949329176,2.28635253189551,0.804942097549938,1.13539847870526,1.9151401010417,0.0453827614928665,0.0426126246971607,0.0646950047920997,0.130020394286944,0.231089493123492,3531.0673462703,1,1
676,0.5,0.484305748261943,2.29454858494232,0.788709227660669,0.506402080084857,2.80906467106771,0.045174531320578,0.0413209859337052,0.0628508200122063,0.146220530733382,0.241889643096002,3536.8063273086,1,1
677,0.5,0.499267378849859,2.26215539370948,0.859331891921022,0.813016936683878,2.3202308074766,0.0467746870308091,0.0420228470569516,0.0621923484341628,0.14175201625177,0.231475683941518,3549.90123543483,1,1
678,0.5,0.546733563114287,2.20496199380567,0.895473898712463,1.0435495704407,1.98225034348185,0.0424523856152372,0.0441876342864028,0.0661340502054039,0.140552045578678,0.249626279081345,3496.9192712966,1,1
679,0.5,0.538655007010944,2.2739487807412,0.743192847637845,0.763452825939053,2.16978236032544,0.0458093394769318,0.0415834176170062,0.0628559109905418,0.137449111586417,0.23352439600009,3467.37041627889,1,1
680,0.5,0.548736043693246,2.26318442883681,0.851305272350304,1.01869492448459,2.15789723889487,0.0385972272902329,0.0427703780152211,0.0643967164779612,0.138498616780127,0.229443421611073,3536.33086707284,1,1
681,0.5,0.517182419516435,2.26282055765179,0.860932545931438,1.08080059429426,1.8127211546599,0.0430901931148379,0.0432624364358026,0.0645461956227952,0.145435755822783,0.23251598361197,3553.43064745577,1,1
682,0.5,0.568147344509557,2.25803199385929,0.859470235085968,0.855139789334382,2.30348902126758,0.0411321141664524,0.0408899835858114,0.0610595256811374,0.138047684839901,0.253563639020655,3480.37848737314,1,1
683,0.5,0.502533007587432,2.25415295458588,0.776841612072791,0.913822382708508,2.04787892525522,0.0456042788462898,0.0436981581244552,0.0663501178098175,0.139134328602407,0.221844958696518,3503.23146072603,1,1
684,0.5,0.494570032291391,2.3430031438818,0.754202429244849,1.19323578536642,1.89229959789642,0.046171720434531,0.0425823272227418,0.065070582922147,0.125067052503134,0.215797809293588,3571.86124706786,1,1
685,0.5,0.502399524494025,2.27867977811807,0.820358609976883,0.949287431530017,1.87485092015315,0.0500096895239299,0.0420981996098877,0.0642726354647847,0.134913673207417,0.225735385811129,3518.87533898649,1,1
686,0.5,0.479750466779495,2.26997255142068,0.825666559852686,1.05272799835004,1.85143420272132,0.0475944942733787,0.0435290699031407,0.0661374150659337,0.133208626726597,0.218268620094378,3532.36440748236,1,1
687,0.5,0.482438327111562,2.35343073812791,0.732151997977145,0.930710305325725,2.03717380603701,0.0485290145727566,0.0420205247426991,0.0629747055941299,0.136168100066503,0.222105643402385,3576.19454609343,1,1
688,0.5,0.464374482762131,2.32047524741317,0.785556009293972,1.16187661566025,1.64113241820463,0.0532664056134001,0.0434488489627842,0.0662116359307356,0.126932441342847,0.2163671451737,3560.29190487784,1,1
689,0.5,0.467248521881756,2.26788495000914,0.802565193210411,1.03358374919677,1.87616372133234,0.0518756639374046,0.0445119280927707,0.0663661052780489,0.130611194012011,0.230476869209611,3525.09624420562,1,1
690,0.5,0.567194084668803,2.34064450357107,0.770579520944599,1.27322916930992,1.65226305380547,0.0388032877441999,0.0442612509273996,0.0670873619471128,0.139665497801011,0.232890461047733,3563.9295709159,1,1
691,0.5,0.465076486240199,2.26270130061189,0.869452600009378,0.890763116962186,2.07135669268842,0.0532898883783854,0.0419487319082886,0.0623854682566959,0.130185471517402,0.225684247315621,3530.46916097243,1,1
692,0.5,0.495166492170133,2.30717134167295,0.769267540510669,0.849193373668051,2.11426673812631,0.0489931674962629,0.0412954055045122,0.0626767046234752,0.137774585320542,0.234682801089136,3523.04431430549,1,1
693,0.5,0.46088753404599,2.306727332375,0.778494427302198,1.09166847535395,1.80266523337546,0.0509357918073615,0.0439962715101965,0.0665289219699407,0.130634576664436,0.216022015869923,3555.83961603222,1,1
694,0.5,0.536031185924746,2.24634620419092,0.868437493710108,0.833198360750902,2.17173756055873,0.0468563588562356,0.0421055046332978,0.062653819766734,0.138133213616538,0.248485811629721,3489.6559989332,1,1
695,0.5,0.468679244722548,2.21059678903121,0.917190058577007,1.03140362692083,1.88519213829193,0.0533111953992176,0.0441506072463547,0.0655945724418641,0.128342981590828,0.22410002867281,3512.52937696586,1,1
696,0.5,0.459038414362321,2.2456205944146,0.870075143565306,0.865290334345624,2.23579256728249,0.0522382410733648,0.0440135307141783,0.0655418465605227,0.134858038130711,0.245300768678295,3525.52401899558,1,1
697,0.5,0.507702720907977,2.39693636546944,0.670687124377557,1.14645437973517,1.89982990883447,0.044220235687721,0.0436113631815302,0.0679053339409723,0.129254047651233,0.219982271944224,3584.25970495544,1,1
698,0.5,0.457034242755812,2.24556196422952,0.866762413762823,1.13240279344624,1.64086684962215,0.0520785164875548,0.0437177582449197,0.0676060822728891,0.134030743127288,0.217670274987564,3527.45789000801,1,1
699,0.5,0.485045771947653,2.310612376616,0.769627861885159,0.971339339894197,1.85103437687974,0.0524505305670518,0.0419060425651941,0.0642166664222632,0.131207187778015,0.234822650441415,3504.37333665232,1,1
700,0.5,0.44712514383607,2.36351531291382,0.764045349040005,0.85200372236119,2.25237155455044,0.0524376934261757,0.0407076697480478,0.0631304222071979,0.133276236055592,0.23072132883649,3569.47170940993,1,1
701,0.5,0.517576133283518,2.34320428807773,0.770141553392304,0.905704063520331,2.30021499708172,0.04288476741659,0.0424842831862271,0.0646295607550384,0.135092505217852,0.229084973946598,3561.56702443243,1,1
702,0.5,0.428978250480239,2.30152374569751,0.776804843262983,1.09681107921337,1.61857521226721,0.0584563322704249,0.0426824096121441,0.0656827609703078,0.129316199374173,0.219244581772346,3547.98362024606,1,1
703,0.5,0.505197097578838,2.29123363103117,0.826307157433144,0.914956116236848,2.10694316852304,0.0477100260613652,0.0418925455273124,0.0641482146982087,0.136209298486223,0.229934555439145,3542.21117432848,1,1
704,0.5,0.478047346298603,2.32535135633153,0.755558758541909,1.00405820581875,1.94583027789505,0.0479094877987011,0.0430204734255571,0.0668353194809239,0.135181666264726,0.221422689323219,3546.66596092676,1,1
705,0.5,0.49163270812518,2.28137089843443,0.826960932477015,0.890211676177532,2.11834942537776,0.0468533504168943,0.0445145021739479,0.0652216396594923,0.135071565184617,0.225328153952247,3544.68095731311,1,1
706,0.5,0.512982241782853,2.33256638398993,0.775411183408782,0.975976466811229,2.14521412763552,0.0453702707715485,0.0419581283444064,0.0636105410191649,0.131206350077754,0.226516130916323,3551.19608712148,1,1
707,0.5,0.502977503423252,2.33580339510298,0.765544619658865,1.10853905942721,1.96654390887155,0.0448640651332992,0.0437456237246189,0.0656006868771091,0.129202672889951,0.229640650828483,3554.11700846487,1,1
708,0.5,0.501857440017541,2.29016499341681,0.781549071508856,0.876492830809531,2.12602510665073,0.047465014631709,0.041584939641602,0.0625475273771712,0.133375869658733,0.22591128958928,3506.07068560752,1,1
709,0.5,0.488706362072636,2.34490474009142,0.695788370116487,0.715637082165121,2.32025270992411,0.0491480818301485,0.0410063369701985,0.0631215473736318,0.135693416830178,0.23052756709579,3517.86531152383,1,1
710,0.5,0.51810340043853,2.22741351926457,0.89671123357009,0.909531564379275,2.15804030424469,0.0432698729209127,0.0429597700727392,0.0635873224887776,0.146946447846808,0.239688599468135,3540.09796532741,1,1
711,0.5,0.42235916576306,2.38810823836381,0.713648777674641,1.07114453784705,1.99232305692121,0.0532710618097224,0.0436587558281345,0.0668452388510183,0.124579385285189,0.218458329578333,3598.41386877665,1,1
712,0.5,0.503603442244086,2.31352910006511,0.776536015287981,0.890440628530433,2.22678140370058,0.0457750951011592,0.042209951613982,0.0628555696252045,0.137701387854476,0.233786217420187,3541.9364910277,1,1
713,0.5,0.580897047719284,2.31143970645471,0.824633138743883,1.03912604865264,1.86473056755581,0.0402362490525954,0.0399875778823844,0.0606415585258237,0.133556362685705,0.244279784784058,3496.33577669383,1,1
714,0.5,0.567519693092476,2.24308310722742,0.920747563422777,0.917095525209087,2.37947413444568,0.0386395407226422,0.0445165583396418,0.0632427822865257,0.145650180656033,0.264358766682646,3533.26207449881,1,1
715,0.5,0.467024459272048,2.2890912911139,0.820359221223874,0.81658915196652,2.25261473229018,0.052103391991628,0.0427108054569876,0.063274749349235,0.127917116714722,0.231647860031526,3524.45037813687,1,1
716,0.5,0.58490071775362,2.29670584027583,0.766796919074073,1.12589699070425,1.72214070457156,0.0372810663039112,0.0426575374989634,0.0629629095217445,0.156598487375409,0.233768061238932,3534.27886670326,1,1
717,0.5,0.495696962591418,2.29815886678142,0.796082492660684,0.92941562620159,2.04769916605194,0.0468493719119455,0.0414909433995554,0.0628615284246165,0.139993769431244,0.229501853544899,3546.30317544996,1,1
718,0.5,0.459572230508577,2.32882276009661,0.798332367312707,1.09766956974472,1.81568857995199,0.0513477822650844,0.0442314407429508,0.0666370849535318,0.130085594888592,0.216958571239957,3584.41263544593,1,1
719,0.5,0.546898341030036,2.34230796859405,0.727097509181958,1.23202192701443,1.63377665370339,0.0421616587168723,0.0432414637845998,0.0634979948094158,0.136834709277216,0.220717038055959,3562.76382354708,1,1
720,0.5,0.549811383338767,2.32804257344872,0.755929048478709,0.959327610030907,2.03438157133114,0.0428991301002924,0.0409874198370915,0.0621060983461061,0.136879145012077,0.236307641482294,3521.94786124775,1,1
721,0.5,0.487687812952306,2.29255183876733,0.818718845103891,1.07490164014947,1.84116982812226,0.0484542916935432,0.0432581655457933,0.0654679693842058,0.133525001784449,0.22673675380222,3550.53784927113,1,1
722,0.5,0.440972269205965,2.34004102455035,0.759053688088557,1.06465956840242,1.75023690177779,0.0546636332892966,0.0425892672008548,0.0639628162033964,0.132225759541397,0.211125935622587,3585.23776046812,1,1
723,0.5,0.520610768254484,2.27188686466731,0.869284289359054,1.30404743351849,1.59747495626022,0.0427016465284253,0.0436625466246861,0.0645931981805315,0.137370902914383,0.220213713501572,3571.56518928679,1,1
724,0.5,0.525649640122104,2.38208836333012,0.743036754748348,0.987801344864704,2.17534971852718,0.0452784606887347,0.041228218128398,0.0622535567319324,0.133669725635336,0.230901672409051,3583.15039781878,1,1
725,0.5,0.522196450314834,2.29174254727066,0.813996298968118,0.981224304089244,2.03508317782464,0.0437616415220616,0.0437243924261809,0.0656949238289287,0.137596711758018,0.222265982451334,3548.85291623521,1,1
726,0.5,0.55666091399346,2.2795794677769,0.801437178762572,1.03353392231839,1.87116227301598,0.0422456377335638,0.0413936419389058,0.061433130482296,0.142401770756156,0.232231716142828,3520.36911115886,1,1
727,0.5,0.438352269358134,2.28494021132181,0.820335365401656,0.819967614492974,2.19814649105151,0.0541363328064222,0.0418990406498157,0.0636114596414056,0.128108460391739,0.225437816298331,3524.6340910801,1,1
728,0.5,0.438117771821952,2.31389955611944,0.75066293289923,0.753066398567159,2.2869138202533,0.0556577257067425,0.0415420736806438,0.0641054878686295,0.130115097658953,0.222035088157522,3524.62475707694,1,1
729,0.5,0.559425207453448,2.28406456610057,0.829758297619294,1.01441245565002,1.97483426009972,0.0383377341087753,0.0417603259368082,0.0615523569062985,0.151392078912329,0.234368063047507,3558.3491170607,1,1
730,0.5,0.497081217474124,2.35990157427548,0.706034476243562,0.894341660257453,2.22251986296658,0.0469847671234114,0.0413297121907664,0.0629322730900806,0.134746611507766,0.229321150432804,3550.53016875088,1,1
731,0.5,0.557571150790536,2.32393953680216,0.772283019663805,1.24414345532685,1.85814761630139,0.0397956887130671,0.0432458873302853,0.0657909247585735,0.13370630020621,0.23045928245001,3547.26877739099,1,1
732,0.5,0.483232300902263,2.38946201698858,0.692717916029501,0.999831593087002,1.89755373468355,0.0486332360204195,0.0425113037212492,0.0642956700524045,0.132841597341753,0.230086756611606,3574.72937011566,1,1
733,0.5,0.488387607675373,2.26163363980265,0.843501797082929,0.825892938126641,2.13360360573747,0.05168162754154,0.0414327195982881,0.0623932911132583,0.133928418221032,0.222856752334741,3515.3893609733,1,1
734,0.5,0.503108236250276,2.31860496103512,0.794047765547008,1.12074693923772,1.82978986135125,0.0454041391080092,0.0421971115135988,0.0627565721515111,0.136627978505977,0.217330224835673,3584.79283599455,1,1
735,0.5,0.514645013152037,2.21748682640492,0.945316967779837,0.916045582115624,2.0486279055821,0.0465285915894166,0.0421179143431329,0.0631165937939368,0.139593061833377,0.232776237902,3527.59168424441,1,1
736,0.5,0.480546686889891,2.30813739565218,0.809995521602016,0.850486528566385,2.25846281853267,0.0487204492960792,0.041763764710386,0.0632836310037585,0.135387495746497,0.22352516468503,3562.68420134661,1,1
737,0.5,0.528594645662062,2.33324865410036,0.738910844341727,1.10196618106388,1.94425542109527,0.041732549719058,0.0422893410747035,0.06303631152594,0.133427839097951,0.222603351011887,3545.33483924633,1,1
738,0.5,0.534769566571621,2.2732790932765,0.839750381292085,1.0945132111657,1.86019701653501,0.0424057027362823,0.0417089841624367,0.0637098020233274,0.14197668483436,0.235523368879699,3537.56435735164,1,1
739,0.5,0.546621020683847,2.28739416098937,0.8049822942569,1.07249267205361,2.0081566842691,0.0416493941298522,0.0435179077311995,0.0653357338972839,0.134013970063162,0.243064617605117,3509.14220723912,1,1
740,0.5,0.543695464699267,2.31302753559767,0.761175055518919,0.974476334768463,2.10383069441377,0.0417230306119065,0.0422281976699609,0.0630430830919912,0.14043391207609,0.236886840696201,3535.58797991779,1,1
741,0.5,0.511179411913494,2.33253587019389,0.768073869006096,1.1408952216705,1.73545009189966,0.0464299447147863,0.0431092271797813,0.0656828528672082,0.13739400475798,0.226548405222814,3567.95544487584,1,1
742,0.5,0.59229787307152,2.28594132390233,0.813519591235609,0.758268061645766,2.53100303459496,0.0353700541275592,0.0412948588362716,0.0621239300895523,0.147247215081632,0.254744115993444,3496.15198198403,1,1
743,0.5,0.513435962080792,2.35167904752003,0.733941230098706,1.12261546764963,2.01906355119395,0.0428292192523598,0.0428520701723041,0.0643142125399104,0.129925011958949,0.221178391703881,3560.47254907355,1,1
744,0.5,0.51737389896914,2.35831024464877,0.664164610642166,0.897674033159487,2.1915351106274,0.048392173648998,0.0413754055962185,0.0635198960075779,0.128299800922957,0.251228312907633,3487.42610008017,1,1
745,0.5,0.499951588137413,2.29156946923981,0.808267327029384,1.23253244274628,1.59633398736269,0.0474628243150597,0.0435893946601155,0.0654520142728365,0.132679535543997,0.220050203878028,3552.20770659326,1,1
746,0.5,0.550919199179346,2.21305235717743,0.953858821448624,0.871775553695943,2.29498949078655,0.0408243335152593,0.0431564563064573,0.0633376665661623,0.137094987722197,0.238774883578952,3516.56837188614,1,1
747,0.5,0.473171863955618,2.33564281441568,0.764630774324847,0.984703519564863,2.08044706316074,0.0491334455057983,0.0435617547828652,0.0658944243711577,0.137806315034059,0.233466005594598,3577.20904140896,1,1
748,0.5,0.548508456645656,2.25686375305712,0.821772704503288,0.956115858198629,1.95656533756357,0.0444587747414473,0.0424974548007867,0.0633128409830301,0.13709968897657,0.237215697182062,3500.32843050873,1,1
749,0.5,0.448794353961,2.28283203721294,0.793264754158758,0.844692969504573,2.10436583035354,0.0555657559398039,0.0417547920684815,0.0644786409588971,0.133954546547248,0.228001169667499,3523.57445465745,1,1
750,0.5,0.531027167764522,2.44531495986825,0.570174904561659,0.982319849611831,2.05145351267261,0.0446229598462437,0.041227255047664,0.0638784738790601,0.129771916570409,0.231828708887983,3540.60193728503,1,1
751,0.5,0.539142550874452,2.38562242967529,0.645358985299027,1.09753489198268,2.0987163588271,0.0386768560221096,0.042949617562927,0.0648096123991208,0.142665239673633,0.235004898539802,3573.67882372637,1,1
752,0.5,0.410025404205904,2.27432416919976,0.8495718930373,0.934706939831546,1.99898465776547,0.0584493916972752,0.0424646485775067,0.0649725923565631,0.126339536675715,0.215334903816624,3537.17247602015,1,1
753,0.5,0.453209522900242,2.27690768144402,0.841138417195556,0.969472505115885,1.94617351133453,0.0521041032347696,0.0435226885581195,0.0643517775451612,0.13680021482762,0.216092993965762,3570.84905217978,1,1
754,0.5,0.505955242540744,2.30056897029697,0.793271785305615,1.04317426345082,1.82349625235575,0.0474258627120971,0.0411502569410267,0.060968617837762,0.134403030347903,0.225112840707498,3537.04652133993,1,1
755,0.5,0.564854970284833,2.2777417177976,0.862732141160894,0.691990677543368,2.67361867026808,0.0384646325869297,0.0420844568781479,0.0620387402331903,0.14780641434039,0.264262120585396,3513.93014890255,1,1
756,0.5,0.363489910291817,2.30616736627959,0.798179000979003,1.14798333258439,1.49105318717515,0.0665154310362104,0.0430906576414686,0.0658902426805791,0.12388523478065,0.209580652381088,3556.11272476192,1,1
757,0.5,0.490645448038926,2.32431954518617,0.758497079915137,1.13806808960452,1.76387977238333,0.0475023676022117,0.0426833608369454,0.0664079573516264,0.137875498101159,0.218657943413965,3566.56767394854,1,1
758,0.5,0.516634101563867,2.31469797473634,0.749770307701245,1.11273378697215,1.9102433085074,0.0426745280272614,0.0444561664692687,0.0657987192823953,0.136535427638492,0.217053346497704,3561.97401937288,1,1
759,0.5,0.518517048922231,2.28695688175917,0.861954895190056,1.04207999227747,2.05561117163831,0.0443634494411409,0.043634764374691,0.0643700338268904,0.138526664642178,0.234522028665516,3574.86183513135,1,1
760,0.5,0.503896796413981,2.28184910928995,0.804956254531247,1.19257346434011,1.68653601627324,0.0478000314621012,0.0440147452960909,0.0656844869315209,0.131786662289202,0.228774147474973,3538.7261382809,1,1
761,0.5,0.568324021288364,2.29419294875261,0.765527660736801,1.04055256210175,2.1729107432861,0.0388197334433054,0.0417743321676713,0.0633319036005871,0.137057672878609,0.246328514434385,3496.154526717,1,1
762,0.5,0.514515628094528,2.31528825715683,0.752538231927246,1.02871093041929,2.00393164758685,0.0427950324825686,0.0421755159187904,0.0635706857487352,0.145780520056013,0.228602731409512,3561.42592808935,1,1
763,0.5,0.371607726283207,2.31257146848279,0.729737086360256,0.845631774900877,1.88961478950145,0.070035874094078,0.0405537199607942,0.0630178423723386,0.125916698481176,0.221378418030795,3500.9483605123,1,1
764,0.5,0.440816208424307,2.31134411706694,0.754883049302935,1.17625830460857,1.54597567206337,0.0567805289925306,0.0434856245032511,0.066533344690854,0.122084183068789,0.211361020845119,3540.11623498898,1,1
765,0.5,0.462368427457828,2.30931753195232,0.702800569876884,0.872979488641308,2.00975168947663,0.0535624058427059,0.0416318105843031,0.0644257901491938,0.136510724769092,0.223551190161262,3509.16159099149,1,1
766,0.5,0.490946977648723,2.27834998913156,0.825680642947595,0.670724446404672,2.52528991657826,0.0460918465097507,0.0417718924729151,0.0622890834653835,0.145235813146192,0.239540015630108,3547.47507223477,1,1
767,0.5,0.38323664709568,2.28823942874776,0.838791372713401,0.879182916534371,2.03369885009732,0.0639294357288736,0.0427356401650569,0.064334001530963,0.12693820983595,0.223053083841198,3538.72505328266,1,1
768,0.5,0.547789806655323,2.35275993154833,0.784150704071242,1.11779223796974,1.82779486776479,0.0422790475203023,0.0421280573516883,0.0629258558125738,0.130927436438903,0.226304564591132,3571.54475361406,1,1
769,0.5,0.475653821265257,2.28461554422645,0.795427728743074,0.928970237290342,2.0032493913192,0.0526930627783617,0.0425760794706426,0.0641785886953205,0.128267108674942,0.225725098913038,3512.00747373653,1,1
770,0.5,0.473684794137563,2.28951427456202,0.812907571905018,0.966582134679075,1.97387015968687,0.0506294786392569,0.0433080244828817,0.0647914712475469,0.127820182060036,0.224211736162062,3530.97921948125,1,1
771,0.5,0.461546613946253,2.22692657327307,0.889140567237245,0.865689558598997,2.27711488894518,0.0498813464962436,0.0439081655154589,0.0648223749385804,0.132456189477645,0.221374362343157,3544.43801583044,1,1
772,0.5,0.420741704746731,2.32626617440992,0.792799323856395,0.932768127542253,2.18530464558013,0.0536340249441703,0.0430876872383355,0.0663102327608176,0.131169913465972,0.229322257662264,3569.16475995008,1,1
773,0.5,0.549856917595846,2.26996660502692,0.869410709617231,1.15293363544379,1.88225926068944,0.0411853383175707,0.0432230989450928,0.0649172496986661,0.133993434824604,0.234342174035232,3542.91488097137,1,1
774,0.5,0.542324304934318,2.29648947237697,0.788641098832882,1.00167337815333,2.00084198260557,0.0425612809695362,0.0420539194628482,0.0618509442885815,0.139547919887983,0.231737247748654,3538.60225029809,1,1
775,0.5,0.470915977627547,2.26415455878885,0.816348541336122,0.906695754847996,2.1645819440253,0.0485074137651223,0.0425966362308765,0.0646231018102898,0.134507894638815,0.223031187172372,3515.22257951142,1,1
776,0.5,0.586099097953806,2.35410841081487,0.748409417708561,1.03336870221169,2.16579317086757,0.0385433443432895,0.0419477764227348,0.0622016231220078,0.136526345067325,0.262590294682681,3527.17278576323,1,1
777,0.5,0.515312875611241,2.33569013513612,0.740869524603526,0.858135210157217,2.16184369512371,0.0466434359945614,0.0407955604062582,0.0637880614223394,0.133588553123929,0.231156350111411,3521.23429002364,1,1
778,0.5,0.451628308331938,2.26518501166195,0.862685423969936,1.19116895854661,1.61798203809495,0.0535425896756754,0.0446516537189419,0.0678033548285821,0.132101469833594,0.220769707171568,3561.42212266161,1,1
779,0.5,0.499773460108589,2.30562515410767,0.82867644330163,1.10729565463944,1.85393895640949,0.047397363194263,0.0432199001871995,0.0638090812004968,0.129738723628404,0.220907554002776,3560.97604634702,1,1
780,0.5,0.4694712031499,2.27555160807191,0.876686160345717,1.08025519148153,1.88292741277836,0.0520813256594535,0.0436550157008522,0.0666586437536793,0.128082505288072,0.212511537044823,3571.68029754939,1,1
781,0.5,0.452416824321549,2.31520965196629,0.799143412286862,0.975482377478583,1.94749899686174,0.0533158127898072,0.0420244806546922,0.0639989535311529,0.12981188694972,0.219504038909258,3555.90017887016,1,1
782,0.5,0.511115974888011,2.288478463215,0.793926898662718,0.968375188049271,1.98474217411269,0.0454021131175167,0.0436303859838147,0.0658961234992965,0.139462879914687,0.229405368528075,3536.8966581571,1,1
783,0.5,0.449339988984534,2.34015235280474,0.726200226140773,1.14124634647617,1.64829056351308,0.0549141085041868,0.0427109800248423,0.0652550069843282,0.128600129664327,0.226201079532338,3546.13686250991,1,1
784,0.5,0.565929432309902,2.4123742284286,0.666168712643054,1.1247950768068,2.12018573042831,0.036867785264242,0.0425708451055066,0.0627976104386662,0.144606670621372,0.235165266900068,3606.98498648036,1,1
785,0.5,0.53307667734551,2.26504760809373,0.859861741658596,1.24711822460918,1.79955120473344,0.0404042611987455,0.0441972440968736,0.0639526325212238,0.139008349427987,0.22510425437742,3570.27631406178,1,1
786,0.5,0.533718299756263,2.37353388971163,0.733310745678625,1.13950186625865,1.99632992887616,0.0409304218497492,0.0433571652846916,0.0646168603994035,0.135735745502584,0.229038350261982,3590.17179877932,1,1
787,0.5,0.516451076929026,2.28584938365689,0.838161738574861,1.02334019322779,2.10401525447185,0.0424709712992467,0.0429709077903728,0.0641457356977426,0.136953901059285,0.21945903384663,3567.6649046997,1,1
788,0.5,0.489171811369658,2.27692990264871,0.870756531261177,1.00751581460599,1.92699772933278,0.0502151138423321,0.0431996817678423,0.0639253163940889,0.130451101312019,0.223526190646402,3556.36289771402,1,1
789,0.5,0.51222266677504,2.22498897397535,0.884743692538468,1.06440092205632,1.82157470687064,0.0465192240486436,0.0432884658523977,0.0650022879362309,0.137103001779472,0.227912895860476,3522.54743261131,1,1
790,0.5,0.502832633682894,2.32752508548886,0.825746636609023,0.973720886111464,2.06843721624569,0.0465306001101943,0.0422687673407415,0.0637305542385795,0.138092796332801,0.229565420081973,3581.14792083045,1,1
791,0.5,0.44962866317737,2.31935090975827,0.758226175267622,0.865288185569012,2.0486474136195,0.0570956881486277,0.0421218251559449,0.0656058189409389,0.128280928729965,0.230434382767275,3510.22800225035,1,1
792,0.5,0.502987335497742,2.35287817086496,0.714443356394336,1.03081890864284,1.95817276592935,0.0449190815137591,0.0422637181579772,0.0650057122400227,0.139578063838124,0.221782039348761,3566.36608738774,1,1
793,0.5,0.481265740663985,2.30633908213134,0.827288425489468,1.01113827348951,1.87644650690381,0.0503187318147459,0.042927916723432,0.0645751477580404,0.128746520257891,0.221093482176574,3545.83906229591,1,1
794,0.5,0.424733549495266,2.31186214226137,0.705821315285387,0.9012112043952,1.98401735045949,0.0559772552133809,0.0433644113602323,0.0663374066560263,0.131150690252448,0.21493343978099,3532.6332369368,1,1
795,0.5,0.504934796610221,2.27130519903728,0.863963328224872,0.974498919546232,1.77084047953153,0.0495158824298704,0.0403263302059738,0.0617955700743457,0.135117538218326,0.223552110378651,3512.5800841875,1,1
796,0.5,0.518491218938482,2.28208119869254,0.839574357122899,0.792643583004493,2.18353960338981,0.0482320103104517,0.0400136071295692,0.0613016820925368,0.136791769566973,0.24408411243248,3495.56683824217,1,1
797,0.5,0.496079680401132,2.30507112201924,0.789930037977015,1.12202853246693,1.75802959032613,0.0480001589412362,0.0429811194115237,0.0655864907466286,0.133426186090319,0.225995360253927,3539.5845955764,1,1
798,0.5,0.494879714083508,2.31526355065872,0.811862392847799,0.908446442792845,2.21799622376039,0.0477118669419951,0.0431647900114794,0.0648830300442008,0.133743589026851,0.234621172216979,3553.47644981824,1,1
799,0.5,0.481863816721382,2.2650117334551,0.903533268541202,1.25367914141819,1.77183958080748,0.0469829330787176,0.0445399213919734,0.0659305375878432,0.1266668993947,0.220261251234934,3572.60076995994,1,1
800,0.5,0.501013353481574,2.3051752843919,0.786486407984699,0.885141030400738,2.11435918880625,0.0492229619867817,0.0409194853767702,0.0628167206645912,0.134819952375463,0.228565654010208,3528.47364380798,1,1
801,0.5,0.492428483781113,2.27219438079798,0.781605624605681,0.788588790079396,2.19543059410958,0.0499333121524987,0.040291967611987,0.0617051055912127,0.142084705350992,0.244964942738994,3491.46610870382,1,1
802,0.5,0.476289559801136,2.36314531253624,0.648866535798119,0.691826755721367,2.33209292801517,0.0532851539966972,0.0403986251800624,0.0631556518656857,0.130346289977913,0.226160070591668,3493.12617820515,1,1
803,0.5,0.546505965476637,2.31231033914036,0.773580568772375,0.903969826211756,2.11952178352593,0.0445298860855597,0.0424568236521553,0.0638618346096761,0.13332434134725,0.247924457544829,3495.59455839605,1,1
804,0.5,0.424303233065038,2.33791938801413,0.743791490820594,0.933625870193887,1.97586281153714,0.054157620630724,0.0415207223162214,0.0630377087164318,0.132839216609842,0.212619723787257,3567.52280624865,1,1
805,0.5,0.49549485104861,2.26019425848297,0.83853122718468,0.862202587104146,2.0911864868393,0.0502850283565408,0.0414694512442201,0.0618755078849376,0.129963496365549,0.231722363031893,3494.07617308944,1,1
806,0.5,0.591412810803401,2.27711191374544,0.817156402477017,1.1947006841163,2.05860582438027,0.0349730098790508,0.0445523833244067,0.0645467952056077,0.141496674512812,0.24956256300576,3515.3850440659,1,1
807,0.5,0.370708799633558,2.34231286434318,0.821549290867234,0.951585571944016,2.06393295311217,0.0625095046580441,0.0447707283992638,0.0673923501751721,0.127124630234149,0.221582525501928,3599.95503055711,1,1
808,0.5,0.490635847764746,2.30420909701072,0.860853412533371,0.704675537403959,2.47423670778053,0.0481294347100089,0.0406572522615303,0.0620341449732663,0.138683455356277,0.236086688777924,3544.04833301584,1,1
809,0.5,0.484750742486632,2.26511417017099,0.815096170347261,1.07441120264148,1.76684199196959,0.0502174579092702,0.0427376800210394,0.065468881272505,0.132310969966105,0.220111263819701,3516.29750793138,1,1
810,0.5,0.571281327836308,2.2866888378016,0.811409849208996,0.893130759930539,2.29206203684729,0.0384971722813928,0.042070038547018,0.0624828902144254,0.146978846815669,0.241851568599035,3530.0881134891,1,1
811,0.5,0.555411904825643,2.29531453135051,0.816989831119988,0.989914539064857,2.13632542565233,0.0394484939433847,0.0425476753864684,0.0629200129127227,0.139674657620258,0.231903736401835,3546.10696376359,1,1
812,0.5,0.527472037771564,2.27346654617559,0.82592092150352,1.01931621674524,1.84776380648935,0.045440468639982,0.0424798168985925,0.0648014427248784,0.13378140308035,0.226832678861562,3511.07587513389,1,1
813,0.5,0.447906903479306,2.30467950960408,0.801587856705477,1.00848688720588,2.04835632105289,0.0518098051010589,0.0434420975022081,0.0662405822858552,0.129637638017987,0.221284525393797,3564.77458574656,1,1
814,0.5,0.471187584020543,2.31759766710261,0.77796373492584,1.03385298574775,1.80110473797255,0.0512039243661821,0.041752797423172,0.0623074612499603,0.135457638331209,0.226237709335416,3553.8812827559,1,1
815,0.5,0.478502733979586,2.38096687603228,0.700176853204179,1.14159284881783,1.93089008175839,0.0471820290753033,0.0444305439889374,0.0663075599749924,0.131283428974105,0.221225292438567,3607.16875060668,1,1
816,0.5,0.466050047637577,2.24785484183433,0.844892099238535,0.881616177800495,2.01608279190531,0.0544525644016699,0.0425608139907116,0.0646154362028509,0.133233107092755,0.231812428855631,3503.8663903224,1,1
817,0.5,0.523186736274074,2.35909903087618,0.797840150527049,1.20278692630145,1.91308498390792,0.0424540819734771,0.044498700172866,0.0666506422445325,0.132292314270676,0.226177140561586,3606.60439067275,1,1
818,0.5,0.451116275580116,2.27303291866318,0.82098546850316,0.865190447667548,1.94915050712816,0.0559065207538091,0.0417581910950074,0.0633401353219648,0.136123470670153,0.221366316502616,3533.9756190635,1,1
819,0.5,0.564863475880994,2.30797113316787,0.769156700487072,0.936806961755887,2.18573828396832,0.0396072422042921,0.0429058824526507,0.0628232596990326,0.14589364856057,0.236073984525027,3554.23517883429,1,1
820,0.5,0.460652436165753,2.30738002782962,0.762020275500709,1.10227246419664,1.64785858221129,0.0531818991208894,0.0432625550947989,0.0666750911728064,0.132234973338542,0.22100210864367,3534.81924035454,1,1
821,0.5,0.525321714694629,2.34289231492569,0.735295847393564,1.06240374637138,1.98221197619301,0.0451525067583243,0.0428764563208563,0.0638713417327163,0.130213334205178,0.226033046790297,3554.38047785146,1,1
822,0.5,0.53096487482072,2.28202236309487,0.843445534386074,1.06769293592038,1.90895684238896,0.0436177338487937,0.0414587318669595,0.0613775907515578,0.136034115885612,0.225083502406835,3547.22084991874,1,1
823,0.5,0.48627443203174,2.34094510779768,0.738091784058226,0.988826657687534,1.82693211455357,0.0535313813352173,0.0421471467460676,0.0638487323583326,0.129857276421359,0.244441715879739,3522.03454368435,1,1
824,0.5,0.552374326962869,2.27682861722682,0.848699494028204,1.02044414102635,2.06397906401807,0.041042915110412,0.0430205443852735,0.0647893084099933,0.140015899133416,0.237684384777036,3540.67281947723,1,1
825,0.5,0.461396496415186,2.27565968566886,0.849940032147875,0.843265418741784,2.301527067039,0.0489187774622886,0.0435554959109996,0.0650694904419854,0.133399714927099,0.225688534514192,3556.07388706116,1,1
826,0.5,0.500929576201152,2.33458001382256,0.791161090118023,1.1061276469049,1.9800584879087,0.0451301017405037,0.0430302047898569,0.0654953447714643,0.134548863860001,0.232642304437804,3576.76371080288,1,1
827,0.5,0.48240557969747,2.27997009832937,0.853122561195414,1.09081409561399,1.92742522671617,0.0478542571077328,0.0446108861856437,0.0671721621705031,0.123673676463156,0.216305885320838,3549.77893235041,1,1
828,0.5,0.510963530658881,2.25858827082368,0.843730264843522,0.884828368084459,2.10705271482683,0.0493520000999855,0.0421927496301599,0.0626684629082099,0.134194745182004,0.234822323849888,3513.69506121132,1,1
829,0.5,0.489834248301589,2.34631387778885,0.757871630921842,1.07149170373449,2.13644822267709,0.045665106385624,0.0424062002109389,0.0643379895386749,0.131608295978843,0.230050739647328,3564.0191619304,1,1
830,0.5,0.537908804020168,2.29809022834003,0.832904310522898,1.16492369222686,1.93353054745257,0.0396849630080703,0.0438519610114141,0.0668667528497375,0.139986308263458,0.22980604669,3564.41591408481,1,1
831,0.5,0.516454076266511,2.28383426813166,0.869033036652893,1.06374880581375,2.06639025527066,0.0442070378977656,0.0440168408735923,0.0659662392503128,0.135362671542381,0.229385283883732,3570.21754105037,1,1
832,0.5,0.502522942974763,2.2920438240554,0.771022088464138,0.94389411142538,1.97488899130609,0.0494788414357491,0.0424878250021785,0.0651131804656375,0.132265363299327,0.237528822209013,3497.55932631613,1,1
833,0.5,0.429072921509972,2.32830594862715,0.790398750294916,1.00754048564145,1.83490029763445,0.0596037590890374,0.0420281985127265,0.0636876201900478,0.126699692633209,0.214307952690096,3559.52813333304,1,1
834,0.5,0.574725855092021,2.27053607066071,0.882652861672954,0.996164036774524,2.09777966135753,0.0398401774465273,0.0434370647743995,0.0644892095209511,0.138764386066953,0.248362785568464,3528.40668815645,1,1
835,0.5,0.534556791315818,2.2515982201123,0.845301033659725,1.20054063607256,1.51998181030171,0.0457813451060864,0.0437090926263828,0.0649206288811395,0.135046765104203,0.228505000271907,3524.43409919888,1,1
836,0.5,0.488862910815176,2.21492209604954,0.900103242586223,0.989236610921308,1.73565017254254,0.049733016014468,0.0425675833924966,0.0632522100200951,0.137623068174752,0.221228923798061,3510.8593140838,1,1
837,0.5,0.482794659917945,2.26506031744394,0.837418829806835,0.823535120014073,2.08463137789596,0.0516444346338289,0.0403036753985745,0.0611067678752813,0.134497266414587,0.232222044566106,3498.23701207821,1,1
838,0.5,0.568886128899505,2.29606833436679,0.802093121818213,1.0630269421685,2.09519114014205,0.0387841479706143,0.0432514161266101,0.0655727445388027,0.139619237446418,0.238043896119243,3535.04218259309,1,1
839,0.5,0.521134482481901,2.29750066028589,0.836865790644167,0.97711614027836,2.28691653306417,0.0420107075578378,0.0451143954247221,0.0675068205408914,0.13952046393328,0.234085163966593,3586.6996678199,1,1
840,0.5,0.515563800634261,2.28410038116536,0.82462784794721,1.16780079734274,1.80422687470405,0.0437608531367302,0.0433074386398873,0.0657232644550081,0.140049913539737,0.224942513051469,3559.6522588583,1,1
841,0.5,0.417308850675519,2.26045426209841,0.84122804617249,0.957665972331065,1.7730257648503,0.0604882325985244,0.0429646566586562,0.0662289984681629,0.130669863306927,0.222100294429468,3519.50587367918,1,1
842,0.5,0.468147715321275,2.32593470027638,0.745827915846709,0.648164774599438,2.58774797033365,0.0517379657192562,0.0416092751931676,0.0632441601220883,0.133617398123228,0.230897831455862,3530.82218687582,1,1
843,0.5,0.555571508064065,2.31493808933592,0.75843158408703,1.01075862132252,2.1878725599661,0.0394192665078023,0.0430314763686327,0.0653579174331883,0.142909605068269,0.233387611061027,3547.77108277145,1,1
844,0.5,0.469580393390806,2.26332033570273,0.893838471443687,0.884604822308789,1.87938157554477,0.0536769246733312,0.0415954482023788,0.0630255700453296,0.137834848864849,0.221823245582395,3539.3297606792,1,1
845,0.5,0.483246464563238,2.29448512268791,0.757965210224294,0.981680960347218,1.82938530707421,0.0522219448524157,0.0424069093253672,0.0642803107633566,0.13615015211727,0.232170001200712,3514.8591032821,1,1
846,0.5,0.455828478750512,2.27878679397902,0.820185469042743,1.11473692368813,1.72746773200603,0.0523814738729284,0.0432807241143797,0.0640355829247268,0.125934571445852,0.21698415210049,3543.62137970073,1,1
847,0.5,0.474771786622995,2.37210273071511,0.632256297677499,1.23215608292838,1.74061379628184,0.0496810632990421,0.0431932512502674,0.06855644590652,0.125329662708292,0.227824009528365,3534.82083511349,1,1
848,0.5,0.604377298332822,2.26036337633243,0.828993698570472,0.990612578594979,2.06965255706414,0.035879112037021,0.0420643713211201,0.0623739689007809,0.143820830540032,0.241508125104784,3497.50643599435,1,1
849,0.5,0.538677381016387,2.29820267059616,0.829717981884408,1.29614775045617,1.64792754552937,0.0420929922851742,0.044793028480292,0.0643779086460658,0.135897924137335,0.23354676656443,3574.73986801188,1,1
850,0.5,0.553780633291078,2.39982581854213,0.71502377124705,1.18697386968085,1.92505260983554,0.0391844381179447,0.0408698679568427,0.060862203508593,0.139477082374975,0.233364344328108,3596.10232071687,1,1
851,0.5,0.510939698739556,2.34915055019216,0.764867846691432,1.18822859030829,1.85864612660777,0.0434807246390276,0.0426444639274776,0.0643197307536899,0.134390750305572,0.222482487303607,3581.93458497938,1,1
852,0.5,0.580034706436119,2.33738353495521,0.724770460193836,0.903828325782006,2.40458515822173,0.0373377581343745,0.0425187460122184,0.0636460309453058,0.145403166029069,0.248647525066909,3539.45622725871,1,1
853,0.5,0.457699861526311,2.27565991221923,0.79430021639539,0.9961010863398,1.76794059868817,0.0551389489931924,0.0433366867450297,0.0655375305934305,0.134191567630287,0.222484727148486,3522.44859319892,1,1
854,0.5,0.287874699909941,2.30538361543424,0.844452654397217,0.837017021350625,2.01106854162409,0.0731829215559732,0.0444223394192211,0.068074357699428,0.123932639072273,0.213044902232624,3568.52698171933,1,1
855,0.5,0.474913928912341,2.27780292309454,0.778506411184785,1.01029387689883,1.90551748632547,0.05033647346023,0.0434683439617295,0.0652010141845796,0.134599788598835,0.227220326915408,3525.69547714542,1,1
856,0.5,0.542729574907889,2.27734886403687,0.840357171019959,0.900801659358205,2.07588975898251,0.0424226663115238,0.0421707172986321,0.0637812475552593,0.146582927133192,0.228740349867965,3542.3958812682,1,1
857,0.5,0.444661401566898,2.23819227247599,0.904462227754838,0.983469405159381,1.80952602804026,0.0560994163399529,0.0419713995972453,0.0646779902277961,0.128863894095323,0.219629767737809,3513.41039906159,1,1
858,0.5,0.532464749274591,2.31886577331543,0.759581119058223,1.17871145419245,1.78566009062284,0.0420702102434851,0.0436623812677332,0.0661874250195975,0.133937597997519,0.228541957832576,3537.8542056857,1,1
859,0.5,0.510635587395275,2.35041767841216,0.731497534916563,0.788423723719187,2.45967449571737,0.0446253411103665,0.0404237859380795,0.0621459080835259,0.134996985935303,0.233441909658389,3534.62773673435,1,1
860,0.5,0.452872128930388,2.26192853939513,0.805646234471184,0.709158209368504,2.34447072673248,0.0538562551587501,0.0405397866556834,0.0621943805938912,0.135167921669379,0.237766895941031,3497.00151760288,1,1
861,0.5,0.484592470017655,2.3210488305373,0.781691384666269,0.804883239353699,2.26489409886802,0.0476497214745614,0.042713597381732,0.0633050075264134,0.140139015672557,0.228263362576984,3567.54364767948,1,1
862,0.5,0.456809670207781,2.24431740118188,0.855389376768099,1.02440633253458,1.71358156836639,0.0538251092549293,0.0423288471027461,0.0640423280005397,0.132991138026566,0.220415095973329,3515.99286088996,1,1
863,0.5,0.441936932399998,2.34167393377808,0.762498217213698,1.00301536479737,2.01644639330696,0.0530969649243223,0.0433145651742061,0.0656632638833954,0.125572952657254,0.218139713670451,3568.26100940238,1,1
864,0.5,0.457075793141512,2.29133483839108,0.834556197232945,1.01305633972193,1.88711900340938,0.0534192666987746,0.0427557258938821,0.0646384784274841,0.131010140338098,0.219469883270567,3556.60465193362,1,1
865,0.5,0.483152048831677,2.32492315393353,0.691803244175449,1.01010486150401,1.82830358590301,0.0532020254965218,0.0426560232100884,0.0645717005869904,0.129596427954645,0.224790911213568,3515.52458095353,1,1
866,0.5,0.481639055788588,2.31169844859733,0.827715103009756,1.08605193349127,1.66540946891567,0.0516731012736239,0.0413675034701037,0.0642523416245635,0.130922740753595,0.215673732445386,3554.65420187448,1,1
867,0.5,0.510644055036571,2.33712111133329,0.715752987047085,0.889746832461907,2.27478219202165,0.0434134002377787,0.0421561562657208,0.0637915244773911,0.135193258364078,0.226395299490218,3542.17718316523,1,1
868,0.5,0.578135211892367,2.30102147764022,0.800857038548493,0.881709464161626,2.22556869488234,0.0403125903589686,0.0415945982700461,0.0603425451476142,0.135310968434876,0.244231588431807,3505.53204354552,1,1
869,0.5,0.414409826627222,2.28535756683646,0.754918763992845,0.921669096168589,1.9349210812515,0.0565054994705919,0.0425077680624347,0.0639055796070581,0.130950091840078,0.214825559641233,3526.07580807142,1,1
870,0.5,0.539569044753245,2.33489529933663,0.728690096568575,1.0614770731417,1.8952608870824,0.0431360097804829,0.0416516178329998,0.0626767871896392,0.131684823898512,0.226550600394962,3527.02022689829,1,1
871,0.5,0.518174180777095,2.26556281340197,0.827374054689667,1.06193538513365,1.93710214159829,0.0464343231840447,0.0427169269557727,0.0646862454964838,0.130484235024207,0.239181375432028,3503.42162390516,1,1
872,0.5,0.570609483535809,2.29067118738025,0.833589169507607,0.735962336781243,2.47667511339585,0.039917147174724,0.0397349815844301,0.0597257400951021,0.143201838828838,0.241663635648786,3515.58761891229,1,1
873,0.5,0.537434126339453,2.30764244238164,0.844772638791866,1.06223537225413,2.05235943096384,0.041519342674976,0.0423779765265233,0.0634790877783196,0.134585508585479,0.229667344426491,3555.40696470947,1,1
874,0.5,0.418760040534642,2.2508486345228,0.82365229927547,0.858562379240607,2.0913223392965,0.0577822019792529,0.043065412087836,0.0643765717044179,0.126921477105349,0.228570938909344,3491.0824018413,1,1
875,0.5,0.540684343074481,2.2215350084383,0.878643850282252,1.02773190440035,2.1216025134844,0.0408947664853164,0.0450519012115169,0.0647820244513302,0.139765935333677,0.226272687094551,3542.68865907297,1,1
876,0.5,0.440461143922627,2.32906678810045,0.806238475030787,1.14772362076153,1.60978390081902,0.0581998548567929,0.043467746005587,0.0668347731793579,0.128285170046122,0.222193176394699,3571.10890918419,1,1
877,0.5,0.572920433630144,2.26002650744957,0.82549072879855,1.2441233705674,1.66656797647031,0.0381361589169532,0.0444997808737071,0.0652397859506413,0.143211755705895,0.233983800172639,3529.50894509387,1,1
878,0.5,0.449845199807495,2.29315572532996,0.83994409435131,0.892597956711626,2.0491661985648,0.0538761292361839,0.0421144813322316,0.0636181740450346,0.130896976134774,0.226900013142114,3547.097524179,1,1
879,0.5,0.519610461319268,2.31629197441475,0.801993996880376,1.12866335041022,1.84339150914731,0.0439376589549953,0.0427116094751525,0.0631414486785482,0.13211488885998,0.21775524351898,3575.34830576878,1,1
880,0.5,0.478036437017308,2.31937127889025,0.729957197731763,0.781540954592629,2.146513360828,0.0525045047320472,0.0412926617689821,0.0621824841475256,0.138402199537074,0.233709784825213,3521.14629990897,1,1
881,0.5,0.554459167591233,2.30280410933185,0.806835413440265,1.04187049001858,2.25319316149198,0.038780807978842,0.0442135017046576,0.0668171877092248,0.13509665100164,0.241207523036003,3544.71114686915,1,1
882,0.5,0.525257058120198,2.27526951192017,0.877740884589246,1.15238624500029,1.72324282944853,0.0455867067935979,0.0425789791314563,0.0633599462799819,0.134404891035222,0.239147193650208,3542.79093939265,1,1
883,0.5,0.383490260648071,2.25095608442266,0.830114190874826,0.911177840184833,1.87147620779777,0.0620333103201068,0.0430344693517198,0.0659569842002369,0.132178719929809,0.214625230373505,3525.74619832363,1,1
884,0.5,0.45825483588733,2.28756889871566,0.813999398023207,1.0037741255677,1.93281766703652,0.0499783996017991,0.0440589979209258,0.0673201630197231,0.134862879204936,0.219260290924109,3558.19419331098,1,1
885,0.5,0.53120096912918,2.30300375313382,0.761816353771475,0.756115614480791,2.35269067237118,0.0433392947514463,0.0408435192274594,0.0625549189617342,0.139187380525153,0.23954141056237,3490.29196794382,1,1
886,0.5,0.551244446451436,2.2773722776794,0.844251510163968,0.738757469819057,2.40584388518519,0.0425484957289117,0.040024624863733,0.0600630980783653,0.139117945920599,0.247358613979209,3495.48696802685,1,1
887,0.5,0.598721527341505,2.28021610932505,0.780178130465479,1.09895304231939,1.95740164268035,0.0354091149061217,0.0420722723180251,0.0638940525376735,0.149808234657771,0.240703839770682,3507.06396643919,1,1
888,0.5,0.495883598500754,2.28429204305889,0.845818342402266,0.915522410241148,2.15300791650032,0.0469150417009672,0.042649799961381,0.0639541782147318,0.136558081549575,0.227334734283205,3560.43971702346,1,1
889,0.5,0.49815567689567,2.38893154231826,0.689076753153755,1.24715759222451,1.67295126154083,0.0459386575019362,0.0432401018543241,0.0650394631330576,0.132986878619855,0.218832012323685,3594.00190524408,1,1
890,0.5,0.425215563562347,2.27900777906278,0.862980498844395,1.15528628304128,1.57605852442198,0.0578415364845614,0.0429559422058082,0.0645976983005877,0.128489656599429,0.208882938471754,3567.62500575002,1,1
891,0.5,0.519845367322815,2.26435076395858,0.869281056579661,0.822799088544923,2.09780594530189,0.0460761081825957,0.0411188385909444,0.063592060066538,0.14244816608233,0.238146899163821,3520.66095876643,1,1
892,0.5,0.508176189109205,2.30927058238652,0.823937133817815,0.987058883352828,1.97862219667952,0.0474950205069734,0.0414594369005435,0.0640891599249456,0.136158462191131,0.23175807501999,3546.38808015931,1,1
893,0.5,0.451807878594321,2.30439239830512,0.779326535633152,0.967019436584447,1.99029187602542,0.051580668053149,0.0429635252299488,0.0652040579814315,0.129697894341296,0.219943349993373,3537.29729276397,1,1
894,0.5,0.610825510964788,2.39715048781003,0.717675351516913,1.47227233219745,1.72541227748636,0.0337003042409125,0.044559580972297,0.0652100562652744,0.135080806861416,0.236670854687664,3587.32409047377,1,1
895,0.5,0.449616138523814,2.28083661221864,0.795848839037431,1.06786794740907,1.83551938236419,0.0549081367494423,0.0427415227182743,0.0654948162073634,0.125487483618973,0.223137575327544,3520.27926203891,1,1
896,0.5,0.531995781615554,2.34251018772588,0.730994212082623,0.735255444188064,2.5038237755929,0.0429371390589413,0.0413931484897066,0.0620100701429786,0.138696933878209,0.238321371340158,3532.5678037753,1,1
897,0.5,0.539394037607469,2.33451531590048,0.744728847514065,1.01274521882697,1.92156428663775,0.0436816372164564,0.042051748991911,0.0639914405648227,0.136861015440963,0.228683334646092,3539.51021766605,1,1
898,0.5,0.566810520353716,2.2880121693569,0.756492829391113,0.879898875273156,2.38424249104834,0.0408423873380085,0.0423276266747561,0.064054915000123,0.143778856473559,0.258569863849661,3499.91939343388,1,1
899,0.5,0.525135809116523,2.37512598004647,0.713924824289193,0.907042583935154,2.38228912255723,0.0434348686872088,0.04222667145871,0.0629328240956556,0.134749261921321,0.251486008326132,3544.79428128292,1,1
900,0.5,0.543706126733596,2.2909642460597,0.782800357684755,0.960929690382099,1.95407056056656,0.0430917750145461,0.0408094893401398,0.0618233105171257,0.139274676991065,0.223266542280262,3519.59760255951,1,1
901,0.5,0.534410531783547,2.3128138063277,0.835372732215957,0.808133622047136,2.32160445014327,0.0427950209917338,0.0409412738443578,0.0611350330049012,0.137843612588769,0.225068239566706,3557.45996051694,1,1
902,0.5,0.405648060402379,2.28047791416959,0.796421941063247,1.05542808105918,1.90911736231672,0.0605401747361123,0.0436850513768005,0.0659617242839629,0.122382288761539,0.225483876481067,3526.62334315865,1,1
903,0.5,0.519633892975552,2.32051186290777,0.776752150105786,1.19764350134081,1.78520979917167,0.0431274122464259,0.0441629665344458,0.066049073480223,0.134928795975047,0.221599517725168,3578.53973843421,1,1
904,0.5,0.529780302272306,2.35752842155057,0.760782500550333,1.10226428629148,1.99588008476237,0.0420375684102518,0.0418123670831669,0.0651062523941165,0.137390724678703,0.238570299727056,3560.97233385755,1,1
905,0.5,0.420340545331746,2.22596362824365,0.915147668198483,0.943880215928871,1.89204024272803,0.0622744902492094,0.0424214195267565,0.063959467076329,0.129643930333128,0.230454837171142,3514.56518931325,1,1
906,0.5,0.512782688701167,2.27538697025921,0.831068748597176,0.989258252702413,2.21659584370357,0.0431843927016659,0.0446389216963147,0.0656020462390375,0.129937346113067,0.222822401355193,3541.92865935129,1,1
907,0.5,0.469261691978406,2.28327074351108,0.825149267949257,1.04476908808495,1.82679116640156,0.0503542950990441,0.0433209991754687,0.0652318610192215,0.131866180458093,0.217588448382943,3540.64731874402,1,1
908,0.5,0.45007967138729,2.33210507848072,0.766767939376398,0.75739260427386,2.37649612130183,0.0530520479779168,0.0417461911603713,0.0633078006626048,0.134546427509875,0.230554817198851,3554.35306790126,1,1
909,0.5,0.572083244219096,2.22507981790841,0.92689876232801,0.953411594511661,2.19753245632526,0.0403348730195399,0.0434126094789601,0.0656640834032833,0.138716994897418,0.254323247760674,3489.41213961615,1,1
910,0.5,0.556974506092523,2.27495042573238,0.854038779043106,0.859492195968925,2.39694825334055,0.0399182723633061,0.0430019612983738,0.0632226793415607,0.141261166571414,0.247857874371332,3525.22968560439,1,1
911,0.5,0.478231993833309,2.28124016872128,0.794210937626317,0.943181404804864,1.94859677279868,0.0503990607031876,0.0427879108951762,0.0645097876896435,0.137848493866855,0.231942277653874,3532.0158406642,1,1
912,0.5,0.402162617510904,2.27344047447458,0.878612077388998,1.11923388903761,1.68364403124932,0.0592237925460939,0.043122857113841,0.0654446687263816,0.120655681372742,0.206901844608891,3554.58168414553,1,1
913,0.5,0.583690932402392,2.25036305564322,0.883732071179477,1.01958814259983,2.06746298858425,0.0360210689290874,0.0426484388731773,0.0627614857331677,0.148398774532237,0.228375992975736,3549.42430052189,1,1
914,0.5,0.417756938115348,2.31452156617564,0.836743433280575,1.025977275526,1.92560350878414,0.0568099561429568,0.0438190994474544,0.0657000925627665,0.127249378673075,0.214116370974988,3593.84512490085,1,1
915,0.5,0.432157805711088,2.31666294415385,0.782696046269582,0.766484767999923,2.1339311540075,0.0600666652730787,0.0403968669220427,0.0626779666678858,0.132304886714209,0.237638352662269,3511.11288921619,1,1
916,0.5,0.443543239899004,2.31937302219292,0.780105259084752,0.950628885892003,1.98809100403585,0.0556827029505227,0.0419998479188884,0.0651380198447723,0.125108035038922,0.22174694743689,3536.23224369652,1,1
917,0.5,0.584166866935669,2.30691541232244,0.724641064402641,0.893270113252481,2.30175420668955,0.0360520803747024,0.0424304714210012,0.0642553518683343,0.149106450783294,0.235987053179746,3516.70682901743,1,1
918,0.5,0.496624026118565,2.32245001842245,0.808442330227574,1.02994264029922,1.9037993465638,0.0475355735630148,0.0434917211916842,0.0643416529005396,0.141439133681114,0.224127236278323,3596.44367097185,1,1
919,0.5,0.542985146849715,2.32643653681544,0.761738024699696,0.927950724673739,2.10528185194966,0.0420293699546003,0.0421121332364287,0.062863324071123,0.135444524473049,0.218898232475382,3550.12596962731,1,1
920,0.5,0.538903046613849,2.30477977279665,0.784326668271622,1.13909353975958,1.694747850378,0.0428022454362501,0.0411938521409333,0.0611613832740507,0.140734110277043,0.226584233404692,3546.98716674497,1,1
921,0.5,0.573016947658745,2.33076765241623,0.706552556318071,1.15040368002099,1.89357555658765,0.0373011589494946,0.0423064471411012,0.0631277967848714,0.139283052449807,0.221249518523363,3534.26225863353,1,1
922,0.5,0.534842006310458,2.26902859237715,0.865304493590978,0.877919292997598,2.19989076767078,0.0416035133184615,0.0423372862597139,0.0644603042000118,0.143071528878729,0.228752083823674,3539.14200445638,1,1
923,0.5,0.516860230970006,2.23884516033692,0.911778562118497,0.926082905474899,2.00375128150993,0.0446359208644677,0.041973203903933,0.063980153040217,0.139647447831754,0.228154638868853,3515.77631103878,1,1
924,0.5,0.43481082650232,2.32317843355387,0.746363798009425,1.02635780112995,1.75738146041916,0.0575607475725119,0.0416067512209444,0.0630943399252906,0.129334168892623,0.214706923890643,3545.58570394347,1,1
925,0.5,0.550113111420445,2.29117122378592,0.86156818393467,1.08146173267528,2.02253159598037,0.0393276181305557,0.0428556002832786,0.0652688732134938,0.138292279858051,0.223518520243508,3567.16787240591,1,1
926,0.5,0.524873443930946,2.28810116124905,0.822177485241988,1.07769565159648,2.00768361236046,0.04388557567168,0.0434705734336421,0.0637113281875537,0.136203923284209,0.231274292099943,3559.9047304932,1,1
927,0.5,0.420565086329747,2.39693746669675,0.669115348507103,1.04733064988431,1.78879182604861,0.0580878084149174,0.0430745453883367,0.0662540351857571,0.127071220899624,0.216674781466286,3571.27577729901,1,1
928,0.5,0.555179345473603,2.36248036874977,0.736221268150511,1.01490626836307,2.12024734852126,0.0399016843482622,0.0413051338458211,0.0612844689372029,0.138322579200474,0.242213543547647,3563.42299459814,1,1
929,0.5,0.485087440947609,2.31861602331643,0.721298565798966,0.970610238814564,2.03550026599667,0.048445412035376,0.0422657906528803,0.0652087405078713,0.134760582627741,0.23137984473499,3521.92581718737,1,1
930,0.5,0.4144656006002,2.32498780743231,0.827241532082846,1.10191304366702,1.73755293767924,0.0576184863436081,0.0445932209547438,0.0666529953372492,0.126022301027433,0.2097408943531,3595.6299453863,1,1
931,0.5,0.510241675851088,2.240215422865,0.88838267436409,0.819017044888057,2.24828180171961,0.0463802701574905,0.0419864044571389,0.0620445143448231,0.137242453926338,0.230690996377545,3527.69411228228,1,1
932,0.5,0.454116358580467,2.34196983496686,0.701098559695346,1.00808144578715,1.82701295742695,0.0556684718041038,0.0424030460413708,0.0652501927281691,0.129530881116956,0.22782259225991,3529.69545987576,1,1
933,0.5,0.458351908418444,2.25761886056668,0.823330756682552,1.06298470990829,1.76924316423376,0.0522095830541971,0.0430921084798073,0.0661871856300321,0.13434866094783,0.21389779353207,3535.3412962489,1,1
934,0.5,0.524397367909703,2.22623567701724,0.892871897252213,1.15175162040762,1.77533110328647,0.0442733572389353,0.0434042089309092,0.0644830117001273,0.130726023497749,0.227044347610921,3514.34545580701,1,1
935,0.5,0.488827810949528,2.34884708724415,0.736996884258247,0.890537322464749,2.16463189428497,0.0482761967857905,0.0413148621380497,0.0625760567125646,0.130685237443905,0.223402671793544,3542.47317577839,1,1
936,0.5,0.514844018301467,2.22175975431532,0.88284526084165,0.975681712481686,1.93266384404394,0.0469892190949771,0.0440700661974953,0.0645017084078346,0.138004081371429,0.238252017452834,3509.37962376618,1,1
937,0.5,0.443334783900396,2.30975959210092,0.818689350782525,0.950585997415268,2.03418244724948,0.0533736638308225,0.0426091737409405,0.0624450026238264,0.126303104513868,0.21548707654413,3557.29745836848,1,1
938,0.5,0.502983996109361,2.38273692060083,0.674555350244449,0.90776367068441,2.05814896345433,0.0485129300624246,0.042210423847236,0.0649301613294646,0.133911951773431,0.233009993606338,3543.73047612532,1,1
939,0.5,0.495478398248617,2.24602962852612,0.953494483770758,1.13136240737219,1.92408079459805,0.0449561848073894,0.0451730441209577,0.0670055152910524,0.135866134727475,0.218757193392521,3592.282564315,1,1
940,0.5,0.523983008134945,2.36697787770881,0.749520579429918,1.14205974960686,1.93277371355802,0.0452363499988822,0.0424627869520138,0.0634209033694531,0.128884476292964,0.238077506949703,3564.21024303015,1,1
941,0.5,0.484554520989906,2.33407716458347,0.788775519342537,1.05571835825658,2.12669083558697,0.0462619247257654,0.0437141043558826,0.0657877966714685,0.128695728076283,0.220776815326279,3582.22147118532,1,1
942,0.5,0.422773479826456,2.28315773597105,0.859934968361476,1.03734557805928,1.96155329894108,0.0564865828148402,0.043922967032197,0.0677912256680354,0.127495830160687,0.226496062754404,3552.30797217845,1,1
943,0.5,0.493922417063903,2.26403497814198,0.801306915756325,0.769941840734401,2.22564546295797,0.0478627430985477,0.041490323996944,0.0621701081920909,0.136951337400111,0.228988497002685,3510.07951571552,1,1
944,0.5,0.552990035410266,2.38442761617942,0.698243752997057,1.09107508190729,1.74967132474783,0.0420307684465987,0.0406023871689886,0.0616612821261969,0.141907438887352,0.227303812550011,3560.42468022311,1,1
945,0.5,0.49052200504079,2.3336695711861,0.784044908571086,0.871978313021708,2.31628119724945,0.0470869665117256,0.0424532610739784,0.0641392978826123,0.134830495545016,0.227378578662874,3560.94712801246,1,1
946,0.5,0.523024491587972,2.31914191992013,0.803957880058225,0.894916203782192,2.34810169658796,0.0402910828407873,0.0426371752665943,0.0637675479890016,0.139849998766438,0.226339799609181,3570.77572739792,1,1
947,0.5,0.453603926047013,2.32309125822353,0.764682689510718,1.05609770652781,1.91527004164429,0.0535040581585062,0.0428067120026723,0.06512301220353,0.130270590771123,0.222074024940501,3562.80748093891,1,1
948,0.5,0.489826997447166,2.28723038128414,0.804221357986518,1.11806719785246,1.72771407241764,0.0493432746161656,0.0428899293092626,0.0648881257272713,0.13077096679221,0.228180725729443,3533.86079736616,1,1
949,0.5,0.497344180902634,2.29149315384086,0.841891204146228,1.04274017833419,1.96284509698247,0.0440503833059672,0.0442160390921321,0.0664057339707578,0.138447658290225,0.21899718913851,3578.26378704921,1,1
950,0.5,0.54170496200457,2.37405277879129,0.770799709295792,1.0488820918364,2.04351532910708,0.0400868488745357,0.0422774700272621,0.0625431455968993,0.134104025499219,0.225127106674733,3592.95453355623,1,1
951,0.5,0.49068116276116,2.28594495600779,0.877908223396244,1.26503065173976,1.78887470498408,0.0450419703797767,0.0446328702034005,0.0668648622976378,0.132456729468083,0.218899929290474,3595.07951821928,1,1
952,0.5,0.507996419559197,2.31279132945154,0.772749084795471,0.755999711366747,2.41251792838017,0.0451853937804378,0.0409011524133205,0.062746547539608,0.134611194479894,0.228745980262497,3523.31336921911,1,1
953,0.5,0.5068661717727,2.27996782511137,0.740222388285794,0.912860050736855,1.98481005170875,0.0476244408252693,0.042548088112803,0.0648392546168077,0.136849231346946,0.226312508128791,3499.40762013167,1,1
954,0.5,0.536741401126531,2.28907671357359,0.804782728561416,1.07993226995261,1.86244078022687,0.0434808069847277,0.0430472032092558,0.0636154583022868,0.13929717509725,0.231973195112937,3540.1744507056,1,1
955,0.5,0.493055368044117,2.36271181497613,0.743117427578561,0.868588291636056,2.31135653074512,0.0453367442859337,0.0413296882704275,0.0642531373179722,0.133102746404288,0.217855322941793,3574.22708087001,1,1
956,0.5,0.555302679811566,2.25420599731902,0.784615752662283,0.898183318309391,1.94201366756428,0.0436619221348105,0.041731336339571,0.0636369115717771,0.140137283681722,0.241079638218678,3457.32257796118,1,1
957,0.5,0.473856685651179,2.3514913604524,0.781810972882799,0.819802134399741,2.43831534023364,0.0500401039238009,0.0409529181823344,0.0638389495183815,0.131345541404005,0.243817290056165,3549.9121825877,1,1
958,0.5,0.530287030642479,2.3273407879822,0.817162757040267,0.984509981567941,2.13829112238723,0.0430642577251625,0.0419725947902394,0.0627252255557888,0.134887727827477,0.230643726770808,3570.02386406241,1,1
959,0.5,0.524642003849841,2.22417317438239,0.894087167803594,0.757762297895236,2.31354903312141,0.0451236108278715,0.0421533533852687,0.0631961765342903,0.140795035313789,0.237052150991238,3498.77144766409,1,1
960,0.5,0.526031130169838,2.24115539779811,0.809768378093724,0.99250806694755,1.78141144135563,0.0475200313084316,0.0410202491697981,0.0617346370949393,0.132573779942784,0.231470820273587,3457.38809405889,1,1
961,0.5,0.586983377061458,2.29726981476951,0.812376777905685,1.06569572974016,2.27527464231385,0.0344846807901813,0.0426170902286623,0.0644116474422694,0.144222593899849,0.24661777843474,3527.9867194919,1,1
962,0.5,0.524865667764414,2.32895686487872,0.828252365370921,1.07027666414645,2.15800349274996,0.0424566738907938,0.0446091292455836,0.067382292263713,0.132652011583446,0.234674003036185,3580.65123540703,1,1
963,0.5,0.409628675681109,2.33893190583842,0.714741616949117,0.937320307104696,1.9747625872684,0.0579179492166033,0.04070969434026,0.0643267936898978,0.129183556895052,0.214631319420857,3538.62067060308,1,1
964,0.5,0.53230201147058,2.37619547803846,0.646532782001326,0.96866130949277,2.22133967296727,0.0428995410716095,0.0423568470826896,0.0638960426347599,0.134370979854184,0.238693630523369,3537.50291939892,1,1
965,0.5,0.460899054167795,2.3912942105026,0.659175738977781,0.734169831901527,2.58046855288765,0.0508344528369391,0.0408918096047779,0.063208400712842,0.130314504478319,0.243550383452946,3526.4884423049,1,1
966,0.5,0.460101190449398,2.32004622423558,0.776623854110128,0.925426532549272,2.04187258841061,0.0512343961055595,0.0419255621064694,0.065127004641553,0.132196877570139,0.224950104601568,3537.73126228575,1,1
967,0.5,0.567216539713549,2.26482969627625,0.839955701669334,0.979576112554141,2.14965737329161,0.039386623466548,0.0425814959784917,0.0639562689406997,0.14181516936292,0.234112906386021,3524.74594032043,1,1
968,0.5,0.549866795710186,2.35994116766216,0.747368061795702,1.08959265612576,2.09885778435673,0.0394291500450545,0.0424207598915564,0.0632679485801705,0.136086073259054,0.225122716935628,3578.97250896989,1,1
969,0.5,0.498047854540854,2.34973312873,0.707187824416932,1.18746824114648,1.7373404896829,0.0465506424693673,0.0437312274704359,0.0678995681075738,0.131034098089088,0.222651423487683,3555.6988645297,1,1
970,0.5,0.463475830780597,2.33289886640994,0.80390775053983,1.14261315258194,1.79305991893137,0.0510205149868866,0.0430084259777266,0.0657260168013335,0.123063435421296,0.210009503336278,3573.30563019249,1,1
971,0.5,0.414538785430779,2.30815465423613,0.784032666163841,0.94843674578234,1.77324273562122,0.0625564686897618,0.0408540573683577,0.0635662447454355,0.127781354548753,0.220762928625906,3517.63690512279,1,1
972,0.5,0.439215486976337,2.34611822357933,0.806448863183525,1.03359451487382,1.8825450084559,0.0563503491797265,0.0414795192784857,0.0644789045175843,0.126773031534177,0.213434453381254,3572.94099384018,1,1
973,0.5,0.506297094060875,2.28520911302307,0.804311812151089,0.983980579740755,1.83799453093927,0.0470562142691481,0.0412449765457566,0.0630362948039185,0.141333459530046,0.226366404884196,3526.30322971635,1,1
974,0.5,0.49233825700693,2.29073842250005,0.814021228147821,1.05576189550956,1.81837996315119,0.0487597085960331,0.0424788505109938,0.0642778053403268,0.131928172683261,0.228732253753407,3524.79614934169,1,1
975,0.5,0.460966285192908,2.34527143232668,0.751797256068605,0.924886645160017,2.10808031824874,0.0516320495242995,0.0425960923117879,0.0640875908056297,0.131178415968842,0.216719548747903,3577.41621114199,1,1
976,0.5,0.477945019017011,2.26163280714262,0.882701307909756,0.980337834485144,1.99646059380242,0.0492481305520565,0.0436770352198842,0.0663168639772762,0.1359943176086,0.224066937086251,3546.23089091962,1,1
977,0.5,0.498434367121438,2.25652889594154,0.87361527254819,1.05902054119364,1.8100040782293,0.0497797815681172,0.043936540426019,0.0656966165129114,0.126101657038408,0.226374715086066,3519.95548327627,1,1
978,0.5,0.485747088355822,2.32251101946921,0.707410041484263,0.981760350835593,1.98193897606506,0.0491061160131713,0.0428524739268503,0.0650663764936315,0.132253429957019,0.227095560290925,3519.43176642288,1,1
979,0.5,0.478843935390904,2.26782965506911,0.879229392513591,0.96695719907601,2.05526807730531,0.0504320243070423,0.0435598621243136,0.0661598028232028,0.127394237909601,0.235948276809809,3525.40765651798,1,1
980,0.5,0.522176341379464,2.29804975890662,0.783842966333728,0.931452711917221,2.23735019723677,0.0439534961636405,0.0433796364447735,0.0657373654615635,0.136383177237057,0.236615489305439,3529.60703910624,1,1
981,0.5,0.539800757377896,2.35798295427953,0.720357213305323,0.949452290783662,2.19655749037469,0.0440877980306958,0.0426092151277139,0.0640313512999333,0.127014063784369,0.229389967152703,3526.40461232384,1,1
982,0.5,0.47924987937618,2.2357028068788,0.886753549759031,0.955144732155675,1.9729241049478,0.050815091145318,0.0429384041781482,0.0623470417377673,0.133600729331429,0.226404548629546,3527.07910324425,1,1
983,0.5,0.486012991543374,2.3280873521866,0.741287242908815,1.09704510638074,1.78497072452133,0.0501306577978035,0.0423193533516381,0.0659436076552757,0.128811578208937,0.225996797509681,3534.72820535391,1,1
984,0.5,0.470178876793728,2.25429512732302,0.846590490723515,0.984576223602217,1.75228192175696,0.0534926964004596,0.0437562373893086,0.066251650587059,0.133268508155874,0.229138403553453,3501.4755658513,1,1
985,0.5,0.571252196296732,2.22655995164908,0.914412522369822,1.04901306612516,1.78375016621012,0.0413741088584945,0.0429405061006297,0.0639115904166537,0.141040110584973,0.241211232897001,3500.71184108876,1,1
986,0.5,0.417847621277696,2.31427267478045,0.763608636262339,1.09522528871095,1.4990692568762,0.0626403878229375,0.0423260097202156,0.0650361701419108,0.123929218502537,0.212523351412983,3531.09262169749,1,1
987,0.5,0.464307431199888,2.23436386169963,0.890548162990559,0.987754211269012,1.85972570823991,0.0534712632930867,0.0422455491877607,0.0637073799350654,0.12924915585677,0.224165324277967,3504.05558146385,1,1
988,0.5,0.430164479443167,2.26903929249582,0.814727434507401,0.972645785625013,1.93143752294665,0.0565015875501887,0.0444155125053351,0.0666649528902102,0.127703874032163,0.216177575547939,3536.68522873669,1,1
989,0.5,0.561677187056971,2.23862808809966,0.923359459130016,1.36497206999417,1.44509286272292,0.0399586018515251,0.043681023774919,0.0662284463895354,0.140016807538673,0.226616202700877,3539.78202910647,1,1
990,0.5,0.52486405066179,2.26378082991483,0.815781353829866,0.86892721306953,2.13136464553873,0.0454101615854535,0.0431755345660375,0.0638376666249365,0.134451923792503,0.219505443310639,3522.82378071698,1,1
991,0.5,0.450759330529615,2.31526070801277,0.777939159317493,1.17241359501032,1.67054117441469,0.0525009879600544,0.0436225487302079,0.0666776078685874,0.126432788503512,0.210153873418955,3563.63218743738,1,1
992,0.5,0.499791697055374,2.31520102733262,0.770381790547096,1.14698310625774,1.76097757426319,0.0466530499025614,0.0434725132289606,0.0655278739575992,0.136500032574591,0.224375847361523,3552.35898858766,1,1
993,0.5,0.516202948398828,2.3249734403975,0.718842882906994,0.817334428198831,2.19658134744932,0.045228128960788,0.0414156594480113,0.0626378143783197,0.14591063592074,0.2253816167726,3551.58118046378,1,1
994,0.5,0.601964100107505,2.3247423996807,0.741428913279512,1.16412358407699,1.85256000672359,0.0351466226575585,0.0409148594655202,0.060886104719946,0.148398881052112,0.229466758491574,3535.58797601667,1,1
995,0.5,0.503618791650492,2.34367378512871,0.773575986527049,0.956125286124639,2.0355093534921,0.0479921714933392,0.0424885561340763,0.0629786716991242,0.12800135598372,0.224731484942475,3550.78238989876,1,1
996,0.5,0.560953227192197,2.27456851933207,0.906297798303643,1.28811798099532,1.75707619556316,0.0375131864655516,0.0438630109400875,0.0659683840582635,0.141920254384011,0.227669275946816,3577.79687548487,1,1
997,0.5,0.531413178816128,2.3244382199085,0.757732282520561,1.0841721233274,2.06684531686295,0.0400540584807669,0.044259717450589,0.0650052261868868,0.139216988503796,0.226956131980761,3574.87122649193,1,1
998,0.5,0.484932950522487,2.33779778661056,0.662637682448225,0.73376673093356,2.19044367548013,0.0557041362769021,0.0409278811083852,0.0641904449980594,0.135539187832903,0.247863947552915,3468.53275597641,1,1
999,0.5,0.578810632627978,2.34011145137855,0.750830601076322,1.07881901732461,2.09217659072045,0.0364156910279844,0.0418457659733524,0.062515530080991,0.140531415450487,0.233044870979942,3547.01422125118,1,1
1000,0.5,0.511856634102332,2.30968838599035,0.787848756073004,0.963959582655347,2.13721062616214,0.0466804129754781,0.042315704957529,0.0644157759724667,0.129833983694184,0.239469322629106,3521.71579459812,1,1
